time_s,mean_moisture,cumulative_loss,residual
0.0,2.549999999999996,0.0,-3.9968028886505635e-15
1.0,2.549799294048808,0.00020070595118776676,-3.9968028886505635e-15
2.0,2.5496000069034706,0.0003999930965260459,-3.1086244689504383e-15
3.0,2.549401636883952,0.0005983631160453936,-2.6645352591003757e-15
4.0,2.5492040051194373,0.000795994880559939,-2.6645352591003757e-15
5.0,2.549007008254035,0.0009929917459623183,-2.6645352591003757e-15
6.0,2.5488105765625018,0.0011894234374951805,-2.6645352591003757e-15
7.0,2.5486146588650502,0.0013853411349466541,-3.1086244689504383e-15
8.0,2.548419215512598,0.0015807844873993815,-2.6645352591003757e-15
9.0,2.548224214609974,0.00177578539002331,-2.6645352591003757e-15
10.0,2.5480296297746055,0.0019703702253910604,-3.1086244689504383e-15
11.0,2.5478354387099995,0.0021645612899970305,-3.1086244689504383e-15
12.0,2.5476416222483738,0.0023583777516235464,-2.6645352591003757e-15
13.0,2.547448163680828,0.0025518363191683086,-3.552713678800501e-15
14.0,2.547255048272724,0.0027449517272733095,-2.6645352591003757e-15
15.0,2.547062262903042,0.0029377370969549442,-3.1086244689504383e-15
16.0,2.546869795789883,0.003130204210114278,-2.6645352591003757e-15
17.0,2.546677636277108,0.0033223637228893847,-2.220446049250313e-15
18.0,2.5464857746658547,0.003514225334142938,-2.220446049250313e-15
19.0,2.546294202079276,0.003705797920720754,-3.1086244689504383e-15
20.0,2.5461029103527353,0.003897089647263441,-8.881784197001252e-16
21.0,2.5459118919433554,0.0040881080566417165,-2.6645352591003757e-15
22.0,2.54572113985503,0.004278860144967373,-2.220446049250313e-15
23.0,2.5455306475754167,0.004469352424581384,-1.7763568394002505e-15
24.0,2.5453404090226566,0.004659590977341407,-1.7763568394002505e-15
25.0,2.5451504185000355,0.004849581499962299,-1.7763568394002505e-15
26.0,2.5449606706569816,0.005039329343016505,-1.7763568394002505e-15
27.0,2.5447711604553884,0.005228839544608984,-2.220446049250313e-15
28.0,2.544581883140426,0.005418116859571889,-1.7763568394002505e-15
29.0,2.5443928342149467,0.005607165785052326,-8.881784197001252e-16
30.0,2.544204009417033,0.00579599058296503,-1.7763568394002505e-15
31.0,2.5440154047002443,0.0059845952997528516,-2.6645352591003757e-15
32.0,2.543827016216062,0.006172983783935639,-2.220446049250313e-15
33.0,2.543638840298273,0.006361159701724359,-2.6645352591003757e-15
34.0,2.5434508734490278,0.006549126550970908,-1.3322676295501878e-15
35.0,2.543263112326394,0.006736887673604244,-1.7763568394002505e-15
36.0,2.5430755537331042,0.0069244462668944335,-1.3322676295501878e-15
37.0,2.542888194606421,0.007111805393576414,-2.6645352591003757e-15
38.0,2.542701032008965,0.00729896799103179,-3.1086244689504383e-15
39.0,2.542514063120441,0.007485936879556835,-1.7763568394002505e-15
40.0,2.5423272852300576,0.007672714769940725,-1.3322676295501878e-15
41.0,2.542140695729623,0.007859304270375386,-1.3322676295501878e-15
42.0,2.541954292107239,0.008045707892759362,-1.7763568394002505e-15
43.0,2.541768071941555,0.008231928058442252,-2.220446049250313e-15
44.0,2.541582032896452,0.008417967103546158,-1.7763568394002505e-15
45.0,2.541396172716171,0.008603827283827541,-1.3322676295501878e-15
46.0,2.5412104892208127,0.008789510779185782,-1.3322676295501878e-15
47.0,2.5410249803021814,0.008975019697816729,-1.7763568394002505e-15
48.0,2.5408396439199605,0.009160356080036817,-2.6645352591003757e-15
49.0,2.540654478098161,0.009345521901837144,-1.7763568394002505e-15
50.0,2.5404694809218027,0.009530519078195042,-2.220446049250313e-15
51.0,2.540284650533857,0.009715349466140001,-2.6645352591003757e-15
52.0,2.540099985132374,0.009900014867623385,-2.220446049250313e-15
53.0,2.5399154829678237,0.010084517032174214,-1.7763568394002505e-15
54.0,2.53973114234062,0.01026885765937917,-8.881784197001252e-16
55.0,2.539546961598789,0.010453038401209331,-1.3322676295501878e-15
56.0,2.5393629391357986,0.010637060864199905,-1.3322676295501878e-15
57.0,2.539179073388509,0.010820926611488584,-2.220446049250313e-15
58.0,2.538995362835259,0.011004637164739539,-1.3322676295501878e-15
59.0,2.5388118059940656,0.011188194005932448,-1.7763568394002505e-15
60.0,2.5386284014305134,0.011371598569485445,-8.881784197001252e-16
61.0,2.53844514779818,0.011554852201818117,-1.3322676295501878e-15
62.0,2.538262043810932,0.011737956189066534,-1.3322676295501878e-15
63.0,2.5380790881289417,0.011920911871055814,-2.220446049250313e-15
64.0,2.5378962794451905,0.012103720554807343,-2.220446049250313e-15
65.0,2.53771361648252,0.012286383517478261,-1.7763568394002505e-15
66.0,2.537531097994519,0.012468902005479376,-1.3322676295501878e-15
67.0,2.537348722762583,0.012651277237414648,-2.220446049250313e-15
68.0,2.537166489595798,0.01283351040419995,-1.7763568394002505e-15
69.0,2.5369843973299995,0.013015602669999649,-8.881784197001252e-16
70.0,2.536802444826528,0.013197555173470365,-1.7763568394002505e-15
71.0,2.5366206309711994,0.01337936902879862,-1.7763568394002505e-15
72.0,2.536438954673563,0.013561045326435555,-1.3322676295501878e-15
73.0,2.536257414866143,0.013742585133855076,-1.3322676295501878e-15
74.0,2.536076010503617,0.013923989496380336,-2.220446049250313e-15
75.0,2.535894740562048,0.01410525943795136,-4.440892098500626e-16
76.0,2.535713604038124,0.014286395961874088,-1.7763568394002505e-15
77.0,2.5355325999484872,0.01446740005151135,-1.3322676295501878e-15
78.0,2.535351727329111,0.014648272670886323,-2.220446049250313e-15
79.0,2.535170985234653,0.014829014765344772,-2.220446049250313e-15
80.0,2.534990372737896,0.01500962726210151,-2.220446049250313e-15
81.0,2.534809888929169,0.01519011107082914,-1.7763568394002505e-15
82.0,2.534629532915798,0.015370467084199705,-2.220446049250313e-15
83.0,2.534449303821552,0.015550696178446753,-1.3322676295501878e-15
84.0,2.5342692007861833,0.015730799213814282,-2.220446049250313e-15
85.0,2.534089222964949,0.015910777035048836,-2.220446049250313e-15
86.0,2.533909369528108,0.016090630471890358,-1.3322676295501878e-15
87.0,2.5337296396605553,0.016270360339442593,-1.7763568394002505e-15
88.0,2.533550032561352,0.016449967438646643,-1.3322676295501878e-15
89.0,2.533370547443322,0.016629452556676923,-8.881784197001252e-16
90.0,2.5331911835326903,0.01680881646730881,-4.440892098500626e-16
91.0,2.5330119400686812,0.016988059931316406,-2.220446049250313e-15
92.0,2.5328328163031624,0.017167183696836202,-1.3322676295501878e-15
93.0,2.532653811500329,0.017346188499669766,-8.881784197001252e-16
94.0,2.5324749249363077,0.01752507506369054,-1.7763568394002505e-15
95.0,2.532296155898921,0.017703844101076702,-2.220446049250313e-15
96.0,2.532117503687316,0.017882496312682926,-8.881784197001252e-16
97.0,2.531938967611687,0.01806103238831157,-1.3322676295501878e-15
98.0,2.5317605469930147,0.01823945300698459,-4.440892098500626e-16
99.0,2.5315822411627313,0.018417758837267238,-1.3322676295501878e-15
100.0,2.531404049462522,0.01859595053747606,-1.7763568394002505e-15
101.0,2.5312259712440235,0.018774028755974587,-1.7763568394002505e-15
102.0,2.5310480058685805,0.01895199413141786,-1.3322676295501878e-15
103.0,2.5308701527070374,0.019129847292960904,-1.3322676295501878e-15
104.0,2.530692411139447,0.019307588860551683,-8.881784197001252e-16
105.0,2.530514780554932,0.019485219445066277,-1.7763568394002505e-15
106.0,2.530337260351375,0.019662739648622897,-1.7763568394002505e-15
107.0,2.530159849935305,0.01984015006469278,-1.7763568394002505e-15
108.0,2.529982548721609,0.02001745127838955,-1.3322676295501878e-15
109.0,2.529805356133407,0.020194643866591755,-1.3322676295501878e-15
110.0,2.5296282716018084,0.020371728398190226,-1.3322676295501878e-15
111.0,2.52945129456577,0.02054870543422883,-8.881784197001252e-16
112.0,2.5292744244718977,0.020725575528100573,-1.7763568394002505e-15
113.0,2.5290976607742723,0.020902339225726273,-1.3322676295501878e-15
114.0,2.5289210029342977,0.021078997065702196,0.0
115.0,2.5287444504205197,0.021255549579478956,-1.3322676295501878e-15
116.0,2.5285680027084956,0.02143199729150274,-1.3322676295501878e-15
117.0,2.5283916592806235,0.021608340719375903,-4.440892098500626e-16
118.0,2.5282154196260005,0.021784580373998316,-8.881784197001252e-16
119.0,2.528039283240286,0.021960716759712676,-8.881784197001252e-16
120.0,2.527863249620533,0.02213675037946545,-1.3322676295501878e-15
121.0,2.527687318258233,0.022312681741766056,-8.881784197001252e-16
122.0,2.5275114886424075,0.02248851135759048,-1.7763568394002505e-15
123.0,2.5273357602832403,0.022664239716759134,-4.440892098500626e-16
124.0,2.5271601327128015,0.022839867287197158,-1.3322676295501878e-15
125.0,2.5269846054648473,0.02301539453515202,-4.440892098500626e-16
126.0,2.5268091780753434,0.023190821924656664,4.440892098500626e-16
127.0,2.5266338500882393,0.0233661499117602,-4.440892098500626e-16
128.0,2.5264586210531332,0.02354137894686442,-2.220446049250313e-15
129.0,2.5262834905245004,0.023716509475498856,-4.440892098500626e-16
130.0,2.526108458061708,0.023891541938290482,-1.3322676295501878e-15
131.0,2.525933523229374,0.024066476770625008,-8.881784197001252e-16
132.0,2.5257586855972556,0.02424131440274385,-4.440892098500626e-16
133.0,2.525583944740072,0.02441605525992707,-8.881784197001252e-16
134.0,2.525409300237391,0.02459069976260716,-1.3322676295501878e-15
135.0,2.5252347516735867,0.02476524832641271,-4.440892098500626e-16
136.0,2.525060298637525,0.024939701362474555,-4.440892098500626e-16
137.0,2.524885940722785,0.025114059277212705,-2.220446049250313e-15
138.0,2.524711677527374,0.025288322472624886,-8.881784197001252e-16
139.0,2.524537508653688,0.025462491346311105,-4.440892098500626e-16
140.0,2.524363433708519,0.025636566291480055,-8.881784197001252e-16
141.0,2.524189452302911,0.02581054769708867,-4.440892098500626e-16
142.0,2.5240155640520885,0.02598443594791096,-4.440892098500626e-16
143.0,2.5238417685753545,0.026158231424645125,-4.440892098500626e-16
144.0,2.5236680654960617,0.026331934503936557,-1.7763568394002505e-15
145.0,2.5234944544415323,0.026505545558467156,-4.440892098500626e-16
146.0,2.523320935042955,0.0266790649570436,-1.3322676295501878e-15
147.0,2.523147506935388,0.026852493064610936,-8.881784197001252e-16
148.0,2.522974169757619,0.02702583024238041,-4.440892098500626e-16
149.0,2.5228009231521655,0.027199076847833556,-8.881784197001252e-16
150.0,2.5226277667651664,0.027372233234831952,-1.3322676295501878e-15
151.0,2.5224547002463535,0.027545299753646196,0.0
152.0,2.5222817232489607,0.027718276751038787,-4.440892098500626e-16
153.0,2.5221088354297043,0.02789116457029408,-1.3322676295501878e-15
154.0,2.521936036448676,0.028063963551323318,-8.881784197001252e-16
155.0,2.521763325969317,0.028236674030681665,-1.3322676295501878e-15
156.0,2.521590703658399,0.02840929634159956,-1.3322676295501878e-15
157.0,2.5214181691858704,0.02858183081412787,-1.7763568394002505e-15
158.0,2.521245722224909,0.028754277775090084,-4.440892098500626e-16
159.0,2.5210733624518413,0.028926637548157066,-1.3322676295501878e-15
160.0,2.5209010895460326,0.029098910453967203,0.0
161.0,2.5207289031899385,0.029271096810059988,-1.3322676295501878e-15
162.0,2.520556803068994,0.029443196931005312,-4.440892098500626e-16
163.0,2.520384788871549,0.029615211128450957,0.0
164.0,2.5202128602889156,0.02978713971108368,-4.440892098500626e-16
165.0,2.52004101701521,0.029958982984789627,0.0
166.0,2.5198692587473674,0.03013074125263043,-1.7763568394002505e-15
167.0,2.519697585185139,0.030302414814860918,0.0
168.0,2.519525996030943,0.0304740039690558,-1.3322676295501878e-15
169.0,2.5193544909899184,0.030645509010081864,4.440892098500626e-16
170.0,2.5191830697698654,0.03081693023013431,0.0
171.0,2.519011732081153,0.03098826791884665,-4.440892098500626e-16
172.0,2.5188404776367435,0.031159522363254623,-1.7763568394002505e-15
173.0,2.518669306152156,0.03133069384784328,-4.440892098500626e-16
174.0,2.518498217345353,0.03150178265464674,0.0
175.0,2.5183272109367936,0.03167278906320575,-4.440892098500626e-16
176.0,2.5181562866493707,0.03184371335062925,0.0
177.0,2.517985444208328,0.03201455579167127,-8.881784197001252e-16
178.0,2.5178146833424266,0.03218531665757221,-8.881784197001252e-16
179.0,2.5176440037831167,0.032355996216882496,-4.440892098500626e-16
180.0,2.5174734052639893,0.03252659473600978,-8.881784197001252e-16
181.0,2.5173028875340178,0.03269711246598141,-4.440892098500626e-16
182.0,2.517132450365315,0.03286754963468431,-4.440892098500626e-16
183.0,2.5169620934939583,0.03303790650604032,-1.3322676295501878e-15
184.0,2.51679181666252,0.033208183337478776,-1.3322676295501878e-15
185.0,2.516621619613931,0.0333783803860686,0.0
186.0,2.5164515020928917,0.0335484979071076,-4.440892098500626e-16
187.0,2.516281463847081,0.03371853615291812,-8.881784197001252e-16
188.0,2.5161115046258247,0.03388849537417384,-1.3322676295501878e-15
189.0,2.5159416241803187,0.03405837581967953,-1.3322676295501878e-15
190.0,2.515771822263794,0.03422817773620613,4.440892098500626e-16
191.0,2.5156020986317564,0.034397901368243465,0.0
192.0,2.5154324530413117,0.03456754695868721,-8.881784197001252e-16
193.0,2.5152628852518144,0.03473711474818573,4.440892098500626e-16
194.0,2.5150933950243064,0.03490660497569425,8.881784197001252e-16
195.0,2.5149239821219926,0.03507601787800713,0.0
196.0,2.514754646309565,0.03524535369043567,8.881784197001252e-16
197.0,2.514585387353869,0.03541461264612999,-8.881784197001252e-16
198.0,2.514416205023266,0.03558379497673264,-8.881784197001252e-16
199.0,2.5142470990880716,0.03575290091192773,-4.440892098500626e-16
200.0,2.5140780693202704,0.035921930679729444,0.0
201.0,2.5139091154935715,0.03609088450642784,-4.440892098500626e-16
202.0,2.5137402373834496,0.03625976261655076,4.440892098500626e-16
203.0,2.5135714347670626,0.03642856523293744,0.0
204.0,2.5134027074232357,0.03659729257676393,0.0
205.0,2.5132340551324215,0.036765944867577297,-8.881784197001252e-16
206.0,2.513065477676727,0.036934522323271865,-8.881784197001252e-16
207.0,2.5128969748398573,0.03710302516014167,-8.881784197001252e-16
208.0,2.5127285464071045,0.0372714535928946,-8.881784197001252e-16
209.0,2.5125601921653304,0.037439807834668735,-4.440892098500626e-16
210.0,2.5123919119029585,0.037608088097041144,0.0
211.0,2.5122237054099283,0.03777629459007124,-4.440892098500626e-16
212.0,2.512055572477712,0.03794442752228821,4.440892098500626e-16
213.0,2.5118875128992664,0.038112487100733526,0.0
214.0,2.511719526469032,0.038280473530967474,0.0
215.0,2.5115516129829154,0.03844838701708486,4.440892098500626e-16
216.0,2.5113837722382595,0.03861622776174098,4.440892098500626e-16
217.0,2.5112160040338476,0.03878399596615123,-8.881784197001252e-16
218.0,2.5110483081698654,0.038951691830135936,1.3322676295501878e-15
219.0,2.5108806844478804,0.03911931555211989,4.440892098500626e-16
220.0,2.510713132670854,0.03928686732914629,4.440892098500626e-16
221.0,2.510545652643131,0.0394543473568685,0.0
222.0,2.510378244170361,0.0396217558296373,-1.3322676295501878e-15
223.0,2.510210907059537,0.039789092940463386,4.440892098500626e-16
224.0,2.5100436411189784,0.039956358881022516,8.881784197001252e-16
225.0,2.5098764461583327,0.04012355384166745,4.440892098500626e-16
226.0,2.509709321988484,0.04029067801151582,0.0
227.0,2.5095422684216,0.04045773157839908,-4.440892098500626e-16
228.0,2.509375285271143,0.0406247147288563,-4.440892098500626e-16
229.0,2.50920837235181,0.040791627648189076,-8.881784197001252e-16
230.0,2.5090415294795023,0.040958470520497864,4.440892098500626e-16
231.0,2.5088747564713434,0.04112524352865614,-4.440892098500626e-16
232.0,2.5087080531457064,0.04129194685429243,-8.881784197001252e-16
233.0,2.508541419322123,0.04145858067787796,8.881784197001252e-16
234.0,2.50837485482129,0.04162514517870894,-8.881784197001252e-16
235.0,2.508208359465085,0.04179164053491323,-1.7763568394002505e-15
236.0,2.5080419330765764,0.041958066923422084,-1.3322676295501878e-15
237.0,2.507875575479922,0.04212442452007737,-4.440892098500626e-16
238.0,2.5077092865004205,0.0422907134995785,-8.881784197001252e-16
239.0,2.507543065964488,0.042456934035510645,-8.881784197001252e-16
240.0,2.5073769136992885,0.04262308630071033,-8.881784197001252e-16
241.0,2.5072108294611968,0.04278917053880296,0.0
242.0,2.507044813008213,0.042955186991787804,8.881784197001252e-16
243.0,2.506878864171122,0.04312113582887784,0.0
244.0,2.506712982783007,0.04328701721699334,4.440892098500626e-16
245.0,2.506547168677106,0.04345283132289233,-1.7763568394002505e-15
246.0,2.506381421687652,0.04361857831234752,0.0
247.0,2.506215741650018,0.0437842583499824,4.440892098500626e-16
248.0,2.5060501284006147,0.043949871599384516,-4.440892098500626e-16
249.0,2.5058845817767437,0.04411541822325661,4.440892098500626e-16
250.0,2.5057191016167137,0.044280898383285174,-8.881784197001252e-16
251.0,2.5055536877598117,0.04444631224018868,4.440892098500626e-16
252.0,2.5053883400462706,0.04461165995372928,0.0
253.0,2.5052230583172785,0.044776941682720624,-4.440892098500626e-16
254.0,2.505057842414974,0.044942157585024435,-1.3322676295501878e-15
255.0,2.5048926921824273,0.045107307817571884,-8.881784197001252e-16
256.0,2.5047276074636127,0.04527239253638607,-8.881784197001252e-16
257.0,2.504562588103487,0.04543741189651142,-1.3322676295501878e-15
258.0,2.504397633947883,0.04560236605211722,4.440892098500626e-16
259.0,2.504232744843514,0.045767255156486046,0.0
260.0,2.5040679206380916,0.04593207936190795,-4.440892098500626e-16
261.0,2.50390316118007,0.04609683881992903,-8.881784197001252e-16
262.0,2.5037384663189015,0.04626153368109842,0.0
263.0,2.5035738359049047,0.04642616409509528,0.0
264.0,2.5034092697891346,0.04659073021086347,-1.7763568394002505e-15
265.0,2.503244767823677,0.046755232176322034,-8.881784197001252e-16
266.0,2.5030803298613695,0.04691967013863018,0.0
267.0,2.5029159557558622,0.04708404424413816,4.440892098500626e-16
268.0,2.502751645361696,0.04724835463830264,-1.3322676295501878e-15
269.0,2.502587398534238,0.047412601465761116,-4.440892098500626e-16
270.0,2.502423215129651,0.047576784870348145,-8.881784197001252e-16
271.0,2.502259095004917,0.04774090499508393,8.881784197001252e-16
272.0,2.502095038017809,0.04790496198219103,4.440892098500626e-16
273.0,2.501931044026904,0.04806895597309645,4.440892098500626e-16
274.0,2.501767112891561,0.048232887108439315,4.440892098500626e-16
275.0,2.5016032444719247,0.04839675552807413,-8.881784197001252e-16
276.0,2.501439438628922,0.0485605613710774,-4.440892098500626e-16
277.0,2.5012756952242303,0.04872430477576967,0.0
278.0,2.501112014120294,0.04888798587970607,0.0
279.0,2.500948395180321,0.04905160481967854,0.0
280.0,2.500784838268255,0.04921516173174443,-4.440892098500626e-16
281.0,2.5006213432487816,0.04937865675121715,-8.881784197001252e-16
282.0,2.500457909987328,0.04954209001267122,-4.440892098500626e-16
283.0,2.5002945383500395,0.04970546164995979,-4.440892098500626e-16
284.0,2.5001312282037857,0.04986877179621415,0.0
285.0,2.4999679794161516,0.05003202058384837,0.0
286.0,2.499804791855428,0.05019520814457135,-4.440892098500626e-16
287.0,2.4996416653906084,0.05035833460939146,0.0
288.0,2.4994785998913875,0.05052140010861186,-4.440892098500626e-16
289.0,2.4993155952281483,0.05068440477185049,-8.881784197001252e-16
290.0,2.4991526512719484,0.05084734872805106,-4.440892098500626e-16
291.0,2.4989897678945225,0.05101023210547741,0.0
292.0,2.4988269449682745,0.0511730550317244,-8.881784197001252e-16
293.0,2.498664182366309,0.05133581763368992,-8.881784197001252e-16
294.0,2.498501479962366,0.05149852003763394,0.0
295.0,2.4983388376308246,0.051661162369175694,4.440892098500626e-16
296.0,2.49817625524672,0.051823744753278486,-1.3322676295501878e-15
297.0,2.498013732685733,0.05198626731426531,-1.7763568394002505e-15
298.0,2.497851269824198,0.05214873017580138,-4.440892098500626e-16
299.0,2.497688866539075,0.05231113346092333,-1.7763568394002505e-15
300.0,2.4975265227080463,0.05247347729195245,-8.881784197001252e-16
301.0,2.497364238221221,0.05263576177877967,8.881784197001252e-16
302.0,2.497202012973054,0.052797987026945256,-8.881784197001252e-16
303.0,2.4970398468422967,0.052960153157702285,-8.881784197001252e-16
304.0,2.4968777397068025,0.05312226029319751,0.0
305.0,2.4967156914486526,0.05328430855134636,-8.881784197001252e-16
306.0,2.4965537019492037,0.05344629805079444,-1.7763568394002505e-15
307.0,2.496391771089841,0.053608228910158,-8.881784197001252e-16
308.0,2.4962298987527567,0.05377010124724366,4.440892098500626e-16
309.0,2.496068084821037,0.053931915178963126,4.440892098500626e-16
310.0,2.4959063291784145,0.054093670821584124,-1.3322676295501878e-15
311.0,2.495744631708822,0.05425536829117746,-4.440892098500626e-16
312.0,2.4955829922971846,0.054417007702814595,-4.440892098500626e-16
313.0,2.495421410828309,0.05457858917169066,0.0
314.0,2.4952598871881526,0.054740112811847,0.0
315.0,2.4950984212630507,0.05490157873694852,-4.440892098500626e-16
316.0,2.4949370129399893,0.05506298706000969,-8.881784197001252e-16
317.0,2.494775662106283,0.05522433789371697,0.0
318.0,2.4946143686500153,0.05538563134998548,8.881784197001252e-16
319.0,2.4944531324597667,0.05554686754023288,0.0
320.0,2.494291953424534,0.05570804657546548,-4.440892098500626e-16
321.0,2.4941308314340382,0.055869168565961705,0.0
322.0,2.493969766378479,0.05603023362152077,-4.440892098500626e-16
323.0,2.493808758148361,0.05619124185163814,-8.881784197001252e-16
324.0,2.493647806634981,0.056352193365019676,8.881784197001252e-16
325.0,2.493486911730077,0.05651308826992298,4.440892098500626e-16
326.0,2.493326073325713,0.05667392667428797,1.3322676295501878e-15
327.0,2.4931652913146705,0.05683470868532919,0.0
328.0,2.4930045655901876,0.05699543440981092,-1.3322676295501878e-15
329.0,2.4928438960459087,0.057156103954091604,4.440892098500626e-16
330.0,2.492683282576041,0.05731671742395709,-1.3322676295501878e-15
331.0,2.4925227250752813,0.057477274924718685,0.0
332.0,2.4923622234388136,0.057637776561187036,8.881784197001252e-16
333.0,2.492201777562298,0.057798222437700636,-8.881784197001252e-16
334.0,2.4920413873418847,0.057958612658116096,8.881784197001252e-16
335.0,2.4918810526741857,0.05811894732581338,-8.881784197001252e-16
336.0,2.491720773456282,0.0582792265437174,-4.440892098500626e-16
337.0,2.4915605495857385,0.05843945041426172,4.440892098500626e-16
338.0,2.491400380960578,0.058599619039422214,0.0
339.0,2.491240267479285,0.05875973252071513,0.0
340.0,2.4910802090408004,0.05891979095919937,0.0
341.0,2.4909202055445188,0.05907979445547837,-2.6645352591003757e-15
342.0,2.490760256890294,0.05923974310970626,4.440892098500626e-16
343.0,2.4906003629784217,0.059399637021579015,8.881784197001252e-16
344.0,2.49044052370964,0.0595594762903595,-4.440892098500626e-16
345.0,2.490280738985134,0.05971926101486693,8.881784197001252e-16
346.0,2.4901210087065206,0.05987899129348,8.881784197001252e-16
347.0,2.4899613327758647,0.060038667224136054,8.881784197001252e-16
348.0,2.48980171109565,0.060198288904350174,0.0
349.0,2.489642143568793,0.0603578564312056,-8.881784197001252e-16
350.0,2.4894826300986432,0.06051736990135621,-4.440892098500626e-16
351.0,2.4893231705889654,0.06067682941103476,4.440892098500626e-16
352.0,2.489163764943944,0.06083623505605607,4.440892098500626e-16
353.0,2.489004413068182,0.06099558693181725,-8.881784197001252e-16
354.0,2.488845114866703,0.0611548851332962,-8.881784197001252e-16
355.0,2.488685870244932,0.06131412975506838,4.440892098500626e-16
356.0,2.4885266791087006,0.061473320891299164,0.0
357.0,2.4883675413642496,0.061632458635749905,-4.440892098500626e-16
358.0,2.4882084569183536,0.06179154308164501,-1.3322676295501878e-15
359.0,2.488049425680957,0.061950574319042946,0.0
360.0,2.487890447561479,0.06210955243852001,-8.881784197001252e-16
361.0,2.487731522475785,0.06226847752421474,0.0
362.0,2.487572650356082,0.062427349643917385,-4.440892098500626e-16
363.0,2.4874138311155205,0.06258616888447936,0.0
364.0,2.487255064659076,0.06274493534092404,4.440892098500626e-16
365.0,2.487096350896995,0.06290364910300474,0.0
366.0,2.4869376897401674,0.0630623102598323,0.0
367.0,2.48677908109815,0.06322091890185078,8.881784197001252e-16
368.0,2.4866205248809305,0.06337947511907079,1.3322676295501878e-15
369.0,2.4864620209995194,0.06353797900048053,0.0
370.0,2.4863035693650115,0.06369643063498863,4.440892098500626e-16
371.0,2.486145169889144,0.06385483011085535,-4.440892098500626e-16
372.0,2.4859868224835364,0.06401317751646284,-4.440892098500626e-16
373.0,2.485828527060586,0.06417147293941305,-8.881784197001252e-16
374.0,2.485670283532868,0.06432971646713186,0.0
375.0,2.4855120918134626,0.06448790818653824,8.881784197001252e-16
376.0,2.4853539518156254,0.0646460481843751,4.440892098500626e-16
377.0,2.485195863453095,0.06480413654690456,-4.440892098500626e-16
378.0,2.4850378266399487,0.06496217336005027,-8.881784197001252e-16
379.0,2.48487984129058,0.06512015870942095,1.3322676295501878e-15
380.0,2.484721907319791,0.0652780926802087,-4.440892098500626e-16
381.0,2.4845640246427236,0.06543597535727622,0.0
382.0,2.484406193174756,0.06559380682524368,0.0
383.0,2.484248412831742,0.06575158716825842,8.881784197001252e-16
384.0,2.4840906835298333,0.0659093164701673,8.881784197001252e-16
385.0,2.48393300518542,0.06606699481457966,0.0
386.0,2.483775377715349,0.06622462228465188,8.881784197001252e-16
387.0,2.4836178010367576,0.06638219896324185,-4.440892098500626e-16
388.0,2.483460275067057,0.06653972493294243,-4.440892098500626e-16
389.0,2.48330279972406,0.06669720027594027,4.440892098500626e-16
390.0,2.483145374925883,0.06685462507411695,4.440892098500626e-16
391.0,2.4829880005908906,0.06701199940911003,8.881784197001252e-16
392.0,2.482830676637881,0.06716932336211966,8.881784197001252e-16
393.0,2.4826734029859447,0.06732659701405502,0.0
394.0,2.482516179554503,0.06748382044549674,0.0
395.0,2.482359006263126,0.06764099373687334,-8.881784197001252e-16
396.0,2.482201883031913,0.0677981169680867,-4.440892098500626e-16
397.0,2.482044809781215,0.06795519021878338,-1.3322676295501878e-15
398.0,2.481887786431711,0.06811221356829002,8.881784197001252e-16
399.0,2.481730812904188,0.06826918709581227,4.440892098500626e-16
400.0,2.481573889119963,0.06842611088003649,-4.440892098500626e-16
401.0,2.481417015000622,0.0685829849993784,4.440892098500626e-16
402.0,2.4812601904680447,0.06873980953195448,-4.440892098500626e-16
403.0,2.4811034154442595,0.06889658455574163,1.3322676295501878e-15
404.0,2.4809466898517387,0.06905331014826141,4.440892098500626e-16
405.0,2.4807900136132663,0.06920998638673384,4.440892098500626e-16
406.0,2.480633386651901,0.06936661334809822,-8.881784197001252e-16
407.0,2.480476808890896,0.06952319110910346,-4.440892098500626e-16
408.0,2.480320280253854,0.06967971974614531,-4.440892098500626e-16
409.0,2.480163800664696,0.06983619933530473,8.881784197001252e-16
410.0,2.480007370047599,0.06999262995240053,-4.440892098500626e-16
411.0,2.4798509883270436,0.07014901167295501,-1.3322676295501878e-15
412.0,2.4796946554277866,0.0703053445722149,1.7763568394002505e-15
413.0,2.479538371274848,0.07046162872515262,8.881784197001252e-16
414.0,2.4793821357935424,0.07061786420645728,0.0
415.0,2.47922594890946,0.07077405109054094,8.881784197001252e-16
416.0,2.4790698105491153,0.07093018945088549,8.881784197001252e-16
417.0,2.4789137206390164,0.07108627936098422,8.881784197001252e-16
418.0,2.4787576791056942,0.07124232089430481,-8.881784197001252e-16
419.0,2.478601685876235,0.07139831412376449,0.0
420.0,2.4784457408780627,0.07155425912193689,-4.440892098500626e-16
421.0,2.4782898440433945,0.07171015595660649,1.3322676295501878e-15
422.0,2.4781339953179495,0.07186600468205012,0.0
423.0,2.4779781946321475,0.07202180536785296,8.881784197001252e-16
424.0,2.477822441910802,0.07217755808919814,4.440892098500626e-16
425.0,2.4776667370831458,0.0723332629168543,4.440892098500626e-16
426.0,2.4775110800783797,0.07248891992162122,1.3322676295501878e-15
427.0,2.4773554708247363,0.07264452917526402,4.440892098500626e-16
428.0,2.4771999092509787,0.07280009074902195,8.881784197001252e-16
429.0,2.477044395286436,0.07295560471356327,-8.881784197001252e-16
430.0,2.4768889288607485,0.07311107113925068,-4.440892098500626e-16
431.0,2.4767335099036796,0.07326649009631947,-8.881784197001252e-16
432.0,2.476578138345167,0.07342186165483315,0.0
433.0,2.476422814115461,0.07357718588454051,1.7763568394002505e-15
434.0,2.476267537144972,0.07373246285502749,-4.440892098500626e-16
435.0,2.476112307364476,0.07388769263552428,4.440892098500626e-16
436.0,2.475957124704842,0.07404287529515985,2.220446049250313e-15
437.0,2.4758019890975227,0.07419801090247814,8.881784197001252e-16
438.0,2.475646900473849,0.07435309952615138,4.440892098500626e-16
439.0,2.4754918587655466,0.0745081412344546,1.3322676295501878e-15
440.0,2.4753368639046056,0.07466313609539382,-4.440892098500626e-16
441.0,2.4751819158232364,0.07481808417676387,4.440892098500626e-16
442.0,2.475027014453851,0.07497298554614978,8.881784197001252e-16
443.0,2.4748721597291743,0.0751278402708247,-8.881784197001252e-16
444.0,2.4747173515821586,0.07528264841784224,8.881784197001252e-16
445.0,2.474562589945848,0.0754374100541518,0.0
446.0,2.4744078747536844,0.07559212524631545,0.0
447.0,2.474253205939293,0.07574679406070614,-4.440892098500626e-16
448.0,2.4740985834364766,0.0759014165635235,4.440892098500626e-16
449.0,2.4739440071792775,0.0760559928207222,0.0
450.0,2.4737894771020112,0.07621052289798934,8.881784197001252e-16
451.0,2.4736349931391866,0.07636500686081402,8.881784197001252e-16
452.0,2.4734805552255055,0.07651944477449364,-8.881784197001252e-16
453.0,2.4733261632959493,0.07667383670404995,-4.440892098500626e-16
454.0,2.4731718172857033,0.07682818271429592,-4.440892098500626e-16
455.0,2.4730175171301094,0.07698248286989053,0.0
456.0,2.4728632627648146,0.077136737235185,0.0
457.0,2.472709054125672,0.07729094587432866,8.881784197001252e-16
458.0,2.4725548911487505,0.07744510885125076,1.3322676295501878e-15
459.0,2.4724007737703078,0.07759922622969155,-4.440892098500626e-16
460.0,2.472246701926739,0.07775329807325983,-8.881784197001252e-16
461.0,2.472092675554812,0.07790732444518665,-1.3322676295501878e-15
462.0,2.4719386945914534,0.07806130540854579,-4.440892098500626e-16
463.0,2.4717847589738087,0.0782152410261917,4.440892098500626e-16
464.0,2.4716308686391226,0.07836913136087681,-4.440892098500626e-16
465.0,2.4714770235249035,0.07852297647509626,0.0
466.0,2.4713232235689544,0.07867677643104523,0.0
467.0,2.4711694687092436,0.07883053129075554,-8.881784197001252e-16
468.0,2.4710157588839534,0.07898424111604567,-8.881784197001252e-16
469.0,2.4708620940312773,0.07913790596872183,-8.881784197001252e-16
470.0,2.4707084740898604,0.07929152591013988,4.440892098500626e-16
471.0,2.4705548989984782,0.07944510100152156,0.0
472.0,2.470401368696113,0.07959863130388739,4.440892098500626e-16
473.0,2.470247883121913,0.07975211687808637,-4.440892098500626e-16
474.0,2.47009444221515,0.07990555778484909,-8.881784197001252e-16
475.0,2.469941045915428,0.08005895408457207,0.0
476.0,2.4697876941624917,0.08021230583750909,8.881784197001252e-16
477.0,2.46963438689628,0.08036561310371937,-4.440892098500626e-16
478.0,2.469481124056939,0.0805188759430607,0.0
479.0,2.469327905584809,0.08067209441519019,-4.440892098500626e-16
480.0,2.469174731421882,0.0808252685781185,4.440892098500626e-16
481.0,2.4690216015376807,0.08097839846231858,-4.440892098500626e-16
482.0,2.4688685159096417,0.0811314840903601,2.220446049250313e-15
483.0,2.4687154744782456,0.08128452552175468,4.440892098500626e-16
484.0,2.468562477182558,0.08143752281744243,4.440892098500626e-16
485.0,2.4684095239657724,0.08159047603422714,-4.440892098500626e-16
486.0,2.468256614768554,0.08174338523144442,-1.3322676295501878e-15
487.0,2.468103749532127,0.08189625046787254,0.0
488.0,2.467950928198698,0.08204907180130146,-4.440892098500626e-16
489.0,2.4677981507104185,0.08220184928958144,0.0
490.0,2.4676454170095425,0.08235458299045671,-4.440892098500626e-16
491.0,2.467492727038363,0.08250727296163765,8.881784197001252e-16
492.0,2.4673400807396026,0.08265991926039722,0.0
493.0,2.467187478055867,0.08281252194413354,4.440892098500626e-16
494.0,2.4670349189302927,0.08296508106970898,1.7763568394002505e-15
495.0,2.4668824033058527,0.08311759669414706,0.0
496.0,2.46672993112611,0.08327006887388867,-1.3322676295501878e-15
497.0,2.466577502334482,0.08342249766551843,4.440892098500626e-16
498.0,2.466425116874665,0.08357488312533627,1.7763568394002505e-15
499.0,2.4662727746905664,0.08372722530943323,0.0
500.0,2.466120475726238,0.08387952427376266,8.881784197001252e-16
501.0,2.4659682199259243,0.0840317800740754,0.0
502.0,2.4658160072340625,0.08418399276593662,-8.881784197001252e-16
503.0,2.4656638375952,0.08433616240479881,-8.881784197001252e-16
504.0,2.4655117109541114,0.0844882890458887,4.440892098500626e-16
505.0,2.465359627255733,0.08464037274426765,8.881784197001252e-16
506.0,2.4652075864451253,0.08479241355487524,8.881784197001252e-16
507.0,2.465055588467566,0.08494441153243412,0.0
508.0,2.4649036332684866,0.0850963667315129,-4.440892098500626e-16
509.0,2.46475172079347,0.0852482792065311,1.3322676295501878e-15
510.0,2.4645998509882805,0.08540014901171973,4.440892098500626e-16
511.0,2.4644480237988438,0.08555197620115584,0.0
512.0,2.4642962391712278,0.08570376082877325,1.3322676295501878e-15
513.0,2.464144497051703,0.08585550294829737,4.440892098500626e-16
514.0,2.4639927973866973,0.08600720261330291,4.440892098500626e-16
515.0,2.463841140122802,0.08615885987719762,0.0
516.0,2.4636895252067417,0.08631047479325767,-4.440892098500626e-16
517.0,2.4635379525853653,0.08646204741463395,-4.440892098500626e-16
518.0,2.463386422205786,0.086613577794216,2.220446049250313e-15
519.0,2.46323493401523,0.08676506598477042,4.440892098500626e-16
520.0,2.463083487961101,0.08691651203889977,8.881784197001252e-16
521.0,2.4629320839908844,0.0870679160091156,0.0
522.0,2.462780722052222,0.08721927794777781,0.0
523.0,2.462629402093019,0.0873705979069817,8.881784197001252e-16
524.0,2.4624781240612865,0.08752187593871302,-4.440892098500626e-16
525.0,2.462326887905202,0.08767311209479771,-4.440892098500626e-16
526.0,2.4621756935730015,0.08782430642699927,8.881784197001252e-16
527.0,2.4620245410131205,0.08797545898688006,8.881784197001252e-16
528.0,2.461873430174217,0.08812656982578297,0.0
529.0,2.461722361005065,0.08827763899493503,0.0
530.0,2.461571333454592,0.08842866654540772,0.0
531.0,2.461420347471792,0.0885796525282072,-4.440892098500626e-16
532.0,2.4612694030058764,0.08873059699412449,8.881784197001252e-16
533.0,2.461118500006213,0.08888149999378796,8.881784197001252e-16
534.0,2.4609676384223023,0.08903236157769828,8.881784197001252e-16
535.0,2.460816818203789,0.08918318179621022,-4.440892098500626e-16
536.0,2.4606660393003215,0.08933396069967824,0.0
537.0,2.460515301661829,0.08948469833817084,0.0
538.0,2.460364605238349,0.08963539476165171,8.881784197001252e-16
539.0,2.4602139499800337,0.08978605001996477,-1.3322676295501878e-15
540.0,2.4600633358371766,0.08993666416282375,4.440892098500626e-16
541.0,2.45991276275588,0.09008723724412039,4.440892098500626e-16
542.0,2.4597622306789937,0.09023776932100713,8.881784197001252e-16
543.0,2.459611739555052,0.09038826044494791,0.0
544.0,2.459461289336333,0.09053871066366814,8.881784197001252e-16
545.0,2.4593108799752237,0.09068912002477808,1.7763568394002505e-15
546.0,2.4591605114227475,0.09083948857725194,-4.440892098500626e-16
547.0,2.4590101836297804,0.09098981637021863,-8.881784197001252e-16
548.0,2.4588598965473527,0.09114010345264693,0.0
549.0,2.4587096501272905,0.09129034987270966,4.440892098500626e-16
550.0,2.4585594443216294,0.09144055567837042,0.0
551.0,2.4584092790823733,0.09159072091762646,0.0
552.0,2.458259154361572,0.09174084563842734,-4.440892098500626e-16
553.0,2.4581090701115733,0.0918909298884278,1.3322676295501878e-15
554.0,2.4579590262844793,0.0920409737155213,8.881784197001252e-16
555.0,2.457809022832725,0.09219097716727548,8.881784197001252e-16
556.0,2.4576590597091044,0.09234094029089723,1.7763568394002505e-15
557.0,2.457509136865821,0.0924908631341787,-4.440892098500626e-16
558.0,2.4573592542563953,0.09264074574360454,0.0
559.0,2.4572094118332806,0.09279058816672019,8.881784197001252e-16
560.0,2.45705960954958,0.09294039045042025,4.440892098500626e-16
561.0,2.456909847358879,0.09309015264112157,8.881784197001252e-16
562.0,2.4567601252143874,0.09323987478561255,0.0
563.0,2.456610443069498,0.09338955693050241,4.440892098500626e-16
564.0,2.456460800877897,0.09353919912210197,-4.440892098500626e-16
565.0,2.4563111985933523,0.09368880140664788,4.440892098500626e-16
566.0,2.4561616361697567,0.09383836383024348,4.440892098500626e-16
567.0,2.4560121135610915,0.0939878864389078,-4.440892098500626e-16
568.0,2.4558626307214544,0.09413736927854523,0.0
569.0,2.455713187605148,0.09428681239485147,-4.440892098500626e-16
570.0,2.4555637841665705,0.0944362158334283,-8.881784197001252e-16
571.0,2.455414420360252,0.09458557963974784,0.0
572.0,2.4552650961407068,0.09473490385929294,0.0
573.0,2.4551158114627345,0.09488418853726578,4.440892098500626e-16
574.0,2.4549665662812235,0.09503343371877745,8.881784197001252e-16
575.0,2.4548173605511754,0.09518263944882412,-4.440892098500626e-16
576.0,2.4546681942276916,0.09533180577230764,-4.440892098500626e-16
577.0,2.4545190672659425,0.09548093273405815,8.881784197001252e-16
578.0,2.4543699796213185,0.09563002037868178,4.440892098500626e-16
579.0,2.4542209312492953,0.09577906875070408,-4.440892098500626e-16
580.0,2.4540719221054705,0.09592807789452899,-4.440892098500626e-16
581.0,2.453922952145512,0.09607704785448837,8.881784197001252e-16
582.0,2.4537740213252444,0.0962259786747549,-4.440892098500626e-16
583.0,2.453625129600626,0.09637487039937341,-4.440892098500626e-16
584.0,2.45347627692772,0.09652372307227998,4.440892098500626e-16
585.0,2.4533274632627,0.0966725367373011,1.3322676295501878e-15
586.0,2.4531786885618065,0.09682131143819382,4.440892098500626e-16
587.0,2.4530299527814816,0.09697004721851846,4.440892098500626e-16
588.0,2.452881255878252,0.0971187441217477,0.0
589.0,2.4527325978087635,0.09726740219123625,0.0
590.0,2.4525839785297645,0.09741602147023504,-4.440892098500626e-16
591.0,2.4524353979980518,0.09756460200194761,-4.440892098500626e-16
592.0,2.4522868561706486,0.09771314382935095,-4.440892098500626e-16
593.0,2.4521383530046497,0.0978616469953491,-8.881784197001252e-16
594.0,2.4519898884572693,0.09801011154273043,0.0
595.0,2.451841462485815,0.09815853751418381,-8.881784197001252e-16
596.0,2.4516930750476367,0.09830692495236305,0.0
597.0,2.4515447261003165,0.09845527389968235,-8.881784197001252e-16
598.0,2.451396415601509,0.0986035843984916,8.881784197001252e-16
599.0,2.4512481435089715,0.09875185649102766,-8.881784197001252e-16
600.0,2.451099909778667,0.09890009022133303,4.440892098500626e-16
601.0,2.450951714282137,0.09904828571786342,4.440892098500626e-16
602.0,2.4508035568768927,0.09919644312310641,-8.881784197001252e-16
603.0,2.4506554375287117,0.09934456247128791,0.0
604.0,2.450507356195441,0.09949264380455948,8.881784197001252e-16
605.0,2.4503593128354755,0.09964068716452362,-8.881784197001252e-16
606.0,2.4502113074078657,0.0997886925921354,1.3322676295501878e-15
607.0,2.450063339871838,0.09993666012816196,0.0
608.0,2.4499154101866494,0.10008458981335046,0.0
609.0,2.4497675183115812,0.10023248168841738,-1.3322676295501878e-15
610.0,2.4496196642059473,0.10038033579405187,-4.440892098500626e-16
611.0,2.449471847829199,0.10052815217080117,0.0
612.0,2.4493240691407974,0.1006759308592016,-8.881784197001252e-16
613.0,2.4491763281003394,0.10082367189966143,8.881784197001252e-16
614.0,2.449028624667536,0.10097137533246349,0.0
615.0,2.448880958802145,0.10111904119785475,0.0
616.0,2.4487333304640204,0.10126666953597936,0.0
617.0,2.4485857396131134,0.1014142603868863,0.0
618.0,2.4484381862094766,0.10156181379052213,-8.881784197001252e-16
619.0,2.4482906702132463,0.10170932978675294,-4.440892098500626e-16
620.0,2.448143191584652,0.10185680841534765,0.0
621.0,2.4479957502840164,0.10200424971598342,0.0
622.0,2.447848346271755,0.1021516537282464,1.3322676295501878e-15
623.0,2.4477009795083684,0.10229902049163121,0.0
624.0,2.4475536499544597,0.10244635004553956,-4.440892098500626e-16
625.0,2.44740635757072,0.10259364242928072,8.881784197001252e-16
626.0,2.447259102317927,0.10274089768207247,-4.440892098500626e-16
627.0,2.447111884156961,0.1028881158430379,-8.881784197001252e-16
628.0,2.4469647030487907,0.10303529695120937,0.0
629.0,2.4468175589544727,0.10318244104552761,4.440892098500626e-16
630.0,2.4466704518351583,0.10332954816484057,-8.881784197001252e-16
631.0,2.446523381652096,0.10347661834790327,-4.440892098500626e-16
632.0,2.446376348366622,0.1036236516333791,1.3322676295501878e-15
633.0,2.446229351940161,0.10377064805983909,0.0
634.0,2.4460823923342385,0.10391760766576212,8.881784197001252e-16
635.0,2.4459354695104563,0.10406453048954367,0.0
636.0,2.445788583430524,0.10421141656947704,1.3322676295501878e-15
637.0,2.445641734056234,0.10435826594376711,1.3322676295501878e-15
638.0,2.445494921349471,0.10450507865052937,4.440892098500626e-16
639.0,2.4453481452721983,0.10465185472780157,0.0
640.0,2.4452014057864884,0.10479859421351206,4.440892098500626e-16
641.0,2.4450547028544944,0.10494529714550462,-8.881784197001252e-16
642.0,2.4449080364384623,0.10509196356153774,4.440892098500626e-16
643.0,2.4447614065007075,0.1052385934992906,-1.7763568394002505e-15
644.0,2.4446148130036653,0.1053851869963338,-8.881784197001252e-16
645.0,2.444468255909845,0.10553174409015491,0.0
646.0,2.444321735181835,0.1056782648181653,4.440892098500626e-16
647.0,2.4441752507823113,0.10582474921768947,8.881784197001252e-16
648.0,2.444028802674059,0.10597119732594146,8.881784197001252e-16
649.0,2.443882390819945,0.10611760918005617,1.3322676295501878e-15
650.0,2.4437360151829206,0.10626398481707931,0.0
651.0,2.44358967572601,0.10641032427398937,-4.440892098500626e-16
652.0,2.443443372412319,0.10655662758768057,-4.440892098500626e-16
653.0,2.443297105205074,0.10670289479492519,-8.881784197001252e-16
654.0,2.4431508740675754,0.10684912593242364,-8.881784197001252e-16
655.0,2.4430046789632103,0.10699532103678844,-8.881784197001252e-16
656.0,2.442858519855439,0.10714148014456021,-8.881784197001252e-16
657.0,2.442712396707797,0.10728760329220344,8.881784197001252e-16
658.0,2.4425663094839285,0.10743369051607138,0.0
659.0,2.442420258147558,0.1075797418524419,0.0
660.0,2.442274242662635,0.10772575733736435,-4.440892098500626e-16
661.0,2.4421282630170262,0.10787173698297398,4.440892098500626e-16
662.0,2.441982319205141,0.1080176807948592,4.440892098500626e-16
663.0,2.441836411190019,0.10816358880998012,-8.881784197001252e-16
664.0,2.441690538933014,0.10830946106698658,8.881784197001252e-16
665.0,2.4415447023995114,0.10845529760048885,4.440892098500626e-16
666.0,2.4413989015538484,0.10860109844615137,0.0
667.0,2.4412531363601087,0.10874686363989228,8.881784197001252e-16
668.0,2.441107406782585,0.10889259321741598,1.3322676295501878e-15
669.0,2.440961712785651,0.10903828721434894,0.0
670.0,2.440816054333802,0.10918394566619952,1.7763568394002505e-15
671.0,2.4406704313916037,0.10932956860839614,0.0
672.0,2.440524843923799,0.10947515607620036,-4.440892098500626e-16
673.0,2.4403792918950855,0.10962070810491367,-4.440892098500626e-16
674.0,2.440233775270395,0.10976622472960498,4.440892098500626e-16
675.0,2.4400882940146618,0.10991170598533856,4.440892098500626e-16
676.0,2.43994284809287,0.11005715190712888,-8.881784197001252e-16
677.0,2.4397974374701445,0.11020256252985608,8.881784197001252e-16
678.0,2.43965206211167,0.11034793788833037,8.881784197001252e-16
679.0,2.439506721982714,0.11049327801728591,0.0
680.0,2.439361417048634,0.11063858295136518,-4.440892098500626e-16
681.0,2.439216147274862,0.11078385272513686,-8.881784197001252e-16
682.0,2.4390709126269066,0.11092908737309488,1.7763568394002505e-15
683.0,2.438925713070359,0.11107428692964094,0.0
684.0,2.438780548570891,0.1112194514291095,4.440892098500626e-16
685.0,2.4386354190942447,0.11136458090575461,-4.440892098500626e-16
686.0,2.438490324606255,0.11150967539374525,4.440892098500626e-16
687.0,2.4383452650728175,0.11165473492718217,0.0
688.0,2.4382002404599175,0.11179975954008194,-4.440892098500626e-16
689.0,2.4380552507336155,0.11194474926638426,0.0
690.0,2.4379102958600334,0.1120897041399658,-4.440892098500626e-16
691.0,2.4377653758053954,0.11223462419460428,0.0
692.0,2.437620490535993,0.11237950946400721,4.440892098500626e-16
693.0,2.437475640018197,0.1125243599818041,1.3322676295501878e-15
694.0,2.4373308242184493,0.11266917578154995,-4.440892098500626e-16
695.0,2.437186043103237,0.11281395689676274,0.0
696.0,2.437041296639175,0.1129587033608252,0.0
697.0,2.436896584792936,0.11310341520706489,8.881784197001252e-16
698.0,2.4367519075312685,0.11324809246873255,1.3322676295501878e-15
699.0,2.4366072648209927,0.1133927351790069,-4.440892098500626e-16
700.0,2.436462656628951,0.11353734337104943,4.440892098500626e-16
701.0,2.4363180829221385,0.11368191707786147,0.0
702.0,2.4361735436675995,0.11382645633240072,4.440892098500626e-16
703.0,2.436029038832451,0.11397096116754957,8.881784197001252e-16
704.0,2.4358845683838806,0.11411543161612006,8.881784197001252e-16
705.0,2.435740132289091,0.1142598677109089,0.0
706.0,2.4355957305154465,0.11440426948455383,4.440892098500626e-16
707.0,2.43545136303035,0.11454863696965067,8.881784197001252e-16
708.0,2.4353070298012782,0.11469297019872157,0.0
709.0,2.4351627307957804,0.11483726920421934,0.0
710.0,2.435018465981425,0.1149815340185757,8.881784197001252e-16
711.0,2.4348742353259247,0.11512576467407527,0.0
712.0,2.434730038797041,0.11526996120295828,-4.440892098500626e-16
713.0,2.4345858763626085,0.11541412363739265,1.3322676295501878e-15
714.0,2.4344417479905216,0.11555825200947806,0.0
715.0,2.43429765364871,0.11570234635128981,0.0
716.0,2.434153593305236,0.11584640669476402,0.0
717.0,2.4340095669282085,0.11599043307179122,0.0
718.0,2.43386557448581,0.11613442551419093,8.881784197001252e-16
719.0,2.433721615946287,0.11627838405371221,-4.440892098500626e-16
720.0,2.433577691280133,0.11642230871986677,-4.440892098500626e-16
721.0,2.433433800483541,0.11656619951645751,-1.3322676295501878e-15
722.0,2.433289943559796,0.11671005644020413,0.0
723.0,2.433146120481646,0.11685387951835392,0.0
724.0,2.433002331212509,0.11699766878749056,0.0
725.0,2.432858575721215,0.11714142427878498,4.440892098500626e-16
726.0,2.4327148539769183,0.11728514602308063,-8.881784197001252e-16
727.0,2.432571165948505,0.11742883405149523,4.440892098500626e-16
728.0,2.432427511604579,0.11757248839542019,-8.881784197001252e-16
729.0,2.4322838909138778,0.11771610908612108,-8.881784197001252e-16
730.0,2.4321403038451637,0.11785969615483839,2.220446049250313e-15
731.0,2.431996750367338,0.11800324963266236,4.440892098500626e-16
732.0,2.431853230449391,0.11814676955060947,4.440892098500626e-16
733.0,2.4317097440603654,0.1182902559396353,8.881784197001252e-16
734.0,2.4315662911693865,0.11843370883061193,-1.3322676295501878e-15
735.0,2.431422871745675,0.1185771282543247,0.0
736.0,2.4312794857585005,0.11872051424149839,-8.881784197001252e-16
737.0,2.4311361331771892,0.11886386682281012,-4.440892098500626e-16
738.0,2.4309928139711636,0.11900718602883625,0.0
739.0,2.430849528109874,0.1191504718901268,8.881784197001252e-16
740.0,2.4307062755628612,0.1192937244371382,-4.440892098500626e-16
741.0,2.430563056299728,0.11943694370027172,-4.440892098500626e-16
742.0,2.4304198702901383,0.11958012970986188,4.440892098500626e-16
743.0,2.4302767175038245,0.11972328249617405,-1.3322676295501878e-15
744.0,2.430133597910593,0.11986640208940705,4.440892098500626e-16
745.0,2.4299905114803013,0.12000948851969868,0.0
746.0,2.4298474581828806,0.12015254181711885,-4.440892098500626e-16
747.0,2.4297044379883226,0.12029556201167561,-1.7763568394002505e-15
748.0,2.4295614508666854,0.12043854913331335,-8.881784197001252e-16
749.0,2.4294184967880947,0.12058150321190474,-4.440892098500626e-16
750.0,2.4292755757227416,0.12072442427725973,1.3322676295501878e-15
751.0,2.429132687640865,0.12086731235913463,0.0
752.0,2.428989832512772,0.12101016748722818,4.440892098500626e-16
753.0,2.428847010308844,0.12115298969115448,-1.3322676295501878e-15
754.0,2.4287042209995278,0.12129577900047211,0.0
755.0,2.4285614645553117,0.12143853544468794,0.0
756.0,2.4284187409467455,0.121581259053255,4.440892098500626e-16
757.0,2.4282760501444605,0.12172394985553953,0.0
758.0,2.4281333921191446,0.12186660788085503,0.0
759.0,2.427990766841539,0.12200923315846166,8.881784197001252e-16
760.0,2.427848174282434,0.12215182571756632,4.440892098500626e-16
761.0,2.427705614412706,0.12229438558729418,4.440892098500626e-16
762.0,2.4275630872032843,0.12243691279671706,1.3322676295501878e-15
763.0,2.4274205926251438,0.1225794073748553,-8.881784197001252e-16
764.0,2.427278130649324,0.12272186935067628,4.440892098500626e-16
765.0,2.4271357012469377,0.12286429875306254,4.440892098500626e-16
766.0,2.4269933043891543,0.1230066956108463,8.881784197001252e-16
767.0,2.4268509400472005,0.12314905995279891,-4.440892098500626e-16
768.0,2.4267086081923543,0.1232913918076455,0.0
769.0,2.4265663087959375,0.12343369120406271,4.440892098500626e-16
770.0,2.4264240418293674,0.12357595817063274,4.440892098500626e-16
771.0,2.4262818072641075,0.12371819273589311,8.881784197001252e-16
772.0,2.426139605071679,0.12386039492832149,8.881784197001252e-16
773.0,2.425997435223647,0.12400256477635245,-4.440892098500626e-16
774.0,2.4258552976916246,0.12414470230837489,-4.440892098500626e-16
775.0,2.4257131924473208,0.12428680755267943,4.440892098500626e-16
776.0,2.425571119462484,0.12442888053751533,-4.440892098500626e-16
777.0,2.425429078708926,0.12457092129107322,-8.881784197001252e-16
778.0,2.4252870701585105,0.12471292984148993,4.440892098500626e-16
779.0,2.4251450937831396,0.12485490621686059,4.440892098500626e-16
780.0,2.4250031495560456,0.12499685044395423,0.0
781.0,2.4248612375382925,0.1251387624617082,8.881784197001252e-16
782.0,2.4247193577984656,0.12528064220153493,8.881784197001252e-16
783.0,2.424577510302959,0.12542248969704053,0.0
784.0,2.4244356950256574,0.1255643049743424,0.0
785.0,2.4242939119378386,0.1257060880621608,-4.440892098500626e-16
786.0,2.4241521610110137,0.12584783898898672,4.440892098500626e-16
787.0,2.4240104422170106,0.12598955778298912,0.0
788.0,2.4238687555278062,0.12613124447219334,-4.440892098500626e-16
789.0,2.423727100915458,0.1262728990845424,8.881784197001252e-16
790.0,2.423585478352056,0.12641452164794317,-8.881784197001252e-16
791.0,2.4234438878098015,0.12655611219019672,-1.7763568394002505e-15
792.0,2.4233023292609004,0.1266976707390997,4.440892098500626e-16
793.0,2.4231608026777263,0.12683919732227505,1.3322676295501878e-15
794.0,2.423019308032626,0.12698069196737527,1.7763568394002505e-15
795.0,2.422877845298117,0.12712215470188334,4.440892098500626e-16
796.0,2.422736414446702,0.1272635855532989,8.881784197001252e-16
797.0,2.422595015450986,0.12740498454901375,0.0
798.0,2.4224536482836316,0.12754635171636744,-8.881784197001252e-16
799.0,2.4223123129173647,0.12768768708263487,-4.440892098500626e-16
800.0,2.422171009324977,0.12782899067502276,0.0
801.0,2.4220297374793036,0.1279702625206957,-4.440892098500626e-16
802.0,2.4218884973532617,0.12811150264673826,0.0
803.0,2.421747288919805,0.12825271108019498,0.0
804.0,2.4216061121519594,0.12839388784804112,8.881784197001252e-16
805.0,2.421464967022803,0.12853503297719754,8.881784197001252e-16
806.0,2.4213238535054704,0.12867614649453,4.440892098500626e-16
807.0,2.4211827715731555,0.12881722842684393,-4.440892098500626e-16
808.0,2.4210417211991038,0.12895827880089605,0.0
809.0,2.4209007023566254,0.12909929764337516,8.881784197001252e-16
810.0,2.4207597150190843,0.12924028498091616,4.440892098500626e-16
811.0,2.4206187591598973,0.12938124084010283,4.440892098500626e-16
812.0,2.420477834752522,0.1295221652474775,0.0
813.0,2.420336941770498,0.12966305822950197,0.0
814.0,2.4201960801874085,0.1298039198125907,-4.440892098500626e-16
815.0,2.4200552499768855,0.1299447500231138,-4.440892098500626e-16
816.0,2.4199144511126005,0.13008554888739898,-4.440892098500626e-16
817.0,2.4197736835683066,0.13022631643169244,-8.881784197001252e-16
818.0,2.419632947317804,0.13036705268219642,8.881784197001252e-16
819.0,2.4194922423349277,0.1305077576650721,0.0
820.0,2.4193515685935694,0.1306484314064312,8.881784197001252e-16
821.0,2.4192109260676866,0.13078907393231387,8.881784197001252e-16
822.0,2.4190703147312846,0.13092968526871504,0.0
823.0,2.418929734558411,0.13107026544158937,4.440892098500626e-16
824.0,2.4187891855231634,0.13121081447683638,0.0
825.0,2.4186486675997063,0.13135133240029398,4.440892098500626e-16
826.0,2.418508180762247,0.1314918192377528,0.0
827.0,2.418367724985029,0.13163227501497082,0.0
828.0,2.4182273002423615,0.13177269975763892,4.440892098500626e-16
829.0,2.418086906508608,0.13191309349139219,4.440892098500626e-16
830.0,2.4179465437581813,0.13205345624181913,4.440892098500626e-16
831.0,2.417806211965544,0.13219378803445694,8.881784197001252e-16
832.0,2.4176659111051793,0.1323340888948211,4.440892098500626e-16
833.0,2.4175256411516477,0.13247435884835254,4.440892098500626e-16
834.0,2.4173854020795638,0.13261459792043526,-8.881784197001252e-16
835.0,2.417245193863589,0.13275480613641027,-4.440892098500626e-16
836.0,2.4171050164784313,0.13289498352156823,-4.440892098500626e-16
837.0,2.4169648698988384,0.13303513010116266,1.3322676295501878e-15
838.0,2.4168247540995993,0.1331752459004015,8.881784197001252e-16
839.0,2.416684669055561,0.133315330944439,0.0
840.0,2.4165446147398937,0.13345538526010703,8.881784197001252e-16
841.0,2.4164045910536984,0.1335954089463014,0.0
842.0,2.416264597885673,0.13373540211432747,4.440892098500626e-16
843.0,2.4161246352176367,0.13387536478236436,1.3322676295501878e-15
844.0,2.415984703023797,0.13401529697620387,8.881784197001252e-16
845.0,2.4158448012794858,0.13415519872051349,-4.440892098500626e-16
846.0,2.415704929960412,0.13429507003958763,0.0
847.0,2.4155650890423535,0.13443491095764606,-4.440892098500626e-16
848.0,2.4154252785010377,0.13457472149896127,-8.881784197001252e-16
849.0,2.415285498312167,0.13471450168783347,4.440892098500626e-16
850.0,2.41514574845147,0.13485425154852942,-4.440892098500626e-16
851.0,2.415006028894687,0.13499397110531278,0.0
852.0,2.4148663396176144,0.13513366038238636,8.881784197001252e-16
853.0,2.414726680596037,0.1352733194039625,-4.440892098500626e-16
854.0,2.4145870518058286,0.135412948194172,8.881784197001252e-16
855.0,2.414447453222857,0.13555254677714149,-1.3322676295501878e-15
856.0,2.414307884823043,0.13569211517695723,0.0
857.0,2.4141683465823336,0.13583165341766557,-8.881784197001252e-16
858.0,2.4140288384767246,0.1359711615232756,4.440892098500626e-16
859.0,2.4138893604822362,0.13611063951776367,0.0
860.0,2.4137499125749367,0.13625008742506284,-4.440892098500626e-16
861.0,2.4136104947309254,0.13638950526907445,0.0
862.0,2.413471106926343,0.13652889307365626,-8.881784197001252e-16
863.0,2.413331749137367,0.13666825086263223,-4.440892098500626e-16
864.0,2.413192421340216,0.13680757865978496,1.3322676295501878e-15
865.0,2.4130531235111405,0.13694687648885853,-8.881784197001252e-16
866.0,2.412913855626442,0.13708614437355782,0.0
867.0,2.412774617662455,0.13722538233754555,8.881784197001252e-16
868.0,2.412635409595549,0.13736459040445148,4.440892098500626e-16
869.0,2.412496231402135,0.13750376859786445,0.0
870.0,2.4123570830586702,0.13764291694132924,-4.440892098500626e-16
871.0,2.4122179645416497,0.13778203545834997,0.0
872.0,2.4120788758276013,0.13792112417239857,0.0
873.0,2.4119398168930952,0.13806018310690463,0.0
874.0,2.4118007877147463,0.13819921228525286,-8.881784197001252e-16
875.0,2.411661788269208,0.13833821173079022,-1.3322676295501878e-15
876.0,2.4115228185331734,0.1384771814668272,8.881784197001252e-16
877.0,2.411383878483368,0.13861612151663277,8.881784197001252e-16
878.0,2.411244968096565,0.1387550319034345,-4.440892098500626e-16
879.0,2.4111060873495793,0.13889391265042128,8.881784197001252e-16
880.0,2.410967236219258,0.13903276378074256,4.440892098500626e-16
881.0,2.410828414682492,0.1391715853175075,-4.440892098500626e-16
882.0,2.4106896227162116,0.13931037728378814,0.0
883.0,2.4105508602973855,0.13944913970261413,0.0
884.0,2.4104121274030237,0.13958787259697603,0.0
885.0,2.410273424010173,0.13972657598982516,-1.7763568394002505e-15
886.0,2.4101347500959203,0.13986524990407895,-4.440892098500626e-16
887.0,2.409996105637393,0.14000389436260727,4.440892098500626e-16
888.0,2.4098574906117562,0.14014250938824332,-4.440892098500626e-16
889.0,2.4097189049962195,0.14028109500378086,4.440892098500626e-16
890.0,2.4095803487680265,0.14041965123197453,1.3322676295501878e-15
891.0,2.4094418219044504,0.1405581780955491,-4.440892098500626e-16
892.0,2.4093033243828246,0.14069667561717672,1.3322676295501878e-15
893.0,2.409164856180505,0.14083514381949508,0.0
894.0,2.409026417274898,0.1409735827251026,8.881784197001252e-16
895.0,2.4088880076434402,0.14111199235655913,-4.440892098500626e-16
896.0,2.408749627263602,0.1412503727363984,8.881784197001252e-16
897.0,2.408611276112902,0.1413887238870968,-8.881784197001252e-16
898.0,2.408472954168901,0.14152704583109865,0.0
899.0,2.408334661409192,0.1416653385908092,1.3322676295501878e-15
900.0,2.4081963978105727,0.14180360218942778,8.881784197001252e-16
901.0,2.4080581632139126,0.14194183678608774,4.440892098500626e-16
902.0,2.407919957457517,0.142080042542483,0.0
903.0,2.407781780522029,0.14221821947797092,4.440892098500626e-16
904.0,2.4076436323857497,0.14235636761424905,-8.881784197001252e-16
905.0,2.4075055130278464,0.14249448697215383,4.440892098500626e-16
906.0,2.4073674224270327,0.14263257757296685,-4.440892098500626e-16
907.0,2.407229360561963,0.14277063943803656,-4.440892098500626e-16
908.0,2.4070913274113037,0.14290867258869572,-4.440892098500626e-16
909.0,2.4069533229537177,0.14304667704628196,0.0
910.0,2.406815347167856,0.1431846528321435,0.0
911.0,2.4066774000323714,0.14332259996762847,0.0
912.0,2.406539481525918,0.14346051847408112,-8.881784197001252e-16
913.0,2.4064015916271617,0.1435984083728386,4.440892098500626e-16
914.0,2.4062637303147794,0.1437362696852206,0.0
915.0,2.4061258975674624,0.14387410243253654,-8.881784197001252e-16
916.0,2.4059880933639346,0.1440119066360654,0.0
917.0,2.4058503176829222,0.14414968231707764,0.0
918.0,2.4057125705031885,0.14428742949681186,4.440892098500626e-16
919.0,2.4055748518035096,0.1444251481964906,4.440892098500626e-16
920.0,2.405437161562692,0.1445628384373091,1.3322676295501878e-15
921.0,2.405299499759561,0.14470050024043818,-4.440892098500626e-16
922.0,2.4051618663729766,0.14483813362702352,4.440892098500626e-16
923.0,2.4050242613818087,0.1449757386181921,8.881784197001252e-16
924.0,2.4048866847649646,0.14511331523503448,-8.881784197001252e-16
925.0,2.4047491365013856,0.14525086349861435,0.0
926.0,2.40461161657002,0.14538838342997987,0.0
927.0,2.4044741249498625,0.14552587505013756,0.0
928.0,2.4043366616199346,0.14566333838006537,0.0
929.0,2.4041992265592764,0.145800773440724,4.440892098500626e-16
930.0,2.4040618197469663,0.1459381802530342,8.881784197001252e-16
931.0,2.4039244411621117,0.14607555883788764,-4.440892098500626e-16
932.0,2.4037870907838466,0.14621290921615349,0.0
933.0,2.403649768591335,0.14635023140866527,4.440892098500626e-16
934.0,2.403512474563772,0.146487525436227,-8.881784197001252e-16
935.0,2.403375208680383,0.14662479131961634,-8.881784197001252e-16
936.0,2.403237970920425,0.1467620290795756,4.440892098500626e-16
937.0,2.4031007612631807,0.14689923873681932,0.0
938.0,2.4029635796879663,0.14703642031203473,1.3322676295501878e-15
939.0,2.402826426174122,0.14717357382587784,0.0
940.0,2.40268930070103,0.1473106992989696,-4.440892098500626e-16
941.0,2.4025522032481006,0.14744779675189915,0.0
942.0,2.402415133794767,0.14758486620523323,0.0
943.0,2.4022780923204956,0.14772190767950483,4.440892098500626e-16
944.0,2.4021410788047874,0.14785892119521346,8.881784197001252e-16
945.0,2.4020040932271773,0.14799590677282276,4.440892098500626e-16
946.0,2.4018671355672248,0.1481328644327757,4.440892098500626e-16
947.0,2.401730205804519,0.14826979419548075,0.0
948.0,2.401593303918686,0.14840669608131468,8.881784197001252e-16
949.0,2.401456429889381,0.1485435701106191,4.440892098500626e-16
950.0,2.401319583696289,0.14868041630371104,4.440892098500626e-16
951.0,2.401182765319126,0.1488172346808742,0.0
952.0,2.4010459747376385,0.14895402526236146,0.0
953.0,2.4009092119316056,0.1490907880683938,-4.440892098500626e-16
954.0,2.400772476880837,0.14922752311916235,-4.440892098500626e-16
955.0,2.4006357695651728,0.14936423043482688,0.0
956.0,2.4004990899644842,0.1495009100355163,8.881784197001252e-16
957.0,2.400362438058672,0.14963756194132877,8.881784197001252e-16
958.0,2.400225813827668,0.1497741861723316,0.0
959.0,2.4000892172514385,0.1499107827485613,0.0
960.0,2.3999526483117712,0.1500473516882283,-4.440892098500626e-16
961.0,2.3998161071017576,0.15018389289824186,-4.440892098500626e-16
962.0,2.399679593726452,0.15032040627354734,-4.440892098500626e-16
963.0,2.399543108160497,0.15045689183950361,8.881784197001252e-16
964.0,2.399406650384294,0.15059334961570542,-4.440892098500626e-16
965.0,2.3992702203766476,0.15072977962335266,4.440892098500626e-16
966.0,2.399133818116968,0.15086618188303222,4.440892098500626e-16
967.0,2.398997443584844,0.15100255641515606,4.440892098500626e-16
968.0,2.398861096759907,0.15113890324009263,-4.440892098500626e-16
969.0,2.3987247776218235,0.15127522237817717,8.881784197001252e-16
970.0,2.398588486150327,0.1514115138496724,-4.440892098500626e-16
971.0,2.39845222232524,0.1515477776747599,0.0
972.0,2.398315986126423,0.15168401387357633,-4.440892098500626e-16
973.0,2.398179777533807,0.15182022246619334,4.440892098500626e-16
974.0,2.398043596527356,0.15195640347264286,-8.881784197001252e-16
975.0,2.397907443087104,0.15209255691289678,8.881784197001252e-16
976.0,2.397771317193112,0.15222868280688753,-4.440892098500626e-16
977.0,2.397635218825503,0.15236478117449723,0.0
978.0,2.3974991479644263,0.15250085203557384,4.440892098500626e-16
979.0,2.397363104590082,0.1526368954099171,-8.881784197001252e-16
980.0,2.3972270886827083,0.15277291131729204,4.440892098500626e-16
981.0,2.3970911002225797,0.15290889977741964,-4.440892098500626e-16
982.0,2.3969551391900157,0.1530448608099839,-4.440892098500626e-16
983.0,2.3968192055653668,0.15318079443463156,-1.3322676295501878e-15
984.0,2.3966832993290303,0.15331670067096922,-4.440892098500626e-16
985.0,2.396547420461439,0.15345257953856087,0.0
986.0,2.3964115689430603,0.15358843105693953,0.0
987.0,2.39627574475439,0.15372425524560937,-4.440892098500626e-16
988.0,2.39613994787598,0.15386005212402057,8.881784197001252e-16
989.0,2.3960041782884063,0.15399582171159365,0.0
990.0,2.395868435972264,0.15413156402773484,-8.881784197001252e-16
991.0,2.3957327209082115,0.1542672790917883,0.0
992.0,2.395597033076929,0.15440296692307062,0.0
993.0,2.395461372459119,0.1545386275408798,-8.881784197001252e-16
994.0,2.3953257390355347,0.15467426096446554,4.440892098500626e-16
995.0,2.395190132786955,0.15480986721304388,-8.881784197001252e-16
996.0,2.395054553694195,0.15494544630580454,-4.440892098500626e-16
997.0,2.3949190017380957,0.1550809982619037,-4.440892098500626e-16
998.0,2.3947834768995424,0.15521652310045814,8.881784197001252e-16
999.0,2.3946479791594415,0.15535202084055788,-4.440892098500626e-16
1000.0,2.3945125084987335,0.15548749150126634,0.0
1001.0,2.3943770648983986,0.15562293510159986,-1.3322676295501878e-15
1002.0,2.3942416483394515,0.15575835166054713,-1.3322676295501878e-15
1003.0,2.3941062588029363,0.15589374119706373,0.0
1004.0,2.393970896269906,0.15602910373009277,-1.3322676295501878e-15
1005.0,2.393835560721472,0.15616443927852683,-8.881784197001252e-16
1006.0,2.3937002521387747,0.1562997478612248,-4.440892098500626e-16
1007.0,2.3935649705029824,0.15643502949701696,-4.440892098500626e-16
1008.0,2.3934297157952935,0.1565702842047069,4.440892098500626e-16
1009.0,2.3932944879969136,0.15670551200308552,-8.881784197001252e-16
1010.0,2.393159287089119,0.156840712910881,0.0
1011.0,2.3930241130531975,0.15697588694680203,-4.440892098500626e-16
1012.0,2.3928889658704757,0.15711103412952582,1.7763568394002505e-15
1013.0,2.392753845522286,0.15724615447771406,0.0
1014.0,2.3926187519900113,0.1573812480099882,-4.440892098500626e-16
1015.0,2.392483685255068,0.15751631474493227,4.440892098500626e-16
1016.0,2.392348645298895,0.15765135470110445,-4.440892098500626e-16
1017.0,2.392213632102967,0.15778636789703293,0.0
1018.0,2.392078645648775,0.157921354351224,-8.881784197001252e-16
1019.0,2.391943685917848,0.1580563140821509,-1.3322676295501878e-15
1020.0,2.3918087528933287,0.15819124710667118,0.0
1021.0,2.3916738466578353,0.15832615334216404,-4.440892098500626e-16
1022.0,2.3915389673041165,0.1584610326958834,0.0
1023.0,2.391404114807429,0.15859588519257192,8.881784197001252e-16
1024.0,2.391269289150397,0.15873071084960222,-8.881784197001252e-16
1025.0,2.3911344903140592,0.15886550968594146,8.881784197001252e-16
1026.0,2.3909997182793097,0.15900028172068958,-4.440892098500626e-16
1027.0,2.390864973027257,0.1591350269727421,-4.440892098500626e-16
1028.0,2.390730254539132,0.1592697454608683,4.440892098500626e-16
1029.0,2.3905955627962405,0.15940443720375966,4.440892098500626e-16
1030.0,2.390460897779947,0.15953910222005263,-4.440892098500626e-16
1031.0,2.390326259471658,0.15967374052834318,1.3322676295501878e-15
1032.0,2.3901916478528507,0.15980835214714928,0.0
1033.0,2.390057062905033,0.15994293709496712,0.0
1034.0,2.389922504609766,0.16007749539023294,-8.881784197001252e-16
1035.0,2.389787972948656,0.160212027051343,-8.881784197001252e-16
1036.0,2.389653467903352,0.16034653209664693,-8.881784197001252e-16
1037.0,2.38951898945554,0.1604810105444591,-8.881784197001252e-16
1038.0,2.3893845375869485,0.16061546241305005,-1.3322676295501878e-15
1039.0,2.3892501122793433,0.16074988772065657,0.0
1040.0,2.3891157135145242,0.16088428648547523,-4.440892098500626e-16
1041.0,2.3889813412743317,0.1610186587256679,0.0
1042.0,2.388846995540637,0.16115300445936354,8.881784197001252e-16
1043.0,2.3887126762953486,0.16128732370465104,0.0
1044.0,2.3885783835204184,0.16142161647958095,-4.440892098500626e-16
1045.0,2.388444117197821,0.1615558828021788,0.0
1046.0,2.3883098773095623,0.1616901226904364,-8.881784197001252e-16
1047.0,2.3881756638377,0.1618243361623,0.0
1048.0,2.3880414767643083,0.16195852323569257,8.881784197001252e-16
1049.0,2.387907316071485,0.16209268392851497,4.440892098500626e-16
1050.0,2.3877731817413825,0.1622268182586164,-8.881784197001252e-16
1051.0,2.3876390737561777,0.16236092624382184,-4.440892098500626e-16
1052.0,2.3875049920980596,0.16249500790193888,-1.3322676295501878e-15
1053.0,2.387370936749275,0.1626290632507255,4.440892098500626e-16
1054.0,2.387236907692085,0.1627630923079136,-8.881784197001252e-16
1055.0,2.387102904908782,0.16289709509121647,-1.3322676295501878e-15
1056.0,2.3869689283816964,0.16303107161830332,0.0
1057.0,2.3868349780931832,0.16316502190681653,0.0
1058.0,2.38670105402562,0.16329894597437994,0.0
1059.0,2.3865671561614223,0.1634328438385757,-1.7763568394002505e-15
1060.0,2.3864332844830445,0.16356671551695554,0.0
1061.0,2.3862994389729564,0.16370056102704264,-8.881784197001252e-16
1062.0,2.3861656196136636,0.1638343803863369,8.881784197001252e-16
1063.0,2.386031826387678,0.16396817361232113,-8.881784197001252e-16
1064.0,2.3858980592775763,0.16410194072242398,4.440892098500626e-16
1065.0,2.3857643182659456,0.1642356817340543,0.0
1066.0,2.3856306033354087,0.16436939666459144,4.440892098500626e-16
1067.0,2.3854969144685896,0.16450308553140955,-8.881784197001252e-16
1068.0,2.385363251648169,0.16463674835183095,0.0
1069.0,2.3852296148568493,0.16477038514315054,0.0
1070.0,2.3850960040773614,0.1649039959226379,-4.440892098500626e-16
1071.0,2.3849624192924583,0.16503758070754082,-8.881784197001252e-16
1072.0,2.38482886048491,0.16517113951508972,0.0
1073.0,2.384695327637535,0.16530467236246552,8.881784197001252e-16
1074.0,2.38456182073317,0.16543817926683,0.0
1075.0,2.384428339754682,0.16557166024531708,-8.881784197001252e-16
1076.0,2.384294884684952,0.16570511531504814,4.440892098500626e-16
1077.0,2.384161455506896,0.16583854449310223,-1.7763568394002505e-15
1078.0,2.3840280522034676,0.16597194779653252,4.440892098500626e-16
1079.0,2.3838946747576326,0.16610532524236676,-4.440892098500626e-16
1080.0,2.3837613231522554,0.16623867684774413,-4.440892098500626e-16
1081.0,2.383627997186083,0.1663720028139155,-8.881784197001252e-16
1082.0,2.3834946966580217,0.16650530334197794,0.0
1083.0,2.3833614215530825,0.16663857844691687,-4.440892098500626e-16
1084.0,2.383228171856672,0.16677182814332897,8.881784197001252e-16
1085.0,2.3830949475532157,0.1669050524467851,8.881784197001252e-16
1086.0,2.3829617486270176,0.16703825137298123,-8.881784197001252e-16
1087.0,2.382828575062354,0.16717142493764625,4.440892098500626e-16
1088.0,2.382695426843425,0.1673045731565753,4.440892098500626e-16
1089.0,2.3825623039543795,0.16743769604562195,1.7763568394002505e-15
1090.0,2.3824292063793293,0.16757079362067,-4.440892098500626e-16
1091.0,2.3822961341023676,0.16770386589763286,8.881784197001252e-16
1092.0,2.3821630871075588,0.16783691289244115,0.0
1093.0,2.382030065378973,0.16796993462102774,1.3322676295501878e-15
1094.0,2.3818970689006678,0.1681029310993328,8.881784197001252e-16
1095.0,2.3817640976566974,0.1682359023433015,-8.881784197001252e-16
1096.0,2.3816311516311233,0.16836884836887675,0.0
1097.0,2.3814982308080035,0.1685017691919966,4.440892098500626e-16
1098.0,2.3813653351713926,0.16863466482860745,0.0
1099.0,2.3812324647053646,0.1687675352946352,0.0
1100.0,2.3810996193939915,0.16890038060600873,4.440892098500626e-16
1101.0,2.3809667992213512,0.16903320077864853,0.0
1102.0,2.380834004171548,0.16916599582845138,-4.440892098500626e-16
1103.0,2.380701234228677,0.16929876577132266,0.0
1104.0,2.3805684893768637,0.16943151062313483,-1.3322676295501878e-15
1105.0,2.380435769600235,0.16956423039976468,0.0
1106.0,2.3803030748829332,0.1696969251170674,8.881784197001252e-16
1107.0,2.380170405209115,0.16982959479088539,4.440892098500626e-16
1108.0,2.3800377605629506,0.1699622394370492,0.0
1109.0,2.3799051409286323,0.1700948590713684,8.881784197001252e-16
1110.0,2.3797725462903507,0.17022745370964862,-4.440892098500626e-16
1111.0,2.3796399766323217,0.1703600233676787,4.440892098500626e-16
1112.0,2.3795074319387854,0.1704925680612138,-4.440892098500626e-16
1113.0,2.379374912193984,0.1706250878060154,-4.440892098500626e-16
1114.0,2.3792424173821773,0.1707575826178237,1.3322676295501878e-15
1115.0,2.3791099474876485,0.1708900525123511,-4.440892098500626e-16
1116.0,2.378977502494702,0.17102249750529824,4.440892098500626e-16
1117.0,2.3788450823876444,0.17115491761235568,0.0
1118.0,2.3787126871508106,0.17128731284919035,1.3322676295501878e-15
1119.0,2.3785803167685544,0.17141968323144566,4.440892098500626e-16
1120.0,2.37844797122524,0.1715520287747585,-8.881784197001252e-16
1121.0,2.3783156505052547,0.17168434949474456,-4.440892098500626e-16
1122.0,2.3781833545930056,0.1718166454069945,4.440892098500626e-16
1123.0,2.378051083472911,0.17194891652708966,8.881784197001252e-16
1124.0,2.377918837129409,0.17208116287059103,4.440892098500626e-16
1125.0,2.377786615546964,0.17221338445303558,0.0
1126.0,2.377654418710052,0.17234558128994742,-4.440892098500626e-16
1127.0,2.3775222466031662,0.17247775339683385,4.440892098500626e-16
1128.0,2.377390099210817,0.17260990078918279,0.0
1129.0,2.3772579765175372,0.1727420234824628,0.0
1130.0,2.3771258785078877,0.17287412149211245,4.440892098500626e-16
1131.0,2.376993805166432,0.17300619483356894,8.881784197001252e-16
1132.0,2.3768617564777554,0.17313824352224488,4.440892098500626e-16
1133.0,2.376729732426465,0.1732702675735345,-4.440892098500626e-16
1134.0,2.3765977329971926,0.17340226700280725,0.0
1135.0,2.3764657581745863,0.17353424182541324,-4.440892098500626e-16
1136.0,2.3763338079433076,0.17366619205669243,0.0
1137.0,2.3762018822880377,0.1737981177119619,0.0
1138.0,2.3760699811934796,0.17393001880652,-4.440892098500626e-16
1139.0,2.3759381046443577,0.17406189535564254,4.440892098500626e-16
1140.0,2.3758062526283914,0.17419374737160895,4.440892098500626e-16
1141.0,2.3756744253348407,0.17432557466516033,1.3322676295501878e-15
1142.0,2.3755426229634296,0.17445737703656988,-4.440892098500626e-16
1143.0,2.3754108454944647,0.1745891545055356,4.440892098500626e-16
1144.0,2.375279092911497,0.1747209070885023,-4.440892098500626e-16
1145.0,2.3751473651974577,0.17485263480254234,4.440892098500626e-16
1146.0,2.375015662335925,0.17498433766407467,0.0
1147.0,2.3748839843105802,0.17511601568942053,8.881784197001252e-16
1148.0,2.3747523311051664,0.17524766889483379,4.440892098500626e-16
1149.0,2.374620702703532,0.17537929729646726,-4.440892098500626e-16
1150.0,2.3744890990896206,0.1755109009103791,0.0
1151.0,2.374357520247467,0.17564247975253353,8.881784197001252e-16
1152.0,2.3742259661611516,0.17577403383884832,0.0
1153.0,2.3740944368148327,0.17590556318516673,-4.440892098500626e-16
1154.0,2.3739629321927236,0.1760370678072767,4.440892098500626e-16
1155.0,2.3738314522790755,0.17616854772092527,8.881784197001252e-16
1156.0,2.373699997058198,0.17630000294180254,8.881784197001252e-16
1157.0,2.373568566514438,0.17643143348556226,4.440892098500626e-16
1158.0,2.3734371606321862,0.17656283936781325,-4.440892098500626e-16
1159.0,2.3733057793958765,0.17669422060412307,-4.440892098500626e-16
1160.0,2.3731744227899774,0.1768255772100236,1.3322676295501878e-15
1161.0,2.3730430907990017,0.17695690920099716,-8.881784197001252e-16
1162.0,2.3729117834074924,0.17708821659250715,-4.440892098500626e-16
1163.0,2.372780500600031,0.17721949939996937,4.440892098500626e-16
1164.0,2.372649242361235,0.17735075763876332,-1.3322676295501878e-15
1165.0,2.372518008675742,0.1774819913242572,-8.881784197001252e-16
1166.0,2.3723867995282384,0.17761320047176196,4.440892098500626e-16
1167.0,2.3722556149034255,0.17774438509657406,-4.440892098500626e-16
1168.0,2.3721244547860425,0.17787554521395804,8.881784197001252e-16
1169.0,2.3719933191608593,0.17800668083914054,0.0
1170.0,2.371862208012666,0.1781377919873323,-1.7763568394002505e-15
1171.0,2.3717311213262975,0.17826887867370328,8.881784197001252e-16
1172.0,2.3716000590865964,0.17839994091340372,4.440892098500626e-16
1173.0,2.3714690212784437,0.17853097872155604,0.0
1174.0,2.3713380078867536,0.17866199211324582,-4.440892098500626e-16
1175.0,2.371207018896467,0.1787929811035332,4.440892098500626e-16
1176.0,2.3710760542925247,0.17892394570747475,-4.440892098500626e-16
1177.0,2.3709451140599276,0.17905488594007174,-4.440892098500626e-16
1178.0,2.370814198183693,0.17918580181630694,4.440892098500626e-16
1179.0,2.370683306648854,0.17931669335114628,4.440892098500626e-16
1180.0,2.370552439440464,0.17944756055953553,-4.440892098500626e-16
1181.0,2.3704215965436215,0.17957840345637785,-4.440892098500626e-16
1182.0,2.3702907779434432,0.17970922205655707,4.440892098500626e-16
1183.0,2.3701599836250495,0.1798400163749509,4.440892098500626e-16
1184.0,2.3700292135736083,0.1799707864263921,4.440892098500626e-16
1185.0,2.3698984677743065,0.18010153222569408,8.881784197001252e-16
1186.0,2.3697677462123496,0.1802322537876506,4.440892098500626e-16
1187.0,2.3696370488729634,0.18036295112703613,-4.440892098500626e-16
1188.0,2.369506375741409,0.1804936242585914,4.440892098500626e-16
1189.0,2.369375726802964,0.18062427319703686,8.881784197001252e-16
1190.0,2.3692451020429153,0.1807548979570846,0.0
1191.0,2.3691145014465933,0.1808854985534054,-8.881784197001252e-16
1192.0,2.3689839249993496,0.1810160750006503,0.0
1193.0,2.3688533726865524,0.1811466273134481,8.881784197001252e-16
1194.0,2.3687228444935955,0.18127715550640525,8.881784197001252e-16
1195.0,2.3685923404058666,0.18140765959413183,-1.3322676295501878e-15
1196.0,2.368461860408822,0.18153813959117823,4.440892098500626e-16
1197.0,2.3683314044879156,0.18166859551208558,1.3322676295501878e-15
1198.0,2.3682009726286286,0.18179902737137207,8.881784197001252e-16
1199.0,2.3680705648164655,0.1819294351835342,0.0
1200.0,2.3679401810362277,0.18205981896377246,4.440892098500626e-16
1201.0,2.367809821044661,0.1821901789553383,-4.440892098500626e-16
1202.0,2.36767948459565,0.18232051540434957,0.0
1203.0,2.367549171677844,0.1824508283221571,8.881784197001252e-16
1204.0,2.3674188822796474,0.1825811177203532,8.881784197001252e-16
1205.0,2.3672886163882776,0.18271138361172273,4.440892098500626e-16
1206.0,2.3671583739908746,0.182841626009126,8.881784197001252e-16
1207.0,2.367028155074483,0.18297184492551707,0.0
1208.0,2.36689795962604,0.18310204037395952,0.0
1209.0,2.3667677876324094,0.18323221236759013,-4.440892098500626e-16
1210.0,2.366637639080391,0.18336236091960728,-1.3322676295501878e-15
1211.0,2.366507513956754,0.18349248604324647,4.440892098500626e-16
1212.0,2.36637741224823,0.18362258775176982,0.0
1213.0,2.366247333941535,0.1837526660584638,-1.3322676295501878e-15
1214.0,2.3661172790233636,0.1838827209766354,-8.881784197001252e-16
1215.0,2.365987247480396,0.18401275251960447,4.440892098500626e-16
1216.0,2.3658572392992925,0.1841427607007055,-1.7763568394002505e-15
1217.0,2.365727254466713,0.18427274553328626,-4.440892098500626e-16
1218.0,2.36559729296931,0.1844027070306902,4.440892098500626e-16
1219.0,2.36546735479372,0.18453264520628093,8.881784197001252e-16
1220.0,2.365337439926597,0.18466256007340193,-8.881784197001252e-16
1221.0,2.3652075483545816,0.1847924516454184,0.0
1222.0,2.365077680064325,0.18492231993567376,-8.881784197001252e-16
1223.0,2.364947835042476,0.18505216495752563,1.7763568394002505e-15
1224.0,2.3648180132756838,0.18518198672431516,-8.881784197001252e-16
1225.0,2.36468821475061,0.18531178524938957,-4.440892098500626e-16
1226.0,2.3645584394539205,0.18544156054607866,-4.440892098500626e-16
1227.0,2.3644286873722793,0.18557131262771953,-8.881784197001252e-16
1228.0,2.364298958492357,0.18570104150764344,4.440892098500626e-16
1229.0,2.3641692528008447,0.18583074719915418,-8.881784197001252e-16
1230.0,2.3640395702844286,0.18596042971557136,0.0
1231.0,2.363909910929797,0.1860900890702024,-4.440892098500626e-16
1232.0,2.363780274723675,0.18621972527632452,0.0
1233.0,2.3636506616527684,0.18634933834723005,-1.3322676295501878e-15
1234.0,2.363521071703804,0.1864789282961958,0.0
1235.0,2.363391504863527,0.1866084951364739,8.881784197001252e-16
1236.0,2.3632619611186763,0.18673803888132315,-4.440892098500626e-16
1237.0,2.3631324404560132,0.18686755954398732,8.881784197001252e-16
1238.0,2.363002942862309,0.1869970571376909,0.0
1239.0,2.3628734683243415,0.1871265316756576,-8.881784197001252e-16
1240.0,2.362744016828904,0.18725598317109637,4.440892098500626e-16
1241.0,2.362614588362804,0.18738541163719613,4.440892098500626e-16
1242.0,2.3624851829128524,0.18751481708714773,4.440892098500626e-16
1243.0,2.362355800465872,0.18764419953412664,-1.3322676295501878e-15
1244.0,2.362226441008703,0.18777355899129688,0.0
1245.0,2.3620971045282078,0.18790289547179218,0.0
1246.0,2.361967791011243,0.18803220898875816,1.3322676295501878e-15
1247.0,2.361838500444678,0.18816149955532083,-1.3322676295501878e-15
1248.0,2.3617092328154063,0.18829076718459442,8.881784197001252e-16
1249.0,2.3615799881103365,0.1884200118896624,-8.881784197001252e-16
1250.0,2.3614507663163837,0.1885492336836162,0.0
1251.0,2.36132156742047,0.18867843257953,0.0
1252.0,2.361192391409536,0.18880760859046442,4.440892098500626e-16
1253.0,2.3610632382705425,0.18893676172945628,-8.881784197001252e-16
1254.0,2.360934107990461,0.18906589200953905,0.0
1255.0,2.360805000556267,0.18919499944373336,4.440892098500626e-16
1256.0,2.3606759159549546,0.1893240840450452,0.0
1257.0,2.3605468541735353,0.18945314582646408,-4.440892098500626e-16
1258.0,2.360417815199034,0.18958218480096597,0.0
1259.0,2.360288799018484,0.18971120098151484,-8.881784197001252e-16
1260.0,2.3601598056227813,0.18984019437721922,8.881784197001252e-16
1261.0,2.3600308350544523,0.18996916494554825,8.881784197001252e-16
1262.0,2.359901887376695,0.1900981126233039,-8.881784197001252e-16
1263.0,2.3597729625711685,0.19022703742883085,-4.440892098500626e-16
1264.0,2.3596440606243774,0.19035593937562367,1.3322676295501878e-15
1265.0,2.3595151815241944,0.19048481847580448,-8.881784197001252e-16
1266.0,2.3593863252568923,0.1906136747431081,4.440892098500626e-16
1267.0,2.3592574918091236,0.1907425081908768,4.440892098500626e-16
1268.0,2.359128681167662,0.19087131883233785,0.0
1269.0,2.35899989331936,0.19100010668064063,8.881784197001252e-16
1270.0,2.3588711282511325,0.19112887174886706,0.0
1271.0,2.3587423859499057,0.1912576140500949,8.881784197001252e-16
1272.0,2.3586136664026323,0.19138633359736718,-4.440892098500626e-16
1273.0,2.3584849695962458,0.19151503040375412,0.0
1274.0,2.358356295517776,0.19164370448222326,-4.440892098500626e-16
1275.0,2.3582276441541867,0.1917723558458138,8.881784197001252e-16
1276.0,2.358099015492571,0.19190098450742893,0.0
1277.0,2.3579704095199348,0.1920295904800656,4.440892098500626e-16
1278.0,2.357841826223408,0.19215817377659178,0.0
1279.0,2.357713265590086,0.19228673440991462,8.881784197001252e-16
1280.0,2.357584727607082,0.19241527239291925,1.3322676295501878e-15
1281.0,2.357456212261548,0.19254378773845143,-4.440892098500626e-16
1282.0,2.3573277195406583,0.19267228045934212,4.440892098500626e-16
1283.0,2.3571992494315848,0.19280075056841398,-8.881784197001252e-16
1284.0,2.3570708019215463,0.19292919807845502,1.3322676295501878e-15
1285.0,2.3569423769977598,0.1930576230022408,8.881784197001252e-16
1286.0,2.3568139746474612,0.19318602535253926,8.881784197001252e-16
1287.0,2.356685594857914,0.19331440514208537,-4.440892098500626e-16
1288.0,2.356557237616397,0.19344276238360295,0.0
1289.0,2.3564289029101952,0.19357109708980355,-8.881784197001252e-16
1290.0,2.356300590726626,0.19369940927337304,-8.881784197001252e-16
1291.0,2.3561723010530153,0.19382769894698393,-4.440892098500626e-16
1292.0,2.3560440338767075,0.19395596612329288,4.440892098500626e-16
1293.0,2.3559157891850635,0.19408421081493646,0.0
1294.0,2.35578756696546,0.19421243303453808,-1.3322676295501878e-15
1295.0,2.355659367205297,0.19434063279470334,4.440892098500626e-16
1296.0,2.3555311898919826,0.19446881010801745,4.440892098500626e-16
1297.0,2.355403035012949,0.1945969649870501,-8.881784197001252e-16
1298.0,2.3552749025556463,0.1947250974443538,4.440892098500626e-16
1299.0,2.355146792507524,0.19485320749247684,8.881784197001252e-16
1300.0,2.3550187048560605,0.19498129514393878,-4.440892098500626e-16
1301.0,2.3548906395887577,0.19510936041124208,0.0
1302.0,2.3547625966931256,0.19523740330687475,4.440892098500626e-16
1303.0,2.354634576156691,0.19536542384330863,0.0
1304.0,2.3545065779669816,0.19549342203301914,8.881784197001252e-16
1305.0,2.3543786021115616,0.19562139788843871,4.440892098500626e-16
1306.0,2.354250648578006,0.1957493514219932,-8.881784197001252e-16
1307.0,2.354122717353907,0.19587728264609233,-4.440892098500626e-16
1308.0,2.353994808426868,0.1960051915731331,8.881784197001252e-16
1309.0,2.353866921784494,0.19613307821550585,0.0
1310.0,2.3537390574144306,0.19626094258556875,-4.440892098500626e-16
1311.0,2.35361121530433,0.19638878469567073,8.881784197001252e-16
1312.0,2.3534833954418546,0.1965166045581449,-4.440892098500626e-16
1313.0,2.3533555978146854,0.19664440218531337,-8.881784197001252e-16
1314.0,2.3532278224105165,0.1967721775894836,4.440892098500626e-16
1315.0,2.353100069217059,0.19689993078294055,0.0
1316.0,2.352972338222042,0.1970276617779571,-4.440892098500626e-16
1317.0,2.352844629413209,0.19715537058679064,-4.440892098500626e-16
1318.0,2.352716942778314,0.19728305722168527,-4.440892098500626e-16
1319.0,2.3525892783051274,0.19741072169487178,-4.440892098500626e-16
1320.0,2.352461635982047,0.1975383640179534,4.440892098500626e-16
1321.0,2.3523340159798187,0.19766598402018076,-4.440892098500626e-16
1322.0,2.3522064184715545,0.19779358152844467,-4.440892098500626e-16
1323.0,2.3520788434427673,0.19792115655723302,4.440892098500626e-16
1324.0,2.3519512908789793,0.19804870912102,-4.440892098500626e-16
1325.0,2.351823760766743,0.19817623923325678,0.0
1326.0,2.3516962530927654,0.19830374690723424,0.0
1327.0,2.3515687678438284,0.1984312321561709,-4.440892098500626e-16
1328.0,2.3514413050068246,0.1985586949931748,-4.440892098500626e-16
1329.0,2.351313864568751,0.19868613543124972,8.881784197001252e-16
1330.0,2.3511864465166683,0.19881355348333163,0.0
1331.0,2.351059050837709,0.1989409491622902,-8.881784197001252e-16
1332.0,2.350931677519069,0.19906832248093045,-4.440892098500626e-16
1333.0,2.3508043265479803,0.1991956734520188,-8.881784197001252e-16
1334.0,2.350676997911726,0.19932300208827464,8.881784197001252e-16
1335.0,2.3505496915976263,0.1994503084023729,-4.440892098500626e-16
1336.0,2.35042240759305,0.19957759240695094,8.881784197001252e-16
1337.0,2.35029514588539,0.19970485411460903,-8.881784197001252e-16
1338.0,2.3501679064620973,0.19983209353790174,-8.881784197001252e-16
1339.0,2.35004068931063,0.19995931068937012,0.0
1340.0,2.349913494418502,0.20008650558149918,1.3322676295501878e-15
1341.0,2.349786321773236,0.20021367822676336,-4.440892098500626e-16
1342.0,2.3496591713623993,0.2003408286376012,8.881784197001252e-16
1343.0,2.349532043173579,0.20046795682642018,-8.881784197001252e-16
1344.0,2.349404937194387,0.20059506280561254,-4.440892098500626e-16
1345.0,2.349277853412469,0.20072214658753074,0.0
1346.0,2.349150791815485,0.2008492081845148,0.0
1347.0,2.3490237523911297,0.2009762476088695,-4.440892098500626e-16
1348.0,2.3488967351271133,0.2011032648728861,-4.440892098500626e-16
1349.0,2.348769740011175,0.20123025998882443,-4.440892098500626e-16
1350.0,2.348642767031083,0.20135723296891753,8.881784197001252e-16
1351.0,2.3485158161746154,0.20148418382538558,8.881784197001252e-16
1352.0,2.348388887429572,0.20161111257042832,4.440892098500626e-16
1353.0,2.3482619807837897,0.2017380192162097,-4.440892098500626e-16
1354.0,2.34813509622512,0.2018649037748807,8.881784197001252e-16
1355.0,2.3480082337414143,0.20199176625858523,-4.440892098500626e-16
1356.0,2.3478813933205744,0.20211860667942483,-4.440892098500626e-16
1357.0,2.3477545749505127,0.20224542504948717,0.0
1358.0,2.3476277786191444,0.2023722213808564,8.881784197001252e-16
1359.0,2.347501004314422,0.20249899568557736,-4.440892098500626e-16
1360.0,2.3473742520243195,0.20262574797568053,0.0
1361.0,2.347247521736814,0.20275247826318563,0.0
1362.0,2.347120813439914,0.20287918656008672,8.881784197001252e-16
1363.0,2.346994127121642,0.2030058728783575,0.0
1364.0,2.3468674627700388,0.20313253722996108,0.0
1365.0,2.3467408203731597,0.2032591796268405,4.440892098500626e-16
1366.0,2.346614199919088,0.20338580008091212,4.440892098500626e-16
1367.0,2.3464876013959226,0.20351239860407716,0.0
1368.0,2.346361024791782,0.20363897520821905,8.881784197001252e-16
1369.0,2.346234470094772,0.20376552990522653,-1.3322676295501878e-15
1370.0,2.3461079372930618,0.20389206270693838,4.440892098500626e-16
1371.0,2.3459814263748138,0.20401857362518655,4.440892098500626e-16
1372.0,2.3458549373282143,0.20414506267178475,-8.881784197001252e-16
1373.0,2.345728470141457,0.2042715298585423,-4.440892098500626e-16
1374.0,2.34560202480275,0.20439797519724964,0.0
1375.0,2.3454756013003344,0.2045243986996655,0.0
1376.0,2.345349199622461,0.2046508003775384,-4.440892098500626e-16
1377.0,2.3452228197574003,0.2047771802425999,4.440892098500626e-16
1378.0,2.345096461693426,0.2049035383065745,8.881784197001252e-16
1379.0,2.3449701254188318,0.20502987458116836,4.440892098500626e-16
1380.0,2.344843810917995,0.20515618908200456,-4.440892098500626e-16
1381.0,2.3447175178840287,0.20528248211597072,-4.440892098500626e-16
1382.0,2.344591245998909,0.2054087540010919,1.3322676295501878e-15
1383.0,2.344464995254538,0.20553500474546163,0.0
1384.0,2.3443387656429624,0.2056612343570377,4.440892098500626e-16
1385.0,2.344212557154716,0.20578744284528336,-4.440892098500626e-16
1386.0,2.344086369780163,0.20591363021983652,-4.440892098500626e-16
1387.0,2.3439602035095475,0.20603979649045226,0.0
1388.0,2.343834058332968,0.20616594166703156,-4.440892098500626e-16
1389.0,2.343707934240401,0.20629206575959874,-4.440892098500626e-16
1390.0,2.3435818312217425,0.20641816877825722,0.0
1391.0,2.3434557492668207,0.2065442507331787,-4.440892098500626e-16
1392.0,2.343329688365415,0.20667031163458424,-4.440892098500626e-16
1393.0,2.3432036485072607,0.2067963514927386,-4.440892098500626e-16
1394.0,2.3430776296820555,0.20692237031794383,-4.440892098500626e-16
1395.0,2.342951631879469,0.20704836812053165,8.881784197001252e-16
1396.0,2.3428256550891366,0.20717434491086253,-4.440892098500626e-16
1397.0,2.3426996993006735,0.20730030069932745,8.881784197001252e-16
1398.0,2.3425737645036757,0.20742623549632525,1.3322676295501878e-15
1399.0,2.342447850687712,0.20755214931228697,-4.440892098500626e-16
1400.0,2.342321957842363,0.2076780421576381,1.3322676295501878e-15
1401.0,2.3421960859571667,0.2078039140428337,4.440892098500626e-16
1402.0,2.3420702350216778,0.2079297649783217,-4.440892098500626e-16
1403.0,2.34194440502543,0.20805559497457182,1.7763568394002505e-15
1404.0,2.341818595957949,0.20818140404205018,-4.440892098500626e-16
1405.0,2.3416928078087644,0.20830719219123528,0.0
1406.0,2.3415670405673974,0.20843295943260257,0.0
1407.0,2.3414412942233533,0.20855870577664518,-1.3322676295501878e-15
1408.0,2.341315568766154,0.2086844312338461,4.440892098500626e-16
1409.0,2.3411898641853086,0.2088101358146904,-8.881784197001252e-16
1410.0,2.341064180470322,0.2089358195296782,4.440892098500626e-16
1411.0,2.340938517610714,0.20906148238928715,1.3322676295501878e-15
1412.0,2.3408128755959914,0.20918712440400905,4.440892098500626e-16
1413.0,2.340687254415661,0.209312745584337,-1.7763568394002505e-15
1414.0,2.340561654059255,0.2094383459407439,-8.881784197001252e-16
1415.0,2.340436074516281,0.2095639254837193,4.440892098500626e-16
1416.0,2.340310515776256,0.20968948422374367,0.0
1417.0,2.3401849778287125,0.20981502217128747,0.0
1418.0,2.340059460663171,0.2099405393368284,-4.440892098500626e-16
1419.0,2.3399339642691683,0.21006603573083182,4.440892098500626e-16
1420.0,2.3398084886362405,0.21019151136375924,0.0
1421.0,2.3396830337539227,0.21031696624607696,0.0
1422.0,2.3395575996117537,0.21044240038824483,-1.3322676295501878e-15
1423.0,2.339432186199297,0.2105678138007025,-4.440892098500626e-16
1424.0,2.3393067935061027,0.21069320649389658,-4.440892098500626e-16
1425.0,2.3391814215217273,0.21081857847827298,4.440892098500626e-16
1426.0,2.3390560702357304,0.21094392976427012,8.881784197001252e-16
1427.0,2.3389307396377035,0.21106926036229717,8.881784197001252e-16
1428.0,2.338805429717215,0.21119457028278515,4.440892098500626e-16
1429.0,2.3386801404638478,0.21131985953615148,-4.440892098500626e-16
1430.0,2.3385548718671942,0.2114451281328052,-4.440892098500626e-16
1431.0,2.3384296239168645,0.21157037608313553,0.0
1432.0,2.3383043966024566,0.21169560339754392,8.881784197001252e-16
1433.0,2.3381791899135815,0.21182081008641906,8.881784197001252e-16
1434.0,2.338054003839861,0.21194599616013926,4.440892098500626e-16
1435.0,2.337928838370929,0.21207116162907164,8.881784197001252e-16
1436.0,2.3378036934964137,0.21219630650358542,-8.881784197001252e-16
1437.0,2.33767856920596,0.21232143079403942,-4.440892098500626e-16
1438.0,2.337553465489215,0.21244653451078338,-1.3322676295501878e-15
1439.0,2.3374283823358444,0.21257161766415644,8.881784197001252e-16
1440.0,2.337303319736927,0.2126966802630718,-8.881784197001252e-16
1441.0,2.3371782778439507,0.21282172215604964,4.440892098500626e-16
1442.0,2.3370532568135,0.21294674318649992,0.0
1443.0,2.336928256631047,0.21307174336895254,-4.440892098500626e-16
1444.0,2.3368032772858114,0.21319672271418813,-4.440892098500626e-16
1445.0,2.336678318766052,0.21332168123394699,-8.881784197001252e-16
1446.0,2.3365533810603787,0.21344661893962133,0.0
1447.0,2.336428464157538,0.21357153584246258,8.881784197001252e-16
1448.0,2.3363035680463753,0.21369643195362326,-1.3322676295501878e-15
1449.0,2.3361786927158117,0.21382130728418913,8.881784197001252e-16
1450.0,2.3360538381548053,0.2139461618451946,0.0
1451.0,2.335929004352384,0.21407099564761653,4.440892098500626e-16
1452.0,2.3358041912976155,0.21419580870238367,-4.440892098500626e-16
1453.0,2.3356793989796145,0.21432060102038625,8.881784197001252e-16
1454.0,2.335554627387524,0.2144453726124763,4.440892098500626e-16
1455.0,2.335429876510529,0.21457012348947047,-4.440892098500626e-16
1456.0,2.335305146337843,0.21469485366215652,0.0
1457.0,2.3351804368587032,0.2148195631412967,0.0
1458.0,2.335055748062385,0.21494425193761352,-1.3322676295501878e-15
1459.0,2.334931079938187,0.21506892006181288,0.0
1460.0,2.3348064324754247,0.21519356752457452,-4.440892098500626e-16
1461.0,2.334681805663453,0.21531819433654611,-4.440892098500626e-16
1462.0,2.334557199491628,0.21544280050837147,-4.440892098500626e-16
1463.0,2.334432613949348,0.2155673860506524,4.440892098500626e-16
1464.0,2.3343080490260126,0.2156919509739875,4.440892098500626e-16
1465.0,2.334183504711054,0.21581649528894575,0.0
1466.0,2.334058980993921,0.21594101900607868,0.0
1467.0,2.333934477864076,0.2160655221359232,-4.440892098500626e-16
1468.0,2.3338099953110096,0.2161900046889916,1.3322676295501878e-15
1469.0,2.3336855333242097,0.2163144666757892,-8.881784197001252e-16
1470.0,2.333561091893209,0.21643890810679034,-4.440892098500626e-16
1471.0,2.333436671007546,0.2165633289924543,4.440892098500626e-16
1472.0,2.333312270656763,0.21668772934323577,-8.881784197001252e-16
1473.0,2.3331878908304344,0.2168121091695647,-8.881784197001252e-16
1474.0,2.3330635315181496,0.21693646848184928,-8.881784197001252e-16
1475.0,2.3329391927095107,0.21706080729048954,4.440892098500626e-16
1476.0,2.3328148743941197,0.21718512560587905,-8.881784197001252e-16
1477.0,2.3326905765616197,0.21730942343837878,-1.3322676295501878e-15
1478.0,2.3325662992016607,0.21743370079833982,8.881784197001252e-16
1479.0,2.3324420423038865,0.21755795769611316,0.0
1480.0,2.332317805857981,0.21768219414201798,-8.881784197001252e-16
1481.0,2.3321935898536363,0.21780641014636357,0.0
1482.0,2.3320693942805484,0.21793060571945005,-1.3322676295501878e-15
1483.0,2.331945219128438,0.21805478087156202,4.440892098500626e-16
1484.0,2.3318210643870336,0.21817893561296595,-4.440892098500626e-16
1485.0,2.3316969300460815,0.21830306995391852,0.0
1486.0,2.331572816095332,0.2184271839046688,1.3322676295501878e-15
1487.0,2.3314487225245615,0.21855127747543981,1.3322676295501878e-15
1488.0,2.331324649323555,0.21867535067644522,4.440892098500626e-16
1489.0,2.331200596482116,0.2187994035178846,8.881784197001252e-16
1490.0,2.3310765639900457,0.21892343600995415,0.0
1491.0,2.3309525518371643,0.21904744816283453,-8.881784197001252e-16
1492.0,2.3308285600133165,0.21917143998668231,-8.881784197001252e-16
1493.0,2.3307045885083535,0.21929541149164616,0.0
1494.0,2.330580637312139,0.21941936268786122,4.440892098500626e-16
1495.0,2.3304567064145316,0.21954329358546812,0.0
1496.0,2.330332795805424,0.21966720419457522,-4.440892098500626e-16
1497.0,2.330208905474719,0.21979109452528012,-8.881784197001252e-16
1498.0,2.3300850354123313,0.2199149645876699,1.3322676295501878e-15
1499.0,2.3299611856081808,0.2200388143918191,0.0
1500.0,2.329837356051206,0.22016264394879367,-4.440892098500626e-16
1501.0,2.329713546683347,0.22028645331665214,-8.881784197001252e-16
1502.0,2.3295897574341855,0.22041024256581343,-8.881784197001252e-16
1503.0,2.3294659883000386,0.2205340116999611,0.0
1504.0,2.3293422392698195,0.22065776073018076,4.440892098500626e-16
1505.0,2.329218510333676,0.22078148966632324,-4.440892098500626e-16
1506.0,2.3290948014822077,0.2209051985177913,-8.881784197001252e-16
1507.0,2.3289711127058403,0.22102888729415882,-8.881784197001252e-16
1508.0,2.3288474439948694,0.22115255600513098,4.440892098500626e-16
1509.0,2.3287237953395734,0.22127620466042647,0.0
1510.0,2.3286001667302463,0.22139983326975282,-8.881784197001252e-16
1511.0,2.32847655815719,0.22152344184280875,-8.881784197001252e-16
1512.0,2.3283529696107013,0.22164703038929767,-8.881784197001252e-16
1513.0,2.328229401081085,0.22177059891891543,8.881784197001252e-16
1514.0,2.3281058525586404,0.22189414744135902,-4.440892098500626e-16
1515.0,2.327982324033679,0.22201767596632002,-8.881784197001252e-16
1516.0,2.3278588154965085,0.2221411845034906,-8.881784197001252e-16
1517.0,2.327735326937444,0.22226467306255548,-4.440892098500626e-16
1518.0,2.3276118583468053,0.22238814165319487,4.440892098500626e-16
1519.0,2.3274884097149178,0.22251159028508236,4.440892098500626e-16
1520.0,2.327364981032112,0.22263501896788856,8.881784197001252e-16
1521.0,2.327241572288718,0.2227584277112813,-4.440892098500626e-16
1522.0,2.3271181834750916,0.22288181652490913,8.881784197001252e-16
1523.0,2.3269948145815764,0.22300518541842318,0.0
1524.0,2.32687146559853,0.22312853440146926,-4.440892098500626e-16
1525.0,2.3267481365163274,0.22325186348367393,1.3322676295501878e-15
1526.0,2.326624827325334,0.22337517267466606,0.0
1527.0,2.326501538015934,0.22349846198406542,-4.440892098500626e-16
1528.0,2.326378268578521,0.2236217314214784,-4.440892098500626e-16
1529.0,2.3262550190034923,0.22374498099650897,1.3322676295501878e-15
1530.0,2.3261317892812485,0.22386821071875163,4.440892098500626e-16
1531.0,2.326008579402209,0.22399142059779048,0.0
1532.0,2.325885389356795,0.2241146106432042,-8.881784197001252e-16
1533.0,2.325762219135439,0.2242377808645618,8.881784197001252e-16
1534.0,2.325639068728581,0.22436093127142,8.881784197001252e-16
1535.0,2.325515938126665,0.22448406187333408,-8.881784197001252e-16
1536.0,2.3253928273201505,0.22460717267984853,-8.881784197001252e-16
1537.0,2.325269736299499,0.22473026370049975,-8.881784197001252e-16
1538.0,2.325146665055188,0.22485333494481274,8.881784197001252e-16
1539.0,2.3250236135777027,0.22497638642229809,8.881784197001252e-16
1540.0,2.3249005818575297,0.22509941814247006,0.0
1541.0,2.32477756988517,0.22522243011482948,-4.440892098500626e-16
1542.0,2.3246545776511307,0.22534542234886873,-4.440892098500626e-16
1543.0,2.3245316051459333,0.22546839485406694,4.440892098500626e-16
1544.0,2.324408652360108,0.22559134763989197,4.440892098500626e-16
1545.0,2.324285719284187,0.22571428071581232,-4.440892098500626e-16
1546.0,2.324162805908715,0.22583719409128353,-1.3322676295501878e-15
1547.0,2.324039912224247,0.2259600877757523,-4.440892098500626e-16
1548.0,2.323917038221347,0.2260829617786529,4.440892098500626e-16
1549.0,2.323794183890588,0.22620581610941143,-4.440892098500626e-16
1550.0,2.3236713492225514,0.2263286507774486,0.0
1551.0,2.3235485342078253,0.22645146579217426,-4.440892098500626e-16
1552.0,2.3234257388370105,0.2265742611629893,0.0
1553.0,2.323302963100715,0.22669703689928397,-8.881784197001252e-16
1554.0,2.3231802069895595,0.22681979301044064,4.440892098500626e-16
1555.0,2.323057470494167,0.22694252950583324,4.440892098500626e-16
1556.0,2.322934753605173,0.22706524639482611,-8.881784197001252e-16
1557.0,2.3228120563132246,0.22718794368677458,-4.440892098500626e-16
1558.0,2.3226893786089744,0.22731062139102462,-8.881784197001252e-16
1559.0,2.3225667204830867,0.22743327951691317,0.0
1560.0,2.322444081927565,0.22755591807243528,4.440892098500626e-16
1561.0,2.3223214629497924,0.2276785370502073,0.0
1562.0,2.3221988635613124,0.22780113643868835,8.881784197001252e-16
1563.0,2.3220762837551496,0.22792371624485025,0.0
1564.0,2.3219537235195653,0.2280462764804351,4.440892098500626e-16
1565.0,2.321831182844724,0.22816881715527748,1.3322676295501878e-15
1566.0,2.3217086617216847,0.22829133827831546,4.440892098500626e-16
1567.0,2.3215861601413246,0.2284138398586753,0.0
1568.0,2.321463678094213,0.22853632190578746,4.440892098500626e-16
1569.0,2.321341215571048,0.22865878442895046,-1.3322676295501878e-15
1570.0,2.321218772562512,0.22878122743748672,-8.881784197001252e-16
1571.0,2.3210963490592404,0.2289036509407577,-1.7763568394002505e-15
1572.0,2.320973945051939,0.2290260549480606,-4.440892098500626e-16
1573.0,2.320851560531303,0.22914843946869606,-8.881784197001252e-16
1574.0,2.3207291954880325,0.22927080451196644,-8.881784197001252e-16
1575.0,2.3206068499128962,0.2293931500871037,0.0
1576.0,2.3204845237966034,0.22951547620339605,-4.440892098500626e-16
1577.0,2.3203622171299907,0.22963778287000833,-8.881784197001252e-16
1578.0,2.320239929903757,0.2297600700962419,-8.881784197001252e-16
1579.0,2.32011766210865,0.22988233789134954,-4.440892098500626e-16
1580.0,2.319995413735576,0.230004586264424,0.0
1581.0,2.3198731847752496,0.23012681522474923,-8.881784197001252e-16
1582.0,2.3197509752184535,0.23024902478154785,1.7763568394002505e-15
1583.0,2.3196287850561057,0.2303712149438933,-8.881784197001252e-16
1584.0,2.319506614278993,0.23049338572100728,4.440892098500626e-16
1585.0,2.31938446287791,0.23061553712208874,-8.881784197001252e-16
1586.0,2.3192623308437676,0.2307376691562314,-8.881784197001252e-16
1587.0,2.319140218167435,0.23085978183256425,-4.440892098500626e-16
1588.0,2.3190181248397703,0.23098187516022853,-8.881784197001252e-16
1589.0,2.3188960508516523,0.23110394914834761,0.0
1590.0,2.31877399619397,0.23122600380603048,8.881784197001252e-16
1591.0,2.318651960857629,0.23134803914237032,-4.440892098500626e-16
1592.0,2.3185299448335455,0.23147005516645372,-4.440892098500626e-16
1593.0,2.3184079481126423,0.23159205188735704,-4.440892098500626e-16
1594.0,2.3182859706858476,0.23171402931415144,-8.881784197001252e-16
1595.0,2.318164012544107,0.23183598745589237,-4.440892098500626e-16
1596.0,2.318042073678374,0.23195792632162668,4.440892098500626e-16
1597.0,2.3179201540796077,0.23207984592039146,-4.440892098500626e-16
1598.0,2.317798253738784,0.23220174626121587,0.0
1599.0,2.317676372646872,0.232323627353128,4.440892098500626e-16
1600.0,2.317554510794868,0.2324454892051324,4.440892098500626e-16
1601.0,2.3174326681737702,0.23256733182622918,-4.440892098500626e-16
1602.0,2.3173108447745903,0.23268915522540892,-4.440892098500626e-16
1603.0,2.3171890405883424,0.23281095941165694,-4.440892098500626e-16
1604.0,2.3170672556060485,0.23293274439395067,-4.440892098500626e-16
1605.0,2.3169454898187483,0.23305451018125065,-8.881784197001252e-16
1606.0,2.3168237432174887,0.23317625678251147,4.440892098500626e-16
1607.0,2.3167020157933207,0.23329798420667844,-8.881784197001252e-16
1608.0,2.316580307537308,0.23341969246269137,-4.440892098500626e-16
1609.0,2.3164586184405223,0.23354138155947762,0.0
1610.0,2.316336948494045,0.2336630515059548,0.0
1611.0,2.3162152976889683,0.2337847023110321,4.440892098500626e-16
1612.0,2.3160936660163904,0.23390633398360966,4.440892098500626e-16
1613.0,2.315972053467418,0.23402794653258135,-4.440892098500626e-16
1614.0,2.3158504600331717,0.23414953996682789,0.0
1615.0,2.3157288857047775,0.2342711142952223,0.0
1616.0,2.315607330473371,0.23439266952662854,-4.440892098500626e-16
1617.0,2.3154857943300984,0.2345142056699014,0.0
1618.0,2.3153642772661116,0.23463572273388877,4.440892098500626e-16
1619.0,2.315242779272573,0.2347572207274275,8.881784197001252e-16
1620.0,2.3151213003405524,0.23487869965944763,0.0
1621.0,2.3149998404491843,0.23500015955081674,1.3322676295501878e-15
1622.0,2.3148783995762248,0.2351216004237743,-8.881784197001252e-16
1623.0,2.3147569777099,0.2352430222900985,-1.3322676295501878e-15
1624.0,2.314635574843841,0.23536442515615807,-8.881784197001252e-16
1625.0,2.3145141909701192,0.2354858090298805,0.0
1626.0,2.3143928260797186,0.23560717392028144,4.440892098500626e-16
1627.0,2.314271480163653,0.23572851983634666,0.0
1628.0,2.314150153213147,0.2358498467868519,-8.881784197001252e-16
1629.0,2.3140288452195388,0.2359711547804606,-4.440892098500626e-16
1630.0,2.3139075561742146,0.23609244382578495,-4.440892098500626e-16
1631.0,2.3137862860684724,0.23621371393152799,4.440892098500626e-16
1632.0,2.3136650348936563,0.23633496510634366,0.0
1633.0,2.313543802641122,0.23645619735887746,0.0
1634.0,2.313422589302202,0.2365774106977977,-4.440892098500626e-16
1635.0,2.313301394868267,0.23669860513173288,0.0
1636.0,2.3131802193306554,0.23681978066934356,-8.881784197001252e-16
1637.0,2.313059062680742,0.23694093731925742,-4.440892098500626e-16
1638.0,2.3129379249099005,0.2370620750900984,-8.881784197001252e-16
1639.0,2.3128168060094985,0.23718319399050258,1.3322676295501878e-15
1640.0,2.3126957059709863,0.2373042940290138,4.440892098500626e-16
1641.0,2.312574624785701,0.2374253752142991,4.440892098500626e-16
1642.0,2.312453562445018,0.23754643755498117,-4.440892098500626e-16
1643.0,2.3123325189403525,0.23766748105964633,-8.881784197001252e-16
1644.0,2.3122114942632197,0.23778850573678167,1.7763568394002505e-15
1645.0,2.312090488404947,0.2379095115950526,0.0
1646.0,2.311969501356943,0.2380304986430566,0.0
1647.0,2.3118485331106773,0.2381514668893229,4.440892098500626e-16
1648.0,2.3117275836576803,0.23827241634231888,-8.881784197001252e-16
1649.0,2.3116066529893176,0.23839334701068254,4.440892098500626e-16
1650.0,2.311485741097019,0.2385142589029814,8.881784197001252e-16
1651.0,2.311364847972293,0.23863515202770624,-4.440892098500626e-16
1652.0,2.3112439736066754,0.238756026393323,-1.3322676295501878e-15
1653.0,2.311123117991611,0.238876882008388,-8.881784197001252e-16
1654.0,2.3110022811185935,0.23899771888140647,0.0
1655.0,2.310881462979119,0.2391185370208819,8.881784197001252e-16
1656.0,2.3107606635646936,0.23923933643530637,0.0
1657.0,2.310639882866838,0.2393601171331611,-8.881784197001252e-16
1658.0,2.310519120877079,0.23948087912292182,8.881784197001252e-16
1659.0,2.3103983775869437,0.23960162241305652,4.440892098500626e-16
1660.0,2.31027765298798,0.2397223470120188,-1.3322676295501878e-15
1661.0,2.3101569470717416,0.23984305292825817,0.0
1662.0,2.3100362598297797,0.2399637401702197,-4.440892098500626e-16
1663.0,2.3099155912536626,0.24008440874633802,8.881784197001252e-16
1664.0,2.3097949413349608,0.24020505866503983,8.881784197001252e-16
1665.0,2.309674310065255,0.24032568993474487,0.0
1666.0,2.3095536974361353,0.24044630256386446,0.0
1667.0,2.309433103439199,0.24056689656080124,4.440892098500626e-16
1668.0,2.309312528066049,0.2406874719339504,-4.440892098500626e-16
1669.0,2.309191971308301,0.24080802869169923,4.440892098500626e-16
1670.0,2.3090714331575697,0.24092856684243066,4.440892098500626e-16
1671.0,2.3089509136054827,0.24104908639451783,8.881784197001252e-16
1672.0,2.308830412643676,0.24116958735632402,4.440892098500626e-16
1673.0,2.3087099302637935,0.24129006973620618,0.0
1674.0,2.3085894664574873,0.24141053354251338,8.881784197001252e-16
1675.0,2.308469021216412,0.24153097878358812,0.0
1676.0,2.3083485945322333,0.24165140546776448,-2.220446049250313e-15
1677.0,2.308228186396632,0.24177181360336814,4.440892098500626e-16
1678.0,2.3081077968012833,0.2418922031987175,8.881784197001252e-16
1679.0,2.307987425737877,0.2420125742621232,4.440892098500626e-16
1680.0,2.3078670731986706,0.2421329268013279,-1.3322676295501878e-15
1681.0,2.307746739192305,0.24225326080769438,-4.440892098500626e-16
1682.0,2.3076264237334403,0.2423735762665589,-4.440892098500626e-16
1683.0,2.3075061268145367,0.242493873185464,8.881784197001252e-16
1684.0,2.307385848424599,0.2426141515754004,-4.440892098500626e-16
1685.0,2.3072655885551154,0.2427344114448852,8.881784197001252e-16
1686.0,2.3071453471982704,0.24285465280172866,-8.881784197001252e-16
1687.0,2.307025124345766,0.24297487565423465,8.881784197001252e-16
1688.0,2.3069049199893574,0.24309508001064273,4.440892098500626e-16
1689.0,2.3067847341206424,0.2432152658793559,-1.3322676295501878e-15
1690.0,2.306664566731338,0.24333543326866175,0.0
1691.0,2.3065444178130843,0.24345558218691643,8.881784197001252e-16
1692.0,2.3064242873575695,0.2435757126424303,0.0
1693.0,2.3063041753565194,0.24369582464347947,-8.881784197001252e-16
1694.0,2.3061840818016717,0.24381591819832873,4.440892098500626e-16
1695.0,2.306064006684777,0.24393599331522323,4.440892098500626e-16
1696.0,2.3059439499975336,0.2440560500024661,0.0
1697.0,2.305823911731748,0.24417608826825182,0.0
1698.0,2.3057038918791823,0.24429610812081604,-1.3322676295501878e-15
1699.0,2.3055838904315724,0.24441610956842683,-4.440892098500626e-16
1700.0,2.3054639073807754,0.24453609261922554,1.3322676295501878e-15
1701.0,2.3053439427185487,0.24465605728145065,-4.440892098500626e-16
1702.0,2.3052239964366743,0.24477600356332485,-8.881784197001252e-16
1703.0,2.3051040685270427,0.24489593147295682,-4.440892098500626e-16
1704.0,2.304984158981424,0.24501584101857662,8.881784197001252e-16
1705.0,2.3048642677916535,0.24513573220834559,-8.881784197001252e-16
1706.0,2.3047443949496795,0.24525560505032015,0.0
1707.0,2.3046245404472545,0.2453754595527447,-4.440892098500626e-16
1708.0,2.3045047042762095,0.24549529572379067,4.440892098500626e-16
1709.0,2.30438488642837,0.2456151135716295,-4.440892098500626e-16
1710.0,2.304265086895828,0.24573491310417206,0.0
1711.0,2.304145305670322,0.24585469432967727,-4.440892098500626e-16
1712.0,2.3040255427437124,0.24597445725628864,1.3322676295501878e-15
1713.0,2.303905798107856,0.24609420189214531,1.7763568394002505e-15
1714.0,2.3037860717548173,0.2462139282451822,-4.440892098500626e-16
1715.0,2.3036663636764945,0.24633363632350552,0.0
1716.0,2.3035466738647283,0.2464533261352723,8.881784197001252e-16
1717.0,2.303427002311414,0.24657299768858504,-8.881784197001252e-16
1718.0,2.3033073490085485,0.24669265099145135,0.0
1719.0,2.3031877139481676,0.24681228605183309,8.881784197001252e-16
1720.0,2.303068097122162,0.2469319028778375,-4.440892098500626e-16
1721.0,2.3029484985225026,0.24705150147749613,-8.881784197001252e-16
1722.0,2.3028289181411634,0.2471710818588361,-4.440892098500626e-16
1723.0,2.3027093559701104,0.24729064402989057,1.3322676295501878e-15
1724.0,2.3025898120013393,0.24741018799866044,0.0
1725.0,2.302470286226852,0.24752971377314814,4.440892098500626e-16
1726.0,2.3023507786386515,0.2476492213613482,0.0
1727.0,2.3022312892287533,0.2477687107712461,-4.440892098500626e-16
1728.0,2.302111817989183,0.24788818201081556,-1.3322676295501878e-15
1729.0,2.301992364911971,0.24800763508802856,0.0
1730.0,2.3018729299891527,0.2481270700108465,-4.440892098500626e-16
1731.0,2.301753513212778,0.2482464867872226,8.881784197001252e-16
1732.0,2.3016341145748958,0.2483658854251039,0.0
1733.0,2.301514734067564,0.2484852659324354,-4.440892098500626e-16
1734.0,2.3013953716828555,0.24860462831714386,-4.440892098500626e-16
1735.0,2.3012760274128476,0.24872397258715231,0.0
1736.0,2.301156701249624,0.2488432987503759,0.0
1737.0,2.3010373931852763,0.24896260681472301,-4.440892098500626e-16
1738.0,2.3009181032119,0.24908189678810017,4.440892098500626e-16
1739.0,2.3007988313215995,0.24920116867840017,0.0
1740.0,2.3006795775070303,0.2493204224929699,4.440892098500626e-16
1741.0,2.3005603417721674,0.24943965822783182,-4.440892098500626e-16
1742.0,2.3004411241217886,0.24955887587820993,-1.3322676295501878e-15
1743.0,2.3003219245512403,0.24967807544876014,4.440892098500626e-16
1744.0,2.3002027430506176,0.24979725694938126,-8.881784197001252e-16
1745.0,2.3000835796113104,0.2499164203886892,-4.440892098500626e-16
1746.0,2.299964434225478,0.25003556577452174,0.0
1747.0,2.299845306885503,0.2501546931144965,0.0
1748.0,2.2997261975836074,0.25027380241639363,1.3322676295501878e-15
1749.0,2.2996071063119063,0.25039289368809375,4.440892098500626e-16
1750.0,2.2994880330624796,0.2505119669375193,-8.881784197001252e-16
1751.0,2.2993689778274846,0.25063102217251676,1.7763568394002505e-15
1752.0,2.2992499405990547,0.2507500594009444,-8.881784197001252e-16
1753.0,2.299130921369347,0.25086907863065216,-8.881784197001252e-16
1754.0,2.299011920130493,0.2509880798695065,-4.440892098500626e-16
1755.0,2.2988929368746924,0.2511070631253068,-4.440892098500626e-16
1756.0,2.2987739715941213,0.2512260284058785,0.0
1757.0,2.298655024280938,0.2513449757190613,-8.881784197001252e-16
1758.0,2.2985360949274067,0.25146390507259303,0.0
1759.0,2.2984171835256877,0.2515828164743122,0.0
1760.0,2.2982982900680367,0.2517017099319623,-8.881784197001252e-16
1761.0,2.2981794145467123,0.2518205854532881,4.440892098500626e-16
1762.0,2.2980605569538826,0.2519394430461166,-8.881784197001252e-16
1763.0,2.297941717281763,0.25205828271823555,-1.3322676295501878e-15
1764.0,2.297822895522686,0.2521771044773141,0.0
1765.0,2.2977040916689133,0.25229590833108734,8.881784197001252e-16
1766.0,2.2975853057126443,0.25241469428735697,1.3322676295501878e-15
1767.0,2.297466537646117,0.2525334623538824,-4.440892098500626e-16
1768.0,2.2973477874617427,0.25265221253825854,1.3322676295501878e-15
1769.0,2.2972290551517687,0.25277094484823076,-4.440892098500626e-16
1770.0,2.2971103407084414,0.2528896592915579,-4.440892098500626e-16
1771.0,2.2969916441240326,0.2530083558759676,4.440892098500626e-16
1772.0,2.29687296539097,0.25312703460902924,-8.881784197001252e-16
1773.0,2.2967543045015373,0.25324569549846276,0.0
1774.0,2.296635661448053,0.25336433855194757,8.881784197001252e-16
1775.0,2.296517036222854,0.2534829637771461,4.440892098500626e-16
1776.0,2.2963984288182706,0.2536015711817296,4.440892098500626e-16
1777.0,2.296279839226661,0.25372016077333887,0.0
1778.0,2.296161267440385,0.2538387325596154,8.881784197001252e-16
1779.0,2.2960427134518064,0.2539572865481932,0.0
1780.0,2.2959241772533017,0.25407582274669854,4.440892098500626e-16
1781.0,2.2958056588372506,0.2541943411627492,0.0
1782.0,2.295687158196042,0.2543128418039566,-1.3322676295501878e-15
1783.0,2.2955686753220768,0.2544313246779241,8.881784197001252e-16
1784.0,2.2954502102077523,0.2545497897922474,0.0
1785.0,2.2953317628454846,0.2546682371545149,-4.440892098500626e-16
1786.0,2.295213333227683,0.2547866667723171,4.440892098500626e-16
1787.0,2.295094921346774,0.2549050786532238,-1.7763568394002505e-15
1788.0,2.2949765271951983,0.2550234728048024,8.881784197001252e-16
1789.0,2.2948581507653856,0.25514184923461297,-1.3322676295501878e-15
1790.0,2.2947397920497923,0.25526020795020826,8.881784197001252e-16
1791.0,2.294621451040855,0.25537854895914425,-4.440892098500626e-16
1792.0,2.294503127731045,0.2554968722689556,8.881784197001252e-16
1793.0,2.2943848221128245,0.255615177887175,-4.440892098500626e-16
1794.0,2.2942665341786714,0.25573346582132805,-4.440892098500626e-16
1795.0,2.2941482639210675,0.25585173607893325,8.881784197001252e-16
1796.0,2.294030011332493,0.25596998866750675,0.0
1797.0,2.293911776405449,0.25608822359455125,4.440892098500626e-16
1798.0,2.2937935591324345,0.2562064408675648,-4.440892098500626e-16
1799.0,2.2936753595059605,0.2563246404940384,-8.881784197001252e-16
1800.0,2.2935571775185433,0.25644282248145617,-4.440892098500626e-16
