time_s,r_0.0_cm,r_0.1_cm,r_0.2_cm,r_0.3_cm,r_0.4_cm,r_0.5_cm,r_0.6_cm,r_0.7_cm,r_0.8_cm,r_0.9_cm,r_1.0_cm,r_1.1_cm,r_1.2_cm,r_1.3_cm,r_1.4_cm,r_1.5_cm,r_1.6_cm,r_1.7_cm,r_1.8_cm,r_1.9_cm,r_2.0_cm
0.0,28.0,28.0,28.0,28.0,28.0,28.0,28.0,28.0,28.0,28.0,28.0,28.0,28.0,28.0,28.0,28.0,28.0,28.0,28.0,28.0,28.0
1.0,28.000000000000075,28.000000000002885,27.999999999997254,27.999999999999673,28.000000000000338,27.99999999999935,27.99999999999772,27.999999999999904,27.999999999997623,27.999999999997737,27.999999999997623,27.999999999999215,28.00000000000171,28.000000000003954,28.000000000002213,28.00000000000268,28.000000000001585,28.00000000000013,28.00000000615386,28.00000309638882,28.000186636283747
2.0,28.000000000000675,28.000000000005116,27.999999999995737,27.99999999999802,28.000000000001197,28.000000000001325,27.999999999998302,27.999999999998977,27.999999999996156,27.999999999993964,27.999999999994696,27.999999999998924,28.000000000002775,28.000000000007912,28.00000000000371,28.000000000001574,28.000000000018765,28.000000007108945,28.00000089291489,28.000035653307734,28.000525287145457
3.0,28.000000000001336,28.000000000005286,27.99999999999562,27.99999999999776,27.999999999999734,28.0000000000017,27.999999999998494,27.99999999999777,27.999999999993868,27.999999999990617,27.999999999993765,27.999999999997918,28.000000000005357,28.000000000010623,28.000000000006214,28.000000000020695,28.00000000300534,28.00000021962985,28.000007262638135,28.000115207497895,28.000961378465785
4.0,28.000000000004615,28.00000000000548,27.999999999995065,27.999999999996867,27.99999999999879,28.00000000000032,27.99999999999861,27.999999999998785,27.999999999993168,27.999999999991694,27.999999999992333,27.999999999996856,28.00000000000594,28.000000000012015,28.000000000017604,28.000000000958682,28.0000000517652,28.000001529482063,28.000025251938023,28.000244302362763,28.00147545321713
5.0,28.00000000000556,28.00000000000465,27.999999999993406,27.999999999996856,28.00000000000214,28.000000000002032,27.999999999997016,27.999999999996184,27.999999999992077,27.999999999989644,27.999999999989367,27.99999999999833,28.00000000000954,28.000000000019906,28.000000000280252,28.000000012023573,28.000000329069596,28.000005564927886,28.000059701704448,28.000421776520334,28.0020562753601
6.0,28.000000000003645,28.000000000005247,27.999999999992653,27.99999999999656,28.000000000004626,28.000000000001766,27.9999999999979,27.999999999994593,27.999999999990088,27.99999999998793,27.99999999999035,27.99999999999922,28.000000000010857,28.000000000090324,28.000000002789413,28.00000007189885,28.000001234622736,28.000014281433007,28.000113915884267,28.000645606914308,28.002696268304586
7.0,28.000000000004697,28.000000000001194,27.99999999999214,27.99999999999647,28.000000000005976,28.000000000002583,27.999999999994987,27.999999999997087,27.99999999998872,27.999999999987633,27.999999999987736,28.00000000000229,28.000000000030912,28.00000000066206,28.000000015913646,28.00000027575012,28.000003376113572,28.00002962451323,28.000190051243287,28.000913656023112,28.003389873999684
8.0,28.00000000000007,28.00000000000335,27.99999999999333,27.999999999999606,28.000000000003507,28.000000000002004,27.999999999996792,27.999999999993044,27.999999999988837,27.999999999985484,27.999999999989615,28.00000000000453,28.00000000016153,28.00000000357562,28.000000062006407,28.000000792996424,28.00000750954963,28.000053363901806,28.000289479057635,28.001223890755828,28.00413278936735
9.0,28.00000000000049,28.000000000001933,27.999999999991388,27.999999999996575,28.000000000001727,28.00000000000174,27.99999999999524,27.999999999994277,27.999999999991147,27.999999999986322,27.99999999998883,28.00000000003491,28.000000000818652,28.000000014052194,28.000000185716694,28.000001870639686,28.000014471920487,28.000087037182624,28.000413041283913,28.00157444136209,28.00492155432303
10.0,28.00000000000524,28.000000000002196,27.999999999995083,27.99999999999491,27.99999999999945,27.999999999998888,27.999999999993996,27.999999999991935,27.999999999989964,27.99999999998551,27.9999999999973,28.000000000185345,28.00000000321478,28.000000043482316,28.0000004604721,28.000003825028653,28.000025126612172,28.000131948082853,28.00056122011319,28.001963606924765,28.005753309495002
11.0,28.00000000000013,28.000000000001567,27.999999999993033,27.99999999999428,28.000000000003183,28.000000000001155,27.999999999993975,27.999999999989647,27.999999999985526,27.99999999998717,28.000000000027633,28.000000000734193,28.000000010200424,28.00000011248157,28.000000991888424,28.00000702815211,28.00004032487321,28.00018918574527,28.000734252430796,28.00238984454819,28.006625638517097
12.0,28.000000000002764,28.00000000000104,27.99999999999302,27.99999999999795,28.000000000004032,28.000000000000842,27.99999999998954,27.999999999989598,27.999999999980997,27.999999999993268,28.00000000015581,28.00000000239511,28.00000002735178,28.00000025364842,28.000001918148225,28.0000118920732,28.00006088156094,28.00025965255947,28.000932204861098,28.002851752237248,28.00753646586989
13.0,28.000000000001247,28.00000000000174,27.99999999999331,27.999999999996607,28.00000000000259,28.00000000000167,27.999999999991996,27.999999999988756,27.99999999998666,28.000000000020883,28.00000000055333,28.00000000663353,28.000000064216753,28.000000513648224,28.000003407987176,28.00001885448397,28.00008756143474,28.000344091339393,28.001155025371467,28.003348052772107,28.00848398340112
14.0,27.999999999994408,28.00000000000112,27.999999999993367,27.999999999992507,28.000000000000856,28.000000000002156,27.999999999993925,27.999999999987335,27.999999999990997,28.00000000011515,28.000000001598664,28.000000016144213,28.00000013556289,28.000000954481155,28.00000565722184,28.000028366351433,28.00012107217619,28.00044311019443,28.001402579451216,28.0038775784101,28.009466597225558
15.0,27.999999999995893,27.999999999998156,27.99999999998954,27.999999999991953,28.000000000002814,27.999999999999744,27.9999999999919,27.999999999988617,28.00000000001241,28.000000000373454,28.000000004030788,28.000000035388723,28.00000026249732,28.000001653901332,28.000008884475704,28.000040881826752,28.000162062236363,28.000557204547093,28.00167467507925,28.004439257346473,28.01048288857047
16.0,27.999999999994852,27.99999999999704,27.99999999998774,27.999999999995854,28.00000000000281,27.999999999997442,27.999999999989928,27.99999999999261,28.00000000007206,28.000000000991527,28.000000009159375,28.000000071166475,28.000000473387633,28.000002705098225,28.000013326567323,28.000056850646555,28.00021112189856,28.0006867752794,28.00197107988726,28.005032102366812,28.011531584560203
17.0,27.999999999993282,27.999999999998533,27.999999999990496,27.99999999999796,27.999999999999915,27.999999999996216,27.999999999991743,28.00000000000748,28.000000000228116,28.000000002346436,28.000000019080986,28.000000133199823,28.0000008044877,28.000004215884108,28.000019234167294,28.000076712431195,28.000268785584602,28.000832144120317,28.002291534312295,28.005655200902176,28.012611534507137
18.0,27.999999999997335,27.999999999999158,27.99999999998879,27.999999999996604,27.99999999999939,27.999999999999087,27.999999999996092,28.0000000000468,28.000000000583864,28.000000005064283,28.000000036971116,28.000000234661158,28.000001300326627,28.000006307479822,28.000026867739106,28.000100892559566,28.000335535178934,28.000993566600258,28.002635760891803,28.006307706470324,28.013721691503424
19.0,27.999999999999226,27.999999999998053,27.999999999987978,27.999999999995065,28.00000000000083,28.00000000000165,28.00000000000623,28.000000000137746,28.000000001323222,28.000000010146827,28.000000067378597,28.000000392647543,28.00000201383117,28.000009113054958,28.00003649391796,28.000129799369407,28.00041180395829,28.00117124271426,28.003003470853415,28.006988831384735,28.014861097883482
20.0,27.999999999996145,27.99999999999565,27.999999999988567,27.999999999994934,28.00000000000234,28.0000000000042,28.000000000029225,28.000000000336733,28.000000002752607,28.000000019101115,28.000000116504953,28.000000628541684,28.000003006237687,28.000012776130788,28.000048382394965,28.000163822470306,28.000497980551486,28.001365325694557,28.00339436898585,28.007697840544957,28.016028873318998
21.0,27.999999999994568,27.999999999999478,27.999999999988276,27.99999999999449,28.00000000000312,28.000000000011827,28.00000000008358,28.00000000073593,28.00000000535308,28.00000003407832,28.00000019248326,28.000000968316055,28.000004346779797,28.00001744897742,28.00006280331322,28.000203331814138,28.00059441280226,28.001575929308373,28.003808157253385,28.00843404603443,28.01722420503817
22.0,27.99999999999929,28.000000000001403,27.99999999999033,27.999999999994092,28.00000000000392,28.000000000026695,28.000000000196362,28.000000001487106,28.00000000985089,28.000000058034665,28.000000305652193,28.00000144268962,28.00000611227235,28.00002329105418,28.000080025115153,28.00024867725131,28.00070141139966,28.001803134053073,28.00424453752659,28.0091968024281,28.01844633960594
23.0,28.00000000000694,28.00000000000153,27.999999999989576,27.999999999993477,28.00000000000676,28.000000000056318,28.000000000411863,28.000000002823775,28.000000017278264,28.000000094878427,28.000000468773706,28.000002087226196,28.00000838660775,28.000030467503475,28.000100312736933,28.00030018850914,28.000819253365446,28.002046992373284,28.004703213584502,28.00998550264066,28.01969457595929
24.0,28.000000000007713,28.000000000004103,27.999999999994856,27.999999999995673,28.000000000015103,28.000000000116113,28.000000000806452,28.000000005098762,28.000000029055805,28.000000149639632,28.00000069724031,28.00000294234732,28.000011260143488,28.00003914776992,28.000123926189943,28.000358175543056,28.000948185265706,28.00230753294987,28.005183892505546,28.01079957438712,28.020968259671324
25.0,28.00000000000227,28.000000000005492,27.999999999995918,28.000000000000274,28.000000000032244,28.00000000023241,28.000000001497042,28.000000008812787,28.000000047082693,28.000000228624952,28.000001009208493,28.000004053245156,28.000014829064906,28.000049504338065,28.000151119493125,28.000422929128693,28.00108842610371,28.002584764241387,28.00568628563317,28.011638477090646,28.022266778120677
26.0,28.00000000000258,28.00000000000879,27.999999999996017,28.000000000002995,28.000000000065782,28.000000000445652,28.00000000265839,28.000000014660035,28.000000073833654,28.000000339543195,28.00000142571951,28.000005469743606,28.000019194702922,28.00006171160651,28.000182139843176,28.000494721560287,28.00124016996845,28.002878677516108,28.006210109333082,28.012501699118886,28.023589556275546
27.0,28.000000000008008,28.00000000000801,27.99999999999724,28.00000000001331,28.000000000130882,28.000000000808367,28.00000000453696,28.00000002357602,28.0000001124389,28.000000491644474,28.000001970775084,28.00000724611604,28.000024462903802,28.000075944877516,28.000217226997385,28.000573807411502,28.001403588417823,28.003189249479373,28.006755085521647,28.01338875535022,28.02493605296248
28.0,28.00000000001406,28.000000000009074,28.000000000000476,28.000000000033637,28.0000000002449,28.00000000140805,28.000000007478015,28.000000036787455,28.00000016677001,28.000000695829453,28.000002671378475,28.000009440851294,28.00003074338508,28.000092379497612,28.0002566128293,28.000660424354596,28.001578832642473,28.00351644445763,28.007320941995935,28.01429918499121,28.02630575771012
29.0,28.000000000011205,28.00000000001012,28.000000000005656,28.000000000071378,28.00000000043849,28.000000002372175,28.00000001194325,28.000000055852933,28.00000024154168,28.00000096474587,28.000003557526053,28.00001211640788,28.000038149116598,28.00011119005712,28.000300521011674,28.00075479402494,28.001766035469654,28.003860216336875,28.007907412668043,28.01523254961011,28.02769818789245
30.0,28.00000000000677,28.000000000010644,28.000000000015277,28.00000000013664,28.000000000756625,28.00000000387454,28.000000018551162,28.000000082738843,28.00000034240375,28.00000131287183,28.000004662188793,28.000015338924666,28.00004679573184,28.000132549746787,28.000349166866478,28.00085712290285,28.001965313108208,28.004220510095795,28.008514237656435,28.016188431445077,28.029112886362746
31.0,28.000000000007613,28.000000000012864,28.000000000037538,28.000000000243972,28.00000000126131,28.00000000614907,28.000000028091737,28.0000001198669,28.000000476001517,28.000001756565908,28.00000602124332,28.000019177924713,28.000056800976,28.000156629806924,28.000402757321808,28.000967603178015,28.002176766719273,28.004597263162314,28.009141163296423,28.017166431857365,28.030549419321005
32.0,28.000000000012705,28.000000000019526,28.00000000007711,28.000000000416716,28.000000002045823,28.000000009508135,28.00000004157135,28.00000017016527,28.000000650050012,28.000002314116376,28.000007673394467,28.000023706018816,28.000068284197013,28.00018359905939,28.000461490935823,28.001086413574054,28.002400483839693,28.004990406559,28.009787942120393,28.01816616996218,28.032007374420722
33.0,28.000000000018293,28.000000000033875,28.000000000140265,28.000000000690587,28.000000003233,28.000000014361824,28.000000060237728,28.000000237122965,28.000000873401255,28.000003005763013,28.00000966008274,28.000028998599788,28.00008136587547,28.000213623504987,28.000525557965098,28.001213720154247,28.002636539679294,28.00539986593555,28.010454332799846,28.01918728134952,28.03348635903541
34.0,28.000000000025832,28.00000000005949,28.000000000239755,28.00000000111595,28.000000004982763,28.0000000212348,28.000000085616882,28.000000324844795,28.000001156102044,28.000003853702978,28.000012025366615,28.0000351335437,28.00009616721336,28.000246866020465,28.00059514049948,28.001349677076217,28.00288499824526,28.005825562408713,28.01114010005123,28.020229416969308,28.03498599877798
35.0,28.00000000004564,28.000000000104176,28.00000000040092,28.00000000175743,28.000000007512725,28.000000030773105,28.000000119557836,28.000000438112,28.000001509433872,28.000004882091424,28.000014815787807,28.000042190925242,28.000112809742067,28.000283486096265,28.000670412620853,28.00149442733052,28.00314591340521,28.006267413325173,28.01184501452297,28.02129224208102,28.036505936144927
36.0,28.00000000008286,28.00000000017654,28.000000000648843,28.000000002704986,28.00000001109623,28.00000004378827,28.000000164254143,28.000000582420643,28.00000194595904,28.00000611701296,28.000018080237254,28.000050252728908,28.000131414949877,28.000323639616134,28.00075154059865,28.001648103436104,28.00341932984674,28.00672533291895,28.012568852663904,28.022375435315023,28.038045829256696
37.0,28.000000000146816,28.00000000029027,28.000000001022187,28.000000004074593,28.000000016086787,28.000000061264785,28.000000222291572,28.0000007640249,28.00000247954504,28.000007586464157,28.000021869815452,28.000059402583744,28.000152103995788,28.000367478715987,28.000838683116292,28.001810828090782,28.00370528388866,28.007199232827844,28.013311396552382,28.0234786878425,28.03960535081095
38.0,28.00000000024867,28.000000000464546,28.000000001571465,28.000000006016712,28.00000002292161,28.000000084388027,28.000000296678255,28.000000989983004,28.000003125396056,28.000009320315556,28.00002623768734,28.00006972548922,28.000174997376106,28.000415151605416,28.00093199147892,28.00198271483589,28.004003804366242,28.007689022691093,28.014072433767254,28.024601702493484,28.041184186935443
39.0,28.00000000040593,28.000000000727333,28.000000002367553,28.00000000872702,28.000000032131148,28.000000114567715,28.000000390879826,28.000001268187145,28.000003900048597,28.00001135023266,28.00003123891614,28.00008130758287,28.00020021474718,28.000466802576984,28.00103160991441,28.002163868576677,28.004314913140963,28.008194610390692,28.014851757200567,28.025744193206783,28.04278203652688
40.0,28.000000000637844,28.000000001115314,28.000000003500958,28.000000012451007,28.00000004436754,28.00000015346288,28.000000508853,28.000001607395973,28.00000482138204,28.000013709637642,28.00003693032446,28.0000942359168,28.000227874688036,28.000522571924506,28.001137675783472,28.00235438614312,28.00463862580181,28.008715902496682,28.015649164922824,28.026905884295864,28.044398610328223
41.0,28.00000000097626,28.00000000167709,28.00000000508713,28.000000017489736,28.00000006041173,28.000000203004298,28.00000065507672,28.000002017267068,28.000005908623383,28.000016433645964,28.00004337033674,28.000108598225957,28.000258094480266,28.00058259588883,28.001250319841645,28.002554356828746,28.00497495227393,28.00925280460801,28.01646446001175,28.028086509818284,28.046033630132765
42.0,28.000000001470656,28.000000002476348,28.000000007270124,28.000000024207438,28.000000081194802,28.000000265419526,28.000000834581108,28.000002508378145,28.00000718233259,28.000019558993298,28.000050618828723,28.000124482741988,28.000290989964768,28.000647006680456,28.001369666493495,28.002763862836105,28.005323897280412,28.00980522158195,28.01729745039344,28.029285813066913,28.047686828164842
43.0,28.00000000218265,28.00000000360159,28.00000001023306,28.000000033056097,28.000000107809356,28.00000034326076,28.00000105297589,28.000003092244153,28.00000866438324,28.000023123954573,28.000058736998295,28.000141978004063,28.000326675400803,28.000715932488202,28.001495834031285,28.00298297973489,28.00568546082755,28.010373057792172,28.01814794869297,28.030503546049673,28.049357946427758
44.0,28.000000003188035,28.000000005156117,28.000000014202215,28.000000044572346,28.000000141530226,28.00000043942614,28.000001316476702,28.000003781320018,28.000010377953835,28.000027168275658,28.00006778721275,28.000161172691186,28.000365263348023,28.00078949751986,28.00162893489133,28.003211776870696,28.006059638606025,28.01095621732128,28.019015772075004,28.03173946902195,28.051046736158064
45.0,28.000000004580734,28.000000007270323,28.00000001945401,28.000000059395937,28.00000018382929,28.000000557185142,28.00000163193236,28.00000458902626,28.00001234750775,28.000031733095962,28.00007783287085,28.000182155431418,28.00040686451361,28.000867822002107,28.001769075896277,28.003450317826104,28.006446422486214,28.011554604219693,28.019900742090126,28.032993349958197,28.05275295716237
46.0,28.000000006482328,28.00000001011486,28.000000026323175,28.000000078282078,28.000000236398456,28.00000070019251,28.00000200683352,28.00000552974413,28.000014598732644,28.000036860851846,28.000088938278733,28.000205014717267,28.00045158775268,28.00095102229213,28.001916358484557,28.003698660671443,28.006845800684676,28.01216812252086,28.020802684537205,28.03426496430107,28.05447637755107
47.0,28.00000000904252,28.000000013893533,28.000000035211077,28.000000102109123,28.000000301162927,28.000000872520385,28.000002449342286,28.000006618827058,28.00001715854561,28.00004259521504,28.000101168513055,28.00022983870489,28.00049953990235,28.001039210884898,28.002070878953596,28.00395685843526,28.00725775828162,28.012796676524612,28.02172142931006,28.03555409441375,28.056216773057535
48.0,28.000000012454,28.000000018853576,28.00000004659681,28.00000013188971,28.000000380302847,28.00000107867676,28.000002968294325,28.000007872587393,28.00002005503381,28.00004898100114,28.000114589314094,28.000256715149067,28.00055082580387,28.001132496546024,28.002232728672023,28.00422495931042,28.007682277342624,28.01344017078409,28.022656810271812,28.036860529382086,28.057973926834176
49.0,28.000000016945247,28.00000002529789,28.00000006104096,28.000000168793303,28.000000476263683,28.00000132361282,28.000003573222692,28.000009308292146,28.00002331741355,28.000056064080123,28.000129266972618,28.000285731279224,28.000605548228098,28.001230984352436,28.002401994281755,28.004503006997076,28.008119337250804,28.014098510268788,28.02360866511893,28.03818406462961,28.059747628967376
50.0,28.000000022794904,28.000000033586968,28.000000079197545,28.000000214152173,28.000000591778527,28.000001612752083,28.00000427436948,28.000010944164742,28.000026976002395,28.000063891303157,28.00014526820345,28.000316973670586,28.000663807813964,28.00133477577142,28.00257875793568,28.0047910410271,28.008568915001447,28.014771600474916,28.02457683524228,28.039524501560894,28.06153767607104
51.0,28.0000000303428,28.000000044152717,28.00000010182787,28.00000026948105,28.000000729886885,28.00000195200047,28.000005082686037,28.00001279935464,28.000031062166194,28.00007251042944,28.00016266007136,28.000350528208962,28.000725703102503,28.001443968760178,28.002763097460342,28.00508909691958,28.009030985302456,28.01545934743763,28.025561165633857,28.040881647380292,28.06334387108689
52.0,28.000000039989352,28.00000005750077,28.00000012980918,28.00000033648933,28.000000893945607,28.00000234776668,28.00000600984771,28.000014893940424,28.000035608279237,28.00008197003922,28.000181509868906,28.00038647995943,28.000791330463912,28.001558657835858,28.002955086580883,28.00539720653286,28.00950552089983,28.01616165786426,28.026561504736172,28.04225531471834,28.065166022832564
53.0,28.000000052205927,28.00000007421967,28.000000164151874,28.00000041709805,28.000001087644776,28.000002806975957,28.000007068248593,28.00001724890232,28.00004064767127,28.00009231946534,28.00020188504441,28.000424913130182,28.000860784127074,28.00167893417498,28.003154795083788,28.005715398227984,28.00999249268786,28.01687843914862,28.027577704344335,28.04364532144453,28.06700394579733
54.0,28.000000067547184,28.000000094996928,28.000000205997512,28.00000051343957,28.00000131502642,28.000003337069458,28.00000827099728,28.00001988610431,28.0000462145892,28.000103608723823,28.00022385312622,28.00046591101652,28.000934156174935,28.001804885701123,28.003362288972426,28.006043697068936,28.010491869869696,28.01760959940195,28.028609619499836,28.045051490462317,28.06885745990622
55.0,28.000000086653152,28.0000001206193,28.000000256641083,28.00000062788495,28.000001580498616,28.00000394603615,28.00000963193707,28.000022828289254,28.000052344150816,28.0001158884273,28.00024748159656,28.000509555878597,28.00101153649678,28.001936597161357,28.00357763070642,28.006382125146146,28.01100362024537,28.018355047578506,28.029657108351294,28.046473649340143,28.070726390084882
56.0,28.00000011027068,28.000000151993035,28.00000031754164,28.000000763056498,28.000001888843748,28.000004642393982,28.000011165623906,28.000026099031558,28.0000590722922,28.000129209734812,28.0002728378906,28.0005559289962,28.001093012897265,28.002074150247022,28.003800879265142,28.00673070155827,28.011527710135628,28.019114693383404,28.030720032114314,28.047911630330336,28.07261056630123
57.0,28.0000001392511,28.00000019014566,28.000000390329927,28.0000009218359,28.00000224524047,28.000005435225034,28.000012887342603,28.00002972274312,28.00006643572831,28.00014362426149,28.00029998924379,28.00060511050842,28.00117867099812,28.002217623654392,28.004032090411908,28.007089442822856,28.01206410476123,28.019888447432987,28.031798254900046,28.04936526992674,28.074509823041026
58.0,28.000000174568243,28.000000236247324,28.00000047682641,28.000001107379955,28.000002655264357,28.000006334159202,28.000014813067043,28.000033724610216,28.00007447189474,28.00015918405067,28.000329002717883,28.000657179504852,28.001268594362255,28.002367093181544,28.004271316719485,28.007458362807782,28.012612768107882,28.0206762211507,28.03289164369348,28.050834408931635,28.076423999414473
59.0,28.000000217325187,28.00000029161235,28.000000579046482,28.000001323136285,28.000003124917654,28.00000734940156,28.00001695949684,28.00003813061636,28.00008321892034,28.000175941484592,28.000359945070425,28.000712213892392,28.001362864452577,28.00252263184565,28.0045186078564,28.007837473114883,28.013173663273044,28.02147792687171,28.03400006814817,28.052318891985482,28.07835293860974
60.0,28.000000268775143,28.000000357719486,28.00000069923415,28.00000157285864,28.000003660602648,28.00000849171934,28.000019344011253,28.00004296746568,28.00009271556333,28.000193949240195,28.00039288274201,28.00077029041705,28.00146156066197,28.002684309913555,28.00477401056844,28.00822678299316,28.013746752364195,28.022293477838495,28.035123400664492,28.053818567737977,28.08029649231615
61.0,28.000000330321498,28.000000436210613,28.00000083983071,28.000001860588906,28.000004269157518,28.000009772421997,28.00002198464436,28.00004826255168,28.000103001117594,28.000213260167747,28.000427881735632,28.000831484579965,28.00156476030056,28.002852194953068,28.005037568849534,28.008626299602067,28.0143319967459,28.02312278825999,28.0362615179325,28.055334086248013,28.08230257197162
62.0,28.000000403535115,28.000000528921667,28.000001003529313,28.000002190713886,28.00000495786743,28.000011203410793,28.000024900139714,28.000054044001374,28.00011411549656,28.000233927392436,28.00046500772697,28.00089587077371,28.001672538775235,28.003026352079974,28.005309324152382,28.009036028131714,28.014929357010352,28.023965774991634,28.037414522471238,28.05687209423752,28.084362128346772
63.0,28.000000490163025,28.000000637876468,28.000001193266645,28.000002567948464,28.000005734463908,28.000012797153666,28.000028109883747,28.00006034058852,28.000126099094796,28.000256004129387,28.00050432588181,28.00096352211471,28.001784969474105,28.00320684389874,28.005589315423737,28.00945597192989,28.01553879390492,28.024822405075867,28.0385834798029,28.05843696758544,28.086460958092758
64.0,28.000000592143873,28.00000076530604,28.000001412236706,28.000002997344744,28.00000660712695,28.000014566679088,28.000031633912258,28.000067181713042,28.000138992764725,28.000279543678584,28.000545900855084,28.00103451048893,28.00190212384685,28.003393730613315,28.00587757923847,28.009886132807225,28.01616027786711,28.025692825157755,28.03976985280001,28.060029224220443,28.0885939119048
65.0,28.000000711616476,28.000000913660983,28.000001663908332,28.00000348431207,28.000007584497187,28.0000165255829,28.00003549288231,28.0000745973733,28.00015283778072,28.00030459938404,28.00058979676856,28.0011089065442,28.002024071432263,28.003587070111394,28.00617414996143,28.010326513073114,28.016793814846938,28.026577372578487,28.040974772860885,28.061648430495325,28.090757961475397
66.0,28.000000850922245,28.000001085622877,28.00000195202399,28.000004034626418,28.000008675681958,28.000018688011284,28.00003970807293,28.00008261815743,28.000167675793605,28.000331224581487,28.000636077164838,28.001186779672548,28.002150879906424,28.003786918055532,28.00647906024277,28.010777121080743,28.017439466272805,28.027476469791935,28.04219897772622,28.06329393438798,28.092951023385176
67.0,28.000001012644848,28.000001284111853,28.00000228062684,28.0000046544266,28.000009890251857,28.000021068677004,28.00004430135514,28.000091275182054,28.000183548805076,28.000359472567414,28.000684805001377,28.001268198036907,28.002282615108893,28.003993328035627,28.006792342291583,28.011237978248573,28.01809734680219,28.02839053774595,28.04344291163133,28.06496505681007,28.095171538269422
68.0,28.000001199591864,28.00000151230453,28.000002654052317,28.000005350238705,28.00001123824221,28.000023682836016,28.00004929518512,28.000100600084814,28.000200499114335,28.000389396549863,28.000736042593534,28.00135322853404,28.002419341102264,28.0042063519036,28.00711402994776,28.011709123791118,28.01876760891999,28.029319952819225,28.044706818906285,28.066661148755223,28.09741827202358
69.0,28.00000141481648,28.000001773637006,28.00000307695596,28.00000612896511,28.00001273016221,28.00002654629,28.00005471258474,28.000110624995244,28.000218569297274,28.000421049634852,28.00078985161387,28.00144193683221,28.002561120273903,28.004426040351685,28.007444160887395,28.012190615592594,28.01945042579411,28.03026503270229,28.045990809081907,28.06838160577052,28.099690211500818
70.0,28.00000166164555,28.00000207182313,28.000003554312496,28.00000699790655,28.00001437699549,28.000029675377377,28.00006057712702,28.000121382504048,28.00023780215382,28.000454484767715,28.000846293076446,28.0015343873816,28.002708013481158,28.004652443694567,28.00778277839566,28.012682528257386,28.020145977067646,28.031226035517815,28.04729490142982,28.07012586978091,28.101986500141535
71.0,28.000001943660724,28.00000241086926,28.00000409142598,28.000007964758435,28.000016190202594,28.00003308696415,28.000066912909325,28.000132905640143,28.000258240702713,28.000489754714316,28.00090542730167,28.00163064344291,28.002860080327967,28.004885612741003,28.008129932345764,28.01318494953614,28.020854438964612,28.03220316524112,28.048619053956863,28.07189342571626,28.104306398412287
72.0,28.00000226472832,28.000002795060194,28.0000046939383,28.000009037620035,28.000018181700376,28.000036798438604,28.000073744547127,28.000145227830927,28.00027992812185,28.000526912036754,28.000967313931888,28.001730767165213,28.00301737946266,28.005125599544243,28.00848567934109,28.01369797639263,28.021575978238943,28.033196578633916,28.049963182611922,28.0736837973539,28.10664925699557
73.0,28.000002628995226,28.00000322899588,28.00000536784213,28.00001022500152,28.000020363890428,28.000040827698953,28.000081097149547,28.000158382889975,28.000302907721313,28.00056600905914,28.001032011914052,28.00183481967835,28.003179968945584,28.005372458014627,28.008850082254963,28.014221711425517,28.02231074868815,28.034206392208773,28.05132717439373,28.075496542954294,28.109014498220315
74.0,28.000003040932445,28.00000371759266,28.000006119482745,28.000011535825646,28.000022749642188,28.000045193145024,28.000088996293822,28.000172404983427,28.000327222946552,28.000607097851606,28.001099579515124,28.00194286121917,28.003347906594804,28.005626244293044,28.009223209419545,28.014756259712076,28.023058889299993,28.035232688688794,28.052710896869417,28.07733125127026,28.11140160191999
75.0,28.000003505303205,28.00000426608853,28.000006955563837,28.000012979418447,28.000025352293683,28.000049913674957,28.000097468023238,28.00018732860781,28.00035291730399,28.000650230215737,28.001170074369643,28.002054951277387,28.003521250328784,28.005887016926316,28.009605133621218,28.015301726239713,28.023820523685696,28.036275522633925,28.054114204628455,28.07918753800095,28.113810095107596
76.0,28.000004027185767,28.000004880051733,28.000007883159476,28.000014565534485,28.000028185643867,28.000055008666607,28.000106538820752,28.000203188566548,28.000380034369087,28.000695457672116,28.001243553499965,28.002171148769133,28.003700058431765,28.00615483684468,28.009995930948858,28.015858214004,28.024595760441553,28.037334925155903,28.055536943520888,28.081065042752808,28.116239544601832
77.0,28.000004611998765,28.000005565392073,28.00000890972157,28.00001630435003,28.00003126395267,28.000060497967425,28.000116235593197,28.00022001994726,28.00040861775369,28.00074283144676,28.001320073383038,28.002291512203097,28.003884389751963,28.006429767191747,28.010395679709678,28.016425822633337,28.025384693843808,28.03841090782098,28.056978953851548,28.082963426449304,28.11868955105108
78.0,28.000005265495524,28.000006328357234,28.000010043079413,28.00001820645962,28.00003460193507,28.000066401885416,28.000126585649436,28.000237858095932,28.00043871108524,28.000792402495815,28.001399690019504,28.002416099813765,28.004074303827768,28.00671187306379,28.01080445946925,28.01700464736668,28.026187404661226,28.039503465947224,28.058440072874053,28.084882369068254,28.12115974391763
79.0,28.000005993760922,28.000007175564416,28.00001129144237,28.000020282877905,28.000038214766416,28.00007274118296,28.000137616686228,28.000256738595567,28.000470357998513,28.00084422150716,28.00148245899966,28.002544969710417,28.004269860961482,28.007001221188126,28.011222350201688,28.01759477839619,28.027003961139886,28.040612581349322,28.059920136495407,28.08682156771214,28.123649777598896
80.0,28.000006803236253,28.000008113992315,28.000012663410285,28.000022545043503,28.00004211806444,28.000079537058667,28.000149356767114,28.000276697252016,28.000503602118762,28.00089833891868,28.001568435570267,28.00267817997404,28.004471122223872,28.007297879565257,28.011649431508165,28.018196300390205,28.027834420053036,28.04173822468187,28.061418980540157,28.088780734869868,28.126159328234056
81.0,28.00000770072603,28.000009150976364,28.000014167979607,28.000025004822024,28.00004632789042,28.000086811137482,28.000161834309285,28.00029777007069,28.00053848705613,28.000954804936995,28.001657674708863,28.00281578875924,28.004678149428553,28.00760191711323,28.01208578198821,28.01880929232907,28.028678827751047,28.042880357293015,28.062936441561124,28.090759596998037,28.12868809123632
82.0,28.00000869340238,28.000010294227895,28.000015814542657,28.00002767449972,28.000050860741457,28.0000945854609,28.000175078067908,28.00031999324185,28.00057505640101,28.00101366956963,28.001750231191313,28.002957854359103,28.004891005043998,28.007913403291223,28.012531478723865,28.019433827446143,28.029537221143038,28.044038932770164,28.064472357456896,28.09275789327331,28.131235779165614
83.0,28.000009788802334,28.000011551841865,28.000017612886484,28.000030566784854,28.00005573354619,28.000102882476828,28.00018911711878,28.000343403128888,28.000613353724486,28.001074982653037,28.001846159655134,28.003104435237727,28.005109752080934,28.00823240775051,28.012986596893747,28.020069973297918,28.03040962858406,28.045213898192966,28.06602656792541,28.09477537451932,28.133802119937105
84.0,28.000010994833644,28.00001293229154,28.00001957319766,28.000033694811755,28.000060963658527,28.000111725025107,28.000203980845193,28.000368036258873,28.000653422580154,28.00113879387562,28.001945514648636,28.003255590036705,28.00533445398095,28.008559000033905,28.013451209456097,28.02071779185633,28.031296070683094,28.046405195277508,28.06759891487256,28.096811802202957,28.136386855173722
85.0,28.000012319788485,28.000014444437888,28.00002170606858,28.000037072124698,28.00006656884869,28.000121136325497,28.00021969893015,28.000393929311194,28.000695306509925,28.001205152815263,28.00204835066215,28.0034113775752,28.005565174484282,28.008893249302744,28.013925386908316,28.02137733967381,28.032196561061014,28.04761276130598,28.0691892426324,28.098866947585126,28.13898973890597
86.0,28.00001377234148,28.000016097529155,28.000024022500504,28.000040712678345,28.000072567298876,28.00013113996979,28.00023630132881,28.000421119111127,28.000739049054825,28.001274108968133,28.002154722164004,28.003571856849867,28.005801977487238,28.009235224063897,28.014409197080482,28.022048668076987,28.03311110707464,28.04883652996186,28.07079739814416,28.10094059092694,28.141610536379986
87.0,28.000015361560767,28.000017901209663,28.00002653389381,28.000044630856163,28.000078977596985,28.000141759912534,28.000253818271574,28.000449642618733,28.000784693760775,28.001345711761903,28.002264683623526,28.00373708699337,28.00604492690147,28.009584991970023,28.014902705033077,28.02273182342015,28.034039710442418,28.050076431898628,28.072423230995863,28.10303252086142,28.144249023174005
88.0,28.00001709690294,28.000019865521903,28.00002925205532,28.000048841445093,28.00008581872589,28.000153020455357,28.000272280246794,28.000479536931326,28.00083228418781,28.001420010587825,28.002378289531947,28.003907127234122,28.006294086525582,28.009942619602842,28.015405972962657,28.023426847313022,28.034982367831518,28.051332395372622,28.074066593526595,28.105142533749415,28.14690498422884
89.0,28.000018988216706,28.000022000908523,28.00003218919528,28.000053359639885,28.00009311005758,28.000164946239636,28.000291717994198,28.000510839280054,28.00088186391901,28.001497054816664,28.00249559440874,28.004082036841496,28.006549519906766,28.01030817231502,28.015919060183986,28.02413377689882,28.035939071362915,28.052604346643076,28.075727340800853,28.107270433178805,28.14957821317738
90.0,28.00002104575276,28.000024318203415,28.000035357931825,28.000058201044116,28.000100871350902,28.000177562245234,28.000312162499057,28.0005435870271,28.000933476567873,28.001576893811723,28.002616652785434,28.00426187507177,28.006811290217637,28.010681714119837,28.016442023138623,28.024852645097813,28.03690980902031,28.053892210336894,28.077405330616656,28.109416029502313,28.15226851170726
91.0,28.00002328016238,28.000026828643993,28.000038771284306,28.00006338165179,28.000109122741073,28.000190893768757,28.000333644984995,28.000577817668553,28.000987165793568,28.001659576939907,28.00274151919634,28.00444670110829,28.007079460146894,28.011063307572254,28.016974915392012,28.025583480826445,28.037894565109713,28.05519590985117,28.079100423515587,28.111579139377127,28.154975688896226
92.0,28.000025702491723,28.000029543870163,28.000042442678097,28.000068917854914,28.000117884734,28.00020496642449,28.000356196905333,28.000613568830627,28.00104297530167,28.001745153581837,28.002870248175242,28.0046365740036,28.007354091787064,28.01145301366755,28.017517787658143,28.026326309245917,28.03889332064102,28.056515367656065,28.08081248274573,28.113759585344212,28.157699560661
93.0,28.000028324179,28.000032475928066,28.00004638594122,28.000074826439985,28.00012717819796,28.00021980613661,28.000379849937588,28.0006508782709,28.00110094885106,28.001833673131372,28.003002894232065,28.00483155261685,28.007635246550244,28.011850891790722,28.01807068786293,28.02708115197695,28.039906053634024,28.057850505509197,28.082541374207622,28.115957195499615,28.160439949334027
94.0,28.000031157076865,28.00003563725865,28.0000506152931,28.000081124578536,28.000137024356693,28.000235439130208,28.000404635984346,28.00068978388424,28.0011611302683,28.001925184993638,28.003139511818187,28.005031695559925,28.007922985086847,28.012256999646894,28.018633661201157,28.027848027328,28.04093273943533,28.059201244668216,28.084286966407607,28.1181718031614,28.163196683244873
95.0,28.00003421343471,28.000039040707726,28.000055145355077,28.000087829829027,28.000147444786407,28.000251891924723,28.0004305871623,28.000730323695457,28.001223563440867,28.002019738586835,28.003280155321132,28.005237061134707,28.008217367190525,28.01267139321169,28.0192067501882,28.028626950502186,28.041973351035715,28.060567506132685,28.086049130418782,28.120403246527918,28.165969596244313
96.0,28.000037505912545,28.000042699517365,28.000059991143157,28.000094960130706,28.000158461410596,28.00026919132684,28.00045773580247,28.000772535862783,28.001288292322823,28.002117383330393,28.0034248790253,28.005447707276065,28.008518451739857,28.013094126717128,28.01978999475952,28.02941793380152,28.043027859285353,28.0619492107376,28.087827739801263,28.1226513684479,28.168758527438307
97.0,28.000041047556177,28.00004662733002,28.000065168062726,28.00010253378914,28.000170096488098,28.000287364427674,28.00048611444809,28.000816458680273,28.00135536092264,28.00221816863394,28.003573737077854,28.005663691500978,28.008826296661205,28.013525252671233,28.020383432359495,28.030220986790678,28.04409623305543,28.063346279251814,28.08962267053431,28.124916016219856,28.17156332093056
98.0,28.00004485181597,28.00005083818466,28.00007069191028,28.000110569482,28.00018237261251,28.000306438594155,28.000515755849094,28.000862130575676,28.001424813316866,28.002322143898482,28.00372678347085,28.005885070848233,28.009140958830613,28.01396482177907,28.02098709799262,28.031036116524287,28.045178439585918,28.06475863261842,28.091433800976574,28.127197041227483,28.174383825351793
99.0,28.000048932540455,28.000055346514987,28.000076578872175,28.00011908626105,28.000195312709575,28.000326441470445,28.00054669296403,28.00090959010991,28.001496693643528,28.00242935848891,28.00388407199131,28.006111901840637,28.00946249409645,28.01441288303572,28.021601024352787,28.03186332762998,28.046274444473,28.066186191876,28.093261011788755,28.129494298891522,28.177219893842956
100.0,28.00005330397192,28.000060167148874,28.0000828455152,28.000128103533733,28.00020894002652,28.00034740096994,28.00057895895311,28.000958875973566,28.001571046096252,28.00253986172975,28.004045656205758,28.006344240433965,28.009790957190585,28.01486948366949,28.022225241874853,28.03270262253921,28.047384211994157,28.06762887839382,28.095104185880377,28.13180764833869,28.180071383608688
101.0,28.000057980747375,28.000065315305616,28.000089508781276,28.00013764106231,28.000223278129003,28.000369345275953,28.000612587176793,28.001010026981113,28.00164791491908,28.002653702879776,28.00421158942275,28.006582141987973,28.01012640173565,28.015334669200513,28.0228597788331,28.033554001585333,28.048507705166102,28.06908661387079,28.09696320835103,28.1341369522905,28.182938155804717
102.0,28.000062977898242,28.000070806595577,28.00009658599492,28.00014771896242,28.000238350901043,28.000392302831735,28.000647611192075,28.001063082078527,28.00172734439582,28.002770931122257,28.004381924666344,28.006825661231474,28.010468880217452,28.015808483439464,28.023504661423168,28.034417463141708,28.049644885907117,28.070559320407714,28.098837966421605,28.136482076885844,28.18582007531825
103.0,28.00006831084692,28.000076657015786,28.000104094851658,28.00015835769682,28.000254182535727,28.0004163023388,28.00068406474958,28.001118080333473,28.001809378847888,28.002891595545996,28.004556714644984,28.007074852217116,28.010818443948157,28.016290968506954,28.02415991384487,28.035293003781227,28.0507957151983,28.072046920598684,28.100728349380788,28.13884289147723,28.188717010518218
104.0,28.000073995399116,28.000082882938177,28.00011205341476,28.000169578079436,28.000270797528806,28.000441372744486,28.0007219817889,28.00117506092697,28.001894062612173,28.00301574511733,28.004736011728593,28.00732976830927,28.011175143084582,28.016782164893215,28.02482555837977,28.036180618340474,28.051960153106144,28.073549337491425,28.102634248528318,28.141219268580752,28.191628833204007
105.0,28.000080047749368,28.000089501119746,28.000120480115402,28.00018140126018,28.000288220679195,28.00046754324768,28.00076139643735,28.001234063159554,28.00198144004807,28.00314342867693,28.00491986791325,28.007590462129084,28.011539026571143,28.017282111435318,28.025501615481467,28.037080300122106,28.05313815903241,28.07506649475418,28.104555557108757,28.14361108358893,28.194555418252495
106.0,28.000086484465747,28.00009652869105,28.000129393744732,28.00019384872384,28.000306477084756,28.00049484329981,28.00080234300831,28.00129512642762,28.00207155551164,28.003274694909503,28.005108334807048,28.007856985567997,28.011910142211292,28.017790845421622,28.026188103842202,28.037992040887634,28.05432969159576,28.07659831654419,28.10649217026742,28.146018214835454,28.197496643734393
107.0,28.000093322498177,28.000103983155945,28.000138813453617,28.00020694228935,28.000325592134235,28.000523302588206,28.000844855993886,28.001358290236237,28.00216445335773,28.003409592332993,28.005301463590488,28.00812938971862,28.01228853657275,28.01830840255087,28.026885040486047,28.038915831091074,28.05553470895698,28.078144727707357,28.108443984980788,28.14844054326092,28.200452390473902
108.0,28.00010057917213,28.00011188239139,28.000148758747358,28.000220704105196,28.00034559150573,28.000552951041705,28.000888970053648,28.001423594172035,28.002260177912348,28.00354816927555,28.005499305012666,28.0084077249292,28.012674255089447,28.018834817044112,28.027592440811024,28.03985165980053,28.056753168633165,28.079705653624263,28.11041090003512,28.150877952533545,28.203422542232087
109.0,28.00010827218354,28.000120244640183,28.00015924948267,28.00023515664297,28.000366501162,28.00058381882371,28.000934720021956,28.001491077913357,28.002358773476985,28.003690473859944,28.00570190934744,28.00869204070758,28.01306734197411,28.019370121619126,28.028310318702378,28.040799514964743,28.05798502781057,28.081281020385052,28.1123928159377,28.153330328720763,28.206406985298635
110.0,28.000116419596246,28.000129088507123,28.00017030586576,28.000250322692747,28.00038834735095,28.000615936325463,28.000982140893026,28.001560781211694,28.00246028430041,28.0038365539824,28.005909326408233,28.008982385782684,28.013467840321354,28.0199143475829,28.029038686549022,28.041759383318126,28.059230243202194,28.08287075467056,28.114389634910616,28.155797560394316,28.20940560863252
111.0,28.000125039840434,28.000138432959318,28.000181948446418,28.000266225361557,28.000411156596304,28.000649334166415,28.00103126782153,28.00163274389016,28.00256475457878,28.003986457297195,28.006121605491117,28.009278808032445,28.013875792031694,28.020467524829815,28.029777555364003,28.042731250611137,28.060488771272656,28.084474783871407,28.11640126080355,28.15827953836116,28.212418303540012
112.0,28.000134151708778,28.000148297317807,28.000194198110414,28.00028288807185,28.000434955695525,28.000684043184005,28.001082136111286,28.001707005825075,28.002672228434147,28.00414023120699,28.00633879539383,28.009581354541208,28.014291237885224,28.02102968189337,28.030526934788238,28.043715101548027,28.061760568155535,28.086093036021676,28.1184275990802,28.160776155726175,28.215444963759296
113.0,28.000143774352743,28.0001587012575,28.000207076081782,28.000300334553167,28.000459771716702,28.000720094433635,28.001134781214873,28.001783606948756,28.002782749907063,28.00429792283442,28.00656094436963,28.009890071531487,28.014714217510367,28.02160084598516,28.0312868332093,28.044710919969116,28.06304558982125,28.08772543986515,28.120468556746584,28.163287307676622,28.218485485203658
114.0,28.000153927270244,28.00016966479658,28.000220603919143,28.000318588841896,28.000485631988457,28.00075751917732,28.001189238719963,28.001862587232843,28.00289636293977,28.00445957901604,28.006788100148505,28.010205004412835,28.01514476943835,28.022181043028446,28.032057257752573,28.04571868880958,28.064343792000646,28.089371924799813,28.122524042348186,28.165812891522098,28.221539766023966
115.0,28.00016463031274,28.000181208299264,28.000234803508224,28.00033767527592,28.0005125641019,28.000796348884595,28.001245544350198,28.001943986683774,28.0030131113663,28.004625246279836,28.007020309889796,28.01052619773604,28.015582931080136,28.022770297697296,28.03283821440155,28.046738390254966,28.06565513034297,28.091032420942742,28.12459396588566,28.168352806509795,28.224607706384393
116.0,28.00017590368281,28.00019335247978,28.000249697059207,28.000357618484507,28.0005405959065,28.000836615227556,28.001303733952366,28.002027845325035,28.003133038899257,28.00479497084962,28.007257620209796,28.01085369523586,28.01602873877813,28.023368633459693,28.033629707992414,28.047770005685553,28.066979560330353,28.092706859067803,28.126678238815064,28.170906953882866,28.227689208544774
117.0,28.00018776792069,28.000206118383428,28.00026530710472,28.000378443393927,28.000569755501214,28.000878350072405,28.00136384349531,28.002114203199163,28.003256189116097,28.004968798603624,28.007500077127435,28.011187539779346,28.016482227784923,28.02397607260643,28.03443174232845,28.048813515865156,28.06831703745082,28.094395170677096,28.128776773968568,28.173475236654667,28.230784176592916
118.0,28.000200243909145,28.000219527390144,28.00028165649387,28.000400175218143,28.000600071230465,28.000921585473794,28.001425909054642,28.002203100345735,28.00338260544904,28.00514677508762,28.007747726096493,28.01152777341505,28.01694343231914,28.02459263628992,28.035244320169316,28.04986890086247,28.069667517105845,28.096097287936004,28.130889485553006,28.176057559690076,28.23389251654486
119.0,28.000213352867934,28.000233601209708,28.00029876838907,28.0004228394558,28.000631571679914,28.00096635367029,28.001489966808528,28.00229457679528,28.003512331171734,28.005328945493172,28.008000611981693,28.011874437356294,28.017412385569305,28.025218344561818,28.036067443304777,28.050936140147282,28.071030954687,28.097813143695102,28.13301628909814,28.17865382958888,28.237014136212128
120.0,28.000227116353933,28.000248361885244,28.000316666269036,28.000446461894843,28.00066428568102,28.001012687088135,28.001556053043977,28.00238867257377,28.003645409396455,28.005515354645908,28.008258779043242,28.012227571971387,28.01788911970267,28.02585321641475,28.036901112630247,28.05201521269164,28.07240730564389,28.09954267149853,28.135157101383676,28.181263954542697,28.240148927789033
121.0,28.000241556238283,28.00026383176603,28.00033537390223,28.000471068568277,28.00069824228231,28.00106061830163,28.001624204096757,28.002485427644185,28.003781883028243,28.00570604698696,28.008522270936044,28.01258721681138,28.018373665895275,28.026497269789562,28.037745328114354,28.05310609688212,28.073796525434304,28.101285805583597,28.137311838513032,28.183886835635317,28.24323605557409
122.0,28.000256694722662,28.000280033537493,28.000354915369943,28.000496685814976,28.00073347077443,28.001110180065638,28.001694456421934,28.002584881967874,28.003921794810918,28.005901066595747,28.00879113074136,28.0129534106423,28.018866054375504,28.02715052163075,28.038600088875413,28.054208770608966,28.07519856951876,28.10304247849013,28.13948013500337,28.186513796069644,28.246286660109842
123.0,28.000272554332756,28.00029699019196,28.00037531504642,28.000523340224454,28.000770000661547,28.001161405290205,28.001766846529502,28.002687075450158,28.00406518728272,28.006100457153032,28.00906540092227,28.01332619140186,28.01936631440053,28.027812987918487,28.039465393233876,28.055323211336876,28.0766133925156,28.10481256121539,28.141660411943885,28.18913903657249,28.249318450571582
124.0,28.000289157913883,28.000314725031103,28.00039659760012,28.000551058658388,28.000807861671692,28.001214327037008,28.001841410996132,28.002792047937618,28.00421210276032,28.00630426193812,28.009345123335137,28.013705596221083,28.019874474298298,28.02848468369102,28.040341238740673,28.05644939582366,28.07804093616203,28.106595699448697,28.14385059200179,28.191761642766316,28.252337681008335
125.0,28.00030652860996,28.00033326166615,28.000418787994338,28.00057986822176,28.00084708373126,28.001268978514272,28.00191818645032,28.00289983922043,28.00436258335245,28.00651252382177,28.00963033922524,28.014091661436716,28.02039056149158,28.029165623074462,28.041227622124584,28.05758729773782,28.079481096733076,28.108391299630963,28.146049021001893,28.194381908959617,28.25534792899895
126.0,28.00032468988458,28.000352624010088,28.000441911463952,28.00060979628095,28.00088769697942,28.00132539307137,28.00199720957234,28.00301048900095,28.00451667093408,28.006725285268327,28.00992108922846,28.014484422613815,28.020914602489096,28.02985581930171,28.04212453883776,28.058736880803043,28.080933699946705,28.11019866220199,28.148254546684647,28.197000411479042,28.258351581416782
127.0,28.000343665503927,28.00037283627657,28.0004659935354,28.000640870452457,28.000929731760856,28.001383604179555,28.002078517078907,28.00312403690786,28.004674407144062,28.006942588321415,28.01021741337975,28.014883914530465,28.021446622949274,28.030555284625002,28.043031981601736,28.059898090010204,28.082398503882377,28.112017091617044,28.150466391400204,28.19961776519776,28.261350369287847
128.0,28.00036347954207,28.00039392297284,28.000491060009118,28.00067311858899,28.00097321860085,28.00144364544333,28.00216214571766,28.003240522475203,28.00483583336576,28.00716447459718,28.010519351101706,28.015290171199382,28.021986647632616,28.03126403002516,28.043949937935018,28.061070845863952,28.083875218402163,28.11384595013936,28.152684034718106,28.20223455246685,28.264345615532005
129.0,28.000384156357235,28.000415908892148,28.00051713694343,28.00070656878464,28.00101818822394,28.001505550587172,28.00224813225464,28.00335998513872,28.005000990746403,28.007390985294673,28.010826941212173,28.015703225879502,28.022534700373072,28.031982064590135,28.044878387498915,28.062255043293966,28.08536352713348,28.1156846763673,28.154907129607107,28.20485130357236,28.26733837001411
130.0,28.00040572059753,28.00043881911915,28.000544250683184,28.00074124937081,28.001064671533694,28.00156935343856,28.00233651348473,28.0034824642143,28.00516992016121,28.007622161168367,28.011140221923405,28.016123111049108,28.02309080392087,28.03270939462395,28.045817299971688,28.063450554348385,28.086863105389423,28.117532785851253,28.157135446892852,28.207468494968786,28.27032948864409
131.0,28.000428197225308,28.000462679015904,28.00057242782197,28.000777188897562,28.001112699603787,28.00163508793581,28.00242732619731,28.00360799892578,28.00534266222473,28.00785804254244,28.011459230837843,28.01654985840259,28.02365497971233,28.033446022671143,28.046766633978034,28.064657232765605,28.088373632687844,28.11938986439424,28.159368838317665,28.210086553048978,28.273319684042665
132.0,28.00045161144345,28.000487514227025,28.000601695216112,28.00081441613989,28.00116230368994,28.001702788111206,28.002520607184167,28.003736628341883,28.00551925727459,28.0080986693145,28.01178400494574,28.016983498766262,28.024227247506598,28.034191946675094,28.047726337028337,28.065874919028865,28.089894800434966,28.12125555932165,28.161607212341238,28.21270585936573,28.276309558795237
133.0,28.000475988769715,28.00051335066372,28.00063207997303,28.000852960093138,28.001213515202725,28.001772488085358,28.00261639322965,28.003868391415992,28.0056997453765,28.008344080922992,28.012114580619627,28.017424062004704,28.024807625014653,28.034947159288205,28.048696346172814,28.06710344503584,28.091426316555232,28.12312957059368,28.163850517027306,28.215326755992603,28.2792996294178
134.0,28.00050135499966,28.000540214510725,28.000663609445112,28.00089284996316,28.00126636570726,28.00184422206766,28.002714721103462,28.004003326971322,28.005884166294685,28.00859431635527,28.01245099355576,28.017871576888062,28.025396127508397,28.035711647483794,28.049676589133345,28.068342638207593,28.092967907886106,28.125011642578073,28.166098727974212,28.217949550468706,28.282290344116852
135.0,28.000527736160855,28.000568132206773,28.00069631122839,28.000934115154053,28.001320886924827,28.00191802433686,28.002815627558252,28.004141473671325,28.006072559512518,28.00884941414633,28.012793278757922,28.018326070917322,28.02599276747673,28.0364853924633,28.05066698575266,28.069592324786893,28.094519320715904,28.12690155695521,28.16835184049288,28.220574520147068,28.285282095084046
136.0,28.00055515857436,28.000597130459333,28.000730213154437,28.00097678528229,28.00137711072635,28.001993929238047,28.002919149307147,28.00428287002893,28.00626496421798,28.009109412350945,28.013141470465754,28.018787570151574,28.02659755433383,28.03726836976981,28.05166744952634,28.070852332295246,28.096080320451307,28.12879912677412,28.170609864034297,28.223201915897622,28.288275227880302
137.0,28.000583648827995,28.000627236222527,28.00076534328813,28.001020890152834,28.001435069121747,28.002071971186943,28.003025323028783,28.004427554396184,28.006461419289305,28.009374348523576,28.01349560207708,28.01925609902364,28.027210494233493,28.038060549583562,28.052677889018685,28.072122491387134,28.097650690896128,28.130704191474553,28.17287281781375,28.22583196527482,28.29127004924093
138.0,28.00061323374489,28.0006584767074,28.000801729929165,28.001066459757393,28.00149479423838,28.00215218465913,28.003134185359247,28.004575564959524,28.006661963277068,28.00964425968661,28.013855706067517,28.019731680192955,28.027831589977826,28.03886189712995,28.053698209187292,28.073402637235272,28.099230233210207,28.13261661266174,28.17514072767403,28.228464875290065,28.294266833167807
139.0,28.000643940408995,28.000690879359322,28.00083940159067,28.00111352427445,28.00155631834161,28.002234604168947,28.00324577288605,28.004726939729867,28.006866634396783,28.009919182295754,28.014221813897223,28.0202143343999,28.02846084097322,28.03967237316866,28.054728312596794,28.07469261048757,28.100818764663885,28.134536270539378,28.177413623864926,28.231100834802163,28.297265825718597
140.0,28.000675796154155,28.00072447187168,28.000878386998977,28.001162114061252,28.00161967381522,28.002319264270692,28.00336012213242,28.00488171652772,28.007075470522995,28.01019915220006,28.0145939559338,28.020704080342302,28.029098243274415,28.040491934529747,28.055768100463133,28.0759922578142,28.10241611729091,28.136463061062948,28.17969153953905,28.233740016525633,28.300267248710853
141.0,28.00070882855764,28.000759282168072,28.000918715098827,28.001212259642347,28.001684893167173,28.00240619955958,28.003477269557035,28.005039932988197,28.007288509160798,28.010484204595475,28.014972161354027,28.02120093461036,28.029743789717333,28.041320534670362,28.05681747352003,28.077301432199754,28.10402213661862,28.138396893592073,28.181974509633474,28.236382578720452,28.3032713028002
142.0,28.000743065426096,28.000795338397086,28.000960415041277,28.00126399171089,28.00175200899643,28.00249544465997,28.00359725154305,28.005201626532475,28.00750578741917,28.010774373966353,28.015356458066755,28.021704911625246,28.030397470061352,28.04215812420388,28.05787633272231,28.078619993095085,28.105636680495763,28.140337688897645,28.18426256991145,28.239028666699937,28.306278170206344
143.0,28.00077853479713,28.000832668938145,28.001003516172947,28.00131734111798,28.001821054009973,28.002587034215548,28.00372010439256,28.00536683436373,28.007727341985106,28.011069694047666,28.01574687265262,28.022216023641775,28.03105927117457,28.043004651390024,28.058944579836798,28.079947806434078,28.1072596179928,28.142285377436046,28.186555756262266,28.24167841415562,28.30928801698536
144.0,28.000815264937554,28.00087130238328,28.0010480480362,28.001372338870166,28.001892061004753,28.002681002882664,28.00384586431389,28.005535593448478,28.007953209096694,28.01137019777239,28.01614343029463,28.02273428074375,28.03172917724926,28.04386006259905,28.060022117913277,28.081284744531693,28.108890828377504,28.144239897963065,28.18885410425618,28.244331944291012,28.312300994825783
145.0,28.00085328433366,28.000911267539145,28.001094040359543,28.001429016120547,28.001965062870568,28.00277738532501,28.003974567417053,28.00570794050604,28.008183424516133,28.011675917221506,28.016546154741807,28.023259690875168,28.032407170011005,28.044724302750808,28.061108851706532,28.082630685957795,28.110530200123954,28.14620119623459,28.19115764871878,28.246989370886723,28.315317242778065
146.0,28.000892621684663,28.000952593418642,28.001141523056113,28.001487404162543,28.002040092579563,28.002876216207497,28.004106249702886,28.005883911990058,28.00841802349844,28.01198688357392,28.01695506828149,28.023792259897203,28.03309322895597,28.045597315700935,28.062204687938113,28.08398551528106,28.1121776300434,28.148169224095447,28.193466423568275,28.249650799127775,28.31833688847093
147.0,28.000933305909868,28.00099530923848,28.001190526221198,28.001547534425605,28.002117183177415,28.00297753017826,28.004240947042803,28.006063544061917,28.008657040753302,28.01230312707679,28.017370191721707,28.02433199167171,28.03378733158049,28.046479044576767,28.063309535479014,28.08534912280695,28.11383302252779,28.15014393866993,28.195780461650124,28.252316326354816,28.32136004926597
148.0,28.000975366125903,28.001039444413735,28.001241080118753,28.001609438475853,28.002196367770885,28.003081361873516,28.004378695174626,28.00624687257621,28.00890051042251,28.01262467700435,28.017791544377417,28.024878888140293,28.034489453606213,28.047369432084285,28.064423305530582,28.086721404318194,28.115496288842902,28.15212530161772,28.19809979458004,28.254986042768074,28.324386833302317
149.0,28.001018831644494,28.00108502854621,28.00129321518231,28.001673147997014,28.00227767953086,28.00318774590588,28.00451952968685,28.00643393306227,28.009148466045506,28.01295156163774,28.018219144083503,28.025432949419365,28.035199569190674,28.048268420752507,28.065545911713468,28.088102260805,28.11716734651159,28.15411327851556,28.20042445266426,28.257660032035112,28.327417340387658
150.0,28.001063731970987,28.001132091423806,28.001346962003005,28.00173869478965,28.002361151682372,28.003296716850933,28.004663486007164,28.00662476069779,28.00940094053399,28.013283808234917,28.0186530072067,28.02599417390037,28.03591765113351,28.04917595318283,28.066677270152258,28.089491598198798,28.11884611871047,28.156107838299686,28.202754464832708,28.260338371860083,28.330451662815147
151.0,28.001110096805697,28.00118066301672,28.00140235132284,28.001806110765102,28.002446817499823,28.003408309232395,28.00481059938661,28.0068193902853,28.00965796614688,28.013621443015044,28.01909314868099,28.02656255835821,28.03664367105742,28.050091972224624,28.067817299485764,28.09088932711268,28.12053253378323,28.158108952859347,28.205089858636047,28.263021134438226,28.333489885983564
152.0,28.001157956033204,28.001230773468393,28.001459414035413,28.001875427941464,28.002534710298615,28.003522557520707,28.004960904879123,28.007017856239493,28.009919574461957,28.013964491148194,28.019539582029807,28.027138098051005,28.037377599597665,28.051016421159666,28.06896592089679,28.09229536256358,28.122226524739766,28.160116596598176,28.207430660234998,28.265708386940116,28.336532089065813
153.0,28.00120733971026,28.00128245309074,28.00151818117544,28.001946678430276,28.002624863416862,28.003639496119796,28.00511443733528,28.00722019256507,28.010185796357163,28.014312976755384,28.01999231941155,28.027720786837637,28.038119406556756,28.05194924382281,28.070123058072717,28.093709623714492,28.123928028877074,28.162130746158184,28.209776894411736,28.26840019184339,28.33957834547671
154.0,28.001258278065063,28.001335732358136,28.00157868391544,28.002019894434728,28.00271731021311,28.00375915935616,28.00527123138139,28.007426432835704,28.01045666198772,28.014666922894346,28.020451371649052,28.028310617277675,28.03886906108422,28.052890384779133,28.071288637229706,28.095132033617247,28.125636987288647,28.164151379997453,28.212128584562848,28.271096607407245,28.3426287235157
155.0,28.001310801486444,28.00139064189785,28.001640953560642,28.002095108243335,28.002812084057787,28.00388158146404,28.005431321400568,28.007636610171115,28.01073220078633,28.0150263515841,28.02091674830236,28.02890758074352,28.039626531768963,28.053839789315024,28.072462586979146,28.09656251899444,28.12735334470312,28.166178478372895,28.21448575279384,28.273797687820192,28.34568328651134
156.0,28.001364940528426,28.00144721249029,28.001705021535663,28.00217235221944,28.002909218327108,28.004006796575638,28.005594741526203,28.007850757224556,28.011012441437153,28.01539128380234,28.021388457701576,28.029511667517355,28.040391786800512,28.054797403597483,28.073644838332594,28.09800101001174,28.12907704905438,28.168212022949493,28.216848419895413,28.27650348361319,28.34874209342136
157.0,28.001420725901127,28.00150547506105,28.00177091937903,28.002251658794528,28.003008746395142,28.00413483870723,28.005761525623047,28.008068906161256,28.011297411870856,28.015761739502494,28.021866507008458,28.030122866895322,28.041164794074298,28.05576317470826,28.0748353246109,28.099447440064818,28.130808051248632,28.17025199667921,28.219216605404732,28.2792140418827,28.351805199098397
158.0,28.00147818844705,28.001565460673024,28.0018386787403,28.002333060455232,28.00311070161415,28.00426574175055,28.00593170726636,28.008291088642782,28.011587139257145,28.016137737637234,28.022350902270148,28.030741167273487,28.041945521272503,28.056737050681633,28.076033981379453,28.10090174560413,28.13254630493847,28.172298383640666,28.221590327636648,28.281929406514198,28.354872654574315
159.0,28.001537359161993,28.001627200520954,28.00190833137205,28.002416589744346,28.003215117315243,28.004399539457314,28.006105319732125,28.00851733582044,28.01188165000209,28.01651929616649,28.022841648473477,28.03136655624037,28.042733935984476,28.05771898056719,28.077240746392484,28.102363865924172,28.134291766234423,28.174351168852482,28.223969603718857,28.28464961845152,28.357944507421465
160.0,28.00159826918462,28.001690725923368,28.00197990912636,28.00250227925227,28.00332202679367,28.00453626542776,28.006282395979753,28.00874767832706,28.012180969751004,28.016906432085662,28.023338749604346,28.031999020653114,28.04353000576693,28.058708914433094,28.078455559513763,28.10383374300988,28.136044393536878,28.176410338181462,28.226354449636194,28.287374715864324,28.361020801956656
161.0,28.001660949764858,28.00175606831895,28.002053443941847,28.00259016159816,28.003431463296998,28.004675953095834,28.00646296864536,28.008982146256397,28.012485123389183,28.017299161455046,28.023842208698902,28.0326385467167,28.044333698209467,28.059706803385847,28.079678362631295,28.105311321380935,28.137804147379025,28.17847587826246,28.228744880292815,28.290104734315097,28.364101579432052
162.0,28.001725432285436,28.0018232592573,28.002128967842662,28.002680269434215,28.003543460017724,28.004818635719865,28.00664707002012,28.009220769158638,28.01279413503556,28.01769749940965,28.024352027900456,28.033285120078574,28.04514498105158,28.060712599629156,28.08090909960748,28.106796547879316,28.139570990125645,28.180547776283774,28.231140909526008,28.292839707036887,28.367186878417627
163.0,28.00179174823622,28.0018923303935,28.002206512921788,28.002772635430908,28.00365805008018,28.004964346370524,28.006834732049715,28.009463576034182,28.01310802807137,28.018101460217068,28.024868208510185,28.03393872586485,28.04596382215732,28.061726256385132,28.082147716170955,28.108289371611946,28.141344886025113,28.182626020084932,28.2335425501707,28.295579664909788,28.3702767347384
164.0,28.001859929216923,28.00196331348082,28.002286111341085,28.002867292268554,28.003775266531193,28.005113117916387,28.007025986311312,28.009710595322172,28.013426825119907,28.01851105727499,28.02539075104347,28.034599348785612,28.046790189654974,28.06274772798392,28.083394159870146,28.1097897437194,28.143125800848797,28.18471059789677,28.235949814089764,28.298324636799574,28.373371181917367
165.0,28.00193000692917,28.00203624036276,28.002367795316438,28.002964272622624,28.00389514232718,28.005264983013284,28.00722086400778,28.009961854910262,28.013750548077827,28.01892630316722,28.025919655274475,28.0352669731468,28.04762405188224,28.063776969758766,28.08464837997929,28.111297617364905,28.14491370198277,28.186801498454727,28.238362712216446,28.301074649495416,28.37647025107302
166.0,28.00200201316881,28.00211114296692,28.002451597114867,28.003063609163235,28.004017710329165,28.00541997409417,28.007419395960454,28.010217382114643,28.014079218112844,28.01934720967478,28.026454920295492,28.035941582952088,28.04846537751047,28.0648139381243,28.085910327437272,28.112812947509365,28.14670855813178,28.188898710800135,28.240781254596094,28.303829727994252,28.379573971286234
167.0,28.002075979823434,28.002188053296052,28.002537549045496,28.00316533454262,28.004143003294622,28.005578123359797,28.00762161260637,28.01047720369336,28.014412855693045,28.01977378781663,28.026996544560568,28.036623161912065,28.049314135506396,28.065858590501687,28.087179954774957,28.114335690892645,28.148510339355287,28.191002224337087,28.243205450419083,28.30658989549104,28.382682369568187
168.0,28.002151938857924,28.00226700342062,28.00262568345203,28.00326948138314,28.004271053853866,28.00573946276635,28.007827543978518,28.010741345840728,28.014751480581566,28.02020604787721,28.027544525925563,28.037311693521445,28.050170295207483,28.06691088533899,28.088457216052646,28.115865805868726,28.150319016867414,28.19311202871472,28.245635308059892,28.3093551735691,28.385795471110306
169.0,28.0022299223091,28.00234802546997,28.00271603270656,28.00337608226912,28.004401894501914,28.00590402401774,28.008037219705535,28.01100983419524,28.01509511186176,28.020643999439553,28.028098861690847,28.038007161083065,28.051033826317724,28.067970782074788,28.089742066798152,28.11740325234662,28.15213456300054,28.195228113825586,28.248070835108866,28.3121255822547,28.388913299342036
170.0,28.0023099622751,28.002431151629356,28.002808629193265,28.003485169740962,28.004535557607625,28.006071838553524,28.008250669009744,28.0112826938362,28.015443767950554,28.02108765141434,28.028659548646758,28.038709547755108,28.051904698936717,28.069038241132088,28.09103446394271,28.118947991688763,28.15395695111612,28.197350469760135,28.250512038408935,28.31490114011745,28.392035876038765
171.0,28.002392090907076,28.002516414130074,28.00290350530418,28.003596776283842,28.0046720753925,28.00624293753995,28.00846792069716,28.011559949288852,28.01579746661195,28.021537012072248,28.02922658311381,28.039418836593434,28.052782883582218,28.070113223897682,28.092334365758642,28.120499986615446,28.155786155508697,28.199479086765397,28.252958924089622,28.317681864373096,28.395163221452528
172.0,28.002476340412223,28.002603845234137,28.00300069343267,28.003710934315897,28.004811479908543,28.00641735187052,28.008689003161848,28.011841624525903,28.016156224981625,28.02199208905819,28.029799960965647,28.040135010557936,28.05366835116993,28.071195692677993,28.093641731815797,28.122059201177628,28.15762215140574,28.201613955268666,28.255411497591886,28.32046777089488,28.398295354331168
173.0,28.00256274303245,28.00269347723652,28.003100225960868,28.00382767618285,28.004953803047112,28.00659511214406,28.008913944368803,28.012127742968328,28.016520059569878,28.022452889439993,28.0303796776948,28.040858052597528,28.054561073086226,28.072285610715344,28.094956522895426,28.12362560058404,28.15946491477939,28.20375506576604,28.257869763714943,28.323258874409376,28.401432292142786
174.0,28.002651331042024,28.002785342447307,28.00320213525122,28.003947034145384,28.00509907652057,28.006776248672118,28.00914277186582,28.012418327508307,28.016888986292322,28.022919419725017,28.03096572841109,28.041587945617884,28.05546102113141,28.073382942132383,28.096278700965623,28.125199151237215,28.16131442241605,28.205902408889884,28.260333726623767,28.32605518844099,28.404574051007316
175.0,28.00274213673929,28.002879473185807,28.00330645363793,28.004069040370553,28.00524733185351,28.006960791466234,28.009375512774398,28.01271340050545,28.01726302048181,28.023391685891934,28.03155810789238,28.042324672537674,28.056368167556034,28.074487651920954,28.097608229111525,28.126779820615788,28.163170651801597,28.208055975352174,28.26280338988951,28.328856725435173,28.407720645844567
176.0,28.002835192438294,28.002975901775546,28.003413213419172,28.004193726923432,28.005398600378026,28.00714877022855,28.009612193789167,28.01301298378904,28.017642176902118,28.02386969341605,28.032156810619814,28.043068216319305,28.05728248507566,28.075599705923434,28.098945071487794,28.128367577202518,28.16503358105821,28.210215755913968,28.265278756518956,28.33166349683587,28.410872090461368
177.0,28.002930530459324,28.00307466053392,28.003522446848166,28.004321125757023,28.005552913230048,28.00734021435429,28.00985284119123,28.01331709868387,28.01802646977176,28.024353447289165,28.032761830776842,28.043818559940505,28.058203946827774,28.076719070791665,28.10028919330281,28.129962390512965,28.16690318899732,28.212381741428796,28.267759828959388,28.334475513051736,28.414028397498186
178.0,28.003028183121327,28.003175781761836,28.00363418612295,28.004451268703853,28.005710301329966,28.007535152917757,28.01009748082538,28.01362576599637,28.018415912776128,28.024842952058787,28.033373162320974,28.044575686486656,28.05913252643476,28.07784571398389,28.101640560715236,28.13156423091153,28.168779454931464,28.214553922754035,28.270246609155357,28.33729278364002,28.41718957866705
179.0,28.003128182723366,28.00327929773482,28.003748463377384,28.0045841874745,28.005870795391044,28.007733614689265,28.01034613812653,28.01393900604453,28.018810519092813,28.02533821182704,28.033990798947624,28.045339579079688,28.060068197927997,28.078979603725706,28.102999140878005,28.133173069710026,28.170662358795994,28.216732290820573,28.27273909852995,28.340115317204244,28.42035564462944
180.0,28.003230561549106,28.00338524069526,28.00386531067555,28.004719913636475,28.006034425898175,28.007935628103077,28.01059883809843,28.014256838647437,28.01921030140141,28.02583923030547,28.034614734182234,28.046110220980097,28.061010935819407,28.080120708993448,28.104364901802498,28.13478887897664,28.17255188096431,28.21891683655089,28.275237298051835,28.342943121589546,28.423526604645414
181.0,28.003335351856105,28.00349364285059,28.003984759996044,28.004858478620946,28.006201223108192,28.008141221269057,28.01085560533714,28.014579283154937,28.019615271904392,28.026346010815793,28.035244961350525,28.04688759554316,28.061960715049267,28.081268999501226,28.105737812387883,28.13641163160422,28.174448002322908,28.221107550891034,28.27774120658113,28.34577538884656,28.426653335992977
182.0,28.003442585864402,28.003604536346824,28.004106843236414,28.004999913700523,28.006371217048684,28.008350421977998,28.011116464024116,28.014906358443035,28.020025442335513,28.026858556302688,28.03588147359642,28.047671686229634,28.062917510985073,28.08242444566299,28.107117842375736,28.138041301240236,28.17635070420864,28.223304422935662,28.280250594126066,28.348605184077442,28.429744959703708
183.0,28.003552295745042,28.00371795327956,28.004231592194508,28.005144249994636,28.006544437502853,28.00856325768552,28.011381437927085,28.015238082925958,28.020440823987965,28.02737686937073,28.036524263931703,28.048462476648183,28.06388129944935,28.08358701858219,28.1085049622882,28.139677862217482,28.178259967582278,28.225507391493842,28.282764248490412,28.351427896836512,28.432815850067804
184.0,28.003664513613753,28.003833925670072,28.004359038560985,28.005291518450196,28.00672091401051,28.008779755518795,28.011650550402262,28.01557447457499,28.020861427724952,28.027900952309142,28.037173325240527,28.049259950543235,28.064852056690707,28.084756690021855,28.10989914340411,28.141321289300503,28.180175763329352,28.227716212716057,28.28528055343045,28.354242862330416,28.4358711361626
185.0,28.003779271525225,28.003952485468705,28.004489213911533,28.005441749848668,28.006900675863665,28.00899994227215,28.011923824410736,28.015915550912286,28.021287263995596,28.02843080709235,28.037828650297012,28.0500640918164,28.06582975938307,28.08593343239068,28.1113003576712,28.14297155570317,28.182098025854255,28.22993044892333,28.287798233443127,28.357050390303886,28.43891378231846
186.0,28.0038966014607,28.00407366454099,28.004622149700744,28.00559497478657,28.007083752099167,28.009223844404982,28.012201282507437,28.0162613290405,28.021718342842753,28.028966435402175,28.03849023177562,28.050874884519157,28.066814384616393,28.087117218704172,28.11270857726689,28.144628627500975,28.184026632806365,28.23214957610291,28.29031641736288,28.359851017441933,28.44194578752471
187.0,28.004016535320858,28.004197494652654,28.004757877259085,28.005751223671133,28.007270171493495,28.00945148804602,28.012482946854494,28.016611825633735,28.022154673932956,28.029507838654173,28.03915806226235,28.05169231285875,28.067805909891877,28.088308022473385,28.11412377337349,28.146292456468046,28.18596140738771,28.23437307316132,28.29283453541598,28.362645309148096,28.444968620431997
188.0,28.004139104916785,28.004324007477887,28.004896427775307,28.005910526731004,28.00745996256363,28.00968289898834,28.012768839228553,28.016967056965594,28.022596266561955,28.03005501800378,28.039832134281863,28.05251636121268,28.068804313085263,28.08950581743722,28.115545914142217,28.14796297539691,28.18790213398463,28.236600464991724,28.29535222477545,28.365433803454614,28.447983417017788
189.0,28.00426434196746,28.00445323457645,28.005037832293507,28.006072913976436,28.00765315356108,28.009918102695448,28.01305898101701,28.017327038904256,28.023043129667066,28.030607974365452,28.040512440291792,28.053347014122732,28.06980957239836,28.090710576997335,28.116974962452833,28.149640097149476,28.189848576100104,28.2388313378097,28.297869260994794,28.36821699445585,28.45099109226002
190.0,28.004392278076832,28.004585207394836,28.005182121714896,28.00623841522653,28.00784977246675,28.010157124297905,28.01335339323257,28.017691786932897,28.023495271845512,28.03116670843062,28.041198972710255,28.05418425629095,28.070821666203575,28.091922273493196,28.118410874221226,28.15132371680327,28.191800490427905,28.24106533933506,28.300385514527584,28.3709953314689,28.453992401501
191.0,28.004522944748494,28.004719957250988,28.005329326773197,28.006407060093416,28.00804984699152,28.01039998858698,28.013652096511155,28.01806131615672,28.023952701365236,28.031731220669467,28.041891723909213,28.055028072533627,28.07184057283416,28.093140877359257,28.119853597440205,28.153013715273776,28.19375763718322,28.243302173722228,28.30290091999969,28.37376922173448,28.456987983127927
192.0,28.004656373353527,28.00485751533101,28.005479478040364,28.006578877966135,28.00825340458036,28.010646720037244,28.013955111123728,28.01843564131348,28.024415426181655,28.032301511360195,28.042590686218155,28.05587844774185,28.072866270273657,28.094366356382878,28.121303072066787,28.15470996337622,28.195719786428985,28.245541594326234,28.305415456495805,28.376539034879723,28.459978385514226
193.0,28.004792595140287,28.004997912683407,28.005632605924227,28.00675389802224,28.008460472390883,28.010897342788372,28.014262456978695,28.018814776772775,28.024883453938127,28.032877580584213,28.04329585192326,28.05673536678561,28.073898735830934,28.09559867514571,28.122759230528192,28.156412325641643,28.197686721733756,28.24778339638357,28.307929133908374,28.379305107370172,28.462964086286885
194.0,28.004931641224157,28.005141180214157,28.005788740643403,28.006932149214126,28.008671077317306,28.011151880656804,28.014574153620966,28.01919873656016,28.025356791990347,28.033459428235606,28.044007213246594,28.05759881439395,28.07493794579713,28.096837794660495,28.12422199864498,28.158120663556943,28.199658241843846,28.250027410532397,28.310441983703694,28.38206774643968,28.465945506151826
195.0,28.005073542569203,28.00528734866684,28.005947912244835,28.007113660260277,28.00888524596242,28.011410357127076,28.014890220256465,28.01958753436177,28.025835447412362,28.03404705403615,28.044724762306497,28.058468775005885,28.075983875146132,28.09808367226955,28.125691296730427,28.159834838115295,28.20163416123509,28.25227349714112,28.31295405242732,28.38482723361362,28.468923019064526
196.0,28.005218329999106,28.005436448629705,28.006110150582877,28.00729845965858,28.009103004653223,28.01167279536931,28.015210675738572,28.019981183534483,28.026319427006623,28.034640457522265,28.0454484910812,28.059345232630463,28.07703649728781,28.099336261709002,28.12716704075876,28.16155471180547,28.203614309910982,28.254521541502196,28.31546539700894,28.387583827773422,28.471896960160514
197.0,28.00536603418009,28.00558851052999,28.006275485316113,28.007486575670875,28.009324379444518,28.011939218230967,28.01553553858324,28.020379697112528,28.026808737309384,28.03523963804015,28.046178391350306,28.060228170694604,28.07809578388899,28.100595513285665,28.128649143496503,28.1632801501945,28.2055985328407,28.256771449636066,28.317976081157376,28.390337767843246,28.474867632230787
198.0,28.005516685606427,28.005743564617173,28.006443945906803,28.007678036317113,28.009549396106426,28.012209648237874,28.015864826977285,28.02078308781196,28.02730338459239,28.03584459473671,28.046914454625444,28.06111757189062,28.079161704763106,28.101861374187894,28.130137515569846,28.16501102297739,28.207586689006323,28.259023144927866,28.32048617304381,28.39308927502671,28.47783531044974
199.0,28.0056703146045,28.005901640960165,28.006615561616172,28.007872869378303,28.009778080119542,28.012484107606923,28.01619855877474,28.021191368037243,28.02780337486842,28.03645532652934,28.047656672074417,28.06201341805627,28.080234227835422,28.10313378887781,28.131632066403018,28.166747204633246,28.209578650319365,28.261276565400813,28.32299574370441,28.395838554709556,28.480800246044108
200.0,28.00582695133342,28.00606276944901,28.00679036149175,28.008071102389366,28.01001045668135,28.012762618241066,28.016536751510905,28.0216045498934,28.02830871389085,28.037071832086667,28.048405034451072,28.062915690085738,28.08131331916256,28.104412699497942,28.133132705011402,28.168488574857925,28.211574300580022,28.26353166141658,28.325504865751547,28.398585798109046,28.483762669445092
201.0,28.005986625770507,28.006226979783232,28.006968374367737,28.00827276263851,28.010246550716367,28.013045201733405,28.016879422407555,28.02202264518567,28.028819407148298,28.037694109801702,28.049159532038342,28.063824367844294,28.08239894299588,28.10569804627005,28.134639340669942,28.17023501882672,28.21357353449819,28.265788393701083,28.32801361233613,28.401331183730562,28.48672279301745
202.0,28.006149367701536,28.006394301465793,28.007149628865548,28.008477877167095,28.01048638686897,28.01333187937141,28.017226588366192,28.02244566542663,28.029335459854664,28.038322157745792,28.049920154575645,28.06473943012193,28.08349106189796,28.10698976788551,28.13615188345253,28.171986427285717,28.215576256740206,28.26804673174691,28.330522056455578,28.404074878602636,28.489680813198877
203.0,28.006315206719936,28.00656476380004,28.007334153384537,28.008686472765014,28.010729989496973,28.0136226721355,28.01757826597823,28.022873621838208,28.029856876938076,28.038955973641357,28.0506868911926,28.06566085460274,28.084589636855362,28.108287801890285,28.137670244733147,28.17374269660419,28.217582380989462,28.2703066523295,28.33303027034341,28.40681703944085,28.492636912494294
204.0,28.006484172228312,28.00673839588732,28.007521976095795,28.008898575970598,28.010977382674103,28.01391760070675,28.017934471538727,28.0233065253424,28.030383663031607,28.039595554839284,28.051459730361895,28.066588617874817,28.085694627429586,28.109592085048156,28.139194337518443,28.17550372861961,28.219591829074055,28.27256813848055,28.33553832523503,28.40955781354003,28.495591260814518
205.0,28.00665629341484,28.006915226616403,28.00771312494749,28.00911421307307,28.01122859019518,28.014216685466668,28.01829522104102,28.02374438656662,28.030915822461168,28.040240898262383,28.052238659879265,28.067522695440996,28.0868059919381,28.110902553665646,28.140724076719774,28.177269430459877,28.221604530190106,28.27483117855059,28.338046291122374,28.412297339608863,28.49854401676646
206.0,28.00683159927185,28.007095284666185,28.00790762765554,28.009333410096808,28.01148363557379,28.014519946499544,28.01866053016943,28.02418721583543,28.031453359214513,28.04089200038947,28.05302366682942,28.068463061751785,28.0879236876061,28.112219143863353,28.14225937936994,28.179039714363697,28.223620420229,28.277095765401636,28.340554236536136,28.41503574849235,28.501495328810837
207.0,28.007010118578144,28.007278598497013,28.008105511702293,28.009556192810194,28.01174254204398,28.014827403594925,28.019030414312347,28.024635023172753,28.03199627693875,28.041548857221944,28.053814737566455,28.069409690252545,28.089047670735766,28.113541791845332,28.143800164768276,28.180814497465768,28.225639441128592,28.27936189572424,28.343062228414322,28.417773163838888,28.504445336254836
208.0,28.007191879897462,28.007465196347216,28.00830680433154,28.00978258672204,28.012005332560438,28.015139076248634,28.019404888558114,28.025087818291187,28.03254457892044,28.042211464261094,28.0546118577022,28.07036255344249,28.090177896870802,28.114870434115353,28.14534635458166,28.18259370157815,28.227661540308315,28.28162956945019,28.345570331996818,28.42050970268687,28.50739417012208
209.0,28.007376911574333,28.00765510623055,28.008511532545068,28.010012617081713,28.012272029798684,28.015454983662508,28.019783967689843,28.025545610575392,28.033098268065334,28.042879816489144,28.055415012109524,28.07132162294697,28.091314320952428,28.116205007653846,28.146897872901608,28.184377252964794,28.229686670157292,28.283898789269738,28.34807861079023,28.42324547597669,28.51034195385111
210.0,28.007565241730095,28.007848355936776,28.00871972310632,28.010246308885495,28.012542656155713,28.01577514474395,28.02016766619157,28.0260084090916,28.033657346880602,28.04355390834842,28.05622418493304,28.072286869585252,28.092456897455058,28.117545450101517,28.148454646301346,28.186165082089,28.231714787548793,28.2861695601905,28.350587126547644,28.425980589026295,28.513288803997405
211.0,28.007756898259608,28.008044973020528,28.008931402533428,28.01048368686381,28.012817233749132,28.01609957811209,28.02055599824068,28.026476222564888,28.03422181746605,28.0442337337339,28.057039359609274,28.07325826343576,28.093605580538583,28.118891699886426,28.150016603836452,28.187957123391712,28.23374585341629,28.288441889192057,28.35309593926085,28.428715141935974,28.516234830773136
212.0,28.007951908827533,28.008244984801987,28.00914659709959,28.010724775484626,28.01309578441725,28.0164283020947,28.020948977707107,28.02694905937793,28.03479168149735,28.04491928597981,28.057860518881412,28.074235773913813,28.094760324181568,28.120243696373173,28.151583677063122,28.189753315051366,28.235779832319984,28.290715784852605,28.355605107163374,28.431449230016607,28.51918013864491
213.0,28.008150300864955,28.008448418367074,28.009365332828995,28.01096959894844,28.013378329717245,28.01676133471908,28.021346618143504,28.02742692756486,28.035366940223984,28.045610557873623,28.05868764483807,28.07521936986696,28.095921082279062,28.121601379899168,28.15315579992601,28.19155359876852,28.23781669223153,28.29299125725741,28.3581146868078,28.434182944007098,28.522124826594503
214.0,28.008352101569088,28.008655300561486,28.009587635496764,28.011218181192778,28.013664890930734,28.017098693721202,28.021748932785144,28.027909834793544,28.035947594445176,28.046307541639017,28.059520718930195,28.07620901963278,28.097087808766524,28.122964691895724,28.154732908781543,28.193357919554373,28.23985640412483,28.295268317627325,28.360624733040765,28.436916370484212,28.52506898868969
215.0,28.008557337900278,28.008865657990395,28.009813530626094,28.01147054589023,28.013955489061413,28.017440396539907,28.022155934543413,28.02839778835937,28.036533644505663,28.047010228946228,28.06035972200966,28.077204691125374,28.09826045771386,28.124333574930986,28.15631494231072,28.19516622552538,28.241898941741443,28.297546978187913,28.36313529906317,28.439649592101205,28.528012714381155
216.0,28.00876603657776,28.00907951701711,28.01004304348625,28.01172671644959,28.014250144823862,28.017786460316326,28.022567636007786,28.028890795184115,28.037125090299853,28.047718610925752,28.061204634378164,28.07820635189996,28.099438983396016,28.125707972744497,28.1579018414758,28.196978467745772,28.243944281359695,28.299827251997442,28.365646436458483,28.44238268783087,28.530956088815106
217.0,28.0089782240794,28.00929690375529,28.010276199091468,28.011986716010338,28.014548878652725,28.018136901888827,28.02298404943433,28.02938886180591,28.037721931260503,28.04843267817269,28.06205543580981,28.07921396922067,28.100623340390598,28.127087830308586,28.15949354946003,28.198794600018406,28.245992401517167,28.30210915276546,28.368158195235594,28.4451157332318,28.533899193198728
218.0,28.009193926638623,28.0095178440676,28.010513022199426,28.012250567441875,28.01485171069769,28.01849173778963,28.0234051867429,28.02989199437663,28.03832416636279,28.049152420765648,28.062912105598585,28.080227510123752,28.101813483634942,28.128473093836952,28.161090011597086,28.200614578733617,28.24804328283295,28.304392694748074,28.370670623876034,28.447848800635477,28.536842105032857
219.0,28.009413170241444,28.009742363575675,28.010753537310254,28.012518293346066,28.015158660828227,28.018850984241695,28.02383105951101,28.03040019865229,28.038931794120792,28.04987782828249,28.06377462259699,28.08124694148756,28.10300936848286,28.129863710790456,28.162691175287332,28.20243836271704,28.250096907850324,28.30667789266637,28.37318376938932,28.45058195931891,28.53978489830149
220.0,28.009635980624683,28.009970487643514,28.01099776866469,28.01278991605205,28.0154697486245,28.019214657159257,28.024261678971314,28.030913479991618,28.03954481258759,28.05060888980822,28.06464296525238,28.082272230091903,28.104210950791472,28.131259629935624,28.16429698995659,28.20426591303639,28.252153260756167,28.30896476150446,28.375697677339566,28.453315275784455,28.54272764386377
221.0,28.009862383272914,28.010202241383038,28.011245740244505,28.013065457618197,28.01578499337337,28.019582772152035,28.02469705600789,28.03143184335328,28.040163219369123,28.051345593969778,28.06551711165518,28.08330334265916,28.105418186900966,28.132660801266802,28.16590740694068,28.20609719292255,28.254212327399177,28.311253316590847,28.37821239191668,28.456048813781557,28.54567040941891
222.0,28.010092403417705,28.010437649650925,28.01149747576802,28.013344939826485,28.016104414074192,28.01995534450851,28.025137201150052,28.03195529329292,28.040787011618026,28.052087928938906,28.066397039566045,28.084340245925503,28.106631033749817,28.134067176083047,28.167522379450652,28.207932167572274,28.256274094977854,28.31354357336525,28.3807279559615,28.45878263460163,28.548613259927006
223.0,28.010326066036505,28.010676737046428,28.01175299868794,28.013628384179388,28.016428029431772,28.020332389193502,28.02558212457126,28.032483833969906,28.041416186057354,28.052835882468848,28.067282726456167,28.08538290666037,28.107849448839556,28.135478706901097,28.169141862472685,28.209770804099623,28.25833855208563,28.315835547471643,28.3832444110207,28.461516797073532,28.551556257566332
224.0,28.010563395851808,28.010919527912147,28.012012332192416,28.013915811907168,28.016755857855276,28.02071392085348,28.026031836086652,28.033017469136226,28.042050738972293,28.05358944190877,28.068174149553975,28.086431291732797,28.109073390314986,28.13689534749878,28.17076581271281,28.21161307135983,28.260405688463468,28.318129254581855,28.38576179738757,28.46425135780763,28.554499462048692
225.0,28.010804417331695,28.011166046332786,28.012275499201657,28.014207243964847,28.017087917456042,28.021099953807035,28.02648634515183,28.033556202143533,28.042690666229557,28.054348594235478,28.069071285880646,28.087485368133315,28.110302816956636,28.13831705285901,28.1723941885179,28.21345893988706,28.26247549498114,28.32042471042168,28.388280154144887,28.46698637123824,28.557442930664234
226.0,28.011049154682006,28.011416316126585,28.01254252236629,28.014502701016497,28.017424226043964,28.021490502045275,28.02694566085868,28.034100035948025,28.043335963284317,28.05511332606484,28.069974112268433,28.088545103019165,28.111537688202013,28.139743779174736,28.174026949821794,28.215308381772257,28.264547963507322,28.322721930702848,28.39079951920845,28.469721889778274,28.56038671845724
227.0,28.011297631848482,28.011670360847187,28.012813424065858,28.014802203441317,28.0177648011258,28.021885579227778,28.027409791934396,28.03464897310872,28.04398662518948,28.055883623681154,28.07088260540762,28.089610463752056,28.112777964171983,28.141175483822863,28.17566405806866,28.21716137056113,28.266623086812547,28.325020931079713,28.39331992937006,28.472457963927578,28.56333087836252
228.0,28.011549872513022,28.01192820378924,28.013088226409884,28.01510577133925,28.018109659902237,28.022285198686607,28.02787874674279,28.035203015799066,28.044642646622822,28.056659473057273,28.071796741868976,28.090681417904335,28.114023605663967,28.142612125332278,28.17730547616771,28.219017881203143,28.268700858536604,28.327321727147233,28.395841420320565,28.47519464232504,28.566275461268706
229.0,28.011805900092675,28.01218986797853,28.013366951233692,28.01541342451927,28.01845881926588,28.022689373418533,28.02835253328001,28.035762165802275,28.045304021882615,28.057440859877556,28.072716498143823,28.091757933320565,28.115274574190213,28.144053663378813,28.17895116841115,28.220877889908376,28.270781273039237,28.329624334364922,28.39836402670733,28.477931971915606,28.569220516214134
230.0,28.012065737741498,28.012455376169612,28.01364962009397,28.015725182504212,28.01881229580296,28.023098116085293,28.028831159187426,28.036326424527395,28.045970744907134,28.058227769558872,28.073641850650393,28.092839978093206,28.116530831934476,28.14550005873008,28.18060110043725,28.22274137416016,28.27286432545666,28.33192876811557,28.400887782151198,28.480669997915072,28.572166090337042
231.0,28.01232940834301,28.012724750850357,28.013936254272767,28.016041064525957,28.01917010578534,28.023511439012687,28.02931463173411,28.03689579300157,28.046642809286723,28.05902018727437,28.074572775794287,28.093927520650514,28.117792341827098,28.146951273260292,28.182255239142787,28.224608312513126,28.274950011467485,28.33423504357021,28.403412719304765,28.483408764058606,28.575112229182377
232.0,28.012596934514587,28.012998014236008,28.01422687476688,28.01636108951689,28.01953226517441,28.023929354187057,28.029802957837916,28.037470271894154,28.047320208282542,28.05981809797584,28.075509249952333,28.095020529698715,28.119059067463784,28.14840726987513,28.183913552665327,28.226478684679055,28.277038327430713,28.33654317580432,28.405938869863434,28.486148312493125,28.578058976547208
233.0,28.012868338602747,28.0132751882688,28.014521502291675,28.016685276115556,28.019898789615965,28.024351873254446,28.03029614405288,28.03804986150759,28.048002934832507,28.06062148641538,28.076451249533186,28.09611897430603,28.120330973175296,28.14986801252189,28.18557601029056,28.22835247132823,28.279129270173733,28.338853179675898,28.408466264620824,28.488888683998272,28.581006374761262
234.0,28.013143642678422,28.013556294612755,28.01482015728231,28.017013642664377,28.020269694438042,28.024779007524323,28.030794196580718,28.03863456179398,28.048690981573433,28.061430337160544,28.077398750975394,28.097222823878123,28.121608023981228,28.151333466141768,28.1872425824361,28.23022965411173,28.281222837042698,28.341165069868456,28.410994933481476,28.49162991795771,28.583954464647185
235.0,28.01342286853532,28.013841354651632,28.015122859891463,28.017346207206742,28.020644994649192,28.025210767968243,28.031297121273635,28.039224372362757,28.049384340855493,28.062244634616004,28.078351730769732,28.09833204817274,28.122890185586137,28.152803596639572,28.18891324059903,28.232110215603083,28.283319025858564,28.343478860882282,28.413524905493777,28.494372052423294,28.586903285592708
236.0,28.013706037692998,28.014130389493246,28.015429629980996,28.01768298748373,28.02102470493969,28.02564716521671,28.03180492362998,28.03981929248366,28.050083004749215,28.063064363048223,28.079310165496306,28.099446617337712,28.124177424406465,28.154278370873193,28.190587957281505,28.2339941391865,28.285417834806257,28.345794566988904,28.416056208893732,28.497115124245116,28.589852875698725
237.0,28.013993171393555,28.014423419970786,28.015740487120436,28.018024000936297,28.02140883968357,28.026088209571363,28.03231760880617,28.040419321108864,28.050786965066724,28.06388950659129,28.080274031809118,28.10056650186603,28.125469707513687,28.15575775662021,28.192266706000513,28.23588140911078,28.287519262511793,28.348112202281182,28.418588871099697,28.499859169013124,28.592803271703627
238.0,28.014284290598592,28.01472046663313,28.016055450599133,28.018369264702994,28.021797412935204,28.02653391098968,28.032835181614235,28.041024456858498,28.05149621337521,28.06472004927706,28.08124330649715,28.10169167267439,28.126767002677962,28.157241722542803,28.193949461169694,28.237772010308046,28.289623307878795,28.35043178060178,28.42112291879298,28.50260422125832,28.595754509210835
239.0,28.014579416349786,28.015021550078984,28.016374539711197,28.018718795894657,28.02219043864121,28.02698427926421,28.033357646598695,28.04163469803699,28.052210740839637,28.065555974776643,28.082217966044563,28.102822100557464,28.128069277796172,28.15873023765922,28.19563619774612,28.23966592826709,28.29172997016638,28.35275331583773,28.423658378293403,28.505350314852574,28.598706623167367
240.0,28.014878568506425,28.015326689766006,28.01669777267817,28.019072610603818,28.022587929874636,28.02743932344021,28.033885007812792,28.042250042695336,28.052930538809036,28.066397267340776,28.083197988072854,28.10395775792707,28.12937650274141,28.16022327312805,28.197326892560344,28.241563149716185,28.29383924894206,28.35507682105251,28.426195274155926,28.508097481309807,28.60165965498256
241.0,28.015181767171036,28.01563590536753,28.017025167884345,28.019430725042106,28.022989899716144,28.027899052489182,28.034417269084212,28.042870488587074,28.053655598196062,28.067243910791042,28.08418334977194,28.105098616887624,28.13068864726079,28.16172080012836,28.19902152264262,28.243463661661977,28.295951144000636,28.357402309436036,28.42873363604981,28.51084835569842,28.60477055350893
242.0,28.01548903235105,28.015949216460132,28.017356743603134,28.019793155264395,28.02339636105445,28.02836347512847,28.034954433956354,28.04349603314384,28.05438590963085,28.06809588873263,28.085174028270988,28.106244649669623,28.132005681440486,28.16322279036964,28.200720065605893,28.245367451593413,28.29806565539232,28.35972980004473,28.43127422335999,28.513625138445228,28.60801026472486
243.0,28.015800383582487,28.016266642149805,28.01769251763362,28.020159916868945,28.023807326333017,28.02883259966993,28.035496505623943,28.044126673548195,28.055121463640365,28.068953184881973,28.0861700010737,28.107395829174795,28.133327576273388,28.164729216589414,28.202422500034203,28.247274507707754,28.300182785857743,28.3620594723586,28.43382092941649,28.516442605971015,28.61133291665266
244.0,28.016115840105055,28.016588201247487,28.01803250747685,28.020531025140322,28.02422280768176,28.02930643410779,28.03604348697106,28.044762406720835,28.05586225058618,28.0698157829347,28.08717124586923,28.10855212870592,28.134654303370993,28.166240052266637,28.20412880524415,28.249184819482533,28.302302571836414,28.36439208892877,28.436378937110877,28.519302925336703,28.614722177647177
245.0,28.016435420873172,28.01691391226731,28.01837673033161,28.020906495052976,28.02464281690761,28.029784986109537,28.036595380586544,28.045403229332507,28.056608260671617,28.07068366658131,28.08817774052617,28.109713521969805,28.135985834941437,28.167755271607767,28.205838961446485,28.251098383908605,28.30442516766183,28.366729031083274,28.4389523392721,28.522205148056745,28.618168626596514
246.0,28.016759144541563,28.017243793423404,28.018725203099486,28.021286341274582,28.02506736549463,28.030268263028027,28.037152188755964,28.046049137808048,28.057359483953775,28.071556819508096,28.08918946311676,28.11087998309048,28.137322143792275,28.16927484955139,28.207552950995144,28.253015223204162,28.306550910202663,28.369071955562035,28.44154393531366,28.525147598993666,28.621665921234733
247.0,28.017087029462854,28.017577862638344,28.019077942367737,28.021670578153273,28.025496464624396,28.030756271909485,28.037713913487412,28.046700128342703,28.058115910356516,28.07243522542204,28.090206391906815,28.112051486585198,28.138663203316252,28.170798762037183,28.20927076223917,28.254935407573722,28.30868031149911,28.3714225099898,28.444155559651605,28.528128507214525,28.625209413600743
248.0,28.01741909371242,28.017916137534417,28.019434964427205,28.022059219738782,28.02593012515143,28.031249019481113,28.038280556493916,28.04735619690687,28.05887752967931,28.073318868049927,28.09122850537709,28.11322800737996,28.140008987547834,28.17232698683353,28.210992395902295,28.256859070107787,28.310814008291853,28.37378219414749,28.446788385753926,28.53114618828889,28.628795510967006
249.0,28.01775535504247,28.018258635437718,28.019796285257307,28.022452279751477,28.026368357617393,28.031746512180746,28.038852119221556,28.048017339257157,28.059644331605835,28.07420773114915,28.09225578220716,28.11440952082456,28.141359471340294,28.173859505180406,28.212717872040958,28.2587864094747,28.312952705683568,28.376152312515547,28.449443141008516,28.53419909434999,28.63242132925557
250.0,28.018095830926786,28.01860537336281,28.020161920541412,28.022849771621132,28.026811172259308,28.03224875613521,28.03942860285018,28.048683550940424,28.06041630572897,28.07510179852128,28.093288201316533,28.115596002712195,28.14271463076802,28.175396304115715,28.21444723548998,28.260717683194127,28.315097130892756,28.378533972192574,28.452120250673953,28.537285819215743,28.636084487170585
251.0,28.01844053853053,28.01895636802821,28.0205318856445,28.023251708449823,28.027258579004695,28.03275575716776,28.040010008281225,28.04935482731146,28.06119344153295,28.076001054012842,28.094325741840777,28.11678742940356,28.144074443807686,28.176937379032836,28.21618055867883,28.262653195778746,28.317248001186606,28.38092810031063,28.45481993211556,28.540405088250644,28.639782977390965
252.0,28.018789494713225,28.019311635846737,28.02090619563657,28.02365810304355,28.027710587471137,28.033267520831238,28.04059633618084,28.05003116352933,28.06197572842238,28.076905481541356,28.095368383186457,28.117983777988616,28.145438891257974,28.17848273597702,28.21791794193089,28.2645932858748,28.31940600336934,28.383335466277835,28.45754225945295,28.543555745181855,28.64351507732066
253.0,28.0191427160312,28.019671192930353,28.02128486527418,28.02406896789521,28.02816720696941,28.033784052373488,28.041187586955402,28.050712554578034,28.062763155734363,28.077815065086437,28.09641610507404,28.119185026604068,28.146807957755,28.180032393388604,28.21965951181421,28.266538313994754,28.321571781886867,28.385756705176327,28.46028720707957,28.546736737798682,28.647279288181085
254.0,28.01950021874499,28.02003505508506,28.02166790900656,28.024484315191096,28.028628446517455,28.03430535676456,28.041783760766346,28.05139899527347,28.063555712735972,28.078729788726516,28.097468887636314,28.120391154791985,28.148181632831815,28.181586383124827,28.22140541810338,28.268488652085683,28.323745933502344,28.388192338799612,28.463054678929108,28.549947105261225,28.651074291553837
255.0,28.019862018804222,28.020403237811163,28.0220553409753,28.02490415680538,28.029094314821833,28.034831438695917,28.042384857550218,28.052090480261615,28.064353388634864,28.079649636669338,28.098526711529573,28.12160214396043,28.149559911842136,28.1831447507956,28.223155830177827,28.270444675162533,28.325929005333276,28.390642793702835,28.465844530007075,28.55318596701181,28.65489891567476
256.0,28.020228131861405,28.020775756305348,28.022447175019835,28.025328504315777,28.029564820302063,28.035362302588382,28.04299087700414,28.052787004035277,28.065156172611363,28.08057459328177,28.099589558116115,28.122817977853163,28.15094279670082,28.18470755551485,28.224910933228617,28.272406754780647,28.32812149542322,28.393108416794536,28.46865658143635,28.556452512977792,28.65875211032997
257.0,28.020598573251156,28.02115262545352,28.022843424672722,28.02575736898905,28.03003997108708,28.035897952594897,28.043601818601786,28.053488560933584,28.06596405382063,28.081504643166525,28.100657409667654,28.12403864303549,28.152330296432964,28.186274869212994,28.2266709244902,28.274375254152822,28.330323854836358,28.39558948841669,28.471490631088667,28.559745995189985,28.66263292747003
258.0,28.020973358011272,28.021533859840815,28.023244103159875,28.02619076179896,28.03051977500165,28.036438392596697,28.04421768161003,28.054195145180444,28.066777021422066,28.08243977123898,28.1017302495905,28.12526412935365,28.153722427482453,28.187846775530858,28.22843600981179,28.276350524823613,28.332536490673963,28.398086232935995,28.47434646104374,28.563065720793805,28.66654050611035
259.0,28.02135250087433,28.02191947374632,28.023649223409283,28.026628693412007,28.031004239595802,28.036983626216767,28.044838465082425,28.054906750866028,28.067595064612725,28.083379962820796,28.10280806268025,28.12649443030008,28.155119213779454,28.189423368595495,28.230206400655014,28.27833290434691,28.334759769177698,28.400598827671786,28.477223843458386,28.566411045937283,28.670474059822567
260.0,28.021736016265933,28.02230948114762,28.02405879803797,28.027071174197104,28.031493372138062,28.03753365683448,28.04546416787627,28.055623371967904,28.068418172672626,28.08432520376307,28.103890835354555,28.127729543328808,28.156520686660016,28.1910047517173,28.231982311444533,28.28032271473022,28.33699401899822,28.403127410458968,28.480122544817302,28.569781370442954,28.67443286656899
261.0,28.022123918306065,28.02270389570735,28.024472839356097,28.027518214233762,28.03198717960811,28.03808848757733,28.046094788650908,28.05634500237644,28.069246335011854,28.085275480560163,28.10497855589508,28.128969470092162,28.157926884636026,28.192591035994166,28.23376395731615,28.282320261568636,28.33923953447386,28.405672085915775,28.48304232897344,28.573176133265694,28.678416260441725
262.0,28.022516220804608,28.023102730788935,28.024891359378255,28.0279698233042,28.0324856687169,28.038648121320943,28.046730325886667,28.057071635930356,28.07007954122681,28.086230780491775,28.106071214661707,28.130214216595274,28.159337853014488,28.194182338971334,28.235551552294858,28.284325833755048,28.34149657878948,28.408232930522527,28.4859829592875,28.576594808596585,28.682423624966336
263.0,28.022912937276775,28.023505999455274,28.025314369816847,28.028426010896073,28.032988845895776,28.03921256071306,28.04737077789626,28.05780326642728,28.070917781166177,28.08719109175953,28.107168804295902,28.13146379324526,28.160753643428507,28.195778783379378,28.237345307816703,28.286339703531425,28.343765386844154,28.410809996859033,28.488944200270165,28.580036902487905,28.68645438739806
264.0,28.02331408093499,28.0239137144587,28.025741882090102,28.02888678620994,28.033496717312566,28.039781808176212,28.048016142832243,28.0585398876547,28.07176104501077,28.08815640361775,28.108271319883745,28.13271821485596,28.162174313336855,28.19738049595652,28.239145431519535,28.288362126727744,28.346046167903935,28.413403317273595,28.491925818834616,28.583501949837586,28.690508013828833
265.0,28.023719664664448,28.024325888256797,28.026173907317457,28.029352158155632,28.034009288867804,28.040355865904793,28.048666418721588,28.059281493434057,28.072609323351795,28.089126706504246,28.10937875906246,28.13397750058156,28.163599925473857,28.198987606385916,28.2409521263324,28.290393343204336,28.348339108018873,28.416012906941553,28.49492758519354,28.586989511776604,28.69458400502193
266.0,28.02412970106875,28.024742533002133,28.026610456315566,28.029822135371045,28.03452656620719,28.040934735880167,28.049321603456637,28.060028077659588,28.073462607259913,28.090101992164445,28.11049112211625,28.135241673796312,28.165030547298567,28.200600246321454,28.242765589713372,28.292433577399702,28.350644372302995,28.418638766504895,28.497949273513626,28.590499173324424,28.698681892799613
267.0,28.0245442024625,28.025163660546685,28.02705153961325,28.030296726205965,28.035048554722362,28.041518419876716,28.049981694831345,28.0607796343434,28.074320888368252,28.09108225375606,28.11160841205603,28.136510761937163,28.166466250423042,28.202218548534685,28.24458601311098,28.294483039001758,28.352962106963393,28.421280884214717,28.500990662311185,28.594030541357593,28.70280123703761
268.0,28.024963180836984,28.025589282448173,28.027497167443578,28.03077593873029,28.035575259549947,28.042106919486532,28.05064669056958,28.06153615766041,28.075184158961342,28.092067485949514,28.1127306346464,28.137784796291257,28.16790711006325,28.20384264615613,28.246413581625742,28.296541923658154,28.355292441092647,28.423939237741692,28.50405153473504,28.59758324282764,28.70694162302914
269.0,28.025386647886677,28.026019409968548,28.02794734975987,28.03125978074756,28.036106685588727,28.04270023612228,28.05131658834185,28.06229764200096,28.076052412057365,28.093057685012624,28.113857798390978,28.139063811782314,28.169353204508976,28.205472672025326,28.248248473757197,28.2986104137036,28.35763548830262,28.426613795735065,28.507131678734787,28.601156923158186,28.71110265919525
270.0,28.02581461501415,28.026454054070772,28.02840209622144,28.03174825978616,28.036642837506484,28.043298371030552,28.051991385798598,28.063064082018673,28.07692564146899,28.094052848867342,28.114989914506104,28.14034784672708,28.17080461462446,28.207108758142326,28.250090861262112,28.30068867886733,28.359991348187243,28.42930451916565,28.510230887178917,28.60475124480413,28.715283975033806
271.0,28.026247093327676,28.026893225422747,28.028861416201973,28.032241383112723,28.037183719744704,28.043901325306162,28.052671080595246,28.063835472682506,28.07780384187854,28.09505297715034,28.116126996877707,28.14163694258245,28.172261423381777,28.208751035177713,28.251940909071575,28.302776876978047,28.362360107681443,28.432011362513556,28.51334895790055,28.608365885936507,28.719485219277882
272.0,28.026684093639723,28.027336934402364,28.029325318794438,28.032739157735264,28.037729336523398,28.044509099913377,28.05335567042986,28.064611809332558,28.07868700890038,28.096058071245416,28.117269061990967,28.14293114368529,28.173723715433713,28.21039963208516,28.253798775311026,28.30487515465338,28.364741842231982,28.434734274711246,28.516485693673644,28.612000539316742,28.723706058353645
273.0,28.0271256264697,28.027785191101174,28.02979381281501,28.033241590404398,28.038279691851663,28.04512169570696,28.054045153079795,28.065393087732936,28.079575139140953,28.09706813430938,28.118416128851653,28.14423049699898,28.175191576691514,28.212054675721447,28.25566461132722,28.30698364798304,28.36713661694271,28.437473200068442,28.51964090218877,28.615654911187423,28.7279461748665
274.0,28.02757170204827,28.028238005325246,28.030266906805796,28.033748687620527,28.038834789548538,28.045739113453138,28.054739526423646,28.06617930410832,28.08046823025026,28.09808317127145,28.11956821886989,28.1455350518524,28.176665093968346,28.213716290599017,28.25753856182279,28.309102483160537,28.369544487484365,28.440228078929668,28.522814395944515,28.619328720384352,28.732205266449977
275.0,28.028022330316603,28.028695386592045,28.030744609036844,28.034260455641423,28.039394633250506,28.046361353840243,28.055438788484427,28.0669704552036,28.081366280949936,28.099103188839777,28.120725355758246,28.146844859693406,28.178144354649895,28.21538459865867,28.25942076498619,28.31123177709739,28.371965500972152,28.442998848304455,28.526005992171918,28.623021697474123,28.736483044609702
276.0,28.028477520932118,28.02915734413875,28.031226927513046,28.034776900491046,28.03995922642376,28.046988417507922,28.05614293746385,28.06776653832063,28.082269291084206,28.10012819548382,28.12188756542091,28.14815997383961,28.17962944636398,28.217059719053626,28.26131135262907,28.313371638023263,28.37439969681916,28.445785442476407,28.529215512727905,28.626733583919133,28.7407792336356
277.0,28.02893728327295,28.029623886928935,28.03171386998004,28.035298027973216,28.040528572372317,28.04762030507405,28.056851971782653,28.068567551356605,28.083177261643154,28.101158201389214,28.123054875823875,28.149480449247136,28.1811204567472,28.21874176807614,28.26321045040203,28.315522165998114,28.37684710733364,28.448587793352186,28.532442783954057,28.6304641314746,28.745093569841448
278.0,28.029401626430744,28.030095023649185,28.032205443918716,28.035823843670034,28.04110267425808,28.04825701715688,28.05756589009527,28.069373492854147,28.08409019477213,28.10219321844736,28.12422731686004,28.15080634228958,28.18261747319036,28.220430859004225,28.26511817795864,28.317683453438818,28.37930775842822,28.451405830946108,28.535687636581248,28.634213101477833,28.749425800628327
279.0,28.029870559227135,28.030570762716124,28.032701656564665,28.03635435295414,28.041681535114787,28.048898554395706,28.05828469134236,28.07018436202159,28.085008093793082,28.10323326020029,28.125404920228984,28.15213771054608,28.1841205826223,28.222127102038094,28.26703464915683,28.31985558560774,28.38178167019243,28.454239483729495,28.538949905594173,28.63798026425829,28.753775683760132
280.0,28.03034409021186,28.031051112281453,28.033202514911025,28.036889560998187,28.042265157866694,28.049544917478183,28.059008374775928,28.07100015876925,28.08593096320898,28.1042783417986,28.126587719305704,28.153474612603876,28.185629871313324,28.223830604236948,28.268959972258696,28.322038641070783,28.384268857435675,28.45708867895128,28.542229430105692,28.641765398583683,28.758142986654356
281.0,28.03082222766777,28.031536080239594,28.03370802572,28.0374294727884,28.042853545349804,28.050196107165426,28.059736939993712,28.07182088373362,28.086858808704267,28.10532847994461,28.127775749015683,28.154817107878728,28.187145424706944,28.22554146949318,28.270894250137946,28.324232692120916,28.386769330157367,28.45995334289594,28.545526053222368,28.64556829117065,28.762527485773024
282.0,28.03130497961272,28.032025674228272,28.034218195515702,28.037974093136224,28.043446700323514,28.050852124317814,28.060470386957046,28.07264653829837,28.087791637135602,28.106383692818905,28.128969045694664,28.156165256437998,28.188667327303847,28.227259798550495,28.272837580492162,28.326437805151574,28.389283093926508,28.462833401074633,28.548839621917196,28.64938873626293,28.766928966125445
283.0,28.03179235380679,28.03251990163566,28.03473303060162,28.038523426687977,28.044044625489775,28.051512969916878,28.06120871603022,28.073477124622748,28.088729456538534,28.107444000042616,28.130167646971312,28.157519118809688,28.19019566245522,28.22898568893285,28.274790056036256,28.328654041120913,28.391810150438065,28.465728778561214,28.55216998690313,28.653226535067045,28.771347220542076
284.0,28.03228435776256,28.03301876960392,28.035252537068562,28.039077477940214,28.044647323502097,28.052178645084282,28.061951927997907,28.07431264563711,28.08967227607987,28.108509422591354,28.131371591650975,28.158878755887677,28.19173051236588,28.230719235070815,28.276751764717243,28.330881455762004,28.394350497622174,28.468639399964125,28.555517002505763,28.65708149558198,28.77578204949263
285.0,28.032780998741956,28.03352228503991,28.035776720800612,28.039636251253153,28.045254796998158,28.052849151115094,28.0627000240884,28.075153105066104,28.09062010606478,28.10957998273659,28.13258091958987,28.160244228753896,28.193271957916945,28.23246052825084,28.278722789910585,28.333120100022906,28.396904130160387,28.471565189739554,28.558880526546275,28.660953432063007,28.780233260428364
286.0,28.03328228376559,28.034030454621448,28.036305587487938,28.04019975086421,28.045867048615666,28.053524489498262,28.063453005994315,28.07599850742836,28.09157295790005,28.11065570397121,28.13379567158456,28.161615598572276,28.194820078627203,28.234209656694485,28.28070321062115,28.335370020323367,28.399471039690678,28.474506072250243,28.562260420222024,28.66484216476633,28.784700667483516
287.0,28.033788219627766,28.03454328480464,28.036839142644133,28.04076798089426,28.046484081012817,28.054204661932253,28.064210875897047,28.07684885804665,28.09253084406424,28.111736610945165,28.135015889272363,28.162992926469233,28.196374952587263,28.235966705602788,28.28269310164353,28.33763125881724,28.402051215070436,28.47746197188725,28.565656547998593,28.66874751963639,28.789184091105643
288.0,28.034298812895972,28.03506078183475,28.03737739160926,28.041340945370155,28.047105896882677,28.0548896703512,28.064973636478804,28.07770416304939,28.093493778091318,28.112822729394434,28.136241615013,28.164376273407715,28.1979366563725,28.23773175718715,28.28469253377433,28.339903853726717,28.404644642695395,28.480432813219856,28.569068777487317,28.67266932795351,28.793683357619717
289.0,28.034814069923343,28.035582951761008,28.03792033956312,28.041918648243083,28.047732498964848,28.055579516937225,28.065741290927118,28.0785644293586,28.094461774529954,28.113914086068164,28.137472891805498,28.165765700122105,28.199505265042422,28.239504890753736,28.286701573964187,28.342187839522538,28.407251306636162,28.48341852103144,28.572496979346685,28.6766074261413,28.798198298996777
290.0,28.03533399685463,28.03610980043091,28.038467991529576,28.042501093396986,28.04836389007472,28.05627420414824,28.066513842959,28.079429664683964,28.095434848904038,28.11501070867036,28.138709763193205,28.1671612670331,28.201080852100695,28.241286182760213,28.28872028548684,28.344483247162213,28.409871188863544,28.486419020394436,28.575941027183745,28.680561655508484,28.802728752579437
291.0,28.0358585996349,28.036641333510794,28.039020352392836,28.043088284667448,28.049000073112815,28.056973734732857,28.067291296832746,28.080299877533356,28.096413017696484,28.116112625782694,28.13995227314834,28.16856303410998,28.20266348941028,28.24307570685376,28.290748728136947,28.346790104407393,28.412504269548137,28.48943423682199,28.579400797429546,28.68453186189683,28.8072745606317
292.0,28.036387884022947,28.03717755649307,28.03957742692023,28.043680225851425,28.04964105108971,28.057678111732802,28.06807365733823,28.081175077178855,28.097396298283687,28.11721986680183,28.1412004660372,28.16997106088985,28.20425324727337,28.244873533988176,28.29278695833545,28.349108435853186,28.41515052701585,28.49246409618635,28.582876169286408,28.688517895657938,28.811835570358166
293.0,28.036921855595292,28.037718474703524,28.0401392197593,28.04427692072731,28.05028682713842,28.058387338517303,28.06886092982763,28.082055273671134,28.098384708926197,28.118332461870583,28.142454386480484,28.17138540630981,28.205850194308077,28.246679732440953,28.294835029346654,28.35143826332252,28.41780993815524,28.495508524919124,28.586367024584426,28.692519611222114,28.816411633364023
294.0,28.03746051976592,28.038264093319878,28.04070573546522,28.044878373068865,28.050937404531673,28.059101418779157,28.06965312018916,28.08294047778904,28.09937826870667,28.119450441825265,28.143714079350456,28.172806128768467,28.2074543975682,28.248494367932462,28.296892991337437,28.353779605829672,28.4204824782942,28.498567449890626,28.589873247743043,28.696536867147408,28.82100260574683
295.0,28.038003881788008,28.038814417376134,28.04127697850436,28.045484586658453,28.051592786699327,28.059820356561676,28.07045023487898,28.083830701061782,28.10037699750836,28.120573838118577,28.14497958963202,28.174233285961044,28.209065922425555,28.250317503660156,28.298960891604636,28.356132479943707,28.423168121570324,28.501640798590312,28.593394725639495,28.70056952571683,28.82560834760712
296.0,28.0385519467718,28.03936945178705,28.041852953268375,28.046095565303002,28.052252977231362,28.06054415625907,28.071252280897287,28.084725955724004,28.101380915964654,28.121702682777773,28.146250962423522,28.175666934934586,28.210684832664338,28.25214920039869,28.30103877461951,28.358496899763786,28.425866840852816,28.504728499046156,28.59693134757229,28.704617452965802,28.8302287230875
297.0,28.03910471969339,28.039929201348567,28.042433664092016,28.046711312849187,28.05291797990655,28.061272822632844,28.072059265805034,28.085626254715265,28.102390045424997,28.122837008332322,28.147528242821615,28.177107131968025,28.2123111904247,28.25398951655065,28.30312668223107,28.360872877216337,28.428578608008834,28.50783047993243,28.600483005139967,28.70868051836181,28.83486360000827
298.0,28.03966220541232,28.04049367075693,28.04301911526794,28.0473318331987,28.053587798696604,28.062006360805263,28.07287119770274,28.08653161164403,28.103404407907195,28.123976847779666,28.148811475912904,28.17855393260065,28.213945056265235,28.255838508223565,28.305224653726114,28.363260422074394,28.431303393892755,28.510946670539287,28.604049592198262,28.712758594773632,28.839512849837185
299.0,28.040224408681,28.041062864623594,28.043609311058518,28.047957130323542,28.054262437788676,28.062744776288714,28.07368808526628,28.087442040793896,28.10442402609147,28.125122234540516,28.150100706720682,28.180007391593605,28.215586489189057,28.257696229360192,28.307332726040194,28.365659542206313,28.434041168517368,28.514077000767614,28.607631004655744,28.716851558089807,28.84417634725997
300.0,28.040791334140728,28.04163678746332,28.04420425570042,28.04858720827659,28.054941901571695,28.063488074959405,28.074509937641718,28.088357557051147,28.105448923189556,28.12627320230996,28.151395980007727,28.18146756275227,28.217235546456244,28.259562731570163,28.30945093364316,28.368070243520993,28.436791901117925,28.51722140136109,28.61122714085812,28.720959287733532,28.848853955260047
301.0,28.04136298637356,28.042215443747107,28.044803953427646,28.0492220711993,28.05562619468488,28.064236263088155,28.07533676458342,28.089278175936194,28.10647912304014,28.127429785172456,28.152697340517033,28.18293449920397,28.218892283961406,28.261438064549132,28.31157930893674,28.37049253026231,28.43955556017894,28.52037980353982,28.61483789691804,28.725079683282924,28.853426125362095
302.0,28.041939369875255,28.042798837892455,28.045408408487102,28.049861723347775,28.056315321991953,28.06498934734151,28.076168576332623,28.09020391356638,28.107514649985788,28.128592017447815,28.154004832703556,28.18440825314364,28.220556755993098,28.263322275905487,28.31371788216896,28.372926405005792,28.442332113553693,28.523552134732903,28.618462615224605,28.729195752863777,28.857914859690293
303.0,28.0425204890919,28.043386974277055,28.04601762515046,28.050506169092973,28.057009288614804,28.065747334776034,28.07700538365301,28.091134786623872,28.1085555288534,28.12975993367218,28.155318500774946,28.18588887589293,28.22222901532368,28.265215411293486,28.315866681577543,28.375371868781677,28.445121526646673,28.52673820068988,28.622098253506213,28.733296158081732,28.862354995971174
304.0,28.043106348428385,28.043979857258698,28.04663160771662,28.05115541294302,28.057708099928487,28.06651023284201,28.077847197819874,28.092070812332366,28.109601784922937,28.130933568551306,28.156638388649668,28.187376417883907,28.22390911324769,28.267117514468044,28.318025733478947,28.377828920610888,28.44792373885171,28.52993736381365,28.625740789385645,28.737379160762835,28.86675887967414
305.0,28.04369695225877,28.044577491185283,28.04725036053815,28.051809459541527,28.058411761572454,28.06727804938697,28.07869403060562,28.09301200844374,28.110653443888996,28.132112956934783,28.157964539920833,28.18887092865379,28.225597099588885,28.269028627352785,28.320195062203805,28.38029755282202,28.450738599514274,28.533148515935096,28.629387031496044,28.741445397032823,28.871133596458854
306.0,28.04429230493192,28.045179880395562,28.047873888030235,28.052468313686333,28.05912027946098,28.06805079264644,28.0795458942652,28.093958393206588,28.111710531832383,28.13329813377279,28.15929699783667,28.190372456822463,28.227293022739886,28.27094879005964,28.32237468920966,28.38277773762178,28.453565818738255,28.536370339799138,28.633034774422146,28.745496057622677,28.87548389067213
307.0,28.04489241081106,28.045787029265465,28.048502194673738,28.053131980347057,28.059833659777237,28.068828471249514,28.08040280152492,28.09490998534728,28.11277307518349,28.13448913407268,28.160635805264906,28.191881050121125,28.22899692966498,28.272878040737453,28.324564630203664,28.385269409858427,28.45640497298428,28.53960152548793,28.636682548891315,28.74953240808001,28.879813218046984
308.0,28.045497274245584,28.046398942181813,28.049135285044052,28.053800464655268,28.06055190900068,28.069611094215905,28.081264765579487,28.095866804047116,28.113841100693385,28.135685992882493,28.161981004678513,28.19339675535031,28.230708865907555,28.274816414990102,28.326764890347093,28.387772455648683,28.459255543628583,28.542840876506194,28.64032938938546,28.753555649497233,28.884124233806087
309.0,28.046106899625325,28.0470156235804,28.04977316380522,28.054473771935285,28.06127503387779,28.07039867095427,28.082131800067398,28.096828868911516,28.114914635407278,28.136888745246107,28.16333263811945,28.19491961839695,28.23242887544436,28.2767639446554,28.32897545899706,28.39028671049503,28.462116959822836,28.54608734514778,28.643974671725935,28.757566880982473,28.888419054225384
310.0,28.046721291375956,28.047637077952096,28.0504158357297,28.05515190769476,28.06200304146483,28.071191211253446,28.08300391906993,28.097796199962065,28.115993706613033,28.13809742618375,28.16469074719772,28.19644968418122,28.23415700042061,28.27872065605809,28.331196305630936,28.39281196436814,28.464988633702493,28.54934003473938,28.647618002613736,28.76156709510208,28.892699415033206
311.0,28.047340453965276,28.048263309849435,28.05106330571615,28.0558348776434,28.06273593909986,28.071988725281727,28.08388113708332,28.098768817603922,28.117078341855883,28.139312070650938,28.166055373057223,28.197986996601685,28.235893280617017,28.28068656813934,28.333427377714557,28.395347970761406,28.46786998499213,28.552598186173554,28.651259147853935,28.765557185726024,28.89696676924374
312.0,28.047964391914466,28.04889432391177,28.051715578788844,28.056522687696454,28.06347373441427,28.072791223583085,28.08476346901432,28.099746742597144,28.118168568864558,28.140532713532018,28.16742655631704,28.199531598377146,28.237637752823716,28.28266169070964,28.335668600560304,28.397894456656925,28.470760456369092,28.5558611606554,28.65489798392666,28.76953795831472,28.901222353604833
313.0,28.048593109839913,28.049530124856496,28.05237266009747,28.057215343981078,28.06421643534797,28.07359871706701,28.085650930170697,28.100729996056533,28.11926441555319,28.14175938958869,28.168804337060283,28.201083530840805,28.2393904500278,28.28464602318022,28.337919878637603,28.400451131730144,28.473659522583883,28.55912842239666,28.65853446423812,28.77351014025992,28.90546723628579
314.0,28.049226612409132,28.050170717498165,28.053034554955023,28.057912852843685,28.064964050132357,28.074411217013857,28.08654353623431,28.10171859941128,28.120365909991932,28.14299213343778,28.170188754741275,28.202642833641985,28.24115140067014,28.286639553790472,28.34018109784622,28.403017696441562,28.476566694898885,28.562399522343743,28.66216859632804,28.77747439079314,28.909702350123162
315.0,28.049864904399595,28.050816106779788,28.05370126883451,28.058615220856105,28.065716587295988,28.07522873504845,28.087441303262224,28.10271257439398,28.121473080370613,28.144230979511423,28.17157984805885,28.204209544419914,28.242920627945626,28.288642259401122,28.342452128364123,28.405593848457652,28.47948152222697,28.565674084297616,28.66580042628418,28.781431309444578,28.913928517160727
316.0,28.050507990706787,28.05146629774893,28.05437280735935,28.05932245481952,28.06647405566976,28.076051283151372,28.088344247662636,28.103711943009927,28.122585954976106,28.145475962012576,28.17297765484476,28.20578369843287,28.244698149238804,28.290654105733214,28.344732827597802,28.408179287537795,28.482403590703345,28.568951793317385,28.66943002717774,28.785381443237775,28.91814646805316
317.0,28.05115587632223,28.052121295594894,28.055049176330225,28.060034561766376,28.06723646437976,28.076878873650568,28.089252386181823,28.104716727524675,28.12370456216319,28.146727114845095,28.17438221189032,28.207365328197767,28.24648397575662,28.292675047917186,28.34702304301379,28.410773719303947,28.48533252225829,28.572232385739632,28.673057490606016,28.78932529307567,28.92235685708153
318.0,28.051808566377556,28.05278110563921,28.055730381733415,28.060751548973357,28.068003822849867,28.077711519202094,28.090165735887542,28.105726950442612,28.124828930314823,28.14798447153521,28.17579355476487,28.20895446316531,28.248278112305012,28.294705031318802,28.34932261480269,28.41337685792403,28.488267972441804,28.575515640844984,28.676682920847888,28.793263319207984,28.926560273725517
319.0,28.052466066127774,28.05344573336287,28.05641642974799,28.061473423954876,28.068776140805145,28.078549232795837,28.0910843141644,28.106742634482213,28.125959087813822,28.149248065155913,28.177211717619784,28.21055112942179,28.250080557229534,28.296743992540566,28.351631378243606,28.415988427871895,28.491209627871616,28.57880137416256,28.680306430731296,28.797195945735822,28.930757251768302
320.0,28.05312838098501,28.05411518439888,28.057107326738016,28.06220019447491,28.069553428262804,28.07939202773865,28.092008138692893,28.107763802541303,28.127095062977816,28.150517928231903,28.17863673300837,28.212155349459966,28.25189130251695,28.298791860452113,28.35394916571713,28.418608165029525,28.49415720375258,28.58208943185709,28.68392813841448,28.801123564542813,28.934948276971497
321.0,28.053795516515095,28.054789464543152,28.057803079267558,28.062931868542655,28.070335695530943,28.08023991764695,28.092937227423878,28.108790477681428,28.12823688402494,28.151794092615056,28.18006863170104,28.21376714202445,28.253710334008883,28.30084855725954,28.35627580843254,28.421235817393093,28.49711044146959,28.585379685930892,28.68754816491042,28.805046538781397,28.93913379343164
322.0,28.054467478440937,28.055468579767993,28.05850369411542,28.063668454413193,28.07112295320384,28.081092916448213,28.093871598577927,28.109822683101466,28.12938457901728,28.153076589382373,28.181507442502582,28.21538652198926,28.255537631681914,28.30291399954577,28.358611137834796,28.42387114536287,28.500069106251708,28.588672030286634,28.691166632378092,28.808965205811607,28.943314208713506
323.0,28.055144272644934,28.056152536231284,28.059209178269207,28.064409960594798,28.071915212161745,28.08195103834796,28.094811270622458,28.110860442099565,28.130538175773538,28.154365448724747,28.182953192119836,28.217013500314916,28.257373170018248,28.30498809926478,28.360954986820836,28.426513921796595,28.503032984929387,28.591966377360563,28.69478366282933,28.8128798798164,28.947489898258773
324.0,28.05582590520171,28.056841340273362,28.059919538927655,28.065156395856793,28.072712483569543,28.082814297841413,28.09575626223973,28.111903778026356,28.13169770182752,28.15566069983971,28.18440590503089,28.218648084065492,28.259216918401794,28.30707076466023,28.36330719065875,28.42916393177918,28.50600188389456,28.595262655428968,28.698399377238726,28.81679085400577,28.951661208964985
325.0,28.05651238237034,28.057534998432775,28.060634783514057,28.06590776921222,28.07351477886822,28.08368270969829,28.096706592325567,28.112952714261553,28.13286318435077,28.15696237081858,28.185865603382723,28.220290276471978,28.26106884157364,28.309161901102154,28.365667587702784,28.431820972266635,28.50897562726746,28.598560806327242,28.702013894873094,28.820698402560748,28.955828462250828
326.0,28.057203710596216,28.058233517449217,28.061354919682927,28.066664089928935,28.074322109775718,28.084556288950807,28.097662279958804,28.114007274170955,28.134034650082988,28.158270488545327,28.187332306926745,28.22194007702231,28.26292890006738,28.31126141185871,28.36803601996224,28.434484851689383,28.51195405522689,28.601860783472645,28.70562733277919,28.82460278236431,28.959991956753868
327.0,28.057899896526052,28.058936904266055,28.062079955301385,28.067425367529452,28.075134488275562,28.085435050878022,28.098623344375234,28.115067481055384,28.135212125247996,28.15958507861286,28.188806032966525,28.22359748159622,28.26479705064901,28.313369198746496,28.37041233353645,28.43715538949283,28.514937022483522,28.605162550173183,28.709239805413493,28.82850423454715,28.964151970669853
328.0,28.058600947007044,28.059645166037413,28.062809898469624,28.068191611790038,28.075951926614092,28.086319010990692,28.099589804936134,28.116133358108343,28.136395635499987,28.16090616524088,28.19028679634582,28.225262482631152,28.266673246750695,28.31548516271478,28.37279637891499,28.439832415621044,28.51792439691058,28.608466078245296,28.712851424414115,28.832402985814205,28.968308763704837
329.0,28.059306869093458,28.060358310129356,28.06354475752063,28.068962832738382,28.076774437292357,28.08720818501669,28.100561681105706,28.117204928366224,28.137585205847717,28.162233771203567,28.19177460943696,28.226935069290146,28.268557438891335,28.317609204403787,28.375188011242482,28.44251577000055,28.520916058227318,28.611771346689075,28.716462298397744,28.83629924973147,28.97246257896172
330.0,28.060017670048726,28.061076344121094,28.064284541026453,28.069739040647292,28.07760203305739,28.088102588887693,28.101538992433078,28.118282214658926,28.138780860581626,28.163567917777304,28.193269482170656,28.228615227663326,28.2704495750697,28.319741224578358,28.377587090390442,28.44520530197025,28.523911896935264,28.615078340780745,28.720072532936534,28.840193227719475,28.97661364431939
331.0,28.06073335735098,28.061799275822754,28.065029257796528,28.070520246037113,28.07843472689396,28.089002238725843,28.102521758505727,28.11936523956941,28.139982623232335,28.1649086247061,28.194771422071145,28.230302940952345,28.272349601136547,28.321881124492982,28.37999348104402,28.44790086976158,28.526911813302334,28.618387051193807,28.723682230497307,28.844085110021187,28.980762173804383
332.0,28.06145393870389,28.062527113271237,28.0657789168714,28.07130645967636,28.07927253201926,28.089907150821645,28.103509998919527,28.120454025388565,28.141190516494543,28.16625591015711,28.196280434315582,28.231998189693975,28.274257461146316,28.324028806222913,28.382407052699723,28.450602339984204,28.529915716479007,28.621697473233514,28.727291490434858,28.847975076556885,28.984908368756926
333.0,28.062179422036483,28.063259864727723,28.066533527524843,28.072097692571372,28.080115461873152,28.09081734161184,28.104503733250837,28.12154859405804,28.14240456218423,28.16760979070457,28.197796521795688,28.23370095195569,28.276173097680385,28.326184172951653,28.384827679653945,28.45330958713204,28.53292352364333,28.62500960616227,28.730900409006132,28.851863297726947,28.98905241893251
334.0,28.062909815503982,28.063997538675903,28.06729309926539,28.072893955961863,28.080963530108395,28.091732827656717,28.105502981025595,28.12264896711932,28.143624781196277,28.16897028132371,28.199319685202106,28.23541120354572,28.278096452130363,28.3283471291832,28.387255240928255,28.456022493120177,28.535935159293984,28.628323452662062,28.734509079416522,28.855749935089147,28.993194503408905
335.0,28.06364512748355,28.064740143840922,28.068057641847492,28.073695261326456,28.081816750575523,28.09265362563126,28.106507761682003,28.123755165682695,28.144851193475,28.170337395393766,28.20084992310952,28.237128918212868,28.280027464960565,28.330517580936533,28.38968962019611,28.45874094681898,28.538950554585156,28.631639018343694,28.738117591877526,28.859635141996506,28.997334791441936
336.0,28.064385366584943,28.06548768916986,28.068827165252905,28.074501620360422,28.082675137304328,28.09357975228793,28.107518094530423,28.124867210389002,28.14608381797446,28.171711144702115,28.202387232070258,28.23885406782926,28.281966075957747,28.33269543589363,28.392130705670574,28.461464843633685,28.541969646736998,28.63495631133626,28.741726033671707,28.863519064163505,29.00147344319113
337.0,28.06513054164665,28.06624018384682,28.0696016796986,28.075313044980984,28.083538704498427,28.09451122444524,28.10853399873236,28.125985121363545,28.14732267262919,28.17309153946082,28.203931606701747,28.24058662258521,28.28391222446874,28.334880603559903,28.394578390009258,28.4641940850748,28.544992378421917,28.638275341850147,28.74533448921763,28.86740184025153,29.005610610509816
338.0,28.065880661741875,28.066997637288424,28.07038119562433,28.076129547314956,28.08440746651968,28.09544805896013,28.109555493266292,28.12710891818572,28.14856777433128,28.174478588337767,28.205483039793062,28.242326551160804,28.285865849585768,28.337072995325812,28.39703257015398,28.466928578385247,28.548018697336023,28.641596121933123,28.7489430401689,28.871283602286013,29.0097464374612
339.0,28.066635736174877,28.06776005914262,28.071165723698456,28.076951139693747,28.085281437875594,28.096390272705957,28.110582596890747,28.128238619859054,28.149819138930535,28.17587229848778,28.207041522408286,28.24407382089808,28.287826890294454,28.339272524522862,28.39949314718542,28.469668236196558,28.551048555817196,28.644918665227706,28.752551765503263,28.875164476060093,29.01388106081013
340.0,28.06739577448241,28.068527459286845,28.07195527480911,28.07777783464275,28.08616063320322,28.097337882546157,28.11161532811796,28.129374244776187,28.151076781208147,28.177272675578294,28.20860704398325,28.245828397965337,28.289795285686242,28.341479106532482,28.401960026208563,28.472412976149474,28.554081910313897,28.648242986627846,28.756160741593717,28.879044581629117,29.01801461068206
341.0,28.068160786428944,28.069299847821856,28.072749860062256,28.078609644870504,28.087045067251765,28.09829090530642,28.112653705183245,28.130515810697602,28.152340714891597,28.17867972384602,28.210179592439832,28.24759024749114,28.291770975042773,28.343692658754527,28.40443311617848,28.47516272063539,28.557118721152705,28.651569102190386,28.75977004231078,28.88292403356171,29.022147210853205
342.0,28.068930782007406,28.070077235078337,28.073549490778028,28.079446583268666,28.087934754862847,28.099249357764716,28.113697746016964,28.131663334727055,28.153610952645725,28.180093446134993,28.211759154279733,28.249359333718594,28.293753897970586,28.345913100651813,28.406912329777747,28.47791739647455,28.560158952171825,28.654897028891792,28.76337973909295,28.886802941333514,29.026278979262912
343.0,28.069705771437874,28.07085963160885,28.074354178482515,28.080288662892098,28.088829710957434,28.100213256618904,28.11474746821825,28.132816833291475,28.154887506071947,28.18151384393787,28.21334571468335,28.25113562014049,28.295743994538906,28.34814035378361,28.409397583263573,28.48067693461317,28.563202570365945,28.65822678443803,28.766989901042013,28.890681409667536,29.03041002842542
344.0,28.070485765166687,28.071647048186055,28.075163934895947,28.081135896942108,28.089729950516865,28.101182618467913,28.115802889036388,28.133976322138764,28.156170385722817,28.182940917453895,28.21493925759577,28.252919069595766,28.29774120533622,28.350374341774593,28.411888796323513,28.483441269906443,28.566249545689494,28.66155838717405,28.7706005950073,28.894559538757125,29.034540465691162
345.0,28.07127077385736,28.072439495792214,28.075978771939113,28.08198829876629,28.090635488566562,28.102157459781814,28.116864025346604,28.13514181631377,28.157459601128853,28.184374665645166,28.21653976582679,28.254709644392562,28.29974547154902,28.35261499029517,28.41438589193759,28.48621034087902,28.569299850814474,28.664891855972478,28.774211885655934,28.898437424522207,29.038670393574858
346.0,28.072060808393925,28.07323698562295,28.076798701715838,28.08284588183929,28.09154634015906,28.103137796886347,28.117930893623477,28.136313330143746,28.158755160782093,28.18581508627278,28.218147221146225,28.25650730644576,28.301756735101414,28.354862227103947,28.416888796234364,28.48898408940951,28.572353460768657,28.668227210014614,28.777823835568835,28.90231515897906,29.04279991020412
347.0,28.072855879864225,28.074039529074316,28.07762373649838,28.08370865975573,28.0924625203594,28.104123645946146,28.119003509935233,28.137490877248247,28.160057072190508,28.187262175966364,28.219761604362777,28.2583120172999,28.30377493860922,28.35711598193428,28.41939743837678,28.491762460664113,28.575410352956165,28.671564468871885,28.781436505304878,28.90619283026954,29.04692910932093
348.0,28.07365599956628,28.07484713774213,28.078453888731012,28.084576646214966,28.09338404422454,28.105115022935816,28.120081889910338,28.13867447051241,28.161365341864318,28.18871593026554,28.221382895420597,28.26012373830352,28.305800025542087,28.35937618654972,28.42191175040244,28.494545402739078,28.578470506734064,28.674903652246144,28.785049953490113,28.910070523074385,29.051058080819086
349.0,28.07446117899477,28.075659823410653,28.07928917101362,28.085449855007965,28.094310926782946,28.106111943630633,28.121166048733894,28.139864122110037,28.162679975364462,28.190176343686666,28.223011073459396,28.261942430613065,28.307831940148276,28.361642774619785,28.424431667118657,28.49733286663096,28.58153390347583,28.678244780067804,28.788664236875555,28.91394831860396,29.055186910711775
350.0,28.075271429840218,28.076477598048463,28.08012959609402,28.08632830000402,28.095243183024618,28.107114423582072,28.122256001127695,28.141059843483024,28.16400097731075,28.191643409763245,28.224646116908406,28.263768055325162,28.309870627588268,28.36391568175611,28.426957125968233,28.500124805942402,28.584600526228176,28.681587872301076,28.79227941042114,28.917826294943623,29.059315681546487
351.0,28.076086763981426,28.077300473797127,28.08097517685701,28.08721199513292,28.09618082788169,28.108122478105862,28.123351761347017,28.142261645361856,28.165328351423522,28.193117121104613,28.226288003537125,28.26560057349931,28.3119160338935,28.36619484542478,28.429488066926588,28.50292117681465,28.587670359697665,28.68493294897865,28.795895527351025,28.921704527105206,29.063444472460624
352.0,28.076907193473986,28.078128462964106,28.0818259263179,28.088100954376774,28.097123876210215,28.109136122262242,28.124453343165573,28.14346953776007,28.166662100535884,28.194597469448357,28.227936710536028,28.26743994623865,28.313968106027346,28.368480204924392,28.432024432385948,28.50572193772082,28.590743390054982,28.688280030101772,28.79951263922342,28.92558308724907,29.067573359443454
353.0,28.077732730545737,28.07896157801366,28.082681857611476,28.088995191752645,28.09807234277491,28.11015537084041,28.125560759867763,28.144683529982288,28.168002226627205,28.19608444571246,28.229592214580375,28.269286134746693,28.31602679189769,28.370771701337542,28.434566167042416,28.508527049330574,28.593819604819522,28.691629135605808,28.80313079599528,28.929462044825403,29.071702415500315
354.0,28.078563387579614,28.07979983156143,28.083542983967753,28.089894721301977,28.09902624224023,28.111180238348236,28.12667402424911,28.14590363063652,28.169348730856612,28.19757804003706,28.231254491875205,28.271139100357594,28.318092040347548,28.373069277488547,28.437113217808466,28.511336474420432,28.596898992796863,28.694980285353182,28.806750046071098,28.933341466660554,29.07583171075367
355.0,28.079399177113604,28.080643236362643,28.084409318714147,28.090799557074735,28.09998558914733,28.112210738993024,28.127793148598833,28.14712984763281,28.17070161358245,28.199078241843264,28.23292351824003,28.27299880462014,28.320163801205968,28.375372877901693,28.439665533685158,28.514150177672956,28.59998154389154,28.698333499047397,28.810370436378868,28.9372214171741,29.07996131269702
356.0,28.08024011182946,28.081491805295077,28.085280875256508,28.091709713116042,28.100950397900903,28.113246886692416,28.128918144711484,28.14836218821382,28.172060874399808,28.20058503986078,28.23459926912269,28.274865209278868,28.322242025231397,28.377682448735314,28.44222306571837,28.516968125678915,28.603067249142256,28.701688796279626,28.813992012393634,28.941101958374503,29.08409128618401
357.0,28.081086204541638,28.082345551362152,28.086157667068786,28.09262520345378,28.10192068275569,28.114288695031235,28.13004902386257,28.149600658937107,28.173426512161498,28.202098422200294,28.23628171970829,28.276738276398223,28.32432666419808,28.37999793776501,28.444785766830755,28.519790286663287,28.606156100459266,28.70504619640544,28.817614818236066,28.94498315014249,29.08822169376497
358.0,28.081937468186702,28.083204487663163,28.087039707682884,28.09354604208603,28.1028964578186,28.11533617727961,28.131185796843823,28.150845265724953,28.17479852501934,28.203618376364496,28.2379708448855,28.27861796828206,28.326417670786107,28.382319294304203,28.44735359183195,28.522616630587063,28.60924809076835,28.708405718647967,28.821238896671755,28.948865050124745,29.09235259555015
359.0,28.082793915818264,28.084068627400033,28.087927010674736,28.094472242965715,28.103877737012642,28.116389346361252,28.13232847391956,28.15209601383902,28.176176910441395,28.205144889326256,28.239666619385744,28.280504247630788,28.328514998693603,28.384646469183675,28.449926497224887,28.525447128830216,28.612343213697773,28.711767381948935,28.82486428921674,28.95274771406588,29.096484049607206
360.0,28.083655560588614,28.084937983856648,28.088819589654204,28.095403819986156,28.104864534077045,28.117448214861533,28.133477064855587,28.15335290792632,28.177561665250952,28.206677947547927,28.24136901774923,28.28239707746968,28.33061860255518,28.386979414688714,28.452504441211122,28.528281754273188,28.61544146368501,28.71513120505134,28.828491036134054,28.95663119573654,29.100616115564378
361.0,28.084522415729314,28.08581257037557,28.08971745824822,28.096340786973613,28.105856862560007,28.118512795028717,28.13463157893204,28.154615952024308,28.1789527856433,28.208217536995292,28.243078014364475,28.284296421160654,28.33272843791723,28.38931808452924,28.455087383635654,28.531120481216984,28.618542835958124,28.71849720648424,28.832119177305135,28.960515945729075,29.104772872917263
362.0,28.085394494549014,28.086692400376883,28.090620630095206,28.097283157668873,28.106854735801694,28.11958309875317,28.135792024922683,28.155885149573322,28.18035026722765,28.20976364321996,28.244793583539447,28.2862022424865,28.334844461286888,28.391662433777324,28.457675285843568,28.533963285217915,28.621647326314587,28.721865405440507,28.835748863127108,28.96440540998194,29.10894992501003
363.0,28.086271810431295,28.087577487325664,28.091529118825424,28.09823094572353,28.10785816693064,28.120659137565124,28.13695841111143,28.15716050342955,28.18175410504315,28.21131625137142,28.246515699516227,28.288114505646472,28.336966630097045,28.394012418841417,28.460268110641845,28.53681014303674,28.624754931541275,28.72523584540292,28.83938072335835,28.968301894825395,29.113140290661804
364.0,28.087154376816482,28.088467844719162,28.092442938053537,28.099184164675062,28.10886716883962,28.121740922634995,28.138130745284055,28.158442015888248,28.1831642935986,28.212875346234974,28.248244336509654,28.290033175254138,28.339094902694626,28.39636799742219,28.462865822237998,28.53966103271115,28.62786565409662,28.728608658951526,28.843015584087954,28.972205774840575,29.117341512410523
365.0,28.0880422071724,28.08936348608099,28.09336210136507,28.10014282795952,28.109881754199417,28.12282846476946,28.13930903475337,28.159729688699684,28.18458082689032,28.214440912260425,28.24997946872588,28.291958216376194,28.34122923832283,28.39872912846418,28.465468386213107,28.542515934418915,28.630979514940613,28.731984073339806,28.846654103381784,28.97611694569358,29.121552190243108
366.0,28.08893531501164,28.09026442494876,28.094286622300803,28.10110694887213,28.110901935440793,28.12392177440543,28.140493286356467,28.161023523085067,28.186003698424624,28.216012933592125,28.251721070393373,28.293889594514102,28.34336959712269,28.401095772119778,28.46807576963852,28.545374833157272,28.634096563464357,28.735362357531354,28.85029674049206,28.980035191016192,29.12577139297518
367.0,28.089833713856937,28.09117067485595,28.095216514359894,28.1020765405798,28.111927724738575,28.12502086162362,28.141683506454516,28.16232351974622,28.18743290125155,28.217591394101483,28.253469115783222,28.295827275633677,28.345515940092664,28.403467889765043,28.470687941641007,28.548237722151903,28.637216876308507,28.738743779093763,28.85394380579204,28.98396027760096,29.12999844925585
368.0,28.09073741724242,28.09208224933102,28.09615179096678,28.103051616096646,28.112959134019793,28.126125736124553,28.142879700957966,28.16362967888293,28.188868427989085,28.21917627741211,28.25522357923368,28.29777122616024,28.347668229111715,28.405845444082193,28.473304874298066,28.55110460513016,28.640340549579715,28.742128582475246,28.85759550782022,28.987891984859516,29.134232846797
369.0,28.091646438688812,28.092999161869123,28.09709246547712,28.104032188285238,28.113996174949424,28.127236407247622,28.144081875315038,28.16494200023438,28.190310270837706,28.22076756693045,28.256984435171002,28.299721412996234,28.349826426936993,28.408228399278258,28.475926543691102,28.55397549666517,28.643467690154278,28.745516982031752,28.861251986008316,28.991830111706903,29.1384741808664
370.0,28.09256079170431,28.093921425946505,28.098038551164148,28.105018269840038,28.115038858928266,28.12835288396089,28.14529003453657,28.166260483061304,28.19175842161868,28.2223652458581,28.25875165813229,28.30167780352046,28.35199049724679,28.410616721405756,28.478552930660086,28.556850421114703,28.646598408742374,28.74890916167898,28.864913332239798,28.995774477577335,29.142722123254586
371.0,28.093480489775676,28.094849054979495,28.09899006120203,28.106009873281298,28.116087197086127,28.129475174872354,28.146504183186078,28.167585126180366,28.19321287178338,28.223969297236835,28.260525222768813,28.303640365615138,28.354160404746462,28.413010378729677,28.481184021233364,28.559729410726426,28.649732814606168,28.752305277463375,28.868579606575047,28.999724921100285,29.146976400610257
372.0,28.094405546335867,28.095782062333114,28.09994700865527,28.107007010955122,28.117141200280248,28.13060328821486,28.147724325406294,28.16891592798019,28.194673612436898,28.225579703942582,28.2623051038707,28.30560906769039,28.35633611527859,28.41540934204282,28.48381980660514,28.562612503671613,28.65287101271582,28.755705461064313,28.87225084594091,29.00368129786662,29.151236782859215
373.0,28.095335974770986,28.09672046130528,28.100909406481527,28.108009695011408,28.118200879092626,28.13173723187168,28.148950464924642,28.17025288643269,28.196140634364873,28.227196448727366,28.26409127640627,28.30758387873546,28.358517595969882,28.417813584901086,28.48646028283952,28.565499742132253,28.656013101850423,28.759109823298243,28.875927071179536,29.007643478449364,29.155503073238272
374.0,28.09627178840395,28.097664265114457,28.10187726750713,28.10901793739927,28.11926624381867,28.1328770133553,28.150182605057594,28.171595999112046,28.197613928040713,28.228819514243053,28.26588371553087,28.309564768367263,28.360704815379158,28.42022308376542,28.48910545041362,28.56839117064453,28.65915917361544,28.762518457352268,28.87960829184815,29.011611346476116,29.159775101311006
375.0,28.097213000488196,28.098613486887338,28.102850604428898,28.110031749870174,28.12033730447681,28.134022639823836,28.151420748720916,28.172945263209034,28.199093483669643,28.2304488830411,28.267682396615903,28.31155170692082,28.362897743629702,28.422637818010806,28.49175531357948,28.571286834746324,28.6623093122051,28.765931441680017,28.8832945094313,29.015584796866598,29.164052718018677
376.0,28.09815962419598,28.099568139652696,28.10382942979314,28.11105114397575,28.12141407079614,28.135174118085317,28.152664898437965,28.174300675546636,28.20057929118876,28.232084537621272,28.269487295294077,28.313544665498213,28.3650963524999,28.425057769870545,28.494409879759527,28.574186780008258,28.66546359452687,28.769348842239378,28.886985719428708,29.0195637344684,29.168335792186266
377.0,28.099111672596724,28.10052823633469,28.10481375599715,28.112076131042542,28.122496552217452,28.13633145459617,28.153915056354954,28.175662232599418,28.202071340284256,28.233726460442547,28.271298387493893,28.315543616052963,28.367300615498657,28.427482924292892,28.49706915892601,28.577091051218563,28.66862209046608,28.772770714615813,28.89068191323649,29.023548072744873,29.172624207239824
378.0,28.100069158655817,28.10149378973394,28.105803595283362,28.113106722171995,28.12358475789678,28.137494655468334,28.155171224244462,28.177029930501465,28.203569620422517,28.23537463395787,28.273115649492457,28.317548531453216,28.369510507890226,28.429913268749324,28.499733163069397,28.57999969188557,28.67178486332877,28.776197105550047,28.894383079231744,29.027537732783916,29.176917859069007
379.0,28.10103209523484,28.10246481252463,28.10679895972534,28.114142928245645,28.12467869669939,28.138663726464227,28.156433403521678,28.178403765063575,28.205074120868648,28.237029040634436,28.27493905794867,28.319559385535864,28.37172600669499,28.432348793021646,28.502401905701387,28.582912743853356,28.6749519703077,28.77962805429897,28.898089203642726,29.03153264239665,29.18121665422523
380.0,28.102000495064267,28.10344131724106,28.10779986122028,28.115184759922247,28.125778377200078,28.139838673013035,28.15770159525089,28.17978373179498,28.20658483070969,28.238689662984726,28.27676858995214,28.32157615315248,28.373947090657825,28.43478948898115,28.50507540144113,28.585830247037755,28.67812346296864,28.78306359382362,28.90180027123074,29.035532735326857,29.185520508365695
381.0,28.102974370734746,28.10442331627836,28.10880631148377,28.11623222762374,28.126883807683214,28.14101950020806,28.15897580015598,28.181169825906437,28.208101738860677,28.240356483607734,28.278604223069035,28.323598810207578,28.376173740198244,28.437235350358126,28.507753665628446,28.588752239253832,28.68129938772522,28.786503751762282,28.905516265825852,29.039537950562742,29.189829344941227
382.0,28.103953734705613,28.105410821872454,28.109818322044582,28.117285341533243,28.12799499614278,28.142206212824398,28.160256018630516,28.182562042341438,28.209624834103664,28.242029485208413,28.280445935370516,28.325627333660044,28.378405937345253,28.439686372511062,28.510436714025197,28.591678756162192,28.68447978631302,28.78994855119904,28.90923717065367,29.043548231784552,29.194143094234448
383.0,28.1049385992869,28.106403846098566,28.110835904238233,28.118344111588698,28.129111950284727,28.143398815315503,28.161542250746784,28.183960375784313,28.21115410510422,28.243708650636055,28.28229370547718,28.32766170155023,28.38064366566476,28.442142552208175,28.513124562505645,28.59460983117269,28.68766469623942,28.793398011478306,28.912962968731712,29.047563526774795,29.19846169229134
384.0,28.105928976633475,28.10740240086829,28.111859069201213,28.119408547483452,28.13023467753131,28.144597311804684,28.162834496266445,28.185364820672802,28.212689540442735,28.245393962916854,28.284147512588717,28.329701892984122,28.38288691013332,28.44460388742086,28.515817226927766,28.597545495595362,28.690854151179845,28.79685214850104,28.91669364283953,29.05158378712951,29.202785080585162
385.0,28.106924878732904,28.108406497921106,28.112887827865308,28.120478658668357,28.131363185010485,28.145801706110316,28.164132754657782,28.186775371217124,28.214231128627244,28.247085405279623,28.28600733649702,28.331747888116702,28.385135657067988,28.44707037714924,28.51851472294715,28.60048577864327,28.69404818132647,28.800310975315536,28.920429175771073,29.055608967829762,29.20711320524583
386.0,28.10792631740228,28.109416148813015,28.113922190949822,28.12155445434597,28.13249747956503,28.147012001745182,28.16543702510099,28.188192021422157,28.215778858120014,28.24878296118109,28.287873157609766,28.333799668131405,28.387389894016994,28.449542021249417,28.521217065871543,28.603430707486897,28.697246813736406,28.803774502533418,28.92416955046144,29.05963902688439,29.211446016506265
387.0,28.108933304279564,28.11043136490755,28.11496216895722,28.12263594347023,28.133637567752917,28.148228201927942,28.166747306500532,28.18961476510476,28.21733271735902,28.250486614330054,28.289744956958586,28.335857215204992,28.38964960965854,28.45201882029003,28.523924270579688,28.606380307351802,28.700450072616825,28.807242738638266,28.92791475005146,29.063673925058907,29.215783468290496
388.0,28.10994585081836,28.111452157368262,28.116007772175404,28.123723134740676,28.13478345585669,28.149450309582605,28.16806359749498,28.19104359590095,28.218892694789606,28.252196348713333,28.291622716207783,28.337920512480395,28.391914793708747,28.454500775425057,28.52663635143572,28.609334601590227,28.703657979594528,28.810715690275217,28.931664757964818,29.067713625616864,29.220125517809176
389.0,28.110963968280156,28.11247853716825,28.117059010667994,28.12481603660439,28.135935149873127,28.150678327344213,28.169385896472587,28.192478507295537,28.220458778877024,28.2539121486116,28.293506417651184,28.33998954401502,28.394185436837166,28.456987888279713,28.529353322239288,28.612293611795632,28.706870553949933,28.814193362473066,28.935419557919396,29.07175809411066,29.224472125264843
390.0,28.11198766772785,28.113510515069983,28.118115894273533,28.125914657251727,28.1370926555256,28.151912257569585,28.170714201579614,28.193919492631498,28.222030958134663,28.25563399862491,28.29539604422531,28.342064294759805,28.396461530563816,28.45948016080457,28.532075196122015,28.615257357861232,28.71008781291599,28.817675759003432,28.939179134042462,29.07580729807539,29.22882325336589
391.0,28.113016960016303,28.114548101634163,28.11917843259927,28.127019004621104,28.138255978259448,28.153152102349285,28.172048510738996,28.195366545132636,28.223609221132545,28.25736188367604,28.297291579478657,28.344144750491466,28.398743067188306,28.461977595246868,28.53480198562425,28.618225858128245,28.71330977176324,28.82116288233819,28.94294347075684,29.07986120700641,29.233178867375692
392.0,28.11405185579971,28.11559130720328,28.120246635020894,28.1281290863931,28.139425123253314,28.15439786350701,28.17338882165696,28.19681965791771,28.225193556526683,28.259095789029054,28.29919300758233,28.346230897785556,28.401030039699005,28.46448019401693,28.537533702585996,28.62119912944562,28.716536444083918,28.824654733987863,28.94671255289382,29.08391979206274,29.237538934630898
393.0,28.115092365528678,28.116640141898515,28.121320510678455,28.129244909993474,28.14060009542252,28.15564954261226,28.17473513183832,28.19827882401935,28.22678395307094,28.26083570029043,28.301100313302307,28.348322723956983,28.403322441701167,28.466987959656908,28.540270358206715,28.624177187295956,28.719767841887176,28.828151314498257,28.9504863656174,29.08798302601607,29.241903424528182
394.0,28.11613849942674,28.117694615622767,28.12240006847787,28.130366482596713,28.141780899411838,28.156907140988253,28.176087438598795,28.199744036392612,28.228380399625504,28.262581603412986,28.303013481990337,28.350420217019813,28.405620267363613,28.46950089479278,28.543011963038598,28.627160045842533,28.723003975721795,28.831652623595616,28.95426489446721,29.092050883111536,29.246272308288532
395.0,28.117190267501908,28.11875473805067,28.12348531708478,28.13149381112265,28.14296753960889,28.15817065971884,28.177445739077232,28.201215287937636,28.229982885181713,28.264333484711322,28.304932499573,28.352523365642213,28.407923511325848,28.47201900203645,28.545758526958227,28.630147718050875,28.726244854895942,28.835158660355777,28.95804812535166,29.09612333888813,29.25064555873088
396.0,28.118247679539873,28.11982051863526,28.12457626492369,28.132626902238492,28.14416002015316,28.15944009965721,28.178810030248197,28.202692571511847,28.231591398866637,28.266091330852635,28.306857352514392,28.35463215910693,28.410232168683624,28.47454228401875,28.548510059220533,28.633140215724215,28.729490487480703,28.838669423199,28.961836044543503,29.100200370161655,29.255023150240415
397.0,28.11931074509705,28.12089196659503,28.125672920177962,28.133765762360458,28.145358344930376,28.160715461434823,28.180180308933497,28.204175879943236,28.233205929958952,28.267855128864237,28.308788027816693,28.35674658726475,28.4125462349014,28.477070743286006,28.55126656843623,28.63613754961203,28.732740880511432,28.84218491004455,28.965628638671184,29.104281954851512,29.259405058538267
398.0,28.120379473499664,28.12196909091337,28.126775290789116,28.134910397654824,28.1465625175806,28.161996745470685,28.181556571813594,28.20566520604273,28.23482646789455,28.269624866124563,28.31072451299062,28.35886664049963,28.414865705793375,28.4796043823048,28.554028062603248,28.639139729456623,28.735996040027725,28.84570511832865,28.9694258947045,29.108368071939893,29.263791260630008
399.0,28.1214538738472,28.123051900341963,28.12788338445735,28.13606081404139,28.147772541508036,28.163283951979782,28.182938815437108,28.207160542613792,28.236453002266792,28.271400530357862,28.312666796029948,28.360992309695906,28.41719057747202,28.48214320344812,28.556794549135937,28.642146764062733,28.739255971150726,28.849230045057265,28.97322779994023,29.112458701402776,29.268181734735723
400.0,28.12253395500123,28.124140403391113,28.128997208637806,28.137217017191876,28.14898841987976,28.164577080981317,28.184327036235512,28.20866188247189,28.238085522851552,28.273182109645212,28.314614865402522,28.363123586185438,28.419520846280736,28.48468720891673,28.55956603484925,28.645158661387338,28.742520678255925,28.8527596869481,28.977034342010906,29.116553824052744,29.27257646005232
401.0,28.123619725587815,28.125234608337134,28.130116770545506,28.138379012537104,28.15021015563596,28.165876132304227,28.18572123053551,28.210169218445724,28.239724019594004,28.27496959239961,28.316568710019336,28.365260461733584,28.42185650880939,28.48723640080509,28.562342526021194,28.648175428551983,28.745790164912886,28.856294040333065,28.980845508848297,29.12065342160023,29.27697541686345
402.0,28.1247111939937,28.126334523214926,28.131242077151875,28.139546805265674,28.151437751492615,28.167181105597916,28.18712139456938,28.211682543395714,28.241368482627617,28.276762967375337,28.31852831921873,28.367402928487387,28.4241975618125,28.48979078102098,28.565124028385274,28.65119707194431,28.74906443406384,28.85983310131434,28.984661288686503,29.124757476487755,29.281378586312023
403.0,28.125808368369142,28.127440155821205,28.132373135188,28.140720400332953,28.152671209950473,28.168492000344035,28.188527524476918,28.21320185021285,28.243018902265252,28.278562223644805,28.320493682743248,28.36955097896044,28.426544002215646,28.492350351317388,28.567910547170676,28.654223597233056,28.75234348800005,28.863376865730228,28.988481670046284,29.128865971903533,29.285785950425037
404.0,28.12691125662473,28.128551513713607,28.133509951144745,28.141899802462834,28.153910533300294,28.169808815863274,28.18993961631952,28.2147271318309,28.244675269005974,28.280367350594524,28.322464790718147,28.371704605996328,28.428895827077504,28.494915113277695,28.570702087124694,28.657255009430337,28.755627328436788,28.866925329195368,28.992306641720813,29.132978891717283,29.290197492033506
405.0,28.12801986643074,28.12966860420731,28.13465253127417,28.14308501614624,28.155155723626642,28.171131551321633,28.191357666092774,28.216258381235065,28.246337573537453,28.28217833792283,28.324441633631576,28.373863802740278,28.431253033562058,28.49748506829602,28.57349865252099,28.66029131293625,28.758915956585415,28.870478487154173,28.99613619276912,29.137096220410655,29.29461319467764
406.0,28.129134205219952,28.13079143437705,28.135800881592992,28.14427604564769,28.156406782815843,28.172460205740833,28.19278166973031,28.217795591461627,28.248005806727434,28.28399517562001,28.32642420231185,28.376028562624025,28.43361561894331,28.500060217603128,28.57630024719344,28.663332511553758,28.76220937314007,28.87403633485745,28.99997031250201,29.141217943081276,29.29903304261725
407.0,28.130254280183074,28.131920011060053,28.136955007881156,28.145472895009874,28.157663712560648,28.1737947780051,28.19421162311577,28.219338755613737,28.24967995963544,28.285817853970325,28.328412487915067,28.378198879328554,28.435983580551728,28.502640562228734,28.57910687454769,28.66637860857194,28.765507578387822,28.877598867439534,29.00380899047381,29.14534404534978,29.30345702071465
408.0,28.131380098273365,28.13305434086168,28.13811491568792,28.146675568057688,28.158926514365827,28.175135266866175,28.19564752208776,28.2208878668575,28.25136002349681,28.287646363537302,28.330406481911954,28.38037474678877,28.438356915801553,28.50522610303017,28.58191853757464,28.66942960675488,28.76881057217762,28.881166079892463,29.00765221647647,29.14947451337789,29.3078851144597
409.0,28.1325116662048,28.13419443014464,28.139280610329315,28.14788406839981,28.16019518955644,28.176481670955056,28.197089362449603,28.222442918433643,28.253045989736794,28.289480695153777,28.332406176055528,28.38255615913912,28.440735622129917,28.50781684066882,28.58473523888457,28.672485508416894,28.772118354018637,28.88473796711932,29.011499980521535,29.153609333781525,29.312317309859665
410.0,28.13364899045976,28.135340285035895,28.14045209689335,28.14909839943689,28.161469739286556,28.17783398878292,28.198537139966547,28.224003903648942,28.25473784995699,28.2913208399064,28.334411562379053,28.384743110729218,28.44311969702157,28.510412775634325,28.587556980710787,28.675546315403988,28.775430923051644,28.88831452390653,29.015352272838207,29.157748493656253,29.3167535934821
411.0,28.13479207728223,28.136491911429,28.141629380241366,28.150318564363037,28.16275016454007,28.179192218755784,28.199990850384353,28.225570815894244,28.256435595941156,28.29316678913245,28.336422633163778,28.386935596070355,28.445509137962755,28.513013908218483,28.59038376494054,28.67861202918308,28.778748278144583,28.891895744993676,29.019209083852722,29.161891980476607,29.321193952320886
412.0,28.135940932878434,28.13764931517563,28.14281246516939,28.151544566266036,28.164036466156094,28.180556359109207,28.201450489275345,28.227143648406074,28.25813921937381,28.29501853412822,28.33843938069883,28.389133609672545,28.447903942379693,28.51562023854295,28.59321559316754,28.681682650834077,28.782070417768,28.895481624829625,29.02307040387539,29.166039781749788,29.325638373446818
413.0,28.137095562770043,28.138812501473943,28.144001355910277,28.1527764078192,28.165328644750343,28.1819264081104,28.20291605251994,28.228722394987336,28.259848712701736,28.296876067048327,28.34046179805233,28.39133714659497,28.45030410788732,28.518231766555335,28.59605246654621,28.684758181003193,28.78539734024012,28.89907215820682,29.026936224095778,29.170191886252365,29.330086845298382
414.0,28.13825597239112,28.13998147542572,28.14519605658779,28.154014091576496,28.166626700832353,28.183302363919676,28.20438753590561,28.2303070494068,28.261564068382242,28.298739380079457,28.342489878336625,28.39354620191605,28.45270963204737,28.520848492047346,28.59889438600552,28.687838620068746,28.788729043651475,28.902667339780606,29.030806535697753,29.17434828284849,29.334539356413533
415.0,28.139422167171126,28.141156242117763,28.146396571284154,28.15525762001242,28.167930634789876,28.184684224546636,28.205864935056713,28.23189760526519,28.263285278728226,28.30060846531104,28.344523614597566,28.39576077064036,28.455120512321013,28.52347041464298,28.60174135223929,28.690923968118735,28.792065525799476,28.90626716396329,29.034681329681305,29.178508960279256,29.33899589524362
416.0,28.140594152259926,28.142336806366554,28.14760290383544,28.156506995392792,28.16924044685032,28.186071987920343,28.207348245629507,28.233494056290198,28.265012336277767,28.30248331510331,28.346563000133735,28.397980847930025,28.457536746162578,28.52609753379633,28.604593365637275,28.69401422492315,28.79540678426792,28.90987162516264,29.0385605972823,29.18267390770435,29.343456450701087
417.0,28.141771932417782,28.143523172611133,28.148815057727468,28.157762219694,28.17055613704554,28.18746565188804,28.208837463321817,28.235096396404813,28.26674523388002,28.3043639221848,28.34860802857762,28.400206429151872,28.459958331029124,28.52872984873044,28.607450426202245,28.697109389845526,28.79875281638438,28.913480717801832,29.04244433006955,29.186843114835142,29.34792101230855
418.0,28.142955512420546,28.144715345302274,28.15003303645693,28.159023294898695,28.171877705406118,28.188865214290907,28.21033258382337,28.2367046195131,28.268483964360584,28.306250279258226,28.350658693537273,28.40243750965251,28.462385264363512,28.531367358667143,28.61031253394165,28.700209462254794,28.802103619472696,28.91709443629041,29.046332519578478,29.191016571344385,29.352389569547526
419.0,28.14414489667648,28.1459133285284,28.15125684318541,28.160290222705928,28.17320515175438,28.190270672871836,28.21183360284955,28.23831871967824,28.270228520811614,28.308142379346794,28.3527149889091,28.4046740849434,28.464817543577045,28.53401006259036,28.613179688474673,28.70331444111327,28.805459190583168,28.920712775022785,29.050225157613124,29.195194267386828,29.35686211243662
420.0,28.14534008949687,28.147117126288354,28.15248648099364,28.161563004734333,28.174538475860807,28.191682025342036,28.213340516117267,28.23993869100039,28.271978896377576,28.31004021553493,28.354776908646684,28.40691615056574,28.467255166065712,28.536657959414406,28.616051889326155,28.706424325282654,28.808819526696123,28.924335728377702,29.054122236038776,29.199376193219177,29.36133862891885
421.0,28.14654109475568,28.14832674215391,28.153721952565117,28.162841642281705,28.175877677252316,28.19309926928577,28.21485331936033,28.241564527740785,28.273735084501446,28.311943781258417,28.356844447001787,28.4091637022121,28.46969812915873,28.53931104776599,28.618929135564354,28.70953911315025,28.812184624481667,28.927963290705637,29.058023744338815,29.203561014357394,29.36573923081172
422.0,28.147747916279357,28.14954217964854,28.154963260547508,28.164126136604036,28.17722275543002,28.194522402284054,28.216372008327113,28.24319622418323,28.27549707864209,28.3138530699684,28.358917598242236,28.411416735570395,28.47214643016765,28.541969326235932,28.62181142622994,28.712658803091507,28.81555448059319,28.931595453317904,29.061929300514493,29.207737436507138,29.370078720061507
423.0,28.148960557670204,28.15076344207608,28.15621040737338,28.165416488788104,28.178573709779094,28.19595142186485,28.21789657878051,28.244833774697476,28.277264872404796,28.315768075288073,28.360996356774006,28.41367524640018,28.474600066362182,28.5446327932723,28.624698760145943,28.715783393249627,28.818929090285533,28.935232125726323,29.06583692671397,29.21189794499353,29.374380450326935
424.0,28.15017902231939,28.15199053254498,28.15746339530982,28.166712699771036,28.179930539580432,28.197386325505793,28.219427026502164,28.246477173741116,28.27903845952061,28.3176887909713,28.363080717114507,28.415939230505757,28.477059034977568,28.547301447197,28.627591135956763,28.718912881219985,28.82230843165285,28.938872920520225,29.069743988728746,29.216041442144714,29.378652740851127
425.0,28.151403313433747,28.15322345396961,28.15872222644168,28.168014770363275,28.181293244020633,28.198827110649354,28.220963347298817,28.24812641584697,28.280817833839617,28.31961521090869,28.36517067389715,28.418208683745835,28.479523333208743,28.549975286213552,28.630488552034258,28.722047260869825,28.82569242279907,28.942517135106126,29.073648406987537,29.220168416536104,29.382900392423448
426.0,28.15263343402096,28.154462209081224,28.15998690269401,28.169322701218313,28.182661822187725,28.20027377469323,28.222505536987438,28.24978149561481,28.28260298933035,28.32154732911616,28.367266221841447,28.42048360200115,28.4819929582121,28.552654308381676,28.633391005838213,28.72518651331233,28.82908088887961,28.946163926721557,29.077548760048355,29.224279725832258,29.387126639389603
427.0,28.153869386904613,28.155706800428796,28.1612574258271,28.17063649287302,28.184036273090825,28.201726315003036,28.224053591410144,28.2514424077312,28.284393920062993,28.323485139723278,28.369367355765437,28.42276398120519,28.484467907093592,28.55533851148696,28.63629849194876,28.728330595345167,28.832473565892368,28.94981245703528,29.08144411745541,29.228376276561747,29.391333852932537
428.0,28.15511117472384,28.156957230393797,28.162533797439856,28.171956145727414,28.185416595643318,28.2031847289057,28.22560750643984,28.253109146950734,28.28619062022147,28.325428636979623,28.371474070573452,28.42504981731224,28.48694817688252,28.55802789261516,28.6392109988307,28.731479431836526,28.83587012622679,28.9534619628586,29.085333885296876,29.23245893102061,29.395523866433496
429.0,28.156358799938868,28.158213501165097,28.16381601898167,28.173281660057313,28.186802788676452,28.204649013701335,28.227167277956585,28.254781708090395,28.28799308408478,28.327377815233255,28.37358636125508,28.42734110629762,28.48943376444166,28.56072244730469,28.64212850526695,28.73463291430752,28.839270207514485,28.95711178047906,29.08921769630271,29.23652848154611,29.399698152945085
430.0,28.157612264826543,28.159475614777676,28.16510409173851,28.174613036030397,28.18819485095348,28.206119166664326,28.228732901883827,28.25646008604736,28.289801306038296,28.329332668942975,28.37570422286076,28.429637844129203,28.4919246662408,28.563422168346257,28.645050977582265,28.73779090441828,28.842673436175623,28.96076134643818,29.093095336795248,29.240585648323744,29.403857929144397
431.0,28.15887157151658,28.160743573096127,28.16639801686081,28.175950273672445,28.18959278114738,28.20759518503221,28.230304374145472,28.25814427578429,28.29161528055838,28.33129319265804,28.377827650518196,28.431940026715452,28.49442087801193,28.566127044488407,28.647978368176336,28.74095324000271,28.84607944379003,28.96441018884359,29.096966698366042,29.244631084244826,29.408004221860303
432.0,28.160136721943083,28.162017377822966,28.167697795354886,28.17729337292049,28.190996577870923,28.209077066026225,28.23188169070893,28.25983427232045,28.293435002212448,28.333259381015992,28.379956639395342,28.43424764979992,28.49692239428096,28.568837059263267,28.650910615431563,28.744119741600745,28.849487877261577,28.968057915847908,29.100831745917972,29.248665381899837,29.41213791188175
433.0,28.161407717887148,28.163297030508094,28.169003428085258,28.178642333595903,28.19240623965916,28.21056480684489,28.233464847557023,28.26153007074577,28.295260465638563,28.335231228739964,28.382091184680082,28.43656070882002,28.499429207832968,28.571552190089477,28.653847644532018,28.7472902186668,28.852898405008855,28.971704203968915,29.104690494920586,29.252689080644725,29.41625976595939
434.0,28.16268456097982,28.164582532543136,28.170314915779343,28.17999715540746,28.19382176498703,28.2120584046574,28.235053840694707,28.26323166621491,28.297091665576072,28.337208730624067,28.384231281518804,28.438879198699315,28.501941309188318,28.574272407742885,28.656789368936476,28.750464474913965,28.856310719882078,28.975348787319174,29.108542996167838,29.25670267309657,29.42037045939781
435.0,28.163967252693485,28.16587388516939,28.17163225903823,28.18135783797021,28.1952431522646,28.213557856620678,28.23664866615376,28.264939053927883,28.298928596838543,28.33919188150916,28.38637692497096,28.44120311361691,28.50445868609963,28.576997676165075,28.659735692272594,28.75364231260547,28.859724539945084,28.978991448272296,29.112389325325378,29.260706610912024,29.424470592457283
436.0,28.165255794334847,28.167171089494957,28.172955458338002,28.182724380798508,28.1966703998432,28.215063159877115,28.238249319981428,28.266652229153525,28.30077125429969,28.341180676279325,28.38852810989525,28.443532446757025,28.506981323185563,28.579727952626698,28.662686510296165,28.75682353579921,28.86313960807911,28.982632009695248,29.11622957543854,29.264701309667387,29.42856070300707
437.0,28.166550187078492,28.168474146477536,28.174284514028646,28.184096783312455,28.19810350601044,28.216574311540224,28.23985579826181,28.268371187214274,28.30261963290278,28.34317510980834,28.390684830861442,28.445867190066554,28.50950920165564,28.58246318807441,28.665641712736583,28.7600079527613,28.866555691075536,28.98627032841999,29.12006385126818,29.268687153056273,29.432641276726965
438.0,28.167850431958836,28.169783056936097,28.175619426339118,28.185475044840818,28.19954246900069,28.218091308710342,28.24146809709751,28.27009592347325,28.30447372763743,28.345175176920513,28.39284708201723,28.448207334014906,28.51204229912608,28.585203327628744,28.6686011850336,28.763195377828325,28.86997257821715,28.989906289577743,29.123892265167896,29.272664496608275,29.43671275516186
439.0,28.169156529866665,28.171097821559915,28.17696019538219,28.186859164618827,28.200987286995005,28.2196141484794,28.243086212606016,28.27182643334555,28.306333533518234,28.347180872346538,28.39501485696896,28.45055286740066,28.514580589589837,28.587948311228512,28.6715648099104,28.766385632587095,28.873390079555627,28.993539802048982,29.127714934379675,29.276633670801807,29.44077554178502
440.0,28.170468481555073,28.172418440910118,28.178306821163428,28.1882491418008,28.202437958121568,28.221142827924368,28.244710140925452,28.273562712286747,28.308199045571676,28.34919219066464,28.397188148653495,28.452903777185938,28.517124043455436,28.590698074324848,28.67453246872239,28.769578546546697,28.876808024189582,28.997170794774814,29.131531979064917,29.28059498369608,29.44483000692839
441.0,28.171786287637133,28.173744915426127,28.17965930357305,28.189644975457682,28.203894480463823,28.22267734410535,28.24633987821681,28.275304755778816,28.310070258811756,28.351209126232547,28.399366949213476,28.45526004837933,28.519672627667664,28.593452548569168,28.67750404255043,28.7727739575551,28.880226258646335,29.000799213623903,29.135343520672002,29.284548723224123,29.44887649209374
442.0,28.173109948619047,28.175077245421896,28.181017642399368,28.191046664581236,28.205356852049842,28.224217694070337,28.24797542065888,28.277052559322904,28.311947168210438,28.353231673116973,28.401551249873723,28.45762166395122,28.522226305896854,28.59621166247608,28.680479413132637,28.775971712017263,28.88364464534223,29.004425018733812,29.139149680708602,29.288495159221046,29.452915313525406
443.0,28.17443946488116,28.176415431092245,28.18238183733027,28.19245420808492,28.20682507087195,28.22576387485752,28.24961676443563,28.278806118434563,28.313829768664572,28.355259825019235,28.40374104085627,28.45998860480068,28.52478503876072,28.59897534206121,28.683458463627773,28.779171664890328,28.887063061099806,29.008048182280408,29.142950579926826,29.292434545175897,29.45694676512564
444.0,28.175774836678556,28.17775947251969,28.18375188795889,28.193867604813057,28.20829913487067,28.22731588348798,28.2512639057422,28.28056542862114,28.31571805494955,28.35729357521218,28.405936311292443,28.462360849751846,28.527348784069872,28.601743511441775,28.68644107924642,28.782373679561662,28.890481395765452,29.01166868660894,29.146746337705885,29.29636711977899,29.46097112092896
445.0,28.17711606414542,28.179109369675448,28.185127793776218,28.195286853536075,28.20977904194776,28.228873716968874,28.25291684077511,28.282330485363875,28.317612021682756,28.35933291646998,28.408137049150785,28.46473837558009,28.52991749710397,28.604516093390124,28.68942714773143,28.78557762760259,28.89389955094577,29.01528652269072,29.15053707162899,29.300293108254532,29.464988637198015
446.0,28.178463147302246,28.18046512242409,28.18650955417795,28.196711952951176,28.211264789965387,28.230437372292705,28.254575565727485,28.28410128410031,28.319511663291316,28.361377841005808,28.41034324118611,28.467121157074146,28.532491130908927,28.607293009821156,28.692416559700526,28.78878338844275,28.897317438875014,29.01890168887336,29.154322897204366,29.304212723506,29.46899955417644
447.0,28.17981608606792,28.1818267305268,28.187897168477487,28.198142901686545,28.212756376742096,28.232006846435954,28.25624007677853,28.28587782020663,28.3214169739765,28.363428340415595,28.412554872911024,28.469509167121323,28.535069636590787,28.610074182206866,28.69540920888051,28.791990849033656,28.90073498142685,29.02251418981299,29.15810392763707,29.30812616712985,29.473004097645273
448.0,28.181174880259867,28.183194193641175,28.189290635896974,28.199579698311116,28.21425380005039,28.23358213635257,28.2579103700792,28.287660088961747,28.323327947641637,28.36548440562669,28.41477192857548,28.471902376793775,28.537652963563843,28.612859531965185,28.69840499231667,28.79519990352755,28.904152109186413,29.026124035472044,29.16188027365595,29.312033630378142,29.477002480326977
449.0,28.182539529583128,28.184567511329032,28.190689955581902,28.201022341332273,28.215757057629524,28.235163238979485,28.259586441749562,28.289448085540705,28.325244577877044,28.367546026846163,28.416994391168576,28.47430075547224,28.540241059822357,28.61564898077533,28.701403810513575,28.79841045289864,28.9075687606083,29.029731240315247,29.165652043411527,29.315935294996308,29.480994903071895
450.0,28.183910033651745,28.185946683055725,28.192095126587027,28.202470829188226,28.21726614718121,28.23675015121781,28.26126828786074,28.29124180498127,28.327166857922617,28.369613193542698,28.419222242428255,28.476704270959996,28.54283387218376,28.618442450868468,28.704405567499276,28.801622404586066,28.910984881262635,29.033335822652035,29.16941934245782,29.319831333923172,29.4849815558546
451.0,28.185286391978288,28.187331708198077,28.193506147893707,28.203925160263356,28.218781066364937,28.238342869936883,28.26295590442238,28.293041242158022,28.329094780622746,28.371685894404454,28.421455462858127,28.479112889600888,28.545431346542784,28.621239865290026,28.70741017088182,28.804835672130924,28.9144004231189,29.036937803984042,29.17318227369797,29.32372191201453,29.488962618803416
452.0,28.186668603982486,28.188722586046488,28.19492301840886,28.205385332885577,28.220301812794055,28.239941391964248,28.264649287367348,28.294846391753183,28.331028338397363,28.37376411732478,28.423694031761773,28.481526576408932,28.548033428096904,28.624041148102872,28.710417531827385,28.8080501748078,28.9178153439385,29.040537208547686,29.17694093742572,29.327607186604002,29.49293826296571
453.0,28.188056668991997,28.19011931579986,28.196345736964822,28.206851345319283,28.221828384037252,28.24154571408236,28.266348432543733,28.29665724823338,28.33296752321772,28.37584784939103,28.425937927296513,28.483945295204315,28.55064006151708,28.626846224512217,28.7134275649925,28.811265837270327,28.92122960679803,29.044134062958783,29.180695431372474,29.33148730798042,29.49690865092388
454.0,28.18945058625052,28.19152189657902,28.197774302315935,28.208323195770326,28.22336077761709,28.24315583301813,28.268053335691036,28.29847380583347,28.33491232657264,28.377937076879473,28.42818712650967,28.48636900873885,28.55325119115597,28.62965502103827,28.716440188502624,28.81448258924715,28.92464317954914,29.047728395775007,29.184445850711327,29.335362419932924,29.500873937521447
455.0,28.190850354920258,28.192930327421884,28.199208713144827,28.20980088238657,28.224898991006626,28.244771745437628,28.26976399242725,28.300296058528723,28.33686273944655,28.380031785248583,28.430441605392453,28.488797678824742,28.555866761218304,28.63246746563587,28.719455323877526,28.817700365204725,28.928056034356082,29.05132023716994,29.18819228811739,29.339232660196476,29.504834270457454
456.0,28.19225597408643,28.19434460727969,28.200648968072933,28.21128440326659,28.226443021625297,28.246393447937038,28.271480398227748,28.302124000011464,28.338818752307873,28.382131959151117,28.432701338943836,28.491231266450598,28.55848671588313,28.635283487749984,28.722472895933855,28.820919104090247,28.931468147354785,29.054909618707057,29.191934833830373,29.343098160793055,29.508789790745443
457.0,28.193667442741432,28.19576473503718,28.202095065653133,28.212773756440146,28.227992866835617,28.248020937025593,28.273202548416318,28.303957623669216,28.34078035509629,28.38423758245431,28.434966301233246,28.493669731897747,28.561110999455135,28.6381030183998,28.72549283271311,28.824138749028897,28.934879498248005,29.05849657306394,29.195673575710245,29.346959048436197,29.512740633231527
458.0,28.195084759802022,28.19719070950396,28.203547004371245,28.21426893988054,28.22954852393709,28.249654209122887,28.274930438146026,28.30579692256863,28.342747537207483,28.386348638245284,28.437236465454653,28.496113034849497,28.563739556489892,28.64092599024433,28.72851506538403,28.827359247064376,28.938290069965987,29.06208113381176,29.199408599297545,29.3508154448729,29.516686927029262
459.0,28.196507924108733,28.198622529421204,28.205004782641332,28.215769951499784,28.231109990159542,28.25129326054779,28.276664062386097,28.307641889438617,28.34472028748711,28.388465108855314,28.43951180399166,28.498561134493492,28.566372331902034,28.643752337615705,28.731539528137613,28.830580548908635,28.94169984837234,29.06566333524599,29.203139987884544,29.354667467182896,29.520628795888545
460.0,28.197936934434043,28.200060193449485,28.206468398811236,28.21727678914799,28.2326772626623,28.25293808750435,28.278403415904666,28.30949251666179,28.346698594230805,28.390586975886105,28.441792288487804,28.501013989621875,28.56900927104078,28.64658199652381,28.734566158067366,28.833802608722532,28.94510882205229,29.069243212274515,29.206867822587828,29.358515228018362,29.52456635849198
461.0,28.199371789481,28.20150370017944,28.207937851160004,28.218789450611553,28.2342503385266,28.254588686075227,28.28014849325512,28.311348796251966,28.34868244516993,28.39271422022216,28.444077889902758,28.50347155874089,28.571650319828848,28.6494149047302,28.737594895086325,28.83702538383887,28.94851698193229,29.07282080016603,29.210592182406817,29.362358835976973,29.528499728935056
462.0,28.20081248787648,28.20295304813478,28.2094131379122,28.22030793360291,28.23582921474798,28.25624505221575,28.281899288765267,28.31321071985062,28.350671827496207,28.39484682208413,28.446368578583343,28.505933800121397,28.574295424737542,28.652251001640195,28.740625681789773,28.840248834667477,28.951924321278906,29.07639613462073,29.214313144303357,29.36619839564328,29.532429016763988
463.0,28.202259028182745,28.204408235768266,28.210894257221522,28.221832235766612,28.2374138882316,28.25790718173654,28.283655796520865,28.315078278711077,28.3526667278431,28.396984761032453,28.448664324320294,28.50840067192179,28.576944532951416,28.655090228412146,28.743658463371602,28.843472924383413,28.95533083527495,29.079969251478975,29.21803078326126,29.37003400800892,29.536354327500415
464.0,28.203711408887017,28.205869261469644,28.212381207167194,28.223362354671604,28.23900435577953,28.259575070288385,28.285418010358953,28.316951463702075,28.35466713232041,28.399128016021272,28.450965096408968,28.510872132216093,28.579597592328774,28.657932527853262,28.74669318750708,28.84669761886198,28.958736521027372,29.083540186786166,29.221745172356744,29.3738657705005,29.54027576265469
465.0,28.20516962840671,28.20733612355755,28.213873985763755,28.22489828780892,28.24060061409055,28.261248713365273,28.287185923853606,28.31883026529091,28.356673026502143,28.401276565421785,28.453270863705576,28.5133481390968,28.582254551513703,28.66077784445888,28.74972980426086,28.84992288642894,28.962141377275127,29.08710897661342,29.225456382812368,29.37769377728547,29.544193420119687
466.0,28.206633685085716,28.208808820282016,28.215372590951656,28.22644003258839,28.242202659749893,28.262928106289284,28.288959530307793,28.320714673544188,28.358684395448105,28.403430387063615,28.455581594682837,28.51582865072239,28.584915359947896,28.663626124366164,28.75276826598507,28.85314869773683,28.96554540428801,29.09067565702858,29.22916448405962,29.381518119399622,29.54810739431289
467.0,28.208103577210025,28.21028734982058,28.216877020594815,28.22798758633295,28.243810489227595,28.26461324419693,28.290738822746963,28.322604678139935,28.36070122371717,28.405589458262465,28.45789725748381,28.518313625359756,28.587579967883347,28.666477315333,28.75580852721973,28.856375025638332,28.968948603750423,29.094240264047258,29.232869543800238,29.38533888489285,29.5520177763394
468.0,28.209579302994264,28.21177171028121,28.21838727248217,28.229540946275264,28.24542409886716,28.266304122034544,28.2925237939073,28.324500268349233,28.362723495373853,28.40775375585545,28.46021781997796,28.520803021468804,28.590248326451526,28.66933136672384,28.758850544596186,28.85960184499413,28.97235097856276,29.09780283353436,29.2365716280683,29.38915615904283,29.55592465426343
469.0,28.211060860578556,28.213261899702932,28.21990334433188,28.231100109544872,28.247043484874858,28.268000734551826,28.294314436240064,28.326401433050535,28.364751194015422,28.409923256228176,28.46254324979211,28.523296797711478,28.59292038762869,28.672188229444185,28.761894276767666,28.862829132631752,28.97575253284131,29.10136340124262,29.240270801284687,29.392970024386468,29.559828113137343
470.0,28.21254824804078,28.214757916049816,28.22142523377833,28.232665073174722,28.24866864332089,28.269703076288515,28.296110741890583,28.328308160720155,28.366784302771624,28.412097935357266,28.46487351438753,28.525794913047463,28.595596104325004,28.67504785595807,28.76493968428164,28.866056867101697,28.97915327165268,29.10492200265716,29.2439671263182,29.39678056100718,29.563728235344307
471.0,28.214041463374798,28.216259757209706,28.222952938365978,28.23423583409346,28.25029957012515,28.271411141581968,28.297912702712157,28.330220439451644,28.368822804347037,28.414277768843633,28.467208581065588,28.528297326699256,28.59827543030899,28.67791020019205,28.767986729538894,28.869285028720398,28.982553201129058,29.10847867310638,29.2476606645133,29.400587846456602,29.567625100491373
472.0,28.215540504507672,28.217767420996612,28.22448645555859,28.235812389117694,28.251936261054617,28.27312492454275,28.29972031024426,28.332138256939814,28.37086668101121,28.416462731940115,28.469548417053044,28.53080399827782,28.600958320313293,28.680775217560406,28.771035376661953,28.872513599290006,28.98595232814474,29.11203344758166,29.25135147578021,29.40439195609047,29.57151878582381
473.0,28.217045369285184,28.21928090514221,28.226025782722566,28.237394734948083,28.253578711720834,28.27484441905952,28.301533555738537,28.33406160051836,28.372915914650832,28.418652799588155,28.471892989483564,28.533314887705032,28.60364472991688,28.683642864866787,28.774085591481793,28.875742562199164,28.989350660487162,29.11558636087558,29.255039618594868,29.408192962943566,29.575409366046603
474.0,28.218556055476416,28.22080020729989,28.227570917132724,28.23898286816646,28.2552269175661,28.276569618787388,28.303352430126463,28.335990457132414,28.374970486758713,28.420847946450518,28.474242265496116,28.535829955351296,28.606334615670075,28.68651310031761,28.77713734138824,28.87897190213325,28.99274820654894,29.119137447411592,29.258725150095145,29.411990938048255,29.57929691372424
475.0,28.220072560772334,28.22232532503445,28.229121855967247,28.24057678522861,28.256880873861665,28.27830051715149,28.305176924037017,28.33792481338169,28.377030378470163,28.42304814692953,28.476596212199713,28.53834916195462,28.609027934988507,28.68938588344575,28.780190595344898,28.882201605179922,28.99614497547562,29.12268674134379,29.262408126079713,29.41578595032443,29.583181499130895
476.0,28.22159488278099,28.22385625582631,28.23067859630179,28.24217648246058,28.25854057570077,28.280037107331328,28.30700702778605,28.33986465549929,28.379095570575366,28.425253375215284,28.478954796771152,28.540872468734587,28.61172464623082,28.69226117509671,28.78324532373383,28.8854316585783,28.999540976919413,29.12623427645272,29.266088601093543,29.41957806684841,29.587063190572135
477.0,28.223123019017624,28.22539299705797,28.23224113509957,28.24378195604441,28.260206018002595,28.281779382278984,28.30884273139717,28.341809969379696,28.38116604354327,28.427463605287926,28.48131798643634,28.543399837328074,28.614424708626867,28.695138937384254,28.786301498367365,28.888662050795087,29.002936221129602,29.129780086205482,29.269766628426506,29.423367352780318,29.590942054290956
478.0,28.224656966913443,28.2269355460203,28.233809469216677,28.245393202022896,28.26187719549521,28.28352733469295,28.310684024578528,28.34376074057628,28.38324177753682,28.429678810971243,28.483685748537305,28.545931229878875,28.617128082327138,28.69801913365072,28.789359092356108,28.891892771320236,29.006330718775974,29.133324203679532,29.2734422601959,29.427153871579495,29.59481815472276
479.0,28.226196723804424,28.22848389990712,28.235383595391717,28.247010216301483,28.263554102716963,28.285280957028846,28.312530896757938,28.345716954328235,28.38532275243586,28.431898965926223,28.486058050505502,28.54846660898666,28.61983472834097,28.70090172843667,28.79241808012011,28.89512381071907,29.009724481027256,29.13686666161869,29.277115547341698,29.430937684951374,29.598691554435383
480.0,28.227742286931747,28.230038055809803,28.236963510243775,28.248632994629883,28.26523673401059,28.287040241491145,28.31438333705923,28.347678595551873,28.387408947854087,28.434124043707346,28.488434859944565,28.551005937778935,28.622544608574824,28.70378668743921,28.795478437260737,28.89835516045803,29.013117519379644,29.140407492364044,29.28078653970558,29.434718853039836,29.602562316208946
481.0,28.229293653425707,28.231598010711217,28.238549210268175,28.250261532602522,28.266925083519475,28.288805180040107,28.316241334310543,28.349645648875146,28.38950034315214,28.436354017771233,28.49081614460447,28.553549179871208,28.625257685795134,28.706673977480737,28.79854014054819,28.90158681293734,29.016509845703137,29.14394672789867,29.284455289631126,29.438499240573663,29.6065393645586
482.0,28.23085082032482,28.233163761482334,28.240140691833847,28.251895825657616,28.268619145190584,28.290575764390493,28.318104877065487,28.351618098626105,28.39159691747367,28.438588861499678,28.49320187240811,28.55609629939143,28.62797392360944,28.70956356646244,28.80160316788683,28.904818761420593,29.019901472221566,29.147484403986553,29.288122354797697,29.442294284042827,29.61060256708931
483.0,28.23241378454875,28.234735304882825,28.241737951177043,28.2535358690677,28.270318912768627,28.29235198600656,28.31997395358394,28.353595928860386,28.393698649744273,28.440828548218956,28.49559201148766,28.558647260993393,28.63069328647314,28.71245542334727,28.804667498225474,28.908050999969404,29.02329241313191,29.151020667477443,29.29179046680178,29.446114268279114,29.614720143180886
484.0,28.233982542913807,28.236312637557404,28.243340984399627,28.255181657946,28.272024379790967,28.2941338360997,28.321848551857304,28.355579123355515,28.39580551869898,28.4430730512287,28.497986530195547,28.561202029853984,28.633415739661178,28.715349518113992,28.807733111529306,28.911283523898724,29.02668270611158,29.154556069515067,29.295463251008144,29.44996073125093,29.618880797581546
485.0,28.23555709211597,28.23789575601963,28.244949787458904,28.256833187229276,28.273735539582546,28.29592130564729,28.323728659607198,28.35756766565761,28.397917502895258,28.4453223438049,28.500385397110122,28.563760571678202,28.63614124926051,28.718245821728555,28.810799988869036,28.914516334094085,29.030072470717364,29.15809159032411,29.2991435759765,29.453833048813934,29.623078028524322
486.0,28.237137428728996,28.239484656663045,28.24656435617119,28.258490451681727,28.275452385260763,28.29771438536718,28.32561426429466,28.359561539041927,28.40003458073183,28.447576399232016,28.50278858106034,28.566322852710247,28.638869782160853,28.721144306143657,28.81386811327562,28.917749449286294,29.03346195318424,29.161628400687697,29.30283341297597,29.45773009220911,29.627307468508246
487.0,28.238723549200234,28.24107933574717,28.248184686197437,28.26015344589352,28.277174909734708,28.299513065745284,28.327505353110713,28.36156072657024,28.402156730463197,28.44983519081501,28.5051960511204,28.5688888397117,28.6416013060289,28.724044944467636,28.81693747236011,28.92098292173449,29.036851521398123,29.165167665392822,29.30653406255868,29.461650664718817,29.63156592681902
488.0,28.240315449860315,28.242679789408673,28.24981077306067,28.261822164268903,28.27890310569311,28.301317337018382,28.32940191301108,28.363565211080516,28.404283930214035,28.452098691894538,28.50760777664312,28.571458499984693,28.644335789356443,28.726947711503698,28.820008062735873,28.924216847676423,29.040241629895945,29.168710445916297,29.310246366663943,29.465593629829616,29.635850942358058
489.0,28.241913126895373,28.244286013625224,28.251442612116143,28.26349660103782,28.280636965631064,28.303127189191397,28.331303930704674,28.36557497520686,28.406416158003157,28.454366875868477,28.51002372725197,28.57403180137049,28.647073201557923,28.729852584902464,28.823079894854544,28.927451369138996,29.043632780440213,29.172257668026123,29.313970857879607,29.469557944918133,29.64016054462993
490.0,28.243516576359568,28.245898004244374,28.25308019856232,28.26517675024507,28.282376481798906,28.30494261203292,28.33321139266397,28.36759000137331,28.408553391738312,28.45663971618733,28.512443872856874,28.576608712280002,28.64981351325913,28.732759546744923,28.826152996712036,28.930686669132285,29.04702549033798,29.17581012072935,29.317707857948996,29.473542664779906,29.64449311249428
491.0,28.245125794162835,28.2475157569736,28.254723527438866,28.266862605748685,28.284121646273555,28.30676359507834,28.33512428512464,28.369610271844937,28.410695609257438,28.45891718638903,28.51486818368193,28.579189201761668,28.652556696757262,28.73566858530262,28.829227415819204,28.933922963572822,29.05042027000823,29.179368467618986,29.321457544367608,29.477546935142247,29.64884728281358
492.0,28.246740776075228,28.249139267356913,28.25637259361492,28.268554161210858,28.285872450888306,28.308590127633995,28.33704259412252,28.37163576869112,28.412842788322436,28.4611992601027,28.517296630264468,28.581773239622205,28.655302726641057,28.738579696619666,28.832303219412356,28.93716049226431,29.05381760855844,29.18293326277042,29.32521999506871,29.481569983138936,29.65322188921468
493.0,28.24836151772292,28.250768530792612,28.258027391798805,28.270251410112248,28.287628887270888,28.310422198788615,28.338966305467473,28.373666473825228,28.414994906634664,28.46348591107442,28.51972918351283,28.584360796647523,28.65805158050244,28.74149288571654,28.835380493227547,28.940399510349,29.057217965960685,29.18650496697967,29.32899521780562,29.485611107511506,29.657615920740017
494.0,28.24998801456809,28.252403542519623,28.259687916524403,28.271954345742383,28.289390946850673,28.31225979739862,28.34089540474999,28.375702369014377,28.417151941847173,28.46577711316607,28.522165814772844,28.586951844844528,28.660803239652388,28.744408167267938,28.838459339413433,28.943640281114526,29.060621769084666,29.190083962095105,29.33278317118335,29.489669669912203,29.662028490758125
495.0,28.251620261929908,28.254044297630017,28.261354162151214,28.273662961195846,28.291158620834356,28.314102912115246,28.342829877382083,28.37774343587719,28.419313871590006,28.46807284040024,28.524606495909808,28.589546357753147,28.66355768976212,28.747325565841773,28.84153987403739,28.94688307015478,29.06402941024738,29.193670563697587,29.336583779712768,29.49374508716311,29.6664588135341
496.0,28.253258254971698,28.255690791038585,28.263026122863316,28.27537724937221,28.292931900224435,28.315951531370402,28.344769708583346,28.37978965590966,28.421480673480243,28.47037306698848,28.527051199431526,28.59214431079697,28.66631492136929,28.750245115720812,28.84462222441289,28.950128140802804,29.06744124771686,29.197265031982592,29.340396943930916,29.49783682442289,29.67090618723166
497.0,28.254901988681265,28.257343017491337,28.264703792667387,28.277097202986052,28.29471077581496,28.317805643382805,28.346714883387193,28.3818410104883,28.42365232513176,28.47267776738575,28.529499898646648,28.594745681586403,28.669074930253643,28.753166860371447,28.84770652648165,28.95337575078556,29.0708576072543,29.200867580705136,29.344222547686694,29.501944389487473,29.67536998059709
498.0,28.256551457887838,28.259000971579642,28.266387165397536,28.278822814549752,28.296495238194037,28.319665236186985,28.34866538664239,28.38389748088232,28.4258288041939,28.474986916343994,28.531952567813967,28.59735045025345,28.671837717625895,28.756090851704705,28.85079292241484,28.95662614989397,29.07427878406966,29.204478384538916,29.348060463569965,29.506067327920835,29.679849622218974
499.0,28.258206657260477,28.260664647716094,28.268076234692156,28.28055407637682,28.298285277752957,28.321530297606444,28.35062120304378,28.385959048263405,28.42801008836188,28.477300488990775,28.534409182295047,28.599958599691153,28.674603290187296,28.75901714921545,28.85388155853658,28.959879578352734,29.077705044962194,29.2080975853157,29.351910556965326,29.510205218822282,29.684344591887434
500.0,28.259867581294138,28.262334040141216,28.269770994015715,28.282290980597594,28.300080884677904,28.323400815270624,28.352582317129205,28.388025693729315,28.430196155427314,28.479618460909965,28.53686971875658,28.60257011578118,28.677371660071792,28.76194581904488,28.856972583454752,28.963136265681253,29.08113663060846,29.211725297354256,29.355772689030598,29.51435767111116,29.68885441350079
501.0,28.26153422431019,28.264009142919758,28.271471436654533,28.284033519145783,28.301882048952663,28.32527677662687,28.35454871328498,28.39009739831834,28.43238698330612,28.48194080822649,28.539334155329882,28.60518498755366,28.680142844655727,28.764876933026635,28.86006614649495,28.966396430132104,29.084573757875948,29.21536161170813,29.359646718698606,29.518524320422568,29.693378649527446
502.0,28.263206580459592,28.26568994994247,28.273177555700453,28.28578168376038,28.30368876036867,28.327158168940876,28.356520375753536,28.39217414303615,28.43458255008789,28.48426750770769,28.541802471754973,28.607803207280146,28.682916866298065,28.767810567729825,28.86316239643186,28.969660278502356,29.088016621986203,29.219006599659508,29.3635325041851,29.522704826436883,29.697916896354915
503.0,28.264884643713955,28.26737645491694,28.2748893440623,28.287535465985293,28.305501008530094,28.329044979298956,28.35849728865545,28.394255908864274,28.436782834088287,28.486598536863347,28.544274649513028,28.610424770514893,28.68569375201265,28.77074680357492,28.866261480447232,28.97292800614112,29.091465398482462,29.222660315714993,29.367429904176596,29.526898870532424,29.70246878028646
504.0,28.266568407870317,28.269068651374244,28.276606794463,28.289294857174976,28.307318782845805,28.330937194616876,28.360479435995668,28.396342676788453,28.43898781390146,28.488933874039905,28.546750671941687,28.613049676095134,28.688473533108137,28.773685724022243,28.86936354328827,28.976199797100822,29.094920245066618,29.22632280016674,29.371338778736373,29.531106153699863,29.707033954130512
505.0,28.268257866541987,28.270766532660897,28.278329899439125,28.2910598484971,28.309142072541206,28.33283480165036,28.36246680167792,28.39843442784001,28.44119746845288,28.491273498507933,28.549230524316002,28.615677926078362,28.69125624480549,28.776627414822663,28.87246872662927,28.97947582443568,29.09838130328404,29.229994081175242,29.375258989887353,29.53532639475143,29.711612094382303
506.0,28.26995301316076,28.272470091940594,28.28005865134223,28.292830430929925,28.31097086665589,28.33473778700127,28.36445936952107,28.400531143119927,28.4434117770636,28.493617390555777,28.551714193929197,28.618309525676146,28.69404192585114,28.779571963317256,28.875577168499113,28.98275625055603,29.101848700124357,29.23367417669509,29.37919040212717,29.539559328654,29.716202898623003
507.0,28.271653840978153,28.27417932219441,28.28179304233677,28.294606595257935,28.312805154051468,28.336646137125104,28.366457123280266,28.402632803830816,28.445630719512792,28.495965531569578,28.554201670130233,28.620944483132,28.696830618111075,28.782519457840735,28.87868900293418,28.986041227720072,29.105322549401723,29.237363095885215,29.38313288265296,29.54380470518981,29.72080608355207
508.0,28.273360343068102,28.275894216225215,28.283533064393634,28.29638833207914,28.314644923422478,28.338559838342412,28.368460046661877,28.404739391322657,28.447854276088847,28.49831790409155,28.55669294432716,28.623582809577684,28.69962236617364,28.78546998720129,28.8818043597313,28.989330898521903,29.10880295298277,29.241060840343387,29.387086301562118,29.548062287723425,29.725421383191097
509.0,28.27507251231986,28.27761476664291,28.28527870930758,28.298175631816726,28.31649016329122,28.34047887684938,28.37046812334276,28.406850887118793,28.450082427652763,28.50067449188546,28.559188010007766,28.626224518859182,28.702417216991073,28.788423640220838,28.884923364270456,28.992625396380163,29.112290001945148,29.244767405217107,29.391050531998662,29.552331852092887,29.73004854724383
510.0,28.276790341433056,28.279340965876106,28.287029968683843,28.299968484708494,28.318340862017326,28.342403238721104,28.372481336995783,28.40896727295813,28.45231515569292,28.50303527997953,28.56168686270144,28.628869627382333,28.70521521952258,28.791380505341202,28.888046137393808,28.99592484601841,29.115783777576336,29.248482780159186,29.395025450245477,29.556613185606388,29.734687339679038
511.0,28.27851382291598,28.28107280616116,28.288786833942332,28.30176688081463,28.320197007805074,28.344332909937965,28.374499671312122,28.41108853083939,28.45455244236594,28.505400254710768,28.564189499954146,28.63151815393169,28.70801642439954,28.79434067027472,28.89117279535205,28.999229363952853,29.119284352312164,29.252206950132017,29.399010935757154,29.56090608616006,29.739337537492236
512.0,28.280242949097538,28.282810279553665,28.29054929631988,28.303570810022546,28.32205858871114,28.346267876393853,28.376523110028945,28.413214643057668,28.45679427055504,28.50776940374299,28.56669592127417,28.634170119491767,28.710820883630877,28.797304221729625,28.89430344980619,29.00253905895927,29.12279179055251,29.255939896081387,29.403006871150037,29.565210361445867,29.743998929626116
513.0,28.28197771212907,28.284553377929218,28.292317346871585,28.305380262049766,28.323925592652405,28.34820812391252,28.378551636954302,28.41534559224248,28.459040623912998,28.510142716091156,28.569206128080477,28.636825547065424,28.71362865030195,28.8002712451344,28.89743820783019,29.005854032542647,29.12630614947083,29.25968159559908,29.407013142194256,29.56952582817609,29.748671315909814
514.0,28.28371810397381,28.286302092980534,28.29409097647361,28.307195226442236,28.325798007410736,28.350153638260096,28.38058523598895,28.41748136138291,28.46129148688476,28.512520182123946,28.57172012361898,28.63948446147534,28.716439778320037,28.803241824483635,28.900577172018806,29.009174379390558,29.129827479605716,29.263432023319947,29.41102963773835,29.573852311516333,29.753354506321
515.0,28.285464116411877,28.28805641621535,28.295870175826522,28.309015692590425,28.32767582064832,28.352104405162763,28.38262389116049,28.419621933880013,28.463546844750105,28.51490179355669,28.574237912899644,28.64214688920726,28.719254322180408,28.806216042143443,28.90372044055277,29.01250018777762,29.133355825507152,29.267191151410838,29.41505624966198,29.578189644463862,29.758048320142432
516.0,28.28721574103844,28.28981633895762,28.297654935457203,28.310841649728133,28.329559019914065,28.354060410322205,28.384667586643875,28.421767293572774,28.465806683649326,28.51728754345234,28.576759502613115,28.64481285822422,28.72207233672805,28.80919397870257,28.906868107295505,29.01583153999369,29.13689122632461,29.270958949985175,29.419092872807745,29.5825376672774,29.76275258521938
517.0,28.28897296926562,28.291581852347125,28.29944524571936,28.31267308693542,28.331447592655675,28.3560216394382,28.38671630678183,28.42391742476758,28.468070990594853,28.51967742619302,28.579284901026526,28.647482397812993,28.724893877011564,28.81217571294071,28.910020261952354,29.01916851267198,29.140433716177732,29.274735387321275,29.423139404881244,29.586896227099654,29.76746713749426
518.0,28.29073579231964,28.293352947350378,28.301241096798318,28.314509993154065,28.333341526228534,28.3579880782248,28.38877003612249,28.42607231226617,28.47033975348604,28.52207143745488,28.58181411790121,28.65015553841368,28.727718998083414,28.815161321696458,28.91317699016403,29.02251117716041,29.143983324679684,29.27852043022291,29.427195746407804,29.591265177438924,29.772191820326352
519.0,28.292504201247937,28.295129614758572,28.303042478713905,28.316352357187704,28.33524080790958,28.359959712428633,28.390828759439724,28.428231941392177,28.472612961130846,28.524469574189055,28.58434716440507,28.652832311470153,28.73054775483171,28.81815087980175,28.91633837363865,29.0258595998745,29.147540077366525,29.28231404429808,29.431261800635095,29.595644377743252,29.77692648394579
520.0,28.294278186929127,28.296911845194657,28.30484938132719,28.318200167709808,28.33714542491307,28.361936527846673,28.392892461762646,28.430396298005917,28.474890603249513,28.526871834576188,28.586884053022438,28.655512749302464,28.733380201871697,28.821144460073786,28.919504490293537,29.029213842579153,29.15110399599527,29.286116194121124,29.435337473442548,29.60003369308799,29.781670985062515
521.0,28.29605774006737,28.298699629103243,28.306661794345395,28.32005341327164,28.339055364398604,28.36391851034941,28.394961128388246,28.432565368534046,28.477172670454156,28.529278217991852,28.589424797456964,28.65819688497989,28.73621639343061,28.824142133281438,28.922675414390813,29.032573962682207,29.15467509888815,29.289926843402956,29.439422673261895,29.604432993830144,29.78642518644553
522.0,28.297842851200002,28.300492956766465,28.308479707324434,28.32191208231073,28.34097061348623,28.365905645895733,28.39703474491358,28.434739139987308,28.479459154280683,28.53168872497826,28.59196941254888,28.66088475216519,28.73905638318026,28.8271439680807,28.925851216666523,29.035940013572244,29.15825340134305,29.293745955278865,29.443517310995446,29.608842155187464,29.79118895637699
523.0,28.29963351069214,28.302291818305374,28.310303109674187,28.323776163166887,28.342891159268017,28.367897920554725,28.39911329724048,28.43691759997157,28.481750047153657,28.534103357182154,28.594517914181633,28.663576385037512,28.741900224225454,28.83015003109699,28.929031964501938,29.039312044785124,29.161838915723145,29.297573492278502,29.44762129992241,29.613261057112645,29.795962168537983
524.0,28.30142970874375,28.304096203680167,28.31213199067029,28.32564564408346,28.34481698882726,28.369895320519593,28.40119677161171,28.439100736701526,28.484045342396552,28.536522117320985,28.597070319196657,28.66627181815459,28.744747968960084,28.833160386865476,28.932217722026824,29.042690102316957,29.165431651858835,29.301409416591433,29.451734555624544,29.617689583895284,29.80074470148369
525.0,28.303231435386266,28.30590610269745,28.313966339460627,28.327520513222144,28.346748089253005,28.37189783212591,28.403285154623568,28.44128853900669,28.48634503421061,28.5389450091241,28.599626645305182,28.66897108636684,28.747599669036102,28.836175097893463,28.935408550276534,29.046074228803892,29.16903161717605,29.305253690092645,29.455856995899484,29.622127623998708,29.805536438466884
526.0,28.305038680504065,28.307721505014946,28.315806145064492,28.32940075866717,28.34868444764111,28.373905441869343,28.405378433235065,28.443480996326574,28.48864911764357,28.541372037294312,28.602186911024198,28.67167422474734,28.75045537531899,28.839194224682796,28.938604507301637,29.049464463714,29.172638816889382,29.309106274432814,29.4599885406947,29.626575069834864,29.810337267172876
527.0,28.306851433824253,28.30954240014562,28.317651396385312,28.331286368439024,28.350626051119676,28.375918136423497,28.40747659479429,28.445678098734064,28.49095758859738,28.543803207458055,28.60475113557694,28.674381268459037,28.75331513777974,28.842217825723264,28.941805648317683,29.052860843622536,29.176253254295105,29.31296713119682,29.464129112015737,29.631031817464144,29.81514707934097
528.0,28.308669684936003,28.311368777469767,28.31950208221822,28.333177330510015,28.352572886868014,28.37793590265849,28.409579627034883,28.447879836923086,28.493270443786756,28.546238526112514,28.607319338845038,28.677092252741527,28.756179005528953,28.845245957569745,28.94501202579661,29.0562634022921,29.17987493080386,29.31683622187952,29.468278633869055,29.635497766526477,29.819965770688174
529.0,28.310493423287166,28.313200626235027,28.32135819125541,28.335073632808744,28.354524942120644,28.379958727652426,28.411687518103193,28.45008620221575,28.49558768073137,28.54867800057991,28.609891541273694,28.679807212783846,28.759047026716342,28.848278674839744,28.948223689616942,29.059672170935716,29.183503846219867,29.32071350803558,29.47243703217872,29.63997281993967,29.824793240551347
530.0,28.312322638192505,28.31503793556688,28.32321971209721,28.3369752632368,28.3564822041856,28.381986598703026,28.41380025655892,28.45229718654998,28.497909297722526,28.551121638953365,28.61246776381911,28.682526183699718,28.761919248549265,28.851316030274234,28.95144068716134,29.063087178305018,29.18713999879466,29.324598951276904,29.476604234731212,29.644456883813646,29.829629391791606
531.0,28.314157318837818,28.316880694472378,28.32508663326454,28.33888220967527,28.358444660454495,28.384019503339896,28.415917831381794,28.454512782486827,28.50023529380707,28.55356945006165,28.615048027894282,28.685249200463794,28.764795717257357,28.85435807478291,28.954663063421844,29.066508450864546,29.190783385381227,29.3284925133334,29.480780171106215,29.648949867264832,29.83447413057933
532.0,28.315997454285828,28.31872889184757,28.326958943204087,28.34079445999843,28.360412298418375,28.386057429340863,28.41804023198763,28.45673298320703,28.50256566876452,28.5560214434122,28.617632355285224,28.687976297830115,28.767676478049534,28.85740485746846,28.95789086113169,29.06993601297438,29.194434001610237,29.332394156131887,29.48496477260374,29.65345168221667,29.839327366153643
533.0,28.31784303349196,28.320582516491502,28.328836630298383,28.342712002085392,28.362385105677706,28.388100364744886,28.420167448218464,28.458957782482894,28.50490042306802,28.558477629150424,28.62022076811823,28.6907075103291,28.770561575149298,28.86045642569134,28.961124120830597,29.073369886943606,29.198091841893387,29.336303841770725,29.489157972193343,29.65796224335527,29.844189010773476
534.0,28.319694045304175,28.32244155710868,28.330719682875745,28.34463482383041,28.364363069956337,28.390148297864148,28.422299470359626,28.461187174688924,28.50723955786958,28.560938018010624,28.62281328878296,28.693442872180793,28.773451051741652,28.863512825101452,28.964362880998483,29.076810093232957,29.20175689962145,29.34022153260681,29.493359704440522,29.66248146790692,29.849058979457915
535.0,28.32155047847607,28.324306002319652,28.332608089220923,28.346562913154948,28.366346179113233,28.392201217281393,28.42443628913572,28.46342115478017,28.509583074963764,28.563402621282155,28.625409939910803,28.696182417300818,28.776344950011733,28.86657409969764,28.967607178118108,29.080256650489407,29.20542916717917,29.34414719123529,29.497569905475054,29.667009275600112,29.853937189949686
536.0,28.323412321673768,28.32617584066918,28.334501837583787,28.348496258018844,28.36833442115505,28.39425911186943,28.42657789571751,28.465659718286595,28.511930976763452,28.5658714507587,28.628010744304788,28.69892617923472,28.77924331111708,28.869640291868997,28.970857046789767,29.08370957571057,29.209108636080064,29.34808078054172,29.501788512916377,29.671545588495007,29.85882356251297
537.0,28.325279563484035,28.328051060639837,28.336400916189586,28.350434846430584,28.370327784245557,28.39632197079543,28.428724281713226,28.467902861297084,28.514283266276326,28.56834451870172,28.630615724912946,28.70167419114829,28.78214617520892,28.87271144243735,28.974112519795153,29.087168884305502,29.212795297005567,29.352022263703606,29.506015465836303,29.6760903309123,29.86371801985184
538.0,28.32715219242373,28.329931650659198,28.338305313248746,28.35237866645915,28.372326256718743,28.398389783529083,28.43087543917446,28.47015058044892,28.516639947073855,28.57082183779695,28.633224904776302,28.704426485789384,28.785053581429867,28.875787590709127,28.977373628195792,29.09063459021003,29.216489139898595,29.355971604214847,29.510250704701782,29.680643429312795,29.868620486973168
539.0,28.329030196916676,28.331817599084296,28.34021501697211,28.354327706276482,28.374329827069133,28.40046253982724,28.433031360594818,28.47240287293889,28.519001023268036,28.573303421121157,28.63583830699319,28.707183095446126,28.787965567911783,28.87886877452892,28.9806404014204,29.094106705981538,29.220190154032128,29.359928765939863,29.514494171323303,29.68520481216708,29.87353089106338
540.0,28.33091356547171,28.333708894314594,28.342130015575687,28.356281953989274,28.376338484045544,28.402540229808732,28.435192038887994,28.474659736394006,28.521366499468918,28.57578928211203,28.638455954677497,28.70994405202527,28.790882171784826,28.88195503025732,28.98391286726594,29.09758524288086,29.22389832806379,29.363893712953665,29.51874580879998,29.68977441003275,29.878449156261805
541.0,28.33280228632917,28.335605524611573,28.34405029728157,28.35824139807155,28.378352216445474,28.4046228438507,28.437357467421805,28.476921169086648,28.523736380795793,28.578279434522138,28.641077870997464,28.712709386890182,28.793803429216485,28.885046392991168,28.987191052065942,29.101070210818804,29.227613650002343,29.367866409862106,29.523005559945833,29.694351351885032,29.88332680346435
542.0,28.33469634787911,28.337507478283865,28.345975850359938,28.36020602684646,28.380371013414607,28.406710372668822,28.439527639971708,28.479187169670816,28.526110672809725,28.580773892411244,28.643704079008405,28.715479130939674,28.7967293754047,28.888142896359632,28.99047498070378,29.1045616186857,29.231336107437897,29.37184681965353,29.52727314360556,29.698928730739166,29.888172733127902
543.0,28.33659573842401,28.33941474362425,28.347906663104574,28.36217582885086,28.382394864240258,28.408802807305467,28.441702550746864,28.481457737308315,28.528489381503054,28.583272670081875,28.64633460173556,28.71825331456947,28.799660044565446,28.8912445727608,28.99376467668756,29.10805947421378,29.2350656866803,29.37583485618136,29.531547312104927,29.70350193288828,29.89300104541367
544.0,28.338500446261435,28.34132730892244,28.349842723855385,28.364150792729784,28.38442375843685,28.41090013912505,28.443882194370694,28.48373287162691,28.530872513282517,28.585775782067092,28.64896946211032,28.72103196766105,28.802595469988468,28.894351453320585,28.997060162220613,29.1115637838883,29.238802363311844,29.37983025362081,29.5358264211461,29.708070235649586,29.89781672623304
545.0,28.34041045968006,28.343245162487126,28.351784021017114,28.36613090726018,28.386457685737184,28.41300235981532,28.446066565872766,28.48601257268993,28.533260074939356,28.5882832430997,28.651608682952254,28.72381511957596,28.80553568402209,28.897463567949938,29.00036145818678,29.11507455105406,29.24254607620253,29.383832555502007,29.540109163685894,29.71263387921117,29.902622629958362
546.0,28.342325766988857,28.34516829264473,28.35373054304989,28.368116161344094,28.388496636108353,28.41510946138514,28.44825566069127,28.488296840989005,28.535652073620398,28.590795068089406,28.654252286941066,28.726602799150527,28.808480718113117,28.900580945373843,29.00366858380846,29.118591770531978,29.24629670760026,29.387841220623024,29.54439463262997,29.71719332966286,29.90742066165768
547.0,28.344246356513857,28.34709668775421,28.35568227849691,28.370106544049484,28.390540599746018,28.417221436172216,28.45044947464867,28.49058567742705,28.538048516817177,28.59331127208767,28.65690029659432,28.729395034694033,28.811430602799255,28.903703613077887,29.006981555524312,29.1221154215967,29.250054085422068,29.391855711051843,29.548682219395392,29.721749083305383,29.91221220596476
548.0,28.346172216589263,28.349030336218608,28.357639215981127,28.372102044569342,28.392589567083462,28.419338276837003,28.45264800397124,28.49287908330429,28.540449412335754,28.595831870276722,28.659552734269788,28.732191853973077,28.814385367720174,28.90683159708927,29.01030038505698,29.12564546346012,29.253817998754496,29.395875534595564,29.552971520618343,29.726301611438213,29.91699832175997
549.0,28.348103335614745,28.350969226489827,28.35960134422846,28.37410265227559,28.394643528796507,28.421459976356637,28.454851245245663,28.495177060297436,28.542854768265414,28.59835687794122,28.662209622138352,28.734993284209448,28.817345041573823,28.909964921484438,29.01362507727759,29.129181834429666,29.25758821560197,29.399900259887232,29.557262270488067,29.730851343911223,29.92177985223416
550.0,28.35003970201259,28.352913347083234,28.361568652053844,28.376108356702495,28.396702475798143,28.423586528033997,28.457059195438838,28.497479610448604,28.545264592980832,28.600886310446512,28.664870982147,28.737799352076514,28.82030965199785,28.91310360773329,29.016955628620003,29.132724454048308,29.26136449665949,29.40392951656334,29.561554298265587,29.73539866825298,29.926557484731052
551.0,28.35198130427982,28.354862686585335,28.363541128398147,28.378119147547633,28.398766399262186,28.42571792548989,28.459271851879212,28.49978673614968,28.54767889510457,28.603420183207987,28.66753683603313,28.74061008365035,28.82327922539143,28.91624767391307,29.020292026177408,29.136273226758586,29.26514660571134,29.40796299029178,29.565847497425978,29.739943932215397,29.931331793455925
552.0,28.353928130965496,28.356817233660482,28.36551876230528,28.380135014696585,28.400835290601897,28.427854162654068,28.461489212242668,28.502098440125433,28.55009768349675,28.60595851169797,28.670207205282328,28.743425504364733,28.826253786625582,28.91939713402624,29.02363424768755,29.13982804596309,29.26893431579986,29.412000415611583,29.570141806454256,29.74448744815663,29.936103265593978
553.0,28.355880170703383,28.358776977059154,28.36750154295223,28.38215594822282,28.402909141478972,28.429995233778445,28.46371127455339,28.50441472541738,28.55252096721943,28.608501311396846,28.67288211112551,28.746245638915315,28.829233358757353,28.922551997490235,29.026982262072003,29.14338879784255,29.27272741288885,29.416041568734205,29.574437195337367,29.749029497325346,29.940872320256204
554.0,28.357837412208074,28.360741905629254,28.369489459652172,28.384181938379747,28.404987943817932,28.43214113341737,28.46593803716646,28.506735595371424,28.554948755547596,28.611048597788777,28.67556157447975,28.74907051114508,28.832217962696422,28.925712268849853,29.030336030400417,29.146955364592618,29.276525697543143,29.4200862611433,29.578733656410726,29.753570333680074,29.945639322034438
555.0,28.359799844284403,28.362712008328227,28.371482501857958,28.386212975617514,28.407071689799544,28.434291856432793,28.46816949875865,28.509061053614797,28.55738105792042,28.613600386335357,28.678245615906054,28.751900143915343,28.83520761696547,28.92887794769808,29.033695507042907,29.150527626989494,29.28032898547904,29.42413433404421,29.58303119793229,29.75811018730215,29.95040459098265
556.0,28.361767455842564,28.364687274225954,28.37348065916528,28.388249050588684,28.40916037184988,28.436447397984022,28.47040565832876,28.511391104063115,28.559817883942706,28.61615669244403,28.680934255553744,28.75473455894311,28.838202337466626,28.932049028801647,29.037060640873218,29.154105466407902,29.28413710743182,29.42818565356106,29.58732983936957,29.762649267372222,29.955168410395807
557.0,28.363740235896074,28.366667692504276,28.375483921328904,28.390290154144044,28.41125398264958,28.43860775352676,28.472646515174873,28.51372575088806,28.562259243362995,28.61871753144474,28.683627513095455,28.757573776666355,28.841202137323258,28.93522550230918,29.040431376432327,29.157688766420208,29.287949908613452,29.432240106625926,29.591629607837994,29.767187764751178,29.959931033120252
558.0,28.365718173575406,28.368653252484307,28.377492278263382,28.392336277340974,28.41335251514071,28.44077291881361,28.47489206889498,28.516064998499505,28.564705146045725,28.621282918552726,28.68632540763946,28.76041781611339,28.84420702680324,28.93840735409762,29.04380765502536,29.161277413868298,29.291767247783895,29.436297597668812,29.59593053581691,29.77172585413821,29.964692686143195
559.0,28.367701258142578,28.370643943616628,28.379505720050478,28.39438741144653,28.415455962521282,28.442942889881138,28.477142319371044,28.518408851543416,28.567155601950454,28.62385286882303,28.689027957657107,28.763266694780963,28.847217013311557,28.941594566197914,29.04718941568983,29.16487129956803,29.295588996211507,29.440358045922128,29.60023265952401,29.776263695901925,29.969453574166085
560.0,28.369689478991617,28.372639755493466,28.381524236937565,28.396443547941054,28.417564318245955,28.44511766304978,28.479397266758497,28.52075731488044,28.569610621108882,28.626427397106234,28.691735180898963,28.76612042854325,28.850232101426023,28.94478711724127,29.0505765960327,29.168470318752707,29.2994150366693,29.444421383143734,29.604536017612038,29.780801437658436,29.97421388265188
561.0,28.371682825645177,28.374640677859805,28.383547819345928,28.398504678520723,28.419677576017918,28.44729723491601,28.481656911481544,28.523110393563986,28.572070213598824,28.62900651800044,28.69444709431555,28.768979031582788,28.85325229299462,28.9479849828791,29.053969132922635,29.172074371370606,29.30324526249083,29.448487551658,29.608840650113695,29.785339215657874,29.978973780481784
562.0,28.373681287776115,28.376646700611182,28.38557645788357,28.400570795098428,28.421795729789814,28.449481602346808,28.483921254218046,28.5254680928328,28.574534389513925,28.631590245801995,28.697163713992275,28.771842516358276,28.856277587265758,28.951188136214604,29.0573669630589,29.175683362214983,29.307079576642895,29.45255650279793,29.613146597741455,29.78987715595669,29.983733422012318
563.0,28.3756848552117,28.378657813802867,28.387610143347505,28.402641889804322,28.42391877376581,28.45167076247463,28.486190295891532,28.52783041809175,28.57700315893436,28.634178594456017,28.699885055083772,28.77471089357658,28.8593079810222,28.95439654821213,29.06077002351138,29.179297201015352,29.310917890815624,29.45662819541037,29.617453901245366,29.794415375544066,29.988492949022174
564.0,28.37769351793695,28.380674007658843,28.389648866719632,28.40471795498672,28.426046702406747,28.45386471269278,28.488464037660275,28.530197374890115,28.579476531894343,28.636771577506938,28.7026111317633,28.777584172208165,28.862343468758183,28.957610188081613,29.064178252083096,29.18291580230489,29.31476012457922,29.460702594858265,29.62176260118351,29.798953983174826,29.99325249193768
565.0,28.379707266091902,28.382695272574928,28.39169261916887,28.406798983221243,28.428179510414367,28.45606345064545,28.490742480897175,28.532568968895458,28.58195451834838,28.63936920805595,28.70534195718167,28.780462359511898,28.865384042863514,28.96082902363722,29.067591587617333,29.186539085267505,29.318606204642464,29.464779672088856,29.626072737637887,29.803493080126362,29.99801217109633
566.0,28.38172608999418,28.384721599126518,28.393741392069074,28.408884967299695,28.430317192734115,28.45826697422066,28.493025627186807,28.53494520587835,28.584437128132823,28.641971498706514,28.708077543442155,28.783345461067,28.868429693819735,28.96405302160662,29.07100997023245,29.190166973602253,29.322456064190405,29.46885940283621,29.630384349978645,29.80803276091594,30.00277209785451
567.0,28.383749980134148,28.386752978063736,28.39579517698829,28.410975900241365,28.43245974455495,28.460475281547662,28.49531347830662,28.537326091688666,28.586924370938284,28.64457846153377,28.710817901571197,28.786233480843244,28.87148041037824,28.967282147903074,29.074433341496995,29.19379939532904,29.32630964226354,29.472941766937872,29.634697476712194,29.81257311390313,30.00753237551549
568.0,28.3857789271808,28.388789400318995,28.397853965696942,28.413071775288746,28.4346071613038,28.462688370987582,28.497606036215036,28.53971163223455,28.589416256276206,28.64719010804632,28.713563041510827,28.78912642126428,28.874536179739493,28.97051636788219,29.07786164457565,29.197436282599618,29.33016688319511,29.477026747731067,29.63901215535306,29.817114221852535,30.01229310017763
569.0,28.38781292198145,28.39083085701632,28.39991775017031,28.415172585906053,28.43675943863977,28.464906241122975,28.499903303036255,28.542101833457636,28.591912793448653,28.64980644916057,28.716312972128456,28.792024283288768,28.87759698771481,28.973755646541708,29.08129482430415,29.201077571492515,29.33402773614101,29.481114331601898,29.643328422376946,29.82165616238031,30.017054361365712
570.0,28.389851955572226,28.392877339476545,28.401986522592626,28.417278325783784,28.438916572452197,28.46712889074894,28.50220528104664,28.54449670130521,28.594413991513616,28.652427495170325,28.71906770121625,28.794927066470905,28.880662818912413,28.97699994873135,29.08473282727341,29.20472320180127,29.33789215459188,29.48520450751889,29.64764631316803,29.8261990084186,30.021816242700133
571.0,28.391896019175906,28.39492883920922,28.404060275353594,28.419388988828405,28.441078558854937,28.469356318866552,28.5045119726517,28.5468962417121,28.596919859260588,28.655053255724727,28.721827235509696,28.797834769054536,28.883733656877517,28.98024923929401,29.088175601851507,29.208373116817945,29.341760095986594,29.48929726672233,29.651965862015363,29.830742828565505,30.026578822380753
572.0,28.39394510420905,28.396985347923373,28.406139001053052,28.421504569167446,28.443245394184725,28.471588524671404,28.506823380374872,28.54930046057553,28.599430405178804,28.65768373980726,28.724591580697822,28.80074738804813,28.886809484259373,28.983503483255696,29.091623098243897,29.212027263129215,29.34563152126687,29.493392602303164,29.656287102070145,29.835287687511915,30.031342173793576
573.0,28.395999202289644,28.399046857530255,28.408222692500484,28.42362506115592,28.445417075006297,28.473825507540212,28.509139506845475,28.55170936373972,28.6019456374363,28.66031895574786,28.72736074147253,28.803664919339283,28.889890282919986,28.98676264586625,29.095075268389564,29.215685590407297,29.349506394691197,29.497490509149767,29.66061006541827,29.839833646200287,30.036106365687615
574.0,28.398058305235324,28.40111336014487,28.410311342716398,28.425750459359595,28.44759359808467,28.47606726702658,28.511460354774684,28.554122956961983,28.604465563864604,28.662958911200707,28.73013472154331,28.80658735775596,28.892976034074835,28.99002669275745,29.098532066014346,29.21934805124161,29.353384683436808,29.501590983558234,29.664934783033914,29.84438076220899,30.040871462736945
575.0,28.400122405067975,28.403184848088433,28.412404944933133,28.42788075855987,28.44977496038679,28.47831380284795,28.513785926942788,28.55654124589588,28.606990191937193,28.665603613148583,28.732913523678235,28.809514697163184,28.8960667184061,28.99329559000882,29.101993446571637,29.223014600943714,29.35726635736436,29.505694023091042,29.669261284819797,29.848929089968767,30.04563752581375
576.0,28.402191494007123,28.405261313881045,28.414503492596605,28.430015953756193,28.451961159079605,28.48056511487121,28.516116226183396,28.55896423607885,28.60951952875164,28.668253067902814,28.735697149745377,28.812446930520068,28.899162316147326,28.996569304182067,29.105459367218213,29.226685197394673,29.36115138880955,29.509799626412573,29.673589599629683,29.853478680973794,30.05040461225866
577.0,28.404265564477218,28.40734275025417,28.41660697936065,28.43215604015376,28.454152191522088,28.482821203106287,28.518451255363587,28.561391932901707,28.61205358101653,28.6709072811055,28.738485600747932,28.81538404998498,28.902262807195765,28.999847802424693,29.10892978677022,29.23035980087186,29.365039752304263,29.513907793100373,29.677919755285696,29.8580295840272,30.055172776224396
578.0,28.40634460910571,28.409429150147858,28.418715399087116,28.43430101316227,28.456348055261834,28.48508206769261,28.520791017368857,28.563824341595723,28.614592355039953,28.67356625773969,28.741278876869284,28.818326046980808,28.905368171184367,29.003131052489692,29.112404665653052,29.234038373906387,29.368931424409116,29.518018523537567,29.682251778613757,29.862581845407643,30.059942068881117
579.0,28.408428620733964,28.411520506708015,28.420828745853502,28.436450868394967,28.458548748020032,28.48734770888448,28.52313551509695,28.566261467229836,28.61713585672884,28.67623000215476,28.744076977508232,28.821272912246393,28.908478387551952,29.00641902274957,29.115883965848827,29.237720881144067,29.372826383578165,29.52213181882904,29.686585695480744,29.867135509015036,30.064712538576543
580.0,28.41051759240852,28.413616813292236,28.422947013941304,28.438605601662644,28.460754267692877,28.489618127042917,28.525484751429175,28.56870331467518,28.619684091565833,28.678898518052414,28.746879901321524,28.824224635939164,28.911593435652172,29.00971168229505,29.119367650864994,29.241407289173694,29.376724609863782,29.526247680590505,29.690921530807227,29.871690616630957,30.06948423121317
581.0,28.412611517389294,28.415718063465096,28.425070197834053,28.44076520897204,28.462964612330094,28.49189332261775,28.527838729218075,28.57114988860738,28.622237064632767,28.681571808536464,28.74968764626881,28.82718120766536,28.914713294746445,29.013009000867953,29.122855685636942,29.245097566466036,29.380626084958415,29.53036611104635,29.69525930862873,29.8762472078976,30.074257190178084
582.0,28.414710389143373,28.417824251000514,28.427198292223675,28.442929686520667,28.465179780140456,28.494173296143117,28.530197451278756,28.57360119348547,28.624794780579222,28.684249876096725,28.752500209650695,28.83014261656882,28.91783794413548,29.016310948956644,29.12634803651674,29.248791683177554,29.384530791871015,29.534487112758498,29.699599052099455,29.880805320626365,30.079031456760923
583.0,28.416814201336127,28.419935369875322,28.42933129200679,28.44509903069358,28.46739976947689,28.49645804822699,28.532560920378657,28.57605723355374,28.62735724364743,28.686932722650386,28.755317588159837,28.83310885135274,28.920967363125474,29.01961749770737,29.12984467117671,29.252489611123988,29.388438715003335,29.53861068873849,29.703940783539664,29.88536499074679,30.083807070061706
584.0,28.418922947848653,28.422051414274975,28.431469192275763,28.4472732380527,28.469624578828295,28.498747579532896,28.53492913921541,28.57851801281736,28.629924457656813,28.68962034954918,28.758139777908077,28.836079900364563,28.924101531137826,29.022928619015342,29.13334555858673,29.256191323607244,29.392349839874395,29.54273684225458,29.708284524462954,29.889926252554773,30.088584067323183
585.0,28.42103662277004,28.424172378588526,28.433611988315143,28.449452305326982,28.471854206810704,28.501041890771393,28.537302110411552,28.5809835350435,28.632496426021582,28.692312757612058,28.76096677447063,28.839055751616797,28.927240427687888,29.026244285456503,29.136850668944565,29.259896795383312,29.396264153144365,29.546865576878247,29.712630295609518,29.894489138709876,30.093362483913012
586.0,28.423155220389788,28.426298257406927,28.435759675604224,28.451636229418497,28.474088652161992,28.503340982692137,28.539679836507023,28.583453803757532,28.63507315174263,28.69500994713256,28.763798572925264,28.842036392846754,28.93038403245916,29.029564470329706,29.140359973634148,29.2636060025239,29.400181642446952,29.550996896374055,29.716978116967024,29.899053680405206,30.098142353533152
587.0,28.425278735200305,28.428429045521455,28.43791224980889,28.45382500738979,28.47632791373235,28.505644856071136,28.542062319949153,28.58592882223826,28.637654637419047,28.6977119179076,28.766635167887813,28.84502181154955,28.93353232530976,29.032889147630446,29.143873445173476,29.267318922357457,29.404102296341275,29.55513080468939,29.721328007802043,29.903619907422318,30.102923708284468
588.0,28.427407161893157,28.43056473791745,28.440069706778544,28.45601863645845,28.478571990471895,28.507953511702627,28.544449563075037,28.58840859351123,28.640240885256002,28.70041866925978,28.769476553540283,28.84801199501958,28.93668528629958,29.03621829204302,29.147391057159652,29.271035533391363,29.408026104234107,29.55926730591606,29.72567998669477,29.9081878482087,30.107706578767775
589.0,28.42954049535712,28.432705329774148,28.442232042542695,28.45821711399262,28.480820881424734,28.510266950387717,28.54684156810631,28.590893120345648,28.642831897067012,28.70313020005685,28.772322723672627,28.851006930394636,28.93984289572471,29.039551878941378,29.150912784221333,29.274755815217222,29.411953056282517,29.563406404240016,29.730034071563615,29.912757529983587,30.11249099420837
590.0,28.43167873068133,28.434850816463776,28.444399253305054,28.460420437499227,28.483074585723486,28.512585172925732,28.549238337153593,28.59338240525769,28.645427674298734,28.7058465087287,28.775173671697544,28.854006604646486,28.943005134092314,29.04288988435263,29.15443860199037,29.278479748504054,29.41588314341658,29.56754810397511,29.734390279674734,29.91732897873343,30.117276982432713
591.0,28.433821863146832,28.437001193546028,28.446571335442265,28.46262860462508,28.48533310257575,28.514908180102566,28.551639872186968,28.595876450496004,28.64802821801483,28.708567593294422,28.778029390708564,28.857011004681617,28.946171982210377,29.046232284986427,29.157968487023936,29.28220731482673,29.41981635713372,29.571692409436483,29.738748627695305,29.9219022194059,30.122064570127094
592.0,28.435969888219187,28.439156456762657,28.448748285494172,28.46484161314584,28.487596431259323,28.51723597268909,28.554046175053482,28.59837525805979,28.65063352892818,28.711293451379216,28.780889873480405,28.860020117305034,28.949343421126834,29.049579058175492,29.161502416794036,29.285938496710685,29.423752689591694,29.575839325018723,29.7431091316939,29.926477275841766,30.126853782737832
593.0,28.43812280154807,28.441316602035613,28.450930100161163,28.467059460960822,28.48986457111297,28.519568551429266,28.556457247462532,28.600878829690284,28.653243607402878,28.714024080236204,28.783755112509745,28.863033929272543,28.95251943217102,29.05293018187827,29.16504036963084,29.2896732775292,29.4276921334989,29.57998885513773,29.74747180717331,29.931054170886892,30.13164464460923
594.0,28.440280598968837,28.443481625463175,28.45311677629966,28.469282146085327,28.492137521529536,28.521905917029503,28.558873090972973,28.60338716686693,28.65585845345792,28.716759476767663,28.786625100047225,28.866052427324917,28.955699996978296,29.05628563467748,29.16858232467554,29.29341164142839,29.431634682033376,29.584141004190574,29.751836669096758,29.935632926478128,30.136437179085476
595.0,28.44244327649209,28.445651523307976,28.455308310909793,28.47150966663987,28.49441528195264,28.5242480701601,28.56129370700464,28.605900270830976,28.658478066789105,28.719499637544146,28.789499828093284,28.86907559815213,28.9588850974316,29.0596453957314,29.172128261873876,29.29715357337556,29.435580328922452,29.58829577661876,29.75620373188988,29.94021356358356,30.141231408429125
596.0,28.444610830303905,28.447826292004315,28.45750470113982,28.473742020850512,28.49669785186094,28.526595011436868,28.56371909681735,28.608418142558097,28.661102446768588,28.722244558825928,28.79237928846645,28.872103428497713,28.962074715756557,29.063009444793362,29.175678161890147,29.300899058970558,29.439529068242038,29.59245317679485,29.760573009491676,29.944796102398445,30.14602735406708
597.0,28.44678325675103,28.4500059281423,28.45970594427309,28.47597920703751,28.498985230764962,28.528946741433362,28.5661492615397,28.610940782796405,28.663731592475774,28.72499423656822,28.795263472769307,28.875135905078242,28.965268834434966,29.066377762166745,29.179232006141785,29.30464808456738,29.443480894561695,29.59661320911723,29.764944515339774,29.949380562220213,30.150825036428312
598.0,28.4489605523501,28.452190428470903,28.461912037726194,28.478221223609257,28.501277418199017,28.531303260653956,28.56858420212958,28.613468192038404,28.666365502686332,28.727748666460613,28.798152372466554,28.878173014689747,28.968467436282463,29.069750328707478,29.1827897766909,29.308400637079362,29.447435802747574,29.60077587790911,29.769318262423234,29.95396696164731,30.155624475186364
599.0,28.451142713709896,28.45437978983122,28.464122978995444,28.480468069027147,28.503574413706726,28.53366456955064,28.57102391939767,28.616000370542952,28.66900417586479,28.730507843831663,28.801045978697303,28.881214743913567,28.971670504090657,29.07312712546509,29.186351455952522,29.312156703820698,29.451393787952146,29.604941187542966,29.773694263498864,29.958555318841043,30.160425689521837
600.0,28.453329737724122,28.456574009331117,28.466338765795044,28.482719741898094,28.505876216869066,28.53603066849154,28.573468413986465,28.618537318329672,28.67164761026563,28.733271763961973,28.803944282805617,28.88426107992494,28.974878021627536,29.0765081347513,29.18991702767768,29.315916273187284,29.45535484586674,29.609109142163515,29.77807253038069,29.96314565051216,30.165228706572815
601.0,28.455521621395892,28.45877308418167,28.468559395921158,28.484976240870317,28.50818282726356,28.53840155778728,28.575917686394636,28.621079035211437,28.674295803883062,28.736040421863336,28.806847275956677,28.887312009841562,28.978089972779216,29.079893339159653,29.193486475990728,29.319679333926082,29.45931897237788,29.613279745913708,29.782453077031224,29.967739175237732,30.170105977998404
602.0,28.45771836178858,28.460977011650254,28.47078486722155,28.4872375646217,28.510494244457416,28.540777237672618,28.57837173696591,28.623625520761454,28.67694875440376,28.73881381219494,28.80975494896666,28.89036752050714,28.981306341296794,29.08328272129603,29.197059785145846,29.323445874973213,29.463286163543895,29.617453005739808,29.78683625433565,29.97234614530541,30.175044107144114
603.0,28.45991995614949,28.46318578917855,28.473015177676054,28.489503711913528,28.51281046802564,28.543157708298136,28.580830565885318,28.626176774339537,28.679606459301613,28.741591929494348,28.812667292700443,28.89342759906446,28.984527111475145,29.08667626450886,29.200636940195672,29.327215885930293,29.46725641688036,29.62162900265562,29.791223860272584,29.976973384250105,30.18002191132883
604.0,28.46212640185365,28.465399414325717,28.475250325362833,28.491774681552364,28.51513149752714,28.545542969733148,28.583294173179315,28.628732795096003,28.682268915819304,28.744374768112518,28.815584297959976,28.896492232746674,28.987752267903588,29.090073952601934,29.204217926713994,29.330989357173863,29.471229745593266,29.625808086939795,29.79561828789442,29.98162189451462,30.18503185183691
605.0,28.464337696396633,28.46761788476851,28.477490308446413,28.49405047239556,28.517457332510023,28.54793302196447,28.585762558723616,28.63129358197033,28.684936120986073,28.747162322225496,28.818505955472173,28.899561408899967,28.990981795465352,29.093475769809206,29.20780273085412,29.33476628273734,29.475206217435815,29.629990894662555,29.80002142694528,29.986291239343114,30.190069580806984
606.0,28.466553837407908,28.46984119829131,28.47973512518472,28.496331083336656,28.51978797250127,28.55032786488678,28.588235722238853,28.63385913370255,28.687608071623732,28.74995458585601,28.821432255923835,28.902635114980356,28.994215679320114,29.09688170082367,29.211391339925083,29.33854666846019,29.479185984572442,29.634178189047958,29.80443456990934,29.990980646551403,30.195132171383005
607.0,28.46877482260486,28.47206935278703,28.481984773902077,28.49861651330499,28.522123417010103,28.55272749831356,28.590713663291368,28.636429448839266,28.690284764350327,28.75275155287289,28.824363189966856,28.90571333855555,28.997453904925578,29.100291730883825,29.214983744155198,29.34233054250221,29.48316928013099,29.638370729089498,29.808858563815683,29.99568929964336,30.200217478554617
608.0,28.471000649838707,28.474302346243878,28.484239252994556,28.500906761258022,28.524463665506122,28.555131921959767,28.5931963813045,28.639004525746362,28.69296619560237,28.755553217013716,28.827298748220414,28.908796067324502,29.00069645803848,29.10370584616788,29.21857993962336,29.346117962186522,29.487156395102414,29.642569205722456,29.813293949810028,30.00041642159692,30.20532384572234
609.0,28.473231317039847,28.47654017674066,28.48649856093338,28.503201826178163,28.526808717445228,28.55754113545602,28.595683875549156,28.64158436259667,28.69565236162904,28.75835957188806,28.830238921279093,28.91188328910711,29.003943324819875,29.107124034547198,29.222179931462996,29.349909015327952,29.491147652006354,29.646774219407245,29.817741063652523,30.005161298756214,30.210449941946436
610.0,28.475466822243504,28.478782842445774,28.488762696243647,28.505501707072305,28.529158572235552,28.5599551383323,28.59817614515464,28.644168957397444,28.698343258517927,28.761170610993865,28.833183699738544,28.914974991884154,29.0071944920012,29.110546286663073,29.225783736416027,29.35370381700913,29.495143383611133,29.65098627968991,29.822200101490576,30.009923282487804,30.215594668792672
611.0,28.477707163573285,28.481030341601763,28.49103165750246,28.507806402950447,28.531513229259016,28.562373930032138,28.600673189108523,28.646758307973684,28.701038882196002,28.763986327715134,28.83613307419174,28.918071163838093,29.01044994722541,29.11397259709727,29.229391384079786,29.357502504133507,29.49914391814245,29.65520581298056,29.82667116361324,30.01470178492332,30.22075709986188
612.0,28.479952339231847,28.48328267252857,28.493305443344212,28.51011591283739,28.533872687849517,28.56479750990546,28.603175006247767,28.649352411992457,28.70373922843051,28.766806715353585,28.8390870352594,28.921171793453816,29.013709679441206,29.11740296541794,29.233002917037084,29.361305229473654,29.503149569966503,29.659433172995275,29.831154283659917,30.019496272615214,30.225936440918233
613.0,28.4822023474999,28.48553983362215,28.49558405244356,28.512430235771973,28.53623694729724,28.567225877200805,28.605681595282643,28.651951266967092,28.70644429284803,28.76963176712658,28.84204557360942,28.924276869643,29.016973679385,29.120837397001154,29.236618390092612,29.36511215603796,29.50716063400112,29.663668651345187,29.835649449236445,30.024306260144016,30.231132000783322
614.0,28.484457186737465,28.48780182333329,28.497867483517776,28.514749370785935,28.538606006845576,28.569659031072767,28.60819295478925,28.654554870255637,28.70915407094807,28.77246147617966,28.845008680004536,28.92738638191796,29.020241940084016,29.12427590350551,29.240237868916623,29.36892345218638,29.511177382998106,29.66791248737551,29.84015661584497,30.029131304187537,30.23634317081165
615.0,28.486716855369,28.490068640175764,28.500155735314582,28.517073316908103,28.540979865693533,28.572096970583203,28.610709083204483,28.657163219065065,28.711868558097667,28.775295835601874,28.847976345377205,28.930500320621817,29.023514457265293,29.127718502997645,29.243861428301003,29.372739287770656,29.515200066993064,29.672164876568807,29.844675716015153,30.03397099834552,30.24156941046783
616.0,28.48898135186963,28.492340282708565,28.502448806613852,28.51940207316297,28.543358522995533,28.574539694705567,28.613229978838024,28.65977631046489,28.71458774954157,28.778134838466684,28.85094856089466,28.9336186771425,29.026791229705026,29.131165219842362,29.247489150399957,29.376559831183457,29.51922891352146,29.676425977559106,29.84920666640727,30.038824968730385,30.246810235466242
617.0,28.49125067477103,28.49461674954664,28.504746696218387,28.521735638566387,28.54574197784126,28.576987202310445,28.615755639881858,28.662394141395456,28.71731164042658,28.780978477863467,28.853925318080343,28.936741444137073,29.030072259476174,29.13461608437312,29.251121123057082,29.380385247111537,29.52326412845733,29.68069591815183,29.853749372977376,30.043692870114725,30.25206520849304
618.0,28.493524822668146,28.496898039349098,28.507049402951797,28.524074012118284,28.54813022927033,28.579439492175158,28.618286064400312,28.665016708661312,28.72004022582213,28.783826746922944,28.85690660890478,28.93986861574213,29.033357552101297,29.138071132416147,29.25475743819182,29.384215694875238,29.527305897309066,29.684974800435278,29.858303734606423,30.04857438258334,30.25733393205784
619.0,28.495803794192575,28.49918415079996,28.50935692565282,28.526417192800828,28.550523276274006,28.58189656299164,28.620821250335087,28.66764400895267,28.72277350072331,28.78667963887909,28.85989242591,28.943000187751945,29.03664711658212,29.141530404697082,29.25839819037023,29.388051327358212,29.53135438680564,29.68926270486099,29.862869645524786,30.053469208725865,30.262616043048713
620.0,28.498087588016602,28.501475082627845,28.5116692631792,28.528765179581274,28.55292111778162,28.584358413353147,28.62336119551573,28.67027603885196,28.72551146006583,28.789537147124744,28.86288276232153,28.946136157760748,29.039940965344755,29.1449939462269,29.262043475595583,29.391892290387265,29.535409746439214,29.693559693605668,29.867446997171037,30.05837707128589,30.267911208191254
621.0,28.500376202840783,28.50377083358967,28.51398641439289,28.531117971400267,28.555323752662957,28.586825041759344,28.625905897670275,28.672912794838563,28.728254098776695,28.792399265266578,28.865877612169488,28.94927652527558,29.043239114147312,29.148461805660283,29.265693390291823,29.395738722337647,29.539472109916087,29.697865813436305,29.87203567968669,30.063297711049486,30.273219120134588
622.0,28.502669637404022,28.50607140245994,28.51630837815181,28.53347556717554,28.55773117972888,28.589296446632023,28.628455354413695,28.67555427330682,28.731001411797376,28.79526598720353,28.86887697039156,28.95242129179185,29.04654158189606,29.151934034679982,29.26934803045563,29.399590753935573,29.543541596547684,29.702181098106053,29.876635583006465,30.06823088503293,30.278539494235932
623.0,28.50496789047785,28.50837678803273,28.518635153320737,28.535837965797874,28.56014339773245,28.59177262629456,28.631009563256388,28.67820047057614,28.73375339410798,28.79813730718292,28.87188083291004,28.955570460815807,29.049848390441166,29.155410687427665,29.273007490949905,29.403448508250676,29.547618312611633,29.70650557041109,29.88124659763342,30.073176364867688,30.283872065911535
624.0,28.507270960844938,28.51068698911911,28.520966738762333,28.538205166127,28.56256040536728,28.5942535789872,28.633568521621783,28.68085138291595,28.73651004077393,28.801013219867844,28.874889196728674,28.958724037863195,29.053159564347453,29.15889181993418,29.27667186494232,29.407312100812128,29.551702352605616,29.710839243865248,29.885868615172335,30.078133935432525,30.289216588396318
625.0,28.509578847304248,28.513002004539295,28.52330313333059,28.540577166990992,28.564982201262914,28.596739302867004,28.636132226849107,28.68350700655851,28.739271346975386,28.803893720402318,28.877902059982308,28.961882030441103,29.056475130623916,29.16237748963699,29.280341243456284,29.411181639829646,29.55579380037274,29.715182124061933,29.890501528705812,30.083103393669553,30.294572830903164
626.0,28.511891548668153,28.515321833122314,28.52564433587257,28.54295396717774,28.567408783991645,28.599229796011603,28.63870067620394,28.68616733771819,28.742037308049746,28.80677880446724,28.880919421988096,28.96504444798849,29.059795118472724,29.165867754916015,29.2840157150474,29.415057226464608,29.559892730141396,29.719534209871313,29.895145233087252,30.088084547513056,30.29994057697315
627.0,28.514209063761793,28.517646473702438,28.52799034522124,28.545335565438453,28.569840152065424,28.60172505642527,28.64127386688336,28.688832372613582,28.744807919535205,28.809668468335826,28.883941283270694,28.968211301795556,29.063119559025537,29.16936267470636,29.287695365589464,29.41893895515277,29.56399920741621,29.723895494379516,29.899799625126356,30.09307721498651,30.30531962312121
628.0,28.51653139141302,28.51997592511375,28.5303411601859,28.547721960500734,28.572276303925694,28.60422508204205,28.643851796026368,28.691502107496387,28.74758317721364,28.812562708924226,28.886967645577045,28.971382604915807,29.066448485092856,29.172862308159704,29.291380278075415,29.422826913888397,29.568113289805165,29.72826596579683,29.904464603774226,30.098081223340433,30.310709777534914
629.0,28.518858530460065,28.52231018617837,28.53269677956852,28.550113151042858,28.574717237968922,28.606729870718606,28.646434460738238,28.694176538671446,28.75036307714095,28.81546152382428,28.889998511882652,28.974558372062504,29.069781930920453,29.17636671433361,29.295070532496887,29.426721184542274,29.572235027797284,29.732645608192172,29.909140070195974,30.10309640831783,30.316110859017257
630.0,28.52119047972473,28.52464925571667,28.535057202143996,28.552509135704007,28.57716295252645,28.60923942025469,28.6490218580935,28.69685566252492,28.753147615693447,28.81836491134391,28.893033886378984,28.977738619507253,29.073119931959884,29.179875951939017,29.29876620577343,29.430621843207003,29.576364465451487,29.737034402105085,29.91382592780334,30.108122613475576,30.321522696058455
631.0,28.523527238027903,28.52699313253696,28.537422426667955,28.554909913080717,28.579613445878675,28.611753728396884,28.651613985152185,28.699539475548736,28.755936789590223,28.82127287052894,28.89607377445657,28.980923364961605,29.07646252464976,29.18339007909521,29.302467371703887,29.43452896051494,29.58050164102021,29.741432325110672,29.91852208229589,30.113159689581412,30.326945125958186
632.0,28.52586880417948,28.52934181543749,28.539792451869943,28.557315481727965,28.58206871625129,28.614272792849995,28.65421083897326,28.702227974365382,28.758730595929784,28.824185401187286,28.899118182676762,28.98411262746,29.07980974620577,29.18690915313132,29.306174100961794,29.438442601974515,29.584646587528542,29.745839352279177,29.92322844164357,30.11820749406358,30.33237799409057
633.0,28.52821517698158,28.53169530320059,28.542167276449838,28.55972584016773,28.584528761814955,28.61679661127476,28.656812416640776,28.704921155748604,28.761529032227763,28.827102503897805,28.902167118719152,28.987306427225494,29.083161634443986,29.190433230477705,29.30988646117598,29.44236282827499,29.588799333178017,29.750255456441426,29.927944916042676,30.123265890621177,30.33782115339879
634.0,28.530566355224142,28.534053594589686,28.544546899079783,28.562140986874397,28.586993580698056,28.61932518130327,28.659418715270537,28.70761901665733,28.764332096425967,28.830024180011915,28.90522059134816,28.990504785568714,29.08651822760661,29.19396236650151,29.313604516935364,29.44628969556787,29.592959901850055,29.75468060862968,29.932671417904118,30.128334748722704,30.343274463699434
635.0,28.532922337681885,28.53641668834672,28.546931318400798,28.56456092028159,28.589463170985823,28.621858500545375,28.66202973203002,28.710321554254065,28.76713978692415,28.83295043166183,28.90827861036506,28.99370772476248,29.089879564194025,29.19749661539261,29.317328329852973,29.450223255768385,29.59712831352361,29.759114778362108,29.93740786180864,30.13341394320458,30.348737791155678
636.0,28.535283123101436,28.538784583190633,28.549320533023977,28.56698563877987,28.591937530726632,28.624396566605764,28.664645464150436,28.713028765921436,28.76995210258901,28.835881261746504,28.91134118655211,28.996915267938657,29.093245682858512,29.201036030119187,29.321057958649167,29.45416355679181,29.60130458457615,29.76355793384512,29.942154164448485,30.138503353963063,30.35421100786815
637.0,28.537648710216203,28.541157277814108,28.55171454152762,28.569415140726413,28.59441665793311,28.626939377083307,28.66726590895361,28.715740649290574,28.772769042780666,28.838816673925084,28.914408331608424,29.000127438971973,29.096616622261905,29.204580662338245,29.324793459217936,29.45811064281179,29.60548872816146,29.768010042227214,29.9469102445896,30.143602865593977,30.35969399142908
638.0,28.540019097731744,28.543534770884776,28.554113342458194,28.571849424441417,28.59690055058972,28.629486929588737,28.66989106385929,28.718457202255802,28.775590607357564,28.841756672605865,28.917480058104967,29.003344262385486,29.09999242095467,29.208130562332187,29.328534884708702,29.462064554508547,29.6096807545156,29.772471069807164,29.951676023014013,30.148712367078076,30.365186624501373
639.0,28.542394284325113,28.545917061047298,28.556516934330283,28.57428848821323,28.599389206658227,28.63203922175553,28.672520926400058,28.721178422991418,28.77841679668064,28.844701262923614,28.92055637942371,29.006565763261253,29.103373117281702,29.21168577898335,29.332282285628867,29.46602532928398,29.613880671192693,29.77694098215972,29.956451422456336,30.153831751540647,30.370688794528718
640.0,28.54477426864868,28.54830414691383,28.55892531562651,28.57673233029731,28.601882624087636,28.63459625124658,28.675155494242883,28.723904309965747,28.781247611620397,28.847650450721247,28.923637309694065,29.00979196712982,29.106758749296798,29.215246359750815,29.336035709925714,29.46999300147083,29.618088483324993,29.781419744301193,29.961236367544682,30.158960915981147,30.376200393383897
641.0,28.547159049325412,28.550696027066802,28.561338484797815,28.579180948919063,28.604380800820024,28.637158015767316,28.677794765200815,28.726634861957617,28.78408305356074,28.850604242530544,28.92672286373832,29.01302289988264,29.110149354658887,29.218812350631193,29.339795203083252,29.47396760255779,29.622304193878755,29.785907320838817,29.966030784739882,30.16409976101191,30.3817213170428
642.0,28.549548624957463,28.55309270005708,28.563756440265625,28.581634342283486,28.606883734793563,28.639724513079592,28.680438737245282,28.729370078061052,28.786923124390636,28.85356264553137,28.929813057014087,29.01625858772837,29.113544970630212,29.222383796218146,29.34356080823468,29.477949161295037,29.626527803724894,29.790403675962626,29.970834602280757,30.169248190768663,30.387251465498775
643.0,28.5519429941159,28.555494164404003,28.56617918042093,28.584092508570937,28.609391423952466,28.642295741010113,28.68308740852342,28.732109957706317,28.78976782651631,28.856525667545807,28.932907905555435,29.019499057065012,29.116945633923805,29.225960739612354,29.347332566233845,29.481937703978613,29.630759312009822,29.79490877370498,29.975647750121837,30.17440611253817,30.392790742272158
644.0,28.554342155333533,28.557900418607325,28.56860670362914,28.586555445943613,28.61190386625145,28.64487169746703,28.68574077736353,28.734854500650993,28.792617162830748,28.8594933169817,28.936007425915722,29.022744334469724,29.12035138075907,29.22954322252881,29.35111051575337,29.485933254482102,29.634998716101542,29.799422577848343,29.980470159875917,30.179573436772422,30.39833905446211
645.0,28.556746107116727,28.560311461131782,28.571039008227505,28.58902315255014,28.614421059666313,28.647452380443927,28.688398842293783,28.737603707003014,28.795471136729876,28.86246560282687,28.939111635114905,29.0259944465844,29.123762246727928,29.233131285231334,29.35489469338024,29.48993583451744,29.639246011926176,29.803945052137973,29.98530176476025,30.18475007675915,30.4038963123199
646.0,28.559154847941862,28.56272729041036,28.57347609252759,28.59149562653232,28.616943002205225,28.6500377880269,28.691061602047533,28.74035757721353,28.798329752083994,28.865442534606345,28.94222055059237,29.029249420095084,29.12717826682032,29.236724966604278,29.358685133693875,29.493945463691514,29.64350119398259,29.80847616025863,29.990142499550313,30.189935948574874,30.409462429204318
647.0,28.561568376258013,28.56514790485302,28.575917954822643,28.593972866029297,28.619469691909515,28.65262791841224,28.693729055570998,28.743116112084138,28.801193013239715,28.868424122352888,28.94533419015553,29.032509281655756,29.130599475354956,29.24032430413245,29.36248186935784,29.49796215969113,29.647764255530095,29.813015865933792,29.994992300517755,30.195130970881152,30.41503732133334
648.0,28.563986690490577,28.567573302843158,28.57836459338895,28.59645486918478,28.622001126865364,28.65522276991142,28.696401202031403,28.745879312767048,28.804060925003103,28.871410376574936,28.94845257193412,29.035774057845238,29.134025905964013,29.243929333936272,29.36628493120219,29.501985938390135,29.65203518868504,29.81756413296231,29.999851105384227,30.20033506480668,30.420620907642604
649.0,28.56640978903646,28.57000348274036,28.58081600648759,28.598941634150098,28.624537305207127,28.65782234095822,28.699078040825533,28.74864718075661,28.806933492617997,28.87440130823402,28.95157571434191,29.039043775151786,29.13745759160771,29.24754009082901,29.370094348298817,29.50601681392105,29.656313984468753,29.82212092521182,30.004718853281673,30.20554815387364,30.426213109721548
650.0,28.5688376702712,28.572438442879832,28.58327219236805,28.601433159091286,28.62707822512898,28.660426630122593,28.701759571590802,28.751419717908423,28.80981072177207,28.87739692870613,28.954703636011413,29.042318459863687,29.140894564473143,29.251156608281207,29.373910148063246,29.510054798900327,29.66060063305436,29.82668620676825,30.009595484682634,30.210770163740857,30.431813851475088
651.0,28.57127033254209,28.574878181581354,28.585733149273775,28.603929442186416,28.629623884892087,28.663035636110834,28.704445794195923,28.75419692641007,28.81269261855274,28.88039724975382,28.957836355788032,29.04559813811745,29.144336856068758,29.254778918523776,29.37773235627963,29.514099904358382,29.664895123641116,29.83125994182265,30.014480941376885,30.216001022293234,30.437423059254684
652.0,28.573707774175,28.57732269714476,28.588198875443048,28.6064304816376,28.63217428283051,28.665649357781415,28.707136708763333,28.756978808803012,28.815579189457072,28.88340228349616,28.960973892653012,29.0488828357829,29.1477844971159,29.258407052519253,29.38156099723079,29.518152140002204,29.669197444738742,29.835842094828198,30.019375166403396,30.22124065934705,30.443040661498774
653.0,28.576149993479554,28.57977198785819,28.590669369115346,28.608936275680282,28.634729417356922,28.66826779414422,28.709832315654456,28.75976536795574,28.818470441360724,28.886412042381895,28.96411626572615,29.052172578506045,29.151237517626765,29.262041040033505,29.38539609371801,29.522211514167072,29.673507584071377,29.84043263041765,30.024278104031858,30.226489006718605,30.448666588827926
654.0,28.578596988746032,28.582226051998056,28.59314462853339,28.611446822583492,28.63728928697175,28.67089094437277,28.71253261548466,28.762556607072995,28.821366381508216,28.88942653915661,28.96726349420286,29.055467391632547,29.15469594684933,29.26568090964916,29.389237667161524,29.526278033985022,29.677825528748414,29.845031513485953,30.029189699700606,30.23174599803333,30.45430077381299
655.0,28.58104875825783,28.58468488783414,28.59562465195168,28.613962120659618,28.63985389026911,28.673518807804808,28.715237609117555,28.765352529682357,28.824267017488346,28.89244578683845,28.970415597338643,29.058767300215298,29.15815981328872,29.269326688801456,29.39308573764156,29.53035170541243,29.682151265269905,29.849638709181356,30.034109899997546,30.237011568686437,30.45994315093968
656.0,28.58350530029299,28.58714849363267,28.59810943763981,28.616482168271244,28.642423225943567,28.67615138394949,28.717947297667386,28.768153139628254,28.827172357218373,28.89546979868825,28.97357259441454,29.06207232898751,29.16162914470793,29.27297840381411,29.396940323967264,29.534432533312497,29.686484779589318,29.854254182919806,30.039038652616032,30.242285655759964,30.465593656513217
657.0,28.58596661312249,28.589616867661125,28.600598983884026,28.619006963829797,28.644997292794038,28.67878867248931,28.72066168249963,28.770958441065464,28.83008240893317,28.898498588189348,28.9767345047105,29.065382502330884,29.16510396812018,29.276636079924806,29.40080144373821,29.5385205215387,29.690826057193934,29.85887790041006,30.04397590631325,30.247568197933486,30.47125222854665
658.0,28.58843269501963,28.59209000819392,28.603093288994323,28.621536505802414,28.647576089728833,28.681430673279706,28.72338076522497,28.77376843844526,28.832997181162995,28.9015321690256,28.979901347491747,29.068697844280234,29.168584309809905,29.280299741320658,29.404669113384866,29.542615672963258,29.69517508311462,29.863509827644858,30.048921610888833,30.25285913544664,30.47691880672394
659.0,28.59090354425142,28.594567913502704,28.60559235130061,28.62407079271966,28.650159615769397,28.684077386365857,28.726104547718847,28.776583136535997,28.835916682752515,28.90457055510114,28.983073142034833,29.072018378574917,29.17207019541539,29.283969411263566,29.408543348312993,29.546717989600083,29.699531841957374,29.868149930801472,30.05387571692846,30.258158409735604,30.482593332013522
660.0,28.59337915906173,28.59705058186671,28.608096169160984,28.626609823176032,28.65274787005404,28.68672881197476,28.728833032109158,28.779402540423174,28.838840922868147,28.907613760571973,28.986249907679078,29.07534412872095,29.17556165000335,29.287645112130463,29.412424162898727,29.550827472564215,29.703896317824785,29.87279817615537,30.058838175734728,30.26346596339439,30.488275740757924
661.0,28.595859537812338,28.59953801165712,28.610604741040532,28.62915359588163,28.655340851876005,28.689384950503623,28.731566220671695,28.782226655228804,28.841769910517055,28.910661799102623,28.98943166284709,29.078675116856996,29.179058696889655,29.291326864451722,29.416311569966982,29.554944122175478,29.70826849520152,29.87745453171967,30.063808938192256,30.268780053785058,30.493864195130985
662.0,28.598344678770506,28.602030201174685,28.613118065363533,28.631702109574434,28.657938560618113,28.69204580255683,28.734304116032458,28.78505548661351,28.84470365541285,28.913714685194424,28.992618426834095,29.08201136588878,29.182561359932414,29.295014688926003,29.420205582073972,29.55906793804475,29.7126483574639,29.882118960238977,30.068787480154192,30.274086244964728,30.49937750668465
663.0,28.600834580266387,28.6045271487858,28.615636140631562,28.634255363093036,28.66054099580955,28.6947113689141,28.737046721018416,28.7878890403947,28.847642167315417,28.9167724331736,28.995810218452856,29.085352897886278,29.186069661842208,29.298708604952672,29.424106210599327,29.563198919054855,29.717035886419207,29.88679132116154,30.073771245540424,30.279374918893637,30.504845395413152
664.0,28.60332924065569,28.607028852882348,28.618158965403463,28.63681335536243,28.663148157120506,28.697381650550128,28.739794038682554,28.790727322633334,28.850585456175168,28.91983505744345,28.999007056376367,29.08869973451892,29.189583624636064,29.30240863106402,29.42801346603986,29.56733706294041,29.721431041918805,29.891471095878618,30.078756842422028,30.28464463643228,30.510278422591703
665.0,28.605828658313005,28.60953531190113,28.620686538288382,28.63937608540607,28.665760044347667,28.70005664862147,28.742546072311566,28.79357033962114,28.853533532124306,28.922902572453825,29.002208959123312,29.092051897021708,29.193103269671806,29.306114784944306,29.43192735792816,29.57148236228561,29.725833707276028,29.896157364420414,30.083741586586182,30.289895980260024,30.51568266656815
666.0,28.608332831659965,28.612046524310664,28.62321885797055,28.64194355233981,28.66837665744755,28.702736364481506,28.745302825402224,28.796418097878973,28.856486405466725,28.925974992691756,29.005415945032475,29.095409406216053,29.196628617634214,29.30982708343638,29.4358478940316,29.57563479301731,29.730243647323814,29.900849028786183,30.088723632630796,30.29513000428448,30.521062210958185
667.0,28.610841759150315,28.614562488634512,28.62575592318723,28.644515755387772,28.670997996501605,28.705420799660324,28.748064301681904,28.799270604126068,28.859444086656413,28.92905233266207,29.00862803228194,29.098772282510943,29.200159688555097,29.31354554239261,29.439775077889784,29.579794299741398,29.734660513156726,29.905544996373745,30.093701762411524,30.30034782639251,30.526420037910867
668.0,28.61335543928483,28.617083203442945,28.628297732758927,28.64709269386613,28.673624061749447,28.708109955889746,28.750830505086,28.802127865301927,28.8624065862761,28.932134606889885,29.011845238847457,29.1021405458735,29.203696501786563,29.317270176146277,29.44370890468925,29.583960785987777,29.739083874843768,29.910244271264972,30.098675186404844,30.305550507850782,30.5317584477752
669.0,28.615873870608343,28.619608667362915,28.630844285569143,28.6496743672108,28.676254853575383,28.710803835061075,28.753601439750827,28.80498988853025,28.86537391505428,28.93522182986813,29.015067582502006,29.105514215848576,29.207239075887653,29.321000996442965,29.447649356734875,29.588134112485154,29.743513258331877,29.914945984359516,30.103643404326274,30.310739022126544,30.537079281989513
670.0,28.618397051733123,28.62213887907798,28.63339558059661,28.652260774959426,28.67889037250685,28.71350243927572,28.756377110018022,28.807856681108994,28.868346083806433,28.93831401609118,29.01829508081213,29.108893311514482,29.210787428363787,29.324738010957187,29.451596399983075,29.592314101702016,29.747948174963597,29.919649394385676,30.108606113069328,30.31591425152854,30.54238405510023
671.0,28.620924981304682,28.62467383734242,28.635951616893742,28.65485191677606,28.681530619224493,28.716205770796996,28.759157520413318,28.810728250515428,28.87132310345848,28.94141118000326,29.021527751110806,29.112277851430754,29.21434157522788,29.328481221650144,29.455549982202417,29.596500545329185,29.75238814256728,29.924353877342746,30.11356314430684,30.321076993233827,30.54767404042565
672.0,28.623457658049063,28.62721354097759,28.638512393603552,28.65744779242369,28.684175594560774,28.71891383207835,28.76194267566111,28.81360460438865,28.874304985029557,28.944513336000973,29.02476561049051,29.11566785349992,29.21790153044749,29.33223062327957,29.459510032756025,29.600693212769514,29.75683269894119,29.929058911605026,30.118514422631154,30.326227968234114,30.552950327390956
673.0,28.62599508076264,28.629757988878676,28.641077909960632,28.66004840180345,28.68682529950397,28.721626625743514,28.764732580663676,28.816485750521792,28.87729173959799,28.947620498431714,29.028008675757317,29.119063334800202,29.22146730521396,29.3359862022663,29.463476463765712,29.60489185913362,29.76128140902634,29.933764062719366,30.12345993842974,30.33136783051827,30.55821385969506
674.0,28.628537248303367,28.63230718001022,28.643648165298785,28.662653744933973,28.68947973518159,28.724344154585097,28.767527240504265,28.81937169685341,28.880283378314598,28.950732681558964,29.031256963359876,29.122464311321135,29.22503890733507,29.339747936080634,29.467449172060267,29.609096231903997,29.76573386877253,29.938468970035185,30.128399727835966,30.336497175154623,30.563465464952493
675.0,28.631084159603756,28.634861113424446,28.646223159050663,28.66526382194598,28.692138902870056,28.727066421577966,28.770326660425592,28.822262451445177,28.883279912379034,28.95384989953292,29.03451048932178,29.12587079767167,29.228616340612547,29.343515793006365,29.47142804150284,29.613306076433126,29.770189706425864,29.94317333485242,30.13333385889838,30.34161654557485,30.56870587626875
676.0,28.63363581367362,28.63741978826734,28.648802890745454,28.667878633104316,28.694802804014632,28.729793429857807,28.77313084584159,28.825158022491998,28.886281353025648,28.956972166365397,29.037769269106242,29.12928280678451,29.232199604346487,29.347289732289756,29.47541294547317,29.61752114024843,29.77464858209462,29.94787691018604,30.138262421907097,30.346726439959465,30.57393574836518
677.0,28.636192209617338,28.639983203766196,28.651387360013867,28.670498178803363,28.697471440199543,28.732525182716948,28.7759398023191,28.828058418299168,28.889287711498707,28.96009949588871,29.041033317492364,29.132700349598057,29.23578869301501,29.351069704656524,29.479403749341916,29.621741176114337,29.779110186233343,29.95257949248769,30.143185522835925,30.35182731655273,30.579155669735933
678.0,28.638753346631436,28.642551359234172,28.653976566602886,28.673122459560425,28.700144813152736,28.735261683623538,28.778753535573646,28.830963647277223,28.892298999044232,28.963231901690506,29.044302648434936,29.13612343475758,29.239383596076962,29.35485565299981,29.483400312696592,29.625965944232895,29.78357423789248,29.95728091471755,30.14810327809779,30.35691959821032,30.584366172938996
679.0,28.64131922398377,28.645124254086795,28.656570510363,28.675751476027006,28.702822924759808,28.738002936193112,28.78157205146821,28.833873717926398,28.89531522688275,28.96636939704358,29.04757727488536,29.13955206839098,29.242984297924213,29.358647513176336,29.48740249127575,29.630195213782656,29.788040482679385,29.961981040527036,30.15301581080876,30.36200367638192,30.58956774257889
680.0,28.643889841037502,28.64770188784325,28.65916919126217,28.678385228984517,28.705505777054217,28.740748944190166,28.7843953559985,28.83678863882385,28.898336406173154,28.9695119948412,29.05085720863113,29.14298625389123,29.246590777925864,29.362445214874995,29.491410138727545,29.6344287639854,29.792508690626295,29.966679759255644,30.15792324796175,30.367079914582977,30.594760821987848
681.0,28.646465197267563,28.65028426012066,28.661772609382936,28.681023719342786,28.70819337220597,28.743499711537705,28.787223455285574,28.83970841860825,28.901362547971644,28.972659707500426,29.054142460149816,29.14642599176041,29.25020301060218,29.366248682520077,29.495423108068277,29.638666384608197,29.796978654022734,29.971376981966653,30.162825718592455,30.37214865129606,30.59994581837149
682.0,28.649045292250364,28.652871370637573,28.664380764921326,28.68366694814582,28.71088571253315,28.746255242301448,28.7900563555729,28.842633065961895,28.904393663195638,28.97581254687461,29.05743303846838,29.149871279527336,29.253820965882646,29.370057836153418,29.499441252874373,29.642907876138814,29.801450185393797,29.976072638188242,30.167723352381604,30.37721020246306,30.60512310714716
683.0,28.6516301256515,28.655463219220156,28.666993658188396,28.686314916569586,28.713582800501367,28.74901554068359,28.792894063214263,28.84556258958909,28.90742976257605,28.9789705241671,29.060728951027375,29.15332211170728,29.257444609399155,29.373872592269073,29.503464428241514,29.64715304978464,29.80592311565944,29.98076667312014,30.172616278530903,30.38226486368652,30.61029303570437
684.0,28.65421969724194,28.658059805806893,28.669611289623024,28.688967625919055,28.716284638714967,28.751780611018255,28.795736584656737,28.84849699819292,28.91047085661101,28.982133649830377,29.064030203584263,29.156778479812058,29.261073902819735,29.377692864583445,29.50749249157188,29.65140172735337,29.810397292423627,29.98545904523085,30.17750462490288,30.38731291218292,30.61545592662199
685.0,28.65681400690725,28.66066113044809,28.672233659781238,28.69162507763643,28.718991229912994,28.754550457771373,28.798583926432524,28.851436300446885,28.91351695550513,28.985301933493933,29.067336800126213,29.160240372386895,29.264708804210912,29.381518564702223,29.511525303183706,29.655653740943634,29.814872578396567,29.990149724303077,30.182388517492146,30.392354608447487,30.62061208025643
686.0,28.659413054651036,28.663267193311075,28.674860769342757,28.694287273295753,28.7217025769718,28.7573250855326,28.80143609514796,28.854380504966272,28.916568069117787,28.98847538387281,29.07064874280585,29.16370777507942,29.268349268399003,29.385349602790896,29.515562726840002,29.65990893262663,29.81934884989521,29.99483868963392,30.1872680799384,30.39739019783026,30.625761777213867
687.0,28.66201684059014,28.665877994680354,28.677492619108715,28.696954214599778,28.72441868290366,28.760104499005667,28.80429309746876,28.85732962027663,28.919624206905524,28.991654008693544,29.073966031903225,29.16718067075644,29.27199524734676,29.389185888134936,29.519604630065437,29.664167153976646,29.823825995546397,29.999525928728033,30.192143433326194,30.402419911792393,30.6309052801894
688.0,28.664625364951192,28.66849353495217,28.680129210004043,28.699625903378255,28.727139550837727,28.762888702997138,28.80715494008877,28.86028365478188,28.922685377867975,28.994837814630934,29.077288665808222,29.170659039645265,29.275646690512172,29.39302732962416,29.523650884381723,29.66842826561745,29.828303915138438,30.004211436141723,30.19701469599098,30.407443969043783,30.636042835626714
689.0,28.6672386280751,28.671113814643075,28.682770543082135,28.70230234159827,28.729865184041294,28.765677702411786,28.81002162972735,28.863242616715272,28.9257515904955,28.99802680726014,29.08061664102412,29.17414285947595,29.279303545201877,29.39687383617724,29.527701365471238,29.67269213677575,29.8327825185603,30.008895212441995,30.201881983376712,30.41246257658436,30.641174675256618
690.0,28.669856630418245,28.673738834390893,28.685416619516623,28.70498353134894,28.73259558589706,28.768471502245482,28.81289317310065,28.8662065141273,28.928822852711487,29.00122099100124,29.083949952183275,29.177632105634594,29.28296575689397,29.400725317112567,29.5317559532913,29.676958644819585,29.837261724846584,30.013577263306733,30.20674540796436,30.417475930641764,30.646301017426854
691.0,28.672479372558104,28.676368594953132,28.688067440608314,28.707669474844252,28.73533075990255,28.771270107564913,28.815769576899612,28.86917535483835,28.93189917183064,29.004420369094497,29.08728859208329,29.181126751333714,29.286633269546897,29.404581682467228,29.535814532120867,29.681227674804585,29.841741461304405,30.01825759878207,30.21160507923883,30.42248421750821,30.651422068263916
692.0,28.67510685519544,28.679003097209854,28.69072300778248,28.710360174422615,28.73807070966447,28.774073523499563,28.818650847769327,28.872149146401487,28.934980554519413,29.00762494356922,29.09063255172543,29.184626767777633,29.290306025881975,29.40844284325968,29.53987699056118,29.68549911903436,29.846221662745624,30.022936232644287,30.216461103691298,30.427487614284477,30.656538022693706
693.0,28.677739079155746,28.68164234216473,28.693383322588268,28.71305563254736,28.740815438893204,28.776881755230654,28.821536992288014,28.87512789606181,28.93806700675829,29.01083471522178,29.09398182036027,29.188132124331236,29.293983967658747,29.4123087117383,29.543943221522373,29.689772876623525,29.850702270745757,30.027613181805084,30.221313584833457,30.43248628959127,30.661649065409804
694.0,28.680376045388172,28.684286330941877,28.696048386695434,28.71575585179549,28.743564951384624,28.77969480797705,28.82442801694415,28.87811161073091,28.941158533795363,29.01404968363415,29.097336385580586,29.191642788699532,29.297667035907963,29.416179201532586,29.548013122132982,29.69404885308099,29.85518323308437,30.032288465924967,30.22616262327453,30.43748040409124,30.666755371568232
695.0,28.683017754957827,28.686935064791335,28.69871820189755,28.718460834859595,28.746319251030528,28.78251268697627,28.827323928105738,28.881100296954703,28.944255140123882,29.017269847144703,29.100696233367312,29.195158727081875,29.30135517116844,29.420054227853736,29.552086593693417,29.698326959911924,29.859664503089572,30.036962106895043,30.23100831674231,30.442470111138572,30.67185710765739
696.0,28.68566420904409,28.689588545088178,28.701392770110093,28.721170584541092,28.74907834180883,28.78533539746847,28.8302247319949,28.88409396088631,28.947356829455526,29.020495202868638,29.10406134818288,29.19867990434005,29.305048313675584,29.423933707578527,29.55616354153647,29.702607114242422,29.864146039199476,30.04163412857849,30.235850760183656,30.447455557199532,30.676954432028854
697.0,28.688315408971654,28.692246773325913,28.704072093367163,28.723885103746625,28.75184222775804,28.788162944684178,28.83313043467329,28.887092608245975,28.950463604716198,29.023725746729756,29.107431713042725,29.202206284145166,29.308746403527422,29.427817559328457,29.560243874928492,29.70688923849471,29.868627804526035,30.046304556506666,30.240690045825684,30.452436882299075,30.682047495466243
698.0,28.69097135617509,28.694909751121426,28.706756173820544,28.72660439548329,28.754610912975583,28.790995333829482,28.83604104200919,28.890096244301517,28.953575468012055,29.02696147346422,29.110807309609328,29.205737829129415,29.312449380868014,29.43170570357986,29.564327506957046,29.711173260032723,29.873109766371687,30.050973417557373,30.245526263238016,30.457414220487337,30.68713644180972
699.0,28.693632052211754,28.697577480210857,28.70944501373585,28.729328462853875,28.757384401603556,28.793832570068854,28.83895655965808,28.893104873839984,28.956692420626663,29.030202376655225,29.11418811827393,29.209274501025856,29.316157186025098,29.435598062705242,29.568414354402673,29.71545911085593,29.877591895872555,30.05564073973909,30.250359499416177,30.462387700207863,30.69222140841282
700.0,28.696297498760956,28.700249962446243,28.71213861548508,28.732057309051452,28.76016269783469,28.796674658497924,28.841876993043527,28.89611850115697,28.95981446302601,29.03344844876798,29.117574118226376,29.21281626078673,29.319869759617553,29.439494561004416,29.572504337625237,29.71974672731659,29.88207416768835,30.060306552005915,30.255189838872052,30.46735744462412,30.697302526545105
701.0,28.698967697616194,28.70292719979712,28.714836981546483,28.734790937344563,28.762945805876853,28.799521604139084,28.844802347331093,28.89913713003067,28.96294159484704,29.036699681178945,29.12096528756049,29.21636306871186,29.32358704267235,29.44339512471958,29.576597380411577,29.724036049852995,29.886556559688216,30.064970884093285,30.26001736370215,30.472323571919798,30.702379921777656
702.0,28.70164265068728,28.705609194347186,28.71754011449911,28.73752935107761,28.765733729959265,28.80237341191636,28.847732627409044,28.90216076370287,28.966073814892457,29.039956064204834,29.124361603343523,29.21991488458559,29.327308976771256,29.447299682104934,29.580693409871813,29.728327022666214,29.891039052557918,30.06963376625829,30.264842153670244,30.477286195710484,30.707453714502083
703.0,28.704322360005502,28.708295948295834,28.720248017024645,28.740272553661622,28.768526474309848,28.805230086643494,28.85066783787821,28.90518940488311,28.969211121157638,29.04321758716798,29.12776304170193,29.223471667737332,29.331035504050465,29.451208163327664,29.584792356279273,29.732619593592737,29.89552162975583,30.074295229327582,30.269664286288748,30.482245425128696,30.712524019996547
704.0,28.707006827712902,28.71098746395028,28.722960691897402,28.743020548566623,28.771324043149686,28.808091633004327,28.853607983021323,28.908223055715414,28.972353510813097,29.046484238409377,29.131169577905027,29.22703337720156,29.33476656737949,29.455120500570377,29.588894152965864,29.73691371374362,29.90000427703628,30.078955304380283,30.27448383689447,30.487201365282782,30.717590949031326
705.0,28.7096960560592,28.71368374371342,28.72567814197853,28.745773339314738,28.77412644067721,28.81095805553891,28.856553066791456,28.91126171778753,28.97550098024971,29.04975600536228,29.134581186441356,29.230599971752383,29.338502110315478,29.45903662790617,29.592998736183283,29.741209337436537,29.90448698248704,30.083614022853084,30.279300878723475,30.49215411727063,30.72265460785033
706.0,28.71239004740404,28.71638479009791,28.728400370213574,28.748530929468803,28.77693367105533,28.813829358625817,28.85950309279965,28.914305392111807,28.978653525063844,29.05303287457265,29.137997841091657,29.23417141002721,29.342242077242062,29.462956481354468,29.59710604498167,29.745506421886542,29.90896973614975,30.08827141628901,30.284115482990284,30.4971037785657,30.727715098656383
707.0,28.715088804209614,28.719090605717472,28.731127379622777,28.7512933226224,28.779745738397487,28.816705546466736,28.862458064303052,28.917354079127392,28.981811140091395,29.056314831756872,29.14141951499848,29.237747650573535,29.345986413357906,29.466879998801335,29.601216021088,29.74980492709321,29.91345252996376,30.092927516354102,30.288927718959854,30.50205044311094,30.732772519710295
708.0,28.717792329036364,28.721801193271002,28.733859173294608,28.754060522388595,28.782562646759523,28.819586623079545,28.86541798419306,28.92040777871053,28.984973819420983,29.059601861848407,29.144846180732518,29.241328651934047,29.34973506472928,29.47080711999684,29.60532860881022,29.754104815654717,29.91793535756812,30.097582354744578,30.293737654001433,30.506994201531235,30.737826965593367
709.0,28.720500624540374,28.72451655554789,28.73659575438024,28.756832532392497,28.78538440012418,28.82247259227749,28.868382854980567,28.92346649015839,28.988141556408696,29.062893949038866,29.148277810368974,29.24491437272723,29.35348797834532,29.4747377865221,29.609443754900056,29.758406052566038,29.922418214112803,30.10223596309588,30.29854535367367,30.511935141350914,30.74287852746556
710.0,28.723213693463954,28.727236695412287,28.739337126085186,28.75960935626855,28.788211002391243,28.825363457658714,28.87135267879418,28.926530212202202,28.991314343717413,29.066191076819116,29.15171437552449,29.248504771659974,29.357245102103725,29.47867194173011,29.61356140846938,29.762708605149715,29.9269010962188,30.106888372992934,30.30335088176703,30.516873347068532,30.74792729314254
711.0,28.72593153863444,28.729961615806424,28.742083291662663,28.7623909976419,28.7910424573636,28.82825922259394,28.874327457365858,28.929598943004535,28.994492173320303,29.069493228028982,29.155155847443375,29.252099807632394,29.361006384871448,29.482609530732557,29.61768152086572,29.7670124428308,29.93138400175649,30.111539615859765,30.30815430038546,30.521808900396074,30.752973347389407
712.0,28.728654162954932,28.732691319745356,28.744834254404626,28.76517746011948,28.793878768734995,28.831159890218757,28.877307192034436,28.93267268017584,28.997675036536936,29.07280038489658,29.15860219703351,29.255699439741864,29.36477177645486,29.486550500332935,29.621804045596114,29.771317537085682,29.935866929835942,30.116189722983872,30.312955669992093,30.52674188030337,30.758016771959962
713.0,28.731381569401922,28.73542581030405,28.747590017635982,28.767968747285195,28.79671994008108,28.834065463415314,28.880291883725867,28.93575142076223,29.00086292404637,29.07611252908429,29.162053394941037,29.25930362738072,29.368541227672715,29.49049479901375,29.62592893819378,29.77562386121677,29.94034988057248,30.120838725403488,30.317755049484276,30.531672363275767,30.76305764591024
714.0,28.73411376101508,28.738165090611886,28.7503505847019,28.7707648626812,28.799565974852573,28.836975944815045,28.88328153297075,28.9388351612778,29.004055825921945,29.079429641725575,29.165509411557945,29.262912330203118,29.37231469027536,29.494442376852064,29.630056156177364,29.779931390375342,29.94483285516778,30.125486653985437,30.322552496227157,30.536600423270166,30.768096045530122
715.0,28.73685074089598,28.7409091638499,28.7531159589656,28.773565809806133,28.802416876355,28.839891336774965,28.886276139877126,28.941923897687083,29.007253731645637,29.082751703472887,29.16897021712772,29.266525508248957,29.37609211704858,29.498393185519873,29.634185658898577,29.784240101288876,29.94931585562297,30.130133539278226,30.32734806613686,30.54152613202001,30.773132044715307
716.0,28.739592512198836,28.743658033231338,28.75588614379575,28.77637159210241,28.805272647740985,28.84281164138783,28.88927570415893,28.945017625449072,29.010456630153723,29.086078694520978,29.17243578172212,29.270143121865413,29.379873461701116,29.502347178201774,29.638317407544545,29.788549972357597,29.953798884886254,30.134779411627058,30.332141813683545,30.546449558925165,30.778165714824297
717.0,28.7423390781242,28.746411702008032,28.758661142560065,28.77918221294476,28.80813329200201,28.845736860456167,28.892280225105523,28.948116339494206,29.013664509839096,29.089410594666635,29.17590607534881,29.273765131848986,29.3836586789689,29.506304309577338,29.6424513649604,29.79286098335869,29.958281946559396,30.13942430102668,30.336933791997787,30.551370771369065,30.78319712505387
718.0,28.745090441896515,28.749170173457035,28.76144095860952,28.781997675630763,28.810998811968272,28.848666995506424,28.89528970161268,28.951220034270914,29.016877358591206,29.09274738332027,29.179381067913692,29.277391499360082,29.387447724518946,29.510264535758303,29.646587495669063,29.79717311555187,29.96276504503694,30.14406823721569,30.341724052858474,30.556289834615896,30.788226342294404
719.0,28.747846606765638,28.75193345086889,28.764225595278816,28.78481798338186,28.813869210284608,28.851602047757957,28.89830413215592,28.954328703725544,29.020095163813327,29.096089039564703,29.182860729328425,29.28102218603248,29.391240555009563,29.514227814256056,29.65072576569456,29.801486351426043,29.96724818526166,30.148711249576074,30.346512646810496,30.561206812090283,30.79325343147538
720.0,28.75060757609057,28.75470153759796,28.76701505590056,28.78764313932904,28.816744489445302,28.854542018185498,28.90132351478745,28.957442341258947,29.023317912301174,29.09943554191342,29.186345029140085,29.284657153511617,29.395037127561313,29.518194103459898,29.654866142231267,29.805800674542937,29.971731372883525,30.153353367518655,30.351299623662783,30.566121765994694,30.79827845732213
721.0,28.753373353046825,28.757474436842767,28.769809343667486,28.79047314644092,28.819624651666313,28.857486907386107,28.90434784725477,28.96056094004998,29.026545590885338,29.102786869370842,29.189833937995676,29.288296365222806,29.39883740171319,29.522163364542436,29.659008595006082,29.810116070238696,29.976214613854847,30.157994619079563,30.356085032115622,30.571035628458997,30.803354143914515
722.0,28.756143940981445,28.76025215193978,28.772608461833066,28.79330800765516,28.82250969904822,28.86043671571934,28.907377126815685,28.96368449259666,29.02977818551507,29.106142999922792,29.193327425530065,29.29193978374785,29.40264133644192,29.526135558465494,29.663153093962354,29.814432524311876,29.980697914819704,30.162635035012542,30.360869166336137,30.575955898317446,30.808470784974098
723.0,28.758919343184743,28.76303468616348,28.77541241355798,28.796147725752473,28.82539963345727,28.863391443220525,28.910411350368403,28.9668129910411,29.033015681905226,29.109503911603515,29.196825461831367,29.295587372615188,29.406448892154412,29.530110647923284,29.66729961072444,29.818750023800433,29.985181283616207,30.1672746992633,30.36565337110495,30.580887580319928,30.8136130355287
724.0,28.76169956293892,28.76582204276264,28.778221201939683,28.79899230339509,28.828294456552257,28.866351089622402,28.913450514426252,28.969946427111346,29.03625806541796,29.112869582245164,29.20032801710031,29.299239095859622,29.41026003016747,29.53408859680022,29.671448118158796,29.82306855696408,29.989664739712584,30.171913891173727,30.370439422890286,30.58583144733767,30.818775460808954
725.0,28.764484603496786,28.76861422494173,28.781034830000177,28.801841743099967,28.831194169767862,28.86931565435153,28.916494615128684,28.973084792134674,29.039505321067026,29.11623998953208,29.203835061656406,29.30289491802603,29.414074712679923,29.53806937014267,29.675598590383196,29.827388115311273,29.994148342405275,30.176553097646767,30.375228731444164,30.590787224735255,30.823954944625296
726.0,28.767274468075513,28.7714112358752,28.78385330068464,28.804696047254616,28.834098774323564,28.872285136530035,28.919543648239642,28.976228077048077,29.042757433550932,29.119615110998136,29.20734656599547,29.306554804184934,29.417892902780228,29.54205293413064,29.679751003145704,29.831708699535714,29.998632212561635,30.18119289744945,30.38002227177463,30.595754393857256,30.82914940099863
727.0,28.770069159874122,28.774213078677935,28.786676616844655,28.807555218086456,28.83700827121167,28.875259534974273,28.922597609165038,28.979376272416616,29.04601438727504,29.122994924068387,29.210862500767412,29.310218719922233,29.421714564419656,29.54603925613223,29.68390533507198,29.83603032704497,30.003116530070297,30.18583386629293,30.384820694084976,30.600732401779787,30.83435731318624
728.0,28.77286868201645,28.777019756403163,28.78950478123468,28.81041925767016,28.839922661187956,28.87823884820035,28.925656492949045,28.982529368452372,29.049276166364614,29.126379406072616,29.214382836812902,29.313886631355658,29.425539662413833,29.550028304953226,29.688061569766596,29.84035303701302,30.007601516911016,30.190476529719284,30.389624426246616,30.605720724130503,30.839577516240666
729.0,28.775673037594604,28.779831272038038,28.792337796501112,28.813288167915772,28.84284194478932,28.881223074420344,28.928720294293576,28.98568735502332,29.052542754686257,29.129768534264798,29.217907545175134,29.31755850512609,29.42936816249648,29.554020051364137,29.69221969810132,29.844676891215077,30.01208741826879,30.19512134759036,30.394433745300017,30.61071888104949,30.84480908288599
730.0,28.778482229615687,28.78264762849507,28.795175665183766,28.816161950564016,28.84576612230514,28.884212211543584,28.93178900755737,28.988850221673413,29.055814135876354,29.133162285849792,29.22143659712043,29.3212343084332,29.433200031446887,29.558014468854754,29.696379720033573,29.849001971724515,30.016574486850832,30.19976871313289,30.399248826493373,30.61572643940167,30.85005125288758
731.0,28.781296261030914,28.78546882860103,28.798018389704527,28.819040607193067,28.848695193790157,28.88720625718839,28.934862626768428,28.992017957626857,29.05909029334793,29.136560637998553,29.224969964141472,29.324914009063406,29.437035237287223,29.562011534461856,29.700541645531572,29.85332837692028,30.021062972076592,30.20441895890071,30.40406977483077,30.620743009178838,30.85530339030289
732.0,28.784115134701473,28.788294875081093,28.80086597234682,28.821924139190553,28.851629159069766,28.890205208675695,28.937941145634596,28.99519055181479,29.062371210311195,29.13996356786403,29.228507617977165,29.328597575435886,29.440873749602993,29.56601122952981,29.704705494594943,29.85765621706092,30.025553113295352,30.209072364380994,30.40889664647593,30.62576823910252,30.860564953933242
733.0,28.786938853394545,28.79112577056831,28.803718415272613,28.824812547769504,28.85456801771252,28.8932090630268,28.94102455754496,28.998367992877796,29.06565686981051,29.14337105260436,29.23204953065705,29.33228497671261,29.444715539856723,29.570013540249185,29.708871296680844,29.86198561023792,30.030045135943226,30.213729163636405,30.41372946311252,30.6308018119728,30.865835477188035
734.0,28.78976741979011,28.793961517592926,28.806575720496852,28.827705833946048,28.8575117690543,28.896217816989996,28.944112855591577,29.001550269193,29.06894725470527,29.1467830693977,29.23559567452437,29.33597618293114,29.448560581723154,29.57401845799418,29.71303908966588,29.866316678840267,30.03453924948091,30.21838955237475,30.418568222319553,30.635843440423983,30.871114552888542
735.0,28.792600836461823,28.79680211855958,28.809437889890646,28.83060399854499,28.860460412182533,28.899231467022744,28.947206032559475,29.00473736887705,29.07224234770563,29.150199595463086,29.23914602228952,29.339671165142228,29.452408851399436,29.578025979403318,29.717208918639063,29.8706495466544,30.039035646695027,30.223053694155006,30.4234129048881,30.64089286315517,30.876401821921526
736.0,28.795439105873946,28.799647575754356,28.812304925178413,28.83350704220592,28.8634139459443,28.902250009294818,28.950304080950097,29.007929279796876,29.075542131403928,29.153620608101644,29.242700547091392,29.343369895568433,29.456260327845584,29.582036106289415,29.721380834559923,29.874984336670938,30.043534504048857,30.227721725543546,30.42826347951677,30.6459498417145,30.881696965265196
737.0,28.798282230369235,28.802497891337026,28.815176827920563,28.836414965365886,28.8663723689418,28.905273439706097,28.953406992988995,29.011125989597783,29.07884658827921,29.157046084713237,29.246259222571055,29.34707234776914,29.46011499294496,29.58604884535495,29.72555489296046,29.879321169488573,30.048035982402354,30.232393760433173,30.433119906328464,30.65101415776935,30.88699969763035
738.0,28.801130212159368,28.805353067333613,28.81805359951852,28.83932776824983,28.869335679540914,28.908301753887148,28.956514760631283,29.01432748570459,29.082155700706828,29.160476002834685,29.24982202296237,29.350778496795854,29.46397283159214,29.5900642078139,29.729731152802916,29.88366016215271,30.052540227875795,30.23706989363971,30.43798213964549,30.65608561073695,30.892309762105498
739.0,28.80398305332932,28.80821310562624,28.82093524120447,28.842245450889223,28.872303875858154,28.911334947196526,28.959627375569326,29.01753375534214,29.08546945099965,29.1639103401886,29.253388923173794,29.35448831929343,29.46783383170412,29.59408220897539,29.733909675447265,29.8880014273438,30.057047372904268,30.241750203912336,30.442850129954383,30.66116401576566,30.89762692601246
740.0,28.806840755829704,28.811078007949025,28.823821754039987,28.845168013109756,28.87527695576999,28.914373014735304,28.96274482925126,29.02074478554569,29.088787821424383,29.167349074726275,29.256959898874122,29.358201793615226,29.471697984194922,29.598102867777254,29.73809052373136,29.892345072791162,30.06155753732118,30.246434756559363,30.44772382540477,30.666249201938893,30.902950977434
741.0,28.80970332146818,28.81394777588424,28.826713138912584,28.848095454526938,28.87825491691526,28.917415951347355,28.965867112885018,29.023960563178697,29.092110794229498,29.17079218468164,29.260534926572927,29.36191889990048,29.47556528287747,29.6021262063053,29.74227376118811,29.896691200985007,30.0660708294885,30.251123605507804,30.452603172743316,30.671341010782783,30.908281722593735
742.0,28.812570751897216,28.81682241085945,28.829609396529353,28.85102777454198,28.88123775669424,28.920463751620765,28.96899421743916,29.027181074953006,29.095438351673714,29.174239648625225,29.264113983696067,29.365639620114774,29.479435724315053,29.606152249320427,29.746459451415305,29.9010399091059,30.07058734735751,30.255816794931306,30.457488117962566,30.67643929501806,30.913618983743895
743.0,28.815443048611986,28.81970191414044,28.8325105274097,28.85396497234321,28.884225472267016,28.92351640990604,28.97212613366504,29.030406307443887,29.098770476056675,29.17769144550861,29.26769704865641,29.369363938061934,29.483309307661614,29.61018102381335,29.75064765757584,29.90539128902273,30.075107179401478,30.26051436071335,30.462378606944366,30.681543917441154,30.918962597194213
744.0,28.81832021295912,28.8225862868172,28.83541653188899,28.85690704691329,28.88721806055794,28.926573920312713,28.975262852112603,29.033636247101597,29.102107149754595,29.181147554715096,29.27128410091408,29.373091839390693,29.487186034479542,29.614212558586168,29.754838441973284,29.909745427343225,30.079630405497642,30.265216331699197,30.467274585928102,30.686654749925417,30.924312411618892
745.0,28.821202246110534,28.825475529817886,28.83832741011311,28.859853997018725,28.89021551826619,28.929636276712344,28.9784043631324,29.036870880285623,29.105448355252364,29.184607956123788,29.274875121011295,29.376823311555412,29.49106590854599,29.618246883900852,29.759031865715944,29.9141024055353,30.08415709771756,30.26992273072487,30.472176001815715,30.691771672559028,30.92966828671248
746.0,28.824089149063678,28.82836964388714,28.841243162039547,28.86280582121599,28.89321784185587,28.932703472755122,28.981550656886505,29.04011019328223,29.108794075183372,29.188072630148003,29.278470090603797,29.380558343768495,29.49494893565052,29.622284031123918,29.76322798844534,29.918462300097502,30.08868732109305,30.274633575521108,30.477082802396165,30.696894572863833,30.935030091991486
747.0,28.826980922652645,28.831268629594945,28.844163787425725,28.865762517842526,28.89622502756751,28.935775501869855,28.984701723367316,29.043354172321294,29.11214429235504,29.191541557773515,29.282068992483495,29.384296926953326,29.49883512340266,29.62632403244336,29.7674268681645,29.92282518278033,30.093221134289777,30.27934887938829,30.481994936465917,30.7020233451632,30.940397705862832
748.0,28.829877567532346,28.834172487327667,28.84708928583177,28.8687240850218,28.899237071417634,28.938852357273348,28.987857552409654,29.046602803604653,29.115498989790026,29.195014720602114,29.285671810599375,29.38803905367661,29.502724481033592,29.63036692056134,29.771628561029157,29.92719112078008,30.09775859026842,30.284068651957433,30.486912354005064,30.707157889903982,30.94577101458144
749.0,28.83277908417404,28.837081217284553,28.850019656619835,28.87169052066723,28.902253969202615,28.941934031978075,28.991018133713236,29.049856073331668,29.118858150763224,29.19849210087692,29.289278530051817,29.39178471804733,29.50661701920151,29.63441272849396,29.775833121343226,29.931560177044453,30.102299736745035,30.288792899500898,30.491835006130717,30.712298113277605,30.95114991174465
750.0,28.835685472862586,28.839994819477802,28.85295489895707,28.874661822475744,28.9052757164995,28.945020518808963,28.9941834568498,29.05311396771793,29.12222175882716,29.20197368151353,29.292889137078348,29.395533915644865,29.51051274982306,29.638461489358736,29.780040601465494,29.93593241045354,30.106844616706294,30.293521625487436,30.496762845218537,30.717443926680932,30.95653429749491
751.0,28.838596733702698,28.842913293726678,28.855895011805497,28.877637987936918,28.908302308677023,28.94811181040369,28.99735351127662,29.05637647302363,29.12558979784108,29.205459446119185,29.29650361903559,29.39928664342292,29.514411685896615,29.64251323620591,29.784251051762098,29.940307876055936,30.11139326886271,30.298254830984668,30.50169582492015,30.722595246296944,30.961924077933478
752.0,28.84151286661055,28.84583663965764,28.858839993923112,28.88061901433032,28.911333740899405,28.951207899225043,29.000528286355507,29.059643575575596,29.12896225199718,29.208949379011045,29.30012196437656,29.403042899617237,29.51831384134415,29.646568001864065,29.788464520599593,29.944686625290267,30.115945728047365,30.302992514998845,30.506633900177103,30.727751992711276,30.96731916458392
753.0,28.844433871299728,28.848764856706175,28.86178984386273,28.883604898721813,28.914370008132188,28.954308777570184,29.00370777138239,29.06291526178881,29.132339105842394,29.21244346522051,29.303744162625357,29.406802683654778,29.52221923088142,29.65062581882913,29.79268105436255,29.949068706186917,30.120502025547623,30.307734674729915,30.511577027197628,30.732914090601103,30.97271947397009
754.0,28.847359747294462,28.851697944103023,28.864744559981922,28.88659563797977,28.917411105143287,28.957414437583346,29.006891955581445,29.066191518193335,29.135720344309988,29.215941690497445,29.307370204336568,29.410565996068062,29.52612786988591,29.654686719159024,29.79690069746951,29.95345416358366,30.1250621894391,30.31248130581472,30.516525163438157,30.73808146843283,30.978124927224478
755.0,28.850290493918315,28.854635900883455,28.867704140431258,28.88959122876469,28.920457026512565,28.96052487126371,29.010080828140804,29.0694723314527,29.139105952733953,29.2194440413262,29.311000081073203,29.414332838400448,29.53003977424618,29.658750734333143,29.801123492366035,29.957843039331852,30.12962624496193,30.31723240266253,30.52147826761853,30.743254058093452,30.983535449561472
756.0,28.853226110307148,28.85757872588457,28.870668583158793,28.892591667537996,28.923507766634703,28.963640070481482,29.013274378224207,29.072757688382595,29.142495916859513,29.222950504908138,29.314633785341716,29.418103213119227,29.53395496029123,29.66281789525312,29.80534947963385,29.96223537247781,30.13419421465154,30.321987958459317,30.52643629963847,30.748431794785695,30.988950970181428
757.0,28.856166595393248,28.86052641774195,28.87363788591244,28.895596950562158,28.926563319731113,28.966760026986314,29.01647259498172,29.07604757597527,29.145890222866218,29.2264610691589,29.318271310570918,29.421877123533108,29.53787344465993,29.666888232134372,29.809578697996542,29.96663119944381,30.138766118668027,30.32674796545423,30.53139922058431,30.753614616695934,30.994371421817874
758.0,28.85911194791137,28.863478974891205,28.87661204623902,28.898607073904138,28.929623679855684,28.9698847324212,29.019675467568163,29.079341981416892,29.149288857376387,29.229975722698246,29.321912651056948,29.42565457370514,29.541795244214224,29.670961774476385,29.813811184399313,29.971030554207687,30.14334197497849,30.331512415045715,30.536366992675152,30.7588024648281,30.999796740536006
759.0,28.862062166387446,28.86643639556955,28.879591061485254,28.901622033445477,28.932688840902717,28.97301417833621,29.022882985164422,29.082640892095277,29.1526918074494,29.233494454831018,29.325557801906246,29.429435568391334,29.5457203759928,29.675038551061927,29.818046974065002,29.97543346841056,30.147921799488653,30.336281297875022,30.541339579238013,30.76399528286479,31.00522686553086
760.0,28.86501724914876,28.869398677813066,28.88257492880019,28.904641824880702,28.935758796613992,28.976148356197392,29.026095136988733,29.085944295624568,29.156099060607485,29.2370172555465,29.329206759007686,29.43322011294769,29.5496488570815,29.679118589864963,29.822286100538093,29.97983997157036,30.152505606338263,30.34105460402283,30.546316944674494,30.769193016889584,31.01066173878792
761.0,28.86797719433455,28.87236581945708,28.88556364514208,28.907666443727706,28.938833540586796,28.979287257395896,29.029311912315176,29.089252179843907,29.15951060482327,29.240544115487836,29.332859518984336,29.437008213288816,29.553580704610102,29.68320191809748,29.826528595758752,29.984250091144666,30.15709340793877,30.345832323004313,30.551299054424334,30.774395615328537,31.016101305024502
762.0,28.870941999877097,28.875337818140732,28.888557207272797,28.91069588532822,28.941913066283682,28.98243087326545,29.0325333004844,29.09256453284695,29.162926428531808,29.244075025939825,29.336516079144534,29.440799875804302,29.5575159356529,29.687288562150933,29.830774490111395,29.988663852713497,30.161685215204542,30.35061444392869,30.556285874928953,30.77960302873993,31.02154551140642
763.0,28.873911663511556,28.878314671307535,28.89155561176316,28.913730144854057,28.944997367040603,28.985579195091958,29.0357592909177,29.09588134298825,29.166346520626856,29.247609978804153,29.340176437441652,29.444595107308967,29.5614545671985,29.691378547608192,29.835023812486703,29.993081280075902,30.16628103765061,30.3554009555416,30.5612773735955,30.784815209707624,31.026994307429515
764.0,28.87688618277548,28.88129637620222,28.89455885500543,28.916769217310804,28.948086436074604,28.98873221412705,29.038989873124592,29.09920259887406,29.169770870442484,29.25114896657509,29.343840592430077,29.448393914993947,29.56539661612112,29.695471899254592,29.839276590351858,29.997502395351557,30.170880883468698,30.36019184624067,30.566273518756308,30.79003211275333,31.032447644799554
765.0,28.879865555008582,28.884282929876026,28.89756693320344,28.91981309754332,28.951180266492564,28.991889921598496,29.042225036725128,29.102528289401864,29.173199467781693,29.254691982331412,29.347508543220126,29.452196306337747,29.56934209907355,29.69956864101896,29.84353284979485,30.00192721916066,30.17548475978943,30.364987104268582,30.571274279640534,30.795253694091475,31.03790547713215
766.0,28.882849777358167,28.88727432919456,28.90057984238273,28.922861780248983,28.954278851304007,28.995052308717263,29.045464771446845,29.105858403726483,29.17663230287353,29.25823901969538,29.35118028944443,29.45600228913114,29.5732910325614,29.70366879607847,29.847792615598475,30.00635577058631,30.180092672533696,30.36978671755943,30.576279626343492,30.800479911732808,31.0433677601052
767.0,28.885838846773943,28.89027057083034,28.90359757839163,28.92591525997301,28.95738218342508,28.99821936669581,29.048709067149986,29.10919293130481,29.18006936640341,29.261790072828354,29.35485583120407,29.459811871341167,29.577243432785526,29.70777238675315,29.85205591129202,30.010788067439336,30.18470462678678,30.374590673998494,30.581289529781365,30.80571072514676,31.04883445101196
768.0,28.888832760025817,28.89327165127255,28.906620136911428,28.928973531129042,28.960490255685183,29.00139108675101,29.051957913821674,29.11253186186159,29.183510649468573,29.265345136387587,29.358535169058815,29.463625061167697,29.58119931575874,29.711879434633293,29.85632275920207,30.01522412615147,30.18932062658389,30.379398961241023,30.586303961683203,30.81094609542582,31.054305508993902
769.0,28.89183151369099,28.8962775668255,28.90964751345271,28.93203658799466,28.963603060839976,29.00456746012091,29.05521130160017,29.11587518542399,29.186956143603062,29.268904205519945,29.362218303956993,29.467441866915237,29.585158697152306,29.715989960493346,29.86059318052448,30.01966396203684,30.193940675245997,30.384211566930052,30.59132289453497,30.816185984973103,31.05978089464084
770.0,28.894835104167022,28.899288313621554,28.91267970337173,28.93510442472292,28.966720591585894,29.007748478064318,29.058469220765282,29.119222892297735,29.19040584073673,29.272467275827612,29.365905237238046,29.471262297038983,29.589121592389382,29.72010398438246,29.864867195334174,30.024107589208782,30.198564775239166,30.38902847859316,30.59634630156933,30.82143035761547,31.065260570144165
771.0,28.897843527670425,28.902303887615584,28.915716701866295,28.938177035348463,28.96984284056162,29.010934131879356,29.061731661761605,29.12257497308738,29.193859733208946,29.276034343349618,29.369595970567868,29.475086360047808,29.593088016547963,29.72422152559102,29.869144822679445,30.028555020771254,30.203192928387153,30.393849683755928,30.601374156722326,30.82667917839125,31.07074449903247
772.0,28.900856780242314,28.905324284592847,28.918758503985597,28.941254413793843,28.972969800354562,29.014124412906476,29.064998615186607,29.125931418678427,29.197317813741616,29.279605404536625,29.37329050593547,29.47891406453321,29.597057984410117,29.728342602690233,29.873426080594054,30.033006268791723,30.20782513582779,30.398675169896645,30.606406434627086,30.831932413577984,31.076232646216635
773.0,28.903874857750186,28.90834950017188,28.92180510463409,28.94433655387636,28.976101463514638,29.017319312540565,29.068270071809966,29.129292220250452,29.200780075437578,29.28318045622783,29.376988845601627,29.48274541909847,29.601031510408593,29.73246723353712,29.87771098616769,30.037461344430753,30.21246139813979,30.403504924517947,30.61144311056881,30.83719003056082,31.081724977826163
774.0,28.90689775589559,28.911379529814212,28.924856498576165,28.94742344931722,28.979237822557938,29.02051882223114,29.071546022567272,29.132657369259068,29.204246511763507,29.28675949563792,29.380690992089797,29.486580432365496,29.605008608642564,29.73659543530289,29.881999555569763,30.04192025795168,30.2171017153345,30.408338935130907,30.616484160472304,30.84245199782801,31.087221461207207
775.0,28.909925470215185,28.9144143688249,28.927912680441825,28.950515093746873,28.98237886997639,29.0237229334957,29.074826458570307,29.136026857443607,29.207717116541367,29.290342520328164,29.384396948145277,29.49041911293196,29.608989292854538,29.740727224482217,29.886291804107675,30.04638301881047,30.22174608694598,30.41317718929342,30.621529560870012,30.847718284872695,31.092722064806626
776.0,28.912957996091407,28.917454012356274,28.930973644738497,28.953611480711967,28.985524598242932,29.02693163792261,29.078111371107337,29.139400676820898,29.211191883932937,29.293929528190166,29.38810671673136,29.49426146937476,29.61297357645689,29.74486261691853,29.890587746246066,30.050849635660924,30.226394512014696,30.4180196745906,30.62657928888764,30.852988862191577,31.098226758173368
777.0,28.91599532875193,28.920498455414442,28.934039385850852,28.956712603683055,28.988674999821168,29.030144927181084,29.081400751650005,29.142778819683926,29.214670808431293,29.297520517422054,29.391820300983607,29.498107510204864,29.616961472494673,29.7490016278162,29.894887395669514,30.05532011645375,30.231046989187103,30.42286637868192,30.631633322210874,30.858263701181553,31.103735511834532
778.0,28.91903746326524,28.923547692862343,28.937109898037974,28.959818456055647,28.99183006716875,29.03336279302025,29.084694591849157,29.146161278590863,29.218153884839996,29.30111548650244,29.39553770418967,29.501957243848594,29.62095299365049,29.753144271770765,29.899190765332886,30.059794468498502,30.235703516763298,30.427717289307363,30.636691639037473,30.863542774054412,31.109248297203298
779.0,28.922084394441697,28.92660171927586,28.940185175308205,28.962929030971328,28.99498979253711,29.036585227057152,29.08799288330609,29.149548046176992,29.221641108153257,29.30471443416766,29.399258929890255,29.505810678930743,29.624948152607864,29.757290563142295,29.9034978677608,30.06427269854416,30.24036409252555,30.432572393912594,30.64175421756153,30.868826053234642,31.1147650859795
780.0,28.92513611726493,28.9296605294827,28.94326521194169,28.96604432198021,28.998154168703614,29.039812221545496,29.091295618364754,29.152939115798564,29.225132473954222,29.30831735947525,29.402983981521512,29.509667823388043,29.62894696087349,29.761440514792728,29.90780871397357,30.068754812319682,30.24502871410845,30.437431680853578,30.64682103789255,30.874113513732535,31.120285822658946
781.0,28.92819262645844,28.932724118013944,28.946350001963758,28.969164322372695,29.00132318821885,29.043043768575824,29.094602789268404,29.156334480838126,29.22862797794797,29.311924261664263,29.406712862713796,29.51352868533333,29.63294943000325,29.76559413948689,29.91212331477722,30.073240815237813,30.249697378800974,30.44229513819607,30.651892077546208,30.879403945471918,31.125739167733204
782.0,28.931253916471864,28.935792479136044,28.949439539135582,28.972289025207537,29.004496843450585,29.046279860126436,29.09791438825178,29.159734134741313,29.232127616002128,29.315535140186906,29.41044557729219,29.517393272982464,29.63695557151356,29.76975144977957,29.91644168062337,30.077730712298123,30.25437008352141,30.447162751039585,30.65696698187817,30.884687237427343,31.131138253398774
783.0,28.93431998173328,28.938865607106422,28.95253381725017,28.975418423638512,29.00767512693942,29.049520488433057,29.101230407873654,29.16313807132977,29.23563138432402,29.31914999471221,29.414182129086598,29.52126159426828,29.64096539635131,29.773912457450937,29.9207638211503,30.082224507871477,30.25904682385536,30.45203443171721,30.662043970670222,30.88995665692612,31.13650396297983
784.0,28.937390816555016,28.94194349607549,28.9556328300169,28.97855251078469,29.010858031255623,29.05276564583276,29.104550840870665,29.166546284658793,29.239139279358124,29.322768825102226,29.417922521990626,29.525133656999227,29.64497891511901,29.7780771737661,29.92508974541757,30.086722205518218,30.263727579914153,30.456909827278267,30.667120677362895,30.895211207370156,31.14184371654258
785.0,28.940466415141838,28.9450261401033,28.958736571084955,28.981691279739326,29.014045549011218,29.056015324780983,29.10787568016011,29.169958769012077,29.24265129778939,29.32639163138426,29.421666759942138,29.529009468840705,29.64899613808658,29.78224560949436,29.92941946185814,30.09122380515852,30.268412278067842,30.461788303144605,30.67219523144251,30.90045131055432,31.147161789755536
786.0,28.943546771596957,28.948113533153823,28.961845034039467,28.98483472358159,29.01723767285129,29.05926951783445,29.111204918842443,29.17337551888441,29.246167436520704,29.330018413758467,29.425414846914517,29.532889037319052,29.653017075187147,29.786417774915545,29.933752977704113,30.095729295035124,30.27310076148037,30.466669099544,30.67726635096727,30.905677718613674,31.152461058635897
787.0,28.94663187993525,28.951205669101576,28.964958212397878,28.987982835379935,29.020434395478105,29.062528217662244,29.1145385501796,29.17679652899608,29.249687692666033,29.333649172569835,29.429166786906013,29.536772369817513,29.657041736024734,29.79059367968782,29.9380902972603,30.100238641371128,30.27779279353068,30.47155146083908,30.682333193064693,30.910891227687877,31.15774362838072
788.0,28.949721734081027,28.954302541751108,28.968076099631205,28.991135608183395,29.02363570962732,29.065791417058225,29.117876567620076,29.180221794261026,29.253212063535877,29.33728390829536,29.432922583925123,29.54065947355684,29.661070129853623,29.794773332506768,29.94243141901853,30.104751781604122,30.28248808063731,30.476434698585532,30.68739521607415,30.916092594941873,31.163011123613387
789.0,28.952816327871624,28.95740414482885,28.971198689167167,28.994293035045303,29.026841608104338,29.069059108921802,29.12121896476401,29.1836513098107,29.256740546633505,29.340922621539615,29.436682241985775,29.544550355605665,29.665102265491228,29.79895674033553,29.946776332487946,30.10926862311551,30.28718629807441,30.481318213401188,30.692452081092515,30.92128251531688,31.168264847520344
790.0,28.955915655076076,28.960510471988147,28.974325974384758,28.997455109020347,29.030052083764033,29.072331286265417,29.124565735394636,29.1870850709563,29.260273139642972,29.344565313017327,29.440445765102098,29.548445022845797,29.669138151139983,29.803143907372437,29.951125015712503,30.113789046370748,30.291887110996978,30.48620149559725,30.697503586829228,30.92646161968872,31.173505874445993
791.0,28.959019709374882,28.963621516829686,28.977457948635145,29.000621823171926,29.0332671295177,29.075607942225385,29.127916873451085,29.190523073195145,29.263809840411447,29.348211983548172,29.444213157261057,29.552343481928602,29.6731777940684,29.807334833866722,29.95547743400208,30.11831291030304,30.296590189139625,30.491084117434117,30.70254962626883,30.93163047914573,31.178735109511745
792.0,28.962128484409046,28.966737272894996,28.980594605237382,29.003793170562897,29.03648673834655,29.078889070053275,29.131272373033216,29.193965312221017,29.26735064695358,29.351862634049358,29.44798442240837,29.556245739174553,29.677221200199863,29.81152951510701,29.95983353984307,30.122840058205355,30.301295215848814,30.495965722802115,30.70759015821742,30.936789611225482,31.183953327652098
793.0,28.965241973746576,28.969857733678527,28.983735937485736,29.00696914428953,29.039710903293507,29.082174663115232,29.134632228403706,29.19741178387897,29.27089555743306,29.35551726550274,29.451759564428926,29.560151800449635,29.68126837366837,29.815727940619908,29.96419327364754,30.12737032325788,30.30600189360024,30.50084601681033,30.71262518702665,30.941939486230673,31.189161202098973
794.0,28.968360170905115,28.97298289262991,28.98688193865303,29.010149737462317,29.042939617467916,29.085464714893778,29.137996433970468,29.200862484190292,29.274444570152934,29.359175878966862,29.455538587102428,29.564061670995837,29.68531931630797,29.819930093703203,29.96855656506846,30.131903533328252,30.3107099467282,30.505724756148535,30.717654748680822,30.947080533027286,31.194359324929025
795.0,28.971483069360854,28.976112743160055,28.99003260200729,29.01333494321126,29.04617287405241,29.088759218988773,29.141364984291954,29.204317409343226,29.27799768355097,29.362838475545857,29.459321494016937,29.567975355220113,29.689374027249652,29.824135951287953,29.972923334728566,30.136439514795494,30.31541912200224,30.51060174074679,30.72267890175882,30.952213144161078,31.199548221295693
796.0,28.974610662544002,28.979247278641086,28.993187920801354,29.01652475468997,29.04941066630058,29.092058169109805,29.144737874082573,29.207776555674695,29.281554896186393,29.36650505635426,29.463108288505612,29.571892856461776,29.69343250257202,29.828345484045965,29.97729349596363,30.140978095497726,30.320129188358266,30.515476806795583,30.727697720535343,30.95733768025771,31.20472836098478
797.0,28.97774294384665,28.98238649243022,28.996347888281992,29.019719165094465,29.052652987533612,29.095361559082452,29.148115098196794,29.211239919668657,29.285116206721653,29.37017562249768,29.466898973547384,29.57581417677268,29.697494735077715,29.832558656748258,29.981666956493058,30.145519106877558,30.324839936013824,30.520349820956234,30.7327112900096,30.962454473740987,31.209900167394288
798.0,28.980879906641633,28.985530377858076,28.999512497693026,29.022918167656204,29.05589983115592,29.098669382855746,29.151496651626175,29.214707497944172,29.288681613917497,29.3738501750279,29.470693551662333,29.579739316726,29.701560714145565,29.836775428726263,29.986043619974225,30.15006238563153,30.32955117528165,30.525220675303814,30.737719702188503,30.967563832119083,31.215064024765706
799.0,28.984021544270973,28.988678928230822,29.002681742297572,29.026121755626704,29.05915119064883,29.10198163448235,29.15488252949613,29.218179287251132,29.29225111660168,29.37752871488732,29.474492024783128,29.583668275231258,29.705630425674407,29.8409957544223,29.99042338742158,30.154607774789287,30.33426273503778,30.53008928322232,30.74272305362752,30.9726660407969,31.220220283632766
800.0,28.987167850052632,28.991832136846384,29.00585561536087,29.029329922311977,29.062407059561906,29.1052983081305,29.15827272706381,29.221655284465637,29.295824713652607,29.381211242855795,29.478294394146065,29.587601049396106,29.709703852141086,29.845219584016007,29.99480615840752,30.15915512435145,30.33897446113713,30.534955576097307,30.747721443666272,30.977761365417365,31.225369265204822
801.0,28.99031881729205,28.994989997001028,29.00903411015058,29.032542661065204,29.065667431532354,29.10861939807183,29.161667239719918,29.225135486571883,29.299402403979446,29.38489775949817,29.482100660184646,29.591537634411193,29.713780972729815,29.84944686408049,29.99919183207406,30.163704291644336,30.343686214962144,30.539819500544272,30.75271497301269,30.982850053892186,31.230511265159038
802.0,28.993474439285443,28.99815250198146,29.012217219959513,29.03575996527733,29.068932300272632,29.111944898690602,29.16506606296663,29.228619890653874,29.302984186471924,29.38858826508891,29.485910822428092,29.59547802349196,29.71786176347779,29.85367753817133,30.00358030795919,30.168255141508837,30.348397872084735,30.544681016024178,30.757703742631964,30.98793233819033,31.235646556841868
803.0,28.99663470932415,29.001319645075576,29.01540493810258,29.038981828390643,29.072201659577928,29.115274804482087,29.168469192423363,29.23210849386733,29.30657005999114,29.39228275954738,29.489724879407987,29.599422207848317,29.72194619749809,29.857911547388426,30.007971486671632,30.17280754630252,30.353109320953806,30.549540092881973,30.76268785300175,30.993008435892,31.240775393834888
804.0,28.999799620706234,29.004491419581232,29.01859725792023,29.04220824390102,29.075475503317204,29.118609110034125,29.171876623816598,29.235601293434648,29.310160023314356,29.395981242374244,29.493542828574977,29.603370176667887,29.726034245201753,29.862148830933386,30.012365270488235,30.177361385820447,30.35782046163799,30.55439671059506,30.767667403515023,30.9980785516082,31.245898012276406
805.0,29.002969166724576,29.007667818801597,29.021794172776612,29.045439205350203,29.07875382544738,29.121947810048123,29.17528835296845,29.239098286629716,29.31375407510534,29.39968371259626,29.497364666246956,29.607321917163425,29.730125874549646,29.866389326607575,30.016761563767357,30.181916547058204,30.362531204698673,30.55925085646629,30.77264249214084,31.003142878125068,31.251014632616183
806.0,29.006143340680115,29.010848836060525,29.024995676062446,29.048674706335568,29.082036620005546,29.125290899316518,29.178704375797103,29.24259947074803,29.31735221386435,29.403390168697182,29.50119038756508,29.61127741461573,29.734221051310897,29.870632971235143,30.021160273272216,30.18647292395066,30.367241470198486,30.564102524468066,30.777613215155906,31.00820159742678,31.256125461226027
807.0,29.009322135885707,29.014034464693783,29.028201761206784,29.05191474051597,29.085323881104355,29.128638372721383,29.182124688295914,29.24610484308886,29.320954437903506,29.407100608565777,29.50501998646071,29.615236652455103,29.73831973933188,29.874879701072086,30.025561308409465,30.191030417072845,30.371951186797137,30.56895171426589,30.782579666938705,31.01325488162042,31.261230691765896
808.0,29.01250554567224,29.017224698058413,29.031412421676013,29.055159301608516,29.08861560293446,29.13199022523315,29.185549286525383,29.249614400932018,29.324560745301827,29.410815029452955,29.508853455639027,29.6191996123469,29.742421900776964,29.879129452151055,30.02996458140974,30.19558893332721,30.376660290912632,30.57379843035255,30.787541939818862,31.0183028937738,31.266330506430364
809.0,29.015693563393313,29.02041952953592,29.03462765097481,29.05840838338764,29.091911779766054,29.13534645190811,29.188978166599007,29.253128141510405,29.328171133865062,29.41453342793761,29.512690786577927,29.623166274298665,29.74652749636702,29.88338216056746,30.034370007427285,30.200148385626644,30.381368726003892,30.578642681349052,30.792500123982748,31.023345788633716,31.27142507698854
810.0,29.018886182422257,29.02361895253545,29.037847442645283,29.061661979687116,29.095212405949685,29.13870704787978,29.192411324671202,29.25664606197747,29.33178560108245,29.418255799889558,29.516531969540495,29.627136616767913,29.75063648561255,29.887637762732034,30.038777504626758,30.20470869259097,30.386076441896325,30.58348447938416,30.797454307428236,31.02838371327193,31.276514565712827
811.0,29.02208339615038,29.026822960499896,29.041071790282086,29.064920084399386,29.09851747590278,29.142072008355353,29.195848756924686,29.26016815939787,29.335404144100558,29.42198214042696,29.52037699360529,29.631110616771267,29.75474882702702,29.891896195607284,30.043186994228343,30.209269778205574,30.390783394149338,30.588323839552967,30.80240457594748,31.033416807691804,31.281599126206718
812.0,29.02528519800653,29.030031546906063,29.044300687520046,29.068182691478857,29.10182698411509,29.145441328602274,29.199290459549747,29.26369443070847,29.33902675969163,29.42571244392396,29.5242258466785,29.635088250001086,29.758864478325993,29.896157396886085,30.047598400494863,30.213831571515144,30.395489543528505,30.59316077948417,30.807351013134856,31.0384452053404,31.286678904114616
813.0,29.028491581452727,29.03324470526752,29.04753412804158,29.071449794940968,29.105140925142894,29.14881500394136,29.202736428731132,29.267224872700528,29.342653444222385,29.429446703978304,29.528078515530613,29.639069490940635,29.762983396628183,29.90042130518933,30.05201165074548,30.218394006306777,30.400194855445523,30.597995318878755,30.812293700391542,31.043469033643216,31.29175403785077
814.0,29.031702539984103,29.036462429129564,29.050772105573344,29.074721388858816,29.108459293613098,29.152193029733535,29.206186660629758,29.27075948199886,29.34628419363019,29.433184913417584,29.53193498585926,29.643054312993094,29.767105538592944,29.904687860136445,30.056426675235567,30.222957020831522,30.40489929965435,30.60282747934913,30.817232717006494,31.048488414300007,31.296824658960077
815.0,29.034918067132743,29.03968471208246,29.054014613893745,29.077997467366448,29.11178208420627,29.15557540137895,29.20964115136815,29.274298255026615,29.34991900340679,29.436927064297578,29.535795242323815,29.64704268858959,29.771230860593036,29.908957002467783,30.06084340714498,30.227520557530596,30.40960284977514,30.607657284020384,30.822168140154158,31.053503463759487,31.301890892779056
816.0,29.038138156470144,29.042911547759516,29.057261646832096,29.081278024656417,29.11510929165955,29.158962114302955,29.213099897012313,29.277841187989146,29.35355786857343,29.440673147901165,29.539659268600246,29.651034589305482,29.77535931886225,29.913228674148687,30.065261782501288,30.23208456275655,30.414305482925567,30.61248475728485,30.82710004495322,31.05851429357337,31.30695285888973
817.0,29.041362801613424,29.046142929845363,29.06051319827342,29.084563054978563,29.118440910762374,29.16235316394268,29.216562893552545,29.281388276862327,29.35720078366984,29.444423154756237,29.543527047447856,29.655029985950353,29.77949086959338,29.917502818400234,30.06968174009397,30.236648986559686,30.419007179456713,30.61730992462901,30.832028504523198,31.063521010659652,31.312010671457994
818.0,29.044591996218717,29.04937885205939,29.063769262151197,29.08785255263414,29.121776936345693,29.16574854574331,29.220030136893367,29.284939517362353,29.360847742743655,29.448177074643816,29.547398560752484,29.659028848680446,29.783625469061487,29.921779379769355,30.074103221403348,30.241213782439043,30.423707922623414,30.622132812427065,30.836953590029147,31.068523717642435,31.317064439668496
819.0,29.04782573398745,29.052619308170172,29.067029832451038,29.091146511977517,29.1251173632796,29.169148255142176,29.22350162283391,29.288494904933486,29.364498739339947,29.451934896615995,29.551273789587977,29.66303114709348,29.787763073732634,29.92605830417701,30.078526170516422,30.245778907116406,30.428407698300138,30.626953447749557,30.841875370738002,31.073522513130033,31.32211426808377
820.0,29.051064008666447,29.055864292001882,29.07029490320604,29.0944449274164,29.12846218646654,29.17255228755343,29.226977347052934,29.292054434733604,29.368153766506435,29.455696609030063,29.555152714273593,29.667036850315665,29.791903640331853,29.93033953892129,30.08295053402343,30.250344320348738,30.4331064947921,30.63177185827274,30.8467939140851,31.078517491913093,31.327160256881886
821.0,29.05430681405141,29.059113797420036,29.073564468501708,29.097747793401386,29.131811400832383,29.175960638365954,29.230457305093317,29.2956181016178,29.371812816776377,29.459462199550625,29.559035314431185,29.671045927093235,29.796047125947208,29.934623032725423,30.08737626094109,30.25490998470708,30.43780430254729,30.636588072093488,30.851709285722638,31.083508745260925,31.332202502238218
822.0,29.057554143990014,29.062367818339986,29.076838522474528,29.101055104424766,29.13516500131881,29.17937330292852,29.2339414923459,29.299185900129558,29.375475882177888,29.463231655188117,29.562921569046207,29.67505834586672,29.800193488074267,29.93890873571475,30.09180330259834,30.259475865416736,30.44250111402377,30.641402117684887,30.856621549591214,31.08849636106752,31.33724109649178
823.0,29.06080599237579,29.06562634872911,29.08011705930826,29.104366855017826,29.138522982879316,29.182790276534348,29.237429904043744,29.30275782449221,29.379142954239335,29.467004962324925,29.56681145652065,29.679074074839708,29.804342684677046,29.943196599418098,30.09623161256307,30.264041930193518,30.447196923506986,30.646214023789174,30.86153076796093,31.093480424049066,31.34227612839379
824.0,29.0640623531538,29.06888938260557,29.08340007323567,29.107683039745996,29.141885340470225,29.186211554412907,29.240922535243012,29.30633386859504,29.382814023985055,29.470782106737488,29.5707049547334,29.68309308206695,29.808494674265543,29.947486576782584,30.10066114653834,30.26860814904574,30.451891726894388,30.651023819303656,30.86643700149877,31.098461015967818,31.34730768338263
825.0,29.06732322031462,29.072156914032366,29.08668755852661,29.11100365320407,29.14525206904326,29.18963713172122,29.244419380815522,29.30991402600359,29.38648908196787,29.474563073638933,29.574602041084084,29.687115335477994,29.81264941588024,29.95177862210974,30.105091862280727,30.273174494216647,30.456585521669272,30.655831533290463,30.871340309315705,31.10343821569085,31.35233584364374
826.0,29.070588587899337,29.07542893712304,29.089979509496114,29.114328690012787,29.148623163538158,29.19306700352995,29.247920435433674,29.313498289934625,29.390168118249097,29.478347847694256,29.578502692557063,29.691140802986887,29.816806869206257,29.95607269110135,30.10952371950442,30.277740939932222,30.46127830661188,30.6606371948094,30.87624074902729,31.108412099478183,31.35736068847235
827.0,29.073858449997072,29.078705446031343,29.093275920499995,29.117658144811088,29.15199861886747,29.1965011648193,29.251425693571186,29.317086653268024,29.393851122427968,29.4821364130665,29.58240688574575,29.69516945248702,29.82096699452098,29.960368740782787,30.113956679824398,30.282307462387035,30.465970081830694,30.665440832968976,30.881138376785607,31.113382740989177,31.36238229426742
828.0,29.077132800742913,29.081986434957912,29.09657678592799,29.12099201225365,29.155378429917977,29.199939610463787,29.254935149484016,29.32067910853486,29.397538083643106,29.48592875343599,29.5863145969264,29.699201251954314,29.825129752792,29.964666729527295,30.11839070664462,30.28687403952535,30.470660848516104,30.67024247678808,30.886033247349893,31.118350211531144,31.36740073483956
829.0,29.080411634313183,29.08527189814702,29.099882100196847,29.124330287001726,29.15876259154281,29.203382335226454,29.258448797213607,29.32427564792997,29.401228990597758,29.489724852037657,29.59022580208619,29.70323616945077,29.829295105637563,29.968966617006757,30.12282576510455,30.291440651007395,30.47535060893627,30.675042155225775,30.89092541411967,31.123314580087047,31.372416081434732
830.0,29.083694944928936,29.088561829879378,29.103191857756805,29.127672963721658,29.162151098547554,29.206829333750164,29.261966630573827,29.32787626330305,29.404923831562897,29.493524691683607,29.594140476969635,29.707274173180853,29.83346301538515,29.973268364167996,30.12726182198767,30.296007278054617,30.480039366294612,30.679839897104443,30.895814929188642,31.12827591348694,31.377428402939433
831.0,29.08698272685119,29.091856224471776,29.10650605308373,29.131020037077676,29.165543945685997,29.210280600549197,29.26548864314831,29.331480946166298,29.40862259439779,29.497328254794365,29.598058597119188,29.71131523151979,29.83763344506808,29.97757193320169,30.131698845651382,30.30057390336959,30.484727124665824,30.68463573109761,30.900701843388653,31.13323427649003,31.38243776597374
832.0,29.090274974380154,29.09515507627898,29.109824680672144,29.13437150172519,29.168941127654122,29.213736130000427,29.26901482828333,29.335089687691504,29.412325266560767,29.50113552343349,29.601980137918904,29.715359313072238,29.84180635845108,29.981877287529226,30.136136805951395,30.305140511015296,30.489413888873013,30.68942968567409,30.905586206335702,31.138189731922186,31.38744423506024
833.0,29.09357168185215,29.098458379687735,29.113147735030715,29.137727352303678,29.172342639082125,29.217195916341215,29.272545179093335,29.33870247872817,29.41603183513662,29.50494647933345,29.605905074606138,29.71940638665871,29.84598171999485,29.986184391738224,30.14057567419349,30.309707086405393,30.49409966452503,30.69422178914058,30.910468066458435,31.143142340674203,31.392447872608606
834.0,29.09687284363818,29.101766129114132,29.1164752106837,29.141087583434715,29.175748474526312,29.220659953654653,29.276079688442998,29.34231930978823,29.41974228683715,29.508761103924954,29.60983338234587,29.723456421401657,29.85015949492929,29.990493211592522,30.14501542302852,30.31427361609916,30.498784457790023,30.6990120695275,30.915347471063313,31.148092161935836,31.39744873920046
835.0,29.100178454135403,29.105078318993485,29.11980710216109,29.14445218971389,29.179158628466073,29.22412823587564,29.279618348969223,29.34594017108044,29.423456608041487,29.512579378363075,29.61376503620607,29.72750938666101,29.854339649158494,29.994803713956212,30.149456026453674,30.318840087898856,30.503468275541273,30.703800554700276,30.920224466332396,31.153039253085918,31.402446893436505
836.0,29.103488507772376,29.10839494378765,29.12314340399732,29.147821165704833,29.182573095292145,29.22760075677194,29.283161153052355,29.349565052486273,29.42717478478912,29.516401283559826,29.617700011250218,29.731565252159324,29.858522149363782,29.999115866800075,30.15389745967407,30.323406490587693,30.50815112508714,30.708587272210274,30.925099097409337,31.157983669973262,31.40744239228904
837.0,29.10680299899373,29.1117159979665,29.12648411071732,29.151194505928885,29.1859918693044,29.231077509961935,29.28670809284185,29.353193943597866,29.430896802811205,29.520226800186812,29.621638282499887,29.7356239878888,29.86270696289731,30.003429639147427,30.15833969913997,30.327972814053286,30.512833014322798,30.71337224939681,30.929971408381718,31.162925466786273,31.412435290933487
838.0,29.110121922273468,29.115041476017154,29.129829216845575,29.154572204863065,29.189414944698353,29.234558488885423,29.29025916023296,29.35682683369993,29.434622647542394,29.52405590872776,29.625579825026293,29.739685564234097,29.866894057870567,30.007745001052307,30.162782722397676,30.33253904905029,30.51751395150654,30.71815551328852,30.934841442369454,31.16786469630091,31.41742564304365
839.0,29.113445271986983,29.11837137235015,29.13317871680664,29.157954256863803,29.192842315493984,29.238043686707297,29.293814346767963,29.360463711620632,29.43835230391378,29.52788858920395,29.629524613553365,29.74374995147561,29.871083402625487,30.01206192315353,30.167226507801008,30.337105187169758,30.522193945474385,30.72293709104171,30.939709242108506,31.172801410567892,31.422413501469496
840.0,29.11677304274502,29.12170568156822,29.13653260519965,29.161340656413756,29.196273975786227,29.241533096661353,29.29737364403029,29.36410456630803,29.442085757108064,29.531724822129277,29.63347262370317,29.747817121254318,29.875274967268417,30.016380378025758,30.171671035479516,30.341671221121334,30.5268730051429,30.727717008624406,30.944574847997714,31.17773565851308,31.427398919415502
841.0,29.120105229065093,29.125044398195428,29.13989087652399,29.16473139786228,29.199709919496982,29.2450267117138,29.300937043272675,29.367749386289823,29.445822991868614,29.535564587638426,29.637423830852118,29.75188704518993,29.87946872216044,30.020700338769803,30.176116286211474,30.346237144242885,30.531551139837802,30.73249529207283,30.949438300705165,31.182667757939985,31.43239819586213
842.0,29.123441825382876,29.128387516668095,29.143253525160855,29.16812647540655,29.20315014032998,29.248524524547214,29.30450453536567,29.371398159643014,29.449563992460323,29.539407865428807,29.641378210069405,29.755959694828636,29.8836646378822,30.025021778962426,30.180562241432156,30.350802950526006,30.536228359339237,30.7372719681797,30.954299716070302,31.18760005473201,31.437408371164008
843.0,29.126782826191615,29.131735031454944,29.14662054552185,29.171525883227503,29.206594631925295,29.252026527727296,29.308076111037735,29.375050874313494,29.453308743089405,29.543254635307097,29.64533573680371,29.760035042413193,29.887862686004997,30.02934467335764,30.18500888368992,30.355368634732944,30.540904673862034,30.742047079750957,30.959159533887057,31.192534121720232,31.44242473650506
844.0,29.130128225970008,29.13508693702191,29.149991931967644,29.174929615438092,29.210043387801843,29.255532713653757,29.311651760802658,29.37870751800656,29.457057227765507,29.547104877004468,29.649296386632113,29.764113060581913,29.892062838767,30.033668997545824,30.189456196395682,30.359934192356622,30.545580097315312,30.746820729745085,30.96401832657433,31.19747022585308,31.447445640969857
845.0,29.133478019180252,29.13844322780758,29.153367678828033,29.17833766606,29.213496401355616,29.2590430745355,29.315231474941264,29.382368078204482,29.460809430316296,29.550958570193753,29.653260135272756,29.768193722367446,29.896265069054124,30.037994727954803,30.19390416381235,30.364499620238327,30.55025465598623,30.751593085130633,30.9688765527747,31.202408309455986,31.452470150657017
846.0,29.136832200275034,29.141803898216573,29.156747780380567,29.181750029047528,29.216953665851083,29.262557602407224,29.318815243528228,29.386032542161768,29.46456533440475,29.554815694508115,29.65722695860942,29.772277001216935,29.90046935040137,30.042321841804817,30.198352771143465,30.369064918358102,30.554928395288446,30.756364340844993,30.97373453653801,31.207348239722666,31.457497647516316
847.0,29.140190763666997,29.145168942642165,29.16013223085054,29.1851666982536,29.220415174415628,29.2660762891298,29.3224030564218,29.389700896927156,29.468324923534926,29.558676229549786,29.661196832689658,29.77636287098913,29.904675656985635,30.04665031713039,30.202802004899883,30.373630092150204,30.559601378962117,30.761134690921832,30.978592501020017,31.212289871693415,31.462527690308438
848.0,29.143553703758673,29.148538355425234,29.1635210244096,29.188587667447706,29.2238809200409,29.26959912637837,29.325994903278335,29.393373129350653,29.472088181071953,29.562540154913975,29.665169733741035,29.780451305944098,29.908883963606847,30.050980132822296,30.207251853525502,30.378195154052463,30.56427368376606,30.765904313469736,30.983450600596314,31.21723306930505,31.467559944458728
849.0,29.146921014911893,29.15191213086771,29.16691415515794,29.192012930298723,29.22735089560077,29.27312610566019,29.32959077355208,29.397049226085084,29.47585509026315,29.566407450193047,29.669145638186894,29.784542280758313,29.91309424569042,30.055311268797087,30.211702308106926,30.382760123739573,30.568945393641485,30.770673366221803,30.98830894269774,31.22217770939179,31.47259414851096
850.0,29.150292691451714,29.155290263233343,29.170311617134498,29.195442480381043,29.230825093812598,29.276657218308763,29.333190656504136,29.4007291736124,29.47962563422987,29.570278095000493,29.673124522649168,29.788635770518578,29.917306479341306,30.059643706194624,30.21615336287603,30.3873250274194,30.573616595046566,30.77544198621052,30.993167602361478,31.227123682622988,31.47763009281236
851.0,29.153668727649666,29.158672746728243,29.1737134043124,29.19887631117041,29.234303507259728,29.280192455478684,29.33679454120698,29.40441295824296,29.483399796001816,29.5741520689774,29.677106363956113,29.79273175074269,29.921520641388657,30.063977427637933,30.22060501551951,30.391889896522088,30.578287373280038,30.78021029148838,30.998026633232428,31.232070892593338,31.482667604398863
852.0,29.157049117738467,29.16205957550898,29.177119510581488,29.20231441603045,29.237786128387086,29.28373180815645,29.340402416555495,29.408100566127153,29.487177558519388,29.578029351795628,29.68109113915078,29.79683019739359,29.925736709462207,30.06831241744359,30.2250572671584,30.39645476640156,30.58295781066191,30.78497838353902,31.002886073145422,31.237019254285997,31.48770653961707
853.0,29.160433855902973,29.165450743670835,29.180529929761025,29.205756788222306,29.241272949498853,29.287275267163356,29.344014271259535,29.41179198326333,29.490958904645407,29.581909923186956,29.685078825513592,29.800931086897027,29.929954662102688,30.07264866178193,30.229510122160885,30.401019675055988,30.5876279852534,30.789746349576923,31.007745948795055,31.241968692747026,31.492746777516825
854.0,29.16382293626298,29.168846245247526,29.183944655590597,29.209203420895243,29.2447639627563,29.29082282315609,29.34763009386451,29.415487195508874,29.49474381717721,29.58579376295039,29.689069400561475,29.805034396192827,29.934174478847826,30.076986148780282,30.233963587789145,30.405584661943063,30.59229797012332,30.794514264877687,31.012606279343036,31.246919141713807,31.49778821459041
855.0,29.167216352875393,29.17224607420135,29.187363681716672,29.21265430709033,29.24825916018852,29.294374466622603,29.351249872747818,29.41918618858405,29.49853227885522,29.589680850945623,29.69306284208114,29.809140102772076,29.9383961403229,30.081324868508812,30.238417673814592,30.410149767133657,30.596967833235823,30.799282194618065,31.017467078355555,31.25187054250859,31.50283076175292
856.0,29.170614099737637,29.17565022442715,29.190787001700613,29.21610943973275,29.25175853367574,29.29793018789717,29.35487359613084,29.422888948092105,29.502324272376494,29.593571167124402,29.6970591281311,29.8132481847308,29.94261962831643,30.085664812965224,30.242872392101436,30.414715030625526,30.60163763753265,30.804050195461787,31.022328355282266,31.256822843063617,31.50787434190983
857.0,29.174016170776966,29.179058689743304,29.194214609011354,29.219568811628044,29.255262074960264,29.301489977154343,29.358501252079584,29.426595459518545,29.506119780409026,29.597464691541724,29.701058237085274,29.817358620803386,29.946844925796583,30.090005975967877,30.247327756222496,30.41928049187753,30.606307441124088,30.80881831678709,31.027190116517,31.261775997148874,31.512918888062988
858.0,29.177422559842753,29.182471463890572,29.197646497022543,29.223032415471376,29.258769775646318,29.305053824415285,29.362132828515122,29.4303057082451,29.509918785594067,29.601361404369197,29.705060147650507,29.821471390417038,29.951072016961003,30.094348353033634,30.251783781054062,30.423846189371563,30.610977297550715,30.813586601942493,31.032052366398087,31.26672996357617,31.517964341474034
859.0,29.180833260721826,29.185888540524275,29.201082659012037,29.22650024383378,29.262281627190976,29.30862171955782,29.365768313222237,29.43401967955649,29.513721270563035,29.605261285911553,29.709064838895433,29.82558647372377,29.955300887227107,30.09869194124212,30.256240482436905,30.428412160353847,30.615647256109636,30.818355089203774,31.036915107808028,31.271684705580334,31.52301065037481
860.0,29.184248267100568,29.189309913216174,29.20452308815385,29.22997228916808,29.265797620921667,29.31219365230517,29.369407693847215,29.437737358647055,29.517527217953052,29.609164316621985,29.713072290278568,29.829703851626988,29.95953152320527,30.103036739051216,30.260697876890003,30.432978440671825,30.620317362220817,30.823123812544416,31.041778342586497,31.27664019028414,31.528057769000355
861.0,29.187667572589987,29.192735575446207,29.207967777522093,29.23344854380902,29.26931774802973,29.315769612237585,29.373050957916032,29.441458730635745,29.521336610412273,29.613070477124534,29.717082481671596,29.833823505802584,29.963763912669595,30.10738274618016,30.265155981403275,30.437545064713508,30.62498765772859,30.82789280213908,31.046642071756033,31.28159638834732,31.533105656947093
862.0,29.191091170710422,29.19616552060224,29.211416720085047,29.23692899997007,29.272841999568257,29.319349588799223,29.376698092828605,29.4451837805695,29.525149430617287,29.616979748233046,29.721095393390108,29.837945418716384,29.967998044506285,30.11172996342702,30.26961481317813,30.442112065314486,30.629658181249575,30.832662085054523,31.051506295878255,31.28655327347092,31.53815427828434
863.0,29.19451905489589,29.1995997419769,29.214869908705587,29.24041364974197,29.276370366451598,29.32293357130441,29.380349085868552,29.448912493434268,29.52896566128495,29.620892110971862,29.725111006214053,29.84206957362628,29.972233908657156,30.116078392525825,30.27407438946154,30.446679473760852,30.634328968462647,30.837431685681587,31.056371015224304,31.29151082207322,31.54320360099275
864.0,29.197951218480203,29.20303823276812,29.21832733614015,29.243902485092452,29.279902839470285,29.32652154892879,29.384003924215822,29.45264485416773,29.532785285187952,29.624807546590993,29.729129301395925,29.846195954561765,29.976471496052014,30.12042803601001,30.27853472744839,30.451247319836384,30.639000052353,30.842201626043703,31.061236229865965,31.29646901304461,31.548253596548843
865.0,29.20138765471159,29.206480986073174,29.221788995032643,29.247395497867394,29.283439409276955,29.330113510724562,29.38766259495093,29.456380847670047,29.536608285166356,29.628726036577298,29.733150260676457,29.850324546321527,29.980710798542454,30.124778897109337,30.28299584414722,30.455815631820958,30.643671463460926,30.846971926127182,31.06610193979898,31.301427827486854,31.553304239512336
866.0,29.20482835673485,29.209927994887824,29.225254877918058,29.25089267978937,29.286980066397575,29.33370944562054,29.39132508505978,29.46012045880691,29.540434644148224,29.632647562683665,29.73717386630439,29.854455334454045,29.9849518088425,30.129130979624485,30.287457756304132,30.46038443655936,30.648343230123086,30.851742604164514,31.070968145016707,31.306387248480593,31.55835550716384
867.0,29.20827331752021,29.213379252033018,29.228724977145482,29.25439402238011,29.290524801142347,29.33730934231935,29.394991381314085,29.463863672285132,29.544264344998652,29.63657210677412,29.741200100879425,29.858588305126187,29.98919452040202,30.133484287866086,30.291920480464505,30.464953759729124,30.653015378909448,30.856513677029152,31.075834845575468,31.311347260754182,31.563407379013917
868.0,29.21172252995232,29.21683475023463,29.232199284952223,29.257899517050983,29.294073603705613,29.340913189417932,29.398661470422205,29.46761047281373,29.548097370710092,29.64049965102823,29.745228947537598,29.862723445236163,29.99343892742454,30.137838826532892,30.296384032763847,30.46952362562296,30.657687934466423,30.861285160186533,31.080702041620512,31.31630785071087,31.56845983684292
869.0,29.215175987073753,29.22029448237903,29.23567779376112,29.261409155408142,29.29762646452734,29.344520975849548,29.402335339528843,29.471360845694853,29.551933705056015,29.644430178598537,29.749260390568132,29.866860742858876,29.997685024987177,30.142194600438273,30.300848428285402,30.474094056354957,30.662360918898315,30.866057067403297,31.085569733432827,31.321269006689477,31.573512864967572
870.0,29.218633681636067,29.223758441055672,29.23916049567773,29.264922928725305,29.301183373673414,29.34813269013029,29.406012975353853,29.475114775822494,29.5557733314601,29.648363672433323,29.75329441424961,29.87100018629444,30.001932808546112,30.146551614729134,30.305313682143357,30.478665073630992,30.667034353611815,30.870829411946108,31.09043792142619,31.326230717852088,31.578566448784244
871.0,29.22209560616237,29.227226618638735,29.24264738257013,29.268440828013613,29.304744320942284,29.351748320500175,29.40969436434861,29.478872247864597,29.559616233227302,29.652300115516883,29.75733100310738,29.8751417642676,30.00618227403229,30.15090987480884,30.309779809228417,30.483236698381745,30.67170825900364,30.875602206398774,31.095306606180017,31.331192974368815,31.58362057500034
872.0,29.22556175314336,29.230699007446557,29.246138446256303,29.271962844238953,29.308309296095818,29.355367855206225,29.413379493049913,29.48263324667854,29.563462393997536,29.656239491355286,29.761370142360597,29.879285466258295,30.010433417964567,30.155269386168502,30.314246823755415,30.48780895016284,30.67638265387896,30.88037546233774,31.100175788440154,31.336155767722452,31.588675232017927
873.0,29.229032114993753,29.234175599718746,29.249633678481974,29.27548896829806,29.31187828883952,29.35899128246416,29.41706834801278,29.486397757227603,29.567311797650692,29.660181783845612,29.76541181776304,29.883431282339593,30.014686237310222,30.159630154355508,30.318714739404356,30.492381847452652,30.681057555833274,30.885149190593395,31.10504546911467,31.341119090411983,31.5937304095468
874.0,29.232506684000665,29.237656387581957,29.253133070870344,29.279019190976094,29.31545128877582,29.362618590410598,29.4207609157535,29.490165764536595,29.571164428251443,29.664126977229397,29.76945601555718,29.88757920312819,30.01894072944116,30.16399218494629,30.323183569347922,30.496955407749432,30.68573298138494,30.889923401354576,31.109915649293153,31.346082935877522,31.598786098490233
875.0,29.235985452334493,29.24114136305016,29.256636614921323,29.282553502928266,29.319028285389866,29.36624976709474,29.424457182757962,29.49393725367212,29.575020270020218,29.668075056053638,29.773502722416275,29.891729219704377,30.02319689206646,30.168355483524348,30.32765332629949,30.501529647724713,30.69040894616447,30.894698104295575,31.114786330224348,31.35104729833652,31.603842290734654
876.0,29.239468412060596,29.24463051801457,29.26014430202439,29.286091894693214,29.322609268063378,29.369884800484026,29.42815713548529,29.497712209761218,29.578879307365177,29.672026005171585,29.777551925436963,29.89588132359897,30.027454723200172,30.17272005563886,30.3321240225195,30.50610458324254,30.69508546495621,30.899473308623044,31.11965751331733,31.356012172738115,31.60889897908055
877.0,29.24295555513056,29.248123844252646,29.263656123450033,29.289634356702976,29.326194226076073,29.373523678478044,29.43186076038206,29.501490618010845,29.582741524886757,29.675979809772628,29.781603612140167,29.90003550676511,30.03171422113203,30.17708590679479,30.33659566980753,30.510680229396257,30.6997625517578,30.904249023108154,31.12452920014341,31.36097755471868,31.613956157185477
878.0,29.24644687337778,29.251621333431043,29.26717207036082,29.29318087928717,29.32978314862821,29.37716638893028,29.43556804390769,29.505272463723767,29.586606907397474,29.67993645536782,29.78565777045078,29.904191761542954,30.03597538436969,30.18145304241211,30.341068279520112,30.515256600582685,30.70444021988172,30.9090252561552,31.129401392417975,31.365943440504147,31.619013819443563
879.0,29.249942358524365,29.25512297709961,29.270692133802505,29.296731452664833,29.33337602481701,29.38081291962189,29.43927897250518,29.509057732276208,29.590475439899592,29.683895927793085,29.789714388714092,29.90835008069812,30.040238211699968,30.185821467866866,30.34554186255815,30.519833710426994,30.709118481848886,30.913802015732333,31.134274092016927,31.370909827010074,31.624071961108793
880.0,29.253442002174467,29.25862876669857,29.274216304715935,29.300286066955437,29.336972843667,29.384463258301583,29.44299353264945,29.512846409162705,29.594347107615334,29.687858213190857,29.793773455631616,29.91251045729756,30.04450270203539,30.190191188401354,30.35001642942393,30.524411571999664,30.7137973496736,30.918579309563402,31.139147300939428,31.375876711583576,31.62913057795841
881.0,29.256945795817398,29.262138693555084,29.277744573930423,29.303844712173355,29.340573594113735,29.388117392662913,29.446711710818853,29.51663847996852,29.59822189597072,29.691823298025135,29.7978349603077,29.916672884796217,30.04876885451668,30.1945622091824,30.354491990178918,30.52899019766704,30.71847683467027,30.923357144996867,31.144021021332478,31.380844092177167,31.634189666521998
882.0,29.260453730835646,29.265652748883245,29.281276932165586,29.307407378239272,29.344178265023885,29.391775310371873,29.450433493524763,29.520433930398077,29.602099790602022,29.695791169053503,29.80189889216248,29.92083735690942,30.05303666838485,30.198934535241577,30.358968554517567,30.53356959930879,30.72315694772218,30.928135529184466,31.148895255457774,31.385811967107426,31.639249223770868
883.0,29.263965798498784,29.269170923785584,29.28481337003293,29.310974054975752,29.347786845189983,29.395436999059662,29.454158867305324,29.524232746268897,29.605980777358603,29.69976181333842,29.80596524096629,29.925003867656088,30.05730614301811,30.203308171488278,30.363446131739057,30.53814978824513,30.727837699195202,30.932914469024723,31.153770005702007,31.390780335132256,31.64430924721573
884.0,29.26748198996486,29.272693209257316,29.288353878041836,29.314544732113983,29.351399323332995,29.399102446329024,29.45788781873575,29.528034913513785,29.60986484230044,29.703735218225912,29.810033996803696,29.929172411311963,30.061577277902533,30.2076831227096,30.367924730788662,30.54273077530107,30.732519099004147,30.937693971193532,31.15864527455956,31.395749195393194,31.649369734833115
885.0,29.27100229628271,29.2762195961852,29.291898446598662,29.31811939929642,29.355015688110676,29.402771639764588,29.46162033443829,29.53184041819304,29.613751971702968,29.707711371341887,29.814105150050302,29.933342982372235,30.065850072586976,30.21205939354365,30.37240436027355,30.54731257087596,30.737201156704252,30.94247404220979,31.16352106462436,31.40071854733241,31.65443068495839
886.0,29.27452670838921,29.279750075343806,29.295447066006425,29.321698046075216,29.358635928118034,29.406444566926787,29.465356401069894,29.535649246485555,29.617642152046308,29.71169026059918,29.818178691401208,29.93751557560634,30.070124526741846,30.21643698851632,30.376885028440377,30.551895184856964,30.741883881372505,30.94725468835285,31.16839737860116,31.40568839079735,31.65949209642589
887.0,29.278055217112847,29.283284637400513,29.298999726475643,29.32528066192911,29.36226003191036,29.4101212153832,29.469096005358352,29.539461384715683,29.62153537001887,29.71567187415513,29.82225461177441,29.941690185921956,30.074400640037613,30.22081591200018,30.38136674327117,30.556478626837578,30.746567281861495,30.95203591581437,31.173274219261625,31.41065872581352,31.664553968278987
888.0,29.28158781317555,29.28682327292094,29.302556418114765,29.32886723624764,29.365887987977086,29.413801572678853,29.472839134070856,29.543276819323896,29.625431612516426,29.719656200445627,29.826332902397336,29.945866808482617,30.07867841224947,30.22519616824783,30.38584951239472,30.561062905923972,30.751251366577186,30.95681773056927,31.178151589484035,31.415629552781258,31.669616300019808
889.0,29.28512448719588,29.29036597237352,29.306117130939477,29.332457758345267,29.369519784762947,29.41748562636069,29.476585774037687,29.54709553688355,29.62933086663721,29.7236432281511,29.830413554741046,29.950045438626336,30.08295784319086,30.229577761381854,30.39033334315452,30.56564803086781,30.755936143619657,30.961600138453164,31.183029492222577,31.420600872347165,31.67467909145065
890.0,29.288665229684266,29.29391272611881,29.309681854873475,29.33605221746383,29.373155410673633,29.421173363981573,29.480335912157216,29.550917524110663,29.633233119684284,29.72763294619749,29.834496560505002,29.954226071840882,30.087238932688777,30.233960695379746,30.394818242625448,30.570234010108067,30.760621620839704,30.966383145196367,31.18790793050018,31.425572685357988,31.679742342611082
891.0,29.29221003105447,29.29746352442291,29.313250579756062,29.339650602782697,29.376794854078465,29.42486477310104,29.484089535393927,29.554742767847735,29.637138359150086,29.731625343740976,29.838581911614558,29.95840870377498,30.0915216806125,30.23834497410069,30.39930421762056,30.574820851741105,30.76530780579489,30.971166756387696,31.19278690740393,31.430544992896458,31.684806053819567
892.0,29.295758881615573,29.30101835745376,29.316823295336484,29.34325290341065,29.38043810331205,29.4285598412927,29.487846630787885,29.558571255082736,29.641046572731028,29.73562041016896,29.84266960020619,29.962593330207948,30.095806086828652,30.24273060126196,30.40379127470009,30.579408563583453,30.769994705818974,30.97595097752497,31.19766642608252,31.435517796217546,31.689870225604277
893.0,29.299311771586712,29.304577215287342,29.32039999128384,29.34685910839346,29.38408514667543,29.432258556145243,29.49160718544314,29.562402972932375,29.6449577483089,29.739618135089703,29.846759618632994,29.96677994707497,30.100092151244198,30.247117580462746,30.40827942016851,30.58399715313459,30.7746823279682,30.98073581397794,31.202546489746755,31.44049109679292,31.69493485875784
894.0,29.302868691090612,29.308140087907077,29.323980657186375,29.350469206718838,29.387735972444794,29.43596090526994,29.49537118654437,29.566237908654387,29.648871873956317,29.743618508323298,29.850851959435012,29.970968550421347,30.104379873760966,30.251505915171858,30.412768660106124,30.588586627641202,30.7793706790995,30.985521271031118,31.207427101655142,31.44546489624335,31.699999954249286
895.0,29.306429630088232,29.311706965140736,29.327565282486628,29.354083187238984,29.391390568789536,29.439666876214044,29.49913862127312,29.570076049561653,29.652788937855043,29.747621519825415,29.85494661528162,29.975159136371698,30.108669254276183,30.25589560875462,30.417259000417353,30.593176994151246,30.784059765914385,30.990307353916055,31.21230826514002,31.450439196349453,31.705065513228405
896.0,29.309994578369256,29.315277836642533,29.3311538564618,29.3577010386756,29.395048923789712,29.44337645645634,29.50290947678886,29.573917382998584,29.656708928280196,29.751627159701346,29.85904357899315,29.97935170116373,30.11296029270791,30.26028666449769,30.421750446810712,30.597768259457702,30.788749594920613,30.99509406778288,31.21718998359031,31.455413999082083,31.710131537084717
897.0,29.31356352619569,29.318852692556803,29.334746368913464,29.36132275031011,29.398711026131256,29.447089634174326,29.50668374102667,29.57776189713058,29.66063183430289,29.755635418747282,29.86314284392108,29.983546241321566,30.117252988971636,30.264679085376038,30.426243004509477,30.602360429812823,30.793440172114586,30.99988141744156,31.222072260280175,31.4603893064306,31.715198027271015
898.0,29.317136463248048,29.322431522448504,29.338342809056574,29.364948310840067,29.402376863937434,29.450806396992604,29.51046140139845,29.581609579658906,29.664557644622974,29.759646287500072,29.867244403240072,29.987742753282884,30.12154734295458,30.26907287442899,30.430736678808643,30.60695351154725,30.798131503618947,31.00466940786502,31.226955098655008,31.465365120589027,31.720264985437463
899.0,29.320713379092997,29.326014315758,29.341943165991097,29.368577708871406,29.406046425258385,29.454526732522208,29.514242445338375,29.585460418361343,29.668486348064132,29.76365975662012,29.871348250253348,29.99194123354587,30.125843354549712,30.273468034581175,30.43523147483059,30.611547510828746,30.802823595432393,31.009458043973925,31.231838502214366,31.470341443880987,31.725332413392977
900.0,29.324294263147216,29.32960106178614,29.345547428688715,29.37221093289914,29.409719698060666,29.45825062830282,29.518026860282717,29.58931440105433,29.67241793350964,29.767675816860745,29.875454378344834,29.996141678663147,30.130141023632955,30.277864568685562,30.439727397590897,30.616142433680956,30.807516453437465,31.014247330660726,31.23672247451089,31.4753182787349,31.73040031898298
901.0,29.327879105335406,29.333191750352864,29.34915558668294,29.375847972027664,29.413396671003696,29.461978072647753,29.521814634481068,29.59317151640814,29.67635239067456,29.771694459711984,29.87956278143814,30.000344085481206,30.134440350069966,30.282262479307846,30.4442244516027,30.62073828556425,30.812210083014094,31.01903727245912,31.24160702110033,31.480296712546068,31.73553407978996
902.0,29.33146789491939,29.336786370619393,29.352767628831764,29.379488814687534,29.41707733205925,29.465709053206993,29.525605755559077,29.59703175252531,29.680289708803066,29.77571567628832,29.883673453211465,30.00454845070352,30.13874133370776,30.28666176908372,30.44872264151991,30.625335072112208,30.816904489747543,31.02382787660878,31.246492451871397,31.485285985496958,31.740721585289744
903.0,29.33506062129117,29.340384911868117,29.35638354413647,29.38313344948861,29.420761669427907,29.469443557900497,29.529400211463678,29.600895097854067,29.684229877485205,29.779739458021474,29.88778638758168,30.008754771164607,30.14304397437367,30.29106244049854,30.45322197174936,30.629932798692955,30.821599680012888,31.02861921715236,31.25138038311218,31.4902922443134,31.745943709490923
904.0,29.33865727376298,29.34398736332817,29.36000332156578,29.386781865018136,29.42444967132023,29.473181574691832,29.53319799022397,29.604761540978547,29.688172886465185,29.783765796500294,29.891901578587674,30.01296304375539,30.147348271882095,30.295464495940976,30.457722446555714,30.634531470822566,30.82629567401397,31.033411611113017,31.256272968516058,31.495316383135666,31.751193637713072
905.0,29.34225784159994,29.347593714164102,29.363626950031406,29.390434049838372,29.428141325949035,29.476923091597605,29.536999079968258,29.60863107059925,29.692118725629992,29.787794683447203,29.89601902037768,30.017173265427576,30.151654226023968,30.299867937716975,30.462224070151127,30.639131096785572,30.83099254085473,31.038205633502134,31.261171907847025,31.50035799774905,31.756467435547126
906.0,29.345862313997095,29.351203953487182,29.367254418400726,29.39408999249456,29.431836621549277,29.48066809668749,29.540803468904272,29.61250367554668,29.69606738501054,29.791826110734025,29.90013870721115,30.021385433179162,30.155961836577333,30.30427276805848,30.466726847218457,30.643731695022375,30.835690425546005,31.04300197402037,31.266078362187812,31.50541638209077,31.761762451039317
907.0,29.34947068008312,29.35481807035003,29.370885715510195,29.3977496815181,29.435535546361013,29.484416578074736,29.544611145334162,29.616379344764447,29.70001885478196,29.795860070352386,29.904260633444135,30.0255995440545,30.160271103301024,30.30867898924817,30.471230784555427,30.64833330364063,30.840389545884772,31.047801318628544,31.27099309093118,31.510490790350897,31.76707673879764
908.0,29.353082928948506,29.358436053755476,29.37452083015326,29.401413105421103,29.439238088653457,29.488168523930494,29.548422097647784,29.620258067322137,29.70397312524052,29.799896554437275,29.908384793538385,30.029815595151742,30.16458202596148,30.313086603981656,30.475735893717435,30.65293598662437,30.845090171616288,31.052604291800865,31.27591657786896,31.51558051296221,31.772408794340613
909.0,29.356699049618797,29.3620578926701,29.37815975109479,29.405080252705257,29.442944236702512,29.491923922483437,29.552236314325686,29.62413983240119,29.707930186831817,29.803935555233494,29.91251118204597,30.034033583609375,30.168894604418867,30.317495616052177,30.480242193958052,30.65753983504549,30.849792600714082,31.057411436483775,31.28084912156468,31.520684897900004,31.777757407938854
910.0,29.36031903107964,29.36568357600244,29.381802467070525,29.408751111875517,29.446653978815426,29.495682762015015,29.556053783940076,29.628024629306164,29.711890030106872,29.807977065121406,29.91663979360418,30.038253506634394,30.173208838789233,30.32190603133402,30.48474971450889,30.6621449641929,30.854497140245332,31.062223213534036,31.28579089473693,31.525803352333387,31.783121580172057
911.0,29.363942862276463,29.369313092635686,29.38544896678529,29.412425671419626,29.45036730332196,29.499445030859512,29.559874495154475,29.63191244745211,29.71585264576481,29.812021076591336,29.92077062295175,30.042475361536003,30.177524729744604,30.326317858865135,30.489258495796953,30.66675150866904,30.859204092826158,31.067040008808114,31.290741984229857,31.53093533865424,31.788500466958425
912.0,29.367570532088454,29.372946431399708,29.389099238923432,29.41610391982679,29.45408419857599,29.50321071741814,29.563698436708496,29.635803276364122,29.71981802460731,29.81606758223445,29.92490366491558,30.04669914580338,30.181842278885988,30.330731111823148,30.49376858953387,30.671359617001528,30.863913748418444,31.071862142649813,31.29570241685786,31.536080368764072,31.793893343992888
913.0,29.371202029389888,29.376583581101926,29.39275327214235,29.41978584558909,29.457804652959176,29.506979810146877,29.567525597438507,29.63969710567942,29.72378615756281,29.82011657477006,29.92903891443838,30.050924857229774,30.18616148918748,30.335145808231218,30.498280058027127,30.675969446644807,30.86862637932896,31.07668987935882,31.300672177896345,31.541237998281954,31.799299580745725
914.0,29.37483734299624,29.380224530515875,29.39641105508589,29.423471437199016,29.46152865488173,29.510752297554706,29.57135596627292,29.64359392513975,29.7277570356819,29.824168047027584,29.933176366614948,30.055152494064263,30.190482365429695,30.339561971428743,30.502792973010393,30.68058115955976,30.87334223765126,31.08152343607356,31.305651224016746,31.546407821197043,31.804718621384126
915.0,29.378476461690024,29.38386926838631,29.400072576384396,29.427160683153758,29.465256192786658,29.51452816821741,29.5751895322158,29.647493724603176,29.73173065012012,29.82822199195222,29.937316016743814,30.059382055200675,30.19480491460546,30.343979630211205,30.507307414094445,30.68519491871747,30.878061554723512,31.08636299040683,31.310639491577547,31.55158946515202,31.81014997161812
916.0,29.38211937424014,29.387517783422638,29.403737824653227,29.430853571960682,29.468987255149923,29.518307410770756,29.579026284364062,29.651396494017696,29.735706992147854,29.832278402621903,29.941457860374978,30.06361354038693,30.199129146220095,30.348398818718568,30.511823467170906,30.689810885474653,30.882784541489894,31.09120868677961,31.31563690267435,31.55678258744613,31.81559318849422
917.0,29.38576606936394,29.39117006431971,29.407406788492164,29.434550092134362,29.472721830482516,29.52209001390923,29.582866211902505,29.65530222343932,29.73968605315138,29.836337272268214,29.94560189340786,30.06784695041387,30.203455072520782,30.352819576158737,30.516341222897957,30.694429217563666,30.887511389248512,31.09606064181876,31.32064336986758,31.561986871547287,31.821047871884044
918.0,29.389416535768408,29.39482609975554,29.41107945649904,29.438250232197692,29.476459907333926,29.525875966398583,29.58670930409438,29.659210903036517,29.74366782464006,29.84039859430773,29.94974811218434,30.072082287305026,30.2077827086425,30.35724194636514,30.520860775303657,30.699050067662522,30.892242270789886,31.100918948887294,31.32565879948364,31.567202024128772,31.82651365797455
919.0,29.393070762148813,29.398485878392663,29.414755817265572,29.441953980689263,29.48020147428828,29.52966525705547,29.590555550290834,29.66312252306978,29.747652298250248,29.8444623623781,29.95389651359222,30.076319554486435,30.212112072641904,30.361665977308235,30.525382220496347,30.703673582365017,30.896977341767816,31.10578368189742,31.33068309397427,31.572427772432658,31.831990214111634
920.0,29.396728737175145,29.40214938886454,29.41843585938593,29.44566132616578,29.483946519960345,29.533457874762025,29.594404939934062,29.66703707391005,29.751639465765564,29.8485285703706,29.958047095145087,30.08055875690772,30.21644318546611,30.366091720544272,30.529905655572158,30.708299901612758,30.901716742145084,31.110654898367187,31.335716153499526,31.577663862124073,31.837477234778493
921.0,29.400390449488054,29.405816619806078,29.422119571442323,29.449372257210456,29.487695033015516,29.53725380846041,29.59825746254543,29.67095454603879,29.75562931912111,29.852597212486433,29.962199855098092,30.084799901141913,30.220776070851617,30.370519230638752,30.534431177705805,30.71292915839136,30.906460597562436,31.11553264193466,31.340757877150974,31.58291005541217,31.842974438234496
922.0,29.404055887728603,29.409487559839658,29.425806942028885,29.453086762406368,29.49144700215538,29.541053047161956,29.602113107726108,29.67487493005039,29.759621850425678,29.856668283289228,29.966354792530364,30.089042995444032,30.22511075516848,30.374948564614026,30.53895888340966,30.71756147858839,30.911209020593823,31.12041694450349,31.34580816395942,31.588166129417097,31.848481563546677
923.0,29.407725040524245,29.413162197580725,29.429497959736405,29.45680483036719,29.49520241612622,29.54485557994413,29.60597186517464,29.67879821665296,29.763617051988497,29.860741777758257,29.97051190742121,30.09328804978444,30.22944726724218,30.37937978144113,30.54348886792474,30.722196980991228,30.915962111928636,31.12530782809557,31.35086691362331,31.593431874711882,31.853998368140267
924.0,29.41139789649619,29.416840521644414,29.433192613167957,29.46052644973097,29.49896126371419,29.548661395946283,29.609833724673795,29.682724396688048,29.767614916350137,29.864817691340214,29.974671200721165,30.09753507585094,30.23378563814465,30.38381294156446,30.548021224714084,30.726835777397607,30.920719961506933,31.130205306341686,31.355934026980194,31.598707094074953,31.859524625805552
925.0,29.415074444260746,29.42052252063571,29.436890890935054,29.46425160916074,29.502723533752278,29.55247048437297,29.613698676105894,29.6866534611388,29.77161543630248,29.86889601999572,29.978832674396756,30.10178408702448,30.2381259009797,30.388248106445403,30.552556045065277,30.731477972783495,30.92548264956114,31.135109385809695,31.36100940639107,31.60399160135862,31.865060124915583
926.0,29.418754672427085,29.42420818315896,29.440592781659404,29.467980297344706,29.506489215119224,29.55628283449524,29.617566709450223,29.69058540114527,29.77561860491835,29.872976760248626,29.98299633147704,30.106035098333077,30.242468090653926,30.392685338157648,30.55709341777287,30.736123665548586,30.93025024758544,31.140020067101453,31.366092955990116,31.609285220501068,31.870604666918812
927.0,29.42243856959581,29.42789749783159,29.444298273970038,29.471712502997946,29.510258296737874,29.56009843565739,29.6214378147849,29.694520208015085,29.779624415582838,29.877059909233207,29.987162176076104,30.110288126364537,30.24681224363133,30.3971246990625,30.561633428994085,30.74077294786814,30.935022819121496,31.144937345592616,31.37118458177322,31.61458778477633,31.876158065236453
928.0,29.426126124386467,29.431590453272353,29.448007356519046,29.475448214861668,29.514030767582433,29.563917277279863,29.625311982295404,29.698457873234172,29.78363286202204,29.8811454647303,29.991330213393205,30.11454318920498,30.251158397701577,30.401566251491808,30.566176162067713,30.745425905951546,30.939800420508142,31.14986121227338,31.376284191779302,31.61989913597931,31.881720144064758
929.0,29.429817325417464,29.435287038105248,29.45172001796651,29.479187421713394,29.517806616675177,29.56773934885579,29.6291892022899,29.702398388492615,29.787643938336654,29.885233425196656,29.995500449724197,30.11880030633977,30.255506591786155,30.4060100574785,30.570721697427242,30.75008262033688,30.94458310159459,31.15479165441709,31.381391696168077,31.625219123748785,31.88729073737739
930.0,29.433512161314013,29.4389872409633,29.455436246994655,29.482930112363633,29.521585833092583,29.57156463995718,29.633069465203512,29.70634174569933,29.79165763902965,29.889323789789376,29.999672892441698,30.123059498558657,30.259856865722718,30.410456178524772,30.575270112526674,30.754743166191687,30.94937090635875,31.159728656158748,31.386507007262388,31.63054760494944,31.892869688048048
931.0,29.43721062070372,29.442691050491387,29.45915603230813,29.486676275657647,29.5253684059672,29.575393140239413,29.636952761609212,29.710287937003706,29.795673959028832,29.893416558382476,30.00384754997358,30.127320787849673,30.264209260084655,30.414904675424353,30.579821481832923,30.759407613605852,30.95416387344436,31.164672198947464,31.391630039546715,31.635884443150708,31.898456847131552
932.0,29.440912692219612,29.446398455349616,29.46287936263353,29.490425900475902,29.529154324488246,29.579224839449285,29.640839082226467,29.7142369548129,29.799692893704496,29.897511731588523,30.008024431787593,30.131584197299347,30.26856381599549,30.419355608079755,30.58437587681219,30.764076027896643,30.958962036699386,31.169622261996587,31.396760709667394,31.641229508098682,31.904052073144964
933.0,29.44461836451621,29.450109444206067,29.466606226722913,29.494178975736872,29.53294357790389,29.58305972743061,29.64472841793415,29.718188791800042,29.803714438900464,29.901609310757376,30.012203548336416,30.135849750976604,30.272920574965763,30.423809035389894,30.588933365991615,30.768748469895097,30.963765425572273,31.174578822547453,31.401898936386925,31.64658267534458,31.90965523157841
934.0,29.448327626261296,29.453824005748995,29.47033661335295,29.497935490398987,29.536736155525727,29.586897794128742,29.648620759777085,29.722143440930033,29.807738590948897,29.905709297993518,30.016384911040955,30.140117473837478,30.27727957871935,30.428265015071197,30.593494014937622,30.773424996227096,30.968574065650706,31.17954185634889,31.407044640598247,31.6519438257048,31.91526619414553
935.0,29.452040466144016,29.45754212869646,29.47407051131848,29.501695433467667,29.540532046735606,29.590739029596467,29.652516098975077,29.726100895477707,29.811765346680296,29.90981169613326,30.020568532213954,30.1443873916135,30.28164086909686,30.432723603665462,30.59805788642076,30.778105659558893,30.973387978840623,31.184511337677527,31.412197745218826,31.657312845082213,31.92088483860564
936.0,29.45575687286385,29.46126380177928,29.4778079094566,29.505458793990883,29.544331240984683,29.594583424001424,29.65641442694646,29.73006114903802,29.815794703437728,29.91391650874337,30.024754425026195,30.148659530720323,30.286004487922714,30.437184856417193,30.60262504042485,30.782790508838723,30.97820718379524,31.189487239700362,31.417358175173895,31.66268962405084,31.926511048174618
937.0,29.459476835140332,29.464989013754185,29.48154879663533,29.509225561066373,29.548133727800913,29.598430967633277,29.660315735313237,29.7340241955451,29.81982665909082,29.918023740114936,30.028942603456372,30.152933918152538,30.29037047687223,30.441648827202645,30.607195534231106,30.787479589554557,30.983031696240953,31.19446953468282,31.42252585734531,31.668074057524148,31.932144711110237
938.0,29.46320034171799,29.468717753399815,29.48529316175571,29.51299572384623,29.55193949679688,29.60228165091878,29.664220015918712,29.737990029278755,29.823861212034974,29.922133395231942,30.03313308223676,30.157210581401277,30.294738877410097,30.44611556853946,30.611769422514982,30.792172943896915,30.987861529149797,31.19945819408305,31.427700720510988,31.67346604455523,31.937785720464834
939.0,29.466927381367643,29.47245000952363,29.489040993757822,29.516769271538195,29.555748537671054,29.606135464419673,29.66812726083209,29.741958644881944,29.827898361196137,29.926245479767182,30.037325876798157,30.161489548367527,30.299109730679035,30.450585131525784,30.616346757415663,30.79687061100873,30.992696693064822,31.204453188759476,31.432882695302453,31.678865488030333,31.943433973688993
940.0,29.470657942889332,29.476185770962477,29.492792281620073,29.520546193409256,29.559560840213777,29.609992398845357,29.67203746236087,29.745930037368517,29.831938106032222,29.93036000005668,30.041521003217053,30.165770847279063,30.30348307742636,30.455057565827705,30.620927588627275,30.80157262716572,30.997537196305068,31.209454489090504,31.438071714145504,31.684272294444558,31.94908937235188
941.0,29.474392015101884,29.479925026585338,29.49654701436215,29.524326478783923,29.563376394307294,29.613852445061674,29.675950613056223,29.74990420212719,29.83598044652781,29.934476963069418,30.04571847815681,30.170054506623064,30.30785895795931,30.45953291967855,30.625511963501843,30.80627902593623,31.00238304512103,31.214462065044376,31.443267711185957,31.68968637373858,31.954751821943457
942.0,29.47812958686121,29.48366776529591,29.500305181048965,29.52811011705512,29.56719518993931,29.617715594098204,29.6798667057283,29.753881134939334,29.840025383200725,29.938596376399676,30.049918318824126,30.174340555053206,30.312237412033106,30.464011239839273,30.630099927112294,30.81098983841232,31.007234243994937,31.21947588637894,31.448470622258927,31.69510763898605,31.960421231474214
943.0,29.481870647053814,29.48741397603565,29.504066770799277,29.53189709768903,29.5710172172127,29.62158183716189,29.683785733451547,29.75786083197562,29.844072917080606,29.942718248222146,30.054120542917797,30.178629021354638,30.31661847887761,30.468492571671536,30.634691522365916,30.8157050932871,31.0120907956296,31.224495922571496,31.45368038480791,31.700536006370477,31.96609751347572
944.0,29.485615184603244,29.49116364778524,29.507831772778687,29.535687410225332,29.574842466340705,29.625451165635333,29.687707689577095,29.76184328980454,29.848123049717092,29.946842587274986,30.058325168569645,30.182919934349083,30.321002197073224,30.47297695907574,30.639286790081254,30.820424817087094,31.016952701281394,31.229522143048044,31.458896937848134,31.70597139486376,31.9717805835837
945.0,29.489363188476304,29.49491676956664,29.511600176205757,29.539481044287932,29.578670927658838,29.629323571084566,29.691632567742698,29.765828505383382,29.85217578315305,29.95096940280968,30.06253221429898,30.1872133228722,30.325388604585694,30.477464444581937,30.643885769092805,30.825149034224157,31.021819960728834,31.234554517105497,31.464120221906658,31.71141372621863,31.977470360562148
946.0,29.493114647676045,29.49867333044815,29.515371970360906,29.54327798958233,29.58250259163233,29.633199045276218,29.69556036187316,29.769816476072542,29.856231119925717,29.95509870458833,30.06674169896949,30.19150921570076,30.329777738690325,30.48195506931249,30.648488496310318,30.829877767192233,31.026692572514985,31.239593014069868,31.46935017897486,31.7168629247149,31.98316676596279
947.0,29.496869551247762,29.5024333195464,29.519147144587876,29.547078235902546,29.586337448861663,29.637077580181078,29.699491066189324,29.773807199625935,29.86028906304425,29.959230502838935,30.070953641741607,30.195807641523736,30.33416963597998,30.48644887304424,30.653095006812872,30.834611036641537,31.03157053398306,31.244637603281422,31.474586752460958,31.722318917097596,31.988869724068174
948.0,29.500627888286065,29.506196726028598,29.522925688297153,29.55088177313795,29.590175490088328,29.64095916797689,29.703424675207117,29.77780067419462,29.86434961597985,29.963364808229855,30.075168062033267,30.2001086288877,30.338564332323795,30.490945894207343,30.657705333917967,30.839348861512406,31.03645384141483,31.249688254164514,31.47982988713516,31.727781632421504,31.994579161708234
949.0,29.50438964793368,29.50996353911605,29.526707590971302,29.55468859127557,29.59401670620202,29.64484380105983,29.707361183745252,29.781796898325723,29.868412782651294,29.967501631840634,30.079384979472295,30.204412206153638,30.342961862849712,30.49544616991827,30.662319509266236,30.844091259152652,31.041342490135087,31.25474493627008,31.48507952908312,31.733251001923914,32.000295008102995
950.0,29.50815481938955,29.513733748091273,29.53049284216421,29.558498680411784,29.59786108824394,29.648731472045462,29.711300586928207,29.785795870946867,29.87247856741114,29.97164098513544,30.08360441387047,30.208718401484983,30.347362261958096,30.49994973601995,30.66693756288144,30.84883824537217,31.046236474551968,31.25980761927268,31.490335625672063,31.73872695896428,32.00601719480313
951.0,29.511923391908315,29.51750734229763,29.534281431509033,29.562312030751933,29.60170862741528,29.652622173779346,29.71524288019029,29.78979759137704,29.876546975032145,29.975782879931934,30.087826385168526,30.21302724277864,30.35176556327127,30.504456627090054,30.67155952326111,30.853589834605554,31.051135788315104,31.26487627305284,31.495598125489998,31.74420943884477,32.01174565546721
952.0,29.51569535480496,29.52128431114368,29.538073348724883,29.566128632617314,29.60555931507822,29.65651589932978,29.719188059267896,29.793802059304877,29.8806180106817,29.979927328370685,30.092050913439106,30.217338757694485,30.356171799690028,30.50896687649976,30.676185417414047,30.858346039896656,31.05604042426358,31.26995086764245,31.500866978331892,31.74969837883836,32.01748032590861
953.0,29.519470697458914,29.525064644107804,29.541868583614463,29.569948476452076,29.609413142766662,29.660412642008282,29.723136120217262,29.797809274801942,29.884691679921943,29.984074342889794,30.096278018800295,30.221652973547034,30.360581003305015,30.513480516408908,30.680815270974314,30.863106873125943,31.060950374672412,31.275031373352217,31.50614213511991,31.75519371792506,32.02322114377347
954.0,29.523249409316517,29.52884833074421,29.54566712607687,29.573771552821537,29.613270102191166,29.6643123953609,29.72708705939397,29.80181923829032,29.888767988668807,29.988223936207554,30.100507721439072,30.225969917377263,30.36499320548314,30.517997577837782,30.685449108202093,30.867872344924777,31.065865631109983,31.280117760670997,31.511423547905004,31.760695396902126,32.028968048691695
955.0,29.52703147989485,29.5326353606841,29.549468966106865,29.57759785242259,29.617130185243575,29.668215153179577,29.731040873469457,29.805831950555593,29.89284694319282,29.992376121283378,30.10474004154168,30.23028961585789,30.36940843680295,30.522518090671305,30.690086952099804,30.87264246487778,31.070786184653343,31.285210000371084,31.516711169797688,31.766203358154968,32.03472098199533
956.0,29.530816898789947,29.536425723641607,29.55327409380162,29.58142736608888,29.6209933839989,29.672120909500524,29.734997559421185,29.80984741273064,29.896928550097762,29.996530911299764,30.108974999289046,30.234612095311768,30.373826727095846,30.52704208370072,30.694728824438464,30.87741724151899,31.07571202585949,31.29030806347648,31.52200495494943,31.771717545661193,32.040479886727084
957.0,29.534605655681528,29.54021940941873,29.55708249936654,29.585260084794953,29.624859690720335,29.67602965860631,29.738957114528766,29.813865626284112,29.901012816300252,30.000688319639394,30.113212614835827,30.238937381706304,30.37824810546135,30.531569584661014,30.699374745806768,30.882196682377092,31.08064314478905,31.295411921259525,31.52730485852124,31.77723790494281,32.04624470758862
958.0,29.538397740330606,29.544016407907193,29.560894173117116,29.589095999659527,29.62872909786709,29.679941395034113,29.742919536380647,29.81788659301865,29.90509974901505,30.004848359854062,30.117452908261708,30.24326550059764,30.382672600226385,30.536100620252103,30.704024735701058,30.886980794119378,31.08557953114478,31.300521545301578,31.53261083663014,31.7827643829078,32.0520153907569
959.0,29.54219314258736,29.547816709093972,29.564709105483068,29.592935101950633,29.632601598088513,29.68385611356656,29.746884822851374,29.821910315043453,29.90918935573275,30.00901104565952,30.121695899601814,30.247596477185116,30.387100239012845,30.540635216176582,30.708678812507458,30.891769582475575,31.09052117417753,31.30563690742896,31.537922846357176,31.788296927921646,32.05779188397301
960.0,29.54599185239802,29.551620303068837,29.568527287014795,29.596777383095358,29.636477184242104,29.687773809248988,29.750852972120256,29.825936794790778,29.913281644208485,30.01317639088783,30.125941608762286,30.25193033621951,30.391531048686538,30.545173397171247,30.713336993642145,30.89656305244157,31.095468062867948,31.310757979792335,31.54324084566495,31.793835489596162,32.06357413608922
961.0,29.549793859798218,29.555427180016515,29.572348708395467,29.600622834673878,29.640355849379585,29.691694477355103,29.754823982658376,29.829966034976007,29.917376622446287,30.017344409496076,30.130190055543256,30.256267102080372,30.395965055419396,30.549715187034856,30.71799929549964,30.90136120819841,31.100420185857008,31.31588473481851,31.548564789861135,31.799378236050593,32.06925464105421
962.0,29.5535991549287,29.55923733024884,29.576173360428317,29.604471448433518,29.64423758676888,29.69561811342342,29.758797853212403,29.833998038612776,29.921474298687443,30.021515115536804,30.134441259638308,30.260606798723256,30.40040228466758,30.554260608644643,30.722665733544346,30.906164053202264,31.10537753146812,31.32101714112639,31.553894135289887,31.804909939998172,32.07485328376734
963.0,29.5574077280512,29.56305074417903,29.580001234049913,29.60832321628685,29.64812238987504,29.699544713251775,29.762774582817276,29.83803280898801,29.92557468138019,30.0256885231375,30.138695240576062,30.26494944967444,30.404842761192363,30.558809684003478,30.727336322360454,30.91097159023671,31.110340086110092,31.326155057611203,31.559226192452833,31.810420458192663,32.08040143854208
964.0,29.561219569518638,29.5668674123455,29.583832320342186,29.612178130311804,29.652010252377906,29.703474272868664,29.766754170785585,29.842070349659853,29.92967777917836,30.029864646478607,30.142952017730114,30.269295078034183,30.409286509067837,30.563362434258593,30.732011075669405,30.91578382093809,31.115307813033805,31.33129794407529,31.564557389485167,31.81590828053414,32.08591026241723
965.0,29.565034669826378,29.570687325407047,29.58766661052875,29.616036182766184,29.65590116817319,29.707406788565876,29.77073661669326,29.84611066443503,29.933783600919377,30.03404349979475,30.147211610303767,30.27364370647247,30.413733551693795,30.567918879735892,30.736690006249606,30.920600741558136,31.120280594717205,31.336444836630307,31.569884901331744,31.82137403124017,32.09138617990463
966.0,29.568853019565957,29.57451047414438,29.5915040959752,29.619897366084338,29.6597951313633,29.71134225688116,29.774721920386263,29.85015375737762,29.937892155612214,30.03822509733504,30.151474037314415,30.277995357232985,30.418183911818506,30.572479039918548,30.74137312508027,30.92542233081845,31.125258188568157,31.34159458332954,31.575206788521776,31.826818831602903,32.09683350995095
967.0,29.572674609462272,29.5783368494767,29.595344768203645,29.623761672873282,29.663692136266537,29.71528067459256,29.77871008197131,29.854199632775785,29.942003452428782,30.042409453375413,30.155739317588637,30.282350052125913,30.422637611531684,30.57704293331154,30.74606043873957,30.930248534423217,31.130240231948815,31.346746038043616,31.580521773362992,31.832243870148115,32.102255409203636
968.0,29.57649943037786,29.582166442461347,29.59918861888267,29.627629095927013,29.667592177421664,29.71922203872568,29.782701101798697,29.85824829515335,29.946117500672425,30.04659658216892,30.160007469755644,30.286707812533876,30.427094672236333,30.581610576861813,30.750751945043596,30.935079254741332,31.135226276772865,31.35189815662197,31.585829030349192,31.837650275740483,32.107654314315354
969.0,29.580327473296872,29.585999244284906,29.60303563984567,29.631499628228323,29.671495249572544,29.72316634654004,29.786694980470447,29.86229974923451,29.950234309787824,30.050786497981125,30.164278512224783,30.291068659395012,30.43155511453596,30.58618198484045,30.75544762827159,30.939914349047516,31.140215828287207,31.35705002857969,31.591128039594402,31.843039084434512,32.11303217703285
970.0,29.58415872934458,29.589835246291507,29.606885823082465,29.63537326294522,29.675401347687355,29.727113595539013,29.79069171882948,29.866353999959582,29.95435388933052,30.05497921503153,30.168552463192952,30.29543261317475,30.436018957965285,30.59075716727383,30.760147455497453,30.944753634231084,31.145208376308428,31.362200878409364,31.596418489238413,31.848411235940624,32.11839060392695
971.0,29.587993189800418,29.593674439960115,29.610739160753383,29.6392499934258,29.679310466945648,29.73106378346061,29.79469131794189,29.870411052458962,29.95847624897476,30.059174747512028,30.17282934061926,30.299799693813938,30.440486220526246,30.59533612820634,30.764851374625934,30.949596894711476,31.150203417676348,31.367350054501077,31.601700208991588,31.853767579851304,32.12373094773331
972.0,29.59183084607756,29.59751681693256,29.61459564518051,29.643129813217005,29.683222602744053,29.735016908269834,29.798693779111915,29.87447091204616,29.962601398467786,30.06337310956614,30.1771091622087,30.304169920580005,30.444956918061354,30.5999188641144,30.769559314201132,30.954443891458435,31.15520047008045,31.372497012983928,31.60697312734857,31.859108885445064,32.12905436577905
973.0,29.595671689735596,29.601362369000427,29.6184552688582,29.647012716057667,29.687137750695076,29.738972968161878,29.80269910385072,29.878533584212896,29.966729347659022,30.06757431527185,30.181391945374177,30.30854331187649,30.449431063564568,30.604505362743414,30.77427118462677,30.959294370338462,31.160199079914822,31.377641302119933,31.612237241938594,31.864435851074262,32.13436186189503
974.0,29.599515712501386,29.60521108811243,29.62231802445779,29.650898695882955,29.6910559066212,29.742931961554664,29.806707293890312,29.882599074606325,29.97086010646131,30.071778378627926,30.18567770716372,30.312919884993164,30.453908666469108,30.609095602412424,30.77898688017631,30.96414806918586,31.165198826375217,31.38278254808004,31.617492598349873,31.86974911274105,32.13965431759691
975.0,29.60336290624757,29.609062966381273,29.62618390482023,29.654787746819878,29.69497706656964,29.746893887091815,29.810718351166955,29.886667389040266,29.974993684837813,30.075985313516146,30.18996646417588,30.31729965579462,30.4583897320066,30.613689551771362,30.78370628145689,30.96900472367062,31.170199322782512,31.387920442226683,31.622739275752615,31.875049251948347,32.14493251450726
976.0,29.607213262999416,29.612917996088903,29.630052902966813,29.65867986318781,29.69890122678336,29.750858743628587,29.81473227781197,29.8907385334649,29.97913009280529,30.08019513368129,30.194258232444746,30.321682638375744,30.46287426070383,30.61828717000601,30.788429258086495,30.97386407171513,31.175200215917087,31.3930547305637,31.627977377134677,31.880336802303695,32.15019715091522
977.0,29.61106677497708,29.616776169678005,29.633925012100004,29.662575039510326,29.70282838371845,29.754826530226552,29.81874907615115,29.894812513973786,29.98326934041381,30.084407852682503,30.198553027291315,30.32606884475029,30.467362248019946,30.62288840733192,30.793155671251164,30.978725856781583,31.180201184641554,31.39818520492977,31.63320702176364,31.885612255133857,32.155448855395505
978.0,29.61492343454332,29.620637479761605,29.6378002256057,29.666473270498905,29.706758534047278,29.758797246169195,29.82276874869164,29.898889336779824,29.98741143770223,30.088623483832556,30.202850863163917,30.33045828455731,30.471853684159218,30.62749320572629,30.797885376034802,30.98358983018666,31.185201938025546,31.403311695672006,31.63842833981063,31.89087606431896,32.16068819741275
979.0,29.6187832342164,29.624501919132907,29.64167853705615,29.67037455106561,29.71069167464753,29.762770890938498,29.826791298122302,29.902969008211677,29.99155639469304,30.09284204012,30.20715175347583,30.334850964774223,30.476348553994722,30.632101499764854,30.802618223516923,30.988455752820794,31.19020221318869,31.408434065352644,31.64364146833233,31.896128650576117,32.16591569590433
980.0,29.622646166710354,29.628369480757648,29.64555994020206,29.67427887632788,29.714627802598788,29.76674746421256,29.830816727300235,29.907051534690105,29.995704221358054,30.09706353413482,30.211455710434244,30.339246889519416,30.48084683713051,30.63671321754902,30.80735406259668,30.993323396151375,31.195201772965056,31.41355220363729,31.648846548542828,31.90137040503947,32.17113182596351
981.0,29.626512224917715,29.63224015777712,29.649444428977603,29.678186241593004,29.718566915183274,29.770726965866164,29.834845039245785,29.91113692272381,29.99985492758234,30.10128797799236,30.215762744873757,30.343646059887238,30.485348508086265,30.641328281667388,30.812092741524097,30.998192542739123,31.200200403640086,31.418666023167926,31.654043723832196,31.90660169229171,32.176337024374604
982.0,29.630381401892073,29.63611394351547,29.653331997512534,29.682096642361305,29.722509009885574,29.77470939596428,29.83887623712197,29.9152251788792,30.004008523105593,30.105515383212747,30.22007286610816,30.348048473859567,30.489853536565317,30.645946610113025,30.816834109157252,31.003062986469022,31.20519791286999,31.423775456054834,31.659233138161447,31.911822853037286,32.18153169434689
983.0,29.634253690866352,29.63999083147911,29.657222640127287,29.686010074330586,29.726454084387147,29.77869475475791,29.842910324241938,29.91931630976888,30.00816501749016,30.109745760637537,30.224386081795863,30.352454126260273,30.49436188776452,30.650568117158834,30.821578015972726,31.00793453257524,31.210194127740966,31.428880450859218,31.664414934855785,31.91703420645298,32.18671620949704
984.0,29.638129085260328,29.643870815352326,29.661116351322292,29.689926533400325,29.730402136563857,29.782683042676634,29.846947304047212,29.92341032202267,30.01232442006362,30.11397912034336,30.22870239783801,30.356863008759248,30.498873522719162,30.65519271414725,30.826324314890446,31.012806997467763,31.215188892935767,31.43398097012973,31.66958925580881,31.92223605221165,32.191890917103876
985.0,29.642007578679817,29.64775388900429,29.665013125790242,29.693846015663244,29.734353164484702,29.78667426031941,29.85098718009726,29.927507222256395,30.01648673985944,30.118215471546577,30.233021818280797,30.3612751099092,30.50338839867511,30.65982031025229,30.83107286198484,31.017680208480638,31.22018206901109,31.439076988175398,31.674756240791158,31.92742867236084,32.197056141106366
986.0,29.64588916490858,29.65164004649404,29.66891295842291,29.69776851739825,29.738307166408774,29.790668408445953,29.85502995604872,29.931607017038974,30.02065198555405,30.12245482250928,30.23734434525327,30.365690415237275,30.507906469495712,30.664450813143006,30.83582351695719,31.022554003433825,31.22517353087449,31.444168489412128,31.679916027112647,31.932612332832637,32.202212184374005
987.0,29.649773837905936,29.655529282065427,29.672815844292735,29.701694035080422,29.742264140775685,29.794665487980794,29.85907563564142,29.935709712869738,30.024820165422444,30.126697180463054,30.241669978930048,30.370108907358013,30.51242768605507,30.669084129576056,30.840576143475598,31.02742823016153,31.230163166438658,31.449255466930527,31.685068749341507,31.937787284779528,32.20735933072901
988.0,29.653661591823504,29.65942159014938,29.676721778664003,29.705622565377684,29.74622408620579,29.798665499995035,29.86312422269221,29.93981531613749,30.028991287266027,30.130942551555467,30.245998717505543,30.3745305661256,30.51695199660157,30.673720165914318,30.845330609440417,31.032302746053666,31.23515087537754,31.454337921205603,31.690214539079154,31.94295376584762,32.21249784683015
989.0,29.657552421007615,29.663316965361528,29.68063075699422,29.709554105137144,29.750187001493774,29.802668445688507,29.867175721058658,29.9439238330825,30.033165358377932,30.13519094078003,30.250330557201682,30.37895536877326,30.521479347132793,30.678358828571547,30.85008678716211,31.0371774175858,31.240136568003404,31.459415858993527,31.695353524801796,31.948112001269266,32.217627983744904
990.0,29.661446319989707,29.667215402510614,29.684542774926605,29.713488651405818,29.754152885611923,29.80667432639287,29.871230134617726,29.94803526975937,30.037342385467497,30.139442351936506,30.254665492283756,30.38338329008379,30.52600968173937,30.683000024403754,30.85484455347202,31.042052119837876,31.24512016426035,31.464489292401787,31.700485831792957,31.953262204849448,32.22274997837829
991.0,29.665343283486663,29.67111689659269,29.68845782829352,29.717426201408713,29.75812173769312,29.81068314355555,29.875287467256417,29.952149632001838,30.041522374618875,30.143696787593072,30.259003515100236,30.38781430256385,30.53054294292257,30.687643661027074,30.859603789766524,31.046926736001105,31.250101592829257,31.469558238143737,31.70561158213289,31.958404579812576,32.22786405461552
992.0,29.669243306400396,29.67502144279404,29.692375913114816,29.721366752552957,29.76209355702905,29.814694898728554,29.879347722841306,29.956266925383783,30.045705331238995,30.147954249049956,30.263344616112963,30.39224837661528,30.535079071919956,30.692289647160298,30.86436438206847,31.051801156910788,31.255080790203035,31.4746227167101,31.710730894650652,31.963539319706282,32.23297042460242
993.0,29.673146383826044,29.67892903648556,29.69629702560062,29.725310302412684,29.766068343056002,29.818709593543577,29.883410905191628,29.96038715518161,30.049891260032325,30.15221473633513,30.26768878397101,30.39668548073441,30.539618008960936,30.69693789280317,30.869126220908477,31.056675280577114,31.26005770006296,31.479682751977336,31.715843885029148,31.968666608984773,32.23806928947614
994.0,29.677052511044277,29.682839673229935,29.700221162141986,29.72925684874303,29.77004609535998,29.822727229713404,29.887477018054902,29.964510326341102,30.05408016495602,30.156478248201992,30.272036005581473,30.401125581674798,30.54415969352476,30.70158830943698,30.873889201289845,31.061549011757148,31.265032272601474,31.484738370653712,31.720950665814183,31.973786623668914,32.24316084029799
995.0,29.680961683526068,29.686753348774516,29.704148319311585,29.733206389465135,29.774026813656967,29.826747809002853,29.891546065081922,29.968636443440012,30.05827204918859,30.16074478211543,30.276386266170892,30.405568644628072,30.548704064599043,30.706240810233272,30.878653222624806,31.066422261519794,31.270004463837154,31.489789601768045,31.72605134646734,31.978899532004366,32.24824525891618
996.0,29.68487389693094,29.69067005904903,29.708078493857148,29.737158922664747,29.77801049778114,29.83077133320779,29.895618049799975,29.972765510656004,30.062466915107876,30.16501433427509,30.280739549386244,30.410014633389824,30.553251060855956,30.710895310107702,30.883418188570893,31.071294946885395,31.274974235205196,31.49483647643315,31.73114603346466,31.984005494868438,32.25332271848034
997.0,29.68878914709962,29.694589800171364,29.7120116827129,29.74111444658742,29.781997147692387,29.83479780415619,29.89969297559269,29.976897531745138,30.066664764273433,30.169286899633057,30.285095837373667,30.414463510519816,30.557800620851147,30.715551725853505,30.888184006955022,31.0761669904476,31.279941553021064,31.499879027446884,31.736234830358388,31.989104666333297,32.258393384156776
998.0,29.692707430061976,29.698512568442055,29.715947882985468,29.745072959629567,29.785986763448758,29.83882722367702,29.90377084566949,29.981032510006298,30.070865597401205,30.17356247190876,30.28945511085929,30.418915237499398,30.56235268320382,30.720209976232276,30.892950589647068,31.081038320005955,31.28490638799997,31.504917288984302,31.741317837846236,31.9941971941066,32.26345741372765
999.0,29.69662874203299,29.702438360343937,29.719887091952568,29.74903446033131,29.789979345197068,29.842859593587225,29.907851663042223,29.985170448259183,30.07506941435919,30.17784104362582,30.293817349241422,30.42336977487318,30.566907186730003,30.724869982010798,30.89771785242251,31.08590886825205,31.289868714896393,31.509951296387612,31.74639515386036,31.99928321990521,32.268514958053636
1000.0,29.700553079400688,29.706367172535913,29.723829307053883,29.752998947375662,29.7939748931621,29.846894915677147,29.911935430504847,29.989311348821268,30.07927621417634,30.182122606147523,30.29818253068219,30.427827082383416,30.5714640705814,30.72953166600477,30.902485714822863,31.090778572462927,31.294828512154712,31.514981085977983,31.751466873664125,32.00436287981329,32.27356616151
1001.0,29.704480438736706,29.710299001854217,29.727774525895413,29.75696641957406,29.797973407639336,29.850933191685257,29.91602215060689,29.993455213487216,30.083485995019185,30.186407149700116,30.3025506321936,30.432287119117746,30.576023274388596,30.734194953133105,30.90725410003405,31.095647374177137,31.299785761501912,31.520006694778104,31.756533089921295,32.009436304695264,32.27861116252812
1002.0,29.708410816788557,29.7142338453059,29.73172274624266,29.760936875860477,29.80197488898615,29.854974423277753,29.92011182563394,29.99760204351575,30.087698754212056,30.190694663423173,30.306921629735278,30.43674984362149,30.580584738337798,30.738859770391333,30.912022934725403,31.100515218956094,31.304740447736723,31.525028160440296,31.76159389280176,32.01450362043017,32.28365009386225
1003.0,29.712344210485103,29.71817170007135,29.735673966006857,29.76491031528218,29.805979337591445,29.859018612038962,29.924204457591564,30.00175183961602,30.09191448823562,30.19498513541642,30.311295498289038,30.44121521398807,30.58514840324445,30.743526046836916,30.916792148923207,31.105382056146947,31.309692558483654,31.53004552111328,31.766649370046235,32.01956494818101,32.28868308291841
1004.0,29.716280616928774,29.72211256349703,29.73962818324775,29.768886736992876,29.80998675387671,29.863065759447135,29.928300048179818,30.005904601927043,30.096133192726548,30.19927855276901,30.315672211954915,30.445683188011095,30.589714210696723,30.748193713639754,30.921561675870393,31.110247838563943,31.31464208381721,31.53505881522147,31.77169960706214,32.024620404775916,32.293710252235975
1005.0,29.720220033377167,29.726056433082235,29.743585396167656,29.772866140244208,29.813997138277017,29.86711586686465,29.93239859878506,30.01006033003242,30.100354862512884,30.20357490162734,30.320051744017398,30.450153723222485,30.594282103019772,30.752862703983755,30.926331451893848,31.115112522390056,31.319589016241466,31.54006808151593,31.776744686990252,32.02967010278065,32.298731719549565
1006.0,29.72416245725673,29.73000330648702,29.747545603101795,29.77684852437341,29.818010491227962,29.871168935516508,29.936500110456034,30.014219022930693,30.10457949160681,30.20787416722543,30.32443406704035,30.454626777034388,30.59885202342881,30.75753295311308,30.93110141627209,31.11997606685073,31.32453335029845,31.545073358830688,31.78178469079771,32.03471415088701,32.303747598282975
1007.0,29.72810788614883,29.733953181524573,29.751508802510124,29.78083388878919,29.8220268131517,29.87522496647924,29.940604583896935,30.018380679048686,30.1088070732474,30.212176333948427,30.328819152929494,30.459102306773193,30.603423916005013,30.762204398254347,30.93587151112443,31.124838434116736,31.329475082514072,31.550074686092017,31.786819697347095,32.03975265400242,32.30875799765036
1008.0,29.732056317789137,29.737906056151477,29.755474992971525,29.78482223297108,29.82604610444605,29.87928396065915,29.9447120194515,30.022545296228266,30.11303759990256,30.216481385366176,30.33320697300915,30.463580269783762,30.607997725775267,30.76687697861023,30.940641681274208,31.12969958906533,31.33441421115878,31.555072102210946,31.79184978346477,32.04478571351434,32.31376302296439
1009.0,29.736007750062726,29.74186192846552,29.759444173174867,29.78881355645432,29.830068365470506,29.8833459187791,29.948822417092124,30.026712871728094,30.11727106329731,30.220789304286924,30.337597498093036,30.468060623492814,30.61257339873894,30.771550635317016,30.94541187413377,31.1345594991191,31.339350736098748,31.56006564601854,31.796875024017375,32.04981342746404,32.318762775848775
1010.0,29.73996218099482,29.74582079669386,29.763416341913643,29.79280785881204,29.83409359653431,29.88741084137427,29.95293577642413,30.03088340224416,30.121507454436305,30.22510007279971,30.34199069852849,30.472543325445315,30.61715088186362,30.776225311384398,30.950182039603348,31.13941813413657,31.34428465874182,31.565055356261226,31.801895491970814,32.05483589065716,32.32375735435002
1011.0,29.74391960875157,29.749782659194096,29.767391498076254,29.796805139655415,29.838121797882213,29.891478728763605,29.957052096653737,30.035056883880813,30.125746763617663,30.229413672325187,30.34638654430039,30.477028333427736,30.621730123183493,30.780900951698907,30.954952129923786,31.144275466137852,31.349215981721883,31.570041271443305,31.806911258478543,32.05985319497169,32.328746853327104
1012.0,29.74788003162051,29.75374751443804,29.771369640635193,29.800805398620327,29.84215296967815,29.895549581059655,29.961171376596816,30.03923331219849,30.129988980478466,30.23373008366113,30.35078500504062,30.481515605414188,30.626311071695024,30.78557750291744,30.95972209963363,31.149131469357304,31.354144709038916,31.57502342994582,31.811922392910162,32.06486542927709,32.33373136433224
1013.0,29.751843448018402,29.75771536101271,29.775350768643374,29.80480863535462,29.846187111996915,29.89962339813521,29.9652936146601,30.04341268217906,30.134234093993534,30.238049287027945,30.355186050139054,30.48600509973586,30.63089367750336,30.790254913485207,30.96449190538752,31.153986119890714,31.359070845673617,31.580001869818926,31.81692896295661,32.06987267983425,32.338710976095626
1014.0,29.755809856475075,29.761686197605624,29.77933488121817,29.80881484950578,29.8502242248149,29.903700179625574,29.969418808875393,30.04759498827286,30.138482092529763,30.242371262105287,30.359589648725812,30.490496774993705,30.635477891688673,30.794933133534165,30.969261505948733,31.15883939581204,31.363994397773414,31.58497662892395,31.82193103464497,32.07487503015104,32.34368577433768
1015.0,29.75977925563082,29.765660023002955,29.783321977538854,29.812824040714045,29.854264307990963,29.90777992491044,29.97354695684956,30.051780224375005,30.142732963848147,30.246695988088817,30.363995769796187,30.494990590216815,30.640063666435456,30.799612114879004,30.97403086200383,31.163691276833873,31.36891537230152,31.589947744755175,31.826928672440925,32.07987256135677,32.34865584222178
1016.0,29.763751644215066,29.76963683607625,29.78731205682641,29.816836208596246,29.858307361268118,29.911862633128514,29.97767805579794,30.05596838386811,30.146986695158276,30.25102344371094,30.368404382171654,30.499486504772456,30.644650954920067,30.804291810936853,30.978799936168905,31.168541744423454,31.37383377718099,31.59491525454689,31.831921939244484,32.0848653520955,32.35362126020189
1017.0,29.76772702105364,29.773616635778726,29.791305118343782,29.82085135273869,29.86235338425053,29.915948303141498,29.981812102521673,30.06015945960543,30.1512432731227,30.2553536073043,30.372815454622835,30.50398447850697,30.649239711400032,30.808972176703037,30.983568692811712,31.17339078150474,31.37874962102691,31.599879195149565,31.83691089650339,32.0898534788204,32.35858210638731
1018.0,29.771705385056972,29.777599421126002,29.795301161383353,29.824869472687904,29.866402376406274,29.92003693355364,29.985949093433007,30.064353443952072,30.155502683884514,30.259686456806193,30.377228955840952,30.508484471676653,30.65382989113256,30.813653168693804,30.988337098062193,31.178238372520564,31.383662913242542,31.604839603100206,31.841895604207323,32.09483701572839,32.36353845645572
1019.0,29.775686735209234,29.781585191200016,29.799300185256868,29.828890567934952,29.870454337054596,29.924128522679144,29.990089024534157,30.068550328777754,30.159764913105235,30.2640219698292,30.381644854529906,30.51298644505652,30.658421450427472,30.81833474490203,30.993105119644355,31.183084503212925,31.388573663799658,31.609796514543675,31.846876120978873,32.09981603500752,32.36849038393566
1020.0,29.779671070547266,29.785573945112095,29.803302189279133,29.83291463791066,29.874509265308177,29.928223068549414,29.994231891363224,30.072750105354842,30.164029945794937,30.268360123412556,30.386063119046984,30.517490359420368,30.663014346127344,30.823016864295813,30.997872726532975,31.187929160513384,31.393481883449052,31.614749965638985,31.85185250476595,32.104790607626704,32.373437963804896
1021.0,29.783658390188762,29.789565682068815,29.80730717278704,29.83694168198655,29.87856716019808,29.93232056896171,29.998377689263965,30.07695276485504,30.168297767084912,30.27270089512501,30.39048371888203,30.521996177445477,30.66760853753275,30.827699488636103,31.00263989024031,31.192772332993716,31.398387583063847,31.61969999096201,31.85682481544719,32.10976343916906,32.378540320229234
1022.0,29.78764869327701,29.79356040125723,29.811315135082538,29.840971699442147,29.882628020512726,29.936421021372137,30.0025264130057,30.08115829765623,30.172568361152315,30.277044261484797,30.394906622520093,30.52650386094659,30.67220398345999,30.832382579609238,31.007406582643892,31.19761400991424,31.403290774406507,31.62464663198057,31.861793853652994,32.114757066413766,32.38376802292825
1023.0,29.79164197899514,29.797558101906617,29.815326075458582,29.845004689472507,29.886691844877998,29.940524422964792,30.00667805703207,30.085366693815075,30.17684171196114,30.28139019907778,30.399331798920176,30.531013372738304,30.676800644209646,30.837066100682556,31.01217277733795,31.20245418177267,31.4081914720479,31.629590092272018,31.866763595465414,32.119786499926676,32.389074622285854
1024.0,29.795638246550464,29.801558783256624,29.81933999318143,29.84904065116995,29.890758631731252,29.944630770637072,30.010832615408678,30.089577942981595,30.18111780312311,30.28573868430808,30.40375921717424,30.53552467618479,30.681398481041647,30.841750016585706,31.01693844923606,31.207292840819058,31.413089724906445,31.634531166192602,31.871739323318593,32.12485397026444,32.394443599719374
1025.0,29.799637495184264,29.805562444554443,29.823356887476326,29.853079583528338,29.894828379311083,29.94874006099186,30.01499008183389,30.09379203440159,30.185396617907305,30.290089693415773,30.408188846528457,30.540037735201075,30.685997456172423,30.846434293271376,31.021703574683727,31.21212998734827,31.41798570155648,31.639471275192207,31.87672521416568,32.12995854939504,32.39986544035468
1026.0,29.803639724133184,29.809569085039215,29.827376757521968,29.857121485421548,29.898901085662533,29.95285229034248,30.019150449640204,30.098008956941484,30.189678139271034,30.294443202524086,30.412620656407846,30.544552514250235,30.6905975327395,30.851118897917228,31.026468132718843,31.2169656476395,31.422879755766225,31.6444121194551,31.881724133782594,32.13509857240946,32.405333748268866
1027.0,29.807644932628357,29.81357870393667,29.831399602440435,29.861166355607033,29.90297674862412,29.956967454713862,30.023313711798703,30.10222869909192,30.193962349879627,30.2987991876555,30.417054616440996,30.549068978380433,30.69519867481787,30.85580379917212,31.031232108936987,31.221799896982642,31.427772418926946,31.649355389795076,31.886737969559864,32.1402722763145,32.410843844419176
1028.0,29.811653119899155,29.817591300443294,29.835425421296787,29.865214192709086,29.907055365820515,29.96108554983942,30.027479860943956,30.10645124900238,30.198249232131083,30.303157624743967,30.421490696451798,30.55358709319017,30.699800847449254,30.860488967972874,31.0359955019411,31.226632874738627,31.43266434898345,31.654302627270468,31.891767938061207,32.14547798492759,32.41639211928208
1029.0,29.815664285168612,29.821606873733558,29.839454213074138,29.869264995222334,29.91113693467259,29.965206571161563,30.03164888936464,30.110676594475724,30.20253876816898,30.307518489670386,30.425928866511263,30.558106824869363,30.704404016815342,30.86517437921162,31.04075833038149,31.23146478710986,31.437556273240293,31.65925517435997,31.89681480390953,32.15071416036759,32.4219756794635
1030.0,29.81967842760086,29.82562542292581,29.843485976672415,29.873318761493255,29.915221452379125,29.969330513842486,30.035820789023703,30.11490472300324,30.206830939920497,30.311881758271348,30.430369096924167,30.562628140236363,30.709008150658253,30.869860014072636,31.045520638425963,31.236295900196826,31.442448941511927,31.664214173792413,31.901879024493528,32.15597940721834,32.42759214188586
1031.0,29.823695546336783,29.829646947099864,29.847520710916214,29.87737548972665,29.919308915921107,29.97345737275471,30.039995551550177,30.11913562176513,30.21112572908713,30.316247406377762,30.434811358269858,30.567151006833143,30.713613218953327,30.87454586258575,31.05028249860172,31.241126528055574,31.447343093714654,31.669180585428435,31.90696084622308,32.16127246311508,32.43323950125467
1032.0,29.827715640482477,29.833671445269843,29.851558414520362,29.881435177974176,29.923399322069685,29.977587142492485,30.04417316827102,30.123369277646802,30.215423117193332,30.320615409816746,30.439255621433272,30.571675393142836,30.718219194819756,30.879231925981586,31.055044012123087,31.245957019614615,31.452239438738644,31.674155209090344,31.91206037037037,32.16659218504226,32.43891603976947
1033.0,29.831738709074564,29.83769891638227,29.85559908610597,29.88549782412188,29.92749266736098,29.98171981737915,30.048353630204048,30.12760567726346,30.219723085588434,30.324985744443442,30.443701857663783,30.576201268843878,30.7228260555858,30.883918218401256,31.059805307128446,31.250787746199787,31.4571386428066,31.67913870843769,31.917177596093836,32.17193753478004,32.44462026683705
1034.0,29.835764751084213,29.84172935931785,29.85964272417812,29.889563425900416,29.931588948114523,29.98585539145686,30.052536928072616,30.13184480696768,30.22402561546434,30.329358386172476,30.448150038683416,30.58072860524046,30.727433783796354,30.888604767948387,31.064566535628803,31.255619090976694,31.4620413238353,31.684131631996422,31.92231245095678,32.17730756632359,32.450350873683256
1035.0,29.83979376542632,29.845762772857483,29.863689327122483,29.89363198086778,29.93568816042701,29.98999385849235,30.05672305231887,30.136086652869174,30.228330687893145,30.33373331100613,30.452600136806318,30.585257375683955,30.7320423681977,30.893291617006476,31.06932786984426,31.260451440444644,31.466948049384,31.68913443159844,31.927464812722512,32.182701414482544,32.456106699475576
1036.0,29.84382575092261,29.849799155697912,29.86773889320539,29.897703486415473,29.93979030016857,29.994135211994628,30.060911993098745,30.140331200838542,30.232638283828813,30.338110495102132,30.457052125130186,30.58978755608261,30.73665180446075,30.897978821998276,31.074089498324103,31.26528517775491,31.471859337282957,31.69414747828799,31.932634524452382,32.18811828492847,32.46188670608152
1037.0,29.847860706310225,29.85383850644585,29.871791420562083,29.90177793975225,29.943895362985508,29.99827944521118,30.065103740310274,30.144578436528217,30.23694838414047,30.342489914845444,30.461505977742096,30.594319125372138,30.741262095727063,30.902666452604716,31.07885162212382,31.270120677867908,31.476775657910917,31.699171075344577,31.93782140498363,32.193557445900055,32.467689958747904
1038.0,29.8518986302366,29.857880823590122,29.875846907190198,29.905855337912335,29.9480033443032,30.00242655112384,30.06929828359406,30.148828345398805,30.241260969656818,30.346871546917896,30.465961669957213,30.59885206598136,30.745873252909266,30.90735459071388,31.083614451302058,31.274958304084606,31.48169743703776,31.70420546915268,31.943025256974934,32.199018221017,32.47351561028909
1039.0,29.855939521237357,29.861926105511852,29.87990535094895,29.909935677750955,29.952114239314344,30.006576522470404,30.073495612340725,30.1530809127177,30.245576021194214,30.35125536842329,30.470419178577096,30.603386364213215,30.75048529476601,30.912043329136107,31.088378201879838,31.27979840569142,31.48662505900721,31.70925085824441,31.948245872707165,32.204499983107375,32.47936288860577
1040.0,29.859983377742605,29.865974350474794,29.88396674955212,29.914018955939824,29.95622804299638,30.01072935174156,30.0776957157009,30.157336123604484,30.249893519611526,30.355641357013432,30.474878482132315,30.60792201056146,30.75509824782506,30.91673277025821,31.093143093134287,31.28464131633347,31.491558870055815,31.714307401039914,31.953483038416216,32.210002148800164,32.485231086344555
1041.0,29.864030198077213,29.870025556615698,29.888031100561992,29.918105168957503,29.960344750100454,30.014885031186072,30.081898582610705,30.16159396303304,30.254213445861225,30.360029491000475,30.479339561135337,30.612458999954036,30.759712146121057,30.921423024640912,31.097909345308828,31.289487353197618,31.49649918169089,31.71937522208161,31.958736537280473,32.21552417398569,32.49111955269316
1042.0,29.868079980439365,29.87407972194399,29.892098401391625,29.922194313102185,29.964464355159446,30.01904355282101,30.08610420179381,30.165854415871255,30.258535781062964,30.364419749509995,30.483802398292497,30.616997331888225,30.76432703080189,30.92611420964722,31.10267717775094,31.294336816695125,31.501446273832006,31.72445441716503,31.96400615163663,32.221065549891996,32.4970276865683
1043.0,29.872132722889955,29.87813684433425,29.896168649285894,29.92628638448003,29.968586852495065,30.023204908427523,30.090312561776408,30.170117466918338,30.262860506572146,30.368812112625715,30.488266978718176,30.621537010503612,30.768942949666005,30.930806448133634,31.107446807399974,31.29918999048089,31.50640039770484,31.72954505771024,31.96929166470225,32.22662579963186,32.502954930787496
1044.0,29.87618842336121,29.882196921520187,29.900241841331518,29.930381378998533,29.97271223620352,30.027369089567507,30.094523650910315,30.174383100934424,30.267187604058158,30.373206561525812,30.49273329008664,30.626078044562686,30.773559956639456,30.93549986726801,31.112218447572054,31.304047141694745,31.511361778520918,31.734647194485678,31.974592861854685,32.232204475176616,32.508900767104066
1045.0,29.88024707965948,29.886259951081446,29.904317974449523,29.934479292379997,29.97684050016911,30.031536087593306,30.09873745738621,30.178651302684393,30.27151705559423,30.377603078626652,30.49720132276319,30.630620447396122,30.778178111220658,30.94019459745263,31.11699230699047,31.30890852138585,31.516330617960264,31.739760860706358,31.97990953152955,32.23780115470908,32.514864712029635
1046.0,29.884308689440843,29.89032593045407,29.90839704539343,29.93858012014865,29.9809716380679,30.03570589366149,30.102953969256134,30.182922056977432,30.275848843743084,30.382001647708947,30.501671069906692,30.63516423678347,30.782797477901237,30.94489077129815,31.121768589022157,31.31377436507401,31.521307096463506,31.744886074692367,31.985241465871994,32.24341544025958,32.52084631319825
1047.0,29.88837325020577,29.894394856920435,29.91247905074028,29.94268385764414,29.98510564336801,30.039878498730783,30.107173174458865,30.187195348727343,30.280182951636252,30.386402254026667,30.50614252753768,30.639709434781064,30.78741812559353,30.949588522758575,31.12654749112558,31.318644893420114,31.526291375278728,31.750022842044917,31.990588461173893,32.249046955663154,32.526845146303394
1048.0,29.89244075929896,29.898466727604752,29.91656398689659,29.94679050001594,29.98924250933782,30.044053893576685,30.11139506084843,30.191471163004987,30.284519363070043,30.390804884412237,30.510615694564244,30.644256067510447,30.79204012706318,30.954287986360715,31.131329204484036,31.323520312952883,31.531283598284944,31.75517115746732,31.995950318133623,32.25469534476831,32.53286081247957
1049.0,29.89651121392022,29.902541539466764,29.92065185010143,29.95090004221472,29.993382229055612,30.048232068815793,30.115619616223743,30.19574948508648,30.28885806259465,30.395209527367026,30.515090572772785,30.648804164929253,30.796663558385887,30.958989296549667,31.136113913775297,31.328400816796158,31.536283893609777,31.76033100633027,32.001326842034274,32.26036026984286,32.53889293599707
1050.0,29.90058461111668,29.90661928930174,29.92474263640337,29.955012478998512,29.99752479540734,30.0524130149174,30.11984682835778,30.200030300506384,30.293199035569256,30.399616173124247,30.519567166811353,30.65335376060094,30.801288498433667,30.963692587107168,31.140901796987414,31.33328658537138,31.541292375152764,31.76550236610038,32.00671784291048,32.26604141008105,32.54494116212221
1051.0,29.904660947763002,29.910699973742233,29.928836341678817,29.959127804939886,30.001670201090555,30.056596722210607,30.124076685032314,30.204313595119675,30.297542268264436,30.404024813707746,30.52404548412991,30.657904891414013,30.80591502841763,30.968397990665718,31.14569302534715,31.33817778708079,31.54630914392505,31.770685207495987,32.01212313558228,32.27173846030895,32.55100515533779
1052.0,29.908740220562915,29.914783589244138,29.932932961623077,29.963246014431927,30.00581843863624,30.06078318091645,30.128309174069667,30.2085993551594,30.301887747910634,30.408435442970944,30.52852553492912,30.662457597337358,30.81054323141605,30.973105638273445,31.150487763300415,31.34307457903238,31.551334289288807,31.775879495507265,32.01754253962811,32.277451129802,32.55708459769904
1053.0,29.912822426053612,29.918870132097705,29.937032491752635,29.967367101680686,30.009969500407013,30.064972381160096,30.132544283368293,30.212887567288156,30.30623546276836,30.412848056618646,30.533007332057814,30.667011921150817,30.815173191972704,30.97781565905736,31.15528616858266,31.34797710771527,31.556367890019267,31.781085190207992,32.02297587935679,32.28317914127182,32.563179187453976
1054.0,29.916907560601413,29.922959598416586,29.94113492740649,29.971491060714136,30.014123378614745,30.069164312992637,30.13678200094424,30.217178218652396,30.31058540218273,30.417262652232196,30.537490890931846,30.67156790818343,30.819804995692163,30.982528179879797,31.16008839226771,31.352885509658996,31.561410015386492,31.786302247622977,32.02842298375301,32.288922229812115,32.56928863762997
1055.0,29.920995620409432,29.927051984134607,29.94524026374773,29.975617885384313,30.018280065334157,30.07335896641407,30.141022314978294,30.22147129692847,30.314937556621516,30.42167922925257,30.541976229396514,30.676125606047407,30.82443872893464,30.98724332519027,31.164894578987596,31.357799912034977,31.566460725877832,31.791530620175607,32.03388368632982,32.294680142188675,32.57541267514936
1056.0,29.9250866015001,29.931147285016618,29.94934849575881,29.97974756938305,30.02243955250151,30.077556331401883,30.145265213840847,30.225766790377612,30.319291917724357,30.4260977889607,30.546463367620717,30.68068506439367,30.82907447849161,30.99196121679559,31.169704867041368,31.36272043323063,31.571520074067926,31.796770257321576,32.03935782506872,32.30045263598856,32.58155103968658
1057.0,29.929180499720154,29.935245496651376,29.953459618244814,29.98388010623318,30.026601831941473,30.081756397933265,30.149510686125858,30.230064687887715,30.323648478321616,30.43051833446968,30.550952327967334,30.685246334678475,30.833712331304426,30.99668197371269,31.174519388562416,31.36764718340036,31.57658810533618,31.80202110603079,32.04484524229181,32.30623947891864,32.5877034827492
1058.0,29.933277310737456,29.939346614453378,29.957573625838627,29.988015489303482,30.03076689537782,30.085959156012,30.153758720690714,30.234364979015936,30.328007232466305,30.434940870686283,30.55544313486767,30.689809469926722,30.838352374203474,31.001405712041542,31.17933826970408,31.372580264999534,31.5816648585534,31.807283111236856,32.05034578455202,32.312040448117756,32.59386976680029
1059.0,29.937377030047653,29.94345063365885,29.96169051301459,29.992153711820595,30.034934734456485,30.0901645956933,30.15800930669977,30.23866765401726,30.33236817544107,30.43936540425443,30.559935814688483,30.69437452452965,30.842994693722257,31.006132544923627,31.184161630850138,31.377519773243517,31.586750366603717,31.812556216146902,32.055859302506356,32.31785532961796,32.60004966458695
1060.0,29.941479652974376,29.947557549329776,29.965810274072137,29.99629476687258,30.039105340748094,30.094372707099986,30.16226243365608,30.242972703884444,30.336731303766776,30.443791943521635,30.564430395599167,30.69894155403782,30.847639375869765,31.010862582446496,31.188989586806265,31.382465796573392,31.591844656929922,31.81784036255633,32.06138565078578,32.32368391778951,32.606242958446835
1061.0,29.945585174666387,29.9516673563574,29.969932903156366,30.00043864741942,30.043278705775972,30.098583480459702,30.166518091433023,30.24728012037857,30.34109661521653,30.44822049848707,30.56892690744601,30.70351061495234,30.852286505937627,31.01559593158934,31.193822246990845,31.38741841712775,31.596947752116364,31.82313549121724,32.06692468787914,32.329526014752396,32.61244943954699
1062.0,29.949693590097958,29.95578004947173,29.974058394256307,30.004585346301567,30.047454821029714,30.102796906131932,30.1707762703007,30.251589896051286,30.345464108799547,30.452651080732263,30.57342538161569,30.708081764560905,30.85693616838892,31.020332696255842,31.198659715660114,31.392377711094095,31.602059670210735,31.828441541959315,32.07247627599006,32.33538143002216,32.61866890746557
1063.0,29.95380489407872,29.959895623230516,29.978186741209534,30.008734856259004,30.05163367798145,30.10701297462958,30.175036960954554,30.255902024259502,30.349833784754043,30.457083703360016,30.577925850907597,30.712655060791235,30.861588446724284,31.025072977270586,31.203502092111528,31.39734374907951,31.60718042511425,31.833758453910825,32.07804028092181,32.34124998009097,32.62490116969037
1064.0,29.95791908124919,29.964014072031244,29.982317937709862,30.012887169934725,30.055815268105583,30.11123167664797,30.179300154550067,30.260216499197437,30.354205644548422,30.461518380940372,30.582428349409412,30.717230562006673,30.866243423307825,31.029816872340806,31.20834947087858,31.402316596542633,31.612310027079527,31.839086165777342,32.08361657194917,32.347131487911966,32.631146040963245
1065.0,29.96203614608703,29.968135390112796,29.9864519773231,30.01704227988952,30.05999958290453,30.11545300308688,30.18356584273093,30.264533315888553,30.358579690833736,30.465955129417235,30.586932912393966,30.721808326919373,30.8709011793728,31.034564476174992,31.213201941925796,31.407296313989228,31.617448482824347,31.844424615841938,32.08920502170795,32.35302578271765,32.63740334309171
1066.0,29.96615608290757,29.972259571563562,29.990588853485946,30.021200178615018,30.064186613919496,30.1196769450738,30.187834017642224,30.26885247020721,30.36295592744573,30.4703939660665,30.59143957618134,30.72638841442882,30.875561794856292,31.039315880444214,31.21805959084443,31.41228295738211,31.622595795995668,31.849773742223963,32.09480550607371,32.35893269954933,32.64367290435737
1067.0,29.970278885868705,29.976386610326845,29.994728559519277,30.025360858546456,30.06837635275395,30.123903493986248,30.19210467195661,30.273173958880054,30.36733435936985,30.47483490941601,30.595948378034397,30.73097088350959,30.880225348356973,31.044071173852288,31.22292249903874,31.417276578394794,31.627751967388818,31.855133482960913,32.10041790405187,32.3648520789856,32.64995455919826
1068.0,29.974404548989604,29.98051650020615,29.998871088635806,30.029524312084696,30.072568791094113,30.128132641476533,30.196377798877933,30.27749777949043,30.371714992704764,30.479277979165747,30.600459356071088,30.73555579311391,30.884891917092844,31.048830442194216,31.22779074389591,31.42227722465006,31.632916995161818,31.860503776096174,32.10604209767613,32.37078376688847,32.656248147908364
1069.0,29.97853306614359,29.98464923487332,30.003016433950645,30.033690531601774,30.076763920723614,30.13236437948929,30.200653392173965,30.281823930478147,30.37609783464518,30.483723196131855,30.604972549141422,30.740143202048948,30.889561576820192,31.053593768390034,31.23266439897394,31.427284940023753,31.63809087512983,31.865884559812052,32.111677971893016,32.376727614069736,32.66255351623656
1070.0,29.98266443107076,29.98878480787668,30.00716458849227,30.037859509458563,30.080961733541272,30.13659870028066,30.20493144618438,30.28615241113072,30.380482893441183,30.488170582171513,30.609487996743546,30.744733168904947,30.894234401822448,31.058361232562667,31.237543534160753,31.432299764839208,31.643273600916963,31.871275772472565,32.117325414465675,32.38268347609214,32.668870515159135
1071.0,29.98679863738319,29.992923212647394,30.011315545213368,30.042031238018335,30.085162221581612,30.14083559643987,30.209211955828103,30.29048322158353,30.38487017836713,30.49262016011594,30.614005738929126,30.74932575195755,30.898910464861736,31.06313291208539,31.242428215846747,31.437321736114956,31.648465164186696,31.876677352716627,32.12298431587134,32.38865121299517,32.67519900055573
1072.0,29.990935678570764,29.997064442508673,30.01546929700358,30.046205709659475,30.08936537703007,30.145075060905118,30.21349491661682,30.294816362805456,30.389259699684178,30.4970719537031,30.618525816217616,30.753921009101322,30.903589837170486,31.06790888165844,31.24731850708071,31.442350887754476,31.653665554787455,31.88208923949492,32.12865456920534,32.39463068910051,32.681538832989006
1073.0,29.995075548013414,30.00120849068874,30.019625836697795,30.050382916794838,30.09357119224438,30.149317086976097,30.217780324660872,30.29915183658744,30.39365146859481,30.501525987512693,30.623048269519956,30.758518997792184,30.908272588438543,31.072689213379316,31.252214467703567,31.447387250718652,31.658874760897483,31.887511372123345,32.134336070104226,32.40062177282219,32.68788987747608
1074.0,29.99921823898528,30.005355350327346,30.023785157089215,30.054562851883357,30.09777965977089,30.153561668334113,30.222068176680857,30.303489645534924,30.398045497210493,30.50598228689762,30.627573140046113,30.76311977496266,30.912958786786476,31.077473976806928,31.257116154519526,31.45243085324925,31.66409276921264,31.892943690342722,32.14002871664089,32.406624336431264,32.69425200321941
1075.0,30.003363744675955,30.009505014490337,30.02794725094606,30.058745507448645,30.10199077235463,30.157808799045213,30.226358469992523,30.307829793042146,30.402441798513014,30.51044087793155,30.63210046927562,30.76772339701897,30.91764849880592,31.082263239036344,31.262023621387954,31.457481720946742,31.66931956499645,31.898386134323875,32.14573240926307,32.41263825596064,32.70062508350584
1076.0,30.007512058189285,30.013657476176018,30.032112111018737,30.06293087609177,30.106204522963207,30.162058473585088,30.23065120253207,30.312172283292437,30.406840386315633,30.51490178733302,30.63663029883662,30.77232991972571,30.922341789502177,31.08705706476249,31.266936919416374,31.462539877046027,31.674555132318805,31.903838644753662,32.151447050682364,32.418663410918775,32.707008995365975
1077.0,30.011663172559132,30.01781272833037,30.036279730061267,30.067118950508586,30.110420904789624,30.16631068683173,30.23494637282912,30.31651712122415,30.411241275222444,30.519365042436462,30.641162670500687,30.776939398237932,30.92703872236064,31.09185551634922,31.271856097014545,31.46760534243371,31.6797994540317,31.90930116278991,32.1571725458398,32.424699684269434,32.71340361956218
1078.0,30.015817080758552,30.02197076385481,30.04045010083724,30.071309723503198,30.11463991127801,30.170565434093746,30.239243980030984,30.32086431252958,30.415644480591524,30.523830671103436,30.64569762606699,30.781551886987803,30.93173935929532,31.096658653900104,31.276781200091747,31.472678135919605,31.685052512016668,31.914773630163985,32.16290880178457,32.43074696213653,32.71980884024214
1079.0,30.019973775720405,30.026131575623722,30.044623216136376,30.075503187991398,30.118861536126587,30.174822711103864,30.24354402387555,30.325213863609537,30.420050018489786,30.52829870170033,30.650235207367906,30.78616743973009,30.93644376071829,31.101466535315208,31.28171227208702,31.47775827422991,31.69031428714193,31.92025598912392,32.16865572764799,32.43680513380597,32.72622454494813
1080.0,30.02413325033912,30.030295156487472,30.048799068784025,30.07969933702609,30.123085773307412,30.17908251403949,30.247846504711088,30.32956578158272,30.424457905665275,30.53276916302182,30.654775456167332,30.79078610944436,30.941151985507567,31.106279216383495,31.2866493541789,31.482845772274988,31.695584759488707,31.925748182515328,32.17441323450749,32.4428740914245,32.73265060681692
1081.0,30.028295497479753,30.034461499304335,30.05297765166125,30.083898163819153,30.127312617079873,30.183344839503377,30.252151423467616,30.333920074229315,30.428868159489717,30.537242084248682,30.659318414127426,30.795407948332056,30.945864091025875,31.11109675080343,31.29159248527663,31.48794064310608,31.70086390830639,31.931250153771035,32.180181231225724,32.44895161292847,32.73895936592149
1082.0,30.032460510001606,30.038630596931508,30.057158957706527,30.088099661726,30.13154206197831,30.18760968454527,30.256458781661685,30.33827675000329,30.43328079795212,30.541717494918032,30.663864122817238,30.800033007856108,30.950580133196404,31.115919190307626,31.296541702196496,31.493042898109877,31.706151712115247,31.936761842020577,32.18595903491731,32.45501957051123,32.745174339221236
1083.0,30.036628280769918,30.04280244224741,30.06134297994334,30.09230382428457,30.135774102850124,30.191877046670598,30.260768581382983,30.34263581799041,30.43769583959438,30.54619542486197,30.66841262360512,30.80466133864353,30.955300166466305,31.120746584681765,31.301497039742845,31.498152547094417,31.711448146800798,31.942283056333956,32.191743415404,32.461065875022854,32.751332755383494
1084.0,30.04079880265329,30.046977028161304,30.06552971147778,30.096510645211755,30.140008734849854,30.196146923821185,30.265080825297,30.346997287892897,30.44211330348853,30.55067590417154,30.672963957659334,30.809292990511253,30.960024243848796,31.125578981846324,31.30645853077928,31.50326959776783,31.71675316043697,31.94781313209041,32.197530095498756,32.4670886902629,32.757447819430745
1085.0,30.044972068555843,30.051154347637123,30.06971914552197,30.100720118425052,30.144245953453893,30.200419314397813,30.269395516618868,30.351361169999624,30.44653320920269,30.55515896314878,30.67751816589639,30.81392801244381,30.964752416939977,31.13041642790754,31.311426206169674,31.50839405075373,31.722066604882848,31.953350901915602,32.2033156856063,32.4730887151216,32.76352711889383
1086.0,30.049148071420962,30.055334393692213,30.073911275406395,30.104932238048953,30.14848575445592,30.204694217252918,30.273712659117898,30.35572747517218,30.450955576754293,30.55964463228153,30.68207528896652,30.81856645258562,30.969484735949884,31.135258967174327,31.316400093814035,31.51352588520941,31.727388183262644,31.958894975242636,32.209097848369424,32.47906724066991,32.76957574077072
1087.0,30.053326804243127,30.059517159408028,30.07810609458439,30.10914699842422,30.152728133988298,30.208971631681532,30.278032257092885,30.360096214814146,30.455380426597817,30.564132942194128,30.68663536721778,30.823208358238926,30.974221249715356,31.140106642010803,31.321380215587887,31.518665040480016,31.73271745591838,31.964443968693306,32.214875033118986,32.48502563846048,32.775597393476446
1088.0,30.057508260076702,30.06370263796236,30.082303596653492,30.113364394116765,30.15697308851795,30.213251557429892,30.28235431537136,30.364467400855272,30.45980777957585,30.56862392363258,30.691198440671148,30.827853775857875,30.9789620056845,31.144959492189404,31.32636658220895,31.523811403901266,31.738053881420587,31.969996620149903,32.220646227178605,32.490965210212885,32.78159493112806
1089.0,30.061692432061854,30.067890822623223,30.086503775358405,30.117584419931106,30.16122061485004,30.21753399468872,30.286678839289195,30.368841045725965,30.464237656895047,30.573117607400437,30.695764548999993,30.832502751034475,30.983707049772892,31.149817553581553,31.331359187575014,31.52896480865912,31.743396862810418,31.975551826692705,32.22641078099314,32.496887148330764,32.78757063353531
1090.0,30.06587931342989,30.072081706772593,30.09070662460951,30.12180707092027,30.165470710139225,30.22181894408358,30.291005834689983,30.37321716232143,30.46867008009558,30.57761402436825,30.70033373150861,30.837155328463513,30.98845642606511,31.154680856305127,31.336358004471904,31.53412503951014,31.74874578471432,31.981108645886156,32.23216829266368,32.50279253172768,32.79352637170547
1091.0,30.07006889751133,30.076275283912633,30.09491213849166,30.126032342383965,30.16972337188428,30.22610640668934,30.29533530789652,30.377595764005555,30.473105071027906,30.582113205410153,30.70490602709608,30.841811551848572,30.993210176271198,31.159549422703396,31.3413629822749,31.539291842191556,31.754100039714572,31.986666282463016,32.23791852975903,32.5086823333749,32.79946371502737
1092.0,30.074261177753257,30.080471547668918,30.099120311268145,30.13026022988722,30.173978597952306,30.230396384014806,30.299667265701547,30.381976864567676,30.47754265180646,30.58661518139912,30.70948147423075,30.846471463773383,30.99796833901411,31.164423265487784,31.346374046710427,31.54446493410533,31.759459045248732,31.992224069667515,32.24366137694727,32.51455743147652,32.805384002997975
1093.0,30.07845614773539,30.084670491817732,30.10333113739336,30.134490729259497,30.178236386542505,30.23468887798297,30.30400171536579,30.386360478207155,30.481982844810506,30.591119983161363,30.714060110891573,30.851135105449682,31.002730948988525,31.16930238635645,31.351391101355524,31.549644014294962,31.76482225270668,31.99778145025801,32.24939680176523,32.52041862092914,32.81128839336257
1094.0,30.082653801152667,30.088872110297423,30.107544611533424,30.138723836609127,30.182496736220088,30.238983890950184,30.30833866458963,30.390746619516015,30.48642567263693,30.595627641453913,30.71864197447481,30.855802516408065,31.00749803613906,31.174186775206607,31.356414030069054,31.5548287719132,31.770189152241965,32.00333795969187,32.25512482958074,32.526266623450354,32.81717789904057
1095.0,30.08685413187584,30.093076397202392,30.111760728558533,30.142959548321645,30.186759645907244,30.243281425691247,30.312678121504764,30.395135303455813,30.490871158080868,30.600138186911714,30.72322710169578,30.860473734143252,31.01226962493865,31.17907640988267,31.36144269994245,31.560018893081683,31.775559274353405,32.008893211254424,32.26084552625925,32.53210209668803,32.82305341509482
1096.0,30.091057133937404,30.097283346802357,30.115979483563866,30.14719786106953,30.191025114883146,30.247581485387254,30.31702009466861,30.39952654533191,30.495319324092474,30.604651650002463,30.727815528428206,30.86514879372658,31.01704573376521,31.18397125639082,31.3664769644574,31.565214066300957,31.780932189404112,32.014446883264576,32.266558986051955,32.53792564218812,32.82891573896787
1097.0,30.095262801516807,30.10149295355557,30.120200871870345,30.151438771817546,30.19529314278023,30.251884073620587,30.321364593042446,30.403920360773864,30.499770193774648,30.60916806096031,30.732407289527565,30.869827727411327,31.02182637449894,31.18887126954245,31.37151666659701,31.570413986324986,31.786307505732818,32.01999870870671,32.27226532328341,32.54373781202469,32.83476558576097
1098.0,30.09947112898579,30.105705212119673,30.124424889038107,30.15568227782363,30.199563729585094,30.256189194376557,30.3257116259651,30.40831676571635,30.504223790317525,30.61368744970342,30.73700241865676,30.874510564277486,31.02661155230166,31.19377639385079,31.376561641623965,31.57561835692607,31.791684867426753,32.02554846652897,32.27796466577076,32.54953911449363,32.84060360105571
1099.0,30.10368211092458,30.10992011735634,30.128651530870826,30.159928376640867,30.20383687563839,30.260496852023973,30.330061203153267,30.412715776375833,30.508680136973947,30.61820984574214,30.74160094805822,30.879197329924793,31.031401265554788,31.198686564522866,31.381611719564102,31.580826892864142,31.79706395182444,32.03109597429481,32.28365715011815,32.555330019106286,32.84643037096812
1100.0,30.10789574208992,30.11413766433419,30.13288079342185,30.164177066125006,30.208112581639334,30.2648070513146,30.334413334691085,30.417117409218154,30.51313925700589,30.622735278075957,30.74620290835827,30.88388804622111,31.036195505933662,31.203601708582035,31.386666727421087,31.58603932120902,31.80244446681669,32.03664108195766,32.289342918247236,32.56111096089912,32.8522464303797
1101.0,30.112112017448283,30.118357848350453,30.137112672994828,30.16842834444184,30.21239084863947,30.26911979737382,30.33876803100478,30.42152168094052,30.517601173621976,30.62726377507985,30.750808328374724,30.888582731122458,31.04099425863525,31.208521746018206,31.391726491002697,31.59125538198582,31.807826148136083,32.04218366692679,32.29502211506263,32.56688234402982,32.85805226940102
1102.0,30.116330932198828,30.122580664930165,30.14134716616505,30.172682210064437,30.21667167803111,30.273435095695298,30.34312530284132,30.425928608437026,30.522065909933545,30.63179536438806,30.755417234930267,30.89328139856328,31.045797502702808,31.213446590904827,31.396790836442086,31.596474828423087,31.813208756847967,32.047723629947846,32.30069488663186,32.57264454490222,32.863848338829236
1103.0,30.12055248176107,30.126806109832575,30.14558426977393,30.176938661769707,30.22095507155661,30.27775295211843,30.34748516126421,30.430338208760045,30.526533488872282,30.636330072762057,30.760029652691763,30.897984058399047,31.050605211414265,31.218376152456273,31.401859591422873,31.60169742697222,31.81859207704915,32.053260891576976,32.30636137876662,32.578397914924246,32.869635054871324
1104.0,30.124776661782136,30.131034179063523,30.14982398092962,30.18119769864525,30.225241031300943,30.282073372836678,30.35184761761861,30.43475049908804,30.531003933132393,30.640867925980157,30.764645604041235,30.902690716423592,31.055417352703877,31.2233103359809,31.40693258616632,31.6069229571365,31.82397591373463,32.0587953891776,32.31202173597555,32.58414278291809,32.8754128030933
1105.0,30.129003468152014,30.13526486887624,30.154066297017767,30.185459320089258,30.22952955967967,30.28639636437252,30.356212683526383,30.43916549667795,30.535477265084428,30.64540894873034,30.769265108966987,30.907401374428993,31.06023388962345,31.228249043786366,31.412009654239316,31.61215121114587,31.829360090772067,32.06432707441215,32.31767610075012,32.589879457248365,32.88118194176068
1106.0,30.13323289701175,30.13949817577793,30.158311215710377,30.18972352581389,30.23382065944347,30.29072193357238,30.360580370846694,30.443583218831037,30.539953506707054,30.64995316449146,30.773888184986966,30.9121160302958,31.065054780803397,31.233192175989664,31.417090633185214,31.617381993503077,31.83474444909085,32.069855911142575,32.32332461302396,32.59560822768578,32.88694280472815
1107.0,30.13746494474868,30.143734096544186,30.162558734960054,30.193990315845017,30.238114333674485,30.295050087588674,30.364950691658198,30.44800368284588,30.544432679510052,30.65450059544246,30.778514847099622,30.91683467815276,31.069879980941238,31.23813963124096,31.422175364953315,31.622615120448547,31.84012884505965,32.0753818736848,32.328967409836416,32.60132936700863,32.892695703830825
1108.0,30.141699608007297,30.14797262821482,30.166808853006813,30.19825969051618,30.242410585777755,30.299380833871655,30.36932365822839,30.452426905962223,30.548914804455862,30.65905126237449,30.783145107753334,30.921557308532723,31.07470944126247,31.243091307358338,31.427263696237116,31.62785041941057,31.845513148996133,32.080904945298535,32.334604625077596,32.60704313245814,32.89844093104028
1109.0,30.14593688369889,30.152213768095326,30.17106156838109,30.2025316504663,30.246709419470793,30.30371418015551,30.373699282990035,30.45685290530739,30.553399901885314,30.663605184621236,30.787778976852813,30.92628390856942,31.079543109965247,31.248047101850155,31.432355478647803,31.63308772842101,31.850897243890163,32.086425116981886,32.340236389356164,32.61274976697364,32.904178760242715
1110.0,30.15017676901149,30.156457513770505,30.17531687990617,30.20680619664811,30.251010838778278,30.30805013443266,30.378077578517786,30.461281697859615,30.557887991452997,30.668162379998925,30.79241646178495,30.931014462199048,31.084380932633348,31.25300691239905,31.43745056887808,31.638326895563235,31.856281024191265,32.09194238629936,32.34586282985583,32.61844950039852,32.90990944897186
1111.0,30.15441926140201,30.1607038631094,30.17957478669112,30.211083330321657,30.255314848028455,30.312388704938147,30.382458557469967,30.46571330039269,30.562379092059487,30.672722864768183,30.797057567455177,30.9357489503697,31.089222852630016,31.257970637271203,31.442548828791406,31.643567778418756,31.861664394726866,32.097456756451336,32.35148407029248,32.62414255049891,32.915633239823805
1112.0,30.158664358593683,30.164952814253816,30.18383528814489,30.215363053048122,30.259621451835436,30.316729900143347,30.386842232575354,30.47014772941559,30.56687322179489,30.677286653579607,30.801702296347436,30.940487351255133,31.094068811462847,31.26293817567027,31.447650125422836,31.64881024350871,31.86704726972128,32.102968235460075,32.35710023092113,32.62982912388205,32.92135036173372
1113.0,30.162912058599773,30.169204365635967,30.188098383970164,30.219645366686265,30.263930655093407,30.321073728720613,30.39122861659452,30.474585001134223,30.57137039788581,30.68185375946998,30.806350648589376,30.945229640479187,31.098918749134995,31.26790942802433,31.452754330956385,31.6540541657624,31.872429571927846,32.108476835477106,32.36271142855605,32.63550941683187,32.927061031115635
1114.0,30.167162359718727,30.173458515973607,30.192364074165823,30.2239302733876,30.26824246296576,30.325420199530193,30.39561772228886,30.47902513139863,30.575870636643845,30.686424193834704,30.811002622025928,30.949975791328676,31.10377260447333,31.272884296270778,31.457861322684114,31.659299427989534,31.877811231770206,32.11398257211355,32.36831777660544,32.64118361611846,32.93276545295666
1115.0,30.171415260535632,30.177715264270127,30.196632359019763,30.228217775594942,30.272556880877964,30.329769321596128,30.40000956238644,30.483468135664285,30.580373953430747,30.690997966445845,30.815658212331215,30.954725774965034,31.1086303153696,31.277862683974725,31.462970982834737,31.66454592041165,31.883192186779908,32.11948546410719,32.373919385180265,32.646851899547094,32.93846382149744
1116.0,30.175670759911185,30.181974609817626,30.200903239113185,30.232507876034962,30.276873914494626,30.334121104077507,30.404404149533907,30.487914028935013,30.584880362619504,30.695575085467087,30.820317413102902,30.95947956063038,31.1134918190648,31.28284449653057,31.46808319850745,31.669793540198455,31.888572380892935,32.12498553277553,32.37951636114443,32.652514436642974,32.944156321153606
1117.0,30.1799288569963,30.18623655219975,30.20517671531522,30.236800577712174,30.281193569711437,30.338475556253094,30.408801496271916,30.492362825731934,30.589389877566298,30.700155557451097,30.82498021595478,30.9642371158484,31.118357052391,31.287829641311966,31.473197861543444,31.67504219101264,31.893951763833936,32.13048280159564,32.38510880819304,32.65817138924289,32.949843127290535
1118.0,30.184189551236628,30.190501091294593,30.20945278878107,30.24109588389943,30.285515852636863,30.342832687499435,30.413201614999913,30.49681454005998,30.59390251059969,30.704739387369465,30.82964661062849,30.968998406606655,31.123225951947465,31.292818027729492,31.478314868367928,31.68029178263617,31.89933029067437,32.135977295926466,32.39069682694627,32.663822911937025,32.95552440679146
1119.0,30.188452842372033,30.194768227263094,30.21373146095631,30.24539379813396,30.28984076958634,30.347192507250604,30.4176045179426,30.50126918536845,30.598418272992753,30.70932657865868,30.834316585096488,30.97376339753348,31.128098454306897,31.297809567327967,31.483434119856433,31.685542230577656,31.904707921315243,32.14146904269123,32.39628051503237,32.66946915257575,32.96120031870001
1120.0,30.19271873042562,30.19903796055542,30.21801273356283,30.24969432420173,30.294168327054294,30.35155502498874,30.422010217116775,30.505726774523247,30.602937174962587,30.713917133252547,30.838990125676837,30.97853205206255,31.132974496170892,31.302804173836634,31.488555521176846,31.690793455708135,31.910084620079935,32.146958070131774,32.40185996719034,32.675110252680135,32.966871014736846
1121.0,30.196987215710454,30.203310291906348,30.22229660860079,30.253997466131793,30.2984985317046,30.355920250212034,30.42641872430028,30.510187319773355,30.607459225651343,30.718511051617657,30.843667217136204,30.98330433261046,31.137854014558254,31.307801763246246,31.493678981645807,31.69604538388229,31.915460355236004,32.152444407509854,32.40743527535545,32.68074634791485,32.972536639905265
1122.0,30.201258298822808,30.207585222338242,30.226583088334756,30.25830322818678,30.30283139034703,30.36028819241035,30.430830051011228,30.51465083274446,30.611984433148464,30.723108332816068,30.848347842796457,30.988080200691297,31.142736946851485,31.312802253742465,31.498804414547546,31.70129794570159,31.920835098833816,32.15792808506498,32.413006528772534,32.686377568290446,32.978197332709286
1123.0,30.20553198064479,30.211862753153397,30.23087217529536,30.262611614852215,30.30716690992596,30.364658861043402,30.435244208470255,30.519117324395655,30.61651280446839,30.72770897453295,30.85303198464077,30.992859617103992,31.14762323102072,31.317805565826347,31.50393173700166,31.706551076101473,31.926208826146247,32.163409133651626,32.418573814072,32.69200403870147,32.98385322585424
1124.0,30.20980826234297,30.216142885927734,30.235163872267293,30.266922630824414,30.311505097500582,30.369032265520797,30.439661207582798,30.52358680502045,30.62104434559495,30.73231297315292,30.85771962341356,30.997642542009526,31.152512805611288,31.322811622194987,31.50906086977716,31.711804714201826,31.9315815156339,32.16888758480305,32.42413721537154,32.69762587901141,32.98950444630798
1125.0,30.21408714535898,30.22042562250966,30.239458182287354,30.271236280995343,30.315845960228273,30.373408415171873,30.44408105890835,30.52805928422655,30.625579061464745,30.736920323801634,30.86241073872078,31.002428935080026,31.15740560989544,31.327820347798347,31.51419173717065,31.717058802964,31.93695314851601,32.17436347045561,32.429696814362835,32.70324320448039,32.99515111585935
1126.0,30.218368631409366,30.224710965012612,30.243755108636503,30.275552570440546,30.320189505347432,30.37778731922534,30.448503772638272,30.532534770925718,30.63011695599399,30.741531020408264,30.86710530912876,31.007218755601862,31.16230158392279,31.332831669787257,31.519324266840655,31.722313288975933,31.942323708592287,32.17983682289332,32.435252690401704,32.708856125972886,33.0007933513556
1127.0,30.222652722478998,30.22899891581403,30.248054654823544,30.279871504410885,30.32453574015183,30.382168986786247,30.452929358590673,30.537013273333073,30.63465803210611,30.746145055756536,30.871803312242456,31.01201196255754,31.167200668568892,31.33784551748203,31.5244583896798,31.727568122260596,31.94769318205523,32.185307674659924,32.44080492057498,32.71446475017894,33.006431264963624
1128.0,30.226939420817576,30.233289477546506,30.252356824584346,30.2841930883155,30.328884671979857,30.386553426814682,30.457357826173705,30.54149479894954,30.639202291735693,30.750762421542234,30.87650472481297,31.016808514759237,31.172102805635458,31.342861822368818,31.529594039657294,31.73282325598459,31.953061557193273,32.19077605840816,32.44635357980353,32.72006917992336,33.01206496455143
1129.0,30.23122872892804,30.23758265308846,30.256661621864044,30.288517327707254,30.333236308194312,30.390940648112956,30.461789184382134,30.545979354578932,30.643749735872678,30.7553831084334,30.88120952279941,31.021608370883097,31.177007937836738,31.34788051803403,31.534731153710307,31.738078646345954,31.95842882432626,32.1962420068974,32.451898740906735,32.72566951427604,33.01769455379591
1130.0,30.235520649568105,30.241878445557713,30.260969050815714,30.292844228269875,30.3375906561633,30.39533065929851,30.466223441781143,30.55046694631541,30.64830036457148,30.760007106119435,30.885917681455034,31.026411489577278,31.18191600886789,31.35290154013161,31.53986967159305,31.74333425234401,31.963794975569307,32.20170555288652,32.45744047468372,32.731265848800476,33.02332013250265
1131.0,30.239815185741232,30.24617685830325,30.265279115787614,30.29717379580326,30.3419477232431,30.399723468788164,30.470660606490128,30.55495757954686,30.652854176980483,30.76463440337011,30.89062917540801,31.03121782953641,31.18682696343907,31.357924826345233,31.5450095357495,31.748590035593644,31.969160004673142,32.207166729069314,32.46297884999261,32.73685827574776,33.028941796825094
1132.0,30.244112340682,30.25047789489781,30.269591821305568,30.301506036211997,30.346307516763726,30.40411908478586,30.4751006861785,30.559451258964987,30.657411171379515,30.769264988091646,30.89534397872724,31.036027349544575,31.191740747275933,31.362950316331762,31.550150691208664,31.753845960205144,31.97452390693438,32.21262556805728,32.46851393380969,32.74244688417789,33.03455963940148
1133.0,30.248412117853245,30.254781559128812,30.273907172066668,30.305840955490027,30.35067004401011,30.40851751526193,30.47954368805056,30.563947988564138,30.661971345201316,30.77389884738152,30.900062065001357,31.040840008558938,31.19665730716039,31.367977951679663,31.55529308544685,31.75910199258797,31.979886679016463,32.21808210230645,32.474045791309955,32.748031760165226,33.04017374960197
1134.0,30.25271452093303,30.259087854986166,30.278225172927037,30.310178559702752,30.3550353122085,30.41291876794471,30.48398961884778,30.568447771658892,30.666534695063593,30.77853596757274,30.904783407380215,31.04565576573124,31.201576590921622,31.373007675846544,31.560436668303872,31.764358101362912,31.98524831889088,32.22353636410781,32.47957448592057,32.75361298690101,33.04578421363608
1135.0,30.257019553806582,30.263396786655083,30.28254582888928,30.314518854974974,30.3594033285091,30.41732285030225,30.488438484835683,30.572950610885474,30.671101216799023,30.783176334293284,30.909507978656237,31.050474580481442,31.20649854746292,31.378039434113326,31.565581391851854,31.769614257186173,31.99060882568548,32.22898838553488,32.485100079395345,32.75919064487044,33.051391114763035
1136.0,30.261327220561885,30.267708358502336,30.286869145088694,30.318861847474498,30.363774099971245,30.4217297695317,30.492890291804734,30.57745650822466,30.675670905490076,30.78781993250894,30.914235751301064,31.055296412515194,31.21142312673861,31.383073173542954,31.570727210319703,31.774870432670966,31.995968199629495,32.23443819842814,32.490622631857704,32.76476481193685,33.056994533393365
1137.0,30.265637525477437,30.272022575067925,30.29119512678227,30.323207543397338,30.368147633547405,30.426139532544468,30.497345045062108,30.581965465005588,30.680243755497607,30.792466746578445,30.918966697536757,31.060121221884714,31.216350279776947,31.38810884292121,31.575874079971484,31.780126602231807,32.00132644192527,32.23988583435601,32.4961422018739,32.77033556350646,33.06259454727459
1138.0,30.269950473003245,30.276339441049675,30.295523779335984,30.327555948960928,30.37252393607609,30.430552145966796,30.501802749442845,30.586477481923264,30.684819760487624,30.797116760284883,30.923700789363902,31.06494896899803,31.221279958663462,31.393146392708513,31.581021959038743,31.785382742011052,32.00668355469871,32.2453313246143,32.50165884649373,32.77590297260188,33.06819123156989
1139.0,30.274266067758003,30.28065896129458,30.299855108212306,30.33190707038488,30.376903014262233,30.434967616120073,30.506263409298178,30.59099255904915,30.689398913465563,30.801769956894155,30.928437998630358,31.069779614675326,31.226212116550162,31.39818577499017,31.586170807604567,31.79063882973635,32.012039540882654,32.25077470018399,32.507172621317785,32.78146711001413,33.073784659037884
1140.0,30.278584314543156,30.284981140822364,30.30418911898525,30.33626091390996,30.381284874699315,30.43938594905126,30.510727028522016,30.595510695841227,30.693981206758,30.80642631907862,30.933178296886062,31.074613119930564,31.23114670737521,31.403226943154,31.591320587308378,31.795894844533507,32.017394404193475,32.256215991909336,32.51268358086647,32.78702804479415,33.07937490141322
1141.0,30.28290521821079,30.28930598467256,30.308525817199893,30.340617485651986,30.38566952372187,30.44380715040451,30.515193610477258,30.60003189118469,30.69856663225033,30.811085829393843,30.93792165609945,31.079449446903716,31.236083686923106,31.408269852939462,31.596471262199557,31.80115076735502,32.02274814900145,32.26165522976888,32.518191778630204,32.79258649363294,33.085001259584814
1142.0,30.287228783832187,30.293633498096842,30.312865208566127,30.344976791799052,30.39005696761069,30.448231225594387,30.51966315811738,30.604556143383075,30.703155181101447,30.815748469667852,30.942668047681973,31.084288557504447,31.241023011192553,31.413314460736228,31.601622797247305,31.806406580105246,32.02810078037403,32.26709244545978,32.52369745013473,32.79814806436358,33.090656523481336
1143.0,30.29155501657047,30.297963686418125,30.317207298798646,30.349338838451622,30.394447212430894,30.45265817967952,30.52413567390699,30.609083450180414,30.707746843979514,30.82041422147447,30.947417443212473,31.08913041436519,31.245964637474426,31.41836072464459,31.606775159209988,31.811662266087467,32.033452304562104,32.27252771025342,32.529201613501556,32.80371650556271,33.09632928468071
1144.0,30.29588392169009,30.302296555041252,30.321552093643195,30.353703631648887,30.398840264067182,30.457088017392273,30.52861115985042,30.613613808778563,30.712341611044174,30.825083066048034,30.95216981427703,31.093974980625386,31.250908524071576,31.423408604148555,31.611928316319585,31.816917809984886,32.03880273670107,32.27796124097431,32.534705607789036,32.809292413154985,33.10201551432543
1145.0,30.30021550455322,30.306632109457023,30.325899598869263,30.35807117736435,30.403236128198824,30.461520743131093,30.53308961749244,30.618147215866756,30.716939471964604,30.829754984333274,30.956925132519462,31.09882221991622,31.25585463027443,31.42845806007808,31.617082238287807,31.82217319935794,32.04415212183147,32.28339340883527,32.54021049848905,32.81487560257173,33.10771290998562
1146.0,30.304549770603977,30.310970355202354,30.330249820251886,30.362441481477106,30.40763481031599,30.465956360962405,30.537571047936815,30.62268366761932,30.72154041596283,30.834429957008265,30.961683369647606,31.103672096405077,31.260802916346947,31.433509054568994,31.62223689654815,31.827428428993613,32.0495005510484,32.288824653704566,32.54571702677213,32.82046570537914,33.11341993861212
1147.0,30.308886725353766,30.31531129787479,30.334602763560163,30.36681454978574,30.412036315688482,30.47039487461726,30.542055451842028,30.627223159733845,30.72614443182373,30.839107964513666,30.96644449748105,31.10852457478765,31.2657533435122,31.43856155109901,31.627392265156484,31.83268350658539,32.05484815960058,32.2942554126019,32.55122569184503,32.8260623286712,33.1191354875073
1148.0,30.313226374360163,30.31965494311049,30.338958434544494,30.37119038796965,30.416440649378117,30.47483628748979,30.54654282943485,30.63176568742231,30.730751507931522,30.84378898708467,30.971208487949614,31.11337962028527,31.270705873951517,31.44361551464495,31.632548322346324,31.837938456347093,32.060195114356674,32.29968608555302,32.55673682618596,32.831665099094565,33.1248587082243
1149.0,30.31756872324255,30.324001296564276,30.34331683893274,30.375569001605463,30.420847816222192,30.47928060264594,30.551033180519166,30.636311245459353,30.73536163228822,30.848473004773222,30.975975313129837,31.11823719866702,31.27566047083859,31.448670912067268,31.63770505221722,31.843193319738244,32.06554159942066,32.30511702316671,32.56225065056291,32.837273676656224,33.130588926472534
1150.0,30.321913777634684,30.32835036390982,30.347677982407173,30.379950396144118,30.425257820826143,30.483727822809982,30.5555265044784,30.64085982817781,30.739974792539215,30.85315999748445,30.98074494525938,31.12309727626347,31.280617098419512,31.4537277126687,31.642862446047644,31.84844815363399,32.070887804801075,32.3105485265839,32.56776730886873,32.84288775527472,33.13632559333959
1151.0,30.326261543202524,30.33270215081583,30.352041870601617,30.38433457690754,30.42967066756882,30.488177950368755,30.560022800293687,30.645411429495642,30.7445909760067,30.85784994498427,30.98551735675328,31.127959819985428,31.28557572216759,31.458785888762296,31.648020502964307,31.853703027428395,32.076233918296474,32.31598085148022,32.5732868921312,32.848507060713295,33.14206825209571
1152.0,30.330612025606285,30.33705666294849,30.3564085090965,30.38872154906705,30.43408636059156,30.49263098738572,30.56452206654715,30.64996604293129,30.749210169697086,30.862542826932565,30.990292520238615,31.132824797382266,31.29053630899543,31.46384541625164,31.653179229994198,31.858958019666403,32.0815801201607,32.321414213863825,32.57880945516263,32.85413134713671,33.14781651547174
1153.0,30.33496523051126,30.341413905950073,30.360777903386644,30.393111317654242,30.438504903785976,30.497086935596162,30.56902430143192,30.654523661614686,30.753832360326854,30.867238622908367,30.995070408560988,31.13769217671877,31.295498827500904,31.46890627503289,31.658338641578485,31.864213214987053,32.08692658037262,32.32684879586166,32.58433502672141,32.85976039360909,33.15357005146406
1154.0,30.33932116356251,30.345773885434696,30.365150058897143,30.397503887543813,30.44292630080669,30.501545796404073,30.57352950276642,30.65908427831824,30.758457534355117,30.871937312435488,30.999850994844525,31.142561927042838,31.30046324821481,31.473968449215974,31.663498758786535,31.86946870142365,32.09227345706931,32.33228475105119,32.589863617490266,32.86539400093968,33.15932857161044
1155.0,30.343679830394255,30.350136606960152,30.369524980952608,30.40189926344277,30.44735055506813,30.50600757088222,30.578037668001905,30.663647885459778,30.763085677991374,30.87663887499783,31.004634252515526,31.147434018325683,31.305429543815336,31.479031927176145,31.668659608361562,31.874724568346995,32.09762089621155,32.33772220886291,32.595395225024504,32.87103198901457,33.16509182323528
1156.0,30.3480412365786,30.354502076030975,30.37390267478205,30.406297449894478,30.451777669725733,30.510472259792813,30.582548794225744,30.668214475124323,30.767716777223644,30.88134329007192,31.00942015535121,31.152308421577033,31.3103976892946,31.484096701453172,31.673821221746113,31.87998090484646,32.102969031696816,32.34316127843916,32.60092983753873,32.87667419438818,33.17085958324442
1157.0,30.35240538763712,30.35887029810382,30.378283145508927,30.410698451268875,30.456207647681946,30.51493986358189,30.58706287818108,30.67278403907132,30.77235081783306,30.88605053715599,31.014208677560788,31.157185108953705,31.315367662083766,31.4891627685371,31.678983634137985,31.88523779843568,32.10831798578732,32.34860205194364,32.60646743675489,32.88232046821645,33.17663165307705
1158.0,30.356772289049214,30.36324127854598,30.382666398135132,30.41510227175172,30.460640491593562,30.519410382381075,30.59157991627635,30.67735656876903,30.77698778542583,30.890760595813063,31.01899979383586,31.162064053876254,31.320339442117156,31.494230128615918,31.68414688357966,31.890495334132698,32.113667869806704,32.354044607316666,32.61200799992601,32.887970674479064,33.182407854782795
1159.0,30.361141946224564,30.367615022643303,30.387052437537633,30.419508915338355,30.465076203866477,30.523883816007732,30.596099904589583,30.68193205539745,30.781627665447775,30.895473445699473,31.02379347942515,31.166945231117083,31.325313011828843,31.499298785230796,31.68931101016079,31.89575359386945,32.11901878495968,32.359489010485895,32.61755150120945,32.89362468849955,33.188188028067756
1160.0,30.365514364482515,30.371991535587643,30.391441268459825,30.42391838583709,30.469514786651715,30.5283601639854,30.600622838881595,30.686510489866652,30.786270443214043,30.900189066605737,31.028589710197345,31.171828616873906,31.33028835611949,31.504368744903676,31.69447605533539,31.901012656132018,32.124370823179206,32.36493531719377,32.62309791263663,32.8992823956875,33.19397202794158
1161.0,30.369889549049223,30.37637082247105,30.3958328955079,30.42833068686454,30.473956241842465,30.53283942553866,30.605148714609236,30.69109186283397,30.790916103935505,30.904907438504218,31.033388462708835,31.17671418882636,31.33526546228173,31.50944001675704,31.699642061345536,31.906272595742365,32.129724067930766,32.37038357452658,32.6286472048685,32.90494369044611,33.1997597227251
1162.0,30.3742675050656,30.380752888275453,30.40022732314128,30.432745821837813,30.478400571077138,30.537321599591593,30.609677526935137,30.69567616472449,30.795564632745158,30.909628541598316,31.038189714264494,31.181601926170913,31.340244319888875,31.51451261216472,31.704809070750958,31.91153348372873,32.13507859493306,32.37583382222209,32.63419934784947,32.91060847520834,33.205550992279214
1163.0,30.378648237566683,30.38513773786407,30.40462455566217,30.437163793971383,30.48284777574453,30.54180668478966,30.61420927073506,30.70026338574913,30.800216014727955,30.914352356359707,31.042993442966253,31.18649180962447,31.345224920660453,31.519586544438305,31.709977126037483,31.91679538730131,32.14043447284916,32.3812860937556,32.63975431127036,32.91627665960788,33.21134572657317
1164.0,30.383031751466667,30.389525375973264,30.409024597216952,30.441584606270563,30.487297856986515,30.546294679491325,30.61874394061753,30.704853515923478,30.804870234953697,30.9190788635711,31.04779962776157,31.19138382142374,31.3502072583364,31.52466182850202,31.71514626924361,31.922058369866637,32.145791763983254,32.3867404173401,32.645312064926436,32.92194815970841,33.21714382439309
1165.0,30.387418051558697,30.39391580720262,30.413427451788618,30.44600826153431,30.4917508156894,30.55078558177916,30.62328153093457,30.7094465450878,30.80952727850528,30.92380804437283,31.052608248468538,31.196277945298615,31.35519132851532,31.529738480592357,31.720316541737045,31.927322491160773,32.15115052488257,32.39219681659466,32.650872578853715,32.927622897425444,33.22294519250299
1166.0,30.391807142503716,30.398309036012474,30.41783312318432,30.45043476235028,30.496206652488283,30.55527938947339,30.627822035785716,30.71404246292993,30.81418713051348,30.928539880297752,31.05741928581308,31.20117416645035,31.36017712851387,31.534816518006938,31.72548798399973,31.932587807357535,32.15651080688896,32.39765531125367,32.65643582355897,32.933300799944,33.228749744697275
1167.0,30.396199028825023,30.402705066716095,30.422241615034395,30.45486411109515,30.50066536776783,30.559776100133902,30.63236544903641,30.71864125900517,30.818849776186315,30.933274353309557,31.062232721446385,31.206072471503305,31.365164657202904,31.539895958850185,31.730660635467746,31.937854371232547,32.161872656662744,32.40311591769757,32.662001770098364,32.93898179923475,33.23455740110427
1168.0,30.40059371490714,30.40710390347293,30.426652930795925,30.4592963099338,30.505126961675234,30.56427571105766,30.63691176434313,30.723242922756576,30.8235152008345,30.9380114458307,31.067048537945915,31.21097284842836,31.370153914837328,31.544976821850575,31.73583453446776,31.943122232338443,32.16723611656428,32.40857864931216,32.66757039013765,32.94466583168537,33.24036808762543
1169.0,30.404991204979527,30.411505550283763,30.431067073742234,30.463731360814887,30.50959143411723,30.568778219302878,30.641460975154995,30.727847443542682,30.828183389902595,30.942751140768863,31.071866718821767,31.215875286494885,31.375144902942413,31.550059126181328,31.74100971810984,31.94839143713964,32.17260122507704,32.41404351698704,32.67314165607787,32.95035283766618,33.2461817352705
1170.0,30.409391503116346,30.41591001098329,30.435484046962323,30.46816926546878,30.51405878476026,30.57328362168768,30.64601307473154,30.73245481065475,30.83285432899993,30.94749342154599,31.076687248509213,31.220779776207188,31.38013762415823,31.555142891286096,31.74618622221035,31.953662029185132,32.17796801720047,32.419510529459934,32.6787155410882,32.95604276117743,33.251998279650564
1171.0,30.413794613229772,30.420317289236664,30.4399038533544,30.472610025407473,30.518529013032403,30.57779191480259,30.650568056153368,30.737065013339326,30.83752800392829,30.95223827211363,31.081510112349925,31.225686309232564,31.38513208212059,31.560228136763982,31.751364081276293,31.958934049268066,32.18333652474656,32.424979693578344,32.684292019121884,32.961735549570335,33.2578176605884
1172.0,30.41820053906889,30.424727388541747,30.444326495617087,30.47705364193384,30.523002118137217,30.58230309501904,30.655125912339308,30.741678040819526,30.842204400702837,30.956985676961388,31.086335296582238,31.230594878327693,31.390128281335958,31.565314882239978,31.756543328491865,31.964207535581878,32.18870677663631,32.43045101455241,32.68987106490428,32.967431153271846,33.26363982176187
1173.0,30.42260928420751,30.42914031221267,30.44875197625516,30.48150011612987,30.52747809904439,30.58681715849742,30.65968663606811,30.746293882318035,30.846883505573544,30.961735621138505,31.091162788322304,31.235505477277552,31.39512622706696,31.570403147250914,31.761723995692236,31.969482523885073,32.19407879921059,32.43592449622548,32.69545265397506,32.97312952550251,33.26946471027694
1174.0,30.427020852041753,30.433556063379175,30.453180297573592,30.48594944886342,30.531956954499435,30.59133410119617,30.664250219998074,30.750912527078334,30.85156530504219,30.96648809025536,31.095992575540127,31.24041810081791,31.400125925225826,31.57549295116364,31.766906113397717,31.974759047660186,32.1994526164525,32.44140014121785,32.701036762640406,32.97883062208352,33.27529227644242
1175.0,30.431435245789174,30.437974644984905,30.457611461681566,30.490401640787262,30.536438683037176,30.595853918886053,30.66881665666813,30.75553396437855,30.856249785881975,30.971243070475005,31.10082464701851,31.24533274456469,31.405127382298996,31.580584313149373,31.772089710854267,31.980037138240487,32.20482825011719,32.44687795100842,32.706623367948325,32.98453440129793,33.28112247357913
1176.0,30.435852468480597,30.442396059781508,30.462045470485865,30.494856692340015,30.540923282977662,30.600376607156004,30.673385938525442,30.760158183557905,30.860936935158403,30.976000548535726,31.1056589923454,31.250249404948278,31.410130605214267,31.58567725203225,31.77727481599778,31.985316824976675,32.21020572009152,32.45235792625079,32.71221244771501,32.99024082357277,33.286955257579606
1177.0,30.440272522961763,30.446820310337635,30.466482325694322,30.499314603750946,30.545410752436133,30.604902161428104,30.67795805793333,30.764785174032117,30.865626740231832,30.9807605117196,31.110495601844832,31.255168079150764,31.415135601321136,31.59077178635915,31.78246145556616,31.99059813530648,32.2155850443604,32.45784006667689,32.71780398047501,32.99594985149951,33.292790586959796
1178.0,30.444695411887587,30.451247399023995,30.47092202881099,30.503775375040597,30.549901089328728,30.60943057696354,30.682533007188876,30.76941492530939,30.87031918877831,30.985522947873378,31.115334466577526,31.26008876503951,31.420142378271468,31.59586793426082,31.78764965506884,31.995881094930574,32.22096623933793,32.46332437138069,32.723397945479235,33.00166144952959,33.2986284224393
1179.0,30.449121137723186,30.455677328016865,30.475364581133842,30.508239006027885,30.5543942913786,30.61396184887332,30.687110778535065,30.774047427003204,30.87501426878972,30.990287845389425,31.12017557829173,31.265011461115726,31.425150943997057,31.60096571347962,31.79283943885634,32.00116572788184,32.22634931991109,32.46881083881938,32.72899432267129,33.00737558392334,33.3044687268828
1180.0,30.453549702739245,30.460110099295324,30.479809983761342,30.512705496323022,30.558890356124394,30.61849597213639,30.69169136417948,30.778682668841196,30.879711968587088,30.995055193189554,31.12501892939411,31.26993616645714,31.43016130662529,31.606065141327395,31.798030830151273,32.00645205664885,32.23173429959984,32.474299466919824,32.73459309265593,33.01309222260907,33.31031146512613
1181.0,30.45798110901017,30.464545714639073,30.48425823758755,30.517174845336395,30.56338928092461,30.62303294160541,30.69627475630554,30.783320640684373,30.88441227682686,30.99982498072499,31.129864512916626,31.274862880658752,31.43517347442408,31.6111662346503,31.803223851081754,32.01174010228527,32.23712119070446,32.47979025318141,32.740194236686946,33.01881133503695,33.31615660378002
1182.0,30.462415358407878,30.468984175630485,30.488709343309228,30.521647052285527,30.56789106296098,30.627572752018246,30.700860947079846,30.78796133253913,30.889115182486012,31.00459719794762,31.134712322479544,31.279791603803087,31.44018745579457,31.616269009851862,31.808418522730033,32.017029884465934,32.242510004317985,32.48528319465806,32.745797736630756,33.02453289215673,33.322004111224075
1183.0,30.466852452605124,30.473425483647862,30.493163301419052,30.526122116189534,30.57239569925063,30.632115398010757,30.70544992867655,30.79260473456821,30.89382067489606,31.009371835319232,31.139562352263027,31.284722336375623,31.445203259150848,31.62137348281222,31.813614865159675,32.02232142165012,32.247900750596266,32.490778288159525,32.751403574957614,33.030256866175975,33.32785395727275
1184.0,30.471292393082596,30.47786963987461,30.497620112214648,30.530600035887563,30.57690318665953,30.636660874116675,30.71004169327941,30.797250837091983,30.898528743703455,31.014148883772446,31.144414596963376,31.28965507927266,31.45022089299445,31.626479668986647,31.818812897486097,32.02761473104616,32.25329343861042,32.496275530075195,32.757011734705806,33.03598323067965,33.33370611335777
1185.0,30.475735181112984,30.48231664528851,30.502079775793568,30.53508081002883,30.581413521897986,30.641209174790333,30.714636233102677,30.80189963061534,30.903239378910474,31.018928334720457,31.14926905176935,31.294589833696183,31.455240365750374,31.63158758327752,31.824012637884284,32.03290982883446,32.25868807669665,32.5017749166718,32.7626221994663,33.04171196031044,33.33956055210202
1186.0,30.480180817775697,30.4867665006762,30.506542292066,30.53956443709104,30.58592670153562,30.645760294410913,30.719233540383357,30.806551105801734,30.90795257083289,31.023710180007594,31.15412571234165,31.299526601197847,31.460261685888597,31.636697240175963,31.82921410365267,32.03820673006997,32.26408467223249,32.50727644388214,32.768234953361336,33.04744303095594,33.345417247585964
1187.0,30.484629303946225,30.49121920662061,30.511007660745754,30.544050915375063,30.590442722006756,30.650314227292903,30.723833607413418,30.811205253517464,30.91266831013392,31.0284944119263,31.15898457476018,31.304465383555883,31.465284861753474,31.641808653632868,31.83441731124439,32.043505448916704,32.26948323198401,32.51278010754775,32.7738499810162,33.053176419435616,33.35127617493137
1188.0,30.489080640311798,30.49567476351548,30.51547588135976,30.54854024301334,30.59496157961968,30.654870967695114,30.728436426525928,30.815862064796328,30.917386587784744,31.033281023175647,31.163845635516743,31.309406182830703,31.470309901667328,31.6469218371726,31.83962227630045,32.04880599854419,32.27488376191453,32.5182859032791,32.77946726754796,33.058912103650435,33.35713731050561
1189.0,30.493534827358957,30.50013317155671,30.519946953246944,30.553032417974535,30.599483270562654,30.65943050983258,30.733041990122423,30.820521530876793,30.9221073950903,31.038070006858828,31.16870889146827,31.314349001258545,31.475336813813332,31.65203680382152,31.844829013701695,32.05410839132553,32.28028626743712,32.52379382660742,32.78508679853419,33.064650062358915,33.36300063163813
1190.0,30.497991865378363,30.50459443074943,30.52442087556963,30.55752743806901,30.604007790911385,30.66399284788173,30.7376502906645,30.825183643182697,30.92683072365581,31.04286135645914,31.17357433983784,31.319293841282843,31.48036560629306,31.657153566158975,31.850037537570998,32.05941263879009,32.285690753334194,32.52930387292073,32.79070856001229,33.070390275236115,33.368866116700254
1191.0,30.50245175446639,30.50905854090734,30.528897647309645,30.5620253009525,30.608535136637236,30.668557975993295,30.742261320692155,30.82984839333913,30.93155656539915,31.047655065825975,31.178441978165477,31.32424070548768,31.48539628706153,31.662272136302008,31.855247861336796,32.06471875174049,32.291097223886254,32.53481603754096,32.796332538444986,33.07613272274848,33.37473374494841
1192.0,30.50691449452953,30.513525501659025,30.53337726727466,30.566526004137774,30.613065303614196,30.673125888292418,30.74687507282575,30.834515773163965,30.936284912535367,31.052451129160055,31.183311804298327,31.329189596601832,31.49042886394873,31.66739252592547,31.860459997747807,32.070026740251095,32.296505682860996,32.54033031570832,32.80195872071308,33.081877386156776,33.3806034965373
1193.0,30.511380085283033,30.517995312447674,30.537859734101747,30.571029544996893,30.617598287626432,30.677696578891215,30.751491539774918,30.839185774675087,30.94101575757229,31.05724954099543,31.188183816361146,31.334140517460494,31.495463344631062,31.67251474626403,31.865673958911316,32.07533661374143,32.301916133586495,32.54584670261717,32.807587094094075,33.08762424744084,33.3864753524257
1194.0,30.515848526261664,30.52246797253602,30.542345046265346,30.57553592076609,30.62213408437378,30.682270041891716,30.75611071433493,30.84385839008257,30.945749093302684,31.06205029618203,31.19305801274249,31.339093471005462,31.500499736635465,31.67763880813386,31.870889756320363,32.080648380995754,32.307328578954916,32.551365193405836,32.81321764624559,33.09337328928927,33.39234929435827
1195.0,30.5203198168174,30.52694348100818,30.546833202078634,30.580045128553632,30.626672689480124,30.686846271394604,30.76073258939915,30.848533611794068,30.95048491279765,31.066853389870413,31.19793439206617,31.344048460251194,31.50553804732172,31.6827647219344,31.876107400887523,32.08596205021982,32.31274302148252,32.55688578318805,32.81885036518817,33.09912449503628,33.39822530479583
1196.0,30.524793956117527,30.531421836771248,30.551324199695195,30.58455716534482,30.631214098501054,30.691425261510574,30.765357157968516,30.85321143242102,30.955223209400895,31.07165881749682,31.202812953164138,31.349005488249297,31.510578283860255,31.687892497649827,31.881326902979286,32.09127762910261,32.31815946337216,32.562408467085994,32.82448523928779,33.104877848595365,33.404103366838356
1197.0,30.529270943163414,30.535903038572467,30.555818037119113,30.58907202800801,30.635758306923996,30.696007006360666,30.769984413120888,30.857891844751748,30.959963976705556,31.076466574778266,31.207693695106105,31.35396455814469,31.515620453294517,31.69302214489384,31.886548272401743,32.096595124734144,32.32357790638989,32.56793324014984,32.83012225726731,33.11063333455909,33.40998346435212
1198.0,30.533750776775847,30.54038708498252,30.560314712203752,30.593589713300602,30.640305310184644,30.70059150008894,30.774614348063785,30.862574841785243,30.96470720856974,31.081276657677947,31.212576617106592,31.358925673058696,31.52066456243728,31.6981536728775,31.891771518495467,32.10191454381389,32.32899835211439,32.573460097493,32.83576140814764,33.11639093797213,33.41586558168334
1199.0,30.538233455599013,30.54487397440024,30.564814222641516,30.59811021784341,30.644855103622145,30.705178736806293,30.779246956044126,30.867260416645625,30.969452899043013,31.08608906237452,31.217461718553714,31.363888836169192,31.525710617993628,31.70328709052619,31.896996650191223,32.107235892618064,32.33442080182374,32.57898903417593,32.841402681167445,33.12215064430614,33.421749703655436
1200.0,30.542718978073097,30.549363705030004,30.56931656594578,30.602633538087606,30.649407682462346,30.70976871054459,30.78388223032291,30.871948562537778,30.974201042322203,31.09090378523846,31.222348999018596,31.368854050758305,31.530758626613164,31.708422406533,31.902223676016202,32.11255917697146,32.33984525646112,32.58452004514715,32.84704606574172,33.12791243942131,33.42763581096389
1201.0,30.547207342672888,30.553856275127842,30.573821739761083,30.60715967076393,30.653963042357848,30.71436141597153,30.78852016490604,30.876639273493794,30.978951633366176,31.09572082318832,31.227238458226218,31.373821319771007,31.535808594128156,31.713559628427358,31.90745260332266,32.11788440183003,32.34527171670767,32.590053125880786,32.852691550072315,33.13367507350007,33.43344932071195
1202.0,30.551698547507176,30.558351682574322,30.57832974130346,30.611688612092582,30.658521178370822,30.718956847089373,30.793160753152733,30.881332542955313,30.98370466671632,31.10054017294011,31.232130095993426,31.378790646505852,31.540860526930604,31.71869876437729,31.91268343997231,32.12321157239665,32.350700183098354,32.59558826845566,32.85833877459914,33.13942799711789,33.439204040547814
1203.0,30.556192590606067,30.56284992518302,30.582840567776138,30.61622035835133,30.663082085736264,30.723554998187403,30.79780398880989,30.886028364827165,30.988460137352742,31.10536183155634,31.237023912266576,31.383762034119748,31.54591443096213,31.723839821872286,31.91791619308729,32.128540693270565,32.35613065475895,32.601125388825864,32.86398589037506,33.14516419029578,33.444921771373046
1204.0,30.56068946985847,30.56735100063213,30.587354216256347,30.620754905749003,30.667645759664815,30.728155863602055,30.80244986573841,30.89072673317839,30.993218040462622,31.110185796278156,31.24191990709988,31.388735485744068,31.55097031198525,31.728982808078143,31.923150869407948,32.13387176836243,32.36156311469727,32.60666412576153,32.86963043582195,33.15088262420343,33.45061027601121
1205.0,30.565189183007814,30.571854906468175,30.591870683719115,30.625292250419708,30.67221219534719,30.732759437708506,30.80709837790553,30.895427642244652,30.997978371416533,31.115012064524148,31.246818080635432,31.393711004468408,31.556028175582593,31.734127729866717,31.928387475216883,32.139204797934326,32.36699748984799,32.61220382373813,32.875270467375266,33.15658375140334,33.456274032277406
1206.0,30.569691727665084,30.576361640103226,30.596389967038355,30.62983238842284,30.67678138795442,30.73736571493629,30.81174951939262,30.900131086428864,31.002741125783686,31.11984063387131,31.251718433109144,31.398688593360056,31.561088027162448,31.73927459378559,31.933626015743265,32.14453977017556,32.37243362026709,32.617743696530546,32.880904655945784,33.1622683688412,33.461916056535415
1207.0,30.574197101312453,30.580871198832412,30.600912062975812,30.634375315770065,30.68135333264984,30.741974689751654,30.81640328439767,30.904837060298256,31.007506299302214,31.124671502048244,31.25662096482579,31.40366825543566,31.566149871951495,31.744423405946844,31.938866493352695,32.1498766504434,32.377871262702875,32.623282961903286,32.88653213111055,33.167937319817156,33.467538558413764
1208.0,30.578705301299674,30.585383579836364,30.60543696820812,30.638921028395647,30.685928024593178,30.746586356689324,30.821059667219007,30.909545558562527,31.01227388787917,31.12950466692768,31.261525676165263,31.408649993671375,31.571213714969282,31.749574171628957,31.944108904503448,32.15521537412176,32.38331011446883,32.62882090796748,32.892152336596006,33.173591406141135,33.473143246498005
1209.0,30.58321632486564,30.589898780174185,30.609964679312057,30.643469522194113,30.690505458935768,30.751200710325588,30.825718662272543,30.914256576094317,31.017043887590404,31.134340126516758,31.26643256755922,31.41363381097245,31.576279560949295,31.754726894503893,31.949353236469427,32.160555845338834,32.38874984031807,32.63435691562942,32.89776492808543,33.179231364690295,33.47873149250555
1210.0,30.587730169131444,30.594416796802363,30.614495192789697,30.648020793009092,30.695085630829883,30.755817745304135,30.830380264085548,30.918970107906627,31.021816294666984,31.139177878941073,31.271341639491443,31.4186197101783,31.581347414122284,31.759881575524112,31.954599464696916,32.165897940192195,32.39419009448092,32.639890459515144,32.90336970465168,33.184857865014,33.484304429330905
1211.0,30.59224683110584,30.59893762657614,30.619028505054786,30.65257483663914,30.699668535432767,30.760437456308562,30.83504446728624,30.923686149157824,31.02659110547994,31.144017922444664,31.276252892484386,31.423607693989126,31.586417277916222,31.765038211695465,31.959847551485943,32.17124151241596,32.39963053602121,32.645421099729695,32.908966563669715,33.19047151409,33.489863012787644
1212.0,30.59676630768998,30.603461266248285,30.62356461245053,30.657131648846736,30.704254167909244,30.765059838094913,30.839711266602844,30.92840469514165,31.0313683165551,31.148860255386637,31.281166327076377,31.42859776487223,31.5914891545038,31.77019679499914,31.965097445892297,32.1765863995144,32.40507083827926,32.65094847112071,32.9145554709982,33.196072862720825,33.495408062659116
1213.0,30.601288595692903,30.607987712482164,30.628103511249858,30.661691225353604,30.70884252342985,30.769684885476895,30.844380656882322,30.933125741287032,31.03614792454803,31.15370487621253,31.28608194380001,31.433589924929084,31.596563044305775,31.775357311573753,31.970349084512858,32.18193242849772,32.41051069448126,32.65647227241178,32.92013644020095,33.20166241215787,33.5009402919314
1214.0,30.605813691819172,30.612516961847827,30.63264519765531,30.66625356184751,30.713433597177715,30.774312593324805,30.84905263307197,30.937849283152012,31.040929926233975,31.15855178345913,31.290999743132108,31.438584175719058,31.60163894550366,31.780519741200944,31.9756023928596,32.187279420916575,32.4159498207126,32.66199225613615,32.925709517674406,33.2072406201709,33.506460328635576
1215.0,30.61034159268373,30.617049010845136,30.637189667804495,30.670818653988764,30.718027384358834,30.778942956565913,30.853727190209074,30.9425753164185,31.045714318514648,31.163400975729363,31.295919725429993,31.443580518022383,31.60671685360492,31.785684057146923,31.980857287111412,32.19262719687559,32.42138795661231,32.66750821991296,32.93127477299397,33.212807906420004,33.51196873108643
1216.0,30.614872294830565,30.62158385588658,30.641736917783792,30.675386497425563,30.722623880185687,30.78357597020198,30.858404323441192,30.947303836892907,31.050501098408752,31.168252451661566,31.300841890837464,31.448578951618767,31.6117967610538,31.79085022629962,31.986113675971055,32.19797557807329,32.42682486492652,32.673019999177825,32.936832292165754,33.21836465702195,33.51746599935265
1217.0,30.61940579471404,30.626121493309828,30.646286943632184,30.67995708777763,30.727223079895108,30.788211629284195,30.8630840280089,30.952034840491535,31.055290263035268,31.173106209909765,31.30576623918925,31.453579475049974,31.616878656989794,31.79601820952722,31.991371462411546,32.20332439006197,32.432260330626534,32.67852746107163,32.942382172284084,33.22391122846147,33.52295258481617
1218.0,30.623942088705476,30.630661919388693,30.65083974133292,30.68453042063969,30.731824978748687,30.792849928928334,30.867766299246743,30.956768323244866,31.06008180958901,31.177962249087,31.31069276990812,31.458582085412427,31.621962527122353,31.801187962144063,31.99663054527224,32.208673463896965,32.43769415962925,32.68403049929582,32.94792451771097,33.22944795100412,33.528428897672285
1219.0,30.6284811731122,30.635205130332487,30.655395306824325,30.689106491599517,30.736429572030822,30.797490864312586,30.8724511325824,30.961504281279264,31.064875735335423,31.182820567721958,31.31562148186999,31.463586778168455,31.62704835365923,31.806359434495203,32.00189082073788,32.214022637333116,32.44312617727922,32.68952902973481,32.953459437334025,33.23497513166268,33.5338953128565
1220.0,30.63302304417791,30.63975112229157,30.6599536360033,30.69368529623872,30.741036855046058,30.802134430683196,30.8771385235384,30.966242710826116,31.069672037591403,31.187681164211885,31.32055237329037,31.468593546989656,31.632136115348754,31.811532572606616,32.00715218359484,32.21937175549832,32.44855622669688,32.6950229869594,32.95898704275723,33.24049305665506,33.53935217460359
1221.0,30.637567698084123,30.64429989135419,30.664514724737447,30.69826683012489,30.745646823128386,30.80678062334098,30.88182846771556,30.97098360819593,31.07447071369231,31.192544036741243,31.325485441610528,31.47360238364686,31.637225787605452,31.816707318842553,32.0124145282838,32.22472067124362,32.45398416721129,32.70051232135557,32.96450744691783,33.24600199353825,33.544799800265544
1222.0,30.64211513095294,30.648851433562864,30.669078568850185,30.702851088818992,30.75025947164137,30.811429437648066,30.886520960800485,30.975726969775902,31.079271760962524,31.197409183229052,31.33042068338373,31.47861327794922,31.642317342689786,31.821883612539107,32.01767774976176,32.2300692453028,32.459409872932476,32.70599699669635,32.97002076295232,33.25150219304947,33.55023848364146
1223.0,30.64666533884303,30.65340574491349,30.673645164141366,30.707438067883466,30.754874795979166,30.816080869028415,30.89121599855916,30.980472792012304,31.084075176688927,31.202276601256802,31.33535809418833,31.48362621769531,31.64741074991946,31.827061390592668,32.02294174421419,32.23541734630603,32.46483323140485,32.71147698803934,32.97552710335145,33.256993890760576,33.55566849779488
1224.0,30.651218317771605,30.657962821353422,30.678214506387548,30.712027762881046,30.759492791559552,30.82073491295947,30.895913576828754,30.98522107139509,31.08888095807318,31.207146288004058,31.340297668546903,31.488641188680973,31.652505975901555,31.83224058801858,32.02820640961129,32.24076485066405,32.47025414234294,32.71695228003205,32.98102657942395,33.26247730847822,33.561090097268206
1225.0,30.655774063717452,30.662522658792675,30.68278659134335,30.71662016937833,30.764113453835254,30.825391564978677,30.900613691511676,30.98997180444055,31.093689102201225,31.21201824017869,31.345239399860475,31.49365817471407,31.65760298478697,31.837421138476024,32.03347164621364,32.24611164240665,32.4756725164147,32.72242286531943,32.98651930078943,33.26795265558435,33.566503520247316
1226.0,30.660332572624174,30.667085253111743,30.6873614147368,30.721215282942346,30.768736778299893,30.83005082068376,30.905316338564884,30.99472498767153,31.098499606001205,31.216892453954753,31.35018328036249,31.49867715768556,31.662701738550286,31.84260297472254,32.03873735687897,32.251457612861344,32.4810882741812,32.72788874344062,32.99200537519518,33.273420130061204,33.57190899006424
1227.0,30.664893840372827,30.671650600154997,30.691938972283655,30.725813099140897,30.773362760474463,30.834712675723242,30.91002151398739,30.999480617595893,31.103312466202343,31.22176892492845,31.355129301085444,31.503698117642784,31.667802197251262,31.84778602900364,32.044003447307155,32.256802660318,32.48650134518914,32.73334991983693,32.99748490832207,33.278879919409526,33.57730671660223
1228.0,30.66945786282603,30.676218695740356,30.696519259683804,30.730413613562558,30.77799139590353,30.839377125782473,30.914729213822298,31.004238690685195,31.108127679296253,31.226647648064237,31.36007745184619,31.50872103287672,31.67290431929712,31.852970233430295,32.049269826213866,32.262146689707336,32.491911667077396,32.73880640495558,33.002958003606246,33.284332201563835,33.58269689762326
1229.0,30.67402463581674,30.680789535654515,30.70110227263048,30.735016821803995,30.782622680167467,30.84404416659389,30.91943943413427,31.008999203341524,31.112945241495414,31.231528617660388,31.36502772125175,31.51374588003068,31.678008061684743,31.85815552027265,32.05453640544628,32.26748961228018,32.497319184828555,32.74425821349662,33.00842476215436,33.28977714563029,33.588079719866954
1230.0,30.678594155152812,30.68536311566271,30.705688006808753,30.739622719471583,30.78725660887879,30.848713793929345,30.92415217099944,31.013762151879682,31.117765148698705,31.23641182730223,31.36998009670086,31.518772634208837,31.683113380247185,31.863341822244998,32.05980310007543,32.27283134526781,32.50272385003327,32.74970536373423,33.01388528267737,33.295214912612295,33.59345536007455
1231.0,30.683166416611908,30.689939431516336,30.710276457894757,30.744231302176686,30.791893177682837,30.853386003597166,30.928867420488732,31.018527532504542,31.12258739645893,31.24129726983614,31.374934564409028,31.523801269099817,31.688220229866953,31.86852907270345,32.0650698284092,32.27817181155376,32.50812562029833,32.7551478770189,33.01933966149953,33.300645655979956,33.598823985768945
1232.0,30.687741415946846,30.69451847895134,30.714867621560725,30.74884256554943,30.79653238224581,30.85806079142592,30.93358517865964,31.023295341281656,31.12741197994582,31.24618493736486,31.37989110942849,31.528831757087165,31.69332856468041,31.873717205868225,32.07033651201868,32.28351093932371,32.51352445862528,32.76058577725405,33.02478799255063,33.30606952226491,33.60418575608095
1233.0,30.69231914890342,30.699100253689277,30.719461493477517,30.753456505231735,30.801174218262446,30.862738153264267,30.93830544153252,31.028065574114525,31.13223889392427,31.25107482122528,31.384849715704767,31.533864069378133,31.698438338268843,31.878906156953306,32.07560307566785,32.28884866176669,32.518920332962566,32.76601909058052,33.03023036740328,33.311486651499884,33.60954082231868
1234.0,30.696899611211354,30.70368475144177,30.724058069315664,30.758073116880826,30.8058186814483,30.867418084970204,30.943028205080832,31.03283822671985,31.137068132719882,31.255966911973573,31.389810366094245,31.538898176117506,31.70354950386145,31.884095862379,32.08086944734891,32.294184916741735,32.524313215593715,32.77144784484397,33.03566687526628,33.316897177811015,33.614889328797354
1235.0,30.701482798587616,30.708271967904807,30.728657344749966,30.76269239616866,30.81046576753567,30.872100582398915,30.94775346521356,31.037613294600714,31.14189969020583,31.260861199409828,31.394773042452528,31.543934046519166,31.70866201444151,31.889286259764134,32.08613555810122,32.299519646507505,32.529703082946206,32.776872069578744,33.04109760311075,33.3223012296073,33.62023141303917
1236.0,30.706068706739572,30.71286189877332,30.733259315455292,30.76731433878105,30.815115472271337,30.876785641395436,30.95248121775698,31.042390773030085,31.146733559781204,31.265757672563765,31.399737725665208,31.548971648968823,31.713775822922592,31.894477288078683,32.0914013420066,32.30485279745387,32.53508991507969,32.78229179556504,33.04652263565747,33.3276989300931,33.62556720647669
1237.0,30.710657331365095,30.717454539737847,30.73786397711083,30.771938940415765,30.819767791412293,30.881473257785366,30.957211458439566,31.04717065702672,31.151569734354275,31.27065631970734,31.40470439571134,31.55401095114334,31.718890882280686,31.899668887707673,32.096666736088146,32.31018431982119,32.54047369536094,32.78770705463968,33.051942055454674,33.333090397587306,33.630896834857296
1238.0,30.715248668153702,30.72204988648599,30.742471325402832,30.776566196773505,30.82442272072108,30.886163427370352,30.96194418287602,31.051952941343405,31.156408206344278,31.275557128382395,31.409673031723134,31.559051920094987,31.724007145635955,31.90486100047111,32.10193168022364,32.315514167493916,32.545854410217565,32.79311787954739,33.05735594294095,33.33847574577763,33.63622041855806
1239.0,30.719842712796016,30.72664793470895,30.747081356021674,30.781196103566323,30.82908025595789,30.890856145908664,30.966679386550346,31.05673762044406,31.161248967662463,31.28046008540463,31.414643612038006,31.56409452237302,31.729124566387508,31.910053569689847,32.107196117055075,32.32084229773432,32.551232048796415,32.798524303709506,33.06276437649167,33.34385508406664,33.641538073036244
1240.0,30.72443946098514,30.731248680100435,30.751694064662782,30.785828656512244,30.83374039287496,30.895551409107732,30.97141706480135,31.06152468849091,31.166092009712088,31.28536517689173,31.4196161142603,31.56913872410795,31.73424309828987,31.9152465401992,32.112459991893154,32.32616867097847,32.55660660273555,32.803926361098256,33.06816743248531,33.34922851780961,33.64684990912199
1241.0,30.72903890841285,30.73585211834728,30.756309447021952,30.79046385133382,30.838403127211123,30.900249212615517,30.976157212813145,31.06631413933355,31.170937323387435,31.290272388295133,31.424590515328298,31.574184491077418,31.739362695505665,31.920439858349823,32.11772325261392,32.3314932506616,32.56197806598449,32.809324086160586,33.073565185371166,33.354596148511476,33.65215603326049
1242.0,30.73364105077479,30.74045824514338,30.760927498801166,30.795101683755256,30.8430684546853,30.904949552007164,30.980899825594573,31.07110596649104,31.175784899065444,31.295181704407078,31.42956679156356,31.579231788830946,31.74448331274353,31.925633472066963,32.122985849575876,32.336816002953015,32.56734643445964,32.81471751357509,33.07895770772018,33.35995807416859,33.65745654795036
1243.0,30.73824588375354,30.745067056180876,30.76554821570582,30.79974214949491,30.847736370989267,30.909652422775615,30.9856448979731,31.075900163157375,31.180634726629762,31.300093109412717,31.4345449187439,31.58428058272124,31.749604905234683,31.930827330763012,32.128247735490866,32.34213689667979,32.57271170604903,32.82010667833524,33.08434507030541,33.365314389293545,33.66275155174581
1244.0,30.74285340304205,30.749678547154815,30.770171593442768,30.80438524426624,30.85240687178163,30.914357820319537,30.99039242457828,31.080696722176015,31.1854867954542,31.305006586896223,31.43952487214555,31.58933083801353,31.75472742886355,31.9360213854134,32.13350886535988,32.34745590306013,32.57807388025721,32.82549161549687,33.08972734214171,33.370665185280096,33.668041139726846
1245.0,30.747463604335394,30.754292713762688,30.77479762771967,30.80903096376663,30.857079952679765,30.91906573993205,30.99514239983518,31.085495636047966,31.19034109443428,31.309922119888473,31.44450662660102,31.59438251991413,31.759850840138892,31.9412155884597,32.138769196358325,32.35277299564409,32.58343295822798,32.83087236025702,33.095104590551955,33.37601055041673,33.67332540348408
1246.0,30.752076483329013,30.758909551704495,30.779426314241512,30.81367930368207,30.86175560925233,30.92377617679516,30.999894817950274,31.09029689692081,31.19519761197926,31.314839690894882,31.44949015655515,31.59943559365472,31.764975096278786,31.946409893853122,32.14402868775362,32.35808815009329,32.58878894247767,32.83624894778174,33.1004768812284,33.381350570156364,33.67860443147432
1247.0,30.756692035723322,30.763529056683836,30.784057648708124,30.818330259679236,30.86643383701114,30.92848912596857,31.004649672903604,31.0951004965897,31.200056336034066,31.319759281934317,31.454475436113132,31.604490024531948,31.77010015520933,31.951604256994756,32.149287300810485,32.36340134408438,32.594141836844386,32.8416214132128,33.105844278286966,33.386685327202294,33.68387830910682
1248.0,30.76131025721998,30.768151224401166,30.7886916268111,30.82298382739435,30.871114631405565,30.933204582383183,31.00940695844548,31.099906426498293,31.204917254091225,31.32468087455155,31.459462439081523,31.609545777958708,31.77522597560314,31.956798634721004,32.15454499871329,32.368712557193405,32.599491646341676,32.84698979160072,33.111206844307176,33.39201490166228,33.68914711893127
1249.0,30.76593114352459,30.772776050557457,30.793328244231596,30.8276400024336,30.875797987813915,30.93792254083076,31.014166668082954,31.10471467773284,31.209780353199868,31.329604449861115,31.464451139025968,31.61460281952598,31.78035251691209,31.961992985282738,32.15980174646801,32.374021770735084,32.60483837702441,32.85235411784264,33.116564640398494,33.39733937121032,33.694410940833215
1250.0,30.77055469033346,30.777403530848915,30.797967496638936,30.83229878037471,30.88048390153649,30.94264299595077,31.018928795084648,31.10952524103825,31.214645619987632,31.33452998858333,31.46944150930084,31.619661114999346,31.78547973934646,31.96718726830514,32.16505751085158,32.3793289677158,32.61018203596652,32.85771442669007,33.12191772623169,33.402658811144896,33.69966985208248
1251.0,30.77518089334413,30.782033660967457,30.802609379686245,30.836960156754042,30.885172367788535,30.94736594222719,31.023693332464006,31.114338106803693,31.219513040667138,31.33945747106694,31.474433523109305,31.624720630412295,31.79060760393893,31.972381444773816,32.170312260297486,32.38463413264789,32.61552263106456,32.86307075265408,33.12726616010658,33.40797329459186,33.70492392759408
1252.0,30.779809748248766,30.78666643658886,30.807253889004944,30.841624127057997,30.88986338169706,30.952091373990694,31.028460272991023,31.11915326508106,31.224382601071003,31.344386877319305,31.479427153511434,31.629781332039673,31.7957360724884,31.977575476966926,32.17556596485507,32.38993725156107,32.62086017110751,32.868423130073104,33.13260999898175,33.41328289246943,33.7101732398747
1253.0,30.784441250731795,30.79130185338254,30.81190102020671,30.846290686728977,30.894556938288375,30.95681928539233,31.033229609168988,31.123970705572262,31.229254286643002,31.34931818704487,31.484422373509595,31.6348431865041,31.800865107654086,31.982769328473584,32.1808185960719,32.39523831175764,32.62619466549264,32.87377159295736,33.13794929854167,33.418587673789624,33.71541785938078
1254.0,30.789075396463335,30.79593990700206,30.81655076886938,30.850959831144344,30.89925303248512,30.96154967041796,31.03800133325795,31.128790417665684,31.234128082483288,31.35425137966056,31.489419156012406,31.63990616070554,31.80599467284281,31.98796296410202,32.18607012699411,32.40053730192102,32.63152612441188,32.879116175121624,33.143284113205084,33.42388770550747,33.720657854322795
1255.0,30.793712181103377,30.80058059308447,30.82120313054316,30.855631555622672,30.90395165909789,30.966282522866173,31.04277543724786,31.133612390408352,31.239003973343554,31.359186434339506,31.494417473940505,31.644970221947116,31.81112473232368,31.99315634989295,32.19132053201923,32.40583421183924,32.636854558545785,32.884456910027424,33.14861449620932,33.42918305284,33.72589329105838
1256.0,30.798351600295454,30.805223907246354,30.825858100738103,30.860305855415145,30.908652812823824,30.971017836361636,31.04755191287743,31.138436612539778,31.243881943656785,31.3641233300222,31.49941730020146,31.650035337871184,31.816255251139964,31.998349453058637,32.19656978690119,32.411129032487345,32.64217997918178,32.88979383087394,33.15394049960993,33.434473779175846,33.731124233972906
1257.0,30.802993649664884,30.80986984508184,30.830515674921944,30.864982725699633,30.913356488238367,30.975755604343924,31.052330751626503,31.143263072491038,31.24876197755213,31.36906204545069,31.504418607739286,31.655101476511312,31.821386195134636,32.003542241954335,32.201817868660385,32.41642175589657,32.64750239809813,32.895126970549576,33.1592621743366,33.43975994621551,33.73635074564402
1258.0,30.80763832481541,30.81451840215698,30.835175848518396,30.86966216157605,30.918062679788104,30.98049582005746,31.05711194471694,31.148091758389523,31.25364405887249,31.374002559197113,31.50942136956792,31.660168606322845,31.826517530961603,32.00873468604921,32.20706475551654,32.421712375063265,32.65282182748769,32.90045636160163,33.164579570235404,33.44504161407089,33.741572886956064
1259.0,30.81228562132452,30.819169574002416,30.83983861690039,30.874344158063845,30.922771381789133,30.985238476557047,31.06189548312799,31.15292265808116,31.258528171197334,31.378944849677335,31.51442555876564,31.665236696148,31.831649226039023,32.01392675588615,32.212310426876144,32.42700088397501,32.65813828000072,32.905782036278,33.169892736076946,33.45031884124426,33.74679071706964
1260.0,30.816935534742722,30.823823356118428,30.84450397538525,30.87902871009223,30.927482588414506,30.989983566696342,31.066681357573906,31.15775575911942,31.26341429785469,31.383888895192456,31.51943114854238,31.670305715297793,31.836781248592192,32.01911842305054,32.21755486321011,32.43228727742257,32.66345176857698,32.91110402645667,33.17520171963646,33.455591684829535,33.75200429754008
1261.0,30.82158806058152,30.82847974395838,30.849171919242508,30.883715812494007,30.93219629371248,30.99473108313969,31.07146955853362,31.162591048799573,31.2683024219382,31.38883467392604,31.524438112224225,31.675375633482513,31.841913567586754,32.02430966014813,32.222798046081635,32.43757155109061,32.66876230654127,32.916422363699745,33.18050657211624,33.46086243487755,33.75734834824197
1262.0,30.826243194309193,30.833138732933172,30.853842443658145,30.88840546001475,30.93691249157547,30.999481018353503,31.07626007624104,31.167428514155407,31.273192526325865,31.393782163978464,31.529446423252665,31.68044642087325,31.847046152755265,32.02950044076006,32.22803995806584,32.44285370142867,32.67406990752279,32.92173708434748,33.185807970244085,33.46615016971361,33.762797951485936
1263.0,30.83090093135729,30.83780031840461,30.858515543762532,30.893097647291007,30.941631175754296,31.00423336460843,31.08105290068621,31.17226814196918,31.27808459369695,31.398731343381087,31.534456055249358,31.685518048096565,31.85217897458095,32.034690739417684,32.23328058268526,32.448133725613374,32.67937458750982,32.92704836231837,33.191109280058775,33.47146759631729,33.76831377770725
1264.0,30.83556126711159,30.84246449567901,30.863191214607465,30.89779236885475,30.9463523398516,31.00898811397698,31.085848021626862,31.177109918780538,31.282978606546283,31.403682190129,31.539466982019118,31.690590486236076,31.85731200428193,32.039880531573246,32.23851990439704,32.45341162214746,32.684676391466496,32.93235687171454,33.19641497364865,33.47681660185224,33.773881838318154
1265.0,30.840224196902632,30.847131260006226,30.867869451170467,30.902489619124207,30.95107597730992,31.01374525833599,31.09064542859487,31.18195383090327,31.287874547199888,31.408634682175883,31.54447917754968,31.695663706830604,31.862445213803365,32.04506979357783,32.2437579087019,32.45868739618164,32.68997546555051,32.937663817633826,33.20172858727207,33.48219639872974,33.77949407612484
1266.0,30.84488971600365,30.851800606577534,30.872550248342158,30.907189392415024,30.955802081426977,31.018504789358058,31.095445110891255,31.186799864439163,31.2927723978365,31.413588797475803,31.549492616034765,31.700737681892658,31.867578575787352,32.05025850266807,32.248994583214746,32.463961074721844,32.6952721126068,32.94297064097429,33.207052547303334,33.48760557638741,33.78514507327648
1267.0,30.849557819634782,30.85647253051134,30.87723360093579,30.911891682912003,30.960530645337396,31.02326669852554,31.10024705760262,31.191648005275578,31.29767214048843,31.418544513983832,31.554507271881306,31.705812383897115,31.872712063596772,32.055446637201754,32.25422992092754,32.469232726071084,32.70056678588125,32.94827877525106,33.212388450968035,33.493042640389994,33.79083086816765
1268.0,30.854228502950008,30.861147026864078,30.881919503666026,30.916596484691464,30.965261662019145,31.02803097713142,31.105051257594322,31.19649823910987,31.302573757076416,31.42350180966995,31.55952311972145,31.710887785782695,31.87784565132876,32.06063417733727,32.25946392570266,32.474502472739296,32.70586004566546,32.95358952630898,33.2177373287364,33.49850617097141,33.796548402111625
1269.0,30.858901761026317,30.865824090603116,30.886607951159128,30.92130379168972,30.969995124293263,31.032797616266187,31.10985769953794,31.20135055144696,31.307477229404647,31.428460662538583,31.564540134428537,31.715963860972327,31.882979313979348,32.065821106465236,32.26469661823527,32.47977049364344,32.711152510764876,32.95890403253695,33.22309982794436,33.503994864842525,33.802295224488965
1270.0,30.863577588872506,30.870503716625112,30.89129893793595,30.92601359774131,30.9747310248163,31.037566606841843,31.114666371892977,31.206204927622718,31.312382539180636,31.43342105064832,31.569558291113534,31.721040583393915,31.888113027781596,32.07100741317418,32.269928040662826,32.48503701826049,32.71644481920434,32.964223263002765,33.228476335686956,33.509507539692265,33.8080693167942
1271.0,30.86825598142264,30.875185899737883,30.895992458420782,30.93072589652762,30.979469356081623,31.04233793958081,31.1194772629293,31.211061352808887,31.31728966803941,31.43838295211586,31.574577565160226,31.726117927589804,31.893246770782575,32.0761930934332,32.27515825904513,32.49030231666814,32.721737600215825,32.969548031663265,33.23386706143314,33.51504312615451,33.81386897915771
1272.0,30.872936933531218,30.879870634677822,30.90068850693453,30.935440681603083,30.984210110434404,31.047111605010862,31.124290360732363,31.215919812016832,31.322198597536094,31.44334634511414,31.579597932234634,31.7311958688557,31.898380523632873,32.081378152568014,32.280387363583515,32.49556668823659,32.727031456922234,32.97487901746742,33.23927209082584,33.520600655627,33.819692756900764
1273.0,30.877620439955066,30.884557916069483,30.905387077684118,30.940157946401747,30.988953280049895,31.051887593489358,31.12910565320271,31.220780290120967,31.32710930916571,31.448311207926434,31.584619368343414,31.736274383506245,31.90351427045323,32.08656260674494,32.28561546711529,32.500830451223045,32.73232695638537,32.9802167838274,33.24469142320605,33.52617924858721,33.82553938742607
1274.0,30.882306495373268,30.889247738441625,30.91008816477196,30.944877684212877,30.99369885693301,31.056665895186967,31.13392312806421,31.225642771852367,31.332021784386733,31.45327751893697,31.589641849915463,31.741353449184487,31.908647999740108,32.091746483825766,32.29084270260545,32.50609393386729,32.737624624481555,32.985561796578395,33.250124997827726,33.53177810368617,33.831407761579825
1275.0,30.886995094364433,30.893940096238072,30.914791762175103,30.949599888185876,30.998446832941777,31.06144650010783,31.138742772873883,31.230507241820554,31.33693600462703,31.45824525667455,31.59466535391329,31.746433045253983,31.913781705150296,32.096929823695106,32.29606922004363,32.51135746702977,32.74292494434412,32.99091443993951,33.255572711836344,33.53739648793774,33.83729689568407
1276.0,30.89168623140731,30.898634983794235,30.919497863757385,30.954324551328856,31.003197199768813,31.066229398073638,31.14356457502968,31.23537368452879,31.341851951289073,31.463214399850102,31.599689857979982,31.751513153221094,31.91891538614574,32.102112678002506,32.30129518308497,32.51662137870679,32.74822835720347,32.99627502961696,33.261034432534956,33.543033728535406,33.84320591063366
1277.0,30.896379900890864,30.903332395338573,30.924206463268504,30.959051666520704,31.007949948946283,31.071014578752678,31.148388521776564,31.24024208436712,31.346769605789188,31.4681849274113,31.604715340611673,31.756593757135075,31.924049048444868,32.10729510950869,32.30652076587297,32.52188598992488,32.75353526400058,33.00164382380255,33.266510006937324,33.54868920578677,33.849134014673034
1278.0,30.901076097090296,30.908032324983854,30.928917554331168,30.963781226493555,31.01270507185289,31.07580203163995,31.15321460021177,31.245112425637302,31.351688949574484,31.473156818628844,31.609741781366985,31.761674843974223,31.929182704281665,32.11247719123894,32.31174615012301,32.527151611731114,32.75884602774866,33.00702103258565,33.271999268591784,33.55436234691666,33.85508049009205
1279.0,30.90577481417341,30.91273476674352,30.933631130445807,30.96851322384222,31.01746255970263,31.080591746063625,31.158042797283144,31.24998469255956,31.356609964149442,31.478130053162502,31.614769161071912,31.76675640397781,31.934316372484737,32.11765900540022,32.316971522474226,32.532418543122205,32.764160976329016,33.01240682573811,33.2775020423951,33.56005262078612,33.86104468270144
1280.0,30.91047604620253,30.917439714508696,30.938347184973725,30.97324765100792,31.022222403570428,31.085383711208333,31.16287309982298,31.25485886929657,31.36153263111908,31.483104611185457,31.61979746203518,31.771838430909284,31.939450078394465,32.122840642206846,32.3221970722014,32.537687069817984,32.76948040542363,33.01780133897454,33.283018147970004,33.5657595334756,33.86702599343816
1281.0,30.915179787120955,30.92214716204939,30.94306571116078,30.977984500295783,31.026984594359728,31.090177916104224,31.167705494530107,31.259734939961486,31.36645693223415,31.488080473470657,31.624826668257658,31.776920922248898,31.94458385363588,32.12802219868795,32.32742298933585,32.542957463606264,32.77480458127768,33.02320467919476,33.288547402303024,33.57148262442801,33.873023871305
1282.0,30.91988603076089,30.926857103020662,30.94778670212358,30.982723763868393,31.03174912283169,31.094974349633468,31.172539967988982,31.26461288864871,31.371382849449944,31.49305762152923,31.629856765597754,31.782003879328993,31.949717735801453,32.13320377756012,32.33264946308656,32.54822998200461,32.78013374329006,33.02861692898391,33.2940896217993,33.57722146305836,33.87903780737247
1283.0,30.924594770830407,30.931569530954636,30.952510150837636,30.987465433751343,31.036515979594324,31.099773000534896,31.177376506691502,31.269492699455462,31.37631036497959,31.49803603771731,31.63488774196383,31.78708730737953,31.954851768053466,32.13838548613914,32.337876680564484,32.55350486825426,32.78546810649868,33.03403815029494,33.29964462365633,33.582975645848315,33.885067329960805
1284.0,30.929306000919155,30.93628443925977,30.957236050149703,30.992209501822867,31.04128515511251,31.104573857414863,31.18221509704029,31.274374356515736,31.38123946135873,31.503015705356763,31.63991958745014,31.792171215536868,31.95998599870546,32.14356743531146,32.343104825677244,32.558782351478726,32.79080786392251,33.03946838773908,33.30521222702444,33.58874479368324,33.89111200025271
1285.0,30.934019714497545,30.941001821219675,30.961964392778313,30.99695595981051,31.04605663970983,31.109376908756598,31.18705572535862,31.27925784402907,31.386170121514617,31.507996608847495,31.644952294435207,31.797255616775644,31.965120480735905,32.148749738603996,32.34833407835011,32.56406264712999,32.7961531886671,33.04490767107112,33.31079225364683,33.59452854968535,33.897171408929864
1286.0,30.938735904903147,30.945721669987776,30.96669517129794,31.00170479930771,31.050830423561646,31.114182142922164,31.1918983779199,31.284143146294504,31.391102328845474,31.512978733773558,31.64998585766198,31.802340527809342,31.970255271289787,32.153932511354284,32.35356461392305,32.56934595750107,32.80150423581355,33.050356017331694,33.3163845283731,33.60032657727368,33.90324517319363
1287.0,30.94345456534892,30.950443978584445,30.971428378153476,31.006456011775644,31.055606496712493,31.118989548157707,31.196743040957703,31.289030247763737,31.39603606728507,31.517962067011638,31.65502027429869,31.807425968940077,31.975390431195283,32.159115869976794,32.358796602706526,32.57463247228065,32.80686114411833,33.055813432741026,33.32198887955662,33.606138558417946,33.90933293412366
1288.0,30.948175688924035,30.95516873990069,30.976164005656305,31.011209588530185,31.06038484907385,31.123799112613565,31.20158970068777,31.29391913306419,31.400971321370346,31.522946596793478,31.660055543957476,31.812511963884255,31.98052602449859,32.16429993132106,32.364030209633604,32.579922369113056,32.812224037585594,33.06127991430869,33.32760513933608,33.61196419206977,33.91543435436547
1289.0,30.952899268584492,30.959895946700257,30.98090204597974,31.015965520745358,31.065165470429406,31.128610824339937,31.206438343336583,31.29880978706849,31.405908076319445,31.527932312793794,31.66509166869713,31.817598539592467,31.985662118004676,32.169484812098574,32.36926559404826,32.585215814208986,32.81759302687283,33.06675545119749,33.33323314380991,33.617803192792714,33.921549116131196
1290.0,30.95762529715118,30.964625591609625,30.98564249116153,31.02072379947128,31.069948350437933,31.133424671318966,31.211288955168865,31.30370219491617,31.410846318090844,31.532919206172025,31.67012865299728,31.822685726039936,31.990798780854274,32.17467062839548,32.37450290955707,32.5905129629738,32.82296821057307,33.072240025881584,33.33887273310862,33.6236552895146,33.92767691947054
1291.0,30.962353767313665,30.969357667127504,30.990385333104072,31.02548441561751,31.074733478647556,31.138240641464026,31.216141522509737,31.308596342074477,31.415786033447514,31.537907269636726,31.675166503720487,31.82777355600188,31.995936084106788,32.17985749526498,32.37974230397488,32.59581396060217,32.82834967634792,33.077733615120366,33.34452375143239,33.62952022444244,33.933817480724606
1292.0,30.96708467162999,30.974092165618195,30.995130563575003,31.030247359964875,31.07952084449751,31.143058722642976,31.220996031772135,31.31349221437753,31.420727210015013,31.542896497478285,31.680205230062533,31.832862064838263,32.00107410034825,32.185045526325005,32.3849839192818,32.60111894268756,32.83373750204037,33.08323619090496,33.3501860470693,33.635397751988684,33.93997053105469
1293.0,30.97181800253315,30.97882907930785,30.999878174210085,31.035012623169237,31.084310437322902,31.147878902699205,31.22585246948285,31.318389798072367,31.425669836327067,31.54788688557063,31.685244843453955,31.83795129025266,32.006212903365345,32.19023483353807,32.39022789177342,32.60642803580136,32.83913175645214,33.08874772097387,33.355859472284344,33.641287638034626,33.9461358154971
1294.0,30.97655375231489,30.98356840028955,31.004628156515672,31.039780195762724,31.089102246373375,31.15270116945124,31.230710822323065,31.323289079864338,31.430613901870775,31.552878431385977,31.69028535748172,31.843041272080008,32.011352567822385,32.19542552694027,32.39547435208662,32.611741358023124,32.84453250023082,33.09426816955479,33.36154388330788,33.64718965905526,33.9523130917368
1295.0,30.981291913133706,30.988310120526585,31.00938050186335,31.04455006816334,31.093896260817285,31.157525510723683,31.235571077156695,31.328190046957175,31.43555939712696,31.557871133995608,31.695326787802035,31.84813205207405,32.01649316897167,32.20061771443685,32.400723425315704,32.617059019467845,32.84993978663106,33.099797497902756,33.36723914024923,33.653103601379165,33.95850212915518
1296.0,30.98603247701314,30.993054231851843,31.014135201496565,31.0493222306782,31.098692469752624,31.162351914363686,31.240433221061128,31.33309268709482,31.440506313601173,31.562864994057538,31.70036915203693,31.853223673694465,32.021634782383146,32.205811501639815,32.40597523113873,32.62238112278488,32.85535366220165,33.10533566478636,33.3729451070176,33.659029260512156,33.96470270793613
1297.0,30.990775435850843,30.997800725963046,31.018892246542297,31.054096673506706,31.103490862214414,31.16718036826999,31.24529724134821,31.337996988597173,31.445454643838797,31.56786001378734,31.70541246966353,31.858316181909796,32.02677748372172,32.21100699177174,32.41122988396872,32.6277077636045,32.86077416735614,33.1108826268506,33.3786616512293,33.66496644057036,33.97091461834182
1298.0,30.995520781407002,31.00254959442765,31.023651628001492,31.058873386752687,31.1082914271974,31.17201086040533,31.250163125607738,31.342902940388864,31.450404381446432,31.5728561969303,31.71045676190904,31.863409622996546,32.03192134854849,32.216204285556344,32.41648749312194,32.63303903097848,32.86620133694215,33.11643833897214,33.384388644087075,33.6709149537226,33.977137660001155
1299.0,31.000268505313848,31.007300828684503,31.02841333675825,31.063652360424204,31.113094153659993,31.1768433788212,31.255030861728926,31.34781053203412,31.455355521112885,31.57785354873855,31.715502051642186,31.868504044354793,32.03706645207974,32.221403481102314,32.42174816295137,32.638375007840104,32.871635200827484,33.122002754667285,33.39012596030055,33.676874619596035,33.98337164113184
1300.0,31.005018599071676,31.01205442004977,31.03317736357601,31.068433584441415,31.117899030544645,31.181677911673713,31.259900437936075,31.352719753753384,31.46030805860757,31.582852075913205,31.72054836324796,31.87359949434502,32.04221286906669,32.2266046739091,32.42701199306134,32.64371577135787,32.87707578423235,33.127575826235045,33.3958734779434,33.68284526492737,33.989616378120914
1301.0,31.009771054058596,31.01681035971846,31.037943699117914,31.073217048657717,31.1227060467914,31.186514447251316,31.264771842802308,31.35763059646005,31.46526199077781,31.587851786561888,31.725595722525668,31.878696022128633,32.047360673661856,32.231807956850595,32.43227907847125,32.64906139327407,32.88252310813566,33.13315750498571,33.4016310783629,33.68882672313239,33.995871695012724
1302.0,31.014525861527478,31.02156863876637,31.042712333939132,31.07800274285725,31.12751519135039,31.19135297399203,31.269645065286884,31.36254305177926,31.470217315563325,31.592852690160246,31.73064415657529,31.883793677488665,32.05250993922034,32.237013420090896,32.43754950977875,32.65441194033517,32.887977189786994,33.13874774156448,33.40739864606828,33.69481883379542,34.00213742283839
1303.0,31.01928301261357,31.026329248150226,31.04748325849664,31.082790656768182,31.13232645319539,31.19619348051033,31.2745200947523,31.36745711205113,31.475174031960158,31.597854797466063,31.73569369369285,31.888892510740295,32.057660738290956,32.24222115119889,32.4428233733464,32.65976747448506,32.8934380428323,33.14434648594846,33.41317606862725,33.700821442499254,34.008413399435725
1304.0,31.024042498331195,31.03109217871443,31.052256463157935,31.087580780073957,31.13713982134477,31.201035955612152,31.279396920991637,31.37237277035653,31.480132140026154,31.602858120492883,31.74074436326198,31.89399257256336,32.06281314244671,32.24743123507405,32.448100751466534,32.66512805325464,32.89890567777293,33.14995368773525,33.418963236567464,33.706834400345414,34.014699468850985
1305.0,31.028804309578533,31.035857421192784,31.057031938206602,31.092373102422094,31.141955284875017,31.205880388318526,31.2842755342494,31.37729002052248,31.485091640857494,31.60786267244078,31.745796195652147,31.89909391389309,32.067967222225406,32.25264375399958,32.453381722531994,32.67049373001366,32.90438010219931,33.155569296237545,33.42476004327531,33.712857563688885,34.020995481018325
1306.0,31.033568437148805,31.04062496622369,31.061809673850057,31.09716761343493,31.146772832933713,31.21072676788667,31.28915592522958,31.382208857124265,31.490052536565557,31.612868467644795,31.750849222135358,31.904196585821065,32.07312304707347,32.25785878767615,32.458666361185045,32.67586455420474,32.909861321011554,33.16119326057421,33.43056638488439,33.71889079388887,34.027301291456126
1307.0,31.038334871728527,31.045394804347488,31.06658966022612,31.10196430272388,31.151592454759097,31.2155750838261,31.29403808512262,31.387129275496747,31.49501483026341,31.617875521507763,31.75590347477419,31.909300639474676,32.07828068525886,32.26307641324594,32.463954738490884,32.681240571634596,32.91534933671457,33.166825529821296,33.43638216019317,33.72493395698005,34.03361676087523
1308.0,31.043103603906673,31.05016692601806,31.071371887411047,31.106763159903522,31.15641413969564,31.220425325916413,31.2989220056139,31.392051271730125,31.49997852603608,31.62288385043583,31.760958986337233,31.9144061259396,32.08344020384502,32.26829670535461,32.46924692208589,32.68662182467107,32.92084414958153,33.172466053062436,33.4422072705688,33.73098692347236,34.039941754945815
1309.0,31.047874624179233,31.054941321603838,31.07615634543079,31.1115641745969,31.161237877210016,31.225277484223678,31.303807678899766,31.39697484266919,31.504943628913125,31.62789347178998,31.766015790216795,31.919513096164586,32.088601668634624,32.27351973617821,32.474542976330326,32.6920083524738,32.926345757876604,33.17811477948983,33.44804161985302,33.73704956809215,34.046276143989175
1310.0,31.052647922956126,31.0597179813948,31.080943024269278,31.116367336451454,31.166063656908666,31.23013154911483,31.308695097698237,31.40189998590756,31.50991014483859,31.632904403815516,31.771073920341788,31.92462160089056,32.09376514414934,32.27874557549136,32.47984296245734,32.69740019118478,32.93185415800932,33.18377165845032,33.453885114277945,33.74312176958781,34.05261980275846
1311.0,31.05742349057078,31.06449689561562,31.08573191387921,31.121172635155194,31.170891468544806,31.23498751127871,31.313584255252987,31.40682669978664,31.514878080643754,31.637916665596446,31.776133411113456,31.929731690588675,32.098930693611564,32.28397429072051,32.48514693869561,32.702797374096356,32.93736934468062,33.18943663950386,33.45973766238456,33.74920341054467,34.05897261020912
1312.0,31.06220131728532,31.069278054428008,31.09052300419135,31.12598006044672,31.175721302038244,31.23984536173952,31.31847514534826,31.41175498339035,31.519847444016754,31.642930276989524,31.781194297315245,31.934843415375752,32.104098378907175,32.2892059469961,32.490454960427165,32.70819993186564,32.94289131107015,33.19510967249082,33.465599174932116,33.75529437715907,34.065334449242336
1313.0,31.06698139329428,31.074061447943688,31.09531628512379,31.130789602125123,31.18055314749257,31.244705091861057,31.323367762300386,31.416684836514627,31.524818243458398,31.647945258574687,31.786256614069462,31.93995682500185,32.1092682606153,32.29444060722268,32.49576708027691,32.71360789260145,32.94842004888874,33.200790707532356,33.47146956484827,33.761394559143014,34.07170520658922
1314.0,31.071763708734444,31.07884706622861,31.10011174659229,31.135601250065626,31.18538699520681,31.24956669337154,31.32826210097896,31.421616259681254,31.529790488262943,31.652961631592657,31.79132039673699,31.945071968738954,32.114440397945366,32.29967833212311,32.50108334828672,32.719021282121304,32.95395554861537,33.20647969512978,33.477348747120196,33.767503849450975,34.07808477249216
1315.0,31.076548253700356,31.08363489932141,31.104909378525008,31.140414994233453,31.190222835683887,31.254430158354356,31.333158156790866,31.42654925410224,31.534764188474355,31.65797941790111,31.796385680907786,31.950188895411685,32.119614848797816,32.30491918030478,32.5064038119678,32.724440123961934,32.95949779948402,33.21217658612675,33.48323663875971,33.773622144260706,34.08447304070293
1316.0,31.081335018243152,31.088424937234084,31.109709170868356,31.145230824694007,31.19506065965175,31.25929547927809,31.338055925700605,31.431483821685884,31.539739354859922,31.66299863991009,31.8014525022862,31.955307653275018,32.12479166969914,32.31016320831425,32.5117285164854,32.72986443965712,32.965046789726294,33.217881331813196,33.48913315869674,33.779749342682294,34.09086990812377
1317.0,31.086123992395805,31.093217169970067,31.11451111360584,31.150048731625084,31.199900458066356,31.264162648986005,31.342955404207697,31.436419964999555,31.54471599887063,31.668019320555775,31.80652089669987,31.96042829005886,32.129970915869876,32.31541047069924,32.517057504683244,32.735294248720976,32.9706025065176,33.22359388387721,33.4950382277528,33.785885346762925,34.097275274832604
1318.0,31.09091516616896,31.098011587527985,31.11931519676231,31.15486870533049,31.204742222130978,31.269031660718916,31.34785658936606,31.44135768727388,31.54969413261221,31.67304148322706,31.81159089999328,31.96555085286462,32.13515264117529,32.32066102006388,32.52239081726546,32.74072956889446,32.976164936208754,33.229314194490826,33.50095176853968,33.7920300612316,34.10368904377938
1319.0,31.095708529565066,31.10280817990908,31.12412141041504,31.159690736247672,31.209585943295686,31.273902508110222,31.35275947875571,31.446296992369557,31.554673768810286,31.67806515175154,31.816662548038835,31.970675388213248,32.14033689819699,32.32591490713263,32.527728492821026,32.746170416118986,32.98173406425804,33.23504221624797,33.506873705439276,33.79818339352871,34.11011112082849
1320.0,31.10050407259033,31.107606937133166,31.128929744709232,31.164514814965536,31.214431613283317,31.278775185206644,31.35766407051158,31.451237884778056,31.559654920776545,31.68309035030941,31.821735876618998,31.975801941921105,32.14552373816603,32.33117218080252,32.53307056801216,32.751616804823115,32.98730987549621,33.24077790228397,33.51280396448848,33.80434525348749,34.116541373478555
1321.0,31.10530178526572,31.112407849251987,31.133740189869002,31.16934093223579,31.219279224088513,31.28364968645496,31.36257036328913,31.456180369583596,31.564637602378337,31.6881171034217,31.826810921455014,31.980930559167895,32.150713211046394,32.336432888211036,32.53841707758694,32.75706874785322,32.99289235403271,33.246521206185264,33.51874247014491,33.810513940064574,34.12288262659515
1322.0,31.11010165762707,31.117210906360516,31.13855273620474,31.174169078976757,31.22412876797888,31.28852600669907,31.367478356259234,31.461124452445716,31.569621828005047,31.693145435923654,31.831887718173103,31.986061284488283,32.15590536555119,32.34169707478177,32.54376805444403,32.762526256561024,32.99848148329608,33.2522720783027,33.52468869629302,33.81667563729878,34.12915270896372
1323.0,31.114903679753994,31.122016098603183,31.14336737412997,31.17899924628498,31.228980237519096,31.293404141205006,31.37238804911778,31.46607013958725,31.574607612533054,31.698175372897833,31.836966302230874,31.991194161695304,32.16110024912552,32.346964784272956,32.549123529778804,32.76798934097713,33.004077244668224,33.2580303699808,33.53064017650882,33.82282112882743,34.13537999781581
1324.0,31.119707841767838,31.126823416180738,31.148184094162822,31.183831425454972,31.23383362556853,31.298284085645324,31.37729944206337,31.471017437769355,31.579594971303607,31.703206939648307,31.842046708900973,31.996329233895136,32.16629790797778,32.352236058842784,32.5544835331254,32.773458009389486,33.00967959830086,33.26379557175414,33.53659364704024,33.828949008533925,34.141574545193755
1325.0,31.124514133850198,31.13163284937087,31.153002886947156,31.18866560797265,31.23868892528648,31.30316583611132,31.382212535797624,31.47596635428926,31.58458392008801,31.708240161665035,31.84712897324924,32.001466543483566,32.17149838710637,32.357510939091796,32.55984809232286,32.77893226455431,33.01528843098525,33.26956679126028,33.542546520285605,33.83505980190092,34.14774212426605
1326.0,31.12932254624984,31.13644438853076,31.15782374325816,31.19350178554152,31.24354613014323,31.308049389100855,31.387127331516442,31.480916896930122,31.58957447505364,31.713275064596605,31.852213130103863,32.006606132129946,32.17670173031065,32.362789464088294,32.56521723277815,32.78441209276793,33.02090351616784,33.275342965985956,33.54849701055618,33.8411544861061,34.15388660268773
1327.0,31.134133069285667,31.14125802412489,31.16264665401309,31.198339950071716,31.24840523391743,31.312934741519506,31.392043830893538,31.485869073964345,31.594566652747186,31.718311674217198,31.8572992140358,32.01174804078239,32.18190798021609,32.36807167125515,32.57059097514473,32.78989744984237,33.02652451851866,33.2811230393256,33.55444393103677,33.847234099009995,34.16001080011645
1328.0,31.138945693375973,31.146073746706154,31.167471610279744,31.203180093718863,31.253266230722026,31.31782189068734,31.39696203606317,31.49082289412212,31.5995604700604,31.723350016394406,31.862387259332404,32.01689230965713,32.1871171782516,32.373357595867176,32.57596933142959,32.79538825189619,33.03215102504184,33.286906046637945,33.56038650563884,33.85329962632745,34.166116883348685
1329.0,31.14376040903768,31.15089154695453,31.172298603293214,31.208022208847915,31.258129114965747,31.32271083433779,31.401881949631797,31.49577836658429,31.60455594419746,31.728390117068916,31.867477299984497,32.02203897822204,32.19232936456991,32.37864727009846,32.58135230069589,32.80088437366668,33.037782580359,33.292691144881594,33.56632423484598,33.85935197019929,34.17220658274863
1330.0,31.14857720688884,31.155711415676503,31.177127624452076,31.212866288086172,31.262993881401012,31.32760157058753,31.406803574644783,31.5007355009406,31.609553092667397,31.733432002221754,31.872569369663214,32.0271880851924,32.197544577783475,32.38394072158508,32.58673986574201,32.806385652846274,33.04341871529604,33.29847761339325,33.572256807165665,33.86539194652819,34.178281318321865
1331.0,31.153396077691305,31.1605333438059,31.18195866534065,31.217712324289298,31.26786052510356,31.332494097974983,31.411726914585834,31.505694307195334,31.614551933241152,31.73847569784949,31.877663501698635,32.03233966843238,32.202762854582566,32.38923797188456,32.5921319914073,32.811891897413346,33.04905896653754,33.30426484342654,33.57818404097953,33.87142029080691,34.18434227959691
1332.0,31.15821701230956,31.165357322428775,31.18679171773007,31.222560310589113,31.272729041479913,31.337388415414786,31.41665197336395,31.510654795736947,31.61955248393696,31.74352122995151,31.882759729045716,32.037493764880786,32.207984229184696,32.394539035095164,32.59752862443205,32.8174028936031,33.054702889520705,33.3100523242399,33.58410584426587,33.87743766648435,34.19039048070404
1333.0,31.1630400017619,31.170183342786405,31.19162677358642,31.22741024036368,31.277599426258227,31.342284522225334,31.42157875530198,31.515616977309804,31.624554763006575,31.748568624492,31.887858084253452,32.042650410345935,32.21320873269966,32.39984391679255,32.602929694507026,32.82291841355557,33.060350065790566,33.31583962871365,33.590022187513576,33.88344467357745,34.1964267985688
1334.0,31.167865037224068,31.175011396284827,31.19646382508804,31.232262107250193,31.282471675507868,31.34718241810406,31.42650726511896,31.520580863015528,31.629558788874323,31.753617907374345,31.892958599392475,32.047809639271016,32.21843639250466,32.40515261340679,32.60833511616129,32.8284382218706,33.06600010641551,33.321626400198994,33.59593308547757,33.889441856626846,34.202451999722584
1335.0,31.1726921100286,31.179841474505952,31.20130286461386,31.23711590516621,31.287345785625835,31.352082103132222,31.431437507931967,31.525546464280666,31.63456458016635,31.758669104409577,31.89806130595546,32.05297148447377,32.223667231692815,32.410465112068316,32.61374479109011,32.833962080755825,33.07165265295496,33.32741234138296,33.601838584335525,33.89542971152129,34.20846676045431
1336.0,31.177521211672012,31.184673569208616,31.20614388477199,31.24197162830104,31.292221753343743,31.35698357776465,31.43636948922467,31.53051379284199,31.639572155652154,31.763722241280348,31.903166234758764,32.05813597683348,32.22890126861388,32.41578139080616,32.61915861052306,32.83948975403952,33.07730737728345,33.33319720475582,33.60773875202319,33.90140869142033,34.214471682844994
1337.0,31.182352333835148,31.1895076723461,31.210986878401833,31.246829271119488,31.297099575717468,31.361886842821143,31.441303214839415,31.53548286072342,31.644581534228653,31.768777343475552,31.908273415809994,32.06330314500951,32.23413851655435,32.42110141898583,32.624576457539256,32.84502101031321,33.08296398040572,33.33898078437121,33.613633671380626,33.907379211987674,34.22046730699846
1338.0,31.187185468377592,31.19434377607592,31.21583183856567,31.25168882837245,31.301979250140445,31.366791899489346,31.446238690991812,31.54045368023397,31.64959273488553,31.77383443623883,31.913382878152447,32.06847301517472,32.239378983577396,32.426425157971856,32.62999820924413,32.850555625053275,33.088622190536746,33.34476290921512,33.619523435682616,33.91334165575003,34.22645412008422
1339.0,31.19202060736401,31.199181872754654,31.220678758572983,31.25655029508157,31.306860774338297,31.371698749306198,31.451175924221985,31.54542626392866,31.654605776678558,31.778893544495606,31.918494649702442,32.07364561076924,32.2446226724724,32.43175256196477,32.63542373868551,32.856093382015366,33.09428176108673,33.35054343776672,33.625408145195074,33.91929637578669,34.23243256387903
1340.0,31.196857743061276,31.20402195495916,31.22552763196209,31.261413666567858,31.311744146362482,31.376607394166147,31.456114921394175,31.550400624594364,31.65962067868913,31.783954692767384,31.923608757110454,32.07882095230398,32.24986958083537,32.437083578843115,32.64085291650617,32.86163407418358,33.09994246869553,33.356322253361334,33.63128790440531,33.925243698958376,34.23840304112961
1341.0,31.201696867943177,31.2088640154787,31.230378452535028,31.266278938441292,31.31662936458,31.38151783629784,31.461055689686294,31.55537677523106,31.664637459973438,31.789017905080346,31.928725225600843,32.083999057250715,32.255119701239394,32.44241815100789,32.646285612311125,32.86717750432705,33.10560411128226,33.362099260362925,33.637162820106916,33.93118392868198,34.24436592063986
1342.0,31.206537974693756,31.213708047330023,31.235231214344626,31.271146106599836,31.321516427687918,31.386430078260908,31.465998236578283,31.560354729022514,31.669656139521027,31.794083204890097,31.93384407882915,32.08917993993647,32.26037302146163,32.447756216245914,32.651721695877754,32.872723485303425,33.11126650610205,33.36787438079997,33.64303299991418,33.93711734742504,34.25032154159779
1343.0,31.211381056223043,31.218554043771032,31.240085911705478,31.276015167228355,31.32640533471317,31.391344122943742,31.47094256983274,31.565334499306065,31.674676736203395,31.79915061497448,31.938965338763317,32.09436361150645,32.26562952478865,32.45309770853427,32.65716103811376,32.87827184002778,33.116929487904365,33.37364755175266,33.64889855132488,33.94304421875943,34.256270216965056
1344.0,31.216226105678427,31.22340199829415,31.244942539181704,31.280886116807437,31.331296084988836,31.39625997354951,31.475888697472346,31.570316099542246,31.679699268724402,31.804220157342638,31.944089025588706,32.09955007993643,32.27088919034809,32.45844255880604,32.662603511789506,32.88382240129337,33.12259290730032,33.37941872319377,33.654759581000754,33.94896478914919,34.26221223641005
1345.0,31.221073116448103,31.228251904640825,31.249801091616103,31.285758952115614,31.336188678155622,31.401177633596983,31.48083662777189,31.575299543297024,31.68472375554221,31.809291853152715,31.949215157616262,32.10473935008017,32.27615199346523,32.46379069562108,32.66804899213638,32.88937501150083,33.12825662929176,33.385187856088336,33.660616194169144,33.95487928954073,34.26814786883315
1346.0,31.225922082150984,31.233103756785948,31.254661564120678,31.29063367021877,31.34108311417229,31.40609710689308,31.485786369240728,31.580284844187926,31.689750214822958,31.814365722626178,31.954343751230734,32.10993142375784,32.281417906024984,32.46914204577927,32.67349735731541,32.89492952232398,33.133920531899136,33.3909549207604,33.66646849420061,33.96078793677214,34.27407736460941
1347.0,31.23077299665183,31.23795754897087,31.25952395206911,31.295510268479696,31.34597939330781,31.411018397532267,31.490737930589653,31.585272015846495,31.694778664387446,31.819441784973638,31.959474820856386,32.115126299855405,32.28668689682531,32.47449653486668,32.67894848876759,32.90048579435912,33.13958450490758,33.396719895541466,33.67231658231587,33.9666909348418,34.28000095745002
1348.0,31.235625854068743,31.242813275692622,31.2643882511152,31.300388744551697,31.3508775161205,31.415941509887634,31.49569132072053,31.59026107189914,31.699809121644012,31.824520058333317,31.964608378937502,32.12032397445743,32.29195893193654,32.47985408773011,32.68440227145287,32.90604369669947,33.1452484487671,33.4024827656368,33.67816055740538,33.97258847598943,34.285918866005666
1349.0,31.240480648774884,31.247670931710687,31.269254457184783,31.305269096379117,31.355777483467307,31.420866448590697,31.50064654869356,31.59525202591393,31.70484160353517,31.829600559712127,31.96974443592832,32.12552444098427,32.29723397503623,32.485214628927764,32.68985859407418,32.911603106511286,33.150912273525904,33.40824352206025,33.68400051586792,33.97848074172584,34.29183129538215
1350.0,31.24533737540445,31.25253051204464,31.27412256648438,31.310151322195683,31.360679296491128,31.425793218520813,31.505603623706534,31.600244891366298,31.709876126477987,31.834683304939468,31.974883000308548,32.130727690352245,32.30251198773824,32.490578083096594,32.695317349173216,32.91716390857172,33.156575897920796,33.41400216083661,33.68983655156954,33.984367903682646,34.29773843833264
1351.0,31.25019602885209,31.257392011980613,31.278992575502773,31.315035420524982,31.36558295661131,31.43072182479948,31.51056255507447,31.605239681592618,31.71491270631813,31.83976830863157,31.980024078633754,32.13593371114376,32.3077929298895,32.4959443752313,32.70077843313043,32.92272599482943,33.16223924861038,33.41975868240045,33.69566875584488,33.99025012433024,34.303640476228885
1352.0,31.255056604281783,31.26225542707509,31.28386448099543,31.319921390170908,31.370488465525124,31.435652272758936,31.515523352201555,31.610236409746747,31.71995135828373,31.84485558416617,31.985167675566036,32.14114248976457,32.31307675985775,32.501313430965716,32.706241746198714,32.92828926401488,33.16790225943861,33.425513090901525,33.701497217453976,33.996127557711965,34.30953758011361
1353.0,31.2599190971217,31.2671207531579,31.28873828000211,31.324809230220495,31.375395825194342,31.440584567935264,31.520486024546557,31.615235088770113,31.724992096945467,31.849945143660857,31.990313793931698,32.146354010618204,32.31836343479922,32.50668517680531,32.71170719249782,32.93385362121836,33.173564870728505,33.43126539366225,33.707322022597246,34.00200035009848,34.31542991158132
1354.0,31.26478350306634,31.271987986333738,31.2936139698455,31.329698940039904,31.380305037836223,31.445518716048753,31.52545058159215,31.620235731357063,31.730034936180928,31.855036997970636,31.99546243478798,32.151568256273556,32.32365291088864,32.512059540289826,32.71717467994967,32.93941897752011,33.17922702872345,33.437015600749234,33.71314325495103,34.007868640530596,34.32131762350775
1355.0,31.269649818087156,31.276857122971588,31.29849154812115,31.334590519269806,31.385216105909457,31.450454722989083,31.5304170328342,31.62523834991425,31.7350798891297,31.86013115669172,32.00061359747876,32.15678520761051,32.32894514352313,32.51743645016261,32.72264412022546,32.94498524963333,33.18488868502972,33.442763724562425,33.71896099571606,34.0137325613477,34.32720086075587
1356.0,31.2745180384313,31.28172815972611,31.303371012704027,31.339483967816154,31.39012903210715,31.455392594792574,31.535385387739378,31.63024295652678,31.74012696819183,31.865227628163602,32.005767279730264,32.16200484399058,32.33424008752483,32.52281583648546,32.72811542863965,32.95055235953847,33.19054979616557,33.448509779539755,33.72477532368109,34.01959223861519,34.33307976071898
1357.0,31.279388160621505,31.28660109352305,31.30825236174337,31.34437928585044,31.395043819345048,31.460332337628056,31.540355655724934,31.635249562925114,31.7451761849781,31.870326419471404,32.01092347770313,32.16722714340776,32.339537697359816,32.528197630805806,32.73358852411067,32.95612023412955,33.19621032298306,33.45425378170364,33.7305863152538,34.0254477926853,34.33895445408657
1358.0,31.284260181447095,31.291475921565752,31.313135593656607,31.349276473800582,31.399960470754532,31.465273957772567,31.54532784612382,31.64025818045486,31.75022755031848,31.875427536483297,32.01608218610487,32.17245208263102,32.34483792725442,32.53358176613806,32.73906332898323,32.96168880493293,33.201870230459335,33.45999574860771,33.73639404457855,34.031299338406946,34.34482506507479
1359.0,31.28913409797738,31.296352641330024,31.318020707132458,31.35417553234167,31.404878989663587,31.470217461590153,31.550301968170473,31.645268820055144,31.75528107423161,31.880530983868137,32.02124339824603,32.17767963733934,32.35014073135518,32.53896817708045,32.744539768951526,32.967258007810244,33.20752948722751,33.46573569899709,33.74219858356389,34.037146985590816,34.350691712030994
1360.0,31.29400990755494,31.30123125056471,31.322907701125576,31.359076462390856,31.40979937958813,31.47516285551297,31.555278030968513,31.65028149222856,31.76033676591782,31.885636765121795,32.02640710613416,32.18290978226362,32.35544606387359,32.54435679985311,32.750017772929574,32.97282778265925,33.21318806525777,33.47147365262928,33.74800000197126,34.04299083932313,34.35655450782802
1361.0,31.29888760780074,31.306111747288387,31.327796574853828,31.36397926510473,31.414721644211955,31.48011014603619,31.56025604346233,31.65529620702793,31.76539463377041,31.890744882613184,32.031573300560844,32.1881424912794,32.36075387913882,32.54974757228015,32.7554972729308,32.97839807321592,33.21884593966805,33.47720963018304,33.75379836749189,34.04883100015922,34.362413560106454
1362.0,31.303767196605428,31.310994129789048,31.33268732779277,31.368883941865224,31.41964578737959,31.485059339680934,31.565236014418097,31.660312974027423,31.770454685355055,31.895855337601386,32.03674197117665,32.19337773755685,32.36606413177143,32.55514043387442,32.760978203963845,32.98396882673862,33.224503088311984,33.482943652992795,33.75959374580331,34.05466756453978,34.36826897180152
1363.0,31.3086486721224,31.3158783966211,31.337579959667515,31.37379049427005,31.424571813079826,31.490010442975056,31.570217952401364,31.665331802314277,31.775516927430687,31.900968130286845,32.0419131065766,32.198615493640645,32.37137677671165,32.56053532579169,32.76646050391481,32.989539993844566,33.2301594916499,33.48867574300831,33.765386200641366,34.06050062494147,34.374120841323425
1364.0,31.313532032779907,31.32076454660647,31.34247447045297,31.3786989241237,31.42949972543216,31.494963462444442,31.575201865763002,31.670352700477437,31.780581365953687,31.90608325985008,32.047086694366556,32.20385573154409,32.3766917693226,32.56593219084993,32.771944113429704,32.99511152829329,33.23581513249417,33.494405922645925,33.77117579386942,34.06633027013495,34.379969262874035
1365.0,31.31841727726908,31.325652578827352,31.347370860364645,31.38360923342931,31.43442952867221,31.49991840458563,31.5801877626124,31.675375676587926,31.78564800607743,31.91120072448573,32.05226272124963,32.209098422867676,32.38200906547523,32.571330973539304,32.77742897580192,33.00068338674642,33.24146999575667,33.50013421465355,33.77696258554549,34.07215658544948,34.38581432677537
1366.0,31.323304404542068,31.33054249261039,31.35226912984847,31.38852142438001,31.43936122713263,31.504875275851074,31.585175650806136,31.68040073820431,31.79071685217541,31.916320521455425,32.05744117308779,32.21434353885392,32.38732862154953,32.576731619961656,32.7829150368546,33.00625552864917,33.247124068380174,33.50586064211316,33.78274663398739,34.077979652868656,34.39165611955566
1367.0,31.328193413810915,31.33543428754174,31.357169279580905,31.393435499345557,31.44429482523494,31.509834082629798,31.590165537925547,31.68542789234638,31.79578790783988,31.92144264711814,32.06262203498728,32.21959105050679,32.39265039457166,32.58213407787582,32.78840224483534,33.011827915962456,33.25277733900449,33.51158522823317,33.78852799583955,34.083799551363306,34.39749472439165
1368.0,31.333084304535415,31.340327963452555,31.362071310455317,31.398351460860393,31.449230327470286,31.51479483123789,31.595157431271044,31.69045714551172,31.80086117592077,31.926567096987895,32.067805291350325,32.22484092860028,32.39797434214777,32.58753829658795,32.79389055031478,33.01740051312268,33.25842979802218,33.517307996446775,33.79430672612875,34.08961635686963,34.40333022105199
1369.0,31.337977076426828,31.345223520412883,31.36697522357928,31.403269311616544,31.45416773838869,31.519757527894075,31.600151337837683,31.695488503652054,31.805936658515424,31.93169386576309,32.0729909259593,32.23009314382129,32.4033004226102,32.592944227012026,32.79937990606926,33.02297328675694,33.26408143722582,33.52302897018574,33.80008287833303,34.09543014264945,34.40916268634585
1370.0,31.342871729432304,31.350120958720876,31.371881020262183,31.408189054446122,31.459107062587577,31.52472217871588,31.6051472643194,31.700521972198803,31.811014357017715,31.936822947381312,32.07817892201462,32.23534766674561,32.40862859493164,32.59835182155933,32.804870267008155,33.02854620569714,33.26973224990891,33.52874817299177,33.80585650441963,34.10124097923158,34.41499219403669
1371.0,31.347768263739788,31.355020278905123,31.376788702009854,31.413110692316675,31.464048304690184,31.529688789692493,31.61014521708116,31.70555755603965,31.81609427211318,31.941954335053705,32.08336926221627,32.24060446797107,32.413958818850645,32.60376103416751,32.810361590049084,33.034119240702545,33.27538223054499,33.53446562833658,33.811627654923804,34.107048934729896,34.420818815231954
1372.0,31.352666679768213,31.359921481710213,31.38169827051092,31.418034228316788,31.468991469331907,31.534657366676086,31.615145202165568,31.710595259547976,31.82117640382515,31.947088021311146,32.08856192878628,32.245863518098965,32.41929105480543,32.60917182021862,32.8158538340624,33.039692364470135,33.28103137484866,33.540181359690024,33.81739637897844,34.11285407482451,34.426642618342946
1373.0,31.357566978156125,31.364824568094466,31.386609727633047,31.422959665643432,31.4739365611534,31.539627915369767,31.62014722527651,31.71563508656323,31.826260751513516,31.952223998044104,32.09375690355577,32.25112478783252,32.42462526401291,32.61458413653711,32.82134695975065,33.045265551413564,33.28667967955428,33.54589539040443,33.8231627243853,34.1186564629937,34.432463669371934
1374.0,31.362469159751445,31.36972953921998,31.39152307540957,31.42788700758942,31.47888358478571,31.54460044131751,31.625151291786125,31.720677040413435,31.831347313909824,31.957362256541636,32.09895416798563,32.25638824797216,32.42996140843178,32.61999794132994,32.82684092959604,33.05083877763769,33.29232714241678,33.551607743738536,33.828926737648324,34.12445616054454,34.43828203193369
1375.0,31.367373225615243,31.374636396443464,31.39643831602879,31.432816257535702,31.48383254483372,31.549574949889283,31.63015740671326,31.72572112391249,31.83643608913784,31.96250278752937,32.10415370323081,32.26165386949024,32.43529945080528,32.62541319416787,32.83233570775621,33.05641202077603,33.29797376206197,33.55731844279748,33.83468846402923,34.13025322677505,34.44409776745697
1376.0,31.372279177008146,31.379545141306263,31.40135545182136,31.43774741893815,31.48878344586689,31.55455144627646,31.635165574729417,31.730767339374832,31.841527074739744,31.967645581203644,32.10935549016929,32.26692162353685,32.440639354641725,32.63082985593923,32.83783126000741,33.06198525993748,33.303619537957196,33.56302751053518,33.84044794758228,34.13604771902839,34.449910935242485
1377.0,31.37718701537859,31.38445577552801,31.406274485258937,31.44268049531332,31.493736292410777,31.559529935481986,31.640175800159113,31.735815688621354,31.84662026769392,31.972790627271344,32.11455950944784,32.272191481480405,32.44598108422373,32.636247888813664,32.84332755366288,33.06755847561247,33.30926447033613,33.56873496972553,33.84620523120573,34.14183969280122,34.455721592581895
1378.0,31.38209674235847,31.389368300996207,31.41119541893898,31.44761549022859,31.498691088932674,31.56451042231071,31.645188086972365,31.740866172987833,31.85171566444159,31.977937914985482,32.119765741525086,32.27746341494014,32.45132460461282,32.64166725620611,32.84882455749718,33.073131649573604,33.314908560118866,33.574440842941506,33.85196035668334,34.14762920183985,34.461529794873904
1379.0,31.387008359755516,31.394282719763993,31.416118255578823,31.452552407295954,31.503647839832656,31.56949291135946,31.650202438777452,31.745918793327736,31.85681326090052,31.983087433168848,32.12497416669787,32.282737395796104,32.45666988162078,32.64708792269334,32.854322241614334,33.07870476472554,33.32055180879871,33.580145152545086,33.85771336479516,34.153416298346215,34.467335595855694
1380.0,31.391921869532084,31.39919903401747,31.421042997998153,31.45749125015807,31.508606549430272,31.574477407006643,31.655218858844883,31.75097355005105,31.861913052506715,31.988239170271548,32.13018476515264,32.28801339623245,32.462016881873176,32.65250985410742,32.85982057756946,33.08427780527316,33.32619421856587,33.58584792067343,33.86346429515407,34.15920103268121,34.4731390441438
1381.0,31.396837273805733,31.404117246091403,31.42596964910099,31.462432022463368,31.513567221951735,31.579463913422533,31.6602373500905,31.756030443118764,31.867015034248784,31.99339311441581,32.1353975170144,32.29329138877353,32.467365572780736,32.65793301743338,32.865319538217186,33.08985075646426,33.33183579209831,33.591549169203034,33.869213186000984,34.164983307430944,34.478931361787836
1382.0,31.401754574838392,31.409037358451183,31.43089821189067,31.46737472788629,31.518529861540365,31.584452434558674,31.665257915087412,31.761089472045075,31.872119200641137,31.998549253326516,32.14061240226624,32.29857134617553,32.472715922398905,32.66335738063377,32.87081909750987,33.09542360451469,33.33747653257698,33.597248919483754,33.8749600338786,34.17076192075777,34.484714228996495
1383.0,31.406673775026885,31.41395937367679,31.435828689441642,31.472319370094247,31.5234944722265,31.589442974133924,31.670280556061588,31.7661506359265,31.877225545784576,32.003707574468,32.145829400888005,32.30385324156806,32.47806789957676,32.66878291279001,32.876319230616176,33.100996336618515,33.34311644347561,33.6029471836184,33.88070465745399,34.176536089275466,34.49049027841105
1384.0,31.411594876896437,31.418883294465704,31.440761084886862,31.47726595273988,31.528461057934233,31.594435535643957,31.67530527489769,31.771213933441118,31.882334063377236,32.00886806501468,32.15104849284877,32.3091370484401,32.48342147390227,32.6742095840206,32.881819913821744,33.10656894082255,33.34875552681003,33.60864394057017,33.88644680195443,34.18230573711212,34.496260477480355
1385.0,31.41651788307609,31.42380912360131,31.445695401416604,31.482214479460772,31.533429622457813,31.599430122346934,31.68033207314086,31.77627936287277,31.88744474673729,32.014030711919204,32.15626965811961,32.314422740627094,32.48877661567699,32.679637365431404,32.88732112445328,33.1121414056412,33.354393778377684,33.61433913406557,33.89218627316475,34.188070962895,34.50202540234154
1386.0,31.421442796312885,31.42873686396859,31.450631642270036,31.487164953865065,31.53840016947698,31.604426737258006,31.68536095200848,31.781346922115677,31.892557588824356,32.019195501884234,32.161492876705644,32.319710292332886,32.49413329592714,32.685066229085514,32.89282284077623,33.11771371900546,33.36003118399844,33.62003269218135,33.89792294892538,34.19383190421684,34.50778545515121
1387.0,31.426369619431995,31.43366651852142,31.455569810712777,31.492117379513925,31.54337270252591,31.60942538317126,31.690391912388815,31.786416608696165,31.897672582262217,32.02436242142493,32.16671812866016,32.32499967813381,32.4994914863649,32.69049614797,32.89832504171729,33.12328586693311,33.36566771993698,33.62572454310018,33.903656760526665,34.199588703666244,34.51354094018654
1388.0,31.431298355349938,31.43859809028869,31.46050991003088,31.497071759930297,31.548347225005692,31.614426062632926,31.695424954846967,31.791488419782464,31.90278971935228,32.029531456876576,32.17194539409485,32.33029087298601,32.50485115940363,32.69592709589814,32.903827706467546,33.128857832620255,33.37130335577657,33.63141462331043,33.90938767537034,34.20534149702525,34.51929210253291
1389.0,31.43622900705474,31.44353158235641,31.46545194353979,31.50202809857883,31.553323740176847,31.619428777954756,31.70046007963983,31.79656235219154,31.907908992096353,32.034702594421425,32.177174653211935,32.33558385222225,32.51021228810229,32.70135904739347,32.90933081406018,33.13442959627348,33.37693805749062,33.63710287981993,33.915115685448704,34.2110904117815,34.52503914504228
1390.0,31.441161577610337,31.448466997854503,31.47039591455178,31.506986398865685,31.558302251145516,31.6244335312088,31.705497286711164,31.80163840240738,31.913030392213763,32.039875820100455,32.18240588630571,32.340878591560305,32.51557484613938,32.706791977535936,32.91483434300895,33.14000113543768,33.382571789973944,33.6427892705159,33.92084079917888,34.216835566220176,34.530782241067165
1391.0,31.446096070110055,31.4534043399549,31.475341826377075,31.51194666412225,31.56328276087415,31.62944032423058,31.71053657569606,31.80671656659811,31.918153911162104,32.045051119840615,32.18763907378467,32.346175067097185,32.52093880777653,32.71222586177575,32.92033827110132,33.14557242563753,33.38820451907096,33.64847376318395,33.92656303543861,34.22257707007034,34.536521542646994
1392.0,31.45103248770388,31.458343611861814,31.480289682308317,31.516908897599585,31.56826527215788,31.634449158620765,31.715577945942304,31.811796840625828,31.923279540148442,32.05022847945723,32.19287419617857,32.35147325529908,32.52630414777671,32.71766067577548,32.92584257535348,33.15114344107794,33.39383621249429,33.65415633413894,33.93228242060676,34.228315025516814,34.54225718438355
1393.0,31.455970833580135,31.463284816801323,31.48523948562118,31.5218731024713,31.573249787635,31.639460035746072,31.72062139650618,31.816879220051327,31.92840727015169,32.055407884691135,32.1981112341319,32.356773132980344,32.53167084133736,32.72309639529957,32.93134723207558,33.15671415525064,33.399466840427436,33.6598369670611,33.93799898626992,34.234049527855795,34.54798928686156
1394.0,31.46091111095381,31.468227958004363,31.49019123956961,31.526839281824287,31.578236309782476,31.64447295672403,31.72566692616448,31.821963700156676,31.93353709193552,32.06058932120606,32.2033501684383,32.3620746772905,32.5370388640169,32.728532996129886,32.936852217002084,33.1622845415355,33.40509637595021,33.66551565172547,33.943712767181744,34.23978066629047,34.55371795972638
1395.0,31.465853323042158,31.473173038704694,31.49514494736709,31.531807438644925,31.58322484091133,31.649487922460438,31.73071453341954,31.82705027595717,31.938668996069513,32.06577277461367,32.20859098002291,32.36737786568766,32.542408191676266,32.733970453987915,32.942357505460656,33.16785457366119,33.41072479512675,33.6711923829652,33.949423800064054,34.24550852463463,34.55944330362347
1396.0,31.47079747307031,31.478120062134597,31.50010061217971,31.536777575817975,31.58821538316422,31.65450493362047,31.73576421650563,31.832138942210324,31.943802972927156,32.070958230474865,32.21383364995119,32.372682675902375,32.54777880039726,32.73940874454972,32.94786307257905,33.173424226039245,33.41635207688981,33.67686715975367,33.95513212288856,34.2512331819261,34.56516541149724
1397.0,31.475743564274,31.483069031511356,31.5050582371245,31.5417496961233,31.593207938512574,31.65952399064187,31.740815973396483,31.837229693421623,31.948939012715705,32.07614567432594,32.21907815941675,32.37798908591184,32.5531506664672,32.74484784346568,32.95336889343817,33.178993473962066,33.42197820291757,33.68253998463418,33.9608377744477,34.256954712810554,34.5708843694698
1398.0,31.48069159987609,31.488019950018703,31.510017825260594,31.546723802226587,31.598202508759417,31.66454509374171,31.745869801809434,31.84232252386721,31.95407710548623,32.08133509167288,32.224324489736105,32.38329707391769,32.55852376633557,32.75028772639775,32.95887494323775,33.18456229377971,33.427603157464894,33.68821086306484,33.96654079385361,34.262673188008,34.576600257886696
1399.0,31.485641583070834,31.492972820820594,31.51497937958008,31.55169989668235,31.603199095530382,31.669568242913112,31.750925699227054,31.847417427597577,31.959217241149744,32.08652646799342,32.22957262234644,32.388606618311265,32.563898076597305,32.755728369051184,32.964381197463936,33.19013066304343,33.433226927176094,33.69387980284397,33.97224122016164,34.26838867473644,34.58231315217274
1400.0,31.490593517028824,31.49792764704292,31.519942903008452,31.556677981926608,31.60819770028107,31.67459343793184,31.75598366289021,31.85251439844957,31.96435940947364,32.09171978875217,32.23482253879433,32.3939176976587,32.56927357398254,32.76116974722964,32.96988763198447,33.19569856054397,33.43884950091899,33.699546813789475,33.977939092204636,34.27410123696047,34.588023123271725
1401.0,31.495547404888615,31.5028844317645,31.52490839839241,31.56165806027064,31.613198324292068,31.679620678358017,31.7610436898105,31.857613430060734,31.969503600093542,32.09691503940378,32.24007422072617,32.39923029067845,32.5746502353505,32.766611836902115,32.97539422318683,33.201265966375004,33.44447086955067,33.70521190725958,33.98363444834728,34.279810935772495,34.593730238342346
1402.0,31.500503249749045,31.50784317800474,31.529875868487448,31.56664013389412,31.618200968664585,31.684649963538398,31.766105776780346,31.862714515879112,31.974649802529004,32.10211220539051,32.24532764987762,32.40454437623375,32.580028037707436,32.77205461427135,32.980900948046646,33.20683286189431,33.45009102570197,33.71087509591252,33.98932732646414,34.28551782962134,34.59943456107959
1403.0,31.505461054655612,31.512803888721105,31.53484531596673,31.571624204846493,31.623205634333235,31.68968129261452,31.771169920366034,31.86781764915655,31.9797980061926,32.107311272144514,32.25058280806739,32.40985993332491,32.58540695821762,32.777498055793224,32.98640778416737,33.21239922970498,33.45570996366211,33.71653639355678,33.99501776389917,34.29122197443602,34.60513615191093
1404.0,31.510420822592337,31.51776656681129,31.53981674340872,31.576610275045915,31.628212322057227,31.694714664521936,31.776236116932537,31.87292282297595,31.98494820038778,32.11251222508941,32.255839677197166,32.41517694108328,32.590786974222716,32.782942138247186,32.9919147098405,33.21796505362287,33.46132767919283,33.72219581487377,34.000705797354065,34.29692342389506,34.6108350684474
1405.0,31.515382556485612,31.522731215105658,31.544790153297782,31.581598346277755,31.633221032422046,31.69975007799256,31.781304362636174,31.878030030243117,31.990100374315844,32.11771504963903,32.261098239247545,32.42049537877253,32.5961680632426,32.788386838731405,32.997421704043205,33.2235303186717,33.46694416951859,33.727853375430314,34.00639146291078,34.30262222941489,34.61653136545008
1406.0,31.520346259193488,31.527697836350487,31.549765548008118,31.586588420190214,31.638231765834192,31.7047875315638,31.786374653447048,31.88313926371085,31.99525451709472,32.122919731197214,32.26635847626497,32.42581522578002,32.60155020302192,32.79383213478495,33.00292874654852,33.22909501098796,33.47255943291311,33.73350909116434,34.012074795887706,34.308318440651576,34.62222509562095
1407.0,31.52531193349715,31.532666433205687,31.55474292980944,31.591580498287644,31.64324452253015,31.709827023581504,31.7914469851407,31.88825051597766,32.00041061774634,32.128126255162485,32.27162037036077,32.43113646163653,32.60693337152927,32.79927800435981,33.00843581785963,33.23465911778788,33.47817346878002,33.73916297854187,34.01775583092648,34.314012105382396,34.6279163093754
1408.0,31.53027958210143,31.537637008245646,31.55972230086251,31.59657458193315,31.648259302572363,31.71486855219962,31.796521353305256,31.893363779490432,32.005568665206006,32.133334606925835,32.27688390371436,32.43645906600892,32.612317546968015,32.804724425844526,33.013942899241485,33.24022262736,33.483786277568505,33.74481505444242,34.023434601953255,34.31970326961352,34.633605055019856
1409.0,31.53524920761163,31.542609563949465,31.564703663208583,31.6015706723403,31.653276105853468,31.719912115390066,31.801597753357836,31.898479046560517,32.01072864833707,32.13854477187325,32.282149058579954,32.44178301871917,32.61770270783926,32.8101713781354,33.01944997271945,33.24578552890618,33.489397860470454,33.750465335899676,34.02911114219604,34.32539197791216,34.63929137919651
1410.0,31.540220812550096,31.547584102694376,31.569687018773152,31.606568770583667,31.658294932106426,31.724957710944143,31.80667618053262,31.90359630935287,32.015890555913984,32.143756735384244,32.287415817281364,32.447108299726565,32.62308883289638,32.815618840578864,33.024957021073256,33.25134781260403,33.49500821959733,33.75611384027225,34.03478548419477,34.331078273195985,34.64497532660143
1411.0,31.545194399352628,31.55256062676218,31.574672369362847,31.61156887760231,31.663315780877625,31.73000533646116,31.811756629911986,31.908715559902284,32.021054376649694,32.148970482837164,32.29268416220426,32.45243488918843,32.6284759012014,32.821066793039584,33.030464027786216,33.256909469457774,33.500617357679886,33.76176058500425,34.040457659807785,34.33676219706732,34.65065694042617
1412.0,31.550169970349877,31.557539138332817,31.579659716657197,31.61657099417062,31.66833865155342,31.735054989370596,31.81683909638307,31.913836790097747,32.02622009914025,32.154185999544005,32.29795407575279,32.457762767336874,32.63386389209723,32.82651521581927,33.035970977047,33.26247049130308,33.50622527814949,33.76740558773943,34.04612770032832,34.34244378991947,34.65633626247295
1413.0,31.555147527747128,31.562519639447054,31.58464906219614,31.621575120920202,31.673363543367554,31.74010666694552,31.82192357473556,31.91895999178009,32.03138771203107,32.15940327099157,32.30322554062502,32.46309191481887,32.639252785413255,32.83196408995391,33.041477853897234,33.268030870796366,33.511831984951435,33.77304886593446,34.051795636048226,34.34812309047634,34.66201333267008
1414.0,31.560127073648765,31.567502132042254,31.589640407400907,31.626581258330113,31.678390455371332,31.745160366275318,31.82701005954919,31.92408515660052,32.03655720379305,32.164622282534324,32.30849853942745,32.46842231228193,32.64464256116386,32.83741339682025,33.04698464393685,33.27359060129679,33.51743748260955,33.77869043725139,34.05746149688887,34.35380013660326,34.667688189980886
1415.0,31.565108610048064,31.572486617948073,31.594633753561023,31.631589406732612,31.683419386449827,31.750216084273777,31.832098545255267,31.929212276098564,32.04172856286837,32.16984301955398,32.31377305487582,32.47375394060448,32.650033199721385,32.842863118334215,33.052491333460125,33.2791496768472,33.52304177609547,33.78433031930258,34.063125312101,34.35947496501241,34.67336087206028
1416.0,31.570092138819994,31.57747309885997,31.59962910182066,31.636599566301783,31.688450335327914,31.75527381769845,31.837189026154412,31.93434134171704,32.04690177764332,32.175065467455326,32.31904906981593,32.47908678090383,32.65542468185557,32.84831323697296,33.05799790943158,33.284708092151405,33.52864487079613,33.78996852963289,34.06878711026721,34.36514761127718,34.67903141531406
1417.0,31.575077661755262,31.58246157638734,31.604626453232388,31.64161173711052,31.693483300621466,31.760333563199513,31.84228149644479,31.939472344824463,32.05207683647094,32.180289611659454,32.32432656716535,32.484420814443745,32.66081698857451,32.85376373555346,33.06350435923781,33.29026584232307,33.53424677234751,33.7956050857301,34.07444691956536,34.37081811029725,34.684699855397426
1418.0,31.58006518050958,31.58745205199801,31.60962580869623,31.64662591906391,31.69851828076826,31.765395317251752,31.84737595017008,31.94460527667792,32.05725372765186,32.18551543761595,32.32960552996924,32.489756022739776,32.66621010129657,32.85921459747226,33.06901067096325,33.29582292314577,33.53984748679009,33.801240004988294,34.08010476749187,34.37648649583592,34.69036622671349
1419.0,31.585054696566257,31.592444526989496,31.61462716892838,31.651642111864884,31.703555273987284,31.770459076115984,31.852472381188374,31.94974012839991,32.062432439427994,32.190742930805285,32.334885941420126,32.495092387614996,32.671604001934796,32.86466580681191,33.074516833494705,33.30137933113241,33.54544702057838,33.80687330466636,34.08576068076611,34.382152800398956,34.69603056229664
1420.0,31.59004621132785,31.597439002573566,31.61963053455633,31.656660315130516,31.708594278426293,31.775524835980477,31.857570783294868,31.95487689106634,32.06761296001893,32.19597207673793,32.34016778480237,32.50042989104455,32.67699867260609,32.870117347901726,33.08002283595444,33.30693506297031,33.55104538021112,33.81250500191107,34.091414685852165,34.38781705614798,34.70169289481913
1421.0,31.59503972605413,31.60243547982076,31.624635906052493,31.661680528298255,31.713635292023934,31.78059259283055,31.862671150106106,31.960015555624523,32.07279527758735,32.20120286094017,32.345451043511105,32.50576851525718,32.68239409587023,32.875569205719785,33.08552866827868,33.31249011613999,33.55664257269496,33.81813511380301,34.09706680844452,34.39347929392523,34.70735325549706
1422.0,31.600035241866326,31.607433959652482,31.62964328373822,31.66670275066067,31.718678312588565,31.78566234253486,31.86777347514428,31.96515611295933,32.0779793802851,32.206435269005375,32.35073570110947,32.51110824275024,32.68779025465046,32.88102136564672,33.09103432076028,33.318044488348754,33.56223860504713,33.82376365719944,34.10271707383429,34.399139544069236,34.71301167502577
1423.0,31.605032759755364,31.612434442856625,31.63465266779316,31.67172698135939,31.72372333777232,31.79073408081131,31.87287775180127,31.97029855386253,32.08316525622599,32.211669286560834,32.35602174128594,32.51644905626045,32.6931871322406,32.88647381355671,33.096539784248876,33.32359817779695,33.5678334845438,33.829390648832444,34.10836550675917,34.40479783604867,34.71866818315588
1424.0,31.61003228058444,31.61743693009523,31.639664058261356,31.67675321938612,31.728770365066612,31.795807803219297,31.877983973331038,31.975442869027226,32.08835289348025,32.21690489926012,32.361309147841624,32.521790938753576,32.698584712299166,32.89192653583281,33.10204505019477,33.329151183239276,33.57342721878214,33.83501610533937,34.114012131371524,34.41045419837629,34.72432280859426
1425.0,31.61503380506491,31.62244142187891,31.644677455041617,31.681781463601407,31.733819391856176,31.800883505236477,31.88309213293872,31.980589049134718,32.093542280158594,32.222142092876396,32.36659790479212,32.52713387349511,32.70398297882583,32.8973795191398,33.10755011017034,33.3347035033429,33.579019815096196,33.84064004304463,34.11965697159263,34.41610865945924,34.72997557999525
1426.0,31.620037333790837,31.62744791859387,31.64969285789141,31.686811712701857,31.73887041533915,31.805961182147918,31.888202223649273,31.985737084722782,32.09873340428515,32.2273808531641,32.371887996225205,32.53247784395451,32.70938191621153,32.9028327507671,33.113054956569776,33.340255137621234,33.5846112813944,33.846262478258375,34.125300050593445,34.42176124637155,34.73562652452719
1427.0,31.625042867203405,31.632456420475346,31.654710266423635,31.691843965252165,31.74392343260167,31.811040829153406,31.893314238430488,31.99088696631991,32.10392625393378,32.232621165998964,32.377179406439865,32.53782283389166,32.714781509166954,32.908286218280246,33.11855958193081,33.34580608555388,33.590201625392346,33.85188342702462,34.13094139129605,34.42741198599564,34.74127566920192
1428.0,31.630050405608568,31.637466927621258,31.659729680108935,31.696878219670488,31.74897844058412,31.816122441316974,31.898428170137098,31.99603868438003,32.10912081715907,32.23786301731002,32.38247211987993,32.54316882731814,32.72018174276401,32.91373990969011,33.12406397925318,33.35135634698999,33.59579085495631,33.857502905226006,34.13658101613911,34.43306090450465,34.74692304027364
1429.0,31.635059949179208,31.642479439993906,31.66475109827629,31.701914474226292,31.754035436076354,31.821206013558978,31.903544011504362,32.00119222927333,32.114317081985654,32.24310639307155,32.3877661211245,32.54851580848952,32.72558260244029,32.91919381347493,33.12956814204423,33.356905922208206,33.60137897815712,33.86312092860215,34.14221894704411,34.43870802728506,34.752568663148345
1430.0,31.64007149793127,31.647493957400684,31.669774520110455,31.706952727055647,31.75909441575429,31.82629154071,31.908661755217075,32.00634759136567,32.119515036491805,32.2483512793946,32.39306139496589,32.55386376193434,32.73098407392904,32.924647918364606,33.13507206395442,33.362454811485435,33.606966002933575,33.86873751267237,34.14785520568106,34.444353379477036,34.758212563003944
1431.0,31.64508505174948,31.652510479514962,31.674799944654072,31.711992976146135,31.764155376143055,31.831379017458115,31.913781393835524,32.01150476093651,32.1247146687248,32.253597662427865,32.39835792632998,32.559212672431805,32.73638614333795,32.93010221356879,33.1405757391481,33.368003015524906,33.61255193741413,33.87435267279912,34.153489813199194,34.449996985442084,34.76385476418241
1432.0,31.650100610375706,31.657529005870558,31.679827370808685,31.717035219350556,31.769218313637527,31.836468438380294,31.918902919838107,32.01666372822527,32.12991596675298,32.25884552841032,32.403655700314566,32.56456252501592,32.74178879709093,32.935556688640894,33.1460791621042,33.373550535240874,33.61813678976626,33.879966424171606,34.15912279037061,34.455638869031304,34.76949529049037
1433.0,31.65511817340782,31.66254953585806,31.68485679733335,31.722079454382612,31.77428322450094,31.841559797938714,31.924026325618225,32.02182448342803,32.135118918659145,32.26409486367023,32.40895470219069,32.56991330497941,32.74719202193991,32.941011333491474,33.151582327624915,33.37909737175982,33.623720568191494,33.88557878179719,34.164754157584696,34.4612790535829,34.77513416519975
1434.0,31.66013774029468,31.667572068721135,31.68988822283994,31.72712567882009,31.779350104866108,31.84665309048068,31.929151603489803,32.02698701669945,32.14032351253331,32.269345654623514,32.41425491740558,32.57526499787423,32.752595804967186,32.946466138368976,33.157085230815795,33.38464352638865,33.62930328090714,33.89118976049586,34.170383934866685,34.46691756196645,34.780771411084956
1435.0,31.665159310349736,31.672596603545983,31.69492164577722,31.732173890026424,31.78441895065611,31.851748310135026,31.934278745514707,32.032151317958025,32.14552973628177,32.274597887514,32.41955633127666,32.580617589193224,32.758000133261575,32.95192109365689,33.16258786696018,33.390189000677466,33.63488493631549,33.896799375238636,34.17601214231006,34.4725544170268,34.78640705091654
1436.0,31.67018288273198,31.677623139290528,31.699957064483577,31.737224085335708,31.789489757790328,31.856845451082915,31.939407743927077,32.037317377394025,32.15073757814794,32.27985154907645,32.424858929740424,32.58597106512868,32.763404994654884,32.95737619035094,33.16809023179589,33.39573379628484,33.64046554260578,33.90240764034463,34.18163879903647,34.478189640481396,34.7920411062627
1437.0,31.675208456505782,31.682651674816572,31.704994477212313,31.742276262003845,31.79456252217059,31.86194450756445,31.94453859108175,32.04248518540862,32.15594702672888,32.28510662647163,32.43016269924752,32.59132541244849,32.76881037754492,32.96283141998507,33.17359232142196,33.40127791501002,33.64604510775553,33.90801456962475,34.18726392336254,34.4838232530478,34.79767359772594
1438.0,31.680236030571514,31.687682208812568,31.710033882029993,31.747330417057135,31.79963723942018,31.867045473486417,31.949671278954337,32.04765473198686,32.161158070164504,32.290363106429815,32.43546762584492,32.59668061758737,32.77421627011545,32.968286773998635,33.17909413200019,33.406821358850905,33.65162364008287,33.913620177296025,34.19288753407281,34.489455275934404,34.80330454636038
1439.0,31.685265603667613,31.69271473981086,31.715075276837634,31.752386547372787,31.80471390501718,31.8721483426159,31.95480579939509,32.052826007019775,32.16637069655441,32.29562097568786,32.44077369565399,32.60203666713958,32.77962266076238,32.97374224408272,33.18459565993334,33.412364129987246,33.657201147962446,33.91922447750589,34.19850964974141,34.49508573006382,34.80893397291803
1440.0,31.690297174414415,31.697749266222605,31.72011865942523,31.757444649727702,31.80979251436697,31.8772531086891,31.959942144283016,32.057999000488024,32.171584894150044,32.300880221221846,32.44608089512506,32.607393548063975,32.785029538286075,32.979197822296655,33.19009690189473,33.417906230708375,33.66277763966798,33.924827484082954,34.20413028844451,34.50071463572971,34.81456189236508
1441.0,31.69533074126306,31.70278578628975,31.725164027429255,31.762504720760436,31.814873062752905,31.882359765359045,31.965080305460315,32.06317370240123,32.176800651326595,32.30614083021104,32.45138921098865,32.61275124768855,32.79043689187378,32.984653501083784,33.19559785485422,33.423447663441614,33.66835312342137,33.930429210573294,34.20974946548096,34.50634086323049,34.820119058409134
1442.0,31.700366302547963,31.707824298145443,31.73021137837134,31.767566756996896,31.819955545365836,31.887468306195057,31.97022027470864,32.06835010274062,32.18201795646455,32.3114027898944,32.45669863009332,32.61810975350512,32.79584471091638,32.99010927308916,33.20109851595729,33.428988430724615,33.673927607434564,33.93602966776867,34.21536687376233,34.51195464502261,34.825618325754355
1443.0,31.705403856465125,31.71286479978015,31.735260709640087,31.7726307548424,31.825039957280882,31.892578724674333,31.975362043757148,32.07352819148603,32.18723679799794,32.31666608763577,32.46200913947084,32.62346905324613,32.801252985083856,32.9955651312269,33.20659888256476,33.434528535200315,33.67950109880385,33.941628795367656,34.220980821714754,34.51754949085893,34.83107997818134
1444.0,31.710443401067554,31.71790728904694,31.740312018489693,31.77769671056808,31.830126293464986,31.897691014200877,31.98050560428754,32.07870795860793,32.19245716440998,32.32193071090574,32.46732072633276,32.62882913487012,32.806661704296545,33.00102106866281,33.21209895223687,33.44006797928376,33.685073589819254,33.94722627538955,34.22658904816988,34.523124475019515,34.83651125647018
1445.0,31.715484934277683,31.722951763667208,31.745365302038323,31.782764620337876,31.83521454878329,31.90280516809205,31.985650947928878,32.083889394072884,32.19767904424454,32.32719664728672,32.47263337806283,32.634189986562326,32.81207085872898,33.00647707880338,33.21759872263394,33.44560676240549,33.690645020817364,33.95282151630581,34.23218977262982,34.52868004707914,34.84191634958268
1446.0,31.720528453876007,31.72799822122224,31.750420557285633,31.78783448018927,31.840304717994083,31.907921179584374,31.990798066273005,32.08907248786198,32.202902426090255,32.33246388448131,32.47794708221908,32.6395515967312,32.81748043881045,33.01193315527848,33.22309819095095,33.45114487316496,33.69621525154257,33.958413804891336,34.237781785009204,34.53421697604514,34.84729808769614
1447.0,31.725573957517568,31.733046659169755,31.755477781097053,31.7929062860352,31.845396795758322,31.91303904184061,31.99594695086583,32.0942572299436,32.20812729860131,32.33773241031403,32.48326182653137,32.64491395400286,32.82289043519662,33.01738929179395,33.22859735219745,33.45668227927664,33.70178406448733,33.96400243161375,34.2433643005886,34.53973607292614,34.85265855182987
1448.0,31.73062144271951,31.73809707482664,31.76053697022051,31.797980033690568,31.85049077664124,31.918158747954717,32.00109759321927,32.099443610301556,32.213353650492664,32.343002212715405,32.4885775989039,32.65027704721847,32.828300838746955,33.02284548176648,33.23409619636809,33.46221892096835,33.70735118698109,33.96958675192061,34.248936826296685,34.54523810992424,34.85799935595413
1449.0,31.73567090685859,31.743149465387376,31.765598121265658,31.803055718841048,31.85558665510221,31.923280290949474,32.006249984815135,32.104631618931705,32.21858147053567,32.34827327974089,32.49389438741962,32.655640865421,32.83371164043539,33.02830171757425,33.239594705349354,33.46775470972186,33.71291631624002,33.97516620738751,34.25449906524455,34.55072379809721,34.863321801142185
1450.0,31.74072234720114,31.74820382790881,31.770661230732117,31.80813333707125,31.86068442551984,31.92840366377173,32.01140411708848,32.10982124584194,32.223810747567626,32.35354559956423,32.49921218030845,32.66100539784256,32.83912283117258,33.03375798952111,33.245092850481775,33.47328953128935,33.71847913976867,33.9807403263965,34.260050853413404,34.5561937854705,34.86862696572999
1451.0,31.745775760864124,31.75326015932971,31.775726294992538,31.81321288385386,31.86578408217484,31.93352885930868,32.01655998145506,32.115012481039386,32.22904147049194,32.3588191604745,32.50453096598761,32.66637063384097,32.844534401465296,33.039214284665235,33.2505905912907,33.47882325091623,33.7240393496281,33.986308716552145,34.2655921176331,34.561648661346354,34.873915763047336
1452.0,31.750831144838497,31.758318456457545,31.78079331030309,31.818294354547923,31.870885619259155,31.938655870399,32.021717569303185,32.12020531456764,32.234273628282125,32.36409395088149,32.50985073300874,32.671736562820186,32.849946341028584,33.04467058582294,33.2560878753692,33.48435571904165,33.729596651164925,33.99187105469365,34.27112284801533,34.56708896229397,34.87918897941242
1453.0,31.755888496001546,31.763378715971204,31.78586227279534,31.823377744415,31.87598903087746,31.943784689799784,32.02687687199546,32.12539973648634,32.23950720996875,32.36936995930713,32.51517147004732,32.677103174104985,32.855358638316424,33.05012687077811,33.26158463912373,33.48988677658504,33.73515076826547,33.99742707681882,34.2766430785511,34.57251517833694,34.88444730141633
1454.0,31.760947811091697,31.76844093443496,31.790933178487595,31.828463048611056,31.881094311050806,31.948915310218688,32.032037880873794,32.13059573686158,32.24474220465618,32.37464717438253,32.520493165881646,32.68247045676282,32.86077128004765,33.05558311179841,33.2670808090045,33.495416259625195,33.74070144609426,34.00297656872607,34.282152873315994,34.577927758605185,34.889691336244496
1455.0,31.766009086733654,31.773505108293676,31.79600602329169,31.833550262184872,31.886201453721906,31.954047724311565,32.03720058725691,32.13579330578741,32.249978601525804,32.379925584843654,32.52581580930978,32.687838399385306,32.86618425077136,33.061039275485776,33.27257630313205,33.500944003134805,33.746248451720916,34.00851935789943,34.28765231755592,34.58332711630515,34.89492162580522
1456.0,31.771072319427642,31.778571233855242,31.801080802999145,31.83863938009257,31.891310452751156,31.959181924684575,32.04236498244513,32.14099243339529,32.255216389817974,32.385205179509875,32.531139389075086,32.693206989884864,32.87159753254533,33.06649532287125,33.27807103300581,33.506469843751475,33.75179157369081,34.014055306765435,34.293141511431536,34.5887136330225,34.9001386573856
1457.0,31.776137505544256,31.783639307322243,31.80615751328853,31.843730397188242,31.896421301915698,31.964317903885476,32.04753105773111,32.146193109835046,32.26045555883256,32.39048594724249,32.536463893785104,32.69857621528329,32.877011104689444,33.07195120973354,33.28356490510522,33.51199362188445,33.757330621212716,34.01958430702514,34.29862056505157,34.59408766236693,34.905342872560965
1458.0,31.78120464134459,31.78870932478476,31.811236149736995,31.848823308241066,31.901533994928045,31.969455654419697,32.052698804389706,32.15139532527644,32.26569609792787,32.39576787693097,32.541789311813105,32.703946061492566,32.882424943635556,33.07740688704841,33.289057822371944,33.51751518323357,33.76286542296048,34.02510627489347,34.30408959494949,34.59944953312379,34.91053467415297
1459.0,31.786273722971938,31.79378128221354,31.816316707816533,31.853918107916456,31.906648525423783,31.97459516874818,32.05786821368249,32.156599069915714,32.27093799650918,32.401050957452156,32.54711563117834,32.709316513149695,32.887839022873756,33.08286230149866,33.29454968555776,33.52303437989113,33.76839582566665,34.03062114700828,34.309548721494615,34.60479955204759,34.915714431839014
1460.0,31.791344746449507,31.79885517546363,31.821399182887117,31.859014790785352,31.91176488696392,31.979736439283773,32.06303927686156,32.16180433397561,32.27618124401306,32.40633517761259,32.55244283943477,32.714687553472636,32.893253312986246,33.0883173960693,33.30004039438153,33.528551070959956,33.77392169258203,34.036128877183174,34.31499806724236,34.6101380061737,34.92088248635421
1461.0,31.796417707689198,31.803931000277725,31.826483570202267,31.864113351332765,31.916883073041653,31.984879458398204,32.06821198517075,32.167011107700986,32.28142582988306,32.411620526091625,32.557770923568,32.72005916414943,32.89866778175131,33.09377211064395,33.305529848501216,33.53406512287619,33.77944290201021,34.04162943373681,34.3204377556781,34.61546516479571,34.92603915304166
1462.0,31.801492602495127,31.80900875229232,31.831569864920034,31.869213783963247,31.922003077084593,31.990024218426136,32.07338632985199,32.172219381344156,32.286671743555196,32.416906991389894,32.56309986989643,32.72543132527137,32.904082394302044,33.09922638259474,33.31101794830382,33.53957640952304,33.784959345962996,34.047122797262126,34.32586791019497,34.620781281188684,34.93118472492952
1463.0,31.806569426555736,31.814088427039316,31.83665806210183,31.874316082996632,31.927124892457325,31.995170711665935,32.07856230213451,32.17742914516247,32.29191897442593,32.422194561768585,32.56842966398448,32.730804015295,32.90949711331454,33.104680147318206,33.316504595555884,33.545084812249804,33.79047092891897,34.05260895868061,34.33128865326738,34.626086594153435,34.93631947540018
1464.0,31.81164817544885,31.819170019942998,31.841748156708576,31.879420242663386,31.932248512464355,32.00031893037866,32.08373989322783,32.18264038941325,32.297167511820476,32.4274832251877,32.573760290574626,32.736177211043135,32.91491189922678,33.11013333872883,33.32198969389929,33.550590219762796,33.79597756665421,34.05808791766017,34.33670010597495,34.631381329331255,34.941443660264774
1465.0,31.816728844648612,31.824253526321556,31.846840143604457,31.884526257109087,31.93737393034888,32.00546886678676,32.08891909432689,32.18785310433585,32.30241734496906,32.43277296925302,32.57909173352057,32.74155088771864,32.92032671046011,33.11558588974841,33.32747314931806,33.55609252796857,33.801479185106935,34.063559681127224,34.34210238754585,34.63666570046366,34.9465575197713
1466.0,31.821811429527774,31.829338941391313,31.851934017558808,31.88963412040863,31.94250113929073,32.01062051307422,32.094099896612725,32.193067280131565,32.30766846296572,32.43806378116288,32.58442397574386,32.74692501896137,32.92574150366624,33.12103773271266,33.33295487041684,33.56159163963972,33.80697571939387,34.069024262264,34.34749561519996,34.64193991034484,34.951661279986496
1467.0,31.82689592535446,31.8344262602684,31.857029773255746,31.894743826557242,31.947630132409234,32.01577386139804,32.099282291248514,32.19828290695839,32.312920854743176,32.443355647653284,32.58975699920987,32.75229957690987,32.93115623397047,33.12648879974682,33.338434768640596,33.56708746413384,33.81246711292838,34.07448167955791,34.35287990394836,34.647204151723834,34.956755154174175
1468.0,31.83198232729445,31.839515477970707,31.86212740528388,31.899855369474658,31.95276090277599,32.02092890387105,32.10446626936756,32.203499974907245,32.318174509036886,32.448648554961515,32.59509078490786,32.757674532283964,32.93657085520625,33.131939023076264,33.3439127584213,33.5725799170809,33.817953316629044,34.07993195599339,34.35825536646364,34.65245860811596,34.96183934399736
1469.0,31.83707063041145,31.844606589421023,31.867226908146264,31.904968743007405,31.95789344340769,32.02608563257034,32.10965182206547,32.208718473988185,32.32342941434919,32.45394248878568,32.600425312844735,32.76304985447757,32.94198532014655,33.13738833532793,33.34938875730211,33.57806892005938,33.82343428816732,34.08537511832404,34.36362211299358,34.65770345454795,34.96691404059351
1470.0,31.842160829671737,31.849699589448992,31.87232827626349,31.910083940931234,31.96302774726053,32.03124403953532,32.114838940384736,32.21393839411084,32.328685558912824,32.45923743425983,32.60576056206288,32.76842551167284,32.94739958071197,33.14283666974004,33.35486268596344,33.58355440028364,33.82890999137625,34.090811196529565,34.36898025132615,34.66293885816359,34.971979425427
1471.0,31.847252919958592,31.854794472791337,31.877431503968666,31.91520095695288,31.968163807235566,32.03640411675715,32.120027615313134,32.219159725058034,32.3339429306723,32.46453337592607,32.61109651066153,32.7738014709287,32.952813588165235,33.148283960377555,33.36033446828227,33.58903629029391,33.834380395614794,34.09624022326363,34.374329886767384,34.6681649788372,34.97703567113049
1472.0,31.85234689604938,31.859891234095844,31.882536585514085,31.920319784706283,31.973301616183967,32.041565856179275,32.125217837775956,32.2243824564695,32.33920151725454,32.46983029772949,32.616433135819015,32.779177698296216,32.958227293292325,33.15373014229446,33.36580403128534,33.594514527642396,33.83984547526361,34.101662233469916,34.37967112218331,34.673381969655466,34.982082942165825
1473.0,31.857442752637333,31.864989867921324,31.88764351507124,31.925440417758026,31.978441166898516,32.0467292496928,32.13040959862131,32.22960657782075,32.34446130594176,32.47512818298805,32.62177041381887,32.78455415892111,32.963640646596325,33.159175151727894,33.371271305190476,33.599989054589194,33.84530520915189,34.10707726386712,34.38500405796836,34.6785899775018,34.987121395632656
1474.0,31.862540484322825,31.870090368739294,31.89275228673439,31.930562849605632,31.98358245211497,32.05189428913282,32.13560288860771,32.23483207840578,32.349722283653975,32.480427014397456,32.6271083201018,32.789930817163786,32.969053598435764,33.16461892615697,33.37673622327685,33.60545981780273,33.850759580237174,34.11248535280818,34.39032879216008,34.68378914335332,34.992151181627655
1475.0,31.86764008562049,31.875192730935304,31.897862894516916,31.93568707368202,31.98872546451168,32.05706096627173,32.14079769839343,32.24005894731869,32.35498443693412,32.48572677404163,32.632446829315185,32.79530763669661,32.9744660991583,33.170061404400265,33.382198721838776,33.610926768107035,33.85620857521944,34.11788653997578,34.39564542045263,34.688979602676106,34.99717244377785
1476.0,31.872741550957617,31.88029694881055,31.902975332357336,31.94081308335389,31.99387019670744,32.062229272815216,32.145994018523844,32.24528717343571,32.36024775192303,32.49102744337855,32.637785915343,32.800684580613876,32.979878099269406,33.17550252675226,33.38765874014887,33.616389860179446,33.86165218406647,34.12328086602262,34.40095403623728,34.694161485890746,35.00218531986069
1477.0,31.877844874674732,31.885403016583318,31.908089594123318,31.94594087192142,31.99901664125704,32.06739920039162,32.15119183941365,32.25051674540366,32.365512214355014,32.49632900328226,32.643125551378844,32.806061611526026,32.985289549482125,33.180942234927464,33.39311622030158,33.62184905236563,33.86709039989068,34.12866837255607,34.40625473068879,34.69933491852294,35.007189941956305
1478.0,31.882950051033383,31.890510928395603,31.91320567360366,31.95107043261588,32.00416479064723,32.072570740542595,32.156391151346234,32.255747651620666,32.3707778095552,32.501631434024326,32.648465709971944,32.811438691647936,32.990700400864704,33.186380472190415,33.39857110718178,33.627304306414146,33.872523218532265,34.134049101822626,34.4115475928065,34.7045000216148,35.012186437008864
1479.0,31.8880570742154,31.89562067831316,31.91832356451343,31.956201758599487,32.00931463729395,32.077743884716156,32.161591944457,32.260979880223374,32.37604452242966,32.50693471530076,32.65380636308307,32.81681578289407,32.99611060492257,33.19181718336025,33.40402334835523,33.63275558726321,33.877950638325245,34.13942309657751,34.41683270947777,34.70965691197589,35.01717492713093
1480.0,31.893165938319914,31.900732260318716,31.923443260499067,31.961334842967887,32.01446617354308,32.082918624268665,32.16679420871523,32.266213419077935,32.381312337465594,32.512238826268096,32.65914748212956,32.822192846957385,33.00152011365288,33.1972523148013,33.409472893979384,33.63820286286111,33.883372659904836,34.144790399994704,34.42211016553006,34.714805702390926,35.022155529855205
1481.0,31.898276637370177,31.905845668321778,31.92856475513015,31.966469678744954,32.01961939166055,32.08809495044651,32.17199793392183,32.271448255768505,32.386581238727366,32.51754374555168,32.664489038046206,32.82756984538649,33.00692887963562,33.20268581446485,33.414919696706065,33.643646103949166,33.88878928595613,34.15015105550375,34.42738004380679,34.71994650188099,35.027128358473576
1482.0,31.90338916531245,31.91096089615532,31.933688041902474,31.97160625888365,32.02477428383095,32.093272854383784,32.17720310969383,32.27668437758733,32.391851209855815,32.52284945127674,32.669831001334856,32.83294673966567,33.012336856094876,33.20811763188608,33.420363711587406,33.64908528387524,33.89420052101299,34.15550510668859,34.43264242522496,34.72507941592005,35.032093522301835
1483.0,31.908503516016534,31.91607793757511,31.938813114240432,31.976744576259563,32.02993084215359,32.09845232709318,32.18240972546068,32.28192177153655,32.3971222340874,32.52815592108906,32.67517334212258,32.83832349126575,33.01774399692879,33.21354771815473,33.42580489597526,33.654520378459715,33.89960637133265,34.16085259724471,34.437897388834934,34.73020454659134,35.03705112685653
1484.0,31.91361968327766,31.921196786261454,31.943939965494895,31.98188462367118,32.03508905863782,32.10363335945835,32.187617770451304,32.287160424314834,32.40239429424609,32.533463132180216,32.68051603021339,32.84370006172978,33.023150256790565,33.21897602593741,33.43124320942651,33.65995136578232,33.90500684465669,34.16619357083896,34.443145011886706,34.73532199283463,35.04200127416976
1485.0,31.918737660810987,31.9263174358225,31.949068588944055,31.98702639384149,32.040248925195336,32.108815942227025,32.19282723368937,32.292400322318606,32.407667372764976,32.53877106133091,32.685859035125205,32.849076412696576,33.0285555910678,33.2244025094022,33.43667861361927,33.66537822611993,33.910401950202846,34.1715280711404,34.44838536987532,34.74043185049774,35.04694406282304
1486.0,31.923857442256832,31.93143987979251,31.954198977793318,31.99216987941253,32.04541043363831,32.11400006600255,32.198038103981695,32.297641451631264,32.412941451680645,32.544079684922394,32.69120232615508,32.85445250599876,33.033959955986525,33.22982712426069,33.442111072247414,33.67080094170119,33.9157916983706,34.176856141649964,34.45361853661414,34.7455342126348,35.051879588329356
1487.0,31.92897902118606,31.936564111629306,31.959331125164248,31.99731507293964,32.05057357566708,32.11918572123937,32.20325036992087,32.30288379804602,32.41821651266917,32.54938897898131,32.69654587239797,32.85982830364691,33.03936330853685,33.23524982767161,33.44754055096459,33.6762194967205,33.92117610081231,34.182177825775256,34.45884458426878,34.75062916946964,35.05680794308513
1488.0,31.9341023910937,31.94169012471861,31.964465024104438,32.00246196689398,32.05573834287129,32.12437289823323,32.20846401986887,32.308127347038734,32.42349253703269,32.55469891919735,32.70188964281984,32.865203767944635,33.0447656065966,33.24067057827824,33.452967017261294,33.68163387706573,33.92655517013103,34.187493166663366,34.46406358343395,34.7557168087163,35.061729216749036
1489.0,31.939227545400463,31.946817912366612,31.96960066758373,32.007610553651496,32.060904726729554,32.12956158712249,32.21367904196725,32.31337208379255,32.42876950573927,32.56000948095926,32.70723360626887,32.87057886145059,33.050166808853575,33.2460893361317,33.45839044042321,33.6870440703463,33.93192891995876,34.19280220727851,34.469275603152276,34.76079721553631,35.06664349617905
1490.0,31.94435447745476,31.95194746780534,31.97473804848994,32.012760825495924,32.066072718596324,32.134751777874484,32.2188954241189,32.3186179931832,32.43404739941591,32.56532063938095,32.71257773154229,32.87595354708551,33.05556687489418,33.25150606269382,33.463810791415646,33.69245006566455,33.93729736470906,34.19810499026735,34.47448071099605,34.765870472800735,35.07155086576003
1491.0,31.94948318052027,31.957078784187335,31.979877159623065,32.01791277461016,32.07124230969897,32.13994346028526,32.224113153997266,32.323865059798365,32.439326198378815,32.570632369325885,32.71792198739519,32.88132778810063,33.0609657651436,33.25692072077991,33.469228042851555,33.69785185362932,33.94266051963495,34.203401558019415,34.47967897309146,34.77093666107244,35.07645140736636
1492.0,31.954613647787433,31.962211854586744,31.985017993699966,32.02306639307647,32.07641349113602,32.14513662397274,32.229332219035996,32.32911326792995,32.44460588263871,32.575944645440735,32.72326634260011,32.88670154815806,33.06636344092823,33.26233327454529,33.47464216887665,33.70324942616525,33.94801840062813,34.20869195256847,34.484870454182165,34.77599585881995,35.081345200621506
1493.0,31.959745872366074,31.967346671995152,31.99016054334756,32.02822167287527,32.08158625387262,32.150331258379815,32.23455260644281,32.33436260160084,32.449886431926565,32.58125744217771,32.72861076594385,32.89207479129917,33.071759864419576,33.26774368941976,33.48005314514029,33.708642776537005,33.95337102427453,34.21397621565206,34.49005521765345,34.781048142390375,35.08623232285036
1494.0,31.96487984728482,31.972483229324222,31.995304801102655,32.03337860587631,32.08676058873265,32.1555273527572,32.23977430317556,32.33961304454068,32.45516782569691,32.586570733827394,32.73395522631244,32.89744748204799,33.07715499871208,33.27315193211743,33.48546094867205,33.71403189910987,33.95871840761737,34.219254388584595,34.495233325610286,34.78609358627697,35.091112849411005
1495.0,31.970015565494737,31.977621519400508,32.00045075941012,32.0385371838392,32.09193648639622,32.160724896177186,32.24499729596991,32.34486458023018,32.46045004316462,32.59188449453086,32.739299692645204,32.90281958531863,33.082548807711454,33.278557970553464,33.490865557901756,33.71941678949101,33.96406056835539,34.224526512395265,34.50040483886247,34.79113226295439,35.09598685347253
1496.0,31.9751530198628,31.982761534967068,32.00559841061957,32.043697398409144,32.0971139373946,32.165923877513556,32.2502215713133,32.35011719187379,32.46573306330011,32.59719869832435,32.74464413404225,32.90819106655679,33.08794125624935,33.28396177384897,33.49626695249545,33.72479744421924,33.969397524500685,34.22979262765304,34.50556981703168,34.79616424323378,35.10085440645368
1497.0,31.980292203171224,31.987903268675137,32.010747746980265,32.04885924110838,32.10229293211249,32.171124285457175,32.255447115471235,32.35537086243299,32.4710168648628,32.602513319141224,32.74998851972404,32.913561891652726,33.09333230997606,33.28936331227214,33.501665113389876,33.730173860898205,33.97472929455929,34.235052774585384,34.51072831853284,34.80118959611201,35.105715577827404
1498.0,31.9854331081171,31.9930467130853,32.015898760640255,32.05402270333501,32.10747346078069,32.17632610850596,32.2606739144781,32.360625574625004,32.47630142641264,32.607828330846765,32.755332819084295,32.9189320269988,33.098721935394074,33.29476255720997,33.507060022691256,33.73554603804615,33.98005589739112,34.24030699301911,34.51588040063705,34.80620838893867,35.11057043531866
1499.0,31.99057572728523,31.998191860645992,32.02105144362328,32.05918777634126,32.11265551344358,32.1815293349281,32.26590195409805,32.365881310887474,32.481586726276866,32.6131437072046,32.76067700165576,32.92430143944865,33.104110099800096,33.3001594810734,33.51245166356108,33.740913974993944,33.985377352167646,34.245555322434065,34.52102611964031,34.81122068767094,35.11541904518048
1500.0,31.99572005319377,32.003338703735196,32.02620578786484,32.06435445127555,32.11783908002521,32.18673395283216,32.271131219931846,32.371138053489865,32.486872742667366,32.61845942201274,32.76602103720766,32.929670096392016,33.1094967713641,33.305554057409466,33.51784002033723,33.74627767199502,33.99069367839231,34.25079780185719,34.526165530596224,34.81622655648964,35.120261487728065
1501.0,32.000866078296674,32.008487234670824,32.031361785235845,32.069522719213325,32.12302415033831,32.19193995021633,32.27636169744588,32.37639578460416,32.4921594537864,32.623775449207685,32.77136489592927,32.9350379659499,33.11488191926496,33.31094626090905,33.5232250784378,33.75163713000749,33.996004895659226,34.25603446964181,34.53129869103788,34.82122798737919,35.125214072630044
1502.0,32.00601379488688,32.013637445588614,32.036519427413175,32.07469257099733,32.12821071393151,32.19714731474663,32.28159337173143,32.38165448600098,32.497446837458,32.62909176246653,32.776708547929545,32.940405016428315,33.1202655131614,33.316336066999376,33.52860682410674,33.756992350726854,34.00131102401014,34.261265368586294,34.536426198992935,34.82624146951809,35.130255334248474
1503.0,32.01116319518075,32.01878932855669,32.04167870599149,32.0798639973709,32.13339876023326,32.202356033958985,32.28682622773746,32.38691413933914,32.50273487148416,32.63440833560185,32.78205196369608,32.945771216803315,33.12564752364342,33.32172345217228,33.53398524458652,33.76234333652359,34.00661208541666,34.266490659980384,34.54155097444522,34.83127798964007,35.13535131259214
1504.0,32.0163142712915,32.02394287553608,32.04683961244261,32.08503698893269,32.13858827850466,32.20756609518577,32.29206025021088,32.392174726096,32.50802353356477,32.639725142473075,32.78739511398878,32.95113653657532,33.131027922068334,33.32710839384645,33.539360328016315,33.76769009094992,34.011908126832815,34.27171093696221,34.546676892212055,34.83633919133235,35.14048994258895
1505.0,32.021467015235295,32.02909807837445,32.052002138120066,32.090211536147194,32.14377925783822,32.212777485579075,32.29729542369863,32.39743622756925,32.51331280129989,32.64504215699802,32.79273796983554,32.95650094577457,33.136406680570396,33.332490870332066,33.544732063539385,33.773032623336775,34.017199282570395,34.276927251033456,34.55180701872825,34.84142440883406,35.14566427945691
1506.0,32.02662141890257,32.03425492880913,32.05716627424998,32.09538762933515,32.148971687163005,32.21799019210177,32.302531732564525,32.402698624910414,32.51860265222366,32.650359353166735,32.79808050255143,32.961864414971025,33.141783772020574,33.33787086085234,33.550100442203885,33.778370961930506,34.022485822180585,34.282140857230964,34.55694346210673,34.84653243744174,35.15086965850722
1507.0,32.03177747409723,32.03941341846551,32.062332011934096,32.10056525866539,32.15416555523873,32.223204201531075,32.307769160976875,32.40796189910953,32.52389306380173,32.65567670505346,32.8034226837479,32.96722691525198,33.1471591700369,33.34324834570365,33.555465459802654,33.783705170655494,34.02776814504944,34.28735300410963,34.562087614219195,34.85166200013548,35.15610267181245
1508.0,32.036935172480746,32.044573538844915,32.06749934214323,32.10574441416554,32.159360850650906,32.22841950045917,32.31300769293323,32.413226031026085,32.529184013455136,32.66099418684352,32.8087644853403,32.97258841823477,33.15253284901102,33.34862330685591,33.560827121567115,33.789035360247226,34.033046743081,34.29256483001452,34.56724037686723,34.85681188413775,35.161360691624644
1509.0,32.0420945056308,32.049735281332865,32.0726682557133,32.11092508570602,32.16455756183192,32.23363607530534,32.31824731225606,32.41849100138361,32.53447547855629,32.666311772819824,32.814105879553566,32.97794889608542,33.157904784234425,33.353995729170606,33.5661854473634,33.794361690250895,34.03832215856728,34.29777732824618,34.57240232154972,34.86198097717734,35.166641614172875
1510.0,32.04725546497422,32.05489863719202,32.07783874334912,32.116107263015984,32.169755677030366,32.238853912301664,32.32348800260515,32.42375679078312,32.539767436466484,32.67162943740606,32.81944683893364,32.98330832152651,33.163274952185105,33.35936560211729,33.571540475661465,33.79968436386322,34.04359495021682,34.302991345951334,34.577573794948165,34.86716827123013,35.17194370845305
1511.0,32.05241804183588,32.060063597554624,32.08301079562209,32.12129093566502,32.1749551843481,32.24407299752295,32.328729747477574,32.42902337972616,32.545059864530344,32.676947155145356,32.82478733635512,32.988666667923844,33.16864333103589,33.36473292165367,33.576892265617325,33.8050036192813,34.048865669449654,34.30820759647438,34.58275498926632,34.87237285539962,35.17726551996432
1512.0,32.05758222741397,32.0652301534307,32.088184402958525,32.12647609308284,32.180156071702605,32.24929331687103,32.33397253022062,32.43429074860924,32.550352740081635,32.682264900740456,32.830127345054734,32.994023909413535,33.174009901321,33.370097691896554,33.582240897328774,33.81031972013393,34.054134844798945,34.313426676063926,34.587945990675735,34.877593905918474,35.18260580409621
1513.0,32.062748012773376,32.07039829569009,32.09335955565083,32.131662724532156,32.18535832686273,32.25451485606808,32.33921633403425,32.43955887773971,32.55564604047181,32.68758264905289,32.83546683866396,32.99938002112052,33.17937464668672,33.375459926438275,33.58758647053826,33.815632946320314,34.05940297356391,34.31864908132462,34.59314681050956,34.8828306756303,35.18796348223235
1514.0,32.067915388838394,32.07556801508594,32.098536243852756,32.13685081913213,32.19056193742108,32.25973760068802,32.344461141994955,32.44482774733953,32.560939743082066,32.6929003751154,32.84080579127695,33.0047349794433,33.18473755467398,33.38081964907644,33.59292910237808,33.82094358629643,34.064670517653774,34.32387522463708,34.59835740759638,34.8880824846195,35.19333760882492
1515.0,32.07308434643281,32.0807393022299,32.10371445757088,32.14204036584503,32.19576689081399,32.26496153614455,32.34970693702543,32.450097337566774,32.566233825312395,32.69821805416766,32.84614417754835,33.01008876237871,33.190098617378844,33.38617689403808,33.59826892472411,33.826251930951564,34.06993790212993,34.32910544750368,34.6035777041347,34.8933487120329,35.198727346534184
1516.0,32.07825487623714,32.08591214759052,32.10889418666222,32.14723135347699,32.20097317432602,32.27018664770147,32.35495370193226,32.45536762851217,32.571528264607984,32.70353566170031,32.85148197282105,33.01544134987172,33.19545783202116,33.39153170582125,33.60360608135739,33.831558268624384,34.075205515517915,34.33434003228646,34.60880759709343,34.89862878874856,35.20413194728851
1517.0,32.083426968775264,32.09108654150562,32.114075420845026,32.15242377068642,32.206180775079254,32.27541292046638,32.360201419407936,32.46063860021561,32.5768230384896,32.70885317348206,32.85681915328241,33.02079272417476,33.20081520133685,33.39688413864304,33.608940725165965,33.836862881572706,34.08047371155036,34.33957921175683,34.6140469656633,34.90392219124811,35.20955073854768
1518.0,32.08860061445116,32.096262474171596,32.1192581496922,32.15761760597811,32.211389680037456,32.28064033940667,32.36545007203825,32.46591023267658,32.58211812455968,32.71417056563998,32.86215569612577,33.02614287018356,33.20617073378918,33.40223425563015,33.614273015582334,33.84216604348373,34.085742811318404,34.34482317697038,34.61929567694036,34.90922843643415,35.214983111909156
1519.0,32.093775803528864,32.101439935646376,32.12444236263401,32.162812847703584,32.216599876013916,32.2858688893538,32.370699642301574,32.47118250586558,32.58741350053692,32.71948781472411,32.86749157973574,33.03149177569845,33.2115244436216,33.40758212789767,33.61960311635853,33.8474680177409,34.09101310554565,34.35007208390297,34.624553590382845,34.91454707710538,35.22042851372091
1520.0,32.09895252613617,32.10661891584372,32.129628048950075,32.16800948406294,32.221811349669835,32.29109855500005,32.37595011257502,32.476455399741546,32.592709144287845,32.72480489780315,32.87282678387991,33.03683943166413,33.21687635078522,33.412927833568354,33.62493119360809,33.8527690562651,34.09628485700762,34.355326059042675,34.62982056092165,34.919877698041496,35.225886437627395
1521.0,32.10413077225647,32.11179940453319,32.13481519776739,32.17320750310072,32.227024087524555,32.29632932090536,32.38120146515739,32.4817288942618,32.59800503386877,32.73012179254932,32.87816128987105,33.04218583234855,33.22222648076928,33.41827145674676,33.63025741411724,33.858069398845544,34.10155830297295,34.36058520407054,34.63509644123516,34.92521991260466,35.23135641844092
1522.0,32.109310531721675,32.11698139134194,32.140003798070495,32.17840689271654,32.23223807595375,32.30156117151463,32.38645368227317,32.487002969406134,32.603301147565595,32.73543847734824,32.883495080737276,33.04753097543766,33.22757486432279,33.42361308651612,33.635581943974124,33.863369272918995,34.1068336575374,34.36584959962811,34.64038108331922,34.93057335987108,35.236838027211185
1523.0,32.11449179422761,32.12216486575555,32.14519383869947,32.183607640662885,32.23745330118328,32.3067940911475,32.39170674607538,32.49227760520263,32.60859746395315,32.74075493139726,32.88882814135054,33.05287486208314,33.232921537092565,33.42895281598411,33.64090494746961,33.86866889362316,34.11211111376588,34.3711193084264,34.64567433968041,34.93593770215295,35.24233086705385
1524.0,32.11967454933003,32.1273498171082,32.15038530834301,32.188809734550006,32.24266974930757,32.312028064011216,32.39696063866051,32.497552781751935,32.61389396194467,32.74607113480568,32.89416045856186,33.05821749690144,33.238266539233095,33.43429074140393,33.646226586221395,33.87396846399092,34.11739084564282,34.37639437795576,34.650976064293374,34.94131262280295,35.247834569496156
1525.0,32.12485878644137,32.13253623459347,32.155578195543406,32.19401316183317,32.24788740628476,32.31726307420692,32.40221534209158,32.50282847924865,32.61919062085831,32.75138706869381,32.89949202128455,33.06355888790632,33.2436099150089,33.43962696138047,33.651547018462345,33.87926817523666,34.122673009868244,34.381674842791334,34.656286113291564,34.94669782423993,35.25334879137936
1526.0,32.130044494818804,32.1377241072551,32.16077248869676,32.1992179098264,32.253106257940196,32.32249910574213,32.40747083840325,32.50810467801932,32.62448742047297,32.75670271527634,32.9048228205666,33.068899046422914,33.248951712372644,33.44496157617353,33.65686639851035,33.884568207178454,34.127957747494186,34.38696072646572,34.66160434540863,34.952093026285745,35.258873212308536
1527.0,32.13523166357189,32.1429134239918,32.16596817605341,32.20442396570296,32.258326289974484,32.32773614253563,32.412727109625145,32.51338135856024,32.62978434109034,32.762018057955494,32.91015284963553,33.07423798697919,33.254291982555294,33.450294687019074,33.662184876310405,33.889868728683616,34.133245185487944,34.39225204321832,34.66693062237566,34.95749796456613,35.26440753222233
1528.0,32.14042028166877,32.14810417355452,32.1711652457165,32.20963131650275,32.26354748797104,32.33297416842457,32.41798413779809,32.51865850157988,32.63508136359782,32.76733308139408,32.91548210391509,33.07957572715321,33.259630779645235,33.45562639556941,33.66750259718439,33.895169898230904,34.13853543807066,34.39754879926594,34.672264809068125,34.962912389241176,35.26995146955608
1529.0,32.145610337937484,32.15329634454757,32.17636368564295,32.21483994912364,32.268769837395,32.33821316717593,32.42324190499574,32.52393608802442,32.640378469537836,32.772647771565495,32.920810581026856,33.08491228738455,33.2649681601835,33.46095680341332,33.67281970166384,33.90047186445337,34.143828607885744,34.40285099391396,34.67760677362135,34.96833606385678,35.27550475959127
1530.0,32.15080182105396,32.15848992543738,32.18156348365975,32.2200498503323,32.273993323598525,32.34345312250039,32.428500393348635,32.52921409912378,32.645675641144685,32.777962115812265,32.92613828076649,33.090247690807786,33.2703041827858,33.46628601166157,33.678136325369316,33.9057747666481,34.14912478709309,34.40815862057931,34.68295638754131,34.973768764265095,35.281067152912925
1531.0,32.155994719550456,32.163684904543196,32.18676462744306,32.22526100676481,32.27921793183121,32.34869401806628,32.433759585064664,32.53449251642811,32.65097286141485,32.78327610287851,32.93146520506706,33.09558196305064,33.27563890780053,33.471614120581386,33.68345259895817,33.91107873529376,34.15442405836119,34.41347166765659,34.688313525738884,34.97921027767545,35.28663841408392
1532.0,32.16118902181198,32.16888127003843,32.191967104532765,32.23047340493019,32.2844436472469,32.35393583751085,32.439019462458766,32.53977132185195,32.656270114146196,32.78858972294293,32.93679135794781,33.10091513204953,33.28097239697462,33.47694122928469,33.688768648108635,33.916383892560674,34.159726495776674,34.41879011928104,34.69367806654074,34.984660401774505,35.29221832042756
1533.0,32.166384716081105,32.174079009950475,32.19717090233215,32.235687031214894,32.28967045491288,32.3591785644555,32.44428000797961,32.545050497714776,32.66156738397876,32.7939029676291,32.94211674544033,33.10624722785475,33.28630471316745,33.48226743549634,33.69408459357395,33.92169035279408,34.165032165606945,34.42411395591733,34.69904989164656,34.9901189439953,35.297806661043616
1534.0,32.17158179046292,32.179278112168674,32.20237600810627,32.240901871887715,32.294898339814594,32.364422182524656,32.44954120423135,32.55033002677355,32.66686465643557,32.79921583001412,32.94744137552227,33.111578282434266,33.29163592005405,33.4875928353047,33.69940055122496,33.92699822300336,34.17034112706966,34.42944315496396,34.70442888608984,34.99558572077525,35.303403235806066
1535.0,32.176780232913515,32.18447856444195,32.207582408990056,32.24611791311007,32.30012728687224,32.36966667535695,32.45480303400397,32.55560989226475,32.67216191795715,32.80452830462087,32.95276525802978,33.116908329490336,33.296966081894325,33.49291752302891,33.70471663218227,33.93230760330223,34.175653432915965,34.43477769111811,34.709814938146415,35.00106055699923,35.309007854647874
1536.0,32.18198003124867,32.18968035438188,32.212790091989575,32.251335140934614,32.305357280944044,32.37491202662704,32.46006548029913,32.560890077936186,32.67745915593278,32.809840387423776,32.95808840458477,33.12223740426933,33.30229526325652,33.49824159099568,33.71003294286478,33.9376185873693,34.18096913016634,34.440117536967065,34.71520793930161,35.00654328527813,35.31462033658647
1537.0,32.18718117314116,32.19488346946478,32.21799904398957,32.256553541306545,32.310588306835754,32.38015822007098,32.46532852636031,32.56617056807163,32.68275635870831,32.81515207580531,32.96341082847855,33.12756554338498,33.30762352887309,33.50356512954798,33.71534958521277,33.94293126279981,34.186288260422536,34.44546266309672,34.72060778410734,35.0120337456256,35.3202405093623
1538.0,32.192383646136776,32.20008789703501,32.22320925174925,32.26177310008509,32.31582034932292,32.38540523949149,32.47059215569562,32.57145134752498,32.688053515606015,32.82046336854028,32.96873254458202,33.13289278465664,33.31295094343798,33.50888822690582,33.720666656767314,33.9482457115065,34.191610860437876,34.45081303851437,34.726014370139985,35.01753178489794,35.32586820867924
1539.0,32.19758743764599,32.20529362430503,32.2284207019115,32.26699380303916,32.321053393154244,32.39065306878381,32.47585635210601,32.57673240174894,32.69335061694165,32.82577426577161,32.97405356925399,33.138219166934945,33.31827757140848,33.5142109690801,33.72598425081731,33.95356201010531,34.19693696260635,34.45616863095428,34.731427597897884,35.023037256310204,35.33150327759343
1540.0,32.20279253494612,32.210500638355015,32.23363338100745,32.27221563585813,32.326287423067036,32.395901691951764,32.481121099708034,32.58201371681845,32.69864765401548,32.831084768954966,32.979373920235076,33.14354472997538,33.323603476907174,33.51953343988955,33.73130245655948,33.95888023019057,34.20226659524629,34.46152940701723,34.73684737070317,35.028550019140475,35.33714556613929
1541.0,32.20799892518172,32.21570892614656,32.238847275460095,32.277438584166745,32.331522423802845,32.40115109313567,32.486386382955864,32.587295279440575,32.703944619121515,32.83639488082924,32.98469361655934,33.148869514292585,33.32892872358894,33.5248557209008,33.736621359240495,33.9642004386773,34.20759978301009,34.466895332424336,34.74227359462738,35.03406993829906,35.34279493081658
1542.0,32.21320659537096,32.220918474519,32.24406237159085,32.28266263352641,32.33675838011655,32.40640125662415,32.491652186668226,32.592577076982984,32.70924150554488,32.84170460537324,32.99001267845412,33.15419356101702,33.33425337450106,33.53017789140436,33.74194104029955,33.96952269811342,34.2129365472334,34.472266372212594,34.74770617839158,35.03959688397769,35.34845123412994
1543.0,32.21841553241257,32.226129270196324,32.24927865562703,32.28788776944287,32.34199527678824,32.4116521668734,32.496918496051386,32.597859097481496,32.7145383075464,32.84701394775222,32.99533112724595,33.159516911783165,33.339577492015366,33.53550002843978,33.74726157752168,33.974847066928255,34.21827690615951,34.477642490826426,34.753145033272745,35.04513073139673,35.35411434429507
1544.0,32.223625723086,32.23134129979123,32.25449611370571,32.293113977382674,32.347233098647834,32.41690380852951,32.50218529670917,32.60314132965505,32.71983502036328,32.8523229142752,33.00064898526822,33.164839608609896,33.344901137717926,33.54082220678845,33.75258304518612,33.98017359971412,34.2236208752715,34.483023652316454,34.75859007302141,35.05067136045924,35.359784134801416
1545.0,32.22883715406141,32.236554549808986,32.259714731881374,32.29834124277884,32.352471830587305,32.42215616644411,32.50745257466521,32.60842376291596,32.72513164019254,32.85763151234115,33.00596627576645,33.17016169378953,33.35022437233712,33.546144499001905,33.75790551421687,33.98550234747037,34.22896846750987,34.48840982042737,34.764041213765736,35.056218655508424,35.365460484119566
1546.0,32.234049811900896,32.24176900665494,32.26493449613802,32.30356955104781,32.35771145756697,32.42740922569058,32.51272031638054,32.61370638736136,32.73042816415321,32.86293975038376,33.01128302283358,33.175483209821245,33.355547255730784,33.551466975443866,33.76322905231179,33.99083335776553,34.234319693410185,34.49380095864268,34.769498373936635,35.061772505149236,35.37114327551198
1547.0,32.23926368306445,32.24698465663729,32.27015539239124,32.308798887594705,32.36295196463716,32.43266297158429,32.517988508772255,32.6189891937992,32.73572459029615,32.868247637828375,33.01659925129972,33.180804199263385,33.3608698467455,33.55678970427429,33.768553724100606,33.99616667506698,34.239674561468824,34.49919703039171,34.774961474170745,35.06733280187679,35.37683239655552
1548.0,32.24447875390328,32.25220148598164,32.27537740649606,32.31402923782707,32.36819333694828,32.437917389694796,32.523257139211765,32.62427217372557,32.741020917548454,32.873555185023264,33.021914986681104,33.18612470473845,33.36619220329209,33.56211275156374,33.77387959124628,34.00150234077027,34.24503307810883,34.50459799897753,34.78043043725972,35.072899442061164,35.382527739150014
1549.0,32.24969501067938,32.25741948082897,32.28060052425801,32.31926058716491,32.37343555976743,32.44317246586513,32.5285261955537,32.62955531934576,32.746317145719,32.87886240320093,33.02723025507702,33.19144476876994,33.37151438219593,33.567436181258905,33.779206712610296,34.00684039354988,34.25039524805508,34.510003827783784,34.78590518804356,35.078472325558124,35.38822919903735
1550.0,32.254912439584444,32.262638627246744,32.28582473144889,32.324492921050116,32.378678618494384,32.44842818621788,32.53379566612618,32.634838623546955,32.75161327545482,32.88416930442077,33.03254508312969,33.19676443379282,33.37683643926093,33.572760055280085,33.78453514432819,34.01218086939123,34.25576107430914,34.5154144802187,34.791385653372465,35.08405135568812,35.39393667579162
1551.0,32.2601310267233,32.26785891123478,32.291050013804266,32.32972622496162,32.38392249867252,32.45368453717917,32.53906553975669,32.640122079913446,32.756909308226426,32.88947590151961,33.0378594979278,33.20208374203149,33.382158429176926,33.57808443353033,33.78986493997376,34.01752380186066,34.261130558432235,34.52082991986122,34.796871762003555,35.089636438935415,35.39965007245569
1552.0,32.26535075813195,32.27308031873305,32.29627635703661,32.33496048442892,32.38916718600417,32.45894150548702,32.54433580576851,32.64540568270153,32.76220524629177,32.89478220806573,33.04317352696815,33.20740273549201,33.38748040555109,33.583409373965566,33.79519615064034,34.0228692221762,34.26650370057326,34.52625011044818,34.80236344454919,35.09522748488082,35.405369295473676
1553.0,32.27057161978401,32.278302835635486,32.301503746852774,32.340195685037585,32.394412666359194,32.464199078197815,32.54960645398331,32.65068942684241,32.76750109267074,32.90008823830509,33.04848719808699,33.212721455890005,33.3928024208793,33.58873493263027,33.80052882506109,34.02821715937881,34.27188049962155,34.53167501592044,34.80786063341076,35.10082440601968,35.411094254466875
1554.0,32.27579359759589,32.2835264477945,32.30673216895821,32.34543181244483,32.39965892579093,32.46945724270391,32.55487747473215,32.65597330793204,32.77279685111836,32.905394007113344,33.053800539394835,33.218039944595965,33.39812452652616,33.59406116370633,33.80586300972648,34.033567640487796,34.27726095334173,34.53710460048043,34.81336326270397,35.10642711759547,35.41682486204406
1555.0,32.28101667744208,32.28875114102853,32.31196160906446,32.350668852394506,32.40490595054912,32.474715986739625,32.56014885885413,32.661257322215135,32.77809252609328,32.91069952995214,33.05911357923087,33.223358242608796,33.403446772736004,33.599388119570335,33.811198748972984,34.03892069059449,34.282645058437524,34.54253882860255,34.81887126820968,35.112035537500276,35.42256103369012
1556.0,32.286240845163334,32.29397690113397,32.317192052901895,32.355906790729,32.41015372708998,32.479975298387224,32.56542059769345,32.66654146657092,32.78338812272411,32.916004822822636,33.0644263461182,33.2286763905282,33.408769208645175,33.604715850849,33.816536085075676,34.04427633295984,34.28803281061815,34.54797766503767,34.82438458731872,35.11764958617437,35.42830268765079
1557.0,32.29146608656891,32.29920371389271,32.322423486230875,32.36114561339362,32.415402242087616,32.48523516609185,32.57069268310878,32.67182573851136,32.78868364678894,32.92130990221959,33.069738868696405,33.233994428488195,33.41409188224498,33.61004440645464,33.82187505836746,34.049634589191726,34.293424204766545,34.553421074886835,34.8299031589564,35.12326918640921,35.434049744704254
1558.0,32.29669238745414,32.30443156508449,32.327655894853194,32.36638530644693,32.420651482439645,32.49049557865459,32.575965107452426,32.677110136148386,32.79397910467567,32.92661478510351,33.07505117572176,33.23931239619837,33.41941484045167,33.61537383365822,33.82721570727133,34.0549954792169,34.29881923487201,34.55886902353749,34.83542692356558,35.1288942633739,35.43980212821098
1559.0,32.30191973360369,32.30966044049174,32.3328892646198,32.371625856081316,32.425901435289255,32.49575652525909,32.581237863597224,32.682394658203165,32.79927450336007,32.93191948883029,33.080363295954314,33.24463033281468,33.424738129031425,33.62070417812029,33.832558068477574,34.06035902156256,34.30421789429454,34.56432147678178,34.840955822999796,35.13452474432503,35.4455597637557
1560.0,32.30714811082328,32.31489032593305,32.33812358145831,32.37686724860061,32.43115208802985,32.5010179954615,32.5865109448905,32.6876793039473,32.80456985037451,32.937224031163765,33.085675258198734,33.24994827703951,33.430061792719286,33.62603548395477,33.83790217688078,34.06572523322791,34.309620175595406,34.5697784006981,34.84648980053495,35.14016055875501,35.451322562929825
1561.0,32.31237750486298,32.32012120720115,32.34335883134085,32.38210947054268,32.4364034282804,32.50627997917239,32.59178434520191,32.69296407323531,32.80986515376164,32.94252843016686,33.090987091292504,33.25526626706157,33.4353858751404,33.631367793732394,33.843248065807884,34.07109412988086,34.31502607076194,34.57523976182045,34.852028797434436,35.14579994342849,35.45698835075446
1562.0,32.317607901577645,32.325353070194446,32.348595000346705,32.38735250849493,32.44165544395405,32.51154246670008,32.5970580588486,32.698248966455736,32.81516042209532,32.94783270426637,33.096298823923746,33.26058434047411,33.44071041886195,33.63670114860346,33.848595766953025,34.07646572596268,34.320435571210915,34.580705523074656,34.85757228112119,35.15142840085512,35.46257595836947
1563.0,32.32283928681359,32.3305859008175,32.3538320746396,32.39259634927436,32.44690812322076,32.51680544874233,32.60233208066471,32.703533984529294,32.82045566440077,32.95313687212328,33.10161048475257,33.265902534339475,33.446035465392434,33.64203558828064,33.85394531056838,34.08184003470194,34.32584866623718,34.58617554323158,34.86311767943592,35.15703626815613,35.46811520875519
1564.0,32.3280716464722,32.33581968504119,32.35907004048718,32.39784097986472,32.45216145452832,32.52206891637384,32.6076064059483,32.70881912888664,32.82575089015492,32.95844095264422,33.10692210231818,33.27122088514285,33.4513610552033,33.647371151110754,33.85929672545542,34.08721706773043,34.331265322871886,34.5916493017216,34.86866158195579,35.162622090054526,35.47361668728988
1565.0,32.33330496649563,32.34105440890681,32.364308884266535,32.403086387437064,32.457415426603376,32.52733286105458,32.61288103046907,32.71410440145522,32.8310461092475,32.963744964954024,33.11223370502321,33.276539428794784,33.45668722775478,33.6527078741113,33.86465003893039,34.092596831065556,34.33668543111022,34.59712587542196,34.874201288582064,35.16818644054419,35.47908648250137
1566.0,32.338539232895656,32.34629005853107,32.369548592482516,32.408332559359955,32.46267002846717,32.53259727462944,32.61815595044906,32.71938980463577,32.836341331974985,32.96904892835447,33.11754532111536,33.28185820062321,33.46201402149973,33.65804579298529,33.87000527603589,34.097979313612356,34.34210876186935,34.602604162256235,34.87973494164299,35.173730367850176,35.4845286800188
1567.0,32.34377443175488,32.35152662011483,32.374789151771715,32.41357948320192,32.46792524942866,32.53786214932477,32.62343116256664,32.724675341285725,32.841636568983894,32.974352862310475,33.12285697865988,33.287177235368134,33.467341473895466,33.66338494198523,33.87536245708148,34.103364472431664,34.34753497176992,34.608083066211236,34.885261312521266,35.17925498351767,35.4899462636951
1568.0,32.349010549243985,32.3567640799659,32.380030548908955,32.41882714674243,32.47318107909527,32.543127477753956,32.62870666394333,32.72996101470401,32.84693183128622,32.97965678640927,33.12816870552817,33.292496567163994,33.47266962139913,33.668725353412235,33.88072159355618,34.10875222302766,34.35296363586517,34.61356158778302,34.89077960392593,35.18476134389647,35.49534153087748
1569.0,32.3542475716155,32.36200242449473,32.385272770827946,32.4240755379804,32.47843750737291,32.5483932529013,32.63398245212526,32.73524682861821,32.85222713020389,32.98496072035335,33.13348052937286,33.29781622956384,33.477998499347116,33.674067056534334,33.88608268357702,34.114142437597835,34.358394284667845,34.61903885510942,34.89628930892714,35.1902504171331,35.50071631987508
1570.0,32.359485485243916,32.36724164023167,32.390515804612406,32.429324645140134,32.48369452447315,32.553659468146535,32.63925852508949,32.74053278715444,32.85752247735622,32.99026468391535,33.13879247761454,33.30313625546467,33.48332814170786,33.679410076141416,33.89144570840754,34.11953494953144,34.3638264342075,34.624514124802054,34.901790117903936,35.19572308035113,35.50607214243374
1571.0,32.36472427660115,32.37248171383244,32.39575963752442,32.43457445667594,32.48895212091391,32.5589261172217,32.64453488122433,32.745818894849144,32.862817884645864,32.99556869694234,33.14410457742094,33.308456677071,33.48865858064577,33.68475443087421,33.89681063067538,34.124929561135104,34.36925960669288,34.6299867709385,34.90728185744356,35.201180125811725,35.51141026771786
1572.0,32.36996393229282,32.37772263209448,32.40100425699359,32.43982496128007,32.494210287515315,32.564193194250635,32.649811519322974,32.75110515658494,32.86811336423197,33.00087277930894,33.149416855680805,33.31377752577205,33.49398984594517,33.69010013176869,33.90217739416988,34.130326052008044,34.37469334402625,34.63545627044769,34.91276444802031,35.206622269719915,35.516731780228035
1573.0,32.375204439039514,32.38296438194945,32.40624965063631,32.44507614788496,32.49946901540934,32.569460693711115,32.65508843856345,32.75639157761038,32.873408928507,33.006176950917705,33.15472933894957,33.319098831933076,33.49932196435373,33.695447181146605,33.907545924978,34.135724187048545,34.38012721556193,34.64092218800837,34.918237875525406,35.21205016127496,35.52203761989541
1574.0,32.38044578372041,32.38820695049121,32.411495806263524,32.45032800567811,32.50472829604794,32.57472861045453,32.66036563851009,32.7616781635181,32.8787045900727,33.01148123165749,33.160042053390235,33.324420624662295,33.50465495890478,33.70079557194117,33.912916133458566,34.141123723341096,34.38556082166772,34.646384162209685,34.92370217214252,35.21746439105406,35.52732861030188
1575.0,32.38568795335643,32.39345032497952,32.41674271188262,32.455580524087196,32.50998812118284,32.57999693968349,32.665643119104196,32.766964920224396,32.88400036174015,33.01678564136737,33.16535502468209,33.32974293153101,33.509988848334096,33.70614528753817,33.918287916662976,34.146524415564244,34.39099379474562,34.65184189386633,34.92915740281693,35.22286549817582,35.53260547986219
1576.0,32.39093093512518,32.398694492830835,32.421990355707116,32.460833692801216,32.51524848288082,32.5852656769649,32.67092088064202,32.77225185395555,32.88929625648536,33.02209019980967,33.17066827789519,33.335065778235524,33.515323646600024,33.71149630196378,33.92366116081088,34.151926020199745,34.3964257990463,34.65729513599541,34.934603655096495,35.2282539765453,35.53786887871609
1577.0,32.39617471637743,32.40393944165112,32.42723872616007,32.46608750177685,32.520509373527155,32.5905348182013,32.676198923770265,32.77753897123056,32.89459228742924,33.02739492661489,33.17598183736322,33.340389188297024,33.52065936253714,33.716848580325816,33.929035743718394,34.15732829882998,34.4018565294209,34.66274368515389,34.94004103196466,35.23363028037692,35.54311939154503
1578.0,32.40141928463031,32.409185159232045,32.432487811880634,32.47134194122614,32.52577078581176,32.59580435964213,32.681477249482946,32.782826278840304,32.899888467816496,33.03269984120554,33.181295726518634,33.34571318278504,33.52599599967554,33.72220207953479,33.934411537095635,34.162731020351295,34.40728570928704,34.66818737447301,34.945469647150595,35.23899482876288,35.54835754710538
1579.0,32.40666462758695,32.414431633560845,32.43773760173563,32.47659700162926,32.5310327127317,32.60107429788513,32.686755859092436,32.78811378383435,32.90518481098468,33.03800496273573,33.18660996773632,33.351037780054845,33.531333556195506,33.72755674916598,33.939788408553056,34.16813396244479,34.4127130885236,34.67362606795826,34.95088962149746,35.24434800956701,35.55358382615139
1580.0,32.41191073314541,32.41967885280803,32.44298808482247,32.481852673731005,32.536295147596924,32.60634462985339,32.69203475422966,32.793401493492944,32.910481330312294,33.043310310003015,33.19192458215398,33.35636299554917,33.536672025009864,33.732912532330566,33.94516622330381,34.17353691256583,34.418138441409,34.679059655613074,34.95630108007526,35.24969018281892,35.558798668161785
1581.0,32.41715758938914,32.42492680536557,32.44823925046696,32.487108948553576,32.541558084027976,32.61161535279062,32.697313936838356,32.79868941532544,32.91577803918356,33.04861590135892,33.1972395895295,33.36168884166208,33.54201139393394,33.73826936656204,33.95054484560894,34.17893966851347,34.42356156454187,34.68448804939968,34.96170415015707,35.25502168365849,35.5640024766525
1582.0,32.422405184608664,32.43017547983925,32.453491088230535,32.49236581739203,32.546821515951386,32.616886464264574,32.70259340914787,32.80397755702872,32.92107495094731,33.05392175461331,33.202555008090506,33.367015327637795,33.54735164591279,33.743627184704565,33.95592414005271,34.18434203875724,34.42898227480937,34.68991117971453,34.967098959664774,35.26034282495406,35.56919562376384
1583.0,32.42765350730992,32.435424865043366,32.45874358792134,32.49762327181712,32.552085437592396,32.6221579621594,32.70787317366878,32.80926592645837,32.92637207885899,33.05922788694521,33.20787085440863,33.37234245952253,33.552692759329744,33.74898591577358,33.961303972532775,34.189743842397874,34.434400407469084,34.69532899266016,34.97248563619461,35.26565389945579,35.57437845382287
1584.0,32.43290254620478,32.44067495001621,32.46399673959596,32.50288130367268,32.55734984347461,32.62742984466034,32.71315323316896,32.814554531611186,32.93166943601811,33.06453431479348,33.213187143288415,33.37767024018458,33.558034708380994,33.754345485739,33.96668421101611,34.195144908969276,34.43981581441303,34.700741447757,34.97786430626848,35.270955181682545,35.57955128641417
1585.0,32.438152290230235,32.4459257240308,32.46925053356075,32.50813990507744,32.56261472842802,32.632702110242846,32.71843359066659,32.81984338059373,32.93696703532146,33.06984105377641,33.2185038876796,33.38299866936265,33.563377463421226,33.759705818231495,33.972064726186936,34.20054507814678,34.445228362615644,34.706148515956215,34.98323509471779,35.2762469296129,35.58471441908104
1586.0,32.443402728553316,32.45117717659444,32.47450496036987,32.51339906842609,32.56788008757342,32.63797475767559,32.72371424940478,32.82513248157446,32.94226488939109,33.07514811860345,33.22382109862196,33.388327743741634,33.5687209913544,33.76506683518578,33.97744539190558,34.205944199407845,34.45063793269922,34.71155017793124,34.9885981242124,35.28152938618543,35.58986812963477
1587.0,32.448653850561314,32.45642929744603,32.47976001083307,32.518658786394944,32.57314591631865,32.643247786008246,32.7289952128363,32.83042184274973,32.947563010520874,33.08045552299713,33.22913878520196,33.39365745706964,33.574065255987875,33.770428457396264,33.98282608558388,34.2113421316467,34.4560444176194,34.71694642265581,34.99395351498427,35.28680278060731,35.59501267816083
1588.0,32.453905645891176,32.46168207657047,32.48501567601766,32.52391905193386,32.578412210358174,32.64852119454813,32.734276484601594,32.83571147232541,32.95286141061334,33.0857632796263,33.234456954534195,33.39898780028596,33.57941021841212,33.77579060502825,33.988206688449914,34.2167387427195,34.461447721489236,34.722337246186335,34.999301384637825,35.29206732951226,35.60014830871073
1589.0,32.45915810440839,32.46693550419212,32.490271947250996,32.529179858273714,32.58367896567107,32.65379498286159,32.739558068502724,32.84100137845536,32.958160101122225,33.091071400049884,33.23977561175816,33.40431876166642,33.58475583734862,33.78115319806333,33.99358708574282,34.22213390899837,34.46684775848489,34.72772265060363,35.004641847993184,35.29732323802991,35.60527525084952
1590.0,32.464411216219986,32.472189570783385,32.495528816123375,32.53444119891948,32.588946178514966,32.65906915075526,32.74483996848127,32.84629156920948,32.96345909299725,33.096379894665375,33.245094760048254,33.4096503269813,33.59010206949647,33.78651615670421,33.99896716683837,34.22752751489652,34.47224445185403,34.73310264311062,35.00997501701925,35.302570700728744,35.61039372098842
1591.0,32.469664971685994,32.4774442670731,32.500786274488775,32.539703067639,32.59421384540796,32.6643436982601,32.7501221885971,32.85158205253374,32.96875839663741,33.10168877267511,33.250414400657526,33.41498247967995,33.59544886983813,33.791879401660466,34.004346825224026,34.23291945239176,34.47763773314845,34.738477235447064,35.01530100086053,35.30780990232977,35.615503923351945
1592.0,32.47491936141131,32.48269958404423,32.50604431445838,32.544965458473136,32.599481963131474,32.66961862562792,32.75540473299545,32.85687283620256,32.974058021837436,33.106998042058486,33.25573453296595,33.4203152010691,33.60079619193221,33.79724285442128,34.00972595854497,34.23830962061094,34.48302754141467,34.74384644315022,35.02061990578797,35.31304101850917,35.6206060511201
1593.0,32.48017437625795,32.48795551293383,32.511302928412306,32.55022836573565,32.60475052872077,32.67489393330475,32.76068760588518,32.862163927788814,32.97935797774911,33.11230770954976,33.261055154527284,33.42564847047039,33.60614398818868,33.802606437505936,34.01510446858701,34.24369792539659,34.48841382248283,34.74921028498743,35.02593183522391,35.3182642165718,35.625700287338844
1594.0,32.48543000734394,32.493212045233285,32.51656210899546,32.555491784010314,32.61001953945835,32.680169621916924,32.76597081150845,32.86745533462533,32.98465827284033,33.11761778063312,33.266376261138944,33.43098226539543,33.61149221011624,33.807970074645034,34.0204822612167,34.24908427890332,34.493796528346195,34.75456878248334,35.031236889779976,35.32347965604796,35.63078680572438
1595.0,32.49068624603753,32.49846917269301,32.52182184910689,32.560755708129975,32.61528899286209,32.685445692256245,32.77125435410953,32.87274706376895,32.989958914861155,33.12292825955411,33.27169784691486,33.43631656170654,33.61684080854189,33.813333690939935,34.02585924630746,34.25446859921554,34.49917561659076,34.75992195952668,35.03653516731102,35.32868748922767,35.635865771359605
1596.0,32.49594308396447,32.50372688732502,32.52708214191703,32.56602013319156,32.62055888667392,32.690722145256295,32.77653823791732,32.87803912196175,32.99525991083379,33.12823914930787,33.27701990435799,33.441651333790155,33.62218973380341,33.818697212973774,34.031235337631465,34.25985080998199,34.50455104992428,34.76526984202749,35.04182676298467,35.3338878616452,35.64093734132957
1597.0,32.501200513008804,32.50898518140094,32.532342980852846,32.57128505453773,32.625829218853426,32.69599898197805,32.78182246710912,32.883331515600204,33.00056126700671,33.13355045165475,33.28234242443545,33.44698655471078,33.62753893598436,33.824060568990014,34.03661045280633,34.26523084002697,34.509922795574,34.77061245747838,35.047111769319834,35.339080912641876,35.646001665468866
1598.0,32.50645852532101,32.514244047452735,32.53760435960009,32.57655046775509,32.631099987564625,32.70127620358716,32.78710704578569,32.88862425070342,33.00586298885425,33.13886216715158,33.287665396681795,33.45232219636555,33.63288836503146,33.82942368889379,34.04198451311609,34.27060862304744,34.515290825028465,34.775949834857606,35.0523902763035,35.34426677564091,35.651058886673844
1599.0,32.51171711330868,32.519503478273485,32.54286627209782,32.581816368670424,32.63637119115783,32.706553811341074,32.792391977945705,32.89391733289791,33.01116508105382,33.144174295182225,33.29298880927117,33.457658229611674,33.63823797090314,33.834786504316334,34.047357443416985,34.27598409732329,34.52065511362413,34.781282004336674,35.05766237144193,35.34944557854662,35.65610914144333
1600.0,32.51697626964274,32.52476346691613,32.54812871253832,32.587082753343886,32.64164282816294,32.711831806566664,32.79767726745869,32.89921076737933,33.01646754747087,33.14948683396838,33.29831264910485,33.46299462442796,33.643587703753184,33.840148948717285,34.05272917202286,34.28135720536022,34.52601564010385,34.786608997001096,35.06292813983987,35.35461744418263,35.661152560430175
1601.0,32.52223598724353,32.53002400668478,32.55339167536499,32.59234961806249,32.64691489727677,32.71711019063776,32.80296291804751,32.904504558900946,33.02177039118493,33.15479978062246,33.30363690190348,33.468331350001264,33.64893751396394,33.84551095730967,34.05809963055091,34.28672789372387,34.531372386498965,34.79193084484025,35.06818766428765,35.35978249043376,35.666189268606075
1602.0,32.52749625929466,32.535285091141574,32.55865515526638,32.59761695932934,32.65218739734827,32.72238896495764,32.80824893325782,32.90979871174819,33.02707361446335,33.16011313117488,33.30896155228562,33.473668374877974,33.6542873523208,33.850872467165786,34.06346875382141,34.292096112691496,34.53672533767582,34.79724758043562,35.07344102532714,35.364940830698515,35.67121938583241
1603.0,32.53275707923784,32.540546714101666,32.56391914717288,32.602884773852054,32.65746032736639,32.72766813093563,32.81353531643947,32.915093229726246,33.03237721878507,33.165426880625034,33.314286583853885,33.47900566705215,33.659637170057,33.85623341717417,34.06883647972164,34.29746181606849,34.54207448117674,34.80255923690503,35.07868830133032,35.37009257407774,35.67624302707683
1604.0,32.53801844076416,32.54580886963288,32.5691836462464,32.608153058535315,32.66273368644155,32.73294768998001,32.81882207073203,32.92038811615185,33.03768120483001,33.17074102297087,33.319611979266384,33.48434319406875,33.664986918932854,33.861593748042665,34.07420274908583,34.30282496095934,34.54741980698237,34.807865847775055,35.08392956857164,35.37523782562106,35.68126030272189
1605.0,32.5432803378187,32.551071552049834,32.57444864787968,32.613421810473184,32.6680074737969,32.73822764346991,32.824109199037125,32.925683373833365,33.042985572495134,33.17605555125546,33.32493772032473,33.48968092313413,33.670336551337655,33.866953402312824,34.07956750557141,34.30818550752202,34.5527613072354,34.813167446831756,35.089164901303114,35.380376686612976,35.68627131892138
1606.0,32.54854276459448,32.5563347559042,32.57971414768645,32.61869102694287,32.673281688753576,32.743507992740916,32.829396704003784,32.93097900507574,33.048290320918404,33.1813704576186,33.330263788042664,33.49501882117131,33.675686020306294,33.8723123243058,34.08493069553984,34.313543418830236,34.558098976142226,34.81846406811099,35.09439437182341,35.385509254684486,35.691276177738324
1607.0,32.55380571552964,32.56159847599117,32.584980141498534,32.623960705388875,32.67855633071203,32.748788739066605,32.834684588011676,32.936275011657486,33.053595448471185,33.18668573332661,33.33559016272736,33.50035685494983,33.68103527962117,33.87767046014157,34.09029226793716,34.3188986606131,34.56343280967851,34.823755745712894,35.09961805055031,35.39063562414418,35.69627497753312
1608.0,32.55906918529962,32.566862707335574,32.590246625358745,32.62923084341579,32.68383139913556,32.75406988363926,32.83997285316254,32.94157139484307,33.058900952803235,33.1920013688294,33.340916824039645,33.50569499111182,33.686384283785145,33.883027757645884,34.0956521741875,34.32425120118894,34.56876280558642,34.82904251385918,35.104836006081385,35.395755886011294,35.70126781299334
1609.0,32.564333168818365,32.57212744519268,32.59551359551057,32.63450143877663,32.68910689354472,32.75935142755907,32.84526150126034,32.946868155367014,33.06420683083452,33.19731735379779,33.346243751069544,33.51103319627668,33.69173298812732,33.88838416638895,34.10101036807555,34.32960101119539,34.5740889630675,34.83432440671336,35.110048305268954,35.400870128322566,35.70625477551891
1610.0,32.56959766122869,32.57739268503951,32.600781048388406,32.63977248935766,32.69438281350123,32.764633371820516,32.850550533813966,32.95216529345029,33.06951307879875,33.20263367717711,33.35157092238193,33.51637143704816,33.69708134875059,33.893739637586464,34.10636680565813,34.33494806355254,34.579411282813076,34.839601458444605,35.11525501327248,35.40597843615126,35.71123595321628
1611.0,32.57486265789736,32.582658422567214,32.60604898061449,32.64504399317313,32.699659158589164,32.76991571729183,32.85583995201193,32.95746280878706,33.0748196922463,33.2079503272235,33.35689831609882,33.5217096801299,33.702429322625896,33.89909412411159,34.11172144514013,34.34029233323435,34.584729766748424,34.844873703086684,35.12045619362613,35.4110808918695,35.716211431236516
1612.0,32.580128154406495,32.587924653672374,32.611317388985626,32.65031594834915,32.704935928404055,32.77519846470693,32.86112975672531,32.96276070056151,33.08012666607866,33.2132672915545,33.3622259099393,33.52704789233001,33.707776867554514,33.90444758042485,34.117074246793294,34.34563379721156,34.59004441802239,34.85014117456651,35.125651908287956,35.41617757519434,35.72118129181425
1613.0,32.58539414655318,32.59319137445718,32.616586270467394,32.65558835311613,32.71021312254309,32.780481614653695,32.866419948493565,32.968058967446254,33.085433994568504,33.2185845571837,33.367553681275666,33.53238604063338,33.713123942217806,33.90979996255285,34.122425172860844,34.35097243427977,34.59535524084071,34.855403906625774,35.13084221769789,35.421268563381396,35.726145614490115
1614.0,32.59066063034012,32.59845858121873,32.621855622183894,32.66086120579626,32.71549074059044,32.785765167562886,32.87171052752036,32.97335760761401,33.09074167138715,33.22390211056606,33.372881607180965,33.53772409223163,33.718470506169055,33.91515122803911,34.127774187469605,34.35630822497202,34.60066224040403,34.86066193281062,35.136027180826325,35.42635393131418,35.73110447621587
1615.0,32.59592760196539,32.60372627043563,32.627125441405994,32.66613450479063,32.720768782106305,32.79104912369638,32.87700149367692,32.97865661874248,33.096049689621815,33.229219937634035,33.37820966448318,33.54306201455665,33.72381651984286,33.92050133590943,34.13312125654567,34.361641151450506,34.605965422815686,34.865915286444334,35.14120685523448,35.4314337516138,35.736057951493386
1616.0,32.60119505781801,32.60899443876392,32.632395725543255,32.67140824856907,32.726047246614655,32.79633348313726,32.88229284649234,32.983955998023035,33.101358041804,33.234538023839555,33.383537829811495,33.548399775324725,33.72916194456544,33.92585024662965,34.13846634772621,34.36697119739118,34.61126479498706,34.87116400059493,35.14638129712241,35.43650809476515,35.741006112514825
1617.0,32.60646299446505,32.61426308302985,32.63766647213518,32.67668243566353,32.73132613358959,32.801618245781754,32.88758458515943,32.989255742174144,33.106666719933315,33.239856354184965,33.38886607961112,33.55373734254022,33.734506742524495,33.931197922057784,34.143809430301836,34.37229834794338,34.61656036462472,34.87640810808321,35.151550561360445,35.44157702916251,35.745949029195906
1618.0,32.611731408649455,32.619532200220384,32.642937678840816,32.681957064652245,32.73660544244432,32.80690341132488,32.89287670852111,32.99455584744167,33.1119757154998,33.24517491327193,33.39419439022713,33.55907468456957,33.739850876815446,33.93654432541277,34.149150475099944,34.377622589550285,34.62185214006198,34.881647641417295,35.156714701564105,35.446640621296154,35.75088676941419
1619.0,32.61700029726289,32.624801787463554,32.64820934341817,32.6872321341429,32.7418851725157,32.812188979250394,32.89816921506318,32.99985630959419,33.117285019472575,33.25049368526901,33.3995227378339,33.56441177003135,33.745194311288245,33.94188942109448,34.154489454318615,34.38294390985049,34.62714013026538,34.886882632917654,35.16187377032599,35.451698936054136,35.75581939932044
1620.0,32.62226965738192,32.63007184204311,32.65348146374604,32.692507642774935,32.7471653230731,32.81747494886407,32.90346210296423,33.005157124009315,33.12259462243081,33.25581265410937,33.404851098679366,33.56974856809409,33.750537010871625,33.947233175030604,34.15982634183671,34.388262297869815,34.63242434481054,34.892113114423275,35.16702781863746,35.45675203595307,35.76074699221912
1621.0,32.62753948621728,32.63534236137873,32.65875403778597,32.697783589213685,32.752445893303246,32.822761319248585,32.90875537005689,33.010458285641455,33.12790451454366,33.26113180345119,33.41017944904397,33.57508504838055,33.75587894140811,33.95257555440394,34.16516111287652,34.39357774369917,34.63770479372997,34.897339117396335,35.17217689873571,35.46180118999999,35.76574239729695
1622.0,32.63280978110035,32.640613342984736,32.664027063561534,32.70305997211338,32.75772688228839,32.828048089262445,32.91404901382515,33.015759788982066,33.13321468547325,33.266451116521914,33.415507764989435,33.5804211806388,33.76122006928646,33.957916527304874,34.17049374373663,34.3988902383991,34.64298148762608,34.902560676042654,35.177321400825356,35.466856743939495,35.77079219656906
1623.0,32.63808053949591,32.64588478450989,32.6693005391784,32.708336790126666,32.763008289004425,32.83333525754545,32.91934303142452,33.021061628139535,33.138525124534176,33.271770576367345,33.42083602271718,33.585756935176875,33.76656036188724,33.963256063127055,34.17582421206667,34.404199774079686,34.64825443863681,34.9077778986367,35.18246316857754,35.471925597184985,35.77587514627492
1624.0,32.643351758989375,32.65115668369467,32.67457446279397,32.71361404189753,32.76829011232041,32.838622822515035,32.924637419688196,33.026363796832335,33.14383582067969,33.27709016581658,33.42616419847491,33.591092282737534,33.7718997874115,33.968594132382684,34.18115249670237,34.40950634413005,34.653523674825585,34.91299116375944,35.18760464300003,35.47700879869043,35.78098371256814
1625.0,32.64862343727319,32.65642903838028,32.67984883262905,32.71889172604597,32.77357235098365,32.84391078236303,32.92993217512078,33.0316662884095,33.14914676251348,33.28240986750098,33.43149226858996,33.596427194490545,33.777238314882396,33.97393070666503,34.18647857769512,34.414809946059364,34.65878927918482,34.91820113699322,35.19274775862772,35.48210595015153,35.78611356727897
1626.0,32.653895572133905,32.661701846484696,32.685123646927934,32.724169841163075,32.7788550036213,32.849199135055244,32.93522729391184,33.03696909585192,33.154457938321976,33.28772966388076,33.43682020949315,33.60176164207554,33.78257591412133,33.97926575864321,34.191802436869956,34.42011058969017,34.66405141968099,34.92340861133359,35.197893849195886,35.487216315724886,35.79126180861621
1627.0,32.65916816145091,32.666975106001246,32.69039890396796,32.72944838579314,32.784138068728,32.85448787832841,32.940522771942184,33.04227221179826,33.15976933609378,33.29304953727091,33.44214799772809,33.607095597569625,33.78791255574531,33.98459926215073,34.19712405955467,34.42540830766409,34.66931034574461,34.928614375339805,35.2030438001781,35.49233911383016,35.79642632022623
1628.0,32.66444120317667,32.6722488149882,32.69567460205526,32.734727358440956,32.789421544665764,32.859777009679284,32.94581860478414,33.04757562855378,33.16508094352439,33.298369469861974,33.44747560996635,33.61242903351328,33.79324821117369,33.98993119253867,34.20244343751407,34.430703162325386,34.67456636500473,34.93381914881666,35.20819818928475,35.49747360198108,35.801605475134856
1629.0,32.66971469533552,32.67752297155389,32.70095073950342,32.7400067575496,32.794705429646,32.865066526397385,32.95111478771398,33.05287933810242,33.17039274806697,33.30368944373969,33.45280302304834,33.6177619229209,33.79858285271766,33.99526152742112,34.207760572144856,34.43599524700832,34.67981981690621,34.939023560503784,35.21335738699075,35.502619100431815,35.80679797339318
1630.0,32.67498863600516,32.68279757385408,32.706227314624435,32.74528658149991,32.79998972174941,32.87035642552616,32.956411315712785,33.05818333211736,33.175704736914675,33.3090094409093,33.45813021395925,33.62309423929691,33.8039164537233,34.000590247737144,34.213075476978624,34.441284682802014,34.68507105129015,34.944228147429705,35.21852162290044,35.50777499415346,35.81200274773522
1631.0,32.680263023320194,32.68807262008232,32.711504325735206,32.75056682860559,32.80527441890052,32.87564670388838,32.96170818348231,33.063487601994595,33.18101689705037,33.31432944330861,33.46345715988479,33.628425956678775,33.80924898893001,34.00591733891645,34.21838817899454,34.44657161304044,34.69032041333554,34.94943336283885,35.223691030092525,35.51294072840158,35.81721890273953
1632.0,32.68553785544043,32.693348108453144,32.71678177112226,32.75584749710808,32.81055951886513,32.8809373580764,32.967005385444324,33.06879213884014,33.186329215245465,33.31964943284103,33.46878383821471,33.6337570497491,33.81458043482996,34.01124279191287,34.223698718668366,34.45185619726333,34.695568234393775,34.954639586717455,35.22886567405349,35.518115802422436,35.82244567506985
1633.0,32.6908131305739,32.698624037202755,32.72205964906505,32.76112858515551,32.81584501926955,32.886228384463905,32.97230291575283,33.07409693350122,33.19164167807937,33.32496939137085,33.47411022657302,33.63908749393946,33.81991077018412,34.016566603990434,34.22900714916512,34.45713860560356,34.70081482640782,34.95984713638128,35.23404557317865,35.52329976305597,35.827682404727916
1634.0,32.696088846947895,32.70390040455768,32.72733795780911,32.76641009081545,32.821130917570926,32.89151977920293,32.97760076829337,33.07940197656666,33.196954271970895,33.33028930075639,33.479436302886675,33.644417265626686,33.82523997646464,34.02188877920378,34.23431353500063,34.46241901386122,34.706060479021396,34.96505627632337,35.23923071325475,35.52849219881088,35.83292851379519
1635.0,32.70136500278257,32.70917720876745,32.732616695560964,32.771692012061315,32.82641721106918,32.8968115382184,32.98289893670824,33.08470725838743,33.20226698317928,33.33560914289408,33.48476204544121,33.6497463423448,33.83056803826912,34.027209328521636,34.23961795029412,34.467697599538894,34.711305458940124,34.9702672267388,35.24442105678982,35.53369273466151,35.83818349174797
1636.0,32.70664159631577,32.71445444806834,32.73789586047909,32.77697434676876,32.831703896911264,32.902103657224295,32.98819741439229,33.09001276909745,33.20757979782032,33.34092889972887,33.49008743296003,33.65507470298891,33.83589494371021,34.03252826968506,34.24492047692268,34.47297453887645,34.716550010344136,34.975480170600335,35.249616549694615,35.53890102761072,35.843446884189035
1637.0,32.7119186257817,32.71973212067139,32.74317545067319,32.78225709270698,32.8369909720724,32.907396131722564,32.993496194497666,33.09531849861233,33.21289270190563,33.34624855329884,33.49541244472175,33.66040232805615,33.84122068460201,34.03784562684826,34.25022120281609,34.478250004636514,34.721794355705896,34.98069525963234,35.2548171265257,35.54411676289379,35.84871828349923
1638.0,32.71719608940672,32.725010224767566,32.74845546419454,32.78754024753331,32.84227843336884,32.91268895700008,32.99879526994778,33.10062443664511,33.21820568135131,33.35156808578055,33.50073706066151,33.66572919984158,33.846545256596364,34.04316143007952,34.255520220377306,34.483524164448106,34.727038697035795,34.98591261937299,35.260022714252436,35.54933965065436,35.85399732154926
1639.0,32.72247398538712,32.730288758517126,32.75373589903326,32.79282380880083,32.84756627744588,32.91798212813847,33.0040946334457,33.10593057272623,33.22351872200491,33.356887479544866,33.506061261494814,33.671055302620196,33.85186865923908,34.04847571478898,34.26081762501801,34.4887971796448,34.73228321738248,34.99113235342108,35.26523323490168,35.55456942309289,35.85928366396904
1640.0,32.727752311885446,32.735567720034595,32.75901675311259,32.798107773950356,32.85285450079242,32.92327564001525,33.009394277486685,33.111236896220454,33.228831809668804,33.3622067172335,33.51138502883501,33.676380622784365,33.857190895913,34.053788521088144,34.26611351390384,34.49406920457907,34.73752808242616,34.996354546857965,35.27044860733894,35.55980583206676,35.864577005714494
1641.0,32.73303106703983,32.74084710739293,32.76429802427354,32.803392140294896,32.85814309973335,32.928569487311904,33.01469419436128,33.11654339633911,33.234144930143124,33.36752578180239,33.516708345302746,33.68170514895104,33.86251197370001,34.05909989311823,34.27140798490957,34.49934038628317,34.742773442003326,35.00157926904139,35.27566874864216,35.565048647041245,35.869877067365536
1642.0,32.73831024894601,32.74612691861503,32.76957971026927,32.80867690502614,32.86343207042048,32.933863664512934,33.01999437616288,33.121850062158636,33.2394580692576,33.37284465659771,33.522031194633115,33.68702887201963,33.86783190320923,34.06440987841217,34.27670113576797,34.50461086429645,34.74801943149597,35.00680657599746,35.28089357521237,35.57029765331048,35.87518359188353
1643.0,32.74358985564397,32.75140715165791,32.774861808771796,32.81396206521518,32.868721408839846,32.93915816591532,33.02529481480236,33.12715688263803,33.24477121291519,33.378163325434876,33.52735356176874,33.69235178522306,33.87315069834104,34.06971852731015,34.28199306336877,34.50988077062774,34.75326617313669,35.01203651247757,35.2861230036271,35.57555265039333,35.88049634187975
1644.0,32.74886988512335,32.75668780441854,32.78014431736541,32.81924761780441,32.874011110827794,32.94445298563009,33.03059550202486,33.13246384665042,33.25008434713027,33.38348177266244,33.532675432941055,33.69767388409448,33.87846837605751,34.07502589241145,34.287283863196926,34.515150229864965,34.758513777242364,35.017269113603255,35.29135695117636,35.58081345068201,35.885815097470335
1645.0,32.754150335305546,32.76196887472167,32.78542723354389,32.82453355960929,32.87930117205742,32.94974811758869,33.03589642941682,33.13777094300149,33.255397458067264,33.388799983232715,33.53799679573207,33.70299516645577,33.88378495612501,34.08033202804362,34.292573628809315,34.520419359315014,34.763762343388564,35.022504406440774,35.29659533637331,35.58607987815039,35.89113965417118
1646.0,32.75943120404197,32.76725036031704,32.79071055469855,32.82981988731422,32.8845915880324,32.95504355554978,33.041197588416104,33.14307816045512,33.260710532084,33.3941179427583,33.54331763911176,33.708315632341495,33.88910046083801,34.085636989796946,34.297862451514476,34.52568826931837,34.769011961443674,35.027742411073724,35.30183807912226,35.59135176737799,35.896469821467065
1647.0,32.76471248912413,32.77253225886845,32.79599427811071,32.83510659747132,32.88988235410599,32.960339293114906,33.04649897033478,33.14838548775977,33.26602355579293,33.399435637566306,33.54863795346911,33.713635283936064,33.89441491473691,34.090940834114704,34.30315042015947,34.53095706356477,34.77426271247791,35.0329831415745,35.30708510091888,35.596628962655124,35.9018054214465
1648.0,32.76999418824833,32.77781456795567,32.801278400955816,32.840393686501265,32.89517346546919,32.965635323719894,33.05180056636733,33.15369291368036,33.271336516092326,33.404753054752064,33.55395773063295,33.71895412546159,33.89972834435578,34.096243617948346,34.308437620918866,34.53622583938503,34.77951466959324,35.03822660688305,35.3123363250473,35.60191131711899,35.90714628752662
1649.0,32.775276299037465,32.7830972850673,32.80656292030718,32.84568115068664,32.90046491716312,32.97093164065264,33.05710236760989,33.15900042702132,33.276649400212236,33.41007018221911,33.55927696386841,33.72427216308095,33.90504077796621,34.10154539844291,34.31372413717375,34.54149468806834,34.78476789867143,35.04347281154421,35.31759167667046,35.60719869203583,35.91249226339136
1650.0,32.78055881902277,32.788380407599085,32.81184783312581,32.850968986174365,32.90575670408157,32.97622823705962,33.0624043650772,33.16430801666071,33.28196219575306,33.4153870087226,33.5645956478698,33.729589404780754,33.91035224533561,34.1068462326488,34.319010049414004,34.54676369518654,34.79002245908306,35.04872175637762,35.3228510829124,35.6124909561089,35.9178432019985
1651.0,32.785841745637995,32.79366393284976,32.81713313624819,32.85625718897987,32.91104882097505,32.98152510595995,33.06770654972444,33.169615671583635,33.28727489072039,33.42070352389411,33.569913778724455,33.73490586024373,33.91566277751433,34.11214617731123,34.32429543522047,34.552032940908326,34.79527840426171,35.05397343896275,35.3281144728522,35.61778798494144,35.92319896484298
1652.0,32.79112507622788,32.79894785800919,32.8224188264016,32.861545754990445,32.916341262448285,32.98682224025077,33.073008912470264,33.174923380905945,33.2925874735656,33.42601971825147,33.57523135389485,33.74022154073217,33.9209724066093,34.11744528865631,34.32958036922179,34.557302500306484,34.800535782295086,35.05922785414257,35.333381777531166,35.62308966047269,35.92855942118865
1653.0,32.79640880803346,32.804232180164085,32.82770490019301,32.86683467995616,32.92163402297042,32.9921196327203,33.07831144420726,33.1802311339066,33.297899933214254,33.43133558321923,33.580548372176565,33.74553645896481,33.92628116560025,34.122743622223325,34.33486492313141,34.56257244367783,34.80579463641956,35.06448499440436,35.338652929950506,35.628395870511774,35.93392444741693
1654.0,32.801692938192865,32.80951689629071,32.832991354111584,32.87212395949491,32.92692709687717,32.99741727605835,33.083614135825734,33.18553892005477,33.30321225910071,33.43665111113803,33.585864833660565,33.75085062899312,33.93158908813819,34.12804123269225,34.34014916575378,34.567842836843944,34.81105500552836,35.069744850280514,35.34392786504418,35.633706508258655,35.93929392638952
1655.0,32.806977463732814,32.81480200326003,32.838278184523574,32.877413589095696,32.93222047838821,33.00271516287535,33.088916978236995,33.1908467290332,33.30852444118474,33.4419662952606,33.59118073965149,33.75616406607716,33.936896208424024,34.13333817384615,34.34543316311714,34.57311374140144,34.81631692441115,35.07500741045578,35.349206519599335,35.639021472061074,35.94466774715158
1656.0,32.8122623815719,32.82008749782739,32.84356538767411,32.88270356411855,32.93751416160169,33.008013285708294,33.09421996238767,33.19615455076691,33.31383646997547,33.447281129754934,33.596496092646866,33.7614767865708,33.9422025610223,34.13863449840581,34.350716978455125,34.578385215012815,34.82158042428085,35.08027266221809,35.354488832265574,35.6443406649193,35.9500458042464
1657.0,32.81754768851752,32.825373376632854,32.84885295968475,32.88799387979935,32.94280814050584,33.0133116370369,33.09952307928158,33.20146237544562,33.31914833654119,33.452595609688906,33.601810896260524,33.7667888078036,33.947508180754205,34.14393025801336,34.35600067233365,34.583657311636905,34.82684553299239,35.085540591557994,35.359774743478255,35.6496639942642,35.95542799744839
1658.0,32.822833381266236,32.830659636198206,32.85414089655507,32.893284531257315,32.948102408988,33.018610209293705,33.104826320002,33.20677019354434,33.324460032522275,33.45790973100837,33.6071251551594,33.77210014798545,33.95281310256985,34.1492255031544,34.36128430271823,34.58893008173504,34.83211227536074,35.090811183396106,35.365064195426086,35.65499137163496,35.960814231344514
1659.0,32.82811945639816,32.83594627292744,32.8594291941652,32.8985755134917,32.9533969608405,33.023908994882106,33.11012967573053,33.21207799584747,33.32977155015101,33.46322349053409,33.61243887501704,33.77741082609261,33.95811736142763,34.15452028308599,34.366567925039014,34.5942035725411,34.837380673488134,35.096084421800356,35.37035713199808,35.660322712371126,35.96620441493326
1660.0,32.83340591037442,32.84123328310824,32.8647178482824,32.90386682138506,32.95869178977102,33.02920798619332,33.115433137768974,33.21738577346405,33.33508288225555,33.46853688592588,33.61775206244808,33.78272086178769,33.963420992234454,34.15981464583328,34.371851592288515,34.59947782823468,34.84265074694108,35.10136029007044,35.37565349872254,35.66565793542758,35.9715984614052
1661.0,32.83869273953864,32.846520662909896,32.870006854546475,32.90915844971679,32.963986889410904,33.03450717561179,33.120736697545695,33.222693517834145,33.34039402224557,33.473849915662996,33.62306472493627,33.788030275324054,33.968724029752,34.165108638189636,34.37713535511808,34.604752890115705,34.84792251295691,35.10663877084585,35.38095324271186,35.67099696316365,35.97699628787398
1662.0,32.84397994011261,32.851808408382695,32.8752962084853,32.91445039315719,32.96928225332245,33.03980655553664,33.12604034664696,33.2280012207632,33.34570496414795,33.479162579032725,33.628376870789154,33.79333908743669,33.97402650846562,34.17040230561161,34.38241926189775,34.610028796875696,34.85319598680385,35.11191984636629,35.386256312621526,35.67633972099368,35.98239781492485
1663.0,32.84926750820492,32.85709651546023,32.88058590551137,32.919742646283275,32.97457787501113,33.045106118391075,33.13134407681637,33.23330887441554,33.35101570256412,33.48447487607909,33.633688509070595,33.79864731931332,33.97932846262159,34.1756956923519,34.38770335884501,34.61530558462512,34.85847118169603,35.11720349832958,35.39156265858232,35.68168613743466,35.987802966706525
1664.0,32.85455543980178,32.8623849799578,32.88587594092336,32.92503520357501,32.97987374793226,33.0504058566376,33.13664787998492,33.23861647134213,33.35632623270492,33.48978680760075,33.63899964954309,33.803954992456184,33.98462992604684,34.18098884131684,34.39298769007907,34.62058328721522,34.863748109256875,35.12248970823121,35.39687223215634,35.68703614366885,35.99321167035783
1665.0,32.8598437307817,32.86767379757664,32.89116630991618,32.93032805942494,32.985169865506364,33.05570576278643,33.141951748274984,33.24392400446124,33.36163655033857,33.49509837508625,33.64431030261785,33.80926212869033,33.989930932231985,34.18628179421214,34.39827229773713,34.62586193621215,34.86902677935695,35.127778457189436,35.402184986283736,35.6923896736524,35.998623856185176
1666.0,32.865132376902295,32.872962963901735,32.89645700757697,32.93562120814531,32.99046622112338,33.06100582941492,33.14725567401914,33.24923146709526,33.36694665182552,33.50040958071478,33.64962047928999,33.81456875002522,33.99523151416799,34.19157459144051,34.4035572220414,34.63114156119568,34.874307200525315,35.13306972622112,35.40750087522966,35.69774666372746,36.00403945715097
1667.0,32.870421373802486,32.87825247440776,32.901748028898915,32.94091464398232,32.99576280815666,33.066306049180454,33.15255964976025,33.254538852948066,33.37225653407837,33.505720427297184,33.654930191100085,33.81987487866697,34.0005317044302,34.19686727221165,34.40884250137851,34.63642218974625,34.87958937984137,35.13836349613207,35.412819854543905,35.70310705268246,36.00945840897566
1668.0,32.87571071701144,32.88354232445898,32.90703936877415,32.946208361110756,33.001059619971166,33.07160641482845,33.157863668277116,33.25984615612987,33.37756619456671,33.511030918264275,33.660239450070605,33.82518053690532,34.00583153504435,34.20215987448899,34.41412817239084,34.64170384768121,34.88487332323114,35.143659747690926,35.4181418810068,35.708470781470105,36.014880649783784
1669.0,32.88100040194957,32.88883250931714,32.91233102199964,32.95150235364626,33.00635664993448,33.07690691920426,33.16316772258457,33.265153371144,33.38287563128695,33.51634105762627,33.66554826867431,33.83048574711053,34.01113103753342,34.20745243505669,34.419414270029826,34.64698655907793,34.890159035449834,35.14895846158893,35.423466912598485,35.71383779319817,36.02030612010613
1670.0,32.8862904239266,32.89412302413805,32.91762298328917,32.956796615654625,33.01165389142575,33.0822075552641,33.16847180594485,33.270460492897215,33.388184842767636,33.521650849941075,33.67085665977532,33.835790531662234,34.0164302428486,34.212744989513936,34.424700827653865,34.6522703464438,34.89544652025226,35.154259618533196,35.428794908440025,35.71920803294204,36.02573476264248
1671.0,32.891580778148814,32.89941386397828,32.9229152472769,32.96209114115823,33.01695133784562,33.087508316080836,33.173775911871495,33.27576751669207,33.393493828044114,33.526960300282134,33.67616463659773,33.84109491293454,34.021729181377566,34.218037572314735,34.429987877083406,34.657555230770214,34.90073578043015,35.1595631992435,35.43412582876206,35.724581447691314,36.03116652220385
1672.0,32.896871459722604,32.9047050238008,32.928207808520234,32.967385924140814,33.02224898262086,33.09280919485899,33.17908003413369,33.281074438220564,33.39880258664121,33.532269414217424,33.6814722126822,33.84639891324093,34.027027882936345,34.22333021679804,34.435275448670076,34.66284123163191,34.906026817900525,35.164869184491685,35.439459634861876,35.729957986242965,36.036601345597184
1673.0,32.902162463656175,32.90999649847589,32.933500661507196,32.97268095855657,33.02754681921686,33.09811018494204,33.1843841667669,33.28638125356943,33.404111118563755,33.53757819777135,33.68677940183863,33.851702554795025,34.03232637673421,34.22862295520316,34.440563571375506,34.66812836730255,34.91131963381364,35.17017755514544,35.44479628905832,35.73533759907874,36.0420391814706
1674.0,32.90745378486631,32.91528828278844,32.93879380066111,32.977976238338705,33.032844841149846,33.103411279820975,33.18968830407653,33.29168795921491,33.40941942427844,33.54288665739491,33.69208621811608,33.857005859687405,34.03762469137344,34.23391581869747,34.44585227282837,34.67341665482249,34.91661422860096,35.17548829217878,35.45013575466006,35.740720238299076,36.04747998024002
1675.0,32.912745418187946,32.92058037144731,32.94408722034806,32.98327175740787,33.03814304199542,33.108712473140336,33.19499244063283,33.296994552006,33.41472750468859,33.54819479994055,33.697392675785146,33.86230884988346,34.04292285487964,34.239208837421394,34.451141579367594,34.67870611002127,34.921910601967085,35.18080137664856,35.455477995940484,35.746105857607006,36.05292369408284
1676.0,32.918037358366306,32.925872759079375,32.94938091488097,32.988567509676685,33.0434414153927,33.114013758711586,33.20029657129071,33.302301029180285,33.42003536113185,33.55350263262836,33.70269878926235,33.8676115471335,34.04822089462582,34.24450204049105,34.45643151614739,34.68399674771049,34.92720875310209,35.186116789806064,35.46082297807272,35.751494412087496,36.05837027666168
1677.0,32.92332960006684,32.93116544024315,32.95467487853098,32.99386348906142,33.04873995504607,33.11931513050216,33.205600691163696,33.30760738832648,33.42534299533847,33.55881016303209,33.708004573146745,33.872913973060705,34.05351883743975,34.24979545606426,34.46172210711134,34.689288581557385,34.93250868051207,35.19143451298666,35.46617066714462,35.75688585834477,36.063819683306114
1678.0,32.92862213788085,32.9364584094288,32.95996910552687,32.999159689486774,33.05403865474831,33.124616582667905,33.210904795659815,33.3129136274128,33.43065040943934,33.564117399030714,33.713310042109896,33.87821614900994,34.05881670948625,34.255089111332346,34.467013375149506,34.69458162437152,34.93781038230723,35.19675452775064,35.471521030070335,35.76228015420806,36.069271870657374
1679.0,32.93391496625562,32.94175166100335,32.96526358998824,33.00445610481024,33.05933750829833,33.12991810946103,33.216208880394724,33.318219744734044,33.43595760597446,33.56942434892745,33.71861521115798,33.883518096417376,34.06411453669969,34.26038303291561,34.472305342343724,34.69987588813648,34.94311385601841,35.20207681553902,35.476874034171914,35.76767725831799,36.07472679625376
1680.0,32.93920807968753,32.947045189365106,32.9705583261118,33.009752729022416,33.064636509693244,33.135219705406726,33.221512941331284,33.323525738955055,33.441264587801705,33.574731021151145,33.72392009509469,33.88881983612889,34.06941234397237,34.26567724606738,34.477598029341166,34.7051713837191,34.94841909875065,35.20740135828625,35.48222964818027,35.77307713130663,36.08018445272853
1681.0,32.944501472773716,32.95233898904186,32.97585330825195,33.01504955631667,33.0699356531974,33.1405213653716,33.2268169748113,33.328831609092475,33.446571358002814,33.58003742411242,33.72922470833166,33.89412138811514,34.07471015490102,34.27097177449221,34.4828914553123,34.71046812095964,34.953726107370755,35.21272813865211,35.48758784434478,35.7784806866601,36.08570196894464
1682.0,32.94979513974087,32.95763305419954,32.98114853041326,33.02034658058675,33.07523493285001,33.14582308410875,33.232120977227595,33.33413735443068,33.45187792016679,33.585343566943315,33.73452906615254,33.89942277326058,34.08000799388647,34.27626664245704,34.488185639636924,34.71576610950764,34.95903487819961,35.218057140667305,35.49294886019359,35.78389597461442,36.09126877616445
1683.0,32.95508907491534,32.96292737910499,32.98644398673687,33.02564379590856,33.08053434293751,33.15112485668761,33.23742494533337,33.33944297460619,33.45718427811615,33.59064945878505,33.7398331834885,33.90472401167919,34.085305884160725,34.281561872814066,34.49348060032452,34.72106535805053,34.964345408205865,35.22338840757049,35.49831407885748,35.789328338779974,36.096868064563544
1684.0,32.96038327257529,32.96822195799027,32.991739671365046,33.030941196404406,33.08583387786539,33.156426678377066,33.24272887615343,33.34474846955336,33.46249043596443,33.595955108950385,33.74513707526837,33.91002512320124,34.09060384839034,34.28685748763194,34.49877635454833,34.72636587486083,34.96965770626026,35.22872219569192,35.50368535461676,35.79477852461843,36.10249382797859
1685.0,32.965677726976836,32.97351678507318,32.99703557844846,33.03623877625637,33.0911335321618,33.16172854463207,33.24803276696674,33.35005383951059,33.467796398097256,33.60126052694153,33.75044075638591,33.915326127368424,34.09590190867739,34.292153508221,34.50407291874195,34.731667670132865,34.974971823892396,35.234058987489746,35.50906414472286,35.80024614212867,36.108142583412906
1686.0,32.97097243234416,32.97881185455413,33.002331702150066,33.04153652971818,33.09643330048251,33.16703045111479,33.25333661531448,33.355359085003585,33.473102169160256,33.60656572238864,33.755744241696924,33.92062704342573,34.101200086570906,34.29744995516774,34.50937030912585,34.7369707624825,34.98028787892309,35.23939936602293,35.5144514358265,35.80573053705305,36.11381197266417
1687.0,32.97626738288721,32.98410716063002,33.007628036661394,33.0468344511016,33.10173317761023,33.17233239367202,33.25864041899798,33.36066420682877,33.4784077540446,33.61187070507097,33.76104754599164,33.92592789031717,34.1064984030812,34.302746848468956,34.514668543116876,34.74227518726214,34.98560605286922,35.2447439116178,35.519847862786264,35.81123102106736,36.119500258061805
1688.0,32.98156257280894,32.98940269749806,33.01292457618937,33.052132534791646,33.10703315846328,33.17763436836398,33.26394417605551,33.36596920606122,33.483713157865076,33.6171754848736,33.76635068399797,33.93122868668791,34.11179687870369,34.30804420785344,34.51996764172207,34.747581002109875,34.99092657245906,35.25009315062369,35.52525382058181,35.81674693904156,36.12520608689292
1689.0,32.98685799631376,32.99469845935397,33.01822131498955,33.05743077526356,33.1123332380911,33.18293637143344,33.26924788477249,33.37127408402384,33.48901838595661,33.62248007179128,33.771653670358916,33.936529450870616,34.117095533513336,34.31334205342518,34.52526763212984,34.75288828794374,34.99624968910861,35.25544753851689,35.53066954213575,35.822277686582666,36.13092836653697
1690.0,32.992153647596865,32.999994440407356,33.02351824734602,33.06272916706605,33.11763341169581,33.18823839932817,33.274551543682186,33.37657884229438,33.49432344385386,33.6277844758968,33.77695651962918,33.94183020091773,34.122394387310194,34.3186404065254,34.530568549684695,34.75819714653099,35.00157566222662,35.26080745911962,35.53609515038841,35.827822711984474,36.13666618974099
1691.0,32.997449520861025,33.00529063488997,33.028815367592244,33.068027704836474,33.12293367460711,33.19354044869075,33.27985515154358,33.38188348268407,33.49962833727723,33.6330887073414,33.78225924626449,33.947130954629316,34.127693459894296,34.32393929070809,34.53587043903603,34.763507696253455,35.006904747224375,35.266173230658815,35.54153069381546,35.833381512786374,36.14241878564335
1692.0,33.00274561033769,33.01058703704729,33.0341126701195,33.07332638331535,33.12823402230439,33.19884251635456,33.28515870734945,33.38718800723634,33.5049330721266,33.63839277633878,33.787561864617345,33.952431729619505,34.13299277140556,34.32923873260406,34.54117335423687,34.76882006731551,35.01223718818258,35.27154511432632,35.54697616924394,35.838953630473426,36.14818548868275
1693.0,33.00804191026069,33.015883641177744,33.0394101493597,33.0786251973296,33.13353445042292,33.204144599351565,33.290462210320854,33.3924924182158,33.51023765446388,33.64369669315412,33.79286438897287,33.95773254342962,34.13829234271623,34.334538762585744,34.54647735815404,34.77413439734652,35.017573213641526,35.27692332262755,35.55243153773742,35.84453864546857,36.153965715898806
1694.0,33.01333841491354,33.02118044159631,33.04470779982036,33.08392414181095,33.1388349547382,33.20944669490473,33.2957656598888,33.39779671808724,33.51554209049858,33.64900046809268,33.79816683353182,33.96303341367042,34.14359219584215,34.33983941517119,34.55178252140404,34.77945082769828,35.022913034649434,35.28230802692548,35.557896735243595,35.850136172512485,36.159758951192536
1695.0,33.01863511859627,33.02647743265627,33.0500056160744,33.08922321180494,33.144135531171244,33.21474880043085,33.301069055702165,33.40310090952405,33.52084638658714,33.65430411150024,33.803469212481616,33.96833435817288,34.148892354268526,34.34514072914713,34.55708892107614,34.78476950040498,35.028256844044215,35.28769936408849,35.563371680377685,35.85574585651039,36.16556473310057
1696.0,33.02393201564931,33.03177460877205,33.05530359276321,33.0945224024577,33.14943617580053,33.220050913534514,33.30637239761827,33.40840499539448,33.52615054922266,33.659607633782414,33.80877154004796,33.9736353951799,34.15419284325326,34.35044274752032,34.56239663938292,34.79009055575291,35.033604816579825,35.29309744225774,35.56885628018602,35.86136736890694,36.17138264517877
1697.0,33.0292291004622,33.0370719644121,33.060601724605355,33.0998217090282,33.15473688486205,33.225353032004,33.31167568569091,33.41370897874793,33.53145458502511,33.66491104539711,33.814073830550505,33.97893654352832,34.15949369004327,34.355745517295745,34.56770576231069,34.79541413055116,35.03895710976238,35.29850234557164,35.574350433907355,35.86700040462612,36.1772123089925
1698.0,33.03452636748158,33.04236949409749,33.06590000640437,33.10512112688741,33.160037654738225,33.23065515381304,33.31697892017151,33.41901286280703,33.53675850073381,33.67021435687186,33.81937609848714,33.984237822816695,34.16479492399463,34.36104908909606,34.573016378374035,34.80074035695628,35.04431386500157,35.30391413802008,35.57985403555933,35.872644679487095,36.18305337877424
1699.0,33.03982381120553,33.047667192410835,33.071198433045296,33.110420651529004,33.165338481960354,33.23595727711435,33.322282101511185,33.42431665096987,33.54206230321349,33.67551757884696,33.82467835863048,33.98953925354217,34.170096576621056,34.366353516717886,34.57832857754808,34.806069361668165,35.0496752087684,35.30933286667827,35.585366975999825,35.878299927957244,36.18890553687955
1700.0,33.04512142618564,33.05296505400265,33.07649699950239,33.115720278567885,33.1706393632189,33.24125940024044,33.32758523033988,33.429620346793804,33.5473659994569,33.68082072210009,33.82998062610535,33.994840857216495,34.1753986815618,34.371658856671445,34.58364245035401,34.81140126538499,35.055041253751696,35.31475856444782,35.59088914456993,35.88396590120134,36.194768489945226
1701.0,33.05041920703968,33.05826307360472,33.0817957008474,33.12102000373849,33.17594029535565,33.24656152170499,33.33288830746175,33.434923953999146,33.55266959659362,33.68612379757285,33.83528291646881,34.00014265645692,34.180701274506646,34.376965167719106,34.588958087072264,34.81673618249492,35.060412100032075,35.32019125233089,35.59642043021306,35.889642365392646,36.20064196581402
1702.0,33.05571714846765,33.063561246021465,33.087094532246155,33.12631982290016,33.181241275367356,33.25186364018932,33.33819133386082,33.44022747647185,33.55797310189612,33.69142681642505,33.840585245788304,34.00544467505031,34.18600439308579,34.382272510409656,34.594275577076445,34.8220742209489,35.06578783625821,35.32563094134996,35.601960722276324,35.8953291002364,36.20652571100075
1703.0,33.06101524524461,33.068859566136986,33.092393488964994,33.13161973203701,33.186542300402174,33.25716575454676,33.34349431069814,33.44553091825568,33.56327652279733,33.69672979007053,33.845887630715126,34.01074693799069,34.19130807673413,34.387580946626045,34.59959500825783,34.827415482247645,35.07116854074026,35.331077634209436,35.60750991113359,35.90102589764419,36.21241948849047
1704.0,33.06631349221096,33.074158028920785,33.09769256637287,33.136919727260285,33.191843367757606,33.26246786380303,33.34879723930916,33.45083428354707,33.56857986691138,33.7020327302229,33.851190088542246,34.016049471471,34.19661236649364,34.39289053915998,34.60491646666532,34.832760061675074,35.07655428243528,35.33653132639989,35.61306788840034,35.906732560745255,36.218323076283035
1705.0,33.0716118842934,33.07945662943942,33.10299175994152,33.14221980481111,33.19714447488118,33.267769967145554,33.35410012119078,33.456137576711996,33.57388314204429,33.70733564893821,33.85649263723633,34.02135230287386,34.20191730481011,34.398201351345,34.61024003619841,34.83810804843843,35.08194512180845,35.34199200735645,35.61863454736454,35.91244890288737,36.22423626569932
1706.0,33.076910416517514,33.08475536284834,33.10829106526105,33.1475199610603,33.20244561938268,33.27307206393164,33.359402958007685,33.46144080230162,33.57918635622541,33.71263855864404,33.861795295488264,34.02665546070738,34.2072229353698,34.4035134467333,34.61556579834615,34.843459525878586,35.08734111165307,35.34745966143436,35.62420978322581,35.91817474673677,36.230158860026485
1707.0,33.08220908399927,33.09005422440177,33.11359047802458,33.15282019251434,33.207746799014565,33.27837415367673,33.36470575159434,33.466743965038575,33.584489517719206,33.71794147218759,33.86709808272459,34.031958974577684,34.212529302893635,34.40882688879664,34.62089383200639,34.84881457169638,35.09274229783979,35.352934268711095,35.629793493240825,35.92390992352265,36.2360906733682
1708.0,33.087507881949996,33.09535320945197,33.11888999404387,33.1581204958087,33.2130480116812,33.28367623606216,33.37000850395546,33.472047069832136,33.58979263505145,33.72324440285031,33.87240101911466,34.03726287511492,34.21783645295968,34.414141740693566,34.62622421338336,34.85417325824479,35.09814871995685,35.35841580559634,35.63538557678174,35.92965427240385,36.24203152974244
1709.0,33.09280680567778,33.10065231345302,33.12418960924529,33.16342086771399,33.21834925543403,33.28897831092982,33.37531121726887,33.47735012178465,33.59509571702771,33.728547364388405,33.87770412558748,34.04256719391612,34.223144431815754,34.4194580649858,34.63155701582576,34.85953565275761,35.10356041202103,35.363904245606456,35.64098593549053,35.93540763971862,36.24798126195718
1710.0,33.09810585058115,33.105951531965005,33.12948931967892,33.16872130513631,33.223650528480455,33.29428037828683,33.38061389388619,33.482653126218985,33.60039877275618,33.73385037104649,33.88300742380294,34.04787196343111,34.22845328620669,34.42477592348741,34.6368923098915,34.86490181769825,35.108977402912174,35.36939955959753,35.64659447315539,35.94116987860177,36.25393971119107
1711.0,33.10340501217285,33.11125086066381,33.13478912150524,33.17402180511354,33.22895182917173,33.29958243829534,33.385916536336524,33.487956088670664,33.60570181166492,33.73915343756793,33.8883109361445,34.05317721689713,34.23376306322517,34.430095377116224,34.642230163305115,34.87027181098075,35.11439971688733,35.374901716265896,35.65221109578645,35.946940848454325,36.25990672617677
1712.0,33.10870428607219,33.11655029533688,33.14008901100796,33.17932236481935,33.23425315601073,33.30488449128072,33.391219147331505,33.4932590149105,33.61100484352237,33.74445657921596,33.89361468570351,34.05848298825004,34.239073810138336,34.43541648569604,34.64757064093123,34.87564568626396,35.11982737411012,35.380410682598715,35.65783571160951,35.95272041442059,36.265882162506045
1713.0,33.11400366801663,33.12184983187502,33.145388984600324,33.18462298156521,33.2395545076534,33.310186537739696,33.396521729778634,33.4985619109573,33.616307878451416,33.74975981176296,33.89891869622263,34.06378931202356,34.24438557427136,34.440739307935765,34.65291380490745,34.88102349320201,35.12526039088743,35.385926423979726,35.66346823098756,35.95850844714893,36.271865882323624
1714.0,33.11930315385073,33.12714946629256,33.15068903881767,33.18992365279634,33.24485588290193,33.31548857833754,33.401824286778684,33.503864783077574,33.62161092693275,33.75506315150348,33.904222992083,34.06909622327338,34.24969840288547,34.446063901301,34.65825971462296,34.886405277657644,35.13069878011914,35.391448904587286,35.66910856643125,35.96430482233799,36.27785775370912
1715.0,33.1246027395339,33.13244919471924,33.15598917032395,33.195224376098686,33.250157280712585,33.32079061391044,33.407126821635245,33.50916763780512,33.62691399982599,33.760366615251606,33.909527598264674,34.074403757486074,34.25501234304536,34.45139032192077,34.663608426781146,34.891791081965074,35.13614255164853,35.39697808763855,35.67475663255372,35.97010942038453,36.283857650207295
1716.0,33.12990242113149,33.13774901340798,33.16128937590774,33.20052514920702,33.25545870020284,33.32609264546026,33.412429337857596,33.51447048195369,33.63221710837563,33.765670220323955,33.91483254030031,34.07971195049896,34.260327441555106,34.4567186245694,34.668959995481586,34.89718094511477,35.1415917124818,35.40251393551367,35.68041234600655,35.97592212614961,36.289865450545484
1717.0,33.13520219484157,33.1430489187289,33.16658965248794,33.20582596998649,33.260760140635945,33.33139467417482,33.41773183917368,33.51977332261387,33.63752026420777,33.77097398452436,33.92013784422208,34.08502083843079,34.26564374485812,34.46204886262802,34.67431447230989,34.902574902979254,35.14704626704969,35.408056409924654,35.68607562541968,35.98174282868978,36.29588103829468
1718.0,33.14050205697425,33.14834890717864,33.171889997112444,33.211126836451065,33.26606160143699,33.336696701415335,33.42303432953042,33.525076167174696,33.642823479350675,33.77627792615194,33.92544353654096,34.09033045758605,34.270961298914116,34.46738108797905,34.67967190635977,34.90797298854387,35.15250621759786,35.4136054722162,35.691746391383944,35.98757142086383,36.30190430133541
1719.0,33.14580200397016,33.153648975376385,33.17719040696827,33.21642774675142,33.27136308219085,33.341998728734744,33.428336813108494,33.5303790233205,33.648126766206886,33.78158206395313,33.93074964418108,34.095640844408145,34.276280149201654,34.47271535112256,34.6850323443979,34.913375232018225,35.157971564161834,35.41916108322539,35.69742456634493,35.993407799341206,36.30793513192076
1720.0,33.15110203239377,33.15894912006969,33.182490879372736,33.22172869918415,33.27666458264283,33.34730075787125,33.43363929432189,33.53568189904533,33.653430137583186,33.78688641713452,33.93605619444836,34.10095203538509,34.281600340571416,34.47805170102112,34.69039583087279,34.91878166110724,35.16344230502423,35.424723203671334,35.70311007459084,35.99925186413618,36.31397342604645
1721.0,33.156402138931206,33.164249338137985,33.18779141177321,33.22702969219519,33.28196610270474,33.352602790757196,33.43894177782431,33.54098480264828,33.65873360666467,33.79219100531444,33.94136321496824,34.106264067019126,34.28692191729224,34.48339018523592,34.695762408067615,34.92419230106002,35.168918436613666,35.43029179397331,35.708802842170186,36.0051035186766,36.320019083583645
1722.0,33.1617023204001,33.16954962658711,33.193092001757734,33.23233072437698,33.287267642454104,33.35790482952295,33.4442442685162,33.54628774274434,33.664037187023226,33.797495848521564,33.94667073365908,34.11157697573728,34.292244922916296,34.48873084982841,34.70113211613563,34.929607174927,35.17439995389654,35.435866814555666,35.71450279684994,36.01096266940726,36.32607200775317
1723.0,33.16700257374512,33.17484998254954,33.198392647053645,33.23763179447627,33.29256920213864,33.36320687650169,33.44954677154543,33.551590728257835,33.66934089259807,33.802800967153836,33.95197877868172,34.116890797863974,34.2975694003127,34.49407373945064,34.70650499321026,34.935026303618635,35.179886850342946,35.441448225770856,35.72020986805526,36.01682922578068,36.3321321051401
1724.0,33.17230289603856,33.180150403296075,33.203693345527505,33.242932901390695,33.29787078218075,33.36850893423432,33.45484929231725,33.556893768429,33.67464473769497,33.80810638196555,33.957287378399286,34.122205569558055,34.30289539159557,34.49941889730988,34.71188107547224,34.94044970608219,35.18537911817772,35.4470359880454,35.72592398682186,36.022703100010936,36.33819928538499
1725.0,33.17760328448116,33.18545088623253,33.20899409518917,33.248234044173174,33.30317238318031,33.3738110054745,33.46015183649652,33.56219687281139,33.679948736972676,33.8134121140364,33.962596561335836,34.12752132676973,34.30822293811209,34.504766365208305,34.71726039723604,34.94587739941315,35.19087674846259,35.45263006191165,35.731645085740844,36.02858420695687,36.34427346104744
1726.0,33.18290373641494,33.19075142889774,33.21429489418989,33.25353522203514,33.30847400591565,33.379113093183285,33.46545441000322,33.56750005127382,33.685252905433806,33.818718184749756,33.967906356141285,34.13283810521718,34.31355208042424,34.510116183566794,34.72264299101917,34.95130939895756,35.19637973116814,35.45823040802686,35.73737309891585,36.03447246402149,36.35035454748691
1727.0,33.18820424931522,33.19605202896976,33.21959574082705,33.25883643434716,33.31377565134877,33.38441520054107,33.470757019024155,33.57280331399973,33.690557258416916,33.8240246157673,33.97321679154622,34.138155940318434,34.31888285826529,34.51546839142971,34.72802888763,34.956745718468994,35.201888055362566,35.46383698727631,35.74310796190482,36.040367790950654,36.35644246261768
1728.0,33.193504820795866,33.20135268426856,33.22489663354911,33.26413768064286,33.3190773206305,33.38971733095031,33.476059670010436,33.57810667146625,33.69586181157125,33.829331428998586,33.97852789634651,34.143474867206436,34.324215310590006,34.52082302653245,34.7334181162212,34.96218637012188,35.2074017091675,35.46944976070312,35.748849611691874,36.04627010984799,36.362537126949476
1729.0,33.198805448613534,33.20665339275431,33.23019757095141,33.26943896061948,33.324379015100185,33.39501948803508,33.48136236968352,33.58341013447061,33.701166580865,33.83463864658342,33.98383969933587,34.14879492062659,34.329549475463466,34.526180125267715,34.7388107043946,34.96763136475297,35.2129206800447,35.47506868969012,35.75459798661294,36.052179344869266,36.368638463195104
1730.0,33.204106130657735,33.2119541525299,33.235498551782236,33.27474027414511,33.32968073628739,33.4003216756468,33.48666512502148,33.58871371409114,33.70647158253753,33.83994629086635,33.98915222932121,34.154116134994375,34.334885390177085,34.53153972279742,34.74420667822809,34.973080711762,35.21844495460725,35.48069373579957,35.76035302634254,36.05809542237732,36.37474639647764
1731.0,33.209406864964734,33.217254961843715,33.240799574943445,33.28004162125656,33.3349824859186,33.405623897867414,33.491967943278105,33.59401742171149,33.71177683311818,33.84525438436876,33.994465515042805,34.15943854428299,34.34022309112636,34.536901853006675,34.74960606239172,34.97853441939477,35.223974518958194,35.486324860971905,35.76611467181919,36.06401827059097,36.38086085390293
1732.0,33.21470764971414,33.222555819092214,33.2461006394939,33.285343002161966,33.34028426591536,33.41092615900835,33.49727083196519,33.59932126898932,33.717082349390445,33.85056294976599,33.99977958518708,34.164762182080864,34.34556261390934,34.54226654858871,34.7550088801623,34.98399249465076,35.22950935854071,35.491962027412335,35.77188286523349,36.06994781969657,36.38698176471276
1733.0,33.22000848323049,33.22785672282102,33.251401744651,33.29064441724406,33.3455860783985,33.41622846361555,33.50257379885915,33.60462526786016,33.72238814838341,33.855872009862516,34.005094468339486,34.17008708153228,34.35090399328397,34.54763384105918,34.76041515351449,34.98945494343829,35.23504945829065,35.497605197661336,35.77765754997104,36.075884001676066,36.39310906007466
1734.0,33.22530936398775,33.23315767172777,33.25670288979334,33.2959458670654,33.35088792569325,33.42153081646634,33.5078768519987,33.60992943053111,33.72769424735822,33.8611815875729,34.01041019296299,34.175413275322775,34.356247263165564,34.5530037607814,34.76582490317332,34.99492177064969,35.240594802697835,35.50325433461372,35.783438670579635,36.08182675022413,36.39924267298251
1735.0,33.23061029061358,33.23845866466565,33.26200407446412,33.30124735237135,33.35618981033167,33.42683322256512,33.51317999967567,33.61523376946353,33.73300066378834,33.86649170590097,34.015726787393014,34.18074079570085,34.36159245666861,34.558376337011396,34.77123814864366,35.000392980158985,35.246145375778205,35.50890940148552,35.789226172749466,36.08777600074675,36.405382538266316
1736.0,33.23591126188547,33.24375970064195,33.26730529837136,33.30654887408845,33.36149173505161,33.43213568715675,33.51848325044216,33.62053829737722,33.738307415348764,33.87180238791198,34.02104427978401,34.18606967440877,34.366939606067035,34.563751597920565,34.77665490831409,35.00586857497758,35.25170116122746,35.51457036188333,35.79502000324455,36.09373169018518,36.411528592381785
1737.0,33.2412122767359,33.24906077881891,33.272606561390646,33.311850433328004,33.36679370279741,33.43743821571521,33.52378661309191,33.62584302723229,33.743614519896354,33.8771136567318,34.02636269813338,34.191399942732545,34.37228874284921,34.569129570631986,34.78207519944375,35.01134855719773,35.25726214234625,35.520237179751874,35.80082010990687,36.09969375706976,36.41768077347988
1738.0,33.24651333425295,33.25436189852033,33.27790786356957,33.31715203139274,33.37209571672761,33.44274081394502,33.52909009667711,33.631147972236185,33.74892199546535,33.88242553549442,34.031682070207545,34.196731631433096,34.37763989767935,34.574510281252586,34.787499038276835,35.01683292817075,35.262828302200234,35.52590981943407,35.80662644157634,36.10566214132208,36.42383902118739
1739.0,33.251814433695806,33.259663059228636,33.28320920513341,33.322453669775975,33.377397780228954,33.44804348783369,33.53439371053294,33.63645314586501,33.75422986031496,33.88773804749621,34.03700242375164,34.202064770966764,34.38299310060869,34.5798937550197,34.79292644013345,35.022321688448095,35.26839962345867,35.53158824545263,35.812438947858965,36.11163678401909,36.430003276332656
1740.0,33.25711557446017,33.2649642606166,33.28851058646334,33.3277553501417,33.38269989684101,33.4533462434738,33.5396974640917,33.64175856160476,33.759538132575194,33.8930512156203,34.04232378579522,34.20739939076691,34.388348380430685,34.5852800158219,34.79835741909221,35.027814837881095,35.27397608883546,35.537272423269776,35.818257580122555,36.11761762855242,36.436173472685084
1741.0,33.26241675612914,33.270265502487796,33.293812008141835,33.33305707436815,33.38800207036139,33.45864908729667,33.545001367145424,33.64706423336582,33.76484683078846,33.89836506313346,34.047646183603526,34.21273552028515,34.393705765672074,34.59066908704201,34.803791988623225,35.033312375651924,35.279557680563116,35.54296231814606,35.824082287505924,36.12360345741755,36.44227959390522
1742.0,33.26771797844403,33.275566784834666,33.299113470915394,33.33835884452343,33.39330430479936,33.46395202593295,33.55030542968254,33.652370175177886,33.770155973507485,33.903679613122215,34.05296964402625,34.218073188270914,34.399065283921814,34.59606099100003,34.809230161208994,35.038814300318606,35.285144380783365,35.54865789326158,35.82991269490374,36.12958432908555,36.44833453952093
1743.0,33.273019241310955,33.28086810782188,33.30441497571665,33.3436606628701,33.39860660436874,33.46925506622969,33.5556096619078,33.65767640125609,33.77546557938885,33.908994888623816,34.05829419364754,34.223412422969176,34.40442696203695,34.601455749159435,34.814671948504206,35.044320609840526,35.29073617037857,35.55435904052774,35.83574702974488,36.1355536144329,36.45435873142802
1744.0,33.278320544813134,33.28616947178297,33.309716523664555,33.34896253187012,33.403908973496364,33.47455821526258,33.56091407424209,33.66298292598436,33.78077566716577,33.91431091261057,34.06361985877595,34.22875325211022,34.4097908261538,34.6068533821332,34.820117361366385,35.04983130129527,35.29633301516214,35.56006539211268,35.841582945221774,36.14151030698324,36.460359413645286
1745.0,33.28362188920265,33.2914708772323,33.3150181160538,33.35426445418281,33.40921141682281,33.47986148032466,33.56621867730913,33.668289763919574,33.78608625564884,33.91962770797162,34.068946665441715,34.23409570292496,34.415156901697685,34.61225390972806,34.82556640980082,35.05534636812593,35.30193482839004,35.565776304300925,35.84741858126584,36.14745479132732,36.46634074815944
1746.0,33.288923274906416,33.296772324854885,33.32031975437574,33.359566432658816,33.41451393919275,33.485164868920826,33.57152348193729,33.673596929763725,33.79139736369501,33.924945297503136,34.074274639379894,34.23943980211659,34.42052521339126,34.6176573509354,34.8310191024212,35.06086579223944,35.30754144185194,35.57149101119032,35.85325265495344,36.1533877756141,36.47230552692851
1747.0,33.29422470253208,33.30207381552281,33.325621440304005,33.36486847035955,33.41981654567155,33.490468388774005,33.57682849915157,33.67890443837496,33.796709010229485,33.9302637039051,34.079603806024814,34.24478557589472,34.42589578527459,34.623063723838456,34.8364754447708,35.06638953392998,35.31315260918575,35.577208750813966,35.85908431455941,36.159310012615784,36.47825578469487
1748.0,33.29952617285922,33.30737535028596,33.33092317570411,33.370170570543166,33.42511924152644,33.49577204781229,33.58213374016621,33.68421230473488,33.802021214200025,33.93558294975627,34.08493419051697,34.25013304995607,34.431268640683705,34.628473045253756,34.84193543647784,35.07191752518096,35.31876802843539,35.5829288277681,35.864913003208876,36.16522221649327,36.48419308792008
1749.0,33.304827686851354,33.31267693038099,33.33622496262931,33.375472736662275,33.43042203223464,33.50107585417275,33.587439216372886,33.68952054395407,33.80733399458265,33.9409030575166,34.09026581767896,34.255482249490825,34.436643802185,34.63388533003781,34.84739906818989,35.07744966848858,35.32438736706224,35.588650633843166,35.87073836399272,36.171125041460385,36.49011868653542
1750.0,33.31012924566297,33.31797855722292,33.34152680332989,33.38077497237891,33.43572492348044,33.50637981619304,33.59274493934666,33.69482917126417,33.81264737035406,33.94622404950654,34.095598712020774,34.26083319916648,34.44202129140342,34.63930059002325,34.852866319134364,35.08298583988693,35.33001028275779,35.59437364923636,35.87656017492441,36.17701907900314,36.49603360751659
1751.0,33.31543085061514,33.323280232415314,33.34682870023901,33.38607728155296,33.441027921152475,33.51168394240267,33.59805092082563,33.70013820199543,33.817961360514644,33.951545947912464,34.10093289773277,34.26618592308343,34.44740112872396,34.64471883292115,34.85833715587162,35.08852589427423,35.335636437839185,35.60009743465609,35.8823783067752,36.182904862610265,36.50193871220051
1752.0,33.32073250322079,33.32858195775764,33.35213065599676,33.391379668237185,33.44633103134214,33.51698824153526,33.60335717270327,33.70544765158401,33.82327598404586,33.95686877475958,34.106268398660156,34.2715404446968,34.45278333289878,34.65014006129151,34.863811532198284,35.09406967120023,35.34126550819763,35.60582162124583,35.888192694907374,36.18878287366569,36.50783473519314
1753.0,33.32603420519746,33.33388373522993,33.35743267343027,33.39668213669147,33.451634260342104,33.522292722501724,33.60866370704332,33.710757535554116,33.82859125991671,33.96219255191974,34.11160523829239,34.27689678669974,34.45816792059861,34.65556427180974,34.86928938993517,35.099617000253964,35.346897188407354,35.61154590039108,35.89400332011956,36.19465354766462,36.51372231125966
1754.0,33.33133595843469,33.339185567005124,33.362734755560716,33.401984691379354,33.45693761463816,33.527597394405845,33.61397053604286,33.71606786949933,33.83390720706929,33.967517301090766,34.11694343971302,34.282254970838316,34.46355490594152,34.66099145478965,34.874770660241175,35.105167705753125,35.35253119452719,35.61727001431781,35.89981019461093,36.20051727988227,36.519601995902526
1755.0,33.33663776500339,33.34448745544994,33.36803690560361,33.407287336950574,33.462241100921574,33.53290226653099,33.61927767205175,33.72137866909304,33.839223844415805,33.972843043772954,34.12228302554917,34.287615017727454,34.46894430009751,34.66642159404636,34.88025526522055,35.110721610567005,35.358167264883896,35.62299374787277,35.90561335269605,36.2063744303844,36.52547427992673
1756.0,33.34193962718649,33.34978940312066,33.37333912697719,33.412590078259505,33.467544726067125,33.538207348323795,33.6245851275512,33.72668995007939,33.84454119081635,33.97816980125494,34.12762401788517,34.29297694663855,34.47433611096571,34.67185466703724,34.885743119687845,35.116278538988404,35.363805159650454,35.6287169216531,35.911412844435645,36.21222532834148,36.53133960021454
1757.0,33.34724154745266,33.35509141276801,33.37864142328779,33.417892920357566,33.47284849713988,33.543512649412186,33.6298929151427,33.732001728249465,33.84985926507652,33.983497594583056,34.132966438176325,34.29834077529396,34.47973034293642,34.67729064520049,34.89123413284619,35.12183831883532,35.36944465989692,35.63443938628653,35.917208730866506,36.21807027567729,36.53719834836847
1758.0,33.35254352845563,33.36039348733254,33.38394379833868,33.42319586849018,33.478152421400154,33.54881817959215,33.63520104755523,33.73731401943725,33.85517808592132,33.988826444511936,34.138310307157504,34.30370651966658,34.48512699677472,34.68272949442432,34.89672820978898,35.1274007829963,35.37508556642436,35.6401610176505,35.92300108036191,36.223909550218124,36.54305087777063
1759.0,33.35784557304342,33.36569562995207,33.38924625612983,33.42849892809242,33.48345650628965,33.55412394880933,33.64050953763131,33.74262683951617,33.86049767198189,33.99415637147795,34.1436556447196,34.30907419381034,34.49052606957176,34.68817117560761,34.9022252528725,35.13296577054249,35.380727698382884,35.64588171277456,35.92878996596403,36.22974340845944,36.54889750925099
1760.0,33.36314768425701,33.370997843962186,33.39454880085777,33.43380210479613,33.4887607594278,33.55942996716605,33.64581839832191,33.74794020438159,33.86581804178093,33.99948739552231,34.14900246980404,34.31444380972493,34.495927554803096,34.69361564525952,34.90772516291798,35.13853312741333,35.3863708917545,35.65160138647082,35.93457546361375,36.23557208791119,36.55473853544258
1761.0,33.368449865337666,33.37630013288664,33.39985143690675,33.439105404422364,33.494065188614364,33.56473624492808,33.651127642674794,33.753254129943954,33.87113921369455,34.00481953625904,34.154350800301614,34.31981537726506,34.50133144244151,34.699062856130304,34.91322784022318,35.144102706758254,35.392014997838764,35.65731996863705,35.94035765088619,36.24139580907697,36.56057422427958
1762.0,33.37375211972738,33.381602500439,33.405154168857415,33.444408832976656,33.499369801824606,33.57004279249593,33.65643728383329,33.7585686321123,33.8764612059353,34.010152812788256,34.159700652948715,34.32518890407295,34.50673771914576,34.70451275782641,34.91873318536818,35.14967436906329,35.39765988189762,35.663037402005145,35.94613660599129,36.2472147771595,36.56640482202459
1763.0,33.37905445104785,33.386904950535374,33.410457001484396,33.44971239665657,33.504674607199725,33.57534962040875,33.66174733501981,33.763883726775525,33.88178403651013,34.015487243649694,34.16505204325887,34.330564395562156,34.512146368454395,34.709965297374715,34.92424109988602,35.15524798216869,35.40330542189934,35.66875364019718,35.95191240696623,36.25302918358181,36.57223055590301
1764.0,33.384356863109296,33.39220748728688,33.415759939755134,33.45501610184124,33.509979613054654,33.580656739343695,33.66705780952641,33.76919942978474,33.88710772317789,34.02082284676218,34.17040498543547,34.33594185490976,34.5175573710298,34.71542041975374,34.92975148682608,35.16082342116702,35.40895150733598,35.6744686460744,35.95768513109142,36.258839207330055,36.5780516362931
1765.0,33.3896593599268,33.39751011499333,33.421062988819905,33.46031995509218,33.515284827862494,33.58596416010199,33.67236872070872,33.774515756944965,33.892432283430836,34.02615963935848,34.175759492333086,34.341321283105884,34.522970704906186,34.72087806836763,34.93526425113728,35.166400568213085,35.414598038148,35.68018239040124,35.96345485453089,36.26464501608026,36.583868258485964
1766.0,33.394961945712076,33.402812838146346,33.42636615402036,33.46562396314782,33.52059026026014,33.59127189360843,33.67768008197706,33.77983272398073,33.89775773444627,34.03149763793121,34.18111557539894,34.34670267899278,34.52838634573674,34.72633818551276,34.94077930008193,35.1719793123153,35.420244923672044,35.685894850555954,35.9692216519601,36.27044676731584,36.58968060443834
1767.0,33.400264624872925,33.408115661428624,33.43166944089058,33.470928132921856,33.525895919040686,33.59657995090152,33.682991906785944,33.78515034650962,33.90308409305133,34.03683685817793,34.18647324465326,34.35208603935567,34.533804267059665,34.73180071276382,34.94629654343875,35.17755954900305,35.42589208174537,35.6916060096715,35.97498559647243,36.276244609157665,36.595488843951415
1768.0,33.40556740199776,33.41341858971504,33.436972855145434,33.47623247150682,33.531201813138026,33.601888343128266,33.68830420860152,33.790468640030866,33.90841137567975,34.04217731496578,34.191832508684605,34.357471359009324,34.539224440561206,34.73726559130517,34.95181589364707,35.1831411800076,35.43153943793311,35.69731585586247,35.98074675944285,36.282038681115814,36.60129313581626
1769.0,33.41087028186147,33.41872162806419,33.442276402683156,33.48153698616785,33.53650795163998,33.607197081526635,33.693617000908745,33.795787619894234,33.91373959833171,34.047519022300555,34.197193374655896,34.362858630915866,34.544646836302796,34.7427327622261,34.95733726595104,35.188724112955995,35.437186924799576,35.70302438148453,35.986505210416865,36.287829114833116,36.607093628878935
1770.0,33.41617326943165,33.424024781728846,33.44758008958303,33.486841684335175,33.541814343772586,33.61250617742608,33.69893029718635,33.80110730127742,33.91906877654702,34.052861993285354,34.20255584830584,34.36824784628207,34.55007142296466,34.74820216679719,34.962860578473105,35.19430826106054,35.44283448122532,35.708731582500626,35.992261017043255,36.293616034733766,36.61289046298154
1771.0,33.42147636987526,33.429328056153096,33.452883922105194,33.49214657359802,33.54712099889673,33.61781564223777,33.70424411089327,33.80642769915899,33.9243989253751,34.05820624009859,34.20791993397745,34.37363899468332,34.55549816805415,34.75367374667105,34.9683857522268,35.199893542810976,35.44848205185276,35.7144374579937,35.99801424505235,36.2993995585702,36.61868376972593
1772.0,33.42677958854315,33.43463145695406,33.458187906692245,33.49745166171105,33.55242792650046,33.6231254874385,33.709558455444466,33.811748828289026,33.92973005933815,34.063551773984315,34.21328563465862,34.379032064183214,34.56092703808749,34.75914744406907,34.97391271114216,35.20547988167313,35.45412958653406,35.72014200971449,36.00376495827103,36.30517979794303,36.624473673181804
1773.0,33.43208293096849,33.439934989940326,33.463492049954574,33.50275695658462,33.55773513619294,33.62843572456564,33.71487334420046,33.81707070316839,33.935062192410065,34.068898605241316,34.218652952021905,34.38442704144397,34.56635799879153,34.76462320193254,34.97944138203182,35.211067205799765,35.45977703986238,35.72584524172779,36.00951321862582,36.310956858729014,36.63026029045285
1774.0,33.437386402869095,33.44523866109772,33.46879635867799,33.50806246628345,33.563042637698764,33.63374636520304,33.72018879044669,33.82239333802148,33.94039533798608,34.07424674320753,34.22402188645304,34.38982391185024,34.57179101528863,34.770100964116665,34.98497169460915,35.21665544773127,35.46542437063925,35.73154715994238,36.01525908614261,36.31673084161434,36.63604373243542
1775.0,33.442690010138136,33.45054247659694,33.47410083981381,33.5133681990209,33.568350440853145,33.639057420966786,33.72550480737963,33.82771674677764,33.945729508866876,34.079596196279496,34.22939243711818,34.39522265963349,34.577226052235154,34.775580675432906,34.99050358136061,35.22224454412537,35.47107154161961,35.737247772021604,36.02100261904872,36.32250184231869,36.64182410407574
1776.0,33.447993758857535,33.45584644277959,33.479405500482976,33.51867416314853,33.573658555587684,33.6443689034959,33.73082140808752,33.83304094305169,33.95106471724547,34.08494697191358,34.23476460201881,34.4006232679718,34.582663073954805,34.78106228173604,34.996036977503216,35.22783443551876,35.476718519117874,35.74294708706222,36.02674387377324,36.328269951988034,36.64760150488709
1777.0,33.453297655286825,33.461150566162765,33.48471034796888,33.52398036715522,33.57896699192705,33.64968082443883,33.736138605533306,33.838365940118756,33.95640097468321,34.090299076627716,34.24013837803759,34.4060257191132,34.588102044607005,34.7865457300538,35.00157182093493,35.233425066041704,35.48236527260812,35.7486451153133,36.03248290499689,36.33403525757348,36.65337602945909
1778.0,33.45860170585794,33.46645485343458,33.49001538971042,33.529286819664385,33.584275759976094,33.6549931954401,33.74145641252904,33.843691750890976,33.96173829211558,34.09565251604163,34.245513761023574,34.41142999446459,34.593542928222305,34.79203096854195,35.007108052098815,35.23901638326654,35.48801177462173,35.7543418681611,36.038219765719404,36.33979784196134,36.659147767591655
1779.0,33.46390591717825,33.47175931145366,33.495320633302676,33.534593529424214,33.5895848699143,33.66030602813044,33.746774841726484,33.84901838790843,33.967076679832275,34.1010072948734,34.25089074582723,34.416836074701806,34.59898568887765,34.797517946611755,35.012645613951584,35.24460833792806,35.4936580003118,35.76003735780397,36.04395450729116,36.34555778437414,36.66491680484081
1780.0,33.46921029602305,33.47706394724813,33.500626086490016,33.53990050530447,33.59489433198535,33.66561933411434,33.75209390559625,33.85434586332283,33.972416147482384,34.106363416975206,34.25626932637158,34.422243939852876,34.60443029074602,34.8030066149102,35.018184451854566,35.25020088376814,35.49930392730991,35.7657315971935,36.04968717947333,36.351315160529374,36.670683222707495
1781.0,33.4745148493357,33.48236876800194,33.505931757164575,33.54520775628714,33.60020415648725,33.67093312494548,33.757413616418155,33.8596741888838,33.97775670407683,34.111720885357705,34.26164949570786,34.42765356937729,34.60987669817449,34.8084969253394,35.02372451349168,35.25579397733474,35.504949535509354,35.7714245999047,36.05541783048829,36.35707004286504,36.67644709890504
1782.0,33.479819584222554,33.48767378105918,33.51123765335897,33.55051529146103,33.60551435376339,33.67624741212267,33.762733986262354,33.86500337592686,33.98309835798001,34.11707970220961,34.26703124607548,34.43306494226588,34.61532487578305,34.813988831099195,35.029265748787886,35.26138757778532,35.51059480681188,35.777116379981834,36.06114650707135,36.36282250078605,36.68220850769003
1783.0,33.48512450794965,33.49297899391493,33.516543783239264,33.55582312001017,33.61082493419095,33.68156220707256,33.768055026981834,33.870333435373574,33.98844111692292,34.12243986893648,34.27241456896121,34.438478037099735,34.62077478848663,34.8194822866538,35.034808109812104,35.266981646759625,35.516239725038226,35.78280695192537,36.06687325453206,36.36857260076941,36.6879675199806
1784.0,33.490429627940145,33.49828441421669,33.52185015510482,33.56113125121309,33.61613590817297,33.686877521140495,33.77337675019054,33.87566437770773,33.99378498800038,34.12780138617797,34.27779945515515,34.4438928321429,34.6262264016052,34.824977247773184,35.04035155070272,35.272576148164084,35.52188427564758,35.78849633049667,36.07259811679188,36.37432040665014,36.69372420370755
1785.0,33.495734951769286,33.50359004976377,33.52715677737862,33.56643969443294,33.62144728612535,33.69219336558793,33.778699167254544,33.88099621298325,33.99912997769723,34.13316425385535,34.28318589480683,34.44930930537376,34.631679680838815,34.83047367145698,35.04589602756962,35.27817104811612,35.52752844575647,35.79418453078895,36.078321136440415,36.38006597963477,36.699478623803984
1786.0,33.501040487160495,33.50889590849253,33.532463658604215,33.571748459108775,33.6267590784686,33.697509751563,33.78402228928232,33.88632895080802,34.00447609187376,34.13852847118677,34.28857387747881,34.45472743459136,34.63713459238728,34.835971515998466,35.05144149841788,35.28376631470664,35.533172223825524,35.79987156801965,36.0840423547868,36.38580937859375,36.70523084260327
1787.0,33.50634624197821,33.514201998472515,33.53777080743776,33.5770575547477,33.63207129561462,33.702826690096146,33.78934612711986,33.89166260035468,34.009823335800796,34.14389403673878,34.293963392190356,34.4601471974209,34.642591102897576,34.8414707408836,35.05698792305927,35.28936191799178,35.53881559973235,35.80555745762822,36.08976181190286,36.39155066002537,36.710980919763635
1788.0,33.51165222422692,33.519508327907786,33.543078232640795,33.582366990915155,33.6373839479602,33.70814419208964,33.79467069132998,33.89699717034444,34.0151717141563,34.149260948439334,34.299354427479805,34.46556857140802,34.648049179567934,34.84697130684682,35.06253526303819,35.29495782976283,35.544458564490455,35.811242215093074,36.095479546674,36.3972898783453,36.71672891263
1789.0,33.51695844204282,33.52481490512496,33.548385943069455,33.587676777221645,33.64269704587597,33.71346226830258,33.799995992193594,33.90233266906257,34.02052123105917,34.15462920362163,34.30474697143759,34.47099153401444,34.6535087900946,34.85247317579121,35.0680834815614,35.30055402353593,35.55010111029907,35.81692585599917,36.101195596837044,36.4030270858658,36.72247487619867
1790.0,33.522264903691074,33.53012173857037,33.55369394767659,33.59298692332514,33.6480105996955,33.71878092934904,33.805322039699725,33.90766910434921,34.02587189006392,34.15999879905409,34.3101410117606,34.476416062713334,34.65896990276097,34.85797631080135,35.073632543416814,35.30615047436988,35.555743230325774,35.822608395918394,36.106909999026264,36.40876233300632,36.72821886337349
1791.0,33.527571617559055,33.535428836801806,33.55900225550141,33.59829743891943,33.65332461970685,33.72410018569194,33.81064884354657,33.913006483616336,34.03122369419149,34.165369730975456,34.315536535780566,34.481842134987836,34.66443248640213,34.86348067609034,35.0791824149233,35.311747158834415,35.56138491870833,35.82828985043237,36.11262278880269,36.41449566832034,36.733960924987024
1792.0,33.532878592149636,33.54073620848477,33.564310875659096,33.60360833372352,33.65863911614279,33.729420047620295,33.81597641312739,33.91834481383367,34.03657664593835,34.170741995117325,34.320933530517955,34.48726972839229,34.669896510452354,34.86898623700026,35.084733063840694,35.317344054869885,35.5670261704212,35.833970235066396,36.11833400070808,36.420227138645735,36.739701109990925
1793.0,33.53818583607398,33.54604386238489,33.56961981733485,33.608919617477234,33.66395409917202,33.734740525248405,33.82130475753481,33.923684101543586,34.04193074729928,34.17611558673658,34.32633198270549,34.49269882056434,34.67536194493258,34.874492959961835,35.09028445932515,35.32294114174415,35.57266698124684,35.83964956529145,36.12404366828957,36.425956789150746,36.74543946550182
1794.0,33.543493358047485,33.55135180736178,33.57492908977789,33.61423129992264,33.66926957888972,33.74006162851178,33.826633885554834,33.929024352868055,34.04728599977759,34.18149050064364,34.33173187882948,34.49812938926113,34.68082876046152,34.880000812460544,35.09583657185496,35.32853839995582,35.57830734769531,35.84532785649605,36.12975182414599,36.43168466342921,36.75117603691399
1795.0,33.54880116688189,33.556660052362965,33.5802387022925,33.61954339079943,33.67458556530853,33.745383367155235,33.83196380566435,33.93436557351118,34.05264240440545,34.186866731230865,34.337133205163994,34.50356141238734,34.68629692826384,34.88550976301383,35.10138937317072,35.33413581115908,35.58394726694184,35.85100512396534,36.13545849996184,36.437410803582345,36.75691086799586
1796.0,33.554109271479916,33.56196860641698,33.58554866423169,33.62485589984322,33.679902068349634,33.75070575072458,33.83729452602471,33.93970776876014,34.05799996176184,34.19224427250737,34.3425359478152,34.50899486803953,34.69176642019153,34.891019781153595,35.106942836208624,35.33973335806054,35.58958673673058,35.85668138283892,36.141163726544235,36.44313525033034,36.7626440010182
1797.0,33.559417680824716,33.56727747862154,33.590858984987065,33.630168836774445,33.68521909783927,33.756028788576685,33.842626054497266,33.94505094351356,34.063358672002074,34.197623118116994,34.34794009271227,34.514429734461345,34.697237208656894,34.89653083737428,35.112496935093645,35.345331024471136,35.595225755467325,35.8623566481804,36.1468675338282,36.448858042944764,36.76837547665658
1798.0,33.56472640397919,33.572586678145484,33.59616967398461,33.63548221128459,33.69053666349141,33.76135248984727,33.84795839861523,33.95039510225725,34.06871853485495,34.20300326137899,34.353345625702744,34.51986599017093,34.7027092667375,34.90204290313011,35.11805164499559,35.3509287950497,35.600864321944094,35.86803093483794,36.152569950961755,36.454579219531254,36.77410533434989
1799.0,33.57003545007514,33.57789621420825,33.6014807406733,33.64079603303661,33.69585477491579,33.76667686347847,33.85329156561972,33.95574024911355,34.07407954965816,34.208384695287066,34.35875253248522,34.525303613843384,34.70818256804978,34.90755595077852,35.12360694219094,35.35652665548132,35.606502435549444,35.8737042575781,36.1582710062709,36.460298816843384,36.779833612054944
1800.0,33.575344828308396,33.583206096082364,33.60679219451986,33.646110311651334,33.70117344159713,33.772001918190306,33.85862556243166,33.961086387819165,34.07944171536869,34.21376741256225,34.364160798713954,34.53074258443275,34.713657086836015,34.91306995356929,35.12916280392281,35.362124592238445,35.612140096041735,35.87937663097239,36.163970727339866,36.466016870525145,36.78556034654053
