time_s,time_h,D_center_m2_s,D_half_radius_m2_s,D_surface_m2_s
0.0,0.0,5.641680373025664e-09,5.641680373025664e-09,5.641680373025664e-09
60.0,0.016666666666666666,5.64168038031862e-09,5.64171682883842e-09,5.560801630396106e-09
120.0,0.03333333333333333,5.641694894030432e-09,5.642667702937066e-09,5.548010959996241e-09
180.0,0.05,5.641958416892968e-09,5.6462470937145464e-09,5.548918740239543e-09
240.0,0.06666666666666667,5.64318026445497e-09,5.653350768971101e-09,5.554149514842471e-09
300.0,0.08333333333333333,5.64624916468124e-09,5.66383297587546e-09,5.574949615916254e-09
360.0,0.1,5.6517875735965785e-09,5.677984178497638e-09,5.599572761109055e-09
420.0,0.11666666666666667,5.660218676683236e-09,5.696274751390071e-09,5.628131298516756e-09
480.0,0.13333333333333333,5.6719755840009596e-09,5.7183806355616386e-09,5.65518809910159e-09
540.0,0.15,5.687284693535949e-09,5.743820313936156e-09,5.690130139085871e-09
600.0,0.16666666666666666,5.706128114527036e-09,5.772396790281844e-09,5.728743309828504e-09
660.0,0.18333333333333332,5.7283702597508065e-09,5.804386408545566e-09,5.775616691873743e-09
720.0,0.2,5.7539876077827835e-09,5.83999919007516e-09,5.82173608069225e-09
780.0,0.21666666666666667,5.783045560712182e-09,5.879218382584889e-09,5.871566057403632e-09
840.0,0.23333333333333334,5.815621588556011e-09,5.921667963336716e-09,5.920037012035899e-09
900.0,0.25,5.8516544581947335e-09,5.9670513896514614e-09,5.969000736534558e-09
960.0,0.26666666666666666,5.890994540747196e-09,6.014891191139098e-09,6.025060967684567e-09
1020.0,0.2833333333333333,5.93338771924507e-09,6.065316044750028e-09,6.07797151730297e-09
1080.0,0.3,5.978648475719008e-09,6.1182749087577984e-09,6.141892082500339e-09
1140.0,0.31666666666666665,6.0266847109762595e-09,6.173880104460928e-09,6.204888116856908e-09
1200.0,0.3333333333333333,6.077444062097438e-09,6.232466855966745e-09,6.269615922245396e-09
1260.0,0.35,6.131019987076709e-09,6.293629597687789e-09,6.330857906584532e-09
1320.0,0.36666666666666664,6.187395456354066e-09,6.356957615653814e-09,6.401648219454709e-09
1380.0,0.38333333333333336,6.2464198146138065e-09,6.422508226824054e-09,6.4723530147706424e-09
1440.0,0.4,6.307948128549933e-09,6.49062328825598e-09,6.541269121588109e-09
1500.0,0.4166666666666667,6.372005330992486e-09,6.5607961582798765e-09,6.6038589460732236e-09
1560.0,0.43333333333333335,6.438511658643589e-09,6.632268030478825e-09,6.67299290748159e-09
1620.0,0.45,6.507171103236414e-09,6.704846050752676e-09,6.7386964717229946e-09
1680.0,0.4666666666666667,6.5776412459621195e-09,6.778633473500541e-09,6.8077126768804465e-09
1740.0,0.48333333333333334,6.6497338324197405e-09,6.853464957021212e-09,6.886111954425694e-09
1800.0,0.5,6.723292242785669e-09,6.930048214035581e-09,6.96453966037282e-09
1860.0,0.5166666666666667,6.79838396864782e-09,7.008760525243356e-09,7.044648082297151e-09
1920.0,0.5333333333333333,6.87524824618794e-09,7.089370316665505e-09,7.114240672858258e-09
1980.0,0.55,6.954009953858522e-09,7.171059411371433e-09,7.1857290652186495e-09
2040.0,0.5666666666666667,7.034524376868553e-09,7.2530968637979805e-09,7.26102727843729e-09
2100.0,0.5833333333333334,7.1163925885725835e-09,7.335832830137448e-09,7.332268304268121e-09
2160.0,0.6,7.199373258668648e-09,7.419152531886076e-09,7.403462009589775e-09
2220.0,0.6166666666666667,7.283336123928729e-09,7.502730678987724e-09,7.481685409194385e-09
2280.0,0.6333333333333333,7.368097696047886e-09,7.586986906366198e-09,7.555230988587033e-09
2340.0,0.65,7.453607443095669e-09,7.672002197359282e-09,7.635620279682516e-09
2400.0,0.6666666666666666,7.539924313661178e-09,7.757773083192598e-09,7.711106562355471e-09
2460.0,0.6833333333333333,7.627071444853282e-09,7.844360658309637e-09,7.792079805355111e-09
2520.0,0.7,7.715102610117677e-09,7.931632570587045e-09,7.8694454134258e-09
2580.0,0.7166666666666667,7.804000054770864e-09,8.019614339526059e-09,7.93835037588263e-09
2640.0,0.7333333333333333,7.893758247100288e-09,8.107394877031823e-09,8.01760128092781e-09
2700.0,0.75,7.984139594068662e-09,8.19514192999681e-09,8.095534482091789e-09
2760.0,0.7666666666666667,8.07490523933412e-09,8.283448826141173e-09,8.163350139902136e-09
2820.0,0.7833333333333333,8.166100286793434e-09,8.37141747243519e-09,8.230054980552761e-09
2880.0,0.8,8.257588978722056e-09,8.458381810116945e-09,8.305740431059575e-09
2940.0,0.8166666666666667,8.348994242701967e-09,8.544993838454184e-09,8.369867789026474e-09
3000.0,0.8333333333333334,8.440157887080501e-09,8.631109383197321e-09,8.435089895356123e-09
3060.0,0.85,8.531049672914176e-09,8.71604831476375e-09,8.498100576878854e-09
3120.0,0.8666666666666667,8.621424678220584e-09,8.799986222820507e-09,8.576716377240172e-09
3180.0,0.8833333333333333,8.711114873253672e-09,8.883930301191108e-09,8.6498635526398e-09
3240.0,0.9,8.800269478008713e-09,8.96854775545584e-09,8.719572042982193e-09
3300.0,0.9166666666666666,8.889314659487341e-09,9.05303858087419e-09,8.789254927012194e-09
3360.0,0.9333333333333333,8.978364927541137e-09,9.137169401656982e-09,8.85043537212198e-09
3420.0,0.95,9.067329495749337e-09,9.220369328394961e-09,8.913651729333566e-09
3480.0,0.9666666666666667,9.155979796667317e-09,9.302294165844062e-09,8.968008136256483e-09
3540.0,0.9833333333333333,9.243988531894519e-09,9.38266374071549e-09,9.022625604542666e-09
3600.0,1.0,9.33105608226813e-09,9.461131477234023e-09,9.090488003352287e-09
3660.0,1.0166666666666666,9.416853749666009e-09,9.53893722826312e-09,9.15128352963298e-09
3720.0,1.0333333333333334,9.501453434290905e-09,9.616536087344913e-09,9.211107803078434e-09
3780.0,1.05,9.58520058220265e-09,9.693338117003164e-09,9.274033663647765e-09
3840.0,1.0666666666666667,9.668186163419106e-09,9.769602397821413e-09,9.331338250375774e-09
3900.0,1.0833333333333333,9.750463737451765e-09,9.845152236514234e-09,9.384922065574885e-09
3960.0,1.1,9.832056435090591e-09,9.919404973053954e-09,9.438155850997533e-09
4020.0,1.1166666666666667,9.912790933184048e-09,9.99224822924534e-09,9.484940594483903e-09
4080.0,1.1333333333333333,9.992453278718817e-09,1.006335829581051e-08,9.525876270374085e-09
4140.0,1.15,1.0070814735540725e-08,1.0132142784432397e-08,9.577975826075453e-09
4200.0,1.1666666666666667,1.0147534192324336e-08,1.0199344472653118e-08,9.623997292869685e-09
4260.0,1.1833333333333333,1.022250588463588e-08,1.0265520219378464e-08,9.672690320111863e-09
4320.0,1.2,1.0295938203731433e-08,1.0330549892491302e-08,9.730456474534171e-09
4380.0,1.2166666666666666,1.0367973347575053e-08,1.039539614842e-08,9.76924797431085e-09
4440.0,1.2333333333333334,1.0438938954359493e-08,1.0459210715649862e-08,9.802972737550238e-09
4500.0,1.25,1.050895626920999e-08,1.0520418819923636e-08,9.844836300234505e-09
4560.0,1.2666666666666666,1.0577534993886268e-08,1.05797346865e-08,9.88656697266949e-09
4620.0,1.2833333333333334,1.0644373995317585e-08,1.0637990726615182e-08,9.934984260305646e-09
4680.0,1.3,1.0709617592975936e-08,1.069576687949076e-08,9.977487733296386e-09
4740.0,1.3166666666666667,1.0773596323202398e-08,1.0753138535045475e-08,1.002222236638165e-08
4800.0,1.3333333333333333,1.0836630351260031e-08,1.0809820615286289e-08,1.00614824875515e-08
4860.0,1.35,1.0898822660993834e-08,1.0865629625198538e-08,1.0092274857225713e-08
4920.0,1.3666666666666667,1.0960165542252718e-08,1.091966046115739e-08,1.013346587347801e-08
4980.0,1.3833333333333333,1.1020382566820024e-08,1.0972332332560255e-08,1.0157098191894265e-08
5040.0,1.4,1.1079277008411805e-08,1.1023227695264456e-08,1.0177531126329589e-08
5100.0,1.4166666666666667,1.1136711007811261e-08,1.1071086512810774e-08,1.0203340154246451e-08
5160.0,1.4333333333333333,1.1192161735792582e-08,1.1116718804051566e-08,1.024539361761947e-08
5220.0,1.45,1.1245398869502341e-08,1.116201309343146e-08,1.0276580341294825e-08
5280.0,1.4666666666666666,1.1296884486020184e-08,1.1207223423006916e-08,1.02966410046981e-08
5340.0,1.4833333333333334,1.1347238408209518e-08,1.125065094338428e-08,1.0326640817296395e-08
5400.0,1.5,1.1396381799895978e-08,1.1292557088211826e-08,1.0346926601858451e-08
5460.0,1.5166666666666666,1.1444109415319224e-08,1.1333165779062619e-08,1.0380229046418207e-08
5520.0,1.5333333333333334,1.1490434431502851e-08,1.1372903104744591e-08,1.0405006063157628e-08
5580.0,1.55,1.1535458518953854e-08,1.1412174096233169e-08,1.0425270158688525e-08
5640.0,1.5666666666666667,1.1579458730013572e-08,1.144996450112168e-08,1.0443802127279267e-08
5700.0,1.5833333333333333,1.1622337798559518e-08,1.1486134758373675e-08,1.0470778275074895e-08
5760.0,1.6,1.1663888517525767e-08,1.1521421369982353e-08,1.0488744094442202e-08
5820.0,1.6166666666666667,1.1704156079725944e-08,1.1555797124634454e-08,1.0498282407943344e-08
5880.0,1.6333333333333333,1.1743275012711552e-08,1.1588034959685403e-08,1.0510865038861919e-08
5940.0,1.65,1.1780962438490065e-08,1.161825579947505e-08,1.0546338873256893e-08
6000.0,1.6666666666666667,1.181694049119065e-08,1.1648805728627536e-08,1.057485444619592e-08
6060.0,1.6833333333333333,1.1851700116079597e-08,1.1680596438442793e-08,1.0591465250838282e-08
6120.0,1.7,1.1886124691630644e-08,1.1711766220617666e-08,1.0595777050655773e-08
6180.0,1.7166666666666666,1.1920299144824116e-08,1.1740705805916343e-08,1.0621033708579873e-08
6240.0,1.7333333333333334,1.1953611845431387e-08,1.1768586135917055e-08,1.0639321049518246e-08
6300.0,1.75,1.1985786055466229e-08,1.1796528925229333e-08,1.0652072682592672e-08
6360.0,1.7666666666666666,1.2017174701998704e-08,1.1823404220436337e-08,1.0657587561974134e-08
6420.0,1.7833333333333334,1.2047764152604284e-08,1.1848448841643419e-08,1.0659820569549445e-08
6480.0,1.8,1.2077205245708939e-08,1.187114401524706e-08,1.0659912622780069e-08
6540.0,1.8166666666666667,1.2105036041063489e-08,1.1891594826134933e-08,1.0683609937405322e-08
6600.0,1.8333333333333333,1.2130966547079248e-08,1.1911880074389543e-08,1.0691772567080039e-08
6660.0,1.85,1.2155394995002652e-08,1.1932368974068458e-08,1.0690139499743733e-08
6720.0,1.8666666666666667,1.2178980672916016e-08,1.1950956551568401e-08,1.0694166876823867e-08
6780.0,1.8833333333333333,1.2201511699468274e-08,1.1967854433255999e-08,1.0706430666185073e-08
6840.0,1.9,1.2222677539021353e-08,1.1984357056089942e-08,1.0705627714537854e-08
6900.0,1.9166666666666667,1.2242688628854668e-08,1.2000063691062402e-08,1.0722892765656685e-08
6960.0,1.9333333333333333,1.2261747247944447e-08,1.2015596643393629e-08,1.0734972705705339e-08
7020.0,1.95,1.2280051126640683e-08,1.2031877185568418e-08,1.0741435924654906e-08
7080.0,1.9666666666666666,1.229811981321528e-08,1.2047742805065803e-08,1.0739353015714641e-08
7140.0,1.9833333333333334,1.231599594548528e-08,1.2062228042705066e-08,1.0743651511031075e-08
7200.0,2.0,1.2333302148525117e-08,1.2075475449630173e-08,1.0746919329298293e-08
7260.0,2.0166666666666666,1.23497165411052e-08,1.2088116615343287e-08,1.0750747388096999e-08
7320.0,2.033333333333333,1.2365274102697902e-08,1.2100097472435447e-08,1.0738633430816194e-08
7380.0,2.05,1.2380030486905409e-08,1.2110277082098625e-08,1.073820993646751e-08
7440.0,2.066666666666667,1.23937103104205e-08,1.2118731219564482e-08,1.072930655908233e-08
7500.0,2.0833333333333335,1.2405983144487661e-08,1.2126011465989805e-08,1.0733371315521627e-08
7560.0,2.1,1.2416889525165341e-08,1.2132672184427369e-08,1.0732368793422268e-08
7620.0,2.1166666666666667,1.2426627616178248e-08,1.2139346264253173e-08,1.0724359153922722e-08
7680.0,2.1333333333333333,1.2435614217185603e-08,1.2144930657391674e-08,1.0716791981527653e-08
7740.0,2.15,1.2443820827182741e-08,1.2149251043179656e-08,1.0723647087686742e-08
7800.0,2.1666666666666665,1.245105897970084e-08,1.2153731263448164e-08,1.0716491509588571e-08
7860.0,2.183333333333333,1.2457599847801502e-08,1.2158251244554267e-08,1.072855213514408e-08
7920.0,2.2,1.2463795359934967e-08,1.2163298909240021e-08,1.0728164256718447e-08
7980.0,2.216666666666667,1.2469908691964257e-08,1.2169139142542479e-08,1.0717966799952612e-08
8040.0,2.2333333333333334,1.2476301079649584e-08,1.2173758214125065e-08,1.0716532147058835e-08
8100.0,2.25,1.2482572929722968e-08,1.2177471588833368e-08,1.0699710155574675e-08
8160.0,2.2666666666666666,1.2488329687632847e-08,1.2179874138498885e-08,1.0710146946604784e-08
8220.0,2.283333333333333,1.2493316402012765e-08,1.2182337815776754e-08,1.07051955688634e-08
8280.0,2.3,1.2497662153567017e-08,1.2185618691823225e-08,1.070511778497151e-08
8340.0,2.316666666666667,1.2501934310683975e-08,1.2188566819572554e-08,1.0685718558175338e-08
8400.0,2.3333333333333335,1.2506111681397125e-08,1.2190106980760533e-08,1.0679640975050985e-08
8460.0,2.35,1.2509797832168206e-08,1.2190173478844033e-08,1.0675489126439761e-08
8520.0,2.3666666666666667,1.251254556698965e-08,1.219036556350998e-08,1.0681344120972668e-08
8580.0,2.3833333333333333,1.2514635184532928e-08,1.21914878046067e-08,1.0673564780119156e-08
8640.0,2.4,1.251661771543513e-08,1.2192893942281896e-08,1.0661677802338059e-08
8700.0,2.4166666666666665,1.2518750923227696e-08,1.2193061399342109e-08,1.0646256988031786e-08
8760.0,2.433333333333333,1.252060475759699e-08,1.219171529272367e-08,1.0634816853584765e-08
8820.0,2.45,1.2521687472159775e-08,1.2189246616130763e-08,1.0629722513857733e-08
8880.0,2.466666666666667,1.2521792095556744e-08,1.2186728202677183e-08,1.0621163513814223e-08
8940.0,2.4833333333333334,1.25211757388287e-08,1.2184210764301981e-08,1.0600290495740906e-08
9000.0,2.5,1.25201282483384e-08,1.2180422898829417e-08,1.0606857718956213e-08
9060.0,2.5166666666666666,1.2518460134993971e-08,1.2177180432517894e-08,1.0612187041654001e-08
9120.0,2.533333333333333,1.251642589814508e-08,1.2176189942237697e-08,1.0590075706004577e-08
9180.0,2.55,1.251495564254347e-08,1.2174337124460194e-08,1.0581664846800406e-08
9240.0,2.566666666666667,1.2513823703824291e-08,1.2171035690453464e-08,1.0563069902085867e-08
9300.0,2.5833333333333335,1.251229294547374e-08,1.2166861052472316e-08,1.0560658402326073e-08
9360.0,2.6,1.2510131814640546e-08,1.2162505598484025e-08,1.0546643888927942e-08
9420.0,2.6166666666666667,1.2507408591705326e-08,1.2158294440807253e-08,1.0541794067172953e-08
9480.0,2.6333333333333333,1.2504421125670312e-08,1.2154046409767273e-08,1.0538045096332542e-08
9540.0,2.65,1.2501264074824125e-08,1.2150643057639723e-08,1.0532245444389576e-08
9600.0,2.6666666666666665,1.2498286720780219e-08,1.2147612063445307e-08,1.0506836337041871e-08
9660.0,2.683333333333333,1.2495609421571234e-08,1.2143090504558141e-08,1.0506742704886993e-08
9720.0,2.7,1.2492711782059729e-08,1.2138144751143984e-08,1.0487068572485321e-08
9780.0,2.716666666666667,1.2489328920978823e-08,1.2133010668979693e-08,1.0461856696642999e-08
9840.0,2.7333333333333334,1.2485594336857365e-08,1.2125663998336693e-08,1.045586197356674e-08
9900.0,2.75,1.2480920583575608e-08,1.2118038658378864e-08,1.0443760549086784e-08
9960.0,2.7666666666666666,1.2475349313724688e-08,1.2111054819891298e-08,1.0442198696469008e-08
10020.0,2.783333333333333,1.2469467121025142e-08,1.2104982038487783e-08,1.043732666163305e-08
10080.0,2.8,1.2463751471277803e-08,1.2100093443519199e-08,1.0415699514785469e-08
10140.0,2.816666666666667,1.245861796373389e-08,1.209436107717699e-08,1.0413419499793116e-08
10200.0,2.8333333333333335,1.2453707883585884e-08,1.2088469760165891e-08,1.0392031500509957e-08
10260.0,2.85,1.2448737156940323e-08,1.2082225006433539e-08,1.037700072613262e-08
10320.0,2.8666666666666667,1.2443642617545324e-08,1.2074709964955953e-08,1.0357413593280594e-08
10380.0,2.8833333333333333,1.2437991511999755e-08,1.2066488141380973e-08,1.0357082252330004e-08
10440.0,2.9,1.2431686848471043e-08,1.205893294139732e-08,1.0333117084717347e-08
10500.0,2.9166666666666665,1.2425099162536109e-08,1.2051153420716726e-08,1.030640593333101e-08
10560.0,2.933333333333333,1.241838369409453e-08,1.2041107539486836e-08,1.0295802363408952e-08
10620.0,2.95,1.2410821111652151e-08,1.2030823665177306e-08,1.0299576339176265e-08
10680.0,2.966666666666667,1.2402455991021744e-08,1.2022800716838407e-08,1.0294584982806875e-08
10740.0,2.9833333333333334,1.2394341036163218e-08,1.2016698407659129e-08,1.028129377011823e-08
10800.0,3.0,1.2387259084460375e-08,1.2010662214146743e-08,1.0271725076097155e-08
10860.0,3.0166666666666666,1.2381006506413693e-08,1.2004517839530923e-08,1.0261658878746362e-08
10920.0,3.033333333333333,1.2375198717937253e-08,1.1998502850647376e-08,1.0240143492479834e-08
10980.0,3.05,1.236967208274401e-08,1.1991422280668103e-08,1.0215257124789281e-08
11040.0,3.066666666666667,1.2363971913658279e-08,1.1982420259142685e-08,1.0206674413636531e-08
11100.0,3.0833333333333335,1.2357431936135906e-08,1.197323146531312e-08,1.019421264365803e-08
11160.0,3.1,1.2350125168069361e-08,1.1964669827441276e-08,1.0172024844620446e-08
11220.0,3.1166666666666667,1.2342574317900359e-08,1.195522884758744e-08,1.014433831050335e-08
11280.0,3.1333333333333333,1.2334652784273713e-08,1.1943996129009273e-08,1.0138359592888847e-08
11340.0,3.15,1.2325851067836332e-08,1.1932959190517804e-08,1.0117782075881892e-08
11400.0,3.1666666666666665,1.2316384289918542e-08,1.1922380590469334e-08,1.0114447345792427e-08
11460.0,3.183333333333333,1.2306763913027598e-08,1.1912479432585493e-08,1.0090441094732906e-08
11520.0,3.2,1.2297278529410336e-08,1.1902518078908364e-08,1.0063431071489732e-08
11580.0,3.216666666666667,1.2287957090240144e-08,1.189063876407539e-08,1.006022188034287e-08
11640.0,3.2333333333333334,1.2278086908247428e-08,1.187940861765013e-08,1.00359731858676e-08
11700.0,3.25,1.2267881033121196e-08,1.1868368500778057e-08,1.0012284962301467e-08
11760.0,3.2666666666666666,1.225765323450827e-08,1.1855899300997667e-08,1.0003629319964764e-08
11820.0,3.283333333333333,1.2246946151612971e-08,1.1844023342785392e-08,1.0000242102765473e-08
11880.0,3.3,1.2236020832202073e-08,1.1834049961891577e-08,9.973903309819489e-09
11940.0,3.316666666666667,1.2225659292747395e-08,1.1823680238743113e-08,9.952264882822811e-09
12000.0,3.3333333333333335,1.2215711803105187e-08,1.1811833531046371e-08,9.946419271519673e-09
12060.0,3.35,1.2205455993331088e-08,1.1800913281125177e-08,9.942780740063182e-09
12120.0,3.3666666666666667,1.2195188122878648e-08,1.179195600389895e-08,9.921640377322531e-09
12180.0,3.3833333333333333,1.2185668793415511e-08,1.178287088209937e-08,9.891630399513616e-09
12240.0,3.4,1.2176740049914408e-08,1.177151791063551e-08,9.863329346001508e-09
12300.0,3.4166666666666665,1.2167355114844864e-08,1.175802686265001e-08,9.84510964196729e-09
12360.0,3.433333333333333,1.2156751436437699e-08,1.1743961223508622e-08,9.824958319096341e-09
12420.0,3.45,1.2145027845185174e-08,1.1730058584573595e-08,9.819148070157535e-09
12480.0,3.466666666666667,1.213269342848536e-08,1.1717400493786363e-08,9.795687366257007e-09
12540.0,3.4833333333333334,1.2120421641048218e-08,1.1705111543207055e-08,9.782155718548198e-09
12600.0,3.5,1.210848420146717e-08,1.1692708378556015e-08,9.774173032142264e-09
12660.0,3.5166666666666666,1.2096719743314936e-08,1.1681648414945864e-08,9.759659669190401e-09
12720.0,3.533333333333333,1.2085509180752475e-08,1.1671227811955106e-08,9.733602501695994e-09
12780.0,3.55,1.2074964349765468e-08,1.165980558799377e-08,9.726180135594563e-09
12840.0,3.566666666666667,1.2064546539202253e-08,1.164865560990108e-08,9.71510840271515e-09
12900.0,3.5833333333333335,1.2054167848409144e-08,1.1638818063865137e-08,9.701401127225024e-09
12960.0,3.6,1.2044313473393824e-08,1.1629224364600456e-08,9.670973968071544e-09
13020.0,3.6166666666666667,1.2034948033238799e-08,1.1618027827886822e-08,9.643981197457633e-09
13080.0,3.6333333333333333,1.2025345374174967e-08,1.1604807455267537e-08,9.642620031372651e-09
13140.0,3.65,1.2014760755852176e-08,1.1592870566032717e-08,9.623189189927222e-09
13200.0,3.6666666666666665,1.200382623952198e-08,1.1581935841504696e-08,9.599173916001096e-09
13260.0,3.683333333333333,1.1993202392471743e-08,1.1569848885911879e-08,9.583350054603542e-09
13320.0,3.7,1.1982449852656207e-08,1.1557545287879757e-08,9.571984127924105e-09
13380.0,3.716666666666667,1.1971437060359891e-08,1.1546156135920515e-08,9.566145692227533e-09
13440.0,3.7333333333333334,1.1960588779133413e-08,1.1536229053585974e-08,9.539103754142323e-09
13500.0,3.75,1.195040876897614e-08,1.1525792952466647e-08,9.530464980798686e-09
13560.0,3.7666666666666666,1.1940622902412919e-08,1.1515078620281705e-08,9.498037335002977e-09
13620.0,3.783333333333333,1.1930845210479126e-08,1.1503339997413712e-08,9.481711552958943e-09
13680.0,3.8,1.1920745374963727e-08,1.1490514189797423e-08,9.469712465716766e-09
13740.0,3.816666666666667,1.1909947819138452e-08,1.1478626154823324e-08,9.440990488144796e-09
13800.0,3.8333333333333335,1.1898973054313735e-08,1.146586350326742e-08,9.415683631118983e-09
13860.0,3.85,1.18876990590287e-08,1.1451586859027863e-08,9.401072339532587e-09
13920.0,3.8666666666666667,1.1875635189150383e-08,1.143768384668522e-08,9.399635856553832e-09
13980.0,3.8833333333333333,1.186312868536005e-08,1.1426109657124007e-08,9.383180370403605e-09
14040.0,3.9,1.1851214545328277e-08,1.1415786186970692e-08,9.373362978834573e-09
14100.0,3.9166666666666665,1.1840342549708293e-08,1.1405917557956979e-08,9.359094223087527e-09
14160.0,3.933333333333333,1.1830319053444826e-08,1.1396536094531797e-08,9.334431420650962e-09
14220.0,3.95,1.1820989195013704e-08,1.1386100560232229e-08,9.320327749793811e-09
14280.0,3.966666666666667,1.1811739447199347e-08,1.1375112461873049e-08,9.286559216571456e-09
14340.0,3.9833333333333334,1.1802188540362486e-08,1.1362501945829865e-08,9.25866549408758e-09
14400.0,4.0,1.1791867187706157e-08,1.1347786300558142e-08,9.254168601421343e-09
14460.0,4.016666666666667,1.1780213971578967e-08,1.1334193505048114e-08,9.233411731020085e-09
14520.0,4.033333333333333,1.176797865385604e-08,1.1321504537971046e-08,9.215731573988654e-09
14580.0,4.05,1.1755882761267887e-08,1.1308972805233747e-08,9.197824589563726e-09
14640.0,4.066666666666666,1.1744001482986858e-08,1.1296488308919013e-08,9.17977122194704e-09
14700.0,4.083333333333333,1.1732275255680279e-08,1.1284016533680441e-08,9.161618317300354e-09
14760.0,4.1,1.1720646062915438e-08,1.127154276015381e-08,9.143391939595087e-09
14820.0,4.116666666666666,1.1709072632106874e-08,1.125905948485441e-08,9.125107674145188e-09
14880.0,4.133333333333334,1.1697527778721849e-08,1.1246562487519657e-08,9.106775263399736e-09
14940.0,4.15,1.1685994096715098e-08,1.1234049302951462e-08,9.088400949401207e-09
15000.0,4.166666666666667,1.1674460586000015e-08,1.1221518495908599e-08,9.069988799251968e-09
15060.0,4.183333333333334,1.1662920356004903e-08,1.1208969259258752e-08,9.051541509509009e-09
15120.0,4.2,1.1651369134413852e-08,1.1196401176693022e-08,9.033060902631353e-09
15180.0,4.216666666666667,1.1639804300569306e-08,1.1183814074448632e-08,9.014548246782578e-09
15240.0,4.233333333333333,1.1628224278079347e-08,1.1171207929062084e-08,8.996004454279267e-09
15300.0,4.25,1.1616628152541076e-08,1.1158582810032239e-08,8.977430207659459e-09
15360.0,4.266666666666667,1.1605015420984343e-08,1.114593884238338e-08,8.958826042624126e-09
15420.0,4.283333333333333,1.1593385838691633e-08,1.1133276183936386e-08,8.940192399204311e-09
15480.0,4.3,1.1581739322992018e-08,1.1120595011141856e-08,8.921529654221202e-09
15540.0,4.316666666666666,1.15700758901313e-08,1.1107895509894767e-08,8.902838142849987e-09
15600.0,4.333333333333333,1.1558395616639387e-08,1.109517787002062e-08,8.884118172076186e-09
15660.0,4.35,1.1546698614993786e-08,1.1082442281962513e-08,8.865370029480542e-09
15720.0,4.366666666666666,1.1534985018315751e-08,1.1069688934408948e-08,8.846593988317382e-09
15780.0,4.383333333333334,1.1523254970488453e-08,1.1056918013685119e-08,8.827790312332918e-09
15840.0,4.4,1.1511508620650196e-08,1.1044129702641238e-08,8.808959257192935e-09
15900.0,4.416666666666667,1.1499746119339715e-08,1.1031324180453848e-08,8.790101072439861e-09
15960.0,4.433333333333334,1.1487967616229414e-08,1.1018501622456601e-08,8.771216002561753e-09
16020.0,4.45,1.1476173258904096e-08,1.1005662200222812e-08,8.752304287854805e-09
16080.0,4.466666666666667,1.1464363192152156e-08,1.0992806081598839e-08,8.733366164896244e-09
16140.0,4.483333333333333,1.1452537557579703e-08,1.0979933430828083e-08,8.714401866973352e-09
16200.0,4.5,1.1440696493457454e-08,1.0967044408692011e-08,8.695411624399217e-09
16260.0,4.516666666666667,1.1428840134733084e-08,1.095413917271165e-08,8.676395664827463e-09
16320.0,4.533333333333333,1.141696861288014e-08,1.0941217877058852e-08,8.65735421318421e-09
16380.0,4.55,1.1405082056394638e-08,1.0928280673171592e-08,8.638287492370495e-09
16440.0,4.566666666666666,1.1393180590594756e-08,1.0915327709528071e-08,8.619195722999312e-09
16500.0,4.583333333333333,1.1381264337859867e-08,1.0902359131914038e-08,8.600079123677643e-09
16560.0,4.6,1.136933341775566e-08,1.0889375083540624e-08,8.580937911111521e-09
16620.0,4.616666666666666,1.1357387947232061e-08,1.0876375705233572e-08,8.561772300285284e-09
16680.0,4.633333333333334,1.1345428040736795e-08,1.086336113553368e-08,8.54258250454463e-09
16740.0,4.65,1.1333453810362937e-08,1.0850331510829536e-08,8.523368735713478e-09
16800.0,4.666666666666667,1.1321465365985354e-08,1.0837286965478491e-08,8.504131204198046e-09
16860.0,4.683333333333334,1.1309462815418937e-08,1.082422763195713e-08,8.484870119127502e-09
16920.0,4.7,1.1297446264409474e-08,1.0811153640801631e-08,8.465585688248931e-09
16980.0,4.716666666666667,1.1285415817007414e-08,1.0798065121025721e-08,8.446278118379278e-09
17040.0,4.733333333333333,1.1273371575473458e-08,1.0784962199965925e-08,8.426947615197156e-09
17100.0,4.75,1.1261313640452004e-08,1.0771845003458099e-08,8.407594383418721e-09
17160.0,4.766666666666667,1.1249242111062976e-08,1.0758713655912523e-08,8.388218626855794e-09
17220.0,4.783333333333333,1.1237157085029747e-08,1.074556828043244e-08,8.368820548526595e-09
17280.0,4.8,1.1225058658755514e-08,1.0732408998878025e-08,8.3494003507054e-09
17340.0,4.816666666666666,1.1212946927417095e-08,1.0719235931949668e-08,8.32995823499566e-09
17400.0,4.833333333333333,1.1200821985050246e-08,1.0706049199263294e-08,8.310494402395568e-09
17460.0,4.85,1.1188683924651066e-08,1.069284891944956e-08,8.291009053392594e-09
17520.0,4.866666666666666,1.1176532838159621e-08,1.0679635210097068e-08,8.271502387876303e-09
17580.0,4.883333333333334,1.1164368816704333e-08,1.0666408188043551e-08,8.25197460546096e-09
17640.0,4.9,1.1152191950533393e-08,1.0653167969255836e-08,8.232425905327009e-09
17700.0,4.916666666666667,1.1140002329124685e-08,1.0639914668948345e-08,8.212856486343504e-09
17760.0,4.933333333333334,1.112780004124117e-08,1.0626648401628249e-08,8.193266547104708e-09
17820.0,4.95,1.1115585175006377e-08,1.0613369281168466e-08,8.173656286002394e-09
17880.0,4.966666666666667,1.1103357817951512e-08,1.0600077420847347e-08,8.154025901258062e-09
17940.0,4.983333333333333,1.1091118057071476e-08,1.058677293339994e-08,8.134375590970529e-09
18000.0,5.0,1.1078865978876039e-08,1.0573455931064155e-08,8.11470555315888e-09
18060.0,5.016666666666667,1.1066601669454691e-08,1.0560126525647453e-08,8.095015985828886e-09
18120.0,5.033333333333333,1.1054325214449724e-08,1.0546784828468535e-08,8.075307086896723e-09
18180.0,5.05,1.1042036699225396e-08,1.05334309505704e-08,8.055579054427582e-09
18240.0,5.066666666666666,1.1029736208811651e-08,1.0520065002622555e-08,8.035832086514391e-09
18300.0,5.083333333333333,1.1017423827973986e-08,1.0506687095001232e-08,8.016066381362916e-09
18360.0,5.1,1.1005099641249762e-08,1.049329733782142e-08,7.996282137323148e-09
18420.0,5.116666666666666,1.0992763732983015e-08,1.0479895840969396e-08,7.97647955292105e-09
18480.0,5.133333333333334,1.0980416187353623e-08,1.0466482714127367e-08,7.956658826879949e-09
18540.0,5.15,1.0968057088416538e-08,1.0453058066814407e-08,7.936820158166675e-09
18600.0,5.166666666666667,1.0955686520126583e-08,1.0439622008407364e-08,7.916963746009227e-09
18660.0,5.183333333333334,1.0943304566381954e-08,1.0426174648187944e-08,7.89708978994743e-09
18720.0,5.2,1.093091131098855e-08,1.0412716095282725e-08,7.877198489763204e-09
18780.0,5.216666666666667,1.0918506837787071e-08,1.0399246458829368e-08,7.857290045666481e-09
18840.0,5.233333333333333,1.0906091230598616e-08,1.0385765847888307e-08,7.837364658193099e-09
18900.0,5.25,1.0893664573272099e-08,1.037227437150067e-08,7.817422528268575e-09
18960.0,5.266666666666667,1.088122694970323e-08,1.0358772138705492e-08,7.797463857227054e-09
19020.0,5.283333333333333,1.0868778443853799e-08,1.034525925855808e-08,7.777488846831263e-09
19080.0,5.3,1.0856319139768818e-08,1.0331735840144732e-08,7.757497699287448e-09
19140.0,5.316666666666666,1.0843849121596823e-08,1.0318201992606177e-08,7.737490617274176e-09
19200.0,5.333333333333333,1.0831368473603976e-08,1.030465782514923e-08,7.717467803953835e-09
19260.0,5.35,1.0818877280203288e-08,1.029110344707996e-08,7.697429463010052e-09
19320.0,5.366666666666666,1.0806375625912822e-08,1.0277538967742909e-08,7.67737579858321e-09
19380.0,5.383333333333334,1.0793863595458175e-08,1.0263964496657408e-08,7.657307015420002e-09
19440.0,5.4,1.0781341273718125e-08,1.0250380143435257e-08,7.637223318784904e-09
19500.0,5.416666666666667,1.0768808745758545e-08,1.023678601782447e-08,7.617124914509403e-09
19560.0,5.433333333333334,1.0756266096840596e-08,1.0223182229716869e-08,7.597012009002308e-09
19620.0,5.45,1.0743713412430514e-08,1.0209568889157848e-08,7.576884809261998e-09
19680.0,5.466666666666667,1.0731150778208963e-08,1.019594610635421e-08,7.556743522886586e-09
19740.0,5.483333333333333,1.0718578280080268e-08,1.0182313991686897e-08,7.53658835809123e-09
19800.0,5.5,1.070599600417972e-08,1.0168672655716611e-08,7.516419523715193e-09
19860.0,5.516666666666667,1.0693404036893503e-08,1.015502220920787e-08,7.496237229250006e-09
19920.0,5.533333333333333,1.0680802464814201e-08,1.0141362763068767e-08,7.476041684779407e-09
19980.0,5.55,1.0668191374827408e-08,1.0127694428466863e-08,7.455833101102717e-09
20040.0,5.566666666666666,1.0655570854057605e-08,1.011401731675145e-08,7.435611689656409e-09
20100.0,5.583333333333333,1.0642940989893687e-08,1.0100331539488197e-08,7.415377662553026e-09
20160.0,5.6,1.0630301869990586e-08,1.0086637208460688e-08,7.395131232585657e-09
20220.0,5.616666666666666,1.0617653582273612e-08,1.0072934435674393e-08,7.37487261323468e-09
20280.0,5.633333333333334,1.0604996214942426e-08,1.0059223333360531e-08,7.3546020186747364e-09
20340.0,5.65,1.0592329856474013e-08,1.004550401398178e-08,7.3343196637838026e-09
20400.0,5.666666666666667,1.0579654595625743e-08,1.003177659023413e-08,7.314025764147335e-09
20460.0,5.683333333333334,1.0566970521449219e-08,1.0018041175064575e-08,7.293720536079518e-09
20520.0,5.7,1.0554277723245443e-08,1.000429788161336e-08,7.2734041965676536e-09
20580.0,5.716666666666667,1.0541576290640218e-08,9.99054682331373e-09,7.253076963374994e-09
20640.0,5.733333333333333,1.0528866313530959e-08,9.976788113819405e-09,7.232739054970926e-09
20700.0,5.75,1.0516147882107022e-08,9.963021867032652e-09,7.212390690562072e-09
20760.0,5.766666666666667,1.050342108684742e-08,9.949248197101897e-09,7.192032090092649e-09
20820.0,5.783333333333333,1.0490686018521696e-08,9.935467218422394e-09,7.171663474247445e-09
20880.0,5.8,1.0477942768190746e-08,9.921679045637152e-09,7.15128506445625e-09
20940.0,5.816666666666666,1.0465191427206082e-08,9.907883793638443e-09,7.130897082897132e-09
21000.0,5.833333333333333,1.0452432087210203e-08,9.894081577567213e-09,7.110499752498483e-09
21060.0,5.85,1.0439664840146372e-08,9.880272512826005e-09,7.0900932969546205e-09
21120.0,5.866666666666666,1.0426889778215652e-08,9.866456715025534e-09,7.069677940675766e-09
21180.0,5.883333333333334,1.041410699394242e-08,9.85263430007002e-09,7.049253908872331e-09
21240.0,5.9,1.0401316580124119e-08,9.83880538409103e-09,7.028821427493999e-09
21300.0,5.916666666666667,1.0388518629847366e-08,9.82497008346995e-09,7.008380723254142e-09
21360.0,5.933333333333334,1.0375713236483584e-08,9.811128514833953e-09,6.987932023627348e-09
21420.0,5.95,1.0362900493688135e-08,9.797280795053933e-09,6.967475556849618e-09
21480.0,5.966666666666667,1.0350080495398638e-08,9.783427041243787e-09,6.947011551920775e-09
21540.0,5.983333333333333,1.0337253335832609e-08,9.769567370759262e-09,6.92654023860355e-09
21600.0,6.0,1.0324419109485927e-08,9.755701901195796e-09,6.9060618474239484e-09
21660.0,6.016666666666667,1.0311577911139115e-08,9.741830750396865e-09,6.885576609681491e-09
21720.0,6.033333333333333,1.0298729835820069e-08,9.72795403640925e-09,6.8650847574082175e-09
21780.0,6.05,1.0285874978856827e-08,9.714071877550212e-09,6.844586523431567e-09
21840.0,6.066666666666666,1.0273013435833618e-08,9.700184392351498e-09,6.824082141325331e-09
21900.0,6.083333333333333,1.0260145302603459e-08,9.686291699576801e-09,6.8035718454275665e-09
21960.0,6.1,1.0247270675282559e-08,9.67239391821623e-09,6.783055870835487e-09
22020.0,6.116666666666666,1.0234389650248019e-08,9.65849116748287e-09,6.762534453404688e-09
22080.0,6.133333333333334,1.022150232413512e-08,9.644583566810765e-09,6.742007829748866e-09
22140.0,6.15,1.0208608793833853e-08,9.630671235852405e-09,6.721476237236109e-09
22200.0,6.166666666666667,1.0195709156486325e-08,9.616754294475147e-09,6.700939913988023e-09
22260.0,6.183333333333334,1.01828035094985e-08,9.602832862776622e-09,6.680399098896559e-09
22320.0,6.2,1.0169891950475285e-08,9.58890706100582e-09,6.659854031546443e-09
22380.0,6.216666666666667,1.0156974577313855e-08,9.574977009679921e-09,6.639304952327429e-09
22440.0,6.233333333333333,1.014405148812948e-08,9.561042829491352e-09,6.618752102348214e-09
22500.0,6.25,1.0131122781275896e-08,9.547104641334973e-09,6.5981957234636275e-09
22560.0,6.266666666666667,1.011818855533862e-08,9.533162566300446e-09,6.577636058265872e-09
22620.0,6.283333333333333,1.0105248909131593e-08,9.51921672566867e-09,6.557073350082315e-09
22680.0,6.3,1.009230394169381e-08,9.505267240907893e-09,6.536507842974349e-09
22740.0,6.316666666666666,1.007935375228558e-08,9.491314233670916e-09,6.515939781730722e-09
22800.0,6.333333333333333,1.0066398440384958e-08,9.477357825790497e-09,6.495369411865411e-09
22860.0,6.35,1.005343810571629e-08,9.463398139315411e-09,6.474796979657239e-09
22920.0,6.366666666666666,1.0040472848114624e-08,9.449435296344233e-09,6.454222731976276e-09
22980.0,6.383333333333334,1.0027502767726039e-08,9.435469419273392e-09,6.43364691653143e-09
23040.0,6.4,1.0014527964858879e-08,9.4215006306133e-09,6.413069781695642e-09
23100.0,6.416666666666667,1.0001548540022963e-08,9.407529053037867e-09,6.39249157655056e-09
23160.0,6.433333333333334,9.988564593923324e-09,9.3935548093775e-09,6.371912550879144e-09
23220.0,6.45,9.975576227455569e-09,9.379578022614092e-09,6.351332955158898e-09
23280.0,6.466666666666667,9.962583541701966e-09,9.365598815876047e-09,6.3307530405618655e-09
23340.0,6.483333333333333,9.949586637927836e-09,9.351617312435271e-09,6.310173058945642e-09
23400.0,6.5,9.936585617577383e-09,9.337633635702347e-09,6.289593262849152e-09
23460.0,6.516666666666667,9.923580582318535e-09,9.323647909282151e-09,6.269013905555613e-09
23520.0,6.533333333333333,9.910571633839416e-09,9.309660256723566e-09,6.248435240823972e-09
23580.0,6.55,9.89755887415305e-09,9.295670801896998e-09,6.227857523270147e-09
23640.0,6.566666666666666,9.884542405374431e-09,9.28167966871762e-09,6.20728100810548e-09
23700.0,6.583333333333333,9.871522329780701e-09,9.26768698122148e-09,6.186705951198836e-09
23760.0,6.6,9.858498749804047e-09,9.25369286355727e-09,6.166132609070088e-09
23820.0,6.616666666666666,9.845471768026334e-09,9.23969743997989e-09,6.145561238879867e-09
23880.0,6.633333333333334,9.832441487174967e-09,9.225700834845638e-09,6.124992098429708e-09
23940.0,6.65,9.819408010119338e-09,9.21170317260859e-09,6.1044254461519165e-09
24000.0,6.666666666666667,9.806371439866374e-09,9.197704577815614e-09,6.083861541102925e-09
24060.0,6.683333333333334,9.793331879621023e-09,9.183705175180912e-09,6.063300643050735e-09
24120.0,6.7,9.780289432518596e-09,9.1697050892568e-09,6.042743012110085e-09
24180.0,6.716666666666667,9.767244202026276e-09,9.155704444930253e-09,6.022188909254812e-09
24240.0,6.733333333333333,9.754196291655189e-09,9.141703367065698e-09,6.001638595979499e-09
24300.0,6.75,9.741145805035352e-09,9.127701980599607e-09,5.98109233436861e-09
24360.0,6.766666666666667,9.72809284591025e-09,9.113700410533934e-09,5.9605503870957055e-09
24420.0,6.783333333333333,9.71503751813079e-09,9.099698781928825e-09,5.940013017409561e-09
24480.0,6.8,9.701979925650795e-09,9.085697219897155e-09,5.91948048913367e-09
24540.0,6.816666666666666,9.688920172523283e-09,9.071695849600702e-09,5.8989530666559594e-09
24600.0,6.833333333333333,9.67585836289638e-09,9.057694796245258e-09,5.878431014919533e-09
24660.0,6.85,9.662794601088033e-09,9.043694185172596e-09,5.857914599534758e-09
24720.0,6.866666666666666,9.649728991260119e-09,9.029694141459903e-09,5.8374040863192625e-09
24780.0,6.883333333333334,9.636661637905902e-09,9.015694790521036e-09,5.816899741935187e-09
24840.0,6.9,9.623592645507763e-09,9.001696257683256e-09,5.796401833486353e-09
24900.0,6.916666666666667,9.610522118621638e-09,8.987698668292828e-09,5.775910628584082e-09
24960.0,6.933333333333334,9.597450161874613e-09,8.973702147712257e-09,5.755426395356163e-09
25020.0,6.95,9.584376879958302e-09,8.959706821312095e-09,5.734949402429122e-09
25080.0,6.966666666666667,9.571302377623787e-09,8.945712814464872e-09,5.714479918926734e-09
25140.0,6.983333333333333,9.558226759678014e-09,8.93172025254101e-09,5.694018214460259e-09
25200.0,7.0,9.545150130980047e-09,8.917729260904316e-09,5.673564559116313e-09
25260.0,7.016666666666667,9.53207259652902e-09,8.90373996502021e-09,5.6531192235944206e-09
25320.0,7.033333333333333,9.518994261084265e-09,8.889752489988915e-09,5.632682478649996e-09
25380.0,7.05,9.505915229732582e-09,8.875766961243905e-09,5.612254595856867e-09
25440.0,7.066666666666666,9.492835607495277e-09,8.861783504067203e-09,5.591835847143526e-09
25500.0,7.083333333333333,9.479755499422219e-09,8.847802243705938e-09,5.571426504851695e-09
25560.0,7.1,9.46667501059184e-09,8.833823305372932e-09,5.551026841756897e-09
25620.0,7.116666666666666,9.453594246103376e-09,8.819846814236706e-09,5.530637131047119e-09
25680.0,7.133333333333334,9.44051331107265e-09,8.805872895416619e-09,5.510257646318933e-09
25740.0,7.15,9.427432310627664e-09,8.791901673977418e-09,5.489888661569745e-09
25800.0,7.166666666666667,9.414351349905382e-09,8.777933274925516e-09,5.4695304511822185e-09
25860.0,7.183333333333334,9.401270534152336e-09,8.763967823332377e-09,5.449183290088802e-09
25920.0,7.2,9.388189968294667e-09,8.75000544380677e-09,5.4288474531144164e-09
25980.0,7.216666666666667,9.375109757577794e-09,8.736046261280831e-09,5.4085232158649445e-09
26040.0,7.233333333333333,9.362030007129932e-09,8.72209040047306e-09,5.3882108542084495e-09
26100.0,7.25,9.348950822062182e-09,8.708137986011542e-09,5.367910644319967e-09
26160.0,7.266666666666667,9.335872307471797e-09,8.694189142438644e-09,5.347622862715633e-09
26220.0,7.283333333333333,9.322794568433378e-09,8.680243994199602e-09,5.327347786228451e-09
26280.0,7.3,9.309717709995604e-09,8.666302665638825e-09,5.3070856920015415e-09
26340.0,7.316666666666666,9.296641837175673e-09,8.65236528099293e-09,5.286836857482526e-09
26400.0,7.333333333333333,9.283567054957135e-09,8.638431964388084e-09,5.2666015604047894e-09
26460.0,7.35,9.27049346840193e-09,8.62450283997752e-09,5.24638007898017e-09
26520.0,7.366666666666666,9.25742118217458e-09,8.61057803135781e-09,5.226172691137279e-09
26580.0,7.383333333333334,9.244350301246848e-09,8.596657662433296e-09,5.205979675538291e-09
26640.0,7.4,9.231280930424891e-09,8.58274185683622e-09,5.185801311009479e-09
26700.0,7.416666666666667,9.218213174451791e-09,8.56883073805143e-09,5.1656378765658485e-09
26760.0,7.433333333333334,9.20514713801489e-09,8.554924429426668e-09,5.145489651461094e-09
26820.0,7.45,9.192082925734814e-09,8.541023054158436e-09,5.125356915166497e-09
26880.0,7.466666666666667,9.179020642164801e-09,8.527126735291191e-09,5.1052399473529985e-09
26940.0,7.483333333333333,9.165960391785119e-09,8.513235595710402e-09,5.085139027885211e-09
27000.0,7.5,9.152902278999034e-09,8.499349758137601e-09,5.065054436809528e-09
27060.0,7.516666666666667,9.139846408257834e-09,8.485469345283626e-09,5.044986454572248e-09
27120.0,7.533333333333333,9.126792883538958e-09,8.47159447920885e-09,5.024935361144155e-09
27180.0,7.55,9.113741809116535e-09,8.457725282267101e-09,5.004901437179965e-09
27240.0,7.566666666666666,9.100693289050324e-09,8.443861876480547e-09,4.9848849633914074e-09
27300.0,7.583333333333333,9.087647427292027e-09,8.430004383667888e-09,4.9648862205512e-09
27360.0,7.6,9.074604327696548e-09,8.416152925459742e-09,4.944905489558939e-09
27420.0,7.616666666666666,9.061564094010101e-09,8.402307623283253e-09,4.924943051419334e-09
27480.0,7.633333333333334,9.048526829869843e-09,8.388468598361723e-09,4.904999187221122e-09
27540.0,7.65,9.03549263879845e-09,8.37463597170789e-09,4.8850741781309486e-09
27600.0,7.666666666666667,9.022461624200088e-09,8.360809864118733e-09,4.865168305380749e-09
27660.0,7.683333333333334,9.00943388949695e-09,8.346990396342863e-09,4.845281850518848e-09
27720.0,7.7,8.996409537562781e-09,8.333177688386415e-09,4.825415094408587e-09
27780.0,7.716666666666667,8.983388671558106e-09,8.319371860535126e-09,4.805568318546729e-09
27840.0,7.733333333333333,8.970371394380712e-09,8.305573032683861e-09,4.785741804370379e-09
27900.0,7.75,8.957357808776967e-09,8.291781324469145e-09,4.765935833240494e-09
27960.0,7.766666666666667,8.94434801735615e-09,8.277996855289312e-09,4.746150686524616e-09
28020.0,7.783333333333333,8.931342122578043e-09,8.264219744288115e-09,4.726386645574672e-09
28080.0,7.8,8.91834022675277e-09,8.250450110354669e-09,4.70664399170287e-09
28140.0,7.816666666666666,8.905342432035634e-09,8.236688072116969e-09,4.686923006175148e-09
28200.0,7.833333333333333,8.892348840423074e-09,8.222933747936732e-09,4.667223970198136e-09
28260.0,7.85,8.879359553899435e-09,8.209187256089285e-09,4.647547165204979e-09
28320.0,7.866666666666666,8.866374673831025e-09,8.19544871402124e-09,4.627892871722407e-09
28380.0,7.883333333333334,8.853394301858397e-09,8.181718239441697e-09,4.6082613708512376e-09
28440.0,7.9,8.840418539313548e-09,8.167995949612385e-09,4.5886529435146145e-09
28500.0,7.916666666666667,8.827447487334999e-09,8.154281961483505e-09,4.569067870409413e-09
28560.0,7.933333333333334,8.814481246885173e-09,8.14057639171811e-09,4.549506432112354e-09
28620.0,7.95,8.801519918737572e-09,8.126879356675387e-09,4.529968909055485e-09
28680.0,7.966666666666667,8.788563603476711e-09,8.11319097241037e-09,4.510455581499629e-09
28740.0,7.983333333333333,8.775612401493477e-09,8.099511354668176e-09,4.490966729527454e-09
28800.0,8.0,8.762666412980767e-09,8.085840618878648e-09,4.471502633029963e-09
28860.0,8.016666666666667,8.749725738089726e-09,8.072178880347436e-09,4.452063572029196e-09
28920.0,8.033333333333333,8.736790476288588e-09,8.058526253471624e-09,4.432649825406895e-09
28980.0,8.05,8.723860727305193e-09,8.044882852890125e-09,4.413261672553464e-09
29040.0,8.066666666666666,8.710936590516529e-09,8.031248792742915e-09,4.393899392559937e-09
29100.0,8.083333333333334,8.69801816506455e-09,8.017624186805621e-09,4.374563264130214e-09
29160.0,8.1,8.685105549877994e-09,8.004009148520284e-09,4.355253565715218e-09
29220.0,8.116666666666667,8.672198843659038e-09,7.990403790977654e-09,4.335970575483956e-09
29280.0,8.133333333333333,8.659298144883171e-09,7.976808226916992e-09,4.316714571295644e-09
29340.0,8.15,8.646403551794772e-09,7.963222568720759e-09,4.2974858306922146e-09
29400.0,8.166666666666666,8.633515162403102e-09,7.949646928409275e-09,4.278284630884414e-09
29460.0,8.183333333333334,8.620633074646084e-09,7.936081417841093e-09,4.259111249112358e-09
29520.0,8.2,8.607757385719652e-09,7.92252614789386e-09,4.2399659612297065e-09
29580.0,8.216666666666667,8.594888193063435e-09,7.908981229664792e-09,4.22084904353659e-09
29640.0,8.233333333333333,8.582025593724687e-09,7.895446773701368e-09,4.20176077189559e-09
29700.0,8.25,8.569169684477972e-09,7.881922890139121e-09,4.182701421619043e-09
29760.0,8.266666666666667,8.556320561848609e-09,7.8684096887349e-09,4.163671267625331e-09
29820.0,8.283333333333333,8.543478322099539e-09,7.85490727884928e-09,4.1446705844071004e-09
29880.0,8.3,8.530643061231126e-09,7.841415769446561e-09,4.125699646001963e-09
29940.0,8.316666666666666,8.517814874977301e-09,7.827935269089698e-09,4.1067587259845025e-09
30000.0,8.333333333333334,8.504993858801296e-09,7.814465885935312e-09,4.087848097451955e-09
30060.0,8.35,8.492180108066396e-09,7.801007727941493e-09,4.068968033423637e-09
30120.0,8.366666666666667,8.479373717339993e-09,7.787560902020381e-09,4.050118805273935e-09
30180.0,8.383333333333333,8.466574781417279e-09,7.774125515281145e-09,4.031300684767892e-09
30240.0,8.4,8.453783394660031e-09,7.760701674233369e-09,4.012513943076906e-09
30300.0,8.416666666666666,8.440999651123693e-09,7.747289484932231e-09,3.993758850656759e-09
30360.0,8.433333333333334,8.428223644579994e-09,7.733889053011378e-09,3.9750356774223896e-09
30420.0,8.45,8.415455468504434e-09,7.720500483665947e-09,3.956344692712819e-09
30480.0,8.466666666666667,8.402695216076328e-09,7.707123881652855e-09,3.937686165260561e-09
30540.0,8.483333333333333,8.389942980175119e-09,7.69375935128615e-09,3.919060363183582e-09
30600.0,8.5,8.37719885337645e-09,7.68040699643223e-09,3.900467553970437e-09
30660.0,8.516666666666667,8.364462928128426e-09,7.667066920724044e-09,3.881908004920778e-09
30720.0,8.533333333333333,8.351735296034244e-09,7.653739226689996e-09,3.863381981418634e-09
30780.0,8.55,8.339016048908838e-09,7.640424017032986e-09,3.844889749183626e-09
30840.0,8.566666666666666,8.32630527809547e-09,7.627121393810078e-09,3.8264315731788184e-09
30900.0,8.583333333333334,8.31360307459986e-09,7.613831458585082e-09,3.808007717479934e-09
30960.0,8.6,8.300909529111836e-09,7.600554312460506e-09,3.7896184454697885e-09
31020.0,8.616666666666667,8.288224731993444e-09,7.58729005606127e-09,3.771264019799786e-09
31080.0,8.633333333333333,8.275548773279246e-09,7.574038789535473e-09,3.752944702358106e-09
31140.0,8.65,8.262881742672861e-09,7.5608006125501e-09,3.7346607542617655e-09
31200.0,8.666666666666666,8.250223729543412e-09,7.547575624286489e-09,3.7164124358412755e-09
31260.0,8.683333333333334,8.237574823106484e-09,7.53436392365991e-09,3.6982000071242455e-09
31320.0,8.7,8.224935111688294e-09,7.521165608428939e-09,3.6800237259408843e-09
31380.0,8.716666666666667,8.212304683811495e-09,7.50798077650504e-09,3.6618838504033893e-09
31440.0,8.733333333333333,8.199683627491211e-09,7.494809525111158e-09,3.6437806376986085e-09
31500.0,8.75,8.187072030376844e-09,7.481651950942274e-09,3.625714343948773e-09
31560.0,8.766666666666667,8.174469979771988e-09,7.468508150195607e-09,3.607685224426956e-09
31620.0,8.783333333333333,8.161877562623514e-09,7.455378218555391e-09,3.5896935335148774e-09
31680.0,8.8,8.149294865522019e-09,7.44226225119401e-09,3.5717395246700337e-09
31740.0,8.816666666666666,8.136721974698758e-09,7.4291603427681085e-09,3.5538234504180045e-09
31800.0,8.833333333333334,8.124158976022105e-09,7.416072587414408e-09,3.5359455623366686e-09
31860.0,8.85,8.111605955182997e-09,7.4029990789733615e-09,3.5181061115849453e-09
31920.0,8.866666666666667,8.099062996943234e-09,7.389939910083864e-09,3.500305346832555e-09
31980.0,8.883333333333333,8.086530186246495e-09,7.3768951735167325e-09,3.4825435169802905e-09
32040.0,8.9,8.07400760749602e-09,7.363864961315941e-09,3.464820869829556e-09
32100.0,8.916666666666666,8.06149534470397e-09,7.350849364966937e-09,3.4471376519355793e-09
32160.0,8.933333333333334,8.048993481509563e-09,7.337848475424749e-09,3.4294941088450042e-09
32220.0,8.95,8.036502101168986e-09,7.324862383099945e-09,3.4118904850497734e-09
32280.0,8.966666666666667,8.024021286556111e-09,7.3118911778600705e-09,3.394327023953445e-09
32340.0,8.983333333333333,8.011551120159712e-09,7.298934949026288e-09,3.376803967863893e-09
32400.0,9.0,7.999091684080251e-09,7.285993785369485e-09,3.3593215579771437e-09
32460.0,9.016666666666667,7.986643060218655e-09,7.273067775336969e-09,3.3418800349529958e-09
32520.0,9.033333333333333,7.974205329511953e-09,7.2601570061368105e-09,3.3244796366620096e-09
32580.0,9.05,7.961778573065693e-09,7.247261565089529e-09,3.3071206011583323e-09
32640.0,9.066666666666666,7.949362871414657e-09,7.23438153875457e-09,3.2898031652187577e-09
32700.0,9.083333333333334,7.936958304680681e-09,7.221517013107062e-09,3.2725275641892438e-09
32760.0,9.1,7.924564952588145e-09,7.20866807356294e-09,3.2552940322457203e-09
32820.0,9.116666666666667,7.912182894455003e-09,7.1958348049663955e-09,3.2381028023440333e-09
32880.0,9.133333333333333,7.899812209193687e-09,7.1830172915916076e-09,3.220954106185585e-09
32940.0,9.15,7.887452975308755e-09,7.170215617139907e-09,3.203848174210536e-09
33000.0,9.166666666666666,7.875105270893847e-09,7.157429864736216e-09,3.186785235581472e-09
33060.0,9.183333333333334,7.862769173823057e-09,7.144660117157618e-09,3.1697655188073274e-09
33120.0,9.2,7.850444760977121e-09,7.131906455911791e-09,3.1527892493014675e-09
33180.0,9.216666666666667,7.838132109392875e-09,7.1191689626010345e-09,3.1358566526179114e-09
33240.0,9.233333333333333,7.825831295509275e-09,7.106447718036709e-09,3.1189679528526426e-09
33300.0,9.25,7.813542395333659e-09,7.0937428024248845e-09,3.1021233724844857e-09
33360.0,9.266666666666667,7.80126548445436e-09,7.081054295388007e-09,3.0853231326603724e-09
33420.0,9.283333333333333,7.789000638032871e-09,7.068382275953815e-09,3.0685674531410756e-09
33480.0,9.3,7.776747930805045e-09,7.055726822557352e-09,3.0518565522664674e-09
33540.0,9.316666666666666,7.764507437078944e-09,7.0430880130387625e-09,3.0351906469493678e-09
33600.0,9.333333333333334,7.75227923073221e-09,7.030465924640041e-09,3.0185699526591754e-09
33660.0,9.35,7.740063385405222e-09,7.017860634234394e-09,3.001994684095329e-09
33720.0,9.366666666666667,7.727859973720482e-09,7.005272217402913e-09,2.985465052551457e-09
33780.0,9.383333333333333,7.715669068445941e-09,6.992700749805611e-09,2.968981269424523e-09
33840.0,9.4,7.70349074172722e-09,6.98014630628601e-09,2.9525435444715257e-09
33900.0,9.416666666666666,7.691325065263361e-09,6.967608961066522e-09,2.9361520856461725e-09
33960.0,9.433333333333334,7.679172110315716e-09,6.955088787765832e-09,2.919807099409616e-09
34020.0,9.45,7.667031947701584e-09,6.94258585938941e-09,2.9035087906717122e-09
34080.0,9.466666666666667,7.654904647795428e-09,6.930100248331944e-09,2.887257362756247e-09
34140.0,9.483333333333333,7.642790280527254e-09,6.917632026375645e-09,2.8710530173957386e-09
34200.0,9.5,7.630688915380132e-09,6.9051812646873895e-09,2.854895954715014e-09
34260.0,9.516666666666667,7.618600621584641e-09,6.8927480340475795e-09,2.838786373954996e-09
34320.0,9.533333333333333,7.606525467333972e-09,6.880332403929671e-09,2.822724470639774e-09
34380.0,9.55,7.594463520957784e-09,6.867934443872349e-09,2.806710440365966e-09
34440.0,9.566666666666666,7.582414850142019e-09,6.8555542225768175e-09,2.79074447690887e-09
34500.0,9.583333333333334,7.570379522114447e-09,6.843191808112441e-09,2.7748267720566426e-09
34560.0,9.6,7.558357603649778e-09,6.830847267929273e-09,2.7589575159471838e-09
34620.0,9.616666666666667,7.546349161064326e-09,6.818520668850225e-09,2.7431368970049634e-09
34680.0,9.633333333333333,7.53435426021775e-09,6.8062120770740016e-09,2.727365101906456e-09
34740.0,9.65,7.522372966511584e-09,6.793921558173705e-09,2.7116423155761106e-09
34800.0,9.666666666666666,7.510405344887179e-09,6.781649177094611e-09,2.6959687211700758e-09
34860.0,9.683333333333334,7.498451460020393e-09,6.769394998381284e-09,2.680344500850578e-09
34920.0,9.7,7.486511375535463e-09,6.757159085264172e-09,2.664769832754509e-09
34980.0,9.716666666666667,7.474585155185896e-09,6.744941501027595e-09,2.649244895068227e-09
35040.0,9.733333333333333,7.462672862062918e-09,6.732742308101843e-09,2.633769863977965e-09
35100.0,9.75,7.45077455879165e-09,6.720561568279818e-09,2.6183449135035827e-09
35160.0,9.766666666666667,7.438890307531802e-09,6.7083993427241064e-09,2.6029702158621914e-09
35220.0,9.783333333333333,7.427020169973722e-09,6.696255691960845e-09,2.5876459414003944e-09
35280.0,9.8,7.415164207340197e-09,6.684130675883027e-09,2.572372258560426e-09
35340.0,9.816666666666666,7.403322480385559e-09,6.672024353749699e-09,2.557149333877422e-09
35400.0,9.833333333333334,7.391495049393738e-09,6.659936784184092e-09,2.5419773319635777e-09
35460.0,9.85,7.3796819743726676e-09,6.647868025398063e-09,2.526856416332631e-09
35520.0,9.866666666666667,7.367883314269481e-09,6.635818134289576e-09,2.511786746171256e-09
35580.0,9.883333333333333,7.356099128155288e-09,6.623787167801848e-09,2.4967684807011134e-09
35640.0,9.9,7.344329474423143e-09,6.611775182011572e-09,2.4818017769699935e-09
35700.0,9.916666666666666,7.332574410995758e-09,6.599782232357936e-09,2.4668867896873153e-09
35760.0,9.933333333333334,7.3208339953211495e-09,6.587808373643156e-09,2.4520236716148977e-09
35820.0,9.95,7.309108284370009e-09,6.575853660028372e-09,2.437212573494503e-09
35880.0,9.966666666666667,7.297397334637958e-09,6.563918145037213e-09,2.4224536440151154e-09
35940.0,9.983333333333333,7.285701202144758e-09,6.552001881555525e-09,2.4077470298119003e-09
36000.0,10.0,7.274019942432802e-09,6.54010492182994e-09,2.393092875450832e-09
36060.0,10.016666666666667,7.262353610760432e-09,6.528227317688493e-09,2.3784913243023146e-09
36120.0,10.033333333333333,7.250702261320832e-09,6.5163691196529706e-09,2.3639425151192515e-09
36180.0,10.05,7.239065948427987e-09,6.504530378284433e-09,2.3494465866848118e-09
36240.0,10.066666666666666,7.227444725704657e-09,6.492711143269004e-09,2.3350036754422056e-09
36300.0,10.083333333333334,7.21583864630268e-09,6.4809114636602775e-09,2.3206139153345582e-09
36360.0,10.1,7.204247762892924e-09,6.46913138787274e-09,2.3062774382227543e-09
36420.0,10.116666666666667,7.1926721276641655e-09,6.4573709636796395e-09,2.291994373808435e-09
36480.0,10.133333333333333,7.181111792325596e-09,6.445630238216825e-09,2.2777648496028086e-09
36540.0,10.15,7.169566808106262e-09,6.433909257983004e-09,2.2635889909276015e-09
36600.0,10.166666666666666,7.158037225753984e-09,6.422208068838729e-09,2.2494669209003903e-09
36660.0,10.183333333333334,7.146523095726722e-09,6.410526716222064e-09,2.2353987613553696e-09
36720.0,10.2,7.135024467417918e-09,6.398865244279678e-09,2.2213846292354942e-09
36780.0,10.216666666666667,7.123541390340595e-09,6.387223697194193e-09,2.20742464151993e-09
36840.0,10.233333333333333,7.112073913305955e-09,6.375602118268704e-09,2.193518912692439e-09
36900.0,10.25,7.100622084657179e-09,6.364000550183846e-09,2.1796675545885506e-09
36960.0,10.266666666666667,7.089185952253237e-09,6.3524190349833516e-09,2.165870676840154e-09
37020.0,10.283333333333333,7.077765563469314e-09,6.340857614073774e-09,2.1521283867939408e-09
37080.0,10.3,7.066360965199351e-09,6.329316328228863e-09,2.1384407894823565e-09
37140.0,10.316666666666666,7.054972203856028e-09,6.317795217590048e-09,2.1248079876268025e-09
37200.0,10.333333333333334,7.043599325369819e-09,6.306294321665994e-09,2.1112300816239366e-09
37260.0,10.35,7.032242375377906e-09,6.294813679542291e-09,2.0977071705106597e-09
37320.0,10.366666666666667,7.0209013984581275e-09,6.283353329034801e-09,2.0842393481813243e-09
37380.0,10.383333333333333,7.009576439308923e-09,6.2719133079947175e-09,2.0708267085841575e-09
37440.0,10.4,6.998267541918537e-09,6.26049365339268e-09,2.057469343030362e-09
37500.0,10.416666666666666,6.986974749813583e-09,6.24909440159177e-09,2.044167340051983e-09
37560.0,10.433333333333334,6.975698106036165e-09,6.2377155883245505e-09,2.030920785872316e-09
37620.0,10.45,6.964437653145679e-09,6.22635724869464e-09,2.0177297643200397e-09
37680.0,10.466666666666667,6.953193433221693e-09,6.215019417181468e-09,2.0045943568028063e-09
37740.0,10.483333333333333,6.941965487864139e-09,6.203702127641211e-09,1.9915146423130276e-09
37800.0,10.5,6.930753858192687e-09,6.19240541330667e-09,1.978490697415406e-09
37860.0,10.516666666666667,6.9195585850324605e-09,6.1811293069900764e-09,1.965522597252236e-09
37920.0,10.533333333333333,6.908379708158955e-09,6.169873840262021e-09,1.9526104116006072e-09
37980.0,10.55,6.897217267471256e-09,6.158639044730718e-09,1.939754210321756e-09
38040.0,10.566666666666666,6.886071302152077e-09,6.1474249511257235e-09,1.926954060515598e-09
38100.0,10.583333333333334,6.8749418509321846e-09,6.136231589588802e-09,1.914210026392928e-09
38160.0,10.6,6.863828952060277e-09,6.125058989641321e-09,1.901522169770338e-09
38220.0,10.616666666666667,6.852732643306287e-09,6.113907180188005e-09,1.888890549980224e-09
38280.0,10.633333333333333,6.841652961964395e-09,6.102776189521787e-09,1.876315223847669e-09
38340.0,10.65,6.830589944853568e-09,6.091666045325322e-09,1.863796245699067e-09
38400.0,10.666666666666666,6.819543628317201e-09,6.080576774671091e-09,1.8513336673511626e-09
38460.0,10.683333333333334,6.808514048404847e-09,6.069508404216262e-09,1.8389275391516287e-09
38520.0,10.7,6.797501240130445e-09,6.0584609594107595e-09,1.8265779058955644e-09
38580.0,10.716666666666667,6.78650523863672e-09,6.0474344657469826e-09,1.8142848125058862e-09
38640.0,10.733333333333333,6.775526078345391e-09,6.036428947843216e-09,1.8020483010407868e-09
38700.0,10.75,6.764563793239394e-09,6.025444429754243e-09,1.7898684105842814e-09
38760.0,10.766666666666667,6.753618416824553e-09,6.01448093492828e-09,1.7777451777637226e-09
38820.0,10.783333333333333,6.742689982134456e-09,6.003538486212625e-09,1.7656786366560601e-09
38880.0,10.8,6.731778521733679e-09,5.992617105859023e-09,1.7536688187684678e-09
38940.0,10.816666666666666,6.720884067718482e-09,5.981716815525286e-09,1.7417157530502456e-09
39000.0,10.833333333333334,6.710006651716864e-09,5.970837636275926e-09,1.7298194658835483e-09
39060.0,10.85,6.6991463050655346e-09,5.959979588767895e-09,1.7179799821530906e-09
39120.0,10.866666666666667,6.688303058083683e-09,5.949142692491001e-09,1.706197321045584e-09
39180.0,10.883333333333333,6.677476941226555e-09,5.9383269669850305e-09,1.6944715019334033e-09
39240.0,10.9,6.666667984225189e-09,5.927532430922374e-09,1.6828025412451702e-09
39300.0,10.916666666666666,6.655876216388083e-09,5.916759102440375e-09,1.6711904523791326e-09
39360.0,10.933333333333334,6.645101666554112e-09,5.906006999087016e-09,1.6596352462407631e-09
39420.0,10.95,6.634344363098733e-09,5.895276137828434e-09,1.6481369311456224e-09
39480.0,10.966666666666667,6.6236043339376405e-09,5.88456653505462e-09,1.6366955128043257e-09
39540.0,10.983333333333333,6.612881606527512e-09,5.873878206581363e-09,1.6253109943379753e-09
39600.0,11.0,6.602176207866379e-09,5.8632111676511504e-09,1.6139833762708154e-09
39660.0,11.016666666666667,6.591488164665238e-09,5.852565433108921e-09,1.6027126576217606e-09
39720.0,11.033333333333333,6.580817502639502e-09,5.8419410166778195e-09,1.59149883161487e-09
39780.0,11.05,6.570164247649917e-09,5.831337932141113e-09,1.5803418917323314e-09
39840.0,11.066666666666666,6.55952842483095e-09,5.820756192422911e-09,1.5692418284613236e-09
39900.0,11.083333333333334,6.548910058913708e-09,5.810195809944711e-09,1.5581986292350984e-09
39960.0,11.1,6.538309174169363e-09,5.799656796558825e-09,1.5472122789874895e-09
40020.0,11.116666666666667,6.527725794416846e-09,5.789139163557816e-09,1.5362827600527864e-09
40080.0,11.133333333333333,6.517159943026632e-09,5.7786429216804315e-09,1.5254100521556002e-09
40140.0,11.15,6.506611642921813e-09,5.7681680811137764e-09,1.514594132430012e-09
40200.0,11.166666666666666,6.496080916578513e-09,5.757714651494633e-09,1.5038349754144217e-09
40260.0,11.183333333333334,6.485567786191517e-09,5.7472826420740745e-09,1.4931325541563702e-09
40320.0,11.2,6.475072272985638e-09,5.736872061031558e-09,1.4824868358664487e-09
40380.0,11.216666666666667,6.464594398342295e-09,5.726482916619271e-09,1.4718977881007895e-09
40440.0,11.233333333333333,6.454134182915151e-09,5.716115216239521e-09,1.4613653753999775e-09
40500.0,11.25,6.443691646976565e-09,5.705768966828042e-09,1.4508895592631904e-09
40560.0,11.266666666666667,6.433266810350763e-09,5.69544417477427e-09,1.4404702987157374e-09
40620.0,11.283333333333333,6.42285969242279e-09,5.685140845932523e-09,1.43010755020648e-09
40680.0,11.3,6.4124703121426565e-09,5.674858985628218e-09,1.419801267602928e-09
40740.0,11.316666666666666,6.402098688026444e-09,5.664598598660327e-09,1.409551402214365e-09
40800.0,11.333333333333334,6.391744838157091e-09,5.654359689302862e-09,1.3993579027890352e-09
40860.0,11.35,6.381408780342983e-09,5.644142261457575e-09,1.3892207166226805e-09
40920.0,11.366666666666667,6.371090531451507e-09,5.633946318009035e-09,1.3791397851922128e-09
40980.0,11.383333333333333,6.360790108519969e-09,5.6237718619296704e-09,1.3691150504224114e-09
41040.0,11.4,6.3505075278566185e-09,5.6136188953515344e-09,1.359146451234995e-09
41100.0,11.416666666666666,6.34024280541316e-09,5.60348741997958e-09,1.349233923561761e-09
41160.0,11.433333333333334,6.329995956706791e-09,5.5933774369976245e-09,1.3393774009205306e-09
41220.0,11.45,6.319766996830383e-09,5.583288947081185e-09,1.3295768143106395e-09
41280.0,11.466666666666667,6.309555940456942e-09,5.573221950404098e-09,1.319832092213577e-09
41340.0,11.483333333333333,6.299362801840857e-09,5.563176446640986e-09,1.3101431606201716e-09
41400.0,11.5,6.289187594818763e-09,5.553152434969101e-09,1.300509943030246e-09
41460.0,11.516666666666667,6.279030332960622e-09,5.5431499142079745e-09,1.2909323615543166e-09
41520.0,11.533333333333333,6.268891028927429e-09,5.533168882218248e-09,1.2814103325666995e-09
41580.0,11.55,6.258769695565403e-09,5.523209336965918e-09,1.2719437730064226e-09
41640.0,11.566666666666666,6.248666344990141e-09,5.513271275585769e-09,1.2625325968564425e-09
41700.0,11.583333333333334,6.238580988987999e-09,5.503354694827995e-09,1.2531767152022539e-09
41760.0,11.6,6.228513638926064e-09,5.493459590948784e-09,1.2438760368109896e-09
41820.0,11.616666666666667,6.218464305763499e-09,5.483585959724642e-09,1.2346304680254437e-09
41880.0,11.633333333333333,6.208433000056345e-09,5.473733796459443e-09,1.2254399127704457e-09
41940.0,11.65,6.1984197319588344e-09,5.463903095986884e-09,1.2163042725840732e-09
42000.0,11.666666666666666,6.188424511224412e-09,5.454093852672584e-09,1.2072234466198366e-09
42060.0,11.683333333333334,6.17844734734832e-09,5.4443060605398615e-09,1.1981973327302152e-09
42120.0,11.7,6.168488248951758e-09,5.434539712714539e-09,1.1892258231813789e-09
42180.0,11.716666666666667,6.158547224858597e-09,5.424794802447909e-09,1.1803088109347535e-09
42240.0,11.733333333333333,6.14862428315951e-09,5.415071322167965e-09,1.1714461860774871e-09
42300.0,11.75,6.1387194316457526e-09,5.405369263963416e-09,1.162637835933705e-09
42360.0,11.766666666666667,6.1288326777059955e-09,5.395688619457714e-09,1.1538836456408416e-09
42420.0,11.783333333333333,6.118964028338639e-09,5.3860293798246485e-09,1.1451834980425902e-09
42480.0,11.8,6.1091134901570694e-09,5.376391535795884e-09,1.136537273701049e-09
42540.0,11.816666666666666,6.099281069390902e-09,5.366775077663343e-09,1.1279448509318266e-09
42600.0,11.833333333333334,6.0894667718872915e-09,5.357179995281542e-09,1.1194061058086746e-09
42660.0,11.85,6.079670603244082e-09,5.347606278178502e-09,1.1109209132170167e-09
42720.0,11.866666666666667,6.069892568222562e-09,5.33805391504888e-09,1.1024891426739921e-09
42780.0,11.883333333333333,6.060132671806224e-09,5.328522894735419e-09,1.0941106645349465e-09
42840.0,11.9,6.050390918241442e-09,5.319013205263549e-09,1.085785346396478e-09
42900.0,11.916666666666666,6.040667311507256e-09,5.309524834367241e-09,1.0775130532683114e-09
42960.0,11.933333333333334,6.030961855198022e-09,5.3000577693451776e-09,1.0692936481403504e-09
43020.0,11.95,6.021274552536542e-09,5.290611997077439e-09,1.0611269918748215e-09
43080.0,11.966666666666667,6.0116054063798326e-09,5.2811875040335805e-09,1.0530129432240784e-09
43140.0,11.983333333333333,6.001954419220263e-09,5.271784276274866e-09,1.0449513588692843e-09
43200.0,12.0,5.992321593187075e-09,5.2624022994568156e-09,1.0369420934273746e-09
43260.0,12.016666666666667,5.982706930169326e-09,5.253041558924329e-09,1.0289850004624017e-09
43320.0,12.033333333333333,5.973110431259244e-09,5.24370203925518e-09,1.0210799284549429e-09
43380.0,12.05,5.963532097793093e-09,5.234383725200542e-09,1.0132267268773495e-09
43440.0,12.066666666666666,5.9539719303640335e-09,5.225086600697477e-09,1.0054252425899217e-09
43500.0,12.083333333333334,5.944429929332169e-09,5.215810649441653e-09,9.976753200822404e-10
43560.0,12.1,5.934906094691855e-09,5.20655585472436e-09,9.899768020239196e-10
43620.0,12.116666666666667,5.9254004260854206e-09,5.197322199449973e-09,9.823295291560736e-10
43680.0,12.133333333333333,5.915912922809532e-09,5.188109666144679e-09,9.747333403145046e-10
43740.0,12.15,5.906443583816195e-09,5.178918236958474e-09,9.671880724714694e-10
43800.0,12.166666666666666,5.896992407714431e-09,5.1697478936679084e-09,9.596935607447396e-10
43860.0,12.183333333333334,5.8875593928821775e-09,5.1605986177545196e-09,9.522496393547215e-10
43920.0,12.2,5.87814453694219e-09,5.1514703900004554e-09,9.448561377860961e-10
43980.0,12.216666666666667,5.868747837785588e-09,5.142363191389499e-09,9.37512886677274e-10
44040.0,12.233333333333333,5.859369292551685e-09,5.133277002090891e-09,9.302197142282989e-10
44100.0,12.25,5.8500088981831174e-09,5.124211802084543e-09,9.229764465214047e-10
44160.0,12.266666666666667,5.8406666512765395e-09,5.115167570977508e-09,9.157829080481328e-10
44220.0,12.283333333333333,5.831342548096709e-09,5.106144288021895e-09,9.086389216000026e-10
44280.0,12.3,5.822036584583527e-09,5.097141932124346e-09,9.015443082966764e-10
44340.0,12.316666666666666,5.812748756352845e-09,5.088160481847721e-09,8.944988876301804e-10
44400.0,12.333333333333334,5.8034790586983e-09,5.079199915414017e-09,8.875024774756834e-10
44460.0,12.35,5.794227486691325e-09,5.070260210765304e-09,8.805548949828244e-10
44520.0,12.366666666666667,5.784994034691041e-09,5.061341345212483e-09,8.736559529700283e-10
44580.0,12.383333333333333,5.77577869735297e-09,5.052443296300625e-09,8.668054655764928e-10
44640.0,12.4,5.766581468567416e-09,5.04356604075378e-09,8.600032446995544e-10
44700.0,12.416666666666666,5.757402342067451e-09,5.034709555161799e-09,8.532491004017263e-10
44760.0,12.433333333333334,5.748241311260072e-09,5.025873815772847e-09,8.465428414097274e-10
44820.0,12.45,5.739098369241051e-09,5.017058798512286e-09,8.398842750025881e-10
44880.0,12.466666666666667,5.729973508802562e-09,5.008264478992727e-09,8.332732070445607e-10
44940.0,12.483333333333333,5.720866722433763e-09,4.999490832515419e-09,8.267094420309797e-10
45000.0,12.5,5.711778002322791e-09,4.990737834073271e-09,8.20192783100289e-10
45060.0,12.516666666666667,5.702707340444191e-09,4.982005458393745e-09,8.137230328488107e-10
45120.0,12.533333333333333,5.693654728102927e-09,4.973293679640051e-09,8.072999899942135e-10
45180.0,12.55,5.684620156934916e-09,4.964602472249704e-09,8.009234547442983e-10
45240.0,12.566666666666666,5.67560361778869e-09,4.955931809821762e-09,7.945932252777984e-10
45300.0,12.583333333333334,5.666605101400637e-09,4.947281665882321e-09,7.883090982437103e-10
45360.0,12.6,5.657624598199671e-09,4.938652013644801e-09,7.820708692311313e-10
45420.0,12.616666666666667,5.64866209832489e-09,4.930042826032251e-09,7.758783326508814e-10
45480.0,12.633333333333333,5.639717591633226e-09,4.92145407568733e-09,7.697312817732664e-10
45540.0,12.65,5.63079106769987e-09,4.912885734973415e-09,7.636295087746296e-10
45600.0,12.666666666666666,5.621882515820396e-09,4.904337775977744e-09,7.575728047499797e-10
45660.0,12.683333333333334,5.612991925084829e-09,4.895810170535584e-09,7.515609604419749e-10
45720.0,12.7,5.6041192839568776e-09,4.8873028899841174e-09,7.455937632034987e-10
45780.0,12.716666666666667,5.595264581269621e-09,4.8788159059794085e-09,7.396710020493694e-10
45840.0,12.733333333333333,5.5864278050414866e-09,4.870349189315155e-09,7.337924641791517e-10
45900.0,12.75,5.577608943225816e-09,4.861902710774775e-09,7.279579355908143e-10
45960.0,12.766666666666667,5.568807983487468e-09,4.853476440857911e-09,7.221672015074288e-10
46020.0,12.783333333333333,5.560024913222813e-09,4.845070349805491e-09,7.164200462542137e-10
46080.0,12.8,5.55125971956761e-09,4.836684407609929e-09,7.107162532998573e-10
46140.0,12.816666666666666,5.542512389397203e-09,4.828318584015831e-09,7.050556053027578e-10
46200.0,12.833333333333334,5.533782909328783e-09,4.819972848523278e-09,6.994378841237871e-10
46260.0,12.85,5.525071265781276e-09,4.811647170392642e-09,6.938628714618037e-10
46320.0,12.866666666666667,5.51637744459065e-09,4.803341518450935e-09,6.883303461383939e-10
46380.0,12.883333333333333,5.5077014320049475e-09,4.7950558618935e-09,6.828400888079088e-10
46440.0,12.9,5.499043213424643e-09,4.786790169022336e-09,6.773918785162912e-10
46500.0,12.916666666666666,5.4904027742339e-09,4.778544408192886e-09,6.719854934503871e-10
46560.0,12.933333333333334,5.48178009954775e-09,4.770318547505496e-09,6.666207113088772e-10
46620.0,12.95,5.473175174233774e-09,4.762112554832405e-09,6.612973091760366e-10
46680.0,12.966666666666667,5.464587982920466e-09,4.753926397828489e-09,6.560150635655175e-10
46740.0,12.983333333333333,5.456018509997121e-09,4.745760043931429e-09,6.507737504651726e-10
46800.0,13.0,5.447466739616213e-09,4.737613460365139e-09,6.455731453494981e-10
46860.0,13.016666666666667,5.438932655738406e-09,4.729486614124775e-09,6.404130237160666e-10
46920.0,13.033333333333333,5.43041624178432e-09,4.721379471834674e-09,6.352931587075915e-10
46980.0,13.05,5.4219174816341046e-09,4.713292000542249e-09,6.30213325465923e-10
47040.0,13.066666666666666,5.413436358281301e-09,4.705224166363112e-09,6.251732977167912e-10
47100.0,13.083333333333334,5.404972854753329e-09,4.697175935530566e-09,6.2017284867425e-10
47160.0,13.1,5.396526953828185e-09,4.689147274051262e-09,6.152117513452437e-10
47220.0,13.116666666666667,5.388098638057e-09,4.681138147733046e-09,6.10289778400715e-10
47280.0,13.133333333333333,5.3796878897731374e-09,4.673148522196569e-09,6.054067022209183e-10
47340.0,13.15,5.371294691091723e-09,4.66517836287487e-09,6.005622949377722e-10
47400.0,13.166666666666666,5.362919023912113e-09,4.657227635016874e-09,5.957563284465028e-10
47460.0,13.183333333333334,5.3545608699473914e-09,4.649296303652325e-09,5.909885748397154e-10
47520.0,13.2,5.346220210412568e-09,4.641384333499783e-09,5.862588043735111e-10
47580.0,13.216666666666667,5.3378970270348265e-09,4.633491689761321e-09,5.815667894616673e-10
47640.0,13.233333333333333,5.329591300609192e-09,4.625618336660989e-09,5.769123012729253e-10
47700.0,13.25,5.321303012015825e-09,4.617764238604774e-09,5.722951108070032e-10
47760.0,13.266666666666667,5.313032141905592e-09,4.609929359800226e-09,5.67714989124931e-10
47820.0,13.283333333333333,5.304778670722402e-09,4.602113664283866e-09,5.631717072173823e-10
47880.0,13.3,5.296542578713419e-09,4.594317115934013e-09,5.586650360508534e-10
47940.0,13.316666666666666,5.288323845928128e-09,4.586539678469725e-09,5.541947466065311e-10
48000.0,13.333333333333334,5.280122452220874e-09,4.578781315454336e-09,5.4976060989072e-10
48060.0,13.35,5.271938377264315e-09,4.571041990240143e-09,5.45362397265722e-10
48120.0,13.366666666666667,5.263771600273533e-09,4.5633216659242955e-09,5.409998787582129e-10
48180.0,13.383333333333333,5.255622101034e-09,4.555620306153931e-09,5.366728267000937e-10
48240.0,13.4,5.247489858346771e-09,4.5479378735440935e-09,5.323810123229219e-10
48300.0,13.416666666666666,5.2393748511499185e-09,4.540274330955405e-09,5.281242070177158e-10
48360.0,13.433333333333334,5.231277058172822e-09,4.5326296410780806e-09,5.239021824864624e-10
48420.0,13.45,5.223196457957036e-09,4.525003766457362e-09,5.197147106068232e-10
48480.0,13.466666666666667,5.215133028867935e-09,4.517396669507986e-09,5.155615634787097e-10
48540.0,13.483333333333333,5.207086749093241e-09,4.509808312512347e-09,5.114425134588604e-10
48600.0,13.5,5.199057596645657e-09,4.502238657624086e-09,5.073573331696443e-10
48660.0,13.516666666666667,5.1910455493597916e-09,4.494687666792556e-09,5.033057957284032e-10
48720.0,13.533333333333333,5.183050584651185e-09,4.487155301763737e-09,4.992876733881253e-10
48780.0,13.55,5.175072680569908e-09,4.479641524906353e-09,4.953027408408221e-10
48840.0,13.566666666666666,5.167111814122573e-09,4.472146297495227e-09,4.913507717930379e-10
48900.0,13.583333333333334,5.15916796250459e-09,4.464669581112898e-09,4.87431540415398e-10
48960.0,13.6,5.151241102724689e-09,4.4572113372004555e-09,4.835448214143143e-10
49020.0,13.616666666666667,5.143331211620816e-09,4.449771527076773e-09,4.796903898963107e-10
49080.0,13.633333333333333,5.1354382658753645e-09,4.442350111957023e-09,4.758680214169158e-10
49140.0,13.65,5.127562242012728e-09,4.4349470529498544e-09,4.72077491996199e-10
49200.0,13.666666666666666,5.119703116401247e-09,4.4275623110601545e-09,4.683185781289005e-10
49260.0,13.683333333333334,5.111860865234046e-09,4.420195847093995e-09,4.64591056928784e-10
49320.0,13.7,5.104035464321133e-09,4.412847621701033e-09,4.6089470507517554e-10
49380.0,13.716666666666667,5.096226890177418e-09,4.405517596232817e-09,4.572293018043337e-10
49440.0,13.733333333333333,5.088435118208563e-09,4.3982057308777715e-09,4.535946254506569e-10
49500.0,13.75,5.080660124060649e-09,4.390911986192486e-09,4.49990455088381e-10
49560.0,13.766666666666667,5.072901883214978e-09,4.3836363226201e-09,4.464165705267771e-10
49620.0,13.783333333333333,5.065160370999222e-09,4.376378700503761e-09,4.4287275216541413e-10
49680.0,13.8,5.05743556260471e-09,4.3691390801073326e-09,4.3935878104352067e-10
49740.0,13.816666666666666,5.049727433083612e-09,4.36191742161215e-09,4.3587443885234226e-10
49800.0,13.833333333333334,5.042035957350826e-09,4.354713685119624e-09,4.324195079423181e-10
49860.0,13.85,5.034361110147701e-09,4.347527830536347e-09,4.289937713744777e-10
49920.0,13.866666666666667,5.02670286586547e-09,4.3403598176540915e-09,4.2559701215965146e-10
49980.0,13.883333333333333,5.019061199677024e-09,4.3332096070521015e-09,4.222290159654049e-10
50040.0,13.9,5.011436085573724e-09,4.326077158070366e-09,4.1888956761034716e-10
50100.0,13.916666666666666,5.003827497837958e-09,4.318962430474808e-09,4.155784528930902e-10
50160.0,13.933333333333334,4.996235410610066e-09,4.3118653839460995e-09,4.122954585168449e-10
50220.0,13.95,4.988659797892838e-09,4.3047859780850755e-09,4.090403719335471e-10
50280.0,13.966666666666667,4.98110063357113e-09,4.297724172436086e-09,4.058129813936016e-10
50340.0,13.983333333333333,4.973557891408711e-09,4.290679926483179e-09,4.0261307595469187e-10
50400.0,14.0,4.966031545050064e-09,4.283653199652665e-09,3.9944044548622445e-10
50460.0,14.016666666666667,4.958521567966926e-09,4.276643951178838e-09,3.9629488063525094e-10
50520.0,14.033333333333333,4.951027933310506e-09,4.269652140217013e-09,3.9317617233035176e-10
50580.0,14.05,4.943550615096834e-09,4.262677726801768e-09,3.900841142375407e-10
50640.0,14.066666666666666,4.936089586082109e-09,4.255720669646186e-09,3.8701849919835943e-10
50700.0,14.083333333333334,4.9286448193624626e-09,4.248780927943591e-09,3.839791212350475e-10
50760.0,14.1,4.921216287915694e-09,4.241858460830571e-09,3.809657754136356e-10
50820.0,14.116666666666667,4.91380396459699e-09,4.234953227382047e-09,3.779782576746183e-10
50880.0,14.133333333333333,4.906407822161154e-09,4.228065186637399e-09,3.7501636488303734e-10
50940.0,14.15,4.899027833259118e-09,4.221194297596286e-09,3.720798948336926e-10
51000.0,14.166666666666666,4.891663970439668e-09,4.21434051922105e-09,3.691686462530905e-10
51060.0,14.183333333333334,4.8843162060788725e-09,4.207503810283756e-09,3.6628241868870343e-10
51120.0,14.2,4.876984512258061e-09,4.200684129507267e-09,3.6342101224638465e-10
51180.0,14.216666666666667,4.869668862012896e-09,4.19388143659142e-09,3.6058422983038246e-10
51240.0,14.233333333333333,4.8623692270354506e-09,4.1870956898271116e-09,3.5777187352021584e-10
51300.0,14.25,4.8550855794042445e-09,4.180326848035545e-09,3.549837467353802e-10
51360.0,14.266666666666667,4.847817891104341e-09,4.173574870010245e-09,3.522196540485872e-10
51420.0,14.283333333333333,4.8405661340119206e-09,4.166839714499145e-09,3.494794010006011e-10
51480.0,14.3,4.833330279919402e-09,4.1601213402338254e-09,3.467627941506586e-10
51540.0,14.316666666666666,4.826110300531669e-09,4.153419705924959e-09,3.440696410782731e-10
51600.0,14.333333333333334,4.818906167467709e-09,4.146734770264598e-09,3.4139975038294854e-10
51660.0,14.35,4.811717852173088e-09,4.140066491755288e-09,3.387529315064674e-10
51720.0,14.366666666666667,4.804545325820369e-09,4.133414828873958e-09,3.361289946710997e-10
51780.0,14.383333333333333,4.797388560632082e-09,4.126779741177636e-09,3.335277529386509e-10
51840.0,14.4,4.7902475273986915e-09,4.120161186722824e-09,3.309490185258695e-10
51900.0,14.416666666666666,4.783122197340506e-09,4.1135591241414446e-09,3.283926051071837e-10
51960.0,14.433333333333334,4.7760125416105604e-09,4.106973512067444e-09,3.2585832759157127e-10
52020.0,14.45,4.768918531265534e-09,4.100404309103272e-09,3.2334600191928395e-10
52080.0,14.466666666666667,4.76184013729395e-09,4.093851473852354e-09,3.2085544511261536e-10
52140.0,14.483333333333333,4.754777330612264e-09,4.0873149649143534e-09,3.1838647527467704e-10
52200.0,14.5,4.747730082066311e-09,4.0807947408872285e-09,3.1593891158716624e-10
52260.0,14.516666666666667,4.740698362307515e-09,4.07429076015696e-09,3.135125740695411e-10
52320.0,14.533333333333333,4.733682141810413e-09,4.067802981190985e-09,3.111072837163269e-10
52380.0,14.55,4.726681392082947e-09,4.061331363510152e-09,3.0872286434592176e-10
52440.0,14.566666666666666,4.719696083187335e-09,4.0548758651300175e-09,3.0635913892140447e-10
52500.0,14.583333333333334,4.712726185635503e-09,4.048436444658526e-09,3.040159319348336e-10
52560.0,14.6,4.705771669899757e-09,4.042013060736196e-09,3.016930691685598e-10
52620.0,14.616666666666667,4.698832506367343e-09,4.0356056719841625e-09,2.993903774718034e-10
52680.0,14.633333333333333,4.691908665371942e-09,4.029214237040075e-09,2.9710768481172547e-10
52740.0,14.65,4.685000117189697e-09,4.022838714553286e-09,2.948448202698014e-10
52800.0,14.666666666666666,4.6781068320404455e-09,4.016479063186666e-09,2.9260161403782414e-10
52860.0,14.683333333333334,4.671228779916159e-09,4.0101352413547765e-09,2.903778971181188e-10
52920.0,14.7,4.664365930771294e-09,4.003807207706978e-09,2.881735016580924e-10
52980.0,14.716666666666667,4.657518255510967e-09,3.997494921844823e-09,2.8598826255898193e-10
53040.0,14.733333333333333,4.650685723625766e-09,3.9911983419105875e-09,2.838220138707244e-10
53100.0,14.75,4.643868305059266e-09,3.984917426636325e-09,2.816745912001122e-10
53160.0,14.766666666666667,4.637065969744725e-09,3.978652134818285e-09,2.7954583147739107e-10
53220.0,14.783333333333333,4.63027868754042e-09,3.972402425243523e-09,2.77435572711014e-10
53280.0,14.8,4.623506428264591e-09,3.966168256729398e-09,2.7534365403901853e-10
53340.0,14.816666666666666,4.616749161691542e-09,3.9599495881188095e-09,2.732699157235838e-10
53400.0,14.833333333333334,4.6100068575526215e-09,3.953746378281715e-09,2.7121419914555405e-10
53460.0,14.85,4.603279485320841e-09,3.947558585807422e-09,2.6917634645509383e-10
53520.0,14.866666666666667,4.596567014552663e-09,3.941386169649124e-09,2.67156201075376e-10
53580.0,14.883333333333333,4.589869415698166e-09,3.935229089641603e-09,2.651536090941974e-10
53640.0,14.9,4.583186657808386e-09,3.9290873041878795e-09,2.631684157487263e-10
53700.0,14.916666666666666,4.5765187103887415e-09,3.922960772275614e-09,2.612004678267295e-10
53760.0,14.933333333333334,4.569865542965383e-09,3.916849452989405e-09,2.5924961345328997e-10
53820.0,14.95,4.563227124998373e-09,3.910753305413103e-09,2.573157018225357e-10
53880.0,14.966666666666667,4.5566034259202165e-09,3.904672288672904e-09,2.553985832492238e-10
53940.0,14.983333333333333,4.5499944151321444e-09,3.898606361932878e-09,2.5349810916219354e-10
54000.0,15.0,4.543400062004786e-09,3.892555484396046e-09,2.5161413209757645e-10
54060.0,15.016666666666667,4.536820335623271e-09,3.886519614956617e-09,2.4974650530998897e-10
54120.0,15.033333333333333,4.530255205256678e-09,3.880498712975979e-09,2.4789508341258815e-10
54180.0,15.05,4.5237046410420705e-09,3.874492738662685e-09,2.4605972358821424e-10
54240.0,15.066666666666666,4.517168611709405e-09,3.868501650794236e-09,2.442402821594654e-10
54300.0,15.083333333333334,4.51064708644797e-09,3.862525408731396e-09,2.4243661696832384e-10
54360.0,15.1,4.504140034499065e-09,3.856563971963934e-09,2.406485871919642e-10
54420.0,15.116666666666667,4.497647425045471e-09,3.85061729998752e-09,2.3887605304993645e-10
54480.0,15.133333333333333,4.491169227253983e-09,3.844685352350733e-09,2.3711887585695954e-10
54540.0,15.15,4.484705410271856e-09,3.838768088650874e-09,2.3537691801557334e-10
54600.0,15.166666666666666,4.478255943227126e-09,3.832865468534549e-09,2.33650043008304e-10
54660.0,15.183333333333334,4.471820794938625e-09,3.826977451315715e-09,2.319381149794268e-10
54720.0,15.2,4.465399934484444e-09,3.821103996848439e-09,2.3024099947398515e-10
54780.0,15.216666666666667,4.458993331834574e-09,3.815245065854815e-09,2.2855856452765762e-10
54840.0,15.233333333333333,4.452600955491809e-09,3.809400617569144e-09,2.2689067727391124e-10
54900.0,15.25,4.446222774447856e-09,3.803570611834451e-09,2.252372063286453e-10
54960.0,15.266666666666667,4.439858757771832e-09,3.797755008647615e-09,2.2359802162712176e-10
55020.0,15.283333333333333,4.433508874480047e-09,3.7919537680156185e-09,2.219729941038729e-10
55080.0,15.3,4.427173093584157e-09,3.786166850008318e-09,2.2036199575127275e-10
55140.0,15.316666666666666,4.4208513840870105e-09,3.780394214753649e-09,2.1876489961055565e-10
55200.0,15.333333333333334,4.414543714982583e-09,3.7746358224376575e-09,2.1718157976328567e-10
55260.0,15.35,4.4082500549356204e-09,3.768891632894321e-09,2.1561191089324248e-10
55320.0,15.366666666666667,4.401970372926744e-09,3.76316160654831e-09,2.1405576909410445e-10
55380.0,15.383333333333333,4.395704638873226e-09,3.757445704735658e-09,2.125130328671463e-10
55440.0,15.4,4.389452821159944e-09,3.751743887243188e-09,2.109835797741346e-10
55500.0,15.416666666666666,4.383214888680182e-09,3.746056114480183e-09,2.0946728880067915e-10
55560.0,15.433333333333334,4.376990810433899e-09,3.740382347038204e-09,2.0796404022508696e-10
55620.0,15.45,4.3707805553732e-09,3.734722545522068e-09,2.0647371527367924e-10
55680.0,15.466666666666667,4.364584092455628e-09,3.7290766706077296e-09,2.0499619618316347e-10
55740.0,15.483333333333333,4.3584013906397886e-09,3.723444683037275e-09,2.0353136619095624e-10
55800.0,15.5,4.352232418884822e-09,3.7178265436184053e-09,2.0207910952599294e-10
55860.0,15.516666666666667,4.346077145804345e-09,3.7122222127916894e-09,2.006393109595621e-10
55920.0,15.533333333333333,4.339935540365953e-09,3.706631651617479e-09,1.9921185665385615e-10
55980.0,15.55,4.3338075725383035e-09,3.7010548221314564e-09,1.977966350939913e-10
56040.0,15.566666666666666,4.327693210689419e-09,3.6954916847563523e-09,1.963935337955798e-10
56100.0,15.583333333333334,4.321592423703806e-09,3.689942200538298e-09,1.9500244162107704e-10
56160.0,15.6,4.3155051806060274e-09,3.6844063307379143e-09,1.9362324869138567e-10
56220.0,15.616666666666667,4.309431450377133e-09,3.6788840366313874e-09,1.9225584601895211e-10
56280.0,15.633333333333333,4.3033712020124475e-09,3.673375279572662e-09,1.9090012557200865e-10
56340.0,15.65,4.297324404517371e-09,3.667880020988682e-09,1.8955598026501178e-10
56400.0,15.666666666666666,4.291291026906394e-09,3.6623982223782986e-09,1.8822330394892684e-10
56460.0,15.683333333333334,4.285271037835897e-09,3.6569298448624367e-09,1.8690199095873347e-10
56520.0,15.7,4.27926440633625e-09,3.6514748501905046e-09,1.8559193697835227e-10
56580.0,15.716666666666667,4.273271102521576e-09,3.6460332011697954e-09,1.8429303992983196e-10
56640.0,15.733333333333333,4.2672910948361435e-09,3.6406048589309164e-09,1.8300519674492313e-10
56700.0,15.75,4.261324352236184e-09,3.635189785215081e-09,1.8172830561012757e-10
56760.0,15.766666666666667,4.2553708438556435e-09,3.6297879420141505e-09,1.8046226593122853e-10
56820.0,15.783333333333333,4.249430538788841e-09,3.624399291337211e-09,1.7920697794636816e-10
56880.0,15.8,4.2435034061519725e-09,3.619023795276197e-09,1.7796234279027108e-10
56940.0,15.816666666666666,4.237589415079496e-09,3.6136614160017892e-09,1.767282624855643e-10
57000.0,15.833333333333334,4.231688534722664e-09,3.6083121157617712e-09,1.7550463993263323e-10
57060.0,15.85,4.2258007338657895e-09,3.6029758564193598e-09,1.742913784604343e-10
57120.0,15.866666666666667,4.219925981669636e-09,3.5976526004558355e-09,1.7308838268692023e-10
57180.0,15.883333333333333,4.21406424847802e-09,3.5923423115092524e-09,1.718955593841055e-10
57240.0,15.9,4.208215502896942e-09,3.587044951479547e-09,1.707128143233976e-10
57300.0,15.916666666666666,4.202379714026135e-09,3.581760482850048e-09,1.6954005442697622e-10
57360.0,15.933333333333334,4.196556851185066e-09,3.576488868394818e-09,1.683771877943772e-10
57420.0,15.95,4.190746883657186e-09,3.5712300709063856e-09,1.6722412329758986e-10
57480.0,15.966666666666667,4.184949780754186e-09,3.5659840532637852e-09,1.6608077064355432e-10
57540.0,15.983333333333333,4.179165511813428e-09,3.5607507784295102e-09,1.6494704036696292e-10
57600.0,16.0,4.173394046195973e-09,3.555530209447376e-09,1.6382284381984507e-10
57660.0,16.016666666666666,4.167635352890793e-09,3.550322308973984e-09,1.6270809273112748e-10
57720.0,16.033333333333335,4.161889401248952e-09,3.5451270402557628e-09,1.6160270004545913e-10
57780.0,16.05,4.15615616191877e-09,3.539944367808968e-09,1.605065807786556e-10
57840.0,16.066666666666666,4.150435603746096e-09,3.5347742543547075e-09,1.5941964894671057e-10
57900.0,16.083333333333332,4.144727696037667e-09,3.529616663155314e-09,1.5834181960356897e-10
57960.0,16.1,4.139032408366366e-09,3.5244715578077806e-09,1.5727300893748064e-10
58020.0,16.116666666666667,4.133349710272552e-09,3.5193389019286858e-09,1.5621313385012093e-10
58080.0,16.133333333333333,4.127679571329986e-09,3.514218659223346e-09,1.5516211201577582e-10
58140.0,16.15,4.122021961144765e-09,3.5091107934843884e-09,1.5411986187614993e-10
58200.0,16.166666666666668,4.116376849352812e-09,3.50401526858905e-09,1.5308630262980793e-10
58260.0,16.183333333333334,4.110744205216447e-09,3.498932048028521e-09,1.5206135380485032e-10
58320.0,16.2,4.105123998329738e-09,3.4938610958392452e-09,1.510449360625859e-10
58380.0,16.216666666666665,4.09951619971123e-09,3.4888023774523685e-09,1.5003697205400573e-10
58440.0,16.233333333333334,4.093920778517743e-09,3.4837558564532966e-09,1.4903738344216938e-10
58500.0,16.25,4.088337704318787e-09,3.4787214969111986e-09,1.4804609280922835e-10
58560.0,16.266666666666666,4.082766947000638e-09,3.4736992632774895e-09,1.4706302382866357e-10
58620.0,16.283333333333335,4.077208476420716e-09,3.468689120024393e-09,1.4608810083042225e-10
58680.0,16.3,4.071662262473781e-09,3.463691031713814e-09,1.4512124885537238e-10
58740.0,16.316666666666666,4.0661282750929145e-09,3.4587049629980068e-09,1.4416239365255912e-10
58800.0,16.333333333333332,4.060606484246443e-09,3.453730878616334e-09,1.432114616685786e-10
58860.0,16.35,4.055096859554045e-09,3.448768742950644e-09,1.4226837965308002e-10
58920.0,16.366666666666667,4.049599370906643e-09,3.443818520852966e-09,1.4133307539333112e-10
58980.0,16.383333333333333,4.044113989692878e-09,3.438880178636991e-09,1.404054785333356e-10
59040.0,16.4,4.038640685440428e-09,3.4339536807830195e-09,1.394855177842413e-10
59100.0,16.416666666666668,4.03317942806413e-09,3.4290389922220936e-09,1.385731226977228e-10
59160.0,16.433333333333334,4.0277301878136855e-09,3.4241360782806175e-09,1.376682238416889e-10
59220.0,16.45,4.022292934915578e-09,3.419244904309069e-09,1.3677075238587818e-10
59280.0,16.466666666666665,4.016867639637717e-09,3.414365435748681e-09,1.358806401525917e-10
59340.0,16.483333333333334,4.011454272291257e-09,3.4094976381329645e-09,1.3499781961457838e-10
59400.0,16.5,4.00605280322737e-09,3.4046414770843214e-09,1.3412222388503168e-10
59460.0,16.516666666666666,4.000663202483205e-09,3.3997969179056396e-09,1.3325378636146155e-10
59520.0,16.533333333333335,3.9952854402982264e-09,3.394963926287484e-09,1.3239244138222352e-10
59580.0,16.55,3.989919488454273e-09,3.390142469418809e-09,1.3153812499536718e-10
59640.0,16.566666666666666,3.984565316897301e-09,3.3853325126920925e-09,1.3069077238359996e-10
59700.0,16.583333333333332,3.979222895948575e-09,3.3805340219322147e-09,1.2985031951037225e-10
59760.0,16.6,3.9738921962663715e-09,3.3757469633559786e-09,1.2901670327008864e-10
59820.0,16.616666666666667,3.968573188491671e-09,3.3709713032078014e-09,1.281898611068847e-10
59880.0,16.633333333333333,3.963265843310771e-09,3.3662070078237306e-09,1.2736973106239325e-10
59940.0,16.65,3.957970131457346e-09,3.361454043633204e-09,1.265562517734827e-10
60000.0,16.666666666666668,3.9526860237092065e-09,3.356712377155717e-09,1.2574936246312474e-10
60060.0,16.683333333333334,3.947413490563885e-09,3.3519819746276674e-09,1.2494900262022635e-10
60120.0,16.7,3.942152502652886e-09,3.347262802592645e-09,1.2415511258216352e-10
60180.0,16.716666666666665,3.936903032192156e-09,3.3425548291263827e-09,1.233676342589218e-10
60240.0,16.733333333333334,3.931665049587283e-09,3.3378580205446643e-09,1.2258650875889196e-10
60300.0,16.75,3.9264385256068795e-09,3.3331723435773105e-09,1.2181167791276532e-10
60360.0,16.766666666666666,3.921223431357813e-09,3.328497765341832e-09,1.2104308440189831e-10
60420.0,16.783333333333335,3.916019737934982e-09,3.3238342529862645e-09,1.2028067140833722e-10
60480.0,16.8,3.91082741648193e-09,3.3191817737506134e-09,1.19524382659632e-10
60540.0,16.816666666666666,3.905646438193067e-09,3.314540294968811e-09,1.187741624265251e-10
60600.0,16.833333333333332,3.900476774310499e-09,3.3099097840654203e-09,1.1802995551464793e-10
60660.0,16.85,3.895318395828813e-09,3.3052902082167684e-09,1.172917069777804e-10
60720.0,16.866666666666667,3.890171273809108e-09,3.300681534828169e-09,1.1655936263115666e-10
60780.0,16.883333333333333,3.885035380936383e-09,3.296083732867908e-09,1.1583286973538285e-10
60840.0,16.9,3.8799106881111915e-09,3.291496769580451e-09,1.1511217480936758e-10
60900.0,16.916666666666668,3.874797166584426e-09,3.28692061260592e-09,1.1439722503801497e-10
60960.0,16.933333333333334,3.869694787945678e-09,3.2823552299672865e-09,1.1368796838189814e-10
61020.0,16.95,3.86460352377738e-09,3.277800589720415e-09,1.1298435325651567e-10
61080.0,16.966666666666665,3.859523345713347e-09,3.2732566600129672e-09,1.12286328574215e-10
61140.0,16.983333333333334,3.854454225441226e-09,3.2687234090865783e-09,1.1159384374190456e-10
61200.0,17.0,3.849396134699335e-09,3.2642008052735686e-09,1.1090684865352185e-10
61260.0,17.016666666666666,3.844349045010257e-09,3.2596888166913624e-09,1.1022529343411719e-10
61320.0,17.033333333333335,3.839312927896725e-09,3.2551874116106167e-09,1.0954912888912017e-10
61380.0,17.05,3.834287756542273e-09,3.25069655989299e-09,1.0887830715166711e-10
61440.0,17.066666666666666,3.829273502372099e-09,3.24621622971192e-09,1.082127796692542e-10
61500.0,17.083333333333332,3.824270137148873e-09,3.2417463896183084e-09,1.0755249850174278e-10
61560.0,17.1,3.8192776329736155e-09,3.2372870085404864e-09,1.0689741641506692e-10
61620.0,17.116666666666667,3.8142959619445024e-09,3.232838055441567e-09,1.0624748658769319e-10
61680.0,17.133333333333333,3.809325096213318e-09,3.2283994993758872e-09,1.0560266264973796e-10
61740.0,17.15,3.8043650079881545e-09,3.223971309491337e-09,1.0496289868075032e-10
61800.0,17.166666666666668,3.799415669530226e-09,3.2195534550261537e-09,1.0432814920290677e-10
61860.0,17.183333333333334,3.794477052915738e-09,3.215145905035438e-09,1.0369836895331015e-10
61920.0,17.2,3.789549130156069e-09,3.2107486286544433e-09,1.0307351327457293e-10
61980.0,17.216666666666665,3.784631874957668e-09,3.206361596634717e-09,1.0245353872853812e-10
62040.0,17.233333333333334,3.779725259294984e-09,3.2019847780746295e-09,1.0183840124369499e-10
62100.0,17.25,3.774829255466879e-09,3.1976181424320772e-09,1.0122805731027892e-10
62160.0,17.266666666666666,3.769943836109562e-09,3.1932616595364825e-09,1.0062246406036525e-10
62220.0,17.283333333333335,3.7650689738602016e-09,3.1889152992535447e-09,1.000215789995248e-10
62280.0,17.3,3.760204641411388e-09,3.1845790315392224e-09,9.942536004324165e-11
62340.0,17.316666666666666,3.755350811513987e-09,3.1802528264422656e-09,9.883376551480869e-11
62400.0,17.333333333333332,3.750507456974007e-09,3.1759366541010422e-09,9.824675413917957e-11
62460.0,17.35,3.745674550442059e-09,3.1716304845010328e-09,9.766428484097057e-11
62520.0,17.366666666666667,3.740852064440537e-09,3.1673342876375597e-09,9.708631708166679e-11
62580.0,17.383333333333333,3.736039973218589e-09,3.1630480351449123e-09,9.651281144223958e-11
62640.0,17.4,3.731238249319827e-09,3.1587716970386533e-09,9.59437279189365e-11
62700.0,17.416666666666668,3.726446865599123e-09,3.1545052436762437e-09,9.537902702232275e-11
62760.0,17.433333333333334,3.7216657952470636e-09,3.150248645780386e-09,9.481866984579304e-11
62820.0,17.45,3.7168950114586017e-09,3.1460018741111856e-09,9.426261782046503e-11
62880.0,17.466666666666665,3.7121344874854744e-09,3.1417648995177525e-09,9.371083274902803e-11
62940.0,17.483333333333334,3.707384196639249e-09,3.1375376929408952e-09,9.316327680376284e-11
63000.0,17.5,3.702644112288238e-09,3.1333202254100133e-09,9.261991252100921e-11
63060.0,17.516666666666666,3.6979142076738615e-09,3.1291124678303514e-09,9.208070262244299e-11
63120.0,17.533333333333335,3.693194455847653e-09,3.1249143910495785e-09,9.154561030406965e-11
63180.0,17.55,3.6884848316170486e-09,3.1207259675744673e-09,9.101459978986484e-11
63240.0,17.566666666666666,3.6837853081104884e-09,3.1165471683268957e-09,9.048763476418714e-11
63300.0,17.583333333333332,3.679095858754484e-09,3.1123779645533794e-09,8.996467938154997e-11
63360.0,17.6,3.6744164573090803e-09,3.1082183278590883e-09,8.944569832527876e-11
63420.0,17.616666666666667,3.669747077541688e-09,3.1040682298874213e-09,8.893065658378286e-11
63480.0,17.633333333333333,3.665087693277506e-09,3.0999276423692362e-09,8.841951948195848e-11
63540.0,17.65,3.660438278402726e-09,3.0957965371257578e-09,8.791225267935209e-11
63600.0,17.666666666666668,3.6557988068614906e-09,3.0916748860655212e-09,8.74088221651841e-11
63660.0,17.683333333333334,3.651169252498471e-09,3.0875626610001647e-09,8.69091941006298e-11
63720.0,17.7,3.6465495889086183e-09,3.0834598336192497e-09,8.641333506450942e-11
63780.0,17.716666666666665,3.6419397914694636e-09,3.0793663772891776e-09,8.59212125797824e-11
63840.0,17.733333333333334,3.637339833906066e-09,3.0752822638246423e-09,8.54327936715519e-11
63900.0,17.75,3.6327496902284466e-09,3.071207465348138e-09,8.494804579414921e-11
63960.0,17.766666666666666,3.6281693347774482e-09,3.067141954333983e-09,8.446693688142918e-11
64020.0,17.783333333333335,3.6235987419039398e-09,3.0630857032952554e-09,8.398943514264628e-11
64080.0,17.8,3.6190378860172232e-09,3.0590386848307837e-09,8.351550909155086e-11
64140.0,17.816666666666666,3.6144867415884274e-09,3.0550008716281816e-09,8.30451275446978e-11
64200.0,17.833333333333332,3.6099452831474938e-09,3.0509722364608783e-09,8.257825961697971e-11
64260.0,17.85,3.605413485151171e-09,3.0469527520312398e-09,8.211487458278935e-11
64320.0,17.866666666666667,3.6008913217486615e-09,3.0429423908580174e-09,8.165494208300737e-11
64380.0,17.883333333333333,3.5963787688959666e-09,3.0389411271522435e-09,8.119843262597516e-11
64440.0,17.9,3.5918758009231266e-09,3.0349489336057495e-09,8.074531626076505e-11
64500.0,17.916666666666668,3.5873823924321e-09,3.0309657832018017e-09,8.029556342790325e-11
64560.0,17.933333333333334,3.5828985183525442e-09,3.0269916492684744e-09,7.984914500258591e-11
64620.0,17.95,3.5784241536264506e-09,3.02302650517291e-09,7.94060321084811e-11
64680.0,17.966666666666665,3.5739592732545953e-09,3.019070324366093e-09,7.896619614466779e-11
64740.0,17.983333333333334,3.5695038523001e-09,3.0151230803860744e-09,7.852960878408272e-11
64800.0,18.0,3.5650578658854733e-09,3.011184746855024e-09,7.809624196951649e-11
64860.0,18.016666666666666,3.560621289085158e-09,3.0072552973485023e-09,7.766606779170293e-11
64920.0,18.033333333333335,3.556194096610315e-09,3.003334705199882e-09,7.723905866187057e-11
64980.0,18.05,3.5517762650007545e-09,2.9994229454480632e-09,7.681518778864225e-11
65040.0,18.066666666666666,3.547367769196742e-09,2.995519991644584e-09,7.639442795697365e-11
65100.0,18.083333333333332,3.542968584397575e-09,2.991625817616547e-09,7.59767523085289e-11
65160.0,18.1,3.5385786861267236e-09,2.9877403975287148e-09,7.556213437890156e-11
65220.0,18.116666666666667,3.5341980499220075e-09,2.9838637055849986e-09,7.515054792779728e-11
65280.0,18.133333333333333,3.5298266513801175e-09,2.9799957160711597e-09,7.47419669639377e-11
65340.0,18.15,3.52546446616034e-09,2.9761364033581185e-09,7.433636574365568e-11
65400.0,18.166666666666668,3.5211114699816095e-09,2.9722857418991016e-09,7.393371876730239e-11
65460.0,18.183333333333334,3.5167676385388643e-09,2.9684437061238436e-09,7.353400067247216e-11
65520.0,18.2,3.5124329471101256e-09,2.9646102701642486e-09,7.313718637603315e-11
65580.0,18.216666666666665,3.5081073728216254e-09,2.9607854098689284e-09,7.274325152827988e-11
65640.0,18.233333333333334,3.503790891225278e-09,2.956969099629242e-09,7.235217138812729e-11
65700.0,18.25,3.499483478124509e-09,2.9531613141017343e-09,7.196392154173641e-11
65760.0,18.266666666666666,3.4951851096364137e-09,2.949362028266959e-09,7.157847792893057e-11
65820.0,18.283333333333335,3.490895761892972e-09,2.9455712171435566e-09,7.119581669137861e-11
65880.0,18.3,3.486615411092216e-09,2.94178885583686e-09,7.081591419993129e-11
65940.0,18.316666666666666,3.48234403349165e-09,2.9380149195323285e-09,7.043874704699328e-11
66000.0,18.333333333333332,3.4780816054068125e-09,2.9342493834940775e-09,7.006429204458262e-11
66060.0,18.35,3.4738281031535475e-09,2.930492222986027e-09,6.96925261330629e-11
66120.0,18.366666666666667,3.4695835025793235e-09,2.926743412921483e-09,6.932342649537212e-11
66180.0,18.383333333333333,3.4653477813970116e-09,2.9230029299395082e-09,6.895697098931173e-11
66240.0,18.4,3.4611209157723594e-09,2.9192707492534482e-09,6.85931371120068e-11
66300.0,18.416666666666668,3.456902882104977e-09,2.9155468463220135e-09,6.823190265624849e-11
66360.0,18.433333333333334,3.4526936571106157e-09,2.9118311969270458e-09,6.787324573837486e-11
66420.0,18.45,3.4484932175226137e-09,2.9081237768892665e-09,6.751714465698528e-11
66480.0,18.466666666666665,3.444301540132675e-09,2.9044245621069087e-09,6.716357791418286e-11
66540.0,18.483333333333334,3.4401186017948743e-09,2.9007335285592987e-09,6.681252421443682e-11
66600.0,18.5,3.4359443794228315e-09,2.8970506523041383e-09,6.646396246169648e-11
66660.0,18.516666666666666,3.431778849950913e-09,2.8933759094180114e-09,6.611787167813989e-11
66720.0,18.533333333333335,3.4276219897959926e-09,2.8897092755770943e-09,6.577423109553843e-11
66780.0,18.55,3.423473777255649e-09,2.8860507281908283e-09,6.543302056747184e-11
66840.0,18.566666666666666,3.4193341891063065e-09,2.882400243272725e-09,6.509421961460801e-11
66900.0,18.583333333333332,3.415203202346033e-09,2.878757797067378e-09,6.475780802663383e-11
66960.0,18.6,3.411080794284588e-09,2.8751233661352048e-09,6.442376588653103e-11
67020.0,18.616666666666667,3.406966942250629e-09,2.871496927075176e-09,6.40920734416636e-11
67080.0,18.633333333333333,3.4028616236306233e-09,2.8678784565615144e-09,6.37627111233786e-11
67140.0,18.65,3.398764815873013e-09,2.86426793134741e-09,6.343565954598952e-11
67200.0,18.666666666666668,3.3946764964854165e-09,2.8606653282623445e-09,6.311089950419017e-11
67260.0,18.683333333333334,3.3905966430169893e-09,2.8570706241740706e-09,6.278841190248998e-11
67320.0,18.7,3.3865252324524432e-09,2.853483795502864e-09,6.246817782577601e-11
67380.0,18.716666666666665,3.3824622436703075e-09,2.849904820407869e-09,6.215017893218181e-11
67440.0,18.733333333333334,3.3784076540537063e-09,2.8463336756814206e-09,6.1834396572439e-11
67500.0,18.75,3.3743614411954457e-09,2.842770338333188e-09,6.152081234199382e-11
67560.0,18.766666666666666,3.3703235829954044e-09,2.8392147856813618e-09,6.120940810224535e-11
67620.0,18.783333333333335,3.3662940573734255e-09,2.8356669950822784e-09,6.090016586288336e-11
67680.0,18.8,3.3622728423064737e-09,2.8321269439652245e-09,6.059306779996293e-11
67740.0,18.816666666666666,3.3582599158329197e-09,2.828594609836283e-09,6.028809625500363e-11
67800.0,18.833333333333332,3.3542552560497977e-09,2.8250699702757226e-09,5.99852337326685e-11
67860.0,18.85,3.3502588411154015e-09,2.8215530029203146e-09,5.968446283968769e-11
67920.0,18.866666666666667,3.346270648578885e-09,2.8180436849150164e-09,5.938576633722736e-11
67980.0,18.883333333333333,3.342290657894361e-09,2.814541995147601e-09,5.908912751541068e-11
68040.0,18.9,3.3383188470460278e-09,2.8110479111674957e-09,5.879452938038725e-11
68100.0,18.916666666666668,3.334355194216132e-09,2.8075614107282445e-09,5.850195516087982e-11
68160.0,18.933333333333334,3.3303996778891643e-09,2.804082471884669e-09,5.821138832686799e-11
68220.0,18.95,3.3264522765704894e-09,2.800611072729217e-09,5.792281248214622e-11
68280.0,18.966666666666665,3.322512968821761e-09,2.7971471914249978e-09,5.763621138098573e-11
68340.0,18.983333333333334,3.318581733265333e-09,2.7936908062097164e-09,5.7351568927339604e-11
68400.0,19.0,3.3146585485815616e-09,2.7902418953931316e-09,5.706886917276277e-11
68460.0,19.016666666666666,3.3107433935307825e-09,2.786800437358632e-09,5.6788096263736636e-11
68520.0,19.033333333333335,3.3068362462217237e-09,2.783366409956125e-09,5.6509234478191824e-11
68580.0,19.05,3.30293708667731e-09,2.7799397927807222e-09,5.6232268582614906e-11
68640.0,19.066666666666666,3.299045893475804e-09,2.7765205641169915e-09,5.595718308102474e-11
68700.0,19.083333333333332,3.2951626453821745e-09,2.7731087024409357e-09,5.5683962679864716e-11
68760.0,19.1,3.2912873214586757e-09,2.769704186522655e-09,5.5412592304535625e-11
68820.0,19.116666666666667,3.2874199007891743e-09,2.766306995169298e-09,5.5143057001236794e-11
68880.0,19.133333333333333,3.283560362512901e-09,2.7629171072563697e-09,5.487534195232394e-11
68940.0,19.15,3.2797086858289345e-09,2.7595345017317833e-09,5.4609432475608e-11
69000.0,19.166666666666668,3.2758648499935887e-09,2.7561591576133413e-09,5.4345314022488535e-11
69060.0,19.183333333333334,3.272028834360884e-09,2.7527910540085887e-09,5.40829721327212e-11
69120.0,19.2,3.26820061759298e-09,2.7494301694524563e-09,5.3822392457171835e-11
69180.0,19.216666666666665,3.2643801802736593e-09,2.746076484226022e-09,5.356356109839686e-11
69240.0,19.233333333333334,3.2605675015670197e-09,2.7427299773269936e-09,5.330646391622393e-11
69300.0,19.25,3.2567625608128725e-09,2.7393906279323426e-09,5.305108695458169e-11
69360.0,19.266666666666666,3.252965337643201e-09,2.736058415506032e-09,5.2797416456227146e-11
69420.0,19.283333333333335,3.249175811712224e-09,2.7327333195484548e-09,5.25454387730153e-11
69480.0,19.3,3.245393962728481e-09,2.7294153196260785e-09,5.229514038005049e-11
69540.0,19.316666666666666,3.2416197704594333e-09,2.7261043953755613e-09,5.204650787507386e-11
69600.0,19.333333333333332,3.237853214728896e-09,2.722800526501329e-09,5.179952797678591e-11
69660.0,19.35,3.234094275475153e-09,2.719503692812635e-09,5.155418748619371e-11
69720.0,19.366666666666667,3.23034293190656e-09,2.716213873509489e-09,5.131047329744677e-11
69780.0,19.383333333333333,3.2265991651588004e-09,2.712931049537609e-09,5.106837272273522e-11
69840.0,19.4,3.222862954972572e-09,2.7096552005858743e-09,5.082787284963258e-11
69900.0,19.416666666666668,3.2191342812535966e-09,2.706386306510801e-09,5.058896093316125e-11
69960.0,19.433333333333334,3.2154131241946064e-09,2.703124347448879e-09,5.035162440900248e-11
70020.0,19.45,3.211699464011038e-09,2.69986930357235e-09,5.0115850811418957e-11
70080.0,19.466666666666665,3.2079932809715405e-09,2.6966211551172822e-09,4.9881627786293116e-11
70140.0,19.483333333333334,3.204294555402658e-09,2.6933798823877354e-09,4.964894309059288e-11
70200.0,19.5,3.200603267686328e-09,2.6901454657534373e-09,4.94177845908656e-11
70260.0,19.516666666666666,3.1969193983347965e-09,2.6869178857030635e-09,4.91881402303946e-11
70320.0,19.533333333333335,3.1932429270944595e-09,2.683697122081801e-09,4.8959998029758905e-11
70380.0,19.55,3.1895738356431036e-09,2.680483156478847e-09,4.873334639684532e-11
70440.0,19.566666666666666,3.1859121042879236e-09,2.6772759692524596e-09,4.8508173531544195e-11
70500.0,19.583333333333332,3.182257713490802e-09,2.6740755409174106e-09,4.828446778606775e-11
70560.0,19.6,3.1786106439953837e-09,2.6708818522615316e-09,4.806221767688613e-11
70620.0,19.616666666666667,3.174970876568398e-09,2.6676948841077195e-09,4.784141180959811e-11
70680.0,19.633333333333333,3.1713383920285893e-09,2.6645146173404537e-09,4.762203889094335e-11
70740.0,19.65,3.1677131712515332e-09,2.6613410329100608e-09,4.740408772833898e-11
70800.0,19.666666666666668,3.1640951951671344e-09,2.6581741118304155e-09,4.718754722852518e-11
70860.0,19.683333333333334,3.160484444850576e-09,2.655013835247589e-09,4.69724063698488e-11
70920.0,19.7,3.1568809005773483e-09,2.6518601836322216e-09,4.675865419399548e-11
70980.0,19.716666666666665,3.153284544556846e-09,2.6487131391960325e-09,4.654628010187596e-11
71040.0,19.733333333333334,3.149695357651959e-09,2.6455726829451327e-09,4.633527330165473e-11
71100.0,19.75,3.1461133208702808e-09,2.6424387960314975e-09,4.612562314008188e-11
71160.0,19.766666666666666,3.14253841549587e-09,2.6393114598733784e-09,4.5917319113358794e-11
71220.0,19.783333333333335,3.1389706228361234e-09,2.63619065592336e-09,4.57103507983179e-11
71280.0,19.8,3.135409924249258e-09,2.633076365693431e-09,4.5504707863488647e-11
71340.0,19.816666666666666,3.1318563011491437e-09,2.6299685707592916e-09,4.5300380068699115e-11
71400.0,19.833333333333332,3.1283097350029118e-09,2.626867252758127e-09,4.5097357263856783e-11
71460.0,19.85,3.124770207437024e-09,2.623772393471685e-09,4.489562936574855e-11
71520.0,19.866666666666667,3.1212376992464967e-09,2.6206839739765444e-09,4.469518634222961e-11
71580.0,19.883333333333333,3.1177121931612866e-09,2.617601977086327e-09,4.449601849470004e-11
71640.0,19.9,3.114193670588596e-09,2.614526384433769e-09,4.429811594580842e-11
71700.0,19.916666666666668,3.110682113070707e-09,2.6114571777873207e-09,4.410146894432117e-11
71760.0,19.933333333333334,3.1071775024210245e-09,2.608394339175033e-09,4.390606787508262e-11
71820.0,19.95,3.1036798204764984e-09,2.605337850658563e-09,4.3711903195928536e-11
71880.0,19.966666666666665,3.100189049123614e-09,2.60228769435681e-09,4.35189654478794e-11
71940.0,19.983333333333334,3.096705170303333e-09,2.5992438524503147e-09,4.3327245254799895e-11
72000.0,20.0,3.0932281660087257e-09,2.5962063071790506e-09,4.3136733322301956e-11
72060.0,20.016666666666666,3.0897580184054395e-09,2.5931750409391207e-09,4.2947420418519373e-11
72120.0,20.033333333333335,3.0862947087979223e-09,2.5901500353938203e-09,4.2759297351881784e-11
72180.0,20.05,3.0828382204251593e-09,2.5871312739384133e-09,4.257235524086428e-11
72240.0,20.066666666666666,3.079388535226873e-09,2.5841187388114363e-09,4.238658503803697e-11
72300.0,20.083333333333332,3.075945635268541e-09,2.581112412377434e-09,4.2201977810770064e-11
72360.0,20.1,3.072509502881436e-09,2.578112277254015e-09,4.201852475043163e-11
72420.0,20.116666666666667,3.0690801204204927e-09,2.575118316091658e-09,4.1836217114509405e-11
72480.0,20.133333333333333,3.0656574702888705e-09,2.572130511595988e-09,4.1655046236001354e-11
72540.0,20.15,3.0622415349429914e-09,2.5691488465322107e-09,4.147500352312739e-11
72600.0,20.166666666666668,3.058832296890207e-09,2.5661733037229826e-09,4.1296080458339363e-11
72660.0,20.183333333333334,3.05542973882289e-09,2.563203866157859e-09,4.1118268582594276e-11
72720.0,20.2,3.0520338425443794e-09,2.5602405160679817e-09,4.094155946770307e-11
72780.0,20.216666666666665,3.0486445917908803e-09,2.5572832374104156e-09,4.076594497400014e-11
72840.0,20.233333333333334,3.045261969022433e-09,2.554332013009072e-09,4.059141680771243e-11
72900.0,20.25,3.0418859568159084e-09,2.5513868258046507e-09,4.041796677959373e-11
72960.0,20.266666666666666,3.0385165380086126e-09,2.5484476589844875e-09,4.024558681347818e-11
73020.0,20.283333333333335,3.035153695461575e-09,2.5455144957680592e-09,4.007426889313699e-11
73080.0,20.3,3.0317974120827288e-09,2.5425873194279397e-09,3.990400507093051e-11
73140.0,20.316666666666666,3.0284476708320283e-09,2.5396661132942803e-09,3.9734787467564596e-11
73200.0,20.333333333333332,3.0251044547191465e-09,2.5367508607527303e-09,3.95666082712001e-11
73260.0,20.35,3.0217677469504408e-09,2.533841545365876e-09,3.939945972479308e-11
73320.0,20.366666666666667,3.0184375298173127e-09,2.530938149914225e-09,3.923333409389589e-11
73380.0,20.383333333333333,3.0151137875410853e-09,2.5280406588972242e-09,3.9068223912856583e-11
73440.0,20.4,3.011796503089704e-09,2.5251490557042443e-09,3.8904121572752345e-11
73500.0,20.416666666666668,3.0084856595393364e-09,2.5222633238326117e-09,3.874101955986371e-11
73560.0,20.433333333333334,3.0051812402212786e-09,2.5193834470200354e-09,3.857891046367879e-11
73620.0,20.45,3.0018832284905175e-09,2.5165094090356212e-09,3.841778692805957e-11
73680.0,20.466666666666665,2.9985916077476385e-09,2.5136411936995675e-09,3.82576416592099e-11
73740.0,20.483333333333334,2.9953063614439645e-09,2.5107787848877125e-09,3.8098467425476947e-11
73800.0,20.5,2.992027473079324e-09,2.5079221665294878e-09,3.794025705654452e-11
73860.0,20.516666666666666,2.9887549263611666e-09,2.5050713227405883e-09,3.778300343346696e-11
73920.0,20.533333333333335,2.985488704057863e-09,2.5022262368328087e-09,3.7626699452685555e-11
73980.0,20.55,2.982228790863585e-09,2.499386893829067e-09,3.747133826133838e-11
74040.0,20.566666666666666,2.978975170241609e-09,2.496553277664745e-09,3.731691287325086e-11
74100.0,20.583333333333332,2.9757278257551416e-09,2.493725372374765e-09,3.716341638898801e-11
74160.0,20.6,2.972486741217226e-09,2.49090316222832e-09,3.7010842003394386e-11
74220.0,20.616666666666667,2.969251900464542e-09,2.488086631525254e-09,3.6859182960673936e-11
74280.0,20.633333333333333,2.96602328737805e-09,2.485275764614589e-09,3.6708432561737586e-11
74340.0,20.65,2.9628008858884138e-09,2.482470545899318e-09,3.655858416411573e-11
74400.0,20.666666666666668,2.9595846799731985e-09,2.479670959833807e-09,3.6409631181025485e-11
74460.0,20.683333333333334,2.956374653827346e-09,2.476876991066916e-09,3.6261567073763843e-11
74520.0,20.7,2.95317079068538e-09,2.4740886234245047e-09,3.6114385313058274e-11
74580.0,20.716666666666665,2.9499730757019724e-09,2.471305842434547e-09,3.596807960356235e-11
74640.0,20.733333333333334,2.9467814928230316e-09,2.4685286325594923e-09,3.5822643525770615e-11
74700.0,20.75,2.943596026086446e-09,2.465756978353346e-09,3.567807073923623e-11
74760.0,20.766666666666666,2.9404166597746897e-09,2.4629908645983927e-09,3.553435498970816e-11
74820.0,20.783333333333335,2.937243378193765e-09,2.460230276106837e-09,3.53914900677801e-11
74880.0,20.8,2.9340761656926348e-09,2.4574751977381803e-09,3.524946981566048e-11
74940.0,20.816666666666666,2.9309150066686735e-09,2.4547256144040485e-09,3.510828812711163e-11
75000.0,20.833333333333332,2.927759885564938e-09,2.451981511065654e-09,3.4967938946605914e-11
75060.0,20.85,2.9246107870514067e-09,2.4492428728867423e-09,3.482841626377774e-11
75120.0,20.866666666666667,2.921467694816969e-09,2.4465096841896333e-09,3.468971407220854e-11
75180.0,20.883333333333333,2.918330594464397e-09,2.443781930989455e-09,3.455182658413772e-11
75240.0,20.9,2.915199470409516e-09,2.4410595982573295e-09,3.441474789607347e-11
75300.0,20.916666666666668,2.9120743071524847e-09,2.4383426710483267e-09,3.427847217660357e-11
75360.0,20.933333333333334,2.9089550894328603e-09,2.4356311346399386e-09,3.414299367319289e-11
75420.0,20.95,2.905841802013579e-09,2.4329249743388815e-09,3.400830667407725e-11
75480.0,20.966666666666665,2.902734429699219e-09,2.4302241754973332e-09,3.387440551450673e-11
75540.0,20.983333333333334,2.8996329573414864e-09,2.4275287235177955e-09,3.374128457670796e-11
75600.0,21.0,2.8965373698365417e-09,2.4248386038506354e-09,3.360893828911844e-11
75660.0,21.016666666666666,2.8934476523131306e-09,2.422153802153281e-09,3.347736112231205e-11
75720.0,21.033333333333335,2.890363788912993e-09,2.419474303236643e-09,3.334654754737156e-11
75780.0,21.05,2.887285765664392e-09,2.4168000935764795e-09,3.321649223796827e-11
75840.0,21.066666666666666,2.8842135674443038e-09,2.4141311586382486e-09,3.3087189761242315e-11
75900.0,21.083333333333332,2.881147179202253e-09,2.4114674839601066e-09,3.295863474958943e-11
75960.0,21.1,2.878086586122778e-09,2.4088090552976524e-09,3.2830821907767786e-11
76020.0,21.116666666666667,2.8750317734133355e-09,2.4061558584347034e-09,3.2703745977573995e-11
76080.0,21.133333333333333,2.8719827263217518e-09,2.4035078791988398e-09,3.2577401743674214e-11
76140.0,21.15,2.868939430141725e-09,2.4008651034662204e-09,3.245178403357169e-11
76200.0,21.166666666666668,2.8659018702101742e-09,2.398227517159181e-09,3.232688771690936e-11
76260.0,21.183333333333334,2.862870032097866e-09,2.395595106407761e-09,3.220270770230225e-11
76320.0,21.2,2.8598439003995492e-09,2.392967856505455e-09,3.207923889746509e-11
76380.0,21.216666666666665,2.856823461544706e-09,2.390345754361207e-09,3.195647639560895e-11
76440.0,21.233333333333334,2.8538087008634207e-09,2.3877287859215667e-09,3.183441519351839e-11
76500.0,21.25,2.8507996037416407e-09,2.3851169371902872e-09,3.1713050346490064e-11
76560.0,21.266666666666666,2.8477961557969235e-09,2.382510194384495e-09,3.159237697639955e-11
76620.0,21.283333333333335,2.844798342668865e-09,2.3799085437482544e-09,3.147239023872943e-11
76680.0,21.3,2.841806150036263e-09,2.3773119715677846e-09,3.1353085328099326e-11
76740.0,21.316666666666666,2.8388195636225395e-09,2.374720464176218e-09,3.1234457478219394e-11
76800.0,21.333333333333332,2.8358385691931023e-09,2.372134007951209e-09,3.1116501961253136e-11
76860.0,21.35,2.8328631527485345e-09,2.369552589478837e-09,3.0999214085463184e-11
76920.0,21.366666666666667,2.82989329932333e-09,2.3669761945176356e-09,3.0882589156946706e-11
76980.0,21.383333333333333,2.8269289957379767e-09,2.3644048103952914e-09,3.076662265186809e-11
77040.0,21.4,2.8239702277623636e-09,2.361838423521945e-09,3.0651309959038054e-11
77100.0,21.416666666666668,2.8210169812067445e-09,2.359277020350621e-09,3.0536646519731894e-11
77160.0,21.433333333333334,2.818069242109475e-09,2.3567205875436376e-09,3.042262783652658e-11
77220.0,21.45,2.8151269965301116e-09,2.354169111789029e-09,3.030924944251933e-11
77280.0,21.466666666666665,2.8121902305662692e-09,2.3516225798154524e-09,3.019650690656227e-11
77340.0,21.483333333333334,2.8092589303589313e-09,2.3490809783968443e-09,3.00843958332066e-11
77400.0,21.5,2.8063330820898625e-09,2.346544294350067e-09,2.9972911862118435e-11
77460.0,21.516666666666666,2.803412672177343e-09,2.3440125147011713e-09,2.9862050666446296e-11
77520.0,21.533333333333335,2.8004976860825506e-09,2.3414856256568073e-09,2.975180791604668e-11
77580.0,21.55,2.7975881110067877e-09,2.3389636149493518e-09,2.964217943690088e-11
77640.0,21.566666666666666,2.794683933146633e-09,2.3364464694356324e-09,2.9533160975785964e-11
77700.0,21.583333333333332,2.791785138724663e-09,2.3339341760021497e-09,2.942474832652193e-11
77760.0,21.6,2.7888917141879425e-09,2.3314267217405964e-09,2.931693733940931e-11
77820.0,21.616666666666667,2.78600364600397e-09,2.3289240937672494e-09,2.920972389249163e-11
77880.0,21.633333333333333,2.7831209206771476e-09,2.326426279237507e-09,2.910310389650066e-11
77940.0,21.65,2.780243524754016e-09,2.3239332653504767e-09,2.8997073294794336e-11
78000.0,21.666666666666668,2.7773714448207057e-09,2.3214450393466496e-09,2.8891628062821882e-11
78060.0,21.683333333333334,2.7745046677012227e-09,2.3189615886764877e-09,2.8786764207128563e-11
78120.0,21.7,2.771643179270597e-09,2.3164828999784324e-09,2.868247772996511e-11
78180.0,21.716666666666665,2.7687869671008005e-09,2.3140089613759114e-09,2.8578764777099942e-11
78240.0,21.733333333333334,2.7659360178022044e-09,2.3115397601561285e-09,2.847562142242109e-11
78300.0,21.75,2.7630903179978813e-09,2.3090752836237688e-09,2.8373043781994857e-11
78360.0,21.766666666666666,2.7602498545316956e-09,2.306615519284615e-09,2.8271028023963802e-11
78420.0,21.783333333333335,2.7574146142672175e-09,2.3041604546679743e-09,2.8169570341711276e-11
78480.0,21.8,2.7545845841037885e-09,2.3017100773408226e-09,2.8068666958527697e-11
78540.0,21.816666666666666,2.751759750981682e-09,2.299264374912323e-09,2.7968314127543206e-11
78600.0,21.833333333333332,2.74894010187958e-09,2.2968233350315354e-09,2.786850813123818e-11
78660.0,21.85,2.746125624015404e-09,2.2943869455582955e-09,2.776924528101096e-11
78720.0,21.866666666666667,2.743316303665447e-09,2.2919551935470856e-09,2.767052188307602e-11
78780.0,21.883333333333333,2.740512128762305e-09,2.2895280674991583e-09,2.757233437575579e-11
78840.0,21.9,2.737713086317483e-09,2.2871055551163493e-09,2.7474679132076384e-11
78900.0,21.916666666666668,2.734919163342885e-09,2.2846876441067645e-09,2.7377552562877982e-11
78960.0,21.933333333333334,2.732130347067463e-09,2.282274322375505e-09,2.7280951127050158e-11
79020.0,21.95,2.7293466247391962e-09,2.2798655778502094e-09,2.718487130646755e-11
79080.0,21.966666666666665,2.7265679836407074e-09,2.277461398494785e-09,2.7089309610387255e-11
79140.0,21.983333333333334,2.7237944110943696e-09,2.275061772313851e-09,2.6994262575378136e-11
79200.0,22.0,2.7210258944597974e-09,2.2726666873504897e-09,2.6899726764872547e-11
79260.0,22.016666666666666,2.718262421337222e-09,2.2702761318593697e-09,2.6805698769232252e-11
79320.0,22.033333333333335,2.715503978391868e-09,2.2678900932958535e-09,2.671217517284564e-11
79380.0,22.05,2.712750553907008e-09,2.2655085605261855e-09,2.6619152681876773e-11
79440.0,22.066666666666666,2.7100021352828867e-09,2.2631315216516737e-09,2.6526627943113933e-11
79500.0,22.083333333333332,2.7072587099087866e-09,2.2607589647695584e-09,2.6434597637243006e-11
79560.0,22.1,2.7045202653872425e-09,2.2583908781700104e-09,2.6343058489315706e-11
79620.0,22.116666666666667,2.701786789339183e-09,2.256027250164816e-09,2.625200724533421e-11
79680.0,22.133333333333333,2.699058269419075e-09,2.253668069100667e-09,2.6161440676389468e-11
79740.0,22.15,2.6963346933199638e-09,2.2513133233635394e-09,2.607135557858861e-11
79800.0,22.166666666666668,2.6936160487710123e-09,2.248963001376504e-09,2.598174877264606e-11
79860.0,22.183333333333334,2.690902323743351e-09,2.2466170917750236e-09,2.589261710438667e-11
79920.0,22.2,2.6881935052790856e-09,2.2442755824007257e-09,2.5803957412964335e-11
79980.0,22.216666666666665,2.685489582002357e-09,2.2419384624724387e-09,2.5715766649942883e-11
80040.0,22.233333333333334,2.6827905416900217e-09,2.2396057204763033e-09,2.562804171283718e-11
80100.0,22.25,2.6800963720975005e-09,2.2372773448849355e-09,2.5540779529545047e-11
80160.0,22.266666666666666,2.6774070611896407e-09,2.234953324359816e-09,2.5453977068957235e-11
80220.0,22.283333333333335,2.6747225969490883e-09,2.232633647583183e-09,2.536763131907892e-11
80280.0,22.3,2.672042967390939e-09,2.230318303270868e-09,2.5281739290918198e-11
80340.0,22.316666666666666,2.6693681605677308e-09,2.2280072801766133e-09,2.5196298018415266e-11
80400.0,22.333333333333332,2.6666981645670056e-09,2.225700567089919e-09,2.5111304558066636e-11
80460.0,22.35,2.6640329677196138e-09,2.2233981530135015e-09,2.5026755989815104e-11
80520.0,22.366666666666667,2.661372557432782e-09,2.221100026161186e-09,2.4942649386317674e-11
80580.0,22.383333333333333,2.6587169226618606e-09,2.218806176092362e-09,2.485898192414441e-11
80640.0,22.4,2.6560660515484634e-09,2.2165165916639276e-09,2.4775750730612255e-11
80700.0,22.416666666666668,2.6534199322031497e-09,2.214231261710575e-09,2.469295296026375e-11
80760.0,22.433333333333334,2.650778552942053e-09,2.2119501752518323e-09,2.4610585805546978e-11
80820.0,22.45,2.648141902098538e-09,2.2096733213271863e-09,2.452864647636445e-11
80880.0,22.466666666666665,2.6455099680373663e-09,2.2074006890084433e-09,2.444713220372442e-11
80940.0,22.483333333333334,2.6428827391596144e-09,2.2051322674040043e-09,2.4366040239672982e-11
81000.0,22.5,2.6402602039002896e-09,2.2028680456567303e-09,2.4285367856947045e-11
81060.0,22.516666666666666,2.637642350939025e-09,2.2006080131235224e-09,2.4205112350207125e-11
81120.0,22.533333333333335,2.635029168036691e-09,2.198352158376865e-09,2.4125271006285518e-11
81180.0,22.55,2.6324206444703535e-09,2.196100471305089e-09,2.4045841208214557e-11
81240.0,22.566666666666666,2.6298167687348308e-09,2.19385294112228e-09,2.3966820294090708e-11
81300.0,22.583333333333332,2.6272175292850677e-09,2.1916095570123967e-09,2.388820562640224e-11
81360.0,22.6,2.6246229147776868e-09,2.1893703083402205e-09,2.380999460271222e-11
81420.0,22.616666666666667,2.6220329138860406e-09,2.1871351844897647e-09,2.3732184636537378e-11
81480.0,22.633333333333333,2.6194475153138384e-09,2.1849041748761184e-09,2.3654773160774e-11
81540.0,22.65,2.6168667077999997e-09,2.182677268949692e-09,2.3577757627630924e-11
81600.0,22.666666666666668,2.614290480116332e-09,2.1804544561941328e-09,2.3501135508313494e-11
81660.0,22.683333333333334,2.6117188212805474e-09,2.1782357263078995e-09,2.3424904294552317e-11
81720.0,22.7,2.60915171939601e-09,2.1760210682091367e-09,2.3349061469775664e-11
81780.0,22.716666666666665,2.606589164052173e-09,2.173810472103859e-09,2.3273604606602094e-11
81840.0,22.733333333333334,2.604031144085808e-09,2.171603927550299e-09,2.3198531236604348e-11
81900.0,22.75,2.6014776482857216e-09,2.169401424069321e-09,2.312383891320112e-11
81960.0,22.766666666666666,2.598928665638516e-09,2.1672029513586378e-09,2.3049525222290486e-11
82020.0,22.783333333333335,2.5963841851470463e-09,2.1650084991345136e-09,2.2975587764366423e-11
82080.0,22.8,2.5938441958435038e-09,2.1628180571431033e-09,2.2902024157728804e-11
82140.0,22.816666666666666,2.5913086867942226e-09,2.1606316151646504e-09,2.2828832038420686e-11
82200.0,22.833333333333332,2.5887776470973962e-09,2.1584491630114367e-09,2.2756009059937553e-11
82260.0,22.85,2.58625106609839e-09,2.1562706907113476e-09,2.2683552895018872e-11
82320.0,22.866666666666667,2.5837289322321875e-09,2.1540961875156425e-09,2.2611461207686062e-11
82380.0,22.883333333333333,2.5812112353914974e-09,2.1519256439371746e-09,2.2539731744776935e-11
82440.0,22.9,2.578697964744096e-09,2.1497590498657626e-09,2.2468362215587975e-11
82500.0,22.916666666666668,2.576189109402396e-09,2.147596395147258e-09,2.239735034897679e-11
82560.0,22.933333333333334,2.5736846586727153e-09,2.1454376698004507e-09,2.2326693903897184e-11
82620.0,22.95,2.5711846018771996e-09,2.143282863862025e-09,2.2256390652668825e-11
82680.0,22.966666666666665,2.5686889283663193e-09,2.141131967397428e-09,2.218643838398355e-11
82740.0,22.983333333333334,2.5661976275236562e-09,2.1389849705049954e-09,2.2116834902846647e-11
82800.0,23.0,2.5637106887636504e-09,2.1368418633139612e-09,2.204757803030921e-11
82860.0,23.016666666666666,2.561228101749135e-09,2.134702636169921e-09,2.1978665605488317e-11
82920.0,23.033333333333335,2.5587498552361563e-09,2.1325672786452197e-09,2.1910095458423142e-11
82980.0,23.05,2.556275939411753e-09,2.130435781549045e-09,2.1841865496165775e-11
83040.0,23.066666666666666,2.5538063437640396e-09,2.1283081350907274e-09,2.1773973591388183e-11
83100.0,23.083333333333332,2.5513410577190467e-09,2.1261843294296336e-09,2.1706417634269216e-11
83160.0,23.1,2.5488800708928287e-09,2.1240643548941894e-09,2.1639195542896924e-11
83220.0,23.116666666666667,2.5464233729168542e-09,2.1219482018301284e-09,2.1572305247609853e-11
83280.0,23.133333333333333,2.54397095344995e-09,2.1198358606108375e-09,2.1505744693810816e-11
83340.0,23.15,2.5415228021830403e-09,2.1177273216414476e-09,2.143951184191189e-11
83400.0,23.166666666666668,2.5390789088369334e-09,2.1156225753568864e-09,2.1373604667089498e-11
83460.0,23.183333333333334,2.53663926338202e-09,2.1135216124091837e-09,2.13080211615031e-11
83520.0,23.2,2.5342038548851585e-09,2.1114244226801834e-09,2.12427593079217e-11
83580.0,23.216666666666665,2.5317726738189733e-09,2.1093309972652835e-09,2.1177817160841607e-11
83640.0,23.233333333333334,2.529345709981581e-09,2.1072413266817064e-09,2.1113192743229092e-11
83700.0,23.25,2.5269229531028987e-09,2.105155401391285e-09,2.104888409371243e-11
83760.0,23.266666666666666,2.524504393098989e-09,2.1030732120210747e-09,2.0984889276819123e-11
83820.0,23.283333333333335,2.5220900199009666e-09,2.1009947492148957e-09,2.092120636831562e-11
83880.0,23.3,2.5196798234663543e-09,2.098920003643151e-09,2.085783345783806e-11
83940.0,23.316666666666666,2.5172737937837744e-09,2.0968489660068845e-09,2.079476864884323e-11
84000.0,23.333333333333332,2.514871920870803e-09,2.0947816270358894e-09,2.0732010058381725e-11
84060.0,23.35,2.512474194995744e-09,2.092717977677746e-09,2.066955581949155e-11
84120.0,23.366666666666667,2.5100806055263096e-09,2.0906580081126893e-09,2.060740405555095e-11
84180.0,23.383333333333333,2.5076911432121923e-09,2.0886017097125365e-09,2.05455529568456e-11
84240.0,23.4,2.5053057981514596e-09,2.086549073291234e-09,2.0484000684703746e-11
84300.0,23.416666666666668,2.502924560368446e-09,2.084500089602437e-09,2.0422745414457366e-11
84360.0,23.433333333333334,2.5005474200697848e-09,2.082454749561239e-09,2.0361785345489684e-11
84420.0,23.45,2.4981743674768134e-09,2.08041304409899e-09,2.0301118687504558e-11
84480.0,23.466666666666665,2.495805392836351e-09,2.0783749641725954e-09,2.02407436629841e-11
84540.0,23.483333333333334,2.493440486425367e-09,2.0763405007685468e-09,2.0180658507145733e-11
84600.0,23.5,2.4910796385488573e-09,2.0743096449010527e-09,2.012086146773229e-11
84660.0,23.516666666666666,2.4887228397636537e-09,2.0722823878027935e-09,2.0061350807556816e-11
84720.0,23.533333333333335,2.4863700797286917e-09,2.070258719941698e-09,2.0002124779542842e-11
84780.0,23.55,2.4840213494623937e-09,2.068238632956562e-09,1.9943181699122176e-11
84840.0,23.566666666666666,2.481676639353044e-09,2.066222117947321e-09,1.9884519855090747e-11
84900.0,23.583333333333332,2.479335939710195e-09,2.0642091659492027e-09,1.9826137548759952e-11
84960.0,23.6,2.4769992410218666e-09,2.0621997681551413e-09,1.9768033103790832e-11
85020.0,23.616666666666667,2.4746665337904718e-09,2.0601939157738616e-09,1.9710204853330884e-11
85080.0,23.633333333333333,2.472337808543006e-09,2.058191600038655e-09,1.9652651142308308e-11
85140.0,23.65,2.470013055835682e-09,2.056192812211367e-09,1.959537032739459e-11
85200.0,23.666666666666668,2.4676922662518496e-09,2.054197543580589e-09,1.9538360776811415e-11
85260.0,23.683333333333334,2.4653754306277525e-09,2.052205785654026e-09,1.9481620873003496e-11
85320.0,23.7,2.463062538904193e-09,2.0502175291770214e-09,1.9425148988333043e-11
85380.0,23.716666666666665,2.46075358236022e-09,2.0482327660462485e-09,1.9368943553650567e-11
85440.0,23.733333333333334,2.458448551664892e-09,2.0462514876373057e-09,1.931300297526908e-11
85500.0,23.75,2.4561474374040386e-09,2.0442736852571247e-09,1.9257325670678125e-11
85560.0,23.766666666666666,2.453850230338156e-09,2.0422993503666777e-09,1.920191007815138e-11
85620.0,23.783333333333335,2.4515569212418505e-09,2.0403284744422773e-09,1.914675464468946e-11
85680.0,23.8,2.449267500913436e-09,2.038361048983867e-09,1.909185782816189e-11
85740.0,23.816666666666666,2.446981960179531e-09,2.0363970655189477e-09,1.9037218097273848e-11
85800.0,23.833333333333332,2.4447002898930434e-09,2.0344365156008257e-09,1.8982833931389278e-11
85860.0,23.85,2.4424224811607683e-09,2.0324793910025284e-09,1.8928703823313763e-11
85920.0,23.866666666666667,2.440148524196327e-09,2.030525682736949e-09,1.8874826255608147e-11
85980.0,23.883333333333333,2.4378784105314966e-09,2.02857538294985e-09,1.8821199765646854e-11
86040.0,23.9,2.4356121311069507e-09,2.0266284832825686e-09,1.876782286816173e-11
86100.0,23.916666666666668,2.433349676776132e-09,2.024684975304246e-09,1.8714694087859e-11
86160.0,23.933333333333334,2.4310910385633595e-09,2.0227448507344478e-09,1.8661811968786235e-11
86220.0,23.95,2.428836207506813e-09,2.0208081013076795e-09,1.860917506302674e-11
86280.0,23.966666666666665,2.42658517466753e-09,2.0188747187811494e-09,1.8556781932697482e-11
86340.0,23.983333333333334,2.4243379311339794e-09,2.0169446949386883e-09,1.8504631149921942e-11
86400.0,24.0,2.4220944680200685e-09,2.0150180215890138e-09,1.8452721296665404e-11
86460.0,24.016666666666666,2.419854776694558e-09,2.0130946907611415e-09,1.8401050967613412e-11
86520.0,24.033333333333335,2.417618847635128e-09,2.0111746937260324e-09,1.834961874707382e-11
86580.0,24.05,2.4153866726185905e-09,2.0092580228700587e-09,1.829842327080292e-11
86640.0,24.066666666666666,2.413158242848384e-09,2.007344670090758e-09,1.824746315362984e-11
86700.0,24.083333333333332,2.4109335494371255e-09,2.005434627210357e-09,1.819673701927604e-11
86760.0,24.1,2.408712583664592e-09,2.003527886197915e-09,1.814624350947501e-11
86820.0,24.116666666666667,2.4064953368241735e-09,2.001624439037083e-09,1.809598127336604e-11
86880.0,24.133333333333333,2.404281800231295e-09,1.9997242777333244e-09,1.8045948969357326e-11
86940.0,24.15,2.4020719652279608e-09,1.9978273943178076e-09,1.799614526510365e-11
87000.0,24.166666666666668,2.3998658231808047e-09,1.9959337808457178e-09,1.7946568837354465e-11
87060.0,24.183333333333334,2.397663365712221e-09,1.994043429593078e-09,1.7897218374911823e-11
87120.0,24.2,2.3954645835554606e-09,1.992156332079797e-09,1.784809255609274e-11
87180.0,24.216666666666665,2.3932694687248943e-09,1.9902724809246873e-09,1.779919010758063e-11
87240.0,24.233333333333334,2.3910780126781478e-09,1.9883918682723314e-09,1.7750509736681334e-11
87300.0,24.25,2.3888902067788573e-09,1.9865144861892244e-09,1.7702050158622948e-11
87360.0,24.266666666666666,2.3867060425541245e-09,1.984640326885205e-09,1.765381010541812e-11
87420.0,24.283333333333335,2.3845255115444466e-09,1.982769382584346e-09,1.760578831591115e-11
87480.0,24.3,2.3823486053115663e-09,1.980901645531695e-09,1.7557983537513912e-11
87540.0,24.316666666666666,2.3801753154429617e-09,1.979037107997115e-09,1.7510394526189095e-11
87600.0,24.333333333333332,2.378005633549971e-09,1.9771757622736525e-09,1.7463020046309428e-11
87660.0,24.35,2.3758395515005398e-09,1.975317600875686e-09,1.7415858873681585e-11
87720.0,24.366666666666667,2.373677060275284e-09,1.9734626155633217e-09,1.736890977354401e-11
87780.0,24.383333333333333,2.371518152118875e-09,1.9716107991799338e-09,1.7322171556673838e-11
87840.0,24.4,2.3693628187348172e-09,1.9697621441083365e-09,1.72756430158742e-11
87900.0,24.416666666666668,2.36721105172986e-09,1.9679166426508354e-09,1.7229322950997845e-11
87960.0,24.433333333333334,2.3650628428705524e-09,1.9660742872496343e-09,1.7183210177549802e-11
88020.0,24.45,2.3629181839366536e-09,1.964235070360859e-09,1.7137303517342044e-11
88080.0,24.466666666666665,2.360777066728391e-09,1.9623989844607875e-09,1.70916018001115e-11
88140.0,24.483333333333334,2.3586394830709206e-09,1.960566022049667e-09,1.7046103863507788e-11
88200.0,24.5,2.3565054248125087e-09,1.958736175650122e-09,1.7000808552962236e-11
88260.0,24.516666666666666,2.354374884058819e-09,1.956909438006566e-09,1.6955714724767688e-11
88320.0,24.533333333333335,2.352247852029904e-09,1.9550858011108966e-09,1.6910821224585952e-11
88380.0,24.55,2.35012432119367e-09,1.9532652580234385e-09,1.6866126941021033e-11
88440.0,24.566666666666666,2.348004283491481e-09,1.9514478013567847e-09,1.6821630745974887e-11
88500.0,24.583333333333332,2.345887730765526e-09,1.9496334236409032e-09,1.6777331517614915e-11
88560.0,24.6,2.3437746550141814e-09,1.947822117542278e-09,1.6733228148714048e-11
88620.0,24.616666666666667,2.341665048248864e-09,1.9460138757410244e-09,1.6689319537873748e-11
88680.0,24.633333333333333,2.3395589025007024e-09,1.944208690936626e-09,1.6645604591030442e-11
88740.0,24.65,2.3374562098249845e-09,1.9424065558517125e-09,1.660208222144711e-11
88800.0,24.666666666666668,2.335356962299365e-09,1.940607463230519e-09,1.6558751349593153e-11
88860.0,24.683333333333334,2.333261152259646e-09,1.938811406039483e-09,1.6515610906267287e-11
88920.0,24.7,2.3311687711576484e-09,1.9370183764942144e-09,1.647265981159366e-11
88980.0,24.716666666666665,2.3290798116776556e-09,1.935228367864673e-09,1.6429897026252726e-11
89040.0,24.733333333333334,2.326994265991132e-09,1.9334413729850827e-09,1.63873214953745e-11
89100.0,24.75,2.3249121261682775e-09,1.9316573846052477e-09,1.6344932169650723e-11
89160.0,24.766666666666666,2.3228333844319197e-09,1.9298763956081446e-09,1.630272801341116e-11
89220.0,24.783333333333335,2.32075803301777e-09,1.9280983988901324e-09,1.626070799637634e-11
89280.0,24.8,2.318686064180521e-09,1.926323387366166e-09,1.6218871095059807e-11
89340.0,24.816666666666666,2.316617470198276e-09,1.9245513539735696e-09,1.6177216292764342e-11
89400.0,24.833333333333332,2.3145522433707896e-09,1.922782291670523e-09,1.613574257947002e-11
89460.0,24.85,2.3124903762566568e-09,1.9210161936377826e-09,1.6094448954992174e-11
89520.0,24.866666666666667,2.310431860532057e-09,1.919253052306907e-09,1.6053334408445386e-11
89580.0,24.883333333333333,2.3083766890909986e-09,1.9174928611504247e-09,1.601239796730512e-11
89640.0,24.9,2.3063248543275404e-09,1.9157356132163817e-09,1.597163864454035e-11
89700.0,24.916666666666668,2.304276348532703e-09,1.913981301466868e-09,1.593105545805019e-11
89760.0,24.933333333333334,2.302231164146629e-09,1.91222991899388e-09,1.5890647438476628e-11
89820.0,24.95,2.30018929362219e-09,1.9104814589025515e-09,1.5850413621451894e-11
89880.0,24.966666666666665,2.2981507294305495e-09,1.908735914315884e-09,1.581035304890348e-11
89940.0,24.983333333333334,2.296115464065539e-09,1.906993278378488e-09,1.5770464769053497e-11
90000.0,25.0,2.2940834900419687e-09,1.9052535442551187e-09,1.5730747836316255e-11
90060.0,25.016666666666666,2.292054800134109e-09,1.903516705333432e-09,1.5691201314481763e-11
90120.0,25.033333333333335,2.2900293862353407e-09,1.901782754253479e-09,1.5651824256627782e-11
90180.0,25.05,2.2880072414429367e-09,1.9000516846835507e-09,1.561261575217131e-11
90240.0,25.066666666666666,2.2859883583663026e-09,1.898323489878003e-09,1.5573574876970238e-11
90300.0,25.083333333333332,2.2839727295103226e-09,1.8965981630039514e-09,1.5534700711244638e-11
90360.0,25.1,2.281960347525539e-09,1.8948756973552156e-09,1.54959923471299e-11
90420.0,25.116666666666667,2.2799512050750965e-09,1.8931560862385284e-09,1.5457448881384163e-11
90480.0,25.133333333333333,2.2779452948397513e-09,1.8914393229777883e-09,1.5419069416603398e-11
90540.0,25.15,2.2759426095222202e-09,1.8897254009177697e-09,1.5380853061223832e-11
90600.0,25.166666666666668,2.2739431418455347e-09,1.88801431342271e-09,1.5342798929427137e-11
90660.0,25.183333333333334,2.271946884792765e-09,1.886306054080031e-09,1.530490614434311e-11
90720.0,25.2,2.269953830467577e-09,1.884600615731109e-09,1.5267173818392228e-11
90780.0,25.216666666666665,2.267963972164242e-09,1.8828979922334304e-09,1.522960109846928e-11
90840.0,25.233333333333334,2.265977302700514e-09,1.881198177040446e-09,1.5192187118770347e-11
90900.0,25.25,2.2639938147884063e-09,1.879501163517309e-09,1.5154931017344466e-11
90960.0,25.266666666666666,2.262013501282169e-09,1.8778069451527456e-09,1.511783194338817e-11
91020.0,25.283333333333335,2.260036355048556e-09,1.8761155154481763e-09,1.5080889050385368e-11
91080.0,25.3,2.2580623689712656e-09,1.8744268679215214e-09,1.5044101497235704e-11
91140.0,25.316666666666666,2.25609153595528e-09,1.8727409961108695e-09,1.5007468448261967e-11
91200.0,25.333333333333332,2.2541238489252464e-09,1.87105789357311e-09,1.497098907312088e-11
91260.0,25.35,2.2521593010663777e-09,1.869377554088568e-09,1.4934662550018895e-11
91320.0,25.366666666666667,2.250197884685946e-09,1.8676999706930563e-09,1.4898488046468714e-11
91380.0,25.383333333333333,2.2482395932691474e-09,1.866025137426935e-09,1.4862464762735477e-11
91440.0,25.4,2.246284419835317e-09,1.8643530479358066e-09,1.4826591887167313e-11
91500.0,25.416666666666668,2.244332357297081e-09,1.862683695776147e-09,1.479086861150842e-11
91560.0,25.433333333333334,2.2423833987059344e-09,1.8610170746249199e-09,1.475529413793945e-11
91620.0,25.45,2.2404375371257914e-09,1.8593531781715972e-09,1.4719867672619746e-11
91680.0,25.466666666666665,2.238494765636867e-09,1.8576920001214982e-09,1.4684588426736572e-11
91740.0,25.483333333333334,2.2365550773399923e-09,1.8560335341994378e-09,1.4649455616515968e-11
91800.0,25.5,2.2346184653550536e-09,1.854377774148395e-09,1.4614468463139074e-11
91860.0,25.516666666666666,2.23268492306296e-09,1.8527247139349804e-09,1.4579626195965404e-11
91920.0,25.533333333333335,2.230754442968144e-09,1.8510743467828318e-09,1.454492803368686e-11
91980.0,25.55,2.22882701874084e-09,1.8494266669090843e-09,1.4510373226156945e-11
92040.0,25.566666666666666,2.2269026435954274e-09,1.8477816681448223e-09,1.447596101202253e-11
92100.0,25.583333333333332,2.224981310638836e-09,1.8461393442313776e-09,1.444169063291724e-11
92160.0,25.6,2.223063013113577e-09,1.844499689027541e-09,1.440756134025082e-11
92220.0,25.616666666666667,2.2211477442744668e-09,1.842862696404444e-09,1.4373572389129291e-11
92280.0,25.633333333333333,2.2192354973920237e-09,1.8412283602484441e-09,1.4339723039328906e-11
92340.0,25.65,2.217326265756742e-09,1.8395966744647359e-09,1.4306012555310243e-11
92400.0,25.666666666666668,2.215420042677563e-09,1.837967632976064e-09,1.4272440206140756e-11
92460.0,25.683333333333334,2.2135168217248754e-09,1.8363412299289776e-09,1.4239005268718606e-11
92520.0,25.7,2.211616595594029e-09,1.834717458728573e-09,1.4205707009311165e-11
92580.0,25.716666666666665,2.2097193581346036e-09,1.8330963137628826e-09,1.4172544723875097e-11
92640.0,25.733333333333334,2.207825102749705e-09,1.8314777890420579e-09,1.4139517697807164e-11
92700.0,25.75,2.2059338227344847e-09,1.8298618784860662e-09,1.4106625219123242e-11
92760.0,25.766666666666666,2.2040455115164062e-09,1.8282485761293606e-09,1.4073866585003313e-11
92820.0,25.783333333333335,2.202160162535173e-09,1.826637876018586e-09,1.4041241096063753e-11
92880.0,25.8,2.2002777692456e-09,1.8250297722150018e-09,1.4008748057261303e-11
92940.0,25.816666666666666,2.198398325121842e-09,1.8234242587980837e-09,1.3976386777910686e-11
93000.0,25.833333333333332,2.1965218236559435e-09,1.8218213298642697e-09,1.3944156571611986e-11
93060.0,25.85,2.1946482586017316e-09,1.8202209797339191e-09,1.3912056759471355e-11
93120.0,25.866666666666667,2.192777622839474e-09,1.8186232019874744e-09,1.3880086652010162e-11
93180.0,25.883333333333333,2.1909099103925626e-09,1.8170279911781976e-09,1.3848245588074344e-11
93240.0,25.9,2.1890451148467407e-09,1.815435341489157e-09,1.3816532896539374e-11
93300.0,25.916666666666668,2.187183229679479e-09,1.8138452470129485e-09,1.3784947908570756e-11
93360.0,25.933333333333334,2.1853242484973612e-09,1.8122577019537659e-09,1.3753489963928981e-11
93420.0,25.95,2.1834681649191515e-09,1.8106727005278415e-09,1.3722158405572463e-11
93480.0,25.966666666666665,2.181614972578141e-09,1.809090236965447e-09,1.3690952580495857e-11
93540.0,25.983333333333334,2.17976466512637e-09,1.8075103055144661e-09,1.3659871839750293e-11
93600.0,26.0,2.1779172362331977e-09,1.8059329004391809e-09,1.3628915538375964e-11
93660.0,26.016666666666666,2.1760726798300845e-09,1.804358016227865e-09,1.3598083038615226e-11
93720.0,26.033333333333335,2.1742309889764036e-09,1.8027856466304386e-09,1.356737369217951e-11
93780.0,26.05,2.1723921578640016e-09,1.8012157863599288e-09,1.3536786877839538e-11
93840.0,26.066666666666666,2.170556180255384e-09,1.7996484297663876e-09,1.3506321964932316e-11
93900.0,26.083333333333332,2.1687230498046403e-09,1.798083571109286e-09,1.3475978324790142e-11
93960.0,26.1,2.16689276029183e-09,1.7965212047568412e-09,1.3445755336812111e-11
94020.0,26.116666666666667,2.165065305509138e-09,1.79496132508918e-09,1.3415652383375025e-11
94080.0,26.133333333333333,2.163240679262723e-09,1.793403926499916e-09,1.3385668850611552e-11
94140.0,26.15,2.161418875376912e-09,1.791849003399688e-09,1.335580412843267e-11
94200.0,26.166666666666668,2.1595998876928113e-09,1.7902965502149864e-09,1.3326057610464807e-11
94260.0,26.183333333333334,2.1577837103138705e-09,1.788746561596342e-09,1.3296428697251379e-11
94320.0,26.2,2.1559703364729732e-09,1.7871990314574912e-09,1.3266916778866886e-11
94380.0,26.216666666666665,2.154159760525243e-09,1.78565395466597e-09,1.3237521271269292e-11
94440.0,26.233333333333334,2.1523519764042538e-09,1.7841113257331111e-09,1.3208241581472595e-11
94500.0,26.25,2.1505469779352124e-09,1.7825711390797085e-09,1.317907711822287e-11
94560.0,26.266666666666666,2.1487447590662023e-09,1.7810333892325162e-09,1.3150027297841323e-11
94620.0,26.283333333333335,2.146945313757378e-09,1.7794980707300696e-09,1.3121091539424236e-11
94680.0,26.3,2.145148635982345e-09,1.77796517812386e-09,1.3092269265564846e-11
94740.0,26.316666666666666,2.1433547197323057e-09,1.7764347059818537e-09,1.306355990237762e-11
94800.0,26.333333333333332,2.1415635590147228e-09,1.774906648887328e-09,1.3034962879440104e-11
94860.0,26.35,2.1397751480995992e-09,1.7733810016476063e-09,1.3006477632979153e-11
94920.0,26.366666666666667,2.1379894803879226e-09,1.7718577583348144e-09,1.2978103588820874e-11
94980.0,26.383333333333333,2.1362065503930586e-09,1.770336913965918e-09,1.2949840197581742e-11
95040.0,26.4,2.1344263522141835e-09,1.768818463208058e-09,1.2921686901381615e-11
95100.0,26.416666666666668,2.132648879842287e-09,1.7673024006380059e-09,1.2893643143836784e-11
95160.0,26.433333333333334,2.1308741273882063e-09,1.7657887209357545e-09,1.2865708375681501e-11
95220.0,26.45,2.12910208897481e-09,1.764277418792989e-09,1.2837882050238144e-11
95280.0,26.466666666666665,2.127332758737899e-09,1.7627684889138209e-09,1.2810163624086848e-11
95340.0,26.483333333333334,2.12556613083033e-09,1.7612619260182943e-09,1.2782552557091748e-11
95400.0,26.5,2.1238021994207175e-09,1.7597577248412715e-09,1.2755048312345802e-11
95460.0,26.516666666666666,2.1220409589403498e-09,1.7582558803416135e-09,1.2727650359340818e-11
95520.0,26.533333333333335,2.1202824029531047e-09,1.756756386744611e-09,1.2700358157241716e-11
95580.0,26.55,2.1185265261257252e-09,1.7552592392117597e-09,1.2673171188985578e-11
95640.0,26.566666666666666,2.116773322717699e-09,1.753764432560745e-09,1.264608892942228e-11
95700.0,26.583333333333332,2.1150227868806554e-09,1.7522719615191677e-09,1.261911085468761e-11
95760.0,26.6,2.113274912883093e-09,1.7507818209151834e-09,1.2592236447609e-11
95820.0,26.616666666666667,2.1115296950055053e-09,1.7492940055885318e-09,1.2565465193430659e-11
95880.0,26.633333333333333,2.109787127540822e-09,1.7478085103908947e-09,1.2538796580432559e-11
95940.0,26.65,2.108047204798507e-09,1.7463253301893567e-09,1.2512230099959254e-11
96000.0,26.666666666666668,2.106309921103289e-09,1.7448444598653436e-09,1.2485765246368354e-11
96060.0,26.683333333333334,2.1045752710426707e-09,1.7433658945241875e-09,1.2459401520179808e-11
96120.0,26.7,2.1028432483383703e-09,1.7418896285393304e-09,1.2433138411666113e-11
96180.0,26.716666666666665,2.101113847805812e-09,1.7404156572120764e-09,1.240697543392288e-11
96240.0,26.733333333333334,2.0993870638596767e-09,1.738943975505589e-09,1.2380912092333099e-11
96300.0,26.75,2.0976628908072665e-09,1.7374745782933437e-09,1.2354947893377498e-11
96360.0,26.766666666666666,2.0959413230698134e-09,1.7360074605467578e-09,1.2329082349831864e-11
96420.0,26.783333333333335,2.0942223550805286e-09,1.7345426172487433e-09,1.2303314976729858e-11
96480.0,26.8,2.092505981284579e-09,1.7330800433936726e-09,1.2277645291936246e-11
96540.0,26.816666666666666,2.0907921961431503e-09,1.7316197339908312e-09,1.2252072816176881e-11
96600.0,26.833333333333332,2.089080994132228e-09,1.7301616840633678e-09,1.2226597072990935e-11
96660.0,26.85,2.087372369990609e-09,1.7287058888582197e-09,1.2201217591857768e-11
96720.0,26.866666666666667,2.085666317593e-09,1.7272523428921418e-09,1.2175933892093155e-11
96780.0,26.883333333333333,2.083962831898937e-09,1.7258010416017042e-09,1.2150745514949671e-11
96840.0,26.9,2.082261907473385e-09,1.7243519800906727e-09,1.2125651994310674e-11
96900.0,26.916666666666668,2.0805635387744874e-09,1.7229051533736196e-09,1.2100652864989808e-11
96960.0,26.933333333333334,2.0788677203714745e-09,1.7214605565605197e-09,1.2075747667725908e-11
97020.0,26.95,2.077174446845518e-09,1.7200181847727382e-09,1.2050935945368823e-11
97080.0,26.966666666666665,2.0754837127892945e-09,1.7185780331426649e-09,1.2026217243409776e-11
97140.0,26.983333333333334,2.0737955128109997e-09,1.7171400968171022e-09,1.2001591110013456e-11
97200.0,27.0,2.072109841533173e-09,1.7157043709562754e-09,1.1977057095972189e-11
97260.0,27.016666666666666,2.0704266938411697e-09,1.7142708509440358e-09,1.1952614757809303e-11
97320.0,27.033333333333335,2.0687460637579784e-09,1.7128395314358e-09,1.1928263641972427e-11
97380.0,27.05,2.067067946382851e-09,1.7114104079990194e-09,1.190400331601804e-11
97440.0,27.066666666666666,2.0653923364262606e-09,1.7099834758733675e-09,1.1879833340447955e-11
97500.0,27.083333333333332,2.0637192284925647e-09,1.7085587302099356e-09,1.1855753276545455e-11
97560.0,27.1,2.062048617294387e-09,1.7071361662526949e-09,1.1831762691173612e-11
97620.0,27.116666666666667,2.060380497556281e-09,1.705715779256947e-09,1.1807861153171112e-11
97680.0,27.133333333333333,2.0587148640138575e-09,1.7042975644885747e-09,1.1784048233842298e-11
97740.0,27.15,2.057051711417766e-09,1.7028815172274068e-09,1.176032350699082e-11
97800.0,27.166666666666668,2.0553910345325735e-09,1.7014676327662594e-09,1.173668654887629e-11
97860.0,27.183333333333334,2.053732828385589e-09,1.7000559066213839e-09,1.1713136941291532e-11
97920.0,27.2,2.0520770871435715e-09,1.698646333582391e-09,1.1689674256046086e-11
97980.0,27.216666666666665,2.0504238060412057e-09,1.6972389093433724e-09,1.1666298085282094e-11
98040.0,27.233333333333334,2.048772979929888e-09,1.695833629275406e-09,1.1643008014377095e-11
98100.0,27.25,2.0471246035556963e-09,1.694430488661665e-09,1.1619803629357187e-11
98160.0,27.266666666666666,2.045478671770218e-09,1.6930294828757634e-09,1.1596684521506128e-11
98220.0,27.283333333333335,2.0438351794369517e-09,1.6916306073025633e-09,1.1573650283958017e-11
98280.0,27.3,2.042194121430024e-09,1.6902338573370937e-09,1.1550700512149876e-11
98340.0,27.316666666666666,2.040555492638149e-09,1.6888392283878827e-09,1.1527834803855823e-11
98400.0,27.333333333333332,2.0389192879635258e-09,1.6874467158760212e-09,1.150505275914797e-11
98460.0,27.35,2.0372855025709906e-09,1.686056315445807e-09,1.1482353983443901e-11
98520.0,27.366666666666667,2.0356541307666973e-09,1.6846680220167364e-09,1.1459738072273886e-11
98580.0,27.383333333333333,2.034025167916634e-09,1.6832818314054765e-09,1.1437204640773298e-11
98640.0,27.4,2.0323986090086914e-09,1.6818977391101578e-09,1.1414753297579582e-11
98700.0,27.416666666666668,2.0307744489263264e-09,1.6805157405417778e-09,1.139238365186087e-11
98760.0,27.433333333333334,2.029152682655797e-09,1.6791358311993743e-09,1.1370095317742157e-11
98820.0,27.45,2.0275333051952743e-09,1.677758006593176e-09,1.1347887911082401e-11
98880.0,27.466666666666665,2.0259163115531373e-09,1.6763822622431675e-09,1.1325761049892961e-11
98940.0,27.483333333333334,2.0243016967519064e-09,1.6750085936824012e-09,1.1303714354372061e-11
99000.0,27.5,2.022689455827176e-09,1.6736369964560912e-09,1.1281747446868528e-11
99060.0,27.516666666666666,2.021079584077035e-09,1.6722674663323897e-09,1.1259859954900137e-11
99120.0,27.533333333333335,2.019472075942804e-09,1.6708999983565463e-09,1.123805149619554e-11
99180.0,27.55,2.0178669269177823e-09,1.6695345884638504e-09,1.1216321707405663e-11
99240.0,27.566666666666666,2.0162641321220746e-09,1.6681712322753157e-09,1.1194670218929421e-11
99300.0,27.583333333333332,2.014663686572319e-09,1.6668099253256597e-09,1.1173096661591992e-11
99360.0,27.6,2.0130655853853144e-09,1.6654506632352865e-09,1.1151600670893976e-11
99420.0,27.616666666666667,2.0114698236897614e-09,1.664093441635741e-09,1.113018188396265e-11
99480.0,27.633333333333333,2.009876396624167e-09,1.6627382561679347e-09,1.1108839939937401e-11
99540.0,27.65,2.0082852993407557e-09,1.6613851024854226e-09,1.1087574480005702e-11
99600.0,27.666666666666668,2.0066965270044243e-09,1.660033976253542e-09,1.1066385147368213e-11
99660.0,27.683333333333334,2.0051100750423723e-09,1.658684873360263e-09,1.104527159022784e-11
99720.0,27.7,2.0035259380270213e-09,1.6573377889725923e-09,1.1024233447098849e-11
99780.0,27.716666666666665,2.0019441115751013e-09,1.6559927191406548e-09,1.1003270374776247e-11
99840.0,27.733333333333334,2.0003645909348116e-09,1.654649659604328e-09,1.0982382024029753e-11
99900.0,27.75,1.9987873712519196e-09,1.6533086060180813e-09,1.0961568045962868e-11
99960.0,27.766666666666666,1.997212447769756e-09,1.6519695541197924e-09,1.094082809609177e-11
100020.0,27.783333333333335,1.9956398157435593e-09,1.6506324996584136e-09,1.0920161831459447e-11
100080.0,27.8,1.9940694704379895e-09,1.6492974383918964e-09,1.089956891099106e-11
100140.0,27.816666666666666,1.9925014071309925e-09,1.6479643660904346e-09,1.0879048995530537e-11
100200.0,27.833333333333332,1.9909356211128314e-09,1.6466332785356288e-09,1.085860174780799e-11
100260.0,27.85,1.9893721079358024e-09,1.6453041717313733e-09,1.0838226835397255e-11
100320.0,27.866666666666667,1.9878108622995014e-09,1.6439770409626029e-09,1.0817923916286435e-11
100380.0,27.883333333333333,1.986251879940352e-09,1.6426518823906055e-09,1.0797692666140612e-11
100440.0,27.9,1.98469515623065e-09,1.6413286918702592e-09,1.0777532754808979e-11
100500.0,27.916666666666668,1.983140686441379e-09,1.6400074651719737e-09,1.0757443852393195e-11
100560.0,27.933333333333334,1.9815884659385452e-09,1.6386881981473267e-09,1.073742563316127e-11
100620.0,27.95,1.980038490100059e-09,1.6373708866589285e-09,1.0717477772815888e-11
100680.0,27.966666666666665,1.978490754312881e-09,1.6360555265780293e-09,1.0697599948820768e-11
100740.0,27.983333333333334,1.9769452539768594e-09,1.6347421137877258e-09,1.0677791840438762e-11
100800.0,28.0,1.975401984503782e-09,1.6334306441821687e-09,1.0658053128700294e-11
100860.0,28.016666666666666,1.973860941567197e-09,1.6321211138774283e-09,1.0638383499329395e-11
100920.0,28.033333333333335,1.9723221199900643e-09,1.6308135182726703e-09,1.0618782628569529e-11
100980.0,28.05,1.9707855156248844e-09,1.6295078536368206e-09,1.0599250209771166e-11
101040.0,28.066666666666666,1.969251123964206e-09,1.6282041159360213e-09,1.0579785930663779e-11
101100.0,28.083333333333332,1.96771894040044e-09,1.6269023010529469e-09,1.0560389479156988e-11
101160.0,28.1,1.966188960418538e-09,1.6256024049492547e-09,1.0541060547096801e-11
101220.0,28.116666666666667,1.964661179515342e-09,1.6243044235975955e-09,1.0521798827677747e-11
101280.0,28.133333333333333,1.9631355931964065e-09,1.6230083529789006e-09,1.0502604015743342e-11
101340.0,28.15,1.9616121969797726e-09,1.6217141890855843e-09,1.0483475807824367e-11
101400.0,28.166666666666668,1.9600909863950675e-09,1.6204219279207626e-09,1.0464413902109515e-11
101460.0,28.183333333333334,1.958571957233348e-09,1.6191315657090737e-09,1.0445418001338418e-11
101520.0,28.2,1.957055104437282e-09,1.6178430979603513e-09,1.0426487798876336e-11
101580.0,28.216666666666665,1.9555404239719384e-09,1.6165565210477504e-09,1.040762300465846e-11
101640.0,28.233333333333334,1.9540279114463974e-09,1.6152718310450883e-09,1.0388823323178974e-11
101700.0,28.25,1.9525175623708544e-09,1.6139890239437683e-09,1.0370088459049375e-11
101760.0,28.266666666666666,1.9510093723455825e-09,1.6127080958120318e-09,1.0351418120601707e-11
101820.0,28.283333333333335,1.9495033369827685e-09,1.61142904272907e-09,1.0332812017436319e-11
101880.0,28.3,1.9479994519029535e-09,1.610151860782029e-09,1.0314269860698955e-11
101940.0,28.316666666666666,1.946497712738799e-09,1.6088765460691751e-09,1.0295791363118221e-11
102000.0,28.333333333333332,1.9449981151342024e-09,1.6076030946991424e-09,1.0277376238978668e-11
102060.0,28.35,1.9435006549941228e-09,1.6063315030016451e-09,1.0259024206979712e-11
102120.0,28.366666666666667,1.942005327377405e-09,1.6050617665937692e-09,1.0240734976554877e-11
102180.0,28.383333333333333,1.940512128358276e-09,1.6037938819496029e-09,1.0222508273199127e-11
102240.0,28.4,1.9390210536587833e-09,1.6025278452471833e-09,1.0204343817134513e-11
102300.0,28.416666666666668,1.9375320989033515e-09,1.6012636525832295e-09,1.0186241328644734e-11
102360.0,28.433333333333334,1.9360452598041043e-09,1.6000013001291933e-09,1.0168200531531857e-11
102420.0,28.45,1.934560532085084e-09,1.5987407840674493e-09,1.0150221150792409e-11
102480.0,28.466666666666665,1.9330779114783518e-09,1.5974821005880127e-09,1.0132302912870723e-11
102540.0,28.483333333333334,1.9315973937277254e-09,1.5962252458916513e-09,1.0114445545697835e-11
102600.0,28.5,1.9301189745879297e-09,1.5949702161891974e-09,1.0096648778665161e-11
102660.0,28.516666666666666,1.928642650074339e-09,1.5937170079120874e-09,1.0078912345450109e-11
102720.0,28.533333333333335,1.9271684153585556e-09,1.5924656167813552e-09,1.0061235970573156e-11
102780.0,28.55,1.9256962666206895e-09,1.5912160393688467e-09,1.0043619394135295e-11
102840.0,28.566666666666666,1.924226199692282e-09,1.5899682719534929e-09,1.002606235112108e-11
102900.0,28.583333333333332,1.922758210308582e-09,1.5887223107340277e-09,1.0008564576528212e-11
102960.0,28.6,1.9212922942901898e-09,1.5874781519818797e-09,9.9911258086833e-12
103020.0,28.616666666666667,1.919828447469633e-09,1.5862357919793642e-09,9.973745787038136e-12
103080.0,28.633333333333333,1.918366665687147e-09,1.5849952270161183e-09,9.95642425240222e-12
103140.0,28.65,1.916906944794367e-09,1.5837564533922162e-09,9.939160946981571e-12
103200.0,28.666666666666668,1.9154492806535034e-09,1.5825194674174672e-09,9.921955614354107e-12
103260.0,28.683333333333334,1.913993669386986e-09,1.5812842656218006e-09,9.904808002260469e-12
103320.0,28.7,1.9125401062758653e-09,1.5800508438270117e-09,9.887717849394525e-12
103380.0,28.716666666666665,1.9110885876029638e-09,1.578819198699644e-09,9.87068490957512e-12
103440.0,28.733333333333334,1.909639109305977e-09,1.5775893266163158e-09,9.85370893165015e-12
103500.0,28.75,1.90819166722767e-09,1.5763612238746019e-09,9.836789664439064e-12
103560.0,28.766666666666666,1.906746257293869e-09,1.57513488684278e-09,9.819926859911877e-12
103620.0,28.783333333333335,1.9053028754423354e-09,1.57391031189997e-09,9.803120271099745e-12
103680.0,28.8,1.903861517618234e-09,1.5726874954323313e-09,9.786369652307544e-12
103740.0,28.816666666666666,1.9024221797777836e-09,1.5714664338361268e-09,9.769674759152377e-12
103800.0,28.833333333333332,1.9009848578874753e-09,1.5702471235170647e-09,9.753035348541e-12
103860.0,28.85,1.899549548173523e-09,1.5690295611004414e-09,9.736451181425417e-12
103920.0,28.866666666666667,1.898116246023253e-09,1.5678137425057496e-09,9.71992200982174e-12
103980.0,28.883333333333333,1.896684947819114e-09,1.5665996644912734e-09,9.703447600438256e-12
104040.0,28.9,1.895255649601735e-09,1.5653873235282257e-09,9.687027715149229e-12
104100.0,28.916666666666668,1.8938283473182024e-09,1.5641767160099642e-09,9.670662115763744e-12
104160.0,28.933333333333334,1.8924030369964254e-09,1.5629678383985927e-09,9.65435056707449e-12
104220.0,28.95,1.8909797146762565e-09,1.5617606871670273e-09,9.638092834875592e-12
104280.0,28.966666666666665,1.8895583764046537e-09,1.5605552587949453e-09,9.621888686156311e-12
104340.0,28.983333333333334,1.8881390182393004e-09,1.5593515497718136e-09,9.605737889139988e-12
104400.0,29.0,1.886721636247857e-09,1.558149556596248e-09,9.589640213262623e-12
104460.0,29.016666666666666,1.885306226757175e-09,1.5569492759859032e-09,9.573595431893291e-12
104520.0,29.033333333333335,1.8838927852577765e-09,1.555750703955026e-09,9.557603309577092e-12
104580.0,29.05,1.8824813082287682e-09,1.5545538373507712e-09,9.541663625139395e-12
104640.0,29.066666666666666,1.881071791810591e-09,1.5533586727359815e-09,9.525776152700158e-12
104700.0,29.083333333333332,1.8796642320515665e-09,1.5521652065968404e-09,9.509940666282845e-12
104760.0,29.1,1.878258625078646e-09,1.5509734354863638e-09,9.494156942737167e-12
104820.0,29.116666666666667,1.8768549670307374e-09,1.5497833559683675e-09,9.47842475985879e-12
104880.0,29.133333333333333,1.875453254053565e-09,1.5485949646131425e-09,9.462743896565378e-12
104940.0,29.15,1.8740534823032624e-09,1.5474082580004704e-09,9.447114132935771e-12
105000.0,29.166666666666668,1.8726556479456476e-09,1.5462232327190103e-09,9.43153525018955e-12
105060.0,29.183333333333334,1.871259747405169e-09,1.545039885575875e-09,9.416007033372226e-12
105120.0,29.2,1.869865776272575e-09,1.543858212677204e-09,9.400529258817365e-12
105180.0,29.216666666666665,1.868473731120748e-09,1.5426782109562836e-09,9.385101716747529e-12
105240.0,29.233333333333334,1.8670836081869296e-09,1.541499877064701e-09,9.369724192800036e-12
105300.0,29.25,1.865695403617694e-09,1.5403232075786206e-09,9.354396472489165e-12
105360.0,29.266666666666666,1.864309113636106e-09,1.5391481991391753e-09,9.33911834400774e-12
105420.0,29.283333333333335,1.862924734477178e-09,1.537974848398262e-09,9.323889596442452e-12
105480.0,29.3,1.8615422623824827e-09,1.5368031520140037e-09,9.308710019934022e-12
105540.0,29.316666666666666,1.8601616936036888e-09,1.5356331066537111e-09,9.29357940571622e-12
105600.0,29.333333333333332,1.8587830244018589e-09,1.5344647089933133e-09,9.278497546096227e-12
105660.0,29.35,1.8574062512961103e-09,1.5332979559265748e-09,9.263464237105075e-12
105720.0,29.366666666666667,1.8560313699745302e-09,1.5321328436487967e-09,9.248479266173969e-12
105780.0,29.383333333333333,1.8546583771009982e-09,1.5309693691767208e-09,9.233542434250163e-12
105840.0,29.4,1.853287269006655e-09,1.5298075292479235e-09,9.21865353780902e-12
105900.0,29.416666666666668,1.8519180419334386e-09,1.5286473205257998e-09,9.203812373180095e-12
105960.0,29.433333333333334,1.8505506921976805e-09,1.527488739736886e-09,9.189018739232878e-12
106020.0,29.45,1.8491852161276717e-09,1.526331783618464e-09,9.17427243568207e-12
106080.0,29.466666666666665,1.8478216100579964e-09,1.5251764489137872e-09,9.159573263232864e-12
106140.0,29.483333333333334,1.8464598703330381e-09,1.5240227323750205e-09,9.144921023619655e-12
106200.0,29.5,1.8450999933063076e-09,1.5228706307626759e-09,9.130315519588057e-12
106260.0,29.516666666666666,1.84374197558873e-09,1.5217201410544814e-09,9.11575655750913e-12
106320.0,29.533333333333335,1.8423858129629744e-09,1.5205712595322458e-09,9.101243935266707e-12
106380.0,29.55,1.841031502181209e-09,1.519423983293597e-09,9.086777463904545e-12
106440.0,29.566666666666666,1.8396790396656688e-09,1.5182783091594362e-09,9.072356950102008e-12
106500.0,29.583333333333332,1.8383284217508678e-09,1.5171342338777302e-09,9.057982200373214e-12
106560.0,29.6,1.8369796448436601e-09,1.5159917542578158e-09,9.043653023641616e-12
106620.0,29.616666666666667,1.8356327053628698e-09,1.5148508671197488e-09,9.029369229630578e-12
106680.0,29.633333333333333,1.8342875997333597e-09,1.513711569289312e-09,9.015130628994734e-12
106740.0,29.65,1.8329443243895045e-09,1.51257385760093e-09,9.000937033358387e-12
106800.0,29.666666666666668,1.831602875774537e-09,1.5114377288971291e-09,8.986788255298578e-12
106860.0,29.683333333333334,1.8302632505884547e-09,1.5103031802369874e-09,8.972684110923677e-12
106920.0,29.7,1.828925444705825e-09,1.509170207986263e-09,8.958624407967494e-12
106980.0,29.716666666666665,1.8275894549644906e-09,1.5080388093210007e-09,8.944608966983617e-12
107040.0,29.733333333333334,1.82625527787507e-09,1.5069089811428415e-09,8.930637604262657e-12
107100.0,29.75,1.82492290986196e-09,1.5057807202817773e-09,8.916710135914046e-12
107160.0,29.766666666666666,1.8235923474198763e-09,1.5046540236274179e-09,8.90282638033355e-12
107220.0,29.783333333333335,1.8222635870555316e-09,1.5035288880800756e-09,8.888986156674586e-12
107280.0,29.8,1.82093662528142e-09,1.502405310545559e-09,8.875189284966265e-12
107340.0,29.816666666666666,1.8196114586192674e-09,1.5012832879380509e-09,8.861435586151868e-12
107400.0,29.833333333333332,1.8182880835994165e-09,1.5001628171795981e-09,8.847724882072756e-12
107460.0,29.85,1.8169664970082677e-09,1.499043895408118e-09,8.834056998011406e-12
107520.0,29.866666666666667,1.815646694809699e-09,1.497926519070864e-09,8.820431750988205e-12
107580.0,29.883333333333333,1.8143286739247035e-09,1.4968106854198791e-09,8.806848970518149e-12
107640.0,29.9,1.8130124309496606e-09,1.495696391435087e-09,8.793308481948996e-12
107700.0,29.916666666666668,1.8116979623962414e-09,1.4945836340260163e-09,8.779810110434825e-12
107760.0,29.933333333333334,1.8103852648444684e-09,1.4934724101601304e-09,8.766353683299767e-12
107820.0,29.95,1.809074334886359e-09,1.492362716815564e-09,8.752939028586119e-12
107880.0,29.966666666666665,1.8077651691194948e-09,1.4912545509757309e-09,8.739565975160209e-12
107940.0,29.983333333333334,1.8064577641504055e-09,1.4901479096321615e-09,8.72623435275051e-12
108000.0,30.0,1.805152116594003e-09,1.4890427897840201e-09,8.712943991932357e-12
108060.0,30.016666666666666,1.8038482233205216e-09,1.4879391886456332e-09,8.699694726635692e-12
108120.0,30.033333333333335,1.8025460803806436e-09,1.4868371027433765e-09,8.686486382640522e-12
108180.0,30.05,1.8012456847760705e-09,1.4857365294029809e-09,8.673318797909928e-12
108240.0,30.066666666666666,1.7999470331864134e-09,1.4846374656802458e-09,8.660191806331581e-12
108300.0,30.083333333333332,1.798650122208089e-09,1.4835399085618659e-09,8.647105241588205e-12
108360.0,30.1,1.7973549485039447e-09,1.4824438550908054e-09,8.634058939424091e-12
108420.0,30.116666666666667,1.796061508748834e-09,1.4813493023206786e-09,8.621052736264256e-12
108480.0,30.133333333333333,1.794769799622942e-09,1.4802562473101684e-09,8.608086469309386e-12
108540.0,30.15,1.7934798178151492e-09,1.4791646871258256e-09,8.595159976573876e-12
108600.0,30.166666666666668,1.7921915600224655e-09,1.4780746188416075e-09,8.582273096870716e-12
108660.0,30.183333333333334,1.7909050231964897e-09,1.4769860397459141e-09,8.569425672284695e-12
108720.0,30.2,1.7896202034722903e-09,1.4758989464419454e-09,8.556617536862716e-12
108780.0,30.216666666666665,1.7883370979298973e-09,1.474813336326878e-09,8.543848536535547e-12
108840.0,30.233333333333334,1.7870557033297185e-09,1.4737292065300944e-09,8.531118513246194e-12
108900.0,30.25,1.7857760163504693e-09,1.4726465541131442e-09,8.51842730872404e-12
108960.0,30.266666666666666,1.7844980337354264e-09,1.471565376192229e-09,8.50577476665728e-12
109020.0,30.283333333333335,1.78322175223988e-09,1.4704856698941756e-09,8.493160731380097e-12
109080.0,30.3,1.7819471686242268e-09,1.4694074323506808e-09,8.480585047957122e-12
109140.0,30.316666666666666,1.7806742796573155e-09,1.46833066070107e-09,8.468047562221075e-12
109200.0,30.333333333333332,1.779403082115892e-09,1.4672553520918599e-09,8.455548120758527e-12
109260.0,30.35,1.778133573030505e-09,1.4661815038832571e-09,8.443086573347837e-12
109320.0,30.366666666666667,1.7768657486182647e-09,1.465109112753073e-09,8.43066276184108e-12
109380.0,30.383333333333333,1.7755996060352558e-09,1.4640381761677727e-09,8.418276539687398e-12
109440.0,30.4,1.774335142120298e-09,1.4629686913280866e-09,8.405927756431415e-12
109500.0,30.416666666666668,1.773072353632061e-09,1.4619006553682035e-09,8.393616261397886e-12
109560.0,30.433333333333334,1.7718112373919265e-09,1.4608340654753704e-09,8.381341905773172e-12
109620.0,30.45,1.770551790233298e-09,1.4597689188474485e-09,8.369104541357041e-12
109680.0,30.466666666666665,1.7692940089944787e-09,1.4587052126869653e-09,8.356904020637729e-12
109740.0,30.483333333333334,1.768037890521978e-09,1.4576429442038543e-09,8.344740196828383e-12
109800.0,30.5,1.7667834316699794e-09,1.4565821106150237e-09,8.332612923854404e-12
109860.0,30.516666666666666,1.7655306295456594e-09,1.4555227093503088e-09,8.320522058755711e-12
109920.0,30.533333333333335,1.7642794804459144e-09,1.4544647371599986e-09,8.308467450757483e-12
109980.0,30.55,1.7630299816006517e-09,1.453408191577751e-09,8.296448960406071e-12
110040.0,30.566666666666666,1.7617821299248338e-09,1.4523530698735056e-09,8.284466444423047e-12
110100.0,30.583333333333332,1.7605359222547887e-09,1.4512993692519283e-09,8.272519759305581e-12
110160.0,30.6,1.759291355487768e-09,1.4502470869692126e-09,8.260608763320556e-12
110220.0,30.616666666666667,1.7580484265330358e-09,1.4491962202921398e-09,8.24873331531827e-12
110280.0,30.633333333333333,1.7568071323045793e-09,1.4481467664919712e-09,8.236893274797313e-12
110340.0,30.65,1.755567469724326e-09,1.4470987228471432e-09,8.225088501941666e-12
110400.0,30.666666666666668,1.7543294357216834e-09,1.4460520866428738e-09,8.21331885760783e-12
110460.0,30.683333333333334,1.753093027478208e-09,1.445006855376516e-09,8.201584205693027e-12
110520.0,30.7,1.7518582413683958e-09,1.4439630258687764e-09,8.18988440239019e-12
110580.0,30.716666666666665,1.750625074693824e-09,1.4429205957184842e-09,8.178219314948263e-12
110640.0,30.733333333333334,1.749393524443395e-09,1.441879562262715e-09,8.166588806867894e-12
110700.0,30.75,1.7481635875288868e-09,1.4408399227745451e-09,8.154992741422165e-12
110760.0,30.766666666666666,1.7469352609212415e-09,1.439801674577069e-09,8.143430983567649e-12
110820.0,30.783333333333335,1.7457085416034289e-09,1.4387648150039506e-09,8.131903398815292e-12
110880.0,30.8,1.744483426562935e-09,1.4377293413931522e-09,8.120409853287595e-12
110940.0,30.816666666666666,1.7432599127949728e-09,1.436695251089593e-09,8.108950213754797e-12
111000.0,30.833333333333332,1.7420379973020128e-09,1.4356625414447848e-09,8.097524347622704e-12
111060.0,30.85,1.7408176773378226e-09,1.4346312100215607e-09,8.086132125266569e-12
111120.0,30.866666666666667,1.739598949352377e-09,1.4336012537090546e-09,8.074773409467252e-12
111180.0,30.883333333333333,1.7383818107168498e-09,1.4325726701693183e-09,8.063448073806336e-12
111240.0,30.9,1.7371662584919432e-09,1.4315454568045547e-09,8.05215598819045e-12
111300.0,30.916666666666668,1.735952289662747e-09,1.430519610954253e-09,8.04089702229724e-12
111360.0,30.933333333333334,1.734739901271801e-09,1.4294951300064405e-09,8.029671047405698e-12
111420.0,30.95,1.7335290903736735e-09,1.4284720113596903e-09,8.018477935322566e-12
111480.0,30.966666666666665,1.7323198540272639e-09,1.4274502524167028e-09,8.007317558431598e-12
111540.0,30.983333333333334,1.731112189298978e-09,1.4264298505869371e-09,7.996189789728447e-12
111600.0,31.0,1.729906093262277e-09,1.4254108032862368e-09,7.985094502810671e-12
111660.0,31.016666666666666,1.7287015632410315e-09,1.424393108140959e-09,7.974031574175378e-12
111720.0,31.033333333333335,1.7274985957586534e-09,1.4233767621067378e-09,7.96300087283551e-12
111780.0,31.05,1.726297188253896e-09,1.422361762906956e-09,7.952002278357906e-12
111840.0,31.066666666666666,1.725097337857199e-09,1.4213481080070226e-09,7.94103566670565e-12
111900.0,31.083333333333332,1.7238990416248946e-09,1.4203357948108952e-09,7.930100913612057e-12
111960.0,31.1,1.7227022966690905e-09,1.4193248207696316e-09,7.919197896334473e-12
112020.0,31.116666666666667,1.721507100113919e-09,1.4183151833448214e-09,7.908326492633165e-12
112080.0,31.133333333333333,1.7203134490876761e-09,1.4173068800020044e-09,7.897486580812326e-12
112140.0,31.15,1.719121340725935e-09,1.4162999082132793e-09,7.886678039755655e-12
112200.0,31.166666666666668,1.7179307721711373e-09,1.415294265456961e-09,7.875900748915455e-12
112260.0,31.183333333333334,1.7167417408152222e-09,1.414289949421012e-09,7.865154590577846e-12
112320.0,31.2,1.7155542432530635e-09,1.4132869571257234e-09,7.854439439653191e-12
112380.0,31.216666666666665,1.7143682769890414e-09,1.4122852863539748e-09,7.843755181367838e-12
112440.0,31.233333333333334,1.7131838392213327e-09,1.4112849346325212e-09,7.833101697413136e-12
112500.0,31.25,1.7120009270755181e-09,1.4102858994279172e-09,7.822478869250856e-12
112560.0,31.266666666666666,1.7108195377313036e-09,1.4092881782524142e-09,7.81188657979386e-12
112620.0,31.283333333333335,1.7096396683804216e-09,1.4082917686287762e-09,7.801324712434373e-12
112680.0,31.3,1.7084613162185986e-09,1.4072966680835546e-09,7.790793151077805e-12
112740.0,31.316666666666666,1.7072844784486292e-09,1.40630287414967e-09,7.780291780178016e-12
112800.0,31.333333333333332,1.7061091522799901e-09,1.4053103843660766e-09,7.769820484727217e-12
112860.0,31.35,1.7049353351707232e-09,1.4043191964805197e-09,7.759379152486942e-12
112920.0,31.366666666666667,1.7037630237852438e-09,1.4033293075761434e-09,7.748967663951087e-12
112980.0,31.383333333333333,1.7025922156916657e-09,1.4023407154935713e-09,7.738585909699987e-12
113040.0,31.4,1.7014229081539858e-09,1.401353417819091e-09,7.728233776844926e-12
113100.0,31.416666666666668,1.7002550983650837e-09,1.4003674120800526e-09,7.717911152268954e-12
113160.0,31.433333333333334,1.6990887835703658e-09,1.3993826958481276e-09,7.70761792423745e-12
113220.0,31.45,1.6979239610272654e-09,1.3983992667054737e-09,7.697353981472276e-12
113280.0,31.466666666666665,1.6967606279970437e-09,1.3974171222378878e-09,7.687119213180318e-12
113340.0,31.483333333333334,1.6955987817478264e-09,1.3964362600373473e-09,7.67691350908771e-12
113400.0,31.5,1.6944384195542377e-09,1.3954566777016896e-09,7.666736759430245e-12
113460.0,31.516666666666666,1.693279538938518e-09,1.394478373036671e-09,7.656588857150685e-12
113520.0,31.533333333333335,1.692122136632774e-09,1.3935013431865574e-09,7.64646968803181e-12
113580.0,31.55,1.690966210267028e-09,1.392525586047999e-09,7.636379147720414e-12
113640.0,31.566666666666666,1.6898117571692218e-09,1.39155109926509e-09,7.62631712845842e-12
113700.0,31.583333333333332,1.6886587745976635e-09,1.3905778804242219e-09,7.616283522261865e-12
113760.0,31.6,1.6875072598616192e-09,1.3896059271547696e-09,7.606278222463263e-12
113820.0,31.616666666666667,1.6863572102823804e-09,1.3886352370965706e-09,7.596301122831051e-12
113880.0,31.633333333333333,1.685208623184904e-09,1.3876658078929573e-09,7.586352117591712e-12
113940.0,31.65,1.684061495900825e-09,1.3866976371932585e-09,7.576431101463458e-12
114000.0,31.666666666666668,1.682915825768094e-09,1.385730722652502e-09,7.566537969647263e-12
114060.0,31.683333333333334,1.6817716103712988e-09,1.3847650621327314e-09,7.556672619991039e-12
114120.0,31.7,1.6806288465084515e-09,1.383800652837667e-09,7.546834943289366e-12
114180.0,31.716666666666665,1.6794875318697031e-09,1.3828374927183338e-09,7.537024839985386e-12
114240.0,31.733333333333334,1.6783476638451412e-09,1.3818755794749518e-09,7.527242207180063e-12
114300.0,31.75,1.6772092397566835e-09,1.3809149107512623e-09,7.517486941750732e-12
114360.0,31.766666666666666,1.6760722569756768e-09,1.3799554842326863e-09,7.50775894182986e-12
114420.0,31.783333333333335,1.674936712885485e-09,1.3789972976150855e-09,7.498058105965714e-12
114480.0,31.8,1.6738026048729933e-09,1.3780403485976714e-09,7.488384333139482e-12
114540.0,31.816666666666666,1.6726699303315622e-09,1.3770846348854804e-09,7.478737522798331e-12
114600.0,31.833333333333332,1.6715386866607138e-09,1.3761301541890826e-09,7.469117574846834e-12
114660.0,31.85,1.6704088715048377e-09,1.3751769044245271e-09,7.459524391760642e-12
114720.0,31.866666666666667,1.6692804817275881e-09,1.374224882854591e-09,7.449957869119318e-12
114780.0,31.883333333333333,1.6681535150775884e-09,1.3732740874831373e-09,7.440417911912058e-12
114840.0,31.9,1.6670279690039294e-09,1.3723245160637094e-09,7.43090442180775e-12
114900.0,31.916666666666668,1.665903840890886e-09,1.3713761662962008e-09,7.421417300303943e-12
114960.0,31.933333333333334,1.6647811281702854e-09,1.370429035920573e-09,7.411956450083773e-12
115020.0,31.95,1.6636598282858407e-09,1.3694831226871078e-09,7.402521774224451e-12
115080.0,31.966666666666665,1.662539938684631e-09,1.3685384243492938e-09,7.393113176212947e-12
115140.0,31.983333333333334,1.6614214568200467e-09,1.3675949386662793e-09,7.383730559977706e-12
115200.0,32.0,1.6603043801514502e-09,1.3666526634025929e-09,7.37437382988101e-12
115260.0,32.016666666666666,1.6591887063811801e-09,1.3657115965265684e-09,7.365042892779284e-12
115320.0,32.03333333333333,1.6580744324371445e-09,1.3647717353587274e-09,7.355737648797944e-12
115380.0,32.05,1.656961556124728e-09,1.3638330779541711e-09,7.34645800723227e-12
115440.0,32.06666666666667,1.6558500749501252e-09,1.3628956221180409e-09,7.337203874074847e-12
115500.0,32.083333333333336,1.654739986358351e-09,1.3619593656048618e-09,7.327975155205129e-12
115560.0,32.1,1.6536312878400618e-09,1.3610243062076074e-09,7.318771757620825e-12
115620.0,32.11666666666667,1.6525239768976543e-09,1.3600904417294284e-09,7.309593588692265e-12
115680.0,32.13333333333333,1.651418051036733e-09,1.3591577699765448e-09,7.3004405561777e-12
115740.0,32.15,1.65031350776905e-09,1.3582262887606727e-09,7.291312568254264e-12
115800.0,32.166666666666664,1.6492103446121742e-09,1.3572959958987713e-09,7.282209533510283e-12
115860.0,32.18333333333333,1.6481085593247698e-09,1.3563668894099646e-09,7.273131362955508e-12
115920.0,32.2,1.6470081488972724e-09,1.3554389666709103e-09,7.264077961026991e-12
115980.0,32.21666666666667,1.6459091111901492e-09,1.3545122257864002e-09,7.255049241099766e-12
116040.0,32.233333333333334,1.6448114437652375e-09,1.3535866646118137e-09,7.246045113269425e-12
116100.0,32.25,1.6437151441265971e-09,1.3526622809547287e-09,7.237065487569887e-12
116160.0,32.266666666666666,1.6426202098220757e-09,1.3517390726596135e-09,7.228110275089948e-12
116220.0,32.28333333333333,1.641526638411134e-09,1.350817037580995e-09,7.2191793872714845e-12
116280.0,32.3,1.6404344274562945e-09,1.349896173576324e-09,7.210272735923439e-12
116340.0,32.31666666666667,1.6393435745260693e-09,1.3489764785084088e-09,7.201390233252606e-12
116400.0,32.333333333333336,1.6382540771946186e-09,1.3480579502451416e-09,7.1925317918555176e-12
116460.0,32.35,1.6371659332753924e-09,1.347140586855001e-09,7.183697326680879e-12
116520.0,32.36666666666667,1.636079139819674e-09,1.346224385769231e-09,7.174886746257118e-12
116580.0,32.38333333333333,1.6349936947413727e-09,1.3453093451408133e-09,7.166099967825988e-12
116640.0,32.4,1.6339095956565795e-09,1.344395462874035e-09,7.157336905378222e-12
116700.0,32.416666666666664,1.6328268401267295e-09,1.3434827368280107e-09,7.148597472887899e-12
116760.0,32.43333333333333,1.6317454257552906e-09,1.3425711648972476e-09,7.139881585324896e-12
116820.0,32.45,1.6306653501572192e-09,1.34166074498619e-09,7.131189157993693e-12
116880.0,32.46666666666667,1.629586610950403e-09,1.340751475002081e-09,7.122520106546686e-12
116940.0,32.483333333333334,1.6285092057585472e-09,1.3398433528573749e-09,7.113874347013593e-12
117000.0,32.5,1.627433132210862e-09,1.338936376469468e-09,7.105251795794399e-12
117060.0,32.516666666666666,1.6263583881740704e-09,1.3380305439547918e-09,7.096652371574671e-12
117120.0,32.53333333333333,1.6252849707586783e-09,1.3371258527976802e-09,7.088075986766837e-12
117180.0,32.55,1.6242128779304813e-09,1.3362223011978581e-09,7.079522562278911e-12
117240.0,32.56666666666667,1.6231421073584288e-09,1.3353198871072394e-09,7.070992015800779e-12
117300.0,32.583333333333336,1.6220726566597496e-09,1.3344186084349985e-09,7.062484265045152e-12
117360.0,32.6,1.6210045234919992e-09,1.3335184631242669e-09,7.053999228664941e-12
117420.0,32.61666666666667,1.619937705524119e-09,1.3326194491280089e-09,7.045536825630676e-12
117480.0,32.63333333333333,1.6188722004278353e-09,1.3317215644018608e-09,7.03709697524249e-12
117540.0,32.65,1.6178080058805523e-09,1.330824806906529e-09,7.028679597158847e-12
117600.0,32.666666666666664,1.6167451195650298e-09,1.32992917460753e-09,7.020284611389761e-12
117660.0,32.68333333333333,1.6156835393997955e-09,1.3290346656678903e-09,7.0119119401679185e-12
117720.0,32.7,1.6146232625530082e-09,1.3281412776235869e-09,7.003561499594008e-12
117780.0,32.71666666666667,1.6135642870408336e-09,1.327249008719692e-09,6.995233214053498e-12
117840.0,32.733333333333334,1.6125066105837536e-09,1.3263578569544977e-09,6.986927004750807e-12
117900.0,32.75,1.6114502308532284e-09,1.3254678202858178e-09,6.9786427929472285e-12
117960.0,32.766666666666666,1.61039514555943e-09,1.3245788967040404e-09,6.970380500792317e-12
118020.0,32.78333333333333,1.609341352423811e-09,1.3236910842092927e-09,6.9621400507372616e-12
118080.0,32.8,1.608288849170483e-09,1.3228043808042542e-09,6.953921365545691e-12
118140.0,32.81666666666667,1.6072376335290835e-09,1.3219187844965357e-09,6.9457243683218726e-12
118200.0,32.833333333333336,1.6061877032344639e-09,1.321034293298426e-09,6.937548982503515e-12
118260.0,32.85,1.605139056255547e-09,1.3201509054182457e-09,6.929395133691273e-12
118320.0,32.86666666666667,1.6040916898166197e-09,1.319268618442206e-09,6.921262741489787e-12
118380.0,32.88333333333333,1.603045601982752e-09,1.3183874306593816e-09,6.913151733584513e-12
118440.0,32.9,1.6020007905246573e-09,1.3175073401132343e-09,6.905062034519772e-12
118500.0,32.916666666666664,1.6009572531665383e-09,1.3166283448088363e-09,6.896993568926634e-12
118560.0,32.93333333333333,1.5999149876697454e-09,1.315750442782517e-09,6.8889462622753166e-12
118620.0,32.95,1.5988739918068175e-09,1.3148736320802487e-09,6.880920040323205e-12
118680.0,32.96666666666667,1.5978342633528354e-09,1.3139979107504482e-09,6.872914829123723e-12
118740.0,32.983333333333334,1.5967958000882614e-09,1.3131232768463258e-09,6.864930555054012e-12
118800.0,33.0,1.5957585997986248e-09,1.3122497284256457e-09,6.85696714480808e-12
118860.0,33.016666666666666,1.5947226605018696e-09,1.3113772637407532e-09,6.849024527185574e-12
118920.0,33.03333333333333,1.5936879794769392e-09,1.310505880426735e-09,6.8411026251212885e-12
118980.0,33.05,1.5926545548363915e-09,1.3096355768153755e-09,6.833201369433017e-12
119040.0,33.06666666666667,1.591622384399908e-09,1.3087663509941219e-09,6.825320687840694e-12
119100.0,33.083333333333336,1.590591465942988e-09,1.30789820101398e-09,6.81746050817629e-12
119160.0,33.1,1.589561797276769e-09,1.3070311249559379e-09,6.809620759065079e-12
119220.0,33.11666666666667,1.588533376223502e-09,1.306165120910547e-09,6.801801369405758e-12
119280.0,33.13333333333333,1.587506200607859e-09,1.3053001869706916e-09,6.794002268377709e-12
119340.0,33.15,1.5864802682597572e-09,1.3044363212339244e-09,6.786223385468256e-12
119400.0,33.166666666666664,1.5854555770140411e-09,1.3035735218022231e-09,6.778464650465685e-12
119460.0,33.18333333333333,1.5844321249363505e-09,1.3027117869707338e-09,6.770725995209405e-12
119520.0,33.2,1.583409909358846e-09,1.3018511144221026e-09,6.763007345800331e-12
119580.0,33.21666666666667,1.5823889284402144e-09,1.300991502529567e-09,6.755308636030552e-12
119640.0,33.233333333333334,1.5813691800478747e-09,1.3001329494234277e-09,6.747629796640729e-12
119700.0,33.25,1.5803506620072134e-09,1.2992754531993254e-09,6.739970758504198e-12
119760.0,33.266666666666666,1.5793333721778219e-09,1.2984190119816802e-09,6.732331453245099e-12
119820.0,33.28333333333333,1.5783173084303226e-09,1.2975636239043845e-09,6.724711812747914e-12
119880.0,33.3,1.5773024686376492e-09,1.2967092871035693e-09,6.717111769163602e-12
119940.0,33.31666666666667,1.576288850677843e-09,1.2958559997199087e-09,6.709531254935884e-12
120000.0,33.333333333333336,1.575276452433747e-09,1.2950037598983763e-09,6.701970202794621e-12
120060.0,33.35,1.5742652720174015e-09,1.294152565975729e-09,6.694428547468516e-12
120120.0,33.36666666666667,1.5732553068128022e-09,1.2933024156809063e-09,6.686906218069949e-12
120180.0,33.38333333333333,1.5722465550234449e-09,1.2924533074273834e-09,6.679403151216538e-12
120240.0,33.4,1.5712390145632889e-09,1.291605239387201e-09,6.671919280522739e-12
120300.0,33.416666666666664,1.5702326833062548e-09,1.2907582096994018e-09,6.664454539753306e-12
120360.0,33.43333333333333,1.569227559159079e-09,1.2899122165306282e-09,6.657008863383556e-12
120420.0,33.45,1.568223640039463e-09,1.2890672580569343e-09,6.649582186137145e-12
120480.0,33.46666666666667,1.5672209238673155e-09,1.2882233324565048e-09,6.642174442990662e-12
120540.0,33.483333333333334,1.5662194085675147e-09,1.2873804379119557e-09,6.634785569199211e-12
120600.0,33.5,1.5652190920696179e-09,1.2865385726100791e-09,6.627415500290083e-12
120660.0,33.516666666666666,1.5642199725308185e-09,1.285697734928092e-09,6.6200641737392996e-12
120720.0,33.53333333333333,1.563222047385606e-09,1.2848579226399944e-09,6.612731521524548e-12
120780.0,33.55,1.5622253148810061e-09,1.2840191341983289e-09,6.60541748294865e-12
120840.0,33.56666666666667,1.5612297729763557e-09,1.2831813678158035e-09,6.598121994361164e-12
120900.0,33.583333333333336,1.5602354195927958e-09,1.2823446216736557e-09,6.590844992276592e-12
120960.0,33.6,1.5592422526829477e-09,1.2815088939795943e-09,6.5835864138820195e-12
121020.0,33.61666666666667,1.5582502702103353e-09,1.2806741829506776e-09,6.576346196601846e-12
121080.0,33.63333333333333,1.5572594701405942e-09,1.2798404868060047e-09,6.569124278100584e-12
121140.0,33.65,1.556269850444194e-09,1.2790078037689807e-09,6.5619205963076094e-12
121200.0,33.666666666666664,1.5552814090961597e-09,1.2781761320670782e-09,6.554735089411635e-12
121260.0,33.68333333333333,1.5542941442976318e-09,1.2773454701168616e-09,6.547567697501917e-12
121320.0,33.7,1.5533080535322855e-09,1.2765158157361969e-09,6.540418355283478e-12
121380.0,33.71666666666667,1.5523231350894479e-09,1.2756871674155695e-09,6.533287004611584e-12
121440.0,33.733333333333334,1.551339386972706e-09,1.274859523407305e-09,6.526173584440259e-12
121500.0,33.75,1.5503568071491364e-09,1.2740328819336679e-09,6.519078033899593e-12
121560.0,33.766666666666666,1.5493753936160343e-09,1.2732072412423164e-09,6.5120002927570085e-12
121620.0,33.78333333333333,1.548395144381525e-09,1.2723825995901962e-09,6.504940301006813e-12
121680.0,33.8,1.547416057455756e-09,1.2715589552362081e-09,6.497897998871264e-12
121740.0,33.81666666666667,1.5464381308535871e-09,1.27073630644344e-09,6.490873326824857e-12
121800.0,33.833333333333336,1.5454613625943066e-09,1.269914651478938e-09,6.483866225588689e-12
121860.0,33.85,1.5444857509218237e-09,1.2690939887975397e-09,6.476876637739001e-12
121920.0,33.86666666666667,1.5435112933677378e-09,1.2682743162598177e-09,6.469904500577496e-12
121980.0,33.88333333333333,1.5425379882624867e-09,1.2674556323931122e-09,6.462949758386912e-12
122040.0,33.9,1.5415658336527995e-09,1.266637935488345e-09,6.4560123526018e-12
122100.0,33.916666666666664,1.5405948275504731e-09,1.2658212238076889e-09,6.4490922248414515e-12
122160.0,33.93333333333333,1.5396249679962728e-09,1.2650054956376577e-09,6.442189317329172e-12
122220.0,33.95,1.5386562530417586e-09,1.2641907492740071e-09,6.435303572505671e-12
122280.0,33.96666666666667,1.537688680740415e-09,1.263376983014365e-09,6.428434933027912e-12
122340.0,33.983333333333334,1.5367222491503126e-09,1.262564195160425e-09,6.421583341793305e-12
122400.0,34.0,1.5357569563338433e-09,1.2617523840177426e-09,6.414748741933836e-12
122460.0,34.016666666666666,1.534792800576541e-09,1.2609415480783815e-09,6.407931078392869e-12
122520.0,34.03333333333333,1.5338297794567108e-09,1.2601316852444995e-09,6.4011302909457416e-12
122580.0,34.05,1.5328678913447455e-09,1.259322794079237e-09,6.394346326184336e-12
122640.0,34.06666666666667,1.5319071343294496e-09,1.2585148729111336e-09,6.387579127906522e-12
122700.0,34.083333333333336,1.5309475064661356e-09,1.2577079200411634e-09,6.380828640101358e-12
122760.0,34.1,1.529989005837903e-09,1.25690193379366e-09,6.3740948073306344e-12
122820.0,34.11666666666667,1.5290316305385943e-09,1.2560969125021394e-09,6.367377574364373e-12
122880.0,34.13333333333333,1.528075378663899e-09,1.2552928545019071e-09,6.3606768861782604e-12
122940.0,34.15,1.5271202483139603e-09,1.2544897581322324e-09,6.3539926879767444e-12
123000.0,34.166666666666664,1.526166237593142e-09,1.253687621736137e-09,6.347324925188008e-12
123060.0,34.18333333333333,1.525213344827503e-09,1.2528864438418969e-09,6.340673545009401e-12
123120.0,34.2,1.524261567640857e-09,1.2520862223921785e-09,6.334038489573089e-12
123180.0,34.21666666666667,1.5233109044424436e-09,1.2512869559849e-09,6.3274197076686565e-12
123240.0,34.233333333333334,1.5223613533621043e-09,1.2504886429852593e-09,6.320817145346344e-12
123300.0,34.25,1.521412912497503e-09,1.2496912817319774e-09,6.314230748851963e-12
123360.0,34.266666666666666,1.5204655799729644e-09,1.2488948705861917e-09,6.3076604649746425e-12
123420.0,34.28333333333333,1.5195193539235066e-09,1.2480994079181594e-09,6.301106240703402e-12
123480.0,34.3,1.5185742324859158e-09,1.2473048920998562e-09,6.294568023222473e-12
123540.0,34.31666666666667,1.5176302138013149e-09,1.246511321507119e-09,6.288045759934324e-12
123600.0,34.333333333333336,1.5166872960149338e-09,1.2457186945194364e-09,6.281539398454321e-12
123660.0,34.35,1.5157454774922857e-09,1.244927009700315e-09,6.2750488881269845e-12
123720.0,34.36666666666667,1.5148047559015507e-09,1.2441362650318746e-09,6.268574173331011e-12
123780.0,34.38333333333333,1.5138651296897284e-09,1.2433464591458334e-09,6.262115204948027e-12
123840.0,34.4,1.5129265970266846e-09,1.242557590443107e-09,6.255671931175836e-12
123900.0,34.416666666666664,1.5119891560513198e-09,1.2417696572991553e-09,6.249244300410073e-12
123960.0,34.43333333333333,1.5110528049280982e-09,1.2409826581109156e-09,6.242832261562142e-12
124020.0,34.45,1.5101175418321432e-09,1.2401965912844153e-09,6.236435763735343e-12
124080.0,34.46666666666667,1.5091833649402626e-09,1.2394114552273238e-09,6.230054756218725e-12
124140.0,34.483333333333334,1.5082502724334959e-09,1.2386272483510664e-09,6.223689188509146e-12
124200.0,34.5,1.507318262496875e-09,1.2378439690706242e-09,6.217339010306538e-12
124260.0,34.516666666666666,1.5063873335343276e-09,1.2370616159837855e-09,6.2110041730010874e-12
124320.0,34.53333333333333,1.5054574832572776e-09,1.2362801871111096e-09,6.204684623113774e-12
124380.0,34.55,1.5045287101494523e-09,1.2354996811171582e-09,6.198380313518523e-12
124440.0,34.56666666666667,1.5036010124197494e-09,1.2347200964376649e-09,6.192091194461223e-12
124500.0,34.583333333333336,1.5026743882472174e-09,1.233941431483827e-09,6.1858172163862476e-12
124560.0,34.6,1.5017488358354218e-09,1.2331636846874416e-09,6.179558330227823e-12
124620.0,34.61666666666667,1.5008243533985432e-09,1.2323868544893443e-09,6.173314487104693e-12
124680.0,34.63333333333333,1.4999009391523781e-09,1.2316109393319558e-09,6.1670856383121165e-12
124740.0,34.65,1.4989785913168383e-09,1.2308359376613416e-09,6.160871735343537e-12
124800.0,34.666666666666664,1.498057308115733e-09,1.230061847927035e-09,6.154672729886155e-12
124860.0,34.68333333333333,1.4971370879903959e-09,1.229288668760184e-09,6.148488575280036e-12
124920.0,34.7,1.496217928694409e-09,1.2285163982187994e-09,6.142319220089534e-12
124980.0,34.71666666666667,1.495299828747218e-09,1.2277450349993676e-09,6.1361646190864796e-12
125040.0,34.733333333333334,1.4943827863957993e-09,1.2269745775715632e-09,6.1300247244707034e-12
125100.0,34.75,1.49346679985829e-09,1.2262050243813617e-09,6.123899488639676e-12
125160.0,34.766666666666666,1.4925518673763428e-09,1.2254363738944886e-09,6.117788864456242e-12
125220.0,34.78333333333333,1.491637987202187e-09,1.2246686245856744e-09,6.111692804960914e-12
125280.0,34.8,1.4907251575895999e-09,1.223901774931166e-09,6.105611263362069e-12
125340.0,34.81666666666667,1.4898133767963634e-09,1.2231358234107562e-09,6.099544193057067e-12
125400.0,34.833333333333336,1.4889026430840628e-09,1.2223707685076164e-09,6.0934915476280234e-12
125460.0,34.85,1.4879929549304552e-09,1.221606608885365e-09,6.087453282274401e-12
125520.0,34.86666666666667,1.4870843101302336e-09,1.2208433426385007e-09,6.081429347510168e-12
125580.0,34.88333333333333,1.4861767072375887e-09,1.2200809684945575e-09,6.07541969991577e-12
125640.0,34.9,1.4852701445366315e-09,1.2193194849562804e-09,6.069424293555827e-12
125700.0,34.916666666666664,1.4843646202835806e-09,1.2185588905035042e-09,6.063443082690144e-12
125760.0,34.93333333333333,1.4834601327571836e-09,1.2177991836349872e-09,6.0574760220211924e-12
125820.0,34.95,1.4825566802467387e-09,1.2170403628584563e-09,6.051523066422537e-12
125880.0,34.96666666666667,1.4816542610430314e-09,1.2162824266830985e-09,6.045584170927253e-12
125940.0,34.983333333333334,1.4807528734407385e-09,1.2155253736215414e-09,6.0396592907489895e-12
126000.0,35.0,1.4798525157382458e-09,1.214769202189715e-09,6.03374838127758e-12
126060.0,35.016666666666666,1.4789531864487868e-09,1.2140139110828384e-09,6.0278513994856944e-12
126120.0,35.03333333333333,1.4780548834071504e-09,1.2132594984309757e-09,6.021968297748386e-12
126180.0,35.05,1.4771576052013214e-09,1.2125059629918424e-09,6.016099034370187e-12
126240.0,35.06666666666667,1.4762613501516421e-09,1.2117533033004272e-09,6.010243565195884e-12
126300.0,35.083333333333336,1.4753661165514172e-09,1.2110015178695244e-09,6.0044018462617915e-12
126360.0,35.1,1.4744719027155433e-09,1.2102506052300546e-09,5.99857383402552e-12
126420.0,35.11666666666667,1.473578706969431e-09,1.209500563921878e-09,5.992759485109612e-12
126480.0,35.13333333333333,1.4726865276399262e-09,1.2087513924862526e-09,5.98695875628848e-12
126540.0,35.15,1.4717953630576546e-09,1.2080030894677906e-09,5.981171604508626e-12
126600.0,35.166666666666664,1.470905211556864e-09,1.2072556534143128e-09,5.975397986884944e-12
126660.0,35.18333333333333,1.4700160716853436e-09,1.2065090830518056e-09,5.969637862081981e-12
126720.0,35.2,1.4691279413169813e-09,1.2057633765449962e-09,5.963891184251717e-12
126780.0,35.21666666666667,1.4682408190726495e-09,1.2050185326809504e-09,5.9581579133427845e-12
126840.0,35.233333333333334,1.4673547033080387e-09,1.2042745500261009e-09,5.952438006899803e-12
126900.0,35.25,1.4664695923525735e-09,1.2035314271253154e-09,5.946731422654462e-12
126960.0,35.266666666666666,1.4655854845563753e-09,1.202789162540846e-09,5.94103811873941e-12
127020.0,35.28333333333333,1.46470237828005e-09,1.2020477548438432e-09,5.935358053446465e-12
127080.0,35.3,1.4638202718855785e-09,1.2013072026067987e-09,5.929691185212084e-12
127140.0,35.31666666666667,1.4629391637386238e-09,1.200567504405475e-09,5.924037472637011e-12
127200.0,35.333333333333336,1.4620590522083763e-09,1.1998286588187549e-09,5.918396874482567e-12
127260.0,35.35,1.4611799358762888e-09,1.1990906646025745e-09,5.91276935102814e-12
127320.0,35.36666666666667,1.460301812654389e-09,1.1983535199554558e-09,5.907154858122929e-12
127380.0,35.38333333333333,1.4594246811955523e-09,1.1976172236930112e-09,5.901553357283727e-12
127440.0,35.4,1.4585485398899531e-09,1.1968817744123215e-09,5.895964807679064e-12
127500.0,35.416666666666664,1.4576733871022097e-09,1.1961471706895025e-09,5.890389168658766e-12
127560.0,35.43333333333333,1.4567992212167686e-09,1.1954134111173026e-09,5.884826399954716e-12
127620.0,35.45,1.4559260406285372e-09,1.1946804942973573e-09,5.879276461452527e-12
127680.0,35.46666666666667,1.4550538437337378e-09,1.1939484188325855e-09,5.8737393131754725e-12
127740.0,35.483333333333334,1.4541826289321803e-09,1.193217183329084e-09,5.868214915303824e-12
127800.0,35.5,1.4533123946271097e-09,1.1924867863959932e-09,5.862703228171167e-12
127860.0,35.516666666666666,1.4524431394327792e-09,1.1917572268184103e-09,5.857204213598299e-12
127920.0,35.53333333333333,1.4515748612984197e-09,1.1910285028278053e-09,5.851717829056178e-12
127980.0,35.55,1.450707558908054e-09,1.1903006132675602e-09,5.8462440375580035e-12
128040.0,35.56666666666667,1.449841230685505e-09,1.1895735567646437e-09,5.8407827998237625e-12
128100.0,35.583333333333336,1.4489758750296795e-09,1.1888473319255898e-09,5.8353340767484335e-12
128160.0,35.6,1.44811149035848e-09,1.1881219373728694e-09,5.829897829591212e-12
128220.0,35.61666666666667,1.4472480751002443e-09,1.1873973717378011e-09,5.8244740197598924e-12
128280.0,35.63333333333333,1.446385627684573e-09,1.1866736336529452e-09,5.8190626087933596e-12
128340.0,35.65,1.4455241465445573e-09,1.185950721753951e-09,5.8136635583804274e-12
128400.0,35.666666666666664,1.4446636301166392e-09,1.185228634679436e-09,5.808276830356381e-12
128460.0,35.68333333333333,1.4438040770470238e-09,1.184507371242892e-09,5.802902388014261e-12
128520.0,35.7,1.4429454853212413e-09,1.1837869297079174e-09,5.797540190374824e-12
128580.0,35.71666666666667,1.44208785365364e-09,1.1830673089449098e-09,5.792190201879648e-12
128640.0,35.733333333333334,1.4412311805008646e-09,1.1823485076099825e-09,5.786852384731579e-12
128700.0,35.75,1.440375464295247e-09,1.1816305243392963e-09,5.781526701301546e-12
128760.0,35.766666666666666,1.4395207034872934e-09,1.1809133577842738e-09,5.776213114307676e-12
128820.0,35.78333333333333,1.4386668965379305e-09,1.1801970066051571e-09,5.770911586612058e-12
128880.0,35.8,1.4378140419092927e-09,1.1794814694633842e-09,5.765622081201553e-12
128940.0,35.81666666666667,1.4369621380669192e-09,1.1787667450233916e-09,5.760344561206298e-12
129000.0,35.833333333333336,1.4361111834796122e-09,1.1780528319525196e-09,5.755078989896397e-12
129060.0,35.85,1.4352611768247094e-09,1.1773397290919092e-09,5.749825331971168e-12
129120.0,35.86666666666667,1.434412116123167e-09,1.1766274347364923e-09,5.744583547933139e-12
129180.0,35.88333333333333,1.4335640001188452e-09,1.1759159477829566e-09,5.739353603587707e-12
129240.0,35.9,1.432716827300431e-09,1.1752052669158347e-09,5.734135462555548e-12
129300.0,35.916666666666664,1.431870596132818e-09,1.1744953908001475e-09,5.728929088617605e-12
129360.0,35.93333333333333,1.4310253050983049e-09,1.1737863181155249e-09,5.723734445886258e-12
129420.0,35.95,1.4301809526895838e-09,1.1730780475503878e-09,5.718551498613391e-12
129480.0,35.96666666666667,1.4293375374005146e-09,1.1723705777943116e-09,5.713380211169664e-12
129540.0,35.983333333333334,1.4284950577282615e-09,1.1716639075397888e-09,5.708220548062718e-12
129600.0,36.0,1.427653512173181e-09,1.1709580354821387e-09,5.703072473933929e-12
129660.0,36.016666666666666,1.4268128994429485e-09,1.1702529604894388e-09,5.697935954826454e-12
129720.0,36.03333333333333,1.4259732175930865e-09,1.1695486808871753e-09,5.692810952659995e-12
129780.0,36.05,1.4251344653962013e-09,1.1688451955976257e-09,5.687697434542447e-12
129840.0,36.06666666666667,1.4242966413722402e-09,1.168142503333038e-09,5.682595365450306e-12
129900.0,36.083333333333336,1.4234597440178396e-09,1.167440602786546e-09,5.677504710512352e-12
129960.0,36.1,1.4226237718462926e-09,1.1667394926652682e-09,5.6724254351736245e-12
130020.0,36.11666666666667,1.4217887233812633e-09,1.166039171685085e-09,5.667357505014594e-12
130080.0,36.13333333333333,1.4209545971475435e-09,1.16533963856299e-09,5.662300885728805e-12
130140.0,36.15,1.4201213916731325e-09,1.1646408920188135e-09,5.657255543140724e-12
130200.0,36.166666666666664,1.4192891054891543e-09,1.1639429307751454e-09,5.652221443202885e-12
130260.0,36.18333333333333,1.4184577373328493e-09,1.1632457537262942e-09,5.647198553242759e-12
130320.0,36.2,1.4176272852934812e-09,1.162549359227559e-09,5.642186836535793e-12
130380.0,36.21666666666667,1.4167977481716473e-09,1.1618537462261192e-09,5.637186261434399e-12
130440.0,36.233333333333334,1.4159691245178006e-09,1.1611589134612546e-09,5.632196794212145e-12
130500.0,36.25,1.4151414128595224e-09,1.160464859653494e-09,5.627218401286157e-12
130560.0,36.266666666666666,1.4143146117403277e-09,1.1597715835367394e-09,5.6222510493760154e-12
130620.0,36.28333333333333,1.4134887197140841e-09,1.1590790838536336e-09,5.617294705332396e-12
130680.0,36.3,1.4126637353357387e-09,1.1583873593478936e-09,5.612349336113989e-12
130740.0,36.31666666666667,1.4118396571633676e-09,1.1576964087659944e-09,5.60741490880456e-12
130800.0,36.333333333333336,1.4110164837580893e-09,1.1570062308570992e-09,5.602491390610466e-12
130860.0,36.35,1.4101942138859657e-09,1.1563168245410744e-09,5.597578750087156e-12
130920.0,36.36666666666667,1.4093728456691962e-09,1.1556281882023015e-09,5.592676951807517e-12
130980.0,36.38333333333333,1.4085523779356383e-09,1.1549403208122032e-09,5.5877859653132466e-12
131040.0,36.4,1.4077328092655165e-09,1.1542532211364253e-09,5.5829057581190835e-12
131100.0,36.416666666666664,1.406914138216586e-09,1.15356688792219e-09,5.578036297874321e-12
131160.0,36.43333333333333,1.406096363361832e-09,1.1528813199295053e-09,5.5731775525174706e-12
131220.0,36.45,1.4052794832845722e-09,1.152196515927102e-09,5.568329490114351e-12
131280.0,36.46666666666667,1.4044634965691656e-09,1.1515124746847388e-09,5.563492078833671e-12
131340.0,36.483333333333334,1.4036484018030216e-09,1.150829194974861e-09,5.558665286963927e-12
131400.0,36.5,1.402834197576509e-09,1.1501466755725386e-09,5.553849082910776e-12
131460.0,36.516666666666666,1.4020208826837836e-09,1.1494649154225366e-09,5.549043436404157e-12
131520.0,36.53333333333333,1.4012084552791948e-09,1.1487839129376088e-09,5.544248313258901e-12
131580.0,36.55,1.4003969142171584e-09,1.1481036671127848e-09,5.5394636841538206e-12
131640.0,36.56666666666667,1.399586258106963e-09,1.1474241767394291e-09,5.534689517791413e-12
131700.0,36.583333333333336,1.3987764855357702e-09,1.1467454405907804e-09,5.5299257829997275e-12
131760.0,36.6,1.3979675951053154e-09,1.1460674574522926e-09,5.525172448883603e-12
131820.0,36.61666666666667,1.3971595854276386e-09,1.1453902261181207e-09,5.5204294846714214e-12
131880.0,36.63333333333333,1.396352455115789e-09,1.144713745383418e-09,5.51569685968976e-12
131940.0,36.65,1.3955462027857746e-09,1.1440380140459438e-09,5.510974543379741e-12
132000.0,36.666666666666664,1.3947408270565035e-09,1.1433630309060224e-09,5.506262505294695e-12
132060.0,36.68333333333333,1.393936326749515e-09,1.1426887949326727e-09,5.501560716288204e-12
132120.0,36.7,1.3931327000505498e-09,1.1420153045663467e-09,5.496869143364287e-12
132180.0,36.71666666666667,1.3923299458398997e-09,1.1413425588250534e-09,5.492187758288966e-12
132240.0,36.733333333333334,1.3915280627552107e-09,1.1406705565252526e-09,5.487516530902125e-12
132300.0,36.75,1.390727049412337e-09,1.1399992964655292e-09,5.4828554311598546e-12
132360.0,36.766666666666666,1.389926904441051e-09,1.1393287774561568e-09,5.478204429282882e-12
132420.0,36.78333333333333,1.3891276264814036e-09,1.1386589983160716e-09,5.47356349561247e-12
132480.0,36.8,1.3883292141744314e-09,1.1379899578651806e-09,5.468932600583398e-12
132540.0,36.81666666666667,1.3875316661640408e-09,1.137321654925929e-09,5.464311714740011e-12
132600.0,36.833333333333336,1.3867349810969779e-09,1.1366540883232571e-09,5.459700808734137e-12
132660.0,36.85,1.3859391578214764e-09,1.1359872570498245e-09,5.455099854494541e-12
132720.0,36.86666666666667,1.3851441945539356e-09,1.1353211595731071e-09,5.4505088201642845e-12
132780.0,36.88333333333333,1.3843500901998523e-09,1.134655794933503e-09,5.445927678549558e-12
132840.0,36.9,1.383556843424562e-09,1.1339911619719437e-09,5.441356400579283e-12
132900.0,36.916666666666664,1.3827644528718944e-09,1.1333272595117342e-09,5.436794957289262e-12
132960.0,36.93333333333333,1.3819729171989734e-09,1.132664086387335e-09,5.432243319968779e-12
133020.0,36.95,1.3811822350731795e-09,1.1320016414418545e-09,5.4277014600242606e-12
133080.0,36.96666666666667,1.380392405162846e-09,1.131339923519329e-09,5.423169348951441e-12
133140.0,36.983333333333334,1.3796034261391041e-09,1.1306789314662749e-09,5.418646958351047e-12
133200.0,37.0,1.3788152966758425e-09,1.130018664131634e-09,5.414134259926539e-12
133260.0,37.016666666666666,1.3780280156473383e-09,1.1293591205311063e-09,5.409631226635883e-12
133320.0,37.03333333333333,1.3772415812999202e-09,1.1287002991585445e-09,5.4051378277135556e-12
133380.0,37.05,1.3764559925636552e-09,1.128042199076151e-09,5.400654036960874e-12
133440.0,37.06666666666667,1.3756712481309046e-09,1.1273848191487406e-09,5.396179826350154e-12
133500.0,37.083333333333336,1.374887346672788e-09,1.1267281582237115e-09,5.3917151679508525e-12
133560.0,37.1,1.3741042868731108e-09,1.1260722151591174e-09,5.387260034075433e-12
133620.0,37.11666666666667,1.3733220674259151e-09,1.1254169888216225e-09,5.3828143971505e-12
133680.0,37.13333333333333,1.3725406870261733e-09,1.1247624780788108e-09,5.3783782296878354e-12
133740.0,37.15,1.371760144371566e-09,1.1241086818006552e-09,5.37395150429966e-12
133800.0,37.166666666666664,1.3709804381624785e-09,1.123455598859516e-09,5.369534193696801e-12
133860.0,37.18333333333333,1.3702015672985686e-09,1.1228032282935409e-09,5.365126271822518e-12
133920.0,37.2,1.3694235300554064e-09,1.1221515686223326e-09,5.360727708957324e-12
133980.0,37.21666666666667,1.3686463253870034e-09,1.1215006189293412e-09,5.356338479854945e-12
134040.0,37.233333333333334,1.3678699520121037e-09,1.1208503781026782e-09,5.3519585574876035e-12
134100.0,37.25,1.3670944086284492e-09,1.1202008450132354e-09,5.347587914914587e-12
134160.0,37.266666666666666,1.3663196939458781e-09,1.119552018542071e-09,5.343226525428457e-12
134220.0,37.28333333333333,1.3655458066844505e-09,1.1189038975788328e-09,5.338874362433101e-12
134280.0,37.3,1.364772745565122e-09,1.1182564810140542e-09,5.334531399413465e-12
134340.0,37.31666666666667,1.3640005093114882e-09,1.1176097677405994e-09,5.330197609950914e-12
134400.0,37.333333333333336,1.363229096649784e-09,1.1169637566536576e-09,5.325872967721173e-12
134460.0,37.35,1.3624585065044206e-09,1.116318446813259e-09,5.3215574476112106e-12
134520.0,37.36666666666667,1.3616887371795288e-09,1.1156738367641498e-09,5.3172510209042624e-12
134580.0,37.38333333333333,1.360919787652461e-09,1.1150299256104777e-09,5.312953663266135e-12
134640.0,37.4,1.3601516566677234e-09,1.1143867122630888e-09,5.3086653486269795e-12
134700.0,37.416666666666664,1.3593843429490215e-09,1.113744195615787e-09,5.304386050994606e-12
134760.0,37.43333333333333,1.3586178452316087e-09,1.1131023745720653e-09,5.300115744600745e-12
134820.0,37.45,1.357852162260924e-09,1.1124612480439868e-09,5.2958544037854435e-12
134880.0,37.46666666666667,1.3570872927832804e-09,1.1118208149444718e-09,5.291602002966291e-12
134940.0,37.483333333333334,1.3563232355475654e-09,1.1111810741887073e-09,5.2873585166531835e-12
135000.0,37.5,1.3555599893052353e-09,1.1105420246941529e-09,5.283123919446482e-12
135060.0,37.516666666666666,1.3547975530048448e-09,1.109903665542169e-09,5.278898187137342e-12
135120.0,37.53333333333333,1.3540359249784263e-09,1.1092659953020527e-09,5.2746812919704e-12
135180.0,37.55,1.3532751042260908e-09,1.1086290130981227e-09,5.270473210485016e-12
135240.0,37.56666666666667,1.3525150895174899e-09,1.1079927178634085e-09,5.2662739175295915e-12
135300.0,37.583333333333336,1.3517558796016717e-09,1.1073571085140583e-09,5.2620833880211545e-12
135360.0,37.6,1.3509974732386816e-09,1.1067221839754514e-09,5.257901597091142e-12
135420.0,37.61666666666667,1.3502398691987312e-09,1.1060879431815132e-09,5.253728519977134e-12
135480.0,37.63333333333333,1.3494830662528898e-09,1.1054543850670024e-09,5.24956413199047e-12
135540.0,37.65,1.3487270631747137e-09,1.1048215085688839e-09,5.245408408531137e-12
135600.0,37.666666666666664,1.3479718587402834e-09,1.1041893126263358e-09,5.241261325085679e-12
135660.0,37.68333333333333,1.3472174519216982e-09,1.10355779634152e-09,5.237122858311609e-12
135720.0,37.7,1.3464638410782523e-09,1.1029269583077065e-09,5.232992981376024e-12
135780.0,37.71666666666667,1.3457110252322467e-09,1.1022967976688684e-09,5.22887167165477e-12
135840.0,37.733333333333334,1.3449590031778873e-09,1.1016673133796908e-09,5.224758904877181e-12
135900.0,37.75,1.3442077736889464e-09,1.1010385043781103e-09,5.220654656831294e-12
135960.0,37.766666666666666,1.3434573355496746e-09,1.1004103696108607e-09,5.216558903511468e-12
136020.0,37.78333333333333,1.3427076875544619e-09,1.0997829080331939e-09,5.212471621015581e-12
136080.0,37.8,1.3419588284985286e-09,1.0991561186011752e-09,5.208392785511897e-12
136140.0,37.81666666666667,1.3412107571795212e-09,1.0985300002730132e-09,5.204322373253624e-12
136200.0,37.833333333333336,1.3404634723975486e-09,1.0979045520090762e-09,5.20026036057716e-12
136260.0,37.85,1.3397169731476786e-09,1.0972797729318035e-09,5.1962067249702714e-12
136320.0,37.86666666666667,1.338971257815846e-09,1.0966556616578787e-09,5.192161440485124e-12
136380.0,37.88333333333333,1.3382263254459878e-09,1.0960322173504426e-09,5.188124485299242e-12
136440.0,37.9,1.3374821748562866e-09,1.0954094389853021e-09,5.1840958359866615e-12
136500.0,37.916666666666664,1.336738804844647e-09,1.0947873255216555e-09,5.18007546917086e-12
136560.0,37.93333333333333,1.3359962142189452e-09,1.0941658759270727e-09,5.176063361673532e-12
136620.0,37.95,1.335254401797168e-09,1.09354508917761e-09,5.172059490417426e-12
136680.0,37.96666666666667,1.3345133663981139e-09,1.0929249642501203e-09,5.168063832392745e-12
136740.0,37.983333333333334,1.3337731068429438e-09,1.092305500123537e-09,5.1640763646708405e-12
136800.0,38.0,1.3330336219552226e-09,1.0916866957789087e-09,5.1600970644031735e-12
136860.0,38.016666666666666,1.3322949107524245e-09,1.0910685503584442e-09,5.1561259098735075e-12
136920.0,38.03333333333333,1.3315569716465153e-09,1.0904510625017013e-09,5.152162875983418e-12
136980.0,38.05,1.3308198037025424e-09,1.0898342313904972e-09,5.148207941678886e-12
137040.0,38.06666666666667,1.330083405762093e-09,1.0892180560212626e-09,5.144261084344349e-12
137100.0,38.083333333333336,1.329347776646631e-09,1.088602535373939e-09,5.140322281404471e-12
137160.0,38.1,1.3286129151870904e-09,1.0879876684364209e-09,5.136391510474559e-12
137220.0,38.11666666666667,1.3278788202244988e-09,1.0873734542050678e-09,5.132468749268578e-12
137280.0,38.13333333333333,1.3271454906006738e-09,1.0867598916770185e-09,5.12855397556503e-12
137340.0,38.15,1.326412925159731e-09,1.0861469798514286e-09,5.124647167220395e-12
137400.0,38.166666666666664,1.3256811227481311e-09,1.0855347177295232e-09,5.1207483021676476e-12
137460.0,38.18333333333333,1.3249500824052063e-09,1.084923104472794e-09,5.1168573594541075e-12
137520.0,38.2,1.3242198025683711e-09,1.0843121387431396e-09,5.112974314796767e-12
137580.0,38.21666666666667,1.3234902823232593e-09,1.0837018197405944e-09,5.1090991478783545e-12
137640.0,38.233333333333334,1.322761520534318e-09,1.0830921464817166e-09,5.1052318368610045e-12
137700.0,38.25,1.3220335160460004e-09,1.08248311796668e-09,5.101372359937922e-12
137760.0,38.266666666666666,1.3213062677117649e-09,1.0818747332032227e-09,5.09752069548581e-12
137820.0,38.28333333333333,1.3205797743951278e-09,1.081266991207515e-09,5.093676821977941e-12
137880.0,38.3,1.3198540349603785e-09,1.080659890996486e-09,5.089840717949084e-12
137940.0,38.31666666666667,1.3191290482740424e-09,1.0800534315890332e-09,5.086012362008894e-12
138000.0,38.333333333333336,1.3184048132049368e-09,1.0794476120060703e-09,5.082191732840532e-12
138060.0,38.35,1.317681328813729e-09,1.0788424314278927e-09,5.078378810223569e-12
138120.0,38.36666666666667,1.3169585935626978e-09,1.0782378885382295e-09,5.074573570657972e-12
138180.0,38.38333333333333,1.3162366065575613e-09,1.077633982554874e-09,5.070775994533154e-12
138240.0,38.4,1.3155153666850942e-09,1.0770307125140341e-09,5.066986060757642e-12
138300.0,38.416666666666664,1.3147948728122025e-09,1.076428077435631e-09,5.0632037482621665e-12
138360.0,38.43333333333333,1.3140751238143216e-09,1.0758260763467662e-09,5.059429036154186e-12
138420.0,38.45,1.313356118576933e-09,1.0752247082829424e-09,5.05566190363549e-12
138480.0,38.46666666666667,1.3126378559862691e-09,1.0746239722804117e-09,5.051902329966898e-12
138540.0,38.483333333333334,1.3119203349307363e-09,1.0740238673773307e-09,5.048150294480806e-12
138600.0,38.5,1.311203554300984e-09,1.0734243926138307e-09,5.0444057765803196e-12
138660.0,38.516666666666666,1.310487513178466e-09,1.0728255471885295e-09,5.040668756746351e-12
138720.0,38.53333333333333,1.3097722100498447e-09,1.0722273298065425e-09,5.036939212234989e-12
138780.0,38.55,1.3090576440403685e-09,1.0716297397029334e-09,5.033217124109464e-12
138840.0,38.56666666666667,1.3083438140586362e-09,1.0710327759331026e-09,5.029502471996255e-12
138900.0,38.583333333333336,1.3076307189934675e-09,1.0704364375362474e-09,5.025795235534014e-12
138960.0,38.6,1.306918357741777e-09,1.0698407235583664e-09,5.02209539453164e-12
139020.0,38.61666666666667,1.3062067292104818e-09,1.0692456330538364e-09,5.018402928890368e-12
139080.0,38.63333333333333,1.3054958323072494e-09,1.0686511650777634e-09,5.014717818567852e-12
139140.0,38.65,1.304785665941849e-09,1.0680573186871107e-09,5.011040043590396e-12
139200.0,38.666666666666664,1.304076229026248e-09,1.0674640929407652e-09,5.007369584052378e-12
139260.0,38.68333333333333,1.3033675206621578e-09,1.0668714870551879e-09,5.0037064211058666e-12
139320.0,38.7,1.3026595393601766e-09,1.0662794997564774e-09,5.000050532738856e-12
139380.0,38.71666666666667,1.30195228426451e-09,1.0656881302964576e-09,4.9964019006557865e-12
139440.0,38.733333333333334,1.3012457543051059e-09,1.0650973777492975e-09,4.992760505174231e-12
139500.0,38.75,1.3005399483921885e-09,1.0645072411730068e-09,4.98912632661271e-12
139560.0,38.766666666666666,1.2998348654436373e-09,1.0639177196320332e-09,4.9854993454534455e-12
139620.0,38.78333333333333,1.2991305043873161e-09,1.0633288121991717e-09,4.981879542269413e-12
139680.0,38.8,1.2984268641518142e-09,1.0627405179479432e-09,4.978266897687334e-12
139740.0,38.81666666666667,1.2977239436677738e-09,1.0621528359536592e-09,4.974661392399957e-12
139800.0,38.833333333333336,1.2970217418679804e-09,1.0615657652935194e-09,4.971063007165186e-12
139860.0,38.85,1.2963202578739085e-09,1.0609793052013958e-09,4.967471723779694e-12
139920.0,38.86666666666667,1.2956194902195647e-09,1.0603934544238868e-09,4.963887520934533e-12
139980.0,38.88333333333333,1.2949194380676611e-09,1.0598082122291754e-09,4.9603103809497976e-12
140040.0,38.9,1.294220100368992e-09,1.0592235777097478e-09,4.956740284806875e-12
140100.0,38.916666666666664,1.293521476054685e-09,1.0586395499419785e-09,4.953177213477002e-12
140160.0,38.93333333333333,1.2928235640631031e-09,1.0580561280083276e-09,4.949621148089388e-12
140220.0,38.95,1.2921263633425571e-09,1.057473310999578e-09,4.946072069861875e-12
140280.0,38.96666666666667,1.2914298728420807e-09,1.0568910980072156e-09,4.9425299600639134e-12
140340.0,38.983333333333334,1.2907340915126978e-09,1.0563094881244745e-09,4.938994800028372e-12
140400.0,39.0,1.2900390183075262e-09,1.0557284804464324e-09,4.935466571150616e-12
140460.0,39.016666666666666,1.2893446523673376e-09,1.0551480742239417e-09,4.931945255846017e-12
140520.0,39.03333333333333,1.2886509922490232e-09,1.0545682682236445e-09,4.928430833481512e-12
140580.0,39.05,1.287958037133355e-09,1.0539890617296805e-09,4.924923286968365e-12
140640.0,39.06666666666667,1.2872657859914975e-09,1.0534104538524245e-09,4.921422597925645e-12
140700.0,39.083333333333336,1.2865742377749905e-09,1.052832443686175e-09,4.917928747951668e-12
140760.0,39.1,1.2858833914422073e-09,1.0522550303309877e-09,4.914441718796992e-12
140820.0,39.11666666666667,1.2851932459614288e-09,1.0516782128951978e-09,4.910961492299157e-12
140880.0,39.13333333333333,1.2845038003016633e-09,1.0511019904878374e-09,4.907488050345053e-12
140940.0,39.15,1.2838150534338367e-09,1.0505263622196395e-09,4.9040213748824e-12
141000.0,39.166666666666664,1.2831270043309355e-09,1.0499513272031349e-09,4.900561447919118e-12
141060.0,39.18333333333333,1.282439652152561e-09,1.0493768847057496e-09,4.897108252464976e-12
141120.0,39.2,1.2817529954779847e-09,1.0488030335137162e-09,4.893661768536292e-12
141180.0,39.21666666666667,1.2810670335056167e-09,1.0482297729267422e-09,4.890221979612485e-12
141240.0,39.233333333333334,1.2803817652265151e-09,1.0476571020726735e-09,4.8867888679252524e-12
141300.0,39.25,1.2796971896121569e-09,1.047085020063311e-09,4.883362415675346e-12
141360.0,39.266666666666666,1.2790133056404626e-09,1.0465135260158835e-09,4.879942605210499e-12
141420.0,39.28333333333333,1.2783301122992301e-09,1.045942619055871e-09,4.876529418963715e-12
141480.0,39.3,1.2776476085769668e-09,1.0453722983094428e-09,4.8731228394151616e-12
141540.0,39.31666666666667,1.2769657934640532e-09,1.0448025629044141e-09,4.869722849103457e-12
141600.0,39.333333333333336,1.276284665952879e-09,1.0442334119703615e-09,4.866329430625133e-12
141660.0,39.35,1.2756042252214273e-09,1.0436648447908776e-09,4.8629425675610175e-12
141720.0,39.36666666666667,1.2749244698708627e-09,1.0430968601713522e-09,4.859562240551888e-12
141780.0,39.38333333333333,1.2742453991168145e-09,1.0425294574266907e-09,4.856188433623005e-12
141840.0,39.4,1.2735670119697705e-09,1.04196263570179e-09,4.8528211295948604e-12
141900.0,39.416666666666664,1.2728893074206895e-09,1.0413963941255439e-09,4.849460311247182e-12
141960.0,39.43333333333333,1.2722122844665918e-09,1.040830731831958e-09,4.84610596150179e-12
142020.0,39.45,1.271535942114334e-09,1.040265647963251e-09,4.842758063363798e-12
142080.0,39.46666666666667,1.2708602793714839e-09,1.039701141662328e-09,4.839416599883815e-12
142140.0,39.483333333333334,1.2701852952474227e-09,1.0391372120736847e-09,4.836081554168431e-12
142200.0,39.5,1.2695109887534969e-09,1.0385738583435478e-09,4.832752909379799e-12
142260.0,39.516666666666666,1.2688373590856372e-09,1.038011079771287e-09,4.82943064964765e-12
142320.0,39.53333333333333,1.2681644048664244e-09,1.0374488751810184e-09,4.826114756213242e-12
142380.0,39.55,1.267492125328298e-09,1.0368872439024855e-09,4.822805213626599e-12
142440.0,39.56666666666667,1.266820519500734e-09,1.0363261850972354e-09,4.81950200527398e-12
142500.0,39.583333333333336,1.2661495863937182e-09,1.0357656979108566e-09,4.816205114491989e-12
142560.0,39.6,1.2654793250229332e-09,1.0352057814937352e-09,4.8129145247540686e-12
142620.0,39.61666666666667,1.264809734413868e-09,1.034646435004443e-09,4.8096302196155556e-12
142680.0,39.63333333333333,1.2641408135926985e-09,1.0340876576022257e-09,4.806352182675346e-12
142740.0,39.65,1.2634725615873797e-09,1.0335294484478773e-09,4.803080397586085e-12
142800.0,39.666666666666664,1.262804977427779e-09,1.0329718067038794e-09,4.79981484805396e-12
142860.0,39.68333333333333,1.2621380603273518e-09,1.0324147316850034e-09,4.796555518736166e-12
142920.0,39.7,1.2614718089296254e-09,1.0318582222336758e-09,4.793302391451554e-12
142980.0,39.71666666666667,1.2608062224834636e-09,1.0313022776941259e-09,4.790055451254652e-12
143040.0,39.733333333333334,1.2601413000368868e-09,1.0307468972441612e-09,4.786814682075854e-12
143100.0,39.75,1.2594770406184754e-09,1.0301920800456716e-09,4.783580067786991e-12
143160.0,39.766666666666666,1.258813443262151e-09,1.0296378252650521e-09,4.780351592392052e-12
143220.0,39.78333333333333,1.2581505070115973e-09,1.0290841320768432e-09,4.7771292399756314e-12
143280.0,39.8,1.2574882309111913e-09,1.028530999656249e-09,4.7739129946636926e-12
143340.0,39.81666666666667,1.2568266140070239e-09,1.027978427179984e-09,4.77070284063408e-12
143400.0,39.833333333333336,1.2561656553470703e-09,1.0274264138264089e-09,4.767498762116089e-12
143460.0,39.85,1.2555053541618911e-09,1.026874958925328e-09,4.764300744274082e-12
143520.0,39.86666666666667,1.2548457091155065e-09,1.0263240613370735e-09,4.761108769482693e-12
143580.0,39.88333333333333,1.2541867194728277e-09,1.02577372042002e-09,4.757922823281611e-12
143640.0,39.9,1.2535283842999877e-09,1.0252239353678505e-09,4.75474289012439e-12
143700.0,39.916666666666664,1.2528707026437427e-09,1.0246747053583862e-09,4.751568954397777e-12
143760.0,39.93333333333333,1.2522136735558383e-09,1.0241260295736545e-09,4.748401000616071e-12
143820.0,39.95,1.2515572960977357e-09,1.023577907203794e-09,4.74523901337276e-12
143880.0,39.96666666666667,1.2509015693316003e-09,1.0230303374396047e-09,4.7420829773009225e-12
143940.0,39.983333333333334,1.2502464923212497e-09,1.022483319473348e-09,4.738932877083537e-12
144000.0,40.0,1.24959206413235e-09,1.0219368524989e-09,4.735788697453125e-12
144060.0,40.016666666666666,1.2489382840121705e-09,1.0213909358607348e-09,4.732650424061749e-12
144120.0,40.03333333333333,1.248285150644779e-09,1.020845568436701e-09,4.729518039818871e-12
144180.0,40.05,1.2476326633107644e-09,1.0203007495989821e-09,4.726391530730928e-12
144240.0,40.06666666666667,1.2469808210939603e-09,1.0197564785567734e-09,4.723270881754679e-12
144300.0,40.083333333333336,1.2463296230588787e-09,1.0192127545034505e-09,4.72015607777222e-12
144360.0,40.1,1.2456790682746886e-09,1.0186695766363186e-09,4.717047103788746e-12
144420.0,40.11666666666667,1.2450291558202359e-09,1.0181269441607548e-09,4.713943944887381e-12
144480.0,40.13333333333333,1.2443798847750555e-09,1.0175848562827937e-09,4.710846586189184e-12
144540.0,40.15,1.2437312542202999e-09,1.0170433122098876e-09,4.7077550128629934e-12
144600.0,40.166666666666664,1.2430832632389246e-09,1.01650231115107e-09,4.704669210125607e-12
144660.0,40.18333333333333,1.2424359110945116e-09,1.015961852465136e-09,4.7015891640980975e-12
144720.0,40.2,1.2417891964907517e-09,1.0154219350470629e-09,4.698514858204784e-12
144780.0,40.21666666666667,1.2411431187235505e-09,1.0148825582825302e-09,4.695446278901287e-12
144840.0,40.233333333333334,1.240497676894036e-09,1.014343721395876e-09,4.692383411628445e-12
144900.0,40.25,1.239852870084075e-09,1.0138054235956785e-09,4.6893262417448514e-12
144960.0,40.266666666666666,1.239208697379867e-09,1.013267664094166e-09,4.686274754728334e-12
145020.0,40.28333333333333,1.2385651578772473e-09,1.0127304421116099e-09,4.683228936133043e-12
145080.0,40.3,1.237922250672736e-09,1.0121937568689212e-09,4.680188771549552e-12
145140.0,40.31666666666667,1.237279974864424e-09,1.011657607588404e-09,4.6771542466144674e-12
145200.0,40.333333333333336,1.236638329552165e-09,1.0111219934938938e-09,4.674125347010455e-12
145260.0,40.35,1.2359973140154787e-09,1.0105869139581713e-09,4.6711020593099684e-12
145320.0,40.36666666666667,1.2353569269772543e-09,1.0100523678929719e-09,4.6680843674329155e-12
145380.0,40.38333333333333,1.234717167748367e-09,1.0095183546971531e-09,4.665072258267292e-12
145440.0,40.4,1.2340780354468388e-09,1.0089848736098453e-09,4.66206571771963e-12
145500.0,40.416666666666664,1.23343952917151e-09,1.0084519238544783e-09,4.659064731607395e-12
145560.0,40.43333333333333,1.2328016480252254e-09,1.0079195046578733e-09,4.656069285863082e-12
145620.0,40.45,1.2321643911204241e-09,1.0073876152548417e-09,4.65307936649432e-12
145680.0,40.46666666666667,1.2315277575702313e-09,1.0068562548808462e-09,4.650094959543601e-12
145740.0,40.483333333333334,1.2308917464892978e-09,1.0063254227726884e-09,4.647116051097806e-12
145800.0,40.5,1.2302563569939923e-09,1.0057951181686748e-09,4.644142627287934e-12
145860.0,40.516666666666666,1.2296215883794032e-09,1.005265340455243e-09,4.64117467512092e-12
145920.0,40.53333333333333,1.2289874393872096e-09,1.0047360885605185e-09,4.638212178993889e-12
145980.0,40.55,1.2283539093429223e-09,1.0042073618962375e-09,4.635255126211162e-12
146040.0,40.56666666666667,1.2277209973810662e-09,1.0036791597159765e-09,4.6323035031273966e-12
146100.0,40.583333333333336,1.2270887026170714e-09,1.003151481257684e-09,4.629357296001731e-12
146160.0,40.6,1.2264570241700578e-09,1.0026243257624334e-09,4.6264164912045486e-12
146220.0,40.61666666666667,1.225825961168706e-09,1.0020976924792544e-09,4.623481075179979e-12
146280.0,40.63333333333333,1.2251955127423628e-09,1.0015715806578194e-09,4.620551034405658e-12
146340.0,40.65,1.2245656780218704e-09,1.0010459895491073e-09,4.617626355401869e-12
146400.0,40.666666666666664,1.2239364561397503e-09,1.000520918405566e-09,4.614707024731396e-12
146460.0,40.68333333333333,1.223307846406294e-09,9.99996366626961e-10,4.6117930298191965e-12
146520.0,40.7,1.2226798475815703e-09,9.994723331574604e-10,4.608884355522314e-12
146580.0,40.71666666666667,1.2220524590053955e-09,9.989488174213805e-10,4.6059809895457165e-12
146640.0,40.733333333333334,1.2214256798284258e-09,9.984258186864145e-10,4.6030829186756e-12
146700.0,40.75,1.220799509182308e-09,9.97903336204691e-10,4.600190129596413e-12
146760.0,40.766666666666666,1.2201739462020816e-09,9.97381369231223e-10,4.597302609100072e-12
146820.0,40.78333333333333,1.2195489900322876e-09,9.968599170289307e-10,4.594420344051168e-12
146880.0,40.8,1.2189246398181565e-09,9.96338978861379e-10,4.591543321346264e-12
146940.0,40.81666666666667,1.2183008947063478e-09,9.95818553993397e-10,4.5886715279230884e-12
147000.0,40.833333333333336,1.2176777538451774e-09,9.952986416912525e-10,4.585804950760219e-12
147060.0,40.85,1.2170552165597872e-09,9.947792413677327e-10,4.582943577685096e-12
147120.0,40.86666666666667,1.216433281628253e-09,9.942603519826996e-10,4.580087393997723e-12
147180.0,40.88333333333333,1.215811948404373e-09,9.937419729727672e-10,4.577236387789163e-12
147240.0,40.9,1.215191216054565e-09,9.93224103619409e-10,4.574390546261012e-12
147300.0,40.916666666666664,1.2145710837263373e-09,9.927067431886265e-10,4.571549856507269e-12
147360.0,40.93333333333333,1.2139515505702895e-09,9.921898909490495e-10,4.5687143057260595e-12
147420.0,40.95,1.2133326157464862e-09,9.916735461771784e-10,4.565883881186766e-12
147480.0,40.96666666666667,1.2127142784156674e-09,9.911577081501533e-10,4.563058570189614e-12
147540.0,40.983333333333334,1.212096537739972e-09,9.90642376146344e-10,4.560238360074204e-12
147600.0,41.0,1.2114793928831569e-09,9.901275494455303e-10,4.5574232382198265e-12
147660.0,41.016666666666666,1.2108628431848734e-09,9.896132274732089e-10,4.554613192841359e-12
147720.0,41.03333333333333,1.2102468874408213e-09,9.890994092046039e-10,4.551808209665746e-12
147780.0,41.05,1.2096315250184752e-09,9.885860940883457e-10,4.5490082771560536e-12
147840.0,41.06666666666667,1.2090167550996558e-09,9.880732814193783e-10,4.546213382913716e-12
147900.0,41.083333333333336,1.208402576847378e-09,9.87560970477254e-10,4.543423514427565e-12
147960.0,41.1,1.2077889894274629e-09,9.870491605439194e-10,4.540638659286821e-12
148020.0,41.11666666666667,1.207175992015149e-09,9.865378509091477e-10,4.537858805150963e-12
148080.0,41.13333333333333,1.2065635837863508e-09,9.86027040863353e-10,4.5350839397089866e-12
148140.0,41.15,1.2059517639183388e-09,9.855167296981374e-10,4.532314050687899e-12
148200.0,41.166666666666664,1.2053405315899712e-09,9.850069167064847e-10,4.529549125852776e-12
148260.0,41.18333333333333,1.2047298861550736e-09,9.844976013263148e-10,4.526789153791882e-12
148320.0,41.2,1.204119826426605e-09,9.839887825478807e-10,4.5240341206434635e-12
148380.0,41.21666666666667,1.2035103517854098e-09,9.834804598315614e-10,4.52128401522923e-12
148440.0,41.233333333333334,1.2029014614283626e-09,9.829726324854576e-10,4.518538825535783e-12
148500.0,41.25,1.2022931545336441e-09,9.824652998023712e-10,4.515798539432135e-12
148560.0,41.266666666666666,1.2016854302819672e-09,9.819584610772679e-10,4.513063144884676e-12
148620.0,41.28333333333333,1.201078287863404e-09,9.814521156129005e-10,4.5103326299286455e-12
148680.0,41.3,1.2004717264687092e-09,9.809462627126504e-10,4.507606982627612e-12
148740.0,41.31666666666667,1.1998657452899563e-09,9.80440901681064e-10,4.504886191081959e-12
148800.0,41.333333333333336,1.1992603435207635e-09,9.799360318240345e-10,4.502170243428538e-12
148860.0,41.35,1.1986555205288155e-09,9.794316525916072e-10,4.4994591286151664e-12
148920.0,41.36666666666667,1.1980512751436616e-09,9.789277629885026e-10,4.4967528331728686e-12
148980.0,41.38333333333333,1.1974476067601558e-09,9.784243624873489e-10,4.494051346281114e-12
149040.0,41.4,1.1968445145889102e-09,9.779214504082983e-10,4.491354656284975e-12
149100.0,41.416666666666664,1.196241997823322e-09,9.774190260574266e-10,4.488662751424623e-12
149160.0,41.43333333333333,1.195640055658617e-09,9.769170887423869e-10,4.4859756200294375e-12
149220.0,41.45,1.195038687299395e-09,9.764156377786297e-10,4.483293250497015e-12
149280.0,41.46666666666667,1.1944378919509261e-09,9.759146724822215e-10,4.480615631252056e-12
149340.0,41.483333333333334,1.1938376688197531e-09,9.754141921703578e-10,4.477942750754574e-12
149400.0,41.5,1.1932380171139443e-09,9.74914196161554e-10,4.475274597499905e-12
149460.0,41.516666666666666,1.192638936214713e-09,9.744146839177037e-10,4.472611160782356e-12
149520.0,41.53333333333333,1.192040424967699e-09,9.73915654457554e-10,4.469952427509459e-12
149580.0,41.55,1.1914424827819542e-09,9.734171072661142e-10,4.4672983872120854e-12
149640.0,41.56666666666667,1.1908451088810002e-09,9.729190416748936e-10,4.464649028574202e-12
149700.0,41.583333333333336,1.1902483024733184e-09,9.72421457003104e-10,4.462004340195945e-12
149760.0,41.6,1.1896520627683076e-09,9.719243525707897e-10,4.459364310756776e-12
149820.0,41.61666666666667,1.1890563889847922e-09,9.714277277058237e-10,4.456728929003453e-12
149880.0,41.63333333333333,1.188461280342229e-09,9.709315817366761e-10,4.454098183708848e-12
149940.0,41.65,1.1878667360613221e-09,9.70435913992905e-10,4.451472063679697e-12
150000.0,41.666666666666664,1.1872727553642603e-09,9.699407238053714e-10,4.448850557756925e-12
150060.0,41.68333333333333,1.1866793376454923e-09,9.694460106475424e-10,4.446233655568739e-12
150120.0,41.7,1.186086481766439e-09,9.689517735519171e-10,4.443621344386161e-12
150180.0,41.71666666666667,1.1854941871499602e-09,9.684580120155577e-10,4.441013614078024e-12
150240.0,41.733333333333334,1.1849024530322798e-09,9.679647253811231e-10,4.438410453655789e-12
150300.0,41.75,1.1843112786365985e-09,9.674719129806496e-10,4.435811852066375e-12
150360.0,41.766666666666666,1.183720663186189e-09,9.669795741463057e-10,4.433217798326709e-12
150420.0,41.78333333333333,1.183130605913785e-09,9.664877082181102e-10,4.430628281520426e-12
150480.0,41.8,1.1825411060527255e-09,9.659963145366552e-10,4.42804329075587e-12
150540.0,41.81666666666667,1.18195216283756e-09,9.655053924435985e-10,4.42546281517425e-12
150600.0,41.833333333333336,1.1813637755043034e-09,9.65014941281866e-10,4.4228868439497095e-12
150660.0,41.85,1.1807759434603298e-09,9.64524960536238e-10,4.420315367032324e-12
150720.0,41.86666666666667,1.1801886655825382e-09,9.64035449252691e-10,4.417748372044019e-12
150780.0,41.88333333333333,1.1796019413072364e-09,9.635464069400184e-10,4.415185849178731e-12
150840.0,41.9,1.1790157698831307e-09,9.630578329518385e-10,4.412627787764522e-12
150900.0,41.916666666666664,1.1784301505477959e-09,9.62569726632703e-10,4.410074177082484e-12
150960.0,41.93333333333333,1.1778450825380807e-09,9.620820873266402e-10,4.407525006475022e-12
151020.0,41.95,1.1772605651003274e-09,9.615949143855473e-10,4.404980265350481e-12
151080.0,41.96666666666667,1.1766765974814504e-09,9.611082071618733e-10,4.40243994314092e-12
151140.0,41.983333333333334,1.176093178929555e-09,9.606219650091028e-10,4.3999040293100805e-12
151200.0,42.0,1.175510308694171e-09,9.601361872819676e-10,4.397372513353484e-12
151260.0,42.016666666666666,1.174927986195313e-09,9.596508734762965e-10,4.394845385531471e-12
151320.0,42.03333333333333,1.1743462103250595e-09,9.591660226512853e-10,4.392322633804951e-12
151380.0,42.05,1.1737649805328134e-09,9.586816343271467e-10,4.389804248680637e-12
151440.0,42.06666666666667,1.1731842960795494e-09,9.581977078682613e-10,4.387290219792624e-12
151500.0,42.083333333333336,1.1726041562168768e-09,9.577142426314032e-10,4.3847805367440774e-12
151560.0,42.1,1.17202456019494e-09,9.572312379721998e-10,4.382275189191336e-12
151620.0,42.11666666666667,1.171445507273383e-09,9.567486932541699e-10,4.379774166856061e-12
151680.0,42.13333333333333,1.1708669967124143e-09,9.56266607841355e-10,4.377277459482551e-12
151740.0,42.15,1.1702890277733925e-09,9.557849810988127e-10,4.374785056845643e-12
151800.0,42.166666666666664,1.1697115997190746e-09,9.553038123928143e-10,4.372296948750765e-12
151860.0,42.18333333333333,1.169134711981828e-09,9.548231012299888e-10,4.3698131257577e-12
151920.0,42.2,1.1685583634686287e-09,9.54342846682495e-10,4.3673335761545775e-12
151980.0,42.21666666666667,1.1679825536416255e-09,9.538630482816605e-10,4.364858290749287e-12
152040.0,42.233333333333334,1.1674072817738517e-09,9.533837054024427e-10,4.362387259471742e-12
152100.0,42.25,1.1668325471306275e-09,9.529048174135436e-10,4.359920472235592e-12
152160.0,42.266666666666666,1.1662583489751048e-09,9.524263836819478e-10,4.357457919000062e-12
152220.0,42.28333333333333,1.1656846865799521e-09,9.519484035825342e-10,4.3549995897891085e-12
152280.0,42.3,1.165111559218376e-09,9.514708764906844e-10,4.3525454746482914e-12
152340.0,42.31666666666667,1.1645389661647049e-09,9.509938017827759e-10,4.3500955636525684e-12
152400.0,42.333333333333336,1.1639669066946433e-09,9.505171788363707e-10,4.347649846906523e-12
152460.0,42.35,1.1633953802526297e-09,9.500410071686475e-10,4.3452083152585505e-12
152520.0,42.36666666666667,1.1628243857602544e-09,9.495652858644797e-10,4.34277095731311e-12
152580.0,42.38333333333333,1.1622539226920846e-09,9.490900144660188e-10,4.3403377641678445e-12
152640.0,42.4,1.1616839903330035e-09,9.486151923586092e-10,4.3379087260388356e-12
152700.0,42.416666666666664,1.1611145879617206e-09,9.481408189226032e-10,4.335483833139047e-12
152760.0,42.43333333333333,1.1605457148541248e-09,9.47666893536098e-10,4.3330630757201216e-12
152820.0,42.45,1.159977370295624e-09,9.471934155850815e-10,4.330646444097591e-12
152880.0,42.46666666666667,1.1594095535721471e-09,9.467203844560357e-10,4.3282339286077695e-12
152940.0,42.483333333333334,1.1588422639707199e-09,9.462477995364023e-10,4.325825519615282e-12
153000.0,42.5,1.1582755007797059e-09,9.45775660214794e-10,4.323421207513379e-12
153060.0,42.516666666666666,1.1577092634553511e-09,9.453039660186996e-10,4.321020983428891e-12
153120.0,42.53333333333333,1.157143550933584e-09,9.44832716045457e-10,4.31862483627194e-12
153180.0,42.55,1.1565783627010666e-09,9.44361909847768e-10,4.316232757419144e-12
153240.0,42.56666666666667,1.1560136980543258e-09,9.438915468211724e-10,4.313844737363511e-12
153300.0,42.583333333333336,1.1554495562851557e-09,9.434216263574023e-10,4.3114607666064876e-12
153360.0,42.6,1.1548859366819164e-09,9.42952147845431e-10,4.309080835682001e-12
153420.0,42.61666666666667,1.154322838542475e-09,9.424831106821138e-10,4.306704935187001e-12
153480.0,42.63333333333333,1.1537602611652155e-09,9.42014514264789e-10,4.304333055738527e-12
153540.0,42.65,1.1531982038495819e-09,9.415463579917273e-10,4.301965187980725e-12
153600.0,42.666666666666664,1.1526366658963385e-09,9.410786412623493e-10,4.299601322585484e-12
153660.0,42.68333333333333,1.15207564677327e-09,9.4061136361422e-10,4.297241450948355e-12
153720.0,42.7,1.1515151454303717e-09,9.40144524156909e-10,4.294885562274821e-12
153780.0,42.71666666666667,1.1509551613660872e-09,9.39678122453384e-10,4.292533648210262e-12
153840.0,42.733333333333334,1.1503956938883965e-09,9.392121579092055e-10,4.290185699515414e-12
153900.0,42.75,1.1498367423018635e-09,9.38746629927221e-10,4.28784170697011e-12
153960.0,42.766666666666666,1.149278305907065e-09,9.38281537907048e-10,4.285501661380722e-12
154020.0,42.78333333333333,1.1487203840140639e-09,9.378168812561725e-10,4.2831655536161086e-12
154080.0,42.8,1.1481629759334295e-09,9.373526593825528e-10,4.28083337456395e-12
154140.0,42.81666666666667,1.147606080976764e-09,9.368888716950602e-10,4.278505115138524e-12
154200.0,42.833333333333336,1.147049698456964e-09,9.364255176036823e-10,4.276180766280676e-12
154260.0,42.85,1.146493827853098e-09,9.359625966558394e-10,4.2738603196451986e-12
154320.0,42.86666666666667,1.1459384681289657e-09,9.355001079730938e-10,4.271543764723176e-12
154380.0,42.88333333333333,1.1453836187944902e-09,9.350380511284163e-10,4.269231093418862e-12
154440.0,42.9,1.1448292791689004e-09,9.345764255372139e-10,4.266922296752049e-12
154500.0,42.916666666666664,1.1442754485692494e-09,9.34115230613185e-10,4.264617365771117e-12
154560.0,42.93333333333333,1.1437221263080678e-09,9.336544657663701e-10,4.262316291545617e-12
154620.0,42.95,1.1431693117073563e-09,9.331941304146538e-10,4.260019065206735e-12
154680.0,42.96666666666667,1.1426170040896087e-09,9.32734223976391e-10,4.257725677903744e-12
154740.0,42.983333333333334,1.1420652027783337e-09,9.322747458708149e-10,4.255436120811571e-12
154800.0,43.0,1.141513907098298e-09,9.318156955182644e-10,4.2531503851307816e-12
154860.0,43.016666666666666,1.1409631165396036e-09,9.313570724757848e-10,4.250868462766548e-12
154920.0,43.03333333333333,1.1404128300795998e-09,9.308988758767089e-10,4.248590343486035e-12
154980.0,43.05,1.1398630472393957e-09,9.304411053037523e-10,4.246316019442831e-12
155040.0,43.06666666666667,1.1393137673492746e-09,9.299837601819897e-10,4.244045481907527e-12
155100.0,43.083333333333336,1.1387649897384922e-09,9.29526839935721e-10,4.241778722187608e-12
155160.0,43.1,1.1382167137312857e-09,9.29070343985192e-10,4.2395157316067574e-12
155220.0,43.11666666666667,1.1376689386613377e-09,9.286142717584654e-10,4.2372565015495234e-12
155280.0,43.13333333333333,1.1371216638628245e-09,9.281586226840601e-10,4.235001023417866e-12
155340.0,43.15,1.1365748886708963e-09,9.277033961913593e-10,4.232749288638374e-12
155400.0,43.166666666666664,1.1360286124219464e-09,9.272485917108225e-10,4.230501288662612e-12
155460.0,43.18333333333333,1.1354828346168692e-09,9.267942088089124e-10,4.228257015637309e-12
155520.0,43.2,1.1349375542463077e-09,9.263402466305007e-10,4.226016459596625e-12
155580.0,43.21666666666667,1.1343927708422692e-09,9.258867047678045e-10,4.2237796129345766e-12
155640.0,43.233333333333334,1.133848483745909e-09,9.254335826553914e-10,4.221546467164363e-12
155700.0,43.25,1.1333046922983989e-09,9.249808797279244e-10,4.219317013843543e-12
155760.0,43.266666666666666,1.1327613958354485e-09,9.245285954156361e-10,4.217091244541382e-12
155820.0,43.28333333333333,1.1322185937021734e-09,9.240767291565445e-10,4.2148691508870726e-12
155880.0,43.3,1.131676285244181e-09,9.236252803891213e-10,4.2126507245267116e-12
155940.0,43.31666666666667,1.1311344698080261e-09,9.231742485526846e-10,4.210435957130057e-12
156000.0,43.333333333333336,1.1305931467414825e-09,9.227236330875953e-10,4.208224840390947e-12
156060.0,43.35,1.1300523155559894e-09,9.222734335695193e-10,4.206017366689516e-12
156120.0,43.36666666666667,1.1295119752552501e-09,9.218236491546572e-10,4.20381352631817e-12
156180.0,43.38333333333333,1.1289721253818902e-09,9.213742794444789e-10,4.201613311902615e-12
156240.0,43.4,1.1284327652877445e-09,9.209253238828822e-10,4.199416715190928e-12
156300.0,43.416666666666664,1.1278938943256358e-09,9.204767819146492e-10,4.1972237279820934e-12
156360.0,43.43333333333333,1.1273555118425113e-09,9.200286529797968e-10,4.195034342082575e-12
156420.0,43.45,1.126817617194677e-09,9.195809365260811e-10,4.192848549358089e-12
156480.0,43.46666666666667,1.1262802097389286e-09,9.191336320017205e-10,4.19066634169042e-12
156540.0,43.483333333333334,1.125743288832989e-09,9.186867388557457e-10,4.18848771098432e-12
156600.0,43.5,1.1252068538357729e-09,9.182402565382189e-10,4.186312649167795e-12
156660.0,43.516666666666666,1.1246709042690391e-09,9.177941846338016e-10,4.184141148846317e-12
156720.0,43.53333333333333,1.1241354391493007e-09,9.173485223098098e-10,4.1819732005622005e-12
156780.0,43.55,1.123600458029537e-09,9.169032691767318e-10,4.179808797164429e-12
156840.0,43.56666666666667,1.123065960272084e-09,9.164584246876256e-10,4.177647930628544e-12
156900.0,43.583333333333336,1.1225319452411462e-09,9.160139882971693e-10,4.175490592986615e-12
156960.0,43.6,1.1219984122946803e-09,9.155699594549533e-10,4.173336776274388e-12
157020.0,43.61666666666667,1.1214653607999435e-09,9.151263376182719e-10,4.171186472585994e-12
157080.0,43.63333333333333,1.1209327901246942e-09,9.146831222448751e-10,4.169039674031089e-12
157140.0,43.65,1.1204006996375867e-09,9.142403127933077e-10,4.16689637274151e-12
157200.0,43.666666666666664,1.1198690887084413e-09,9.137979087231233e-10,4.164756560871496e-12
157260.0,43.68333333333333,1.1193379568691119e-09,9.133559096277813e-10,4.1626202312441865e-12
157320.0,43.7,1.1188073031486878e-09,9.129143146855001e-10,4.16048737464376e-12
157380.0,43.71666666666667,1.1182771271102423e-09,9.124731235155647e-10,4.158357984134575e-12
157440.0,43.733333333333334,1.1177474281264265e-09,9.120323355800315e-10,4.1562320519123005e-12
157500.0,43.75,1.1172182055725785e-09,9.115919503432451e-10,4.154109570234123e-12
157560.0,43.766666666666666,1.1166894588174312e-09,9.111519672641731e-10,4.151990531357432e-12
157620.0,43.78333333333333,1.1161611872389728e-09,9.107123858094438e-10,4.149874927597126e-12
157680.0,43.8,1.1156333902156923e-09,9.102732054461424e-10,4.1477627512831115e-12
157740.0,43.81666666666667,1.1151060671269428e-09,9.098344256421211e-10,4.145653994766646e-12
157800.0,43.833333333333336,1.1145792173532337e-09,9.09396045866229e-10,4.143548650420705e-12
157860.0,43.85,1.1140528404362852e-09,9.089580657205241e-10,4.141446711278765e-12
157920.0,43.86666666666667,1.1135269354175367e-09,9.085204843939312e-10,4.139348168358964e-12
157980.0,43.88333333333333,1.1130015018699034e-09,9.080833015143032e-10,4.137253014933387e-12
158040.0,43.9,1.1124765391761709e-09,9.076465165525396e-10,4.1351612434110095e-12
158100.0,43.916666666666664,1.1119520467225625e-09,9.072101289824291e-10,4.133072846266415e-12
158160.0,43.93333333333333,1.1114280238883728e-09,9.067741382721315e-10,4.130987815971175e-12
158220.0,43.95,1.110904470062091e-09,9.06338543897401e-10,4.128906145053716e-12
158280.0,43.96666666666667,1.1103813846327148e-09,9.059033453344674e-10,4.1268278260568125e-12
158340.0,43.983333333333334,1.1098587669900821e-09,9.054685420602973e-10,4.124752851543805e-12
158400.0,44.0,1.1093366165251574e-09,9.050341335528316e-10,4.12268121409919e-12
158460.0,44.016666666666666,1.1088149327893232e-09,9.04600119422544e-10,4.120612906959624e-12
158520.0,44.03333333333333,1.1082937148361405e-09,9.04166498868863e-10,4.118547921369812e-12
158580.0,44.05,1.107772962248118e-09,9.037332715280016e-10,4.116486250802197e-12
158640.0,44.06666666666667,1.107252674418008e-09,9.033004368795341e-10,4.114427887872289e-12
158700.0,44.083333333333336,1.1067328507426711e-09,9.028679944064918e-10,4.1123728252647525e-12
158760.0,44.1,1.10621349061175e-09,9.02435943586029e-10,4.1103210556583245e-12
158820.0,44.11666666666667,1.1056945934240187e-09,9.020042839028427e-10,4.108272571787781e-12
158880.0,44.13333333333333,1.105176158578767e-09,9.015730148421075e-10,4.106227366401663e-12
158940.0,44.15,1.1046581854760992e-09,9.011421358897152e-10,4.1041854322686056e-12
159000.0,44.166666666666664,1.1041406735172238e-09,9.007116465325119e-10,4.102146762177358e-12
159060.0,44.18333333333333,1.1036236222629657e-09,9.002815463891996e-10,4.100111349561108e-12
159120.0,44.2,1.1031070307787956e-09,8.998518346695164e-10,4.098079185883839e-12
159180.0,44.21666666666667,1.10259089865658e-09,8.994225110178196e-10,4.096050264811406e-12
159240.0,44.233333333333334,1.1020752252988576e-09,8.989935749222214e-10,4.094024579159366e-12
159300.0,44.25,1.1015600101128958e-09,8.985650258747753e-10,4.092002121815339e-12
159360.0,44.266666666666666,1.1010452524984773e-09,8.981368633614491e-10,4.089982885658383e-12
159420.0,44.28333333333333,1.1005309518644488e-09,8.977090868756959e-10,4.0879668636228236e-12
159480.0,44.3,1.1000171076201741e-09,8.972816959114478e-10,4.085954048656397e-12
159540.0,44.31666666666667,1.0995037191758163e-09,8.968546899633358e-10,4.083944433725937e-12
159600.0,44.333333333333336,1.0989907859426187e-09,8.964280685269237e-10,4.081938011817979e-12
159660.0,44.35,1.0984783074906486e-09,8.960018312289623e-10,4.0799347765556e-12
159720.0,44.36666666666667,1.0979662828970612e-09,8.95575977289309e-10,4.077934719615105e-12
159780.0,44.38333333333333,1.0974547117628516e-09,8.951505063602715e-10,4.075937834848993e-12
159840.0,44.4,1.096943593500184e-09,8.947254179383322e-10,4.073944115266721e-12
159900.0,44.416666666666664,1.0964329275264973e-09,8.943007115243798e-10,4.071953553951963e-12
159960.0,44.43333333333333,1.0959227132515098e-09,8.938763866130085e-10,4.0699661439776446e-12
160020.0,44.45,1.0954129500939331e-09,8.934524427062467e-10,4.067981878471121e-12
160080.0,44.46666666666667,1.0949036374730034e-09,8.930288793066012e-10,4.0660007505725555e-12
160140.0,44.483333333333334,1.0943947748087325e-09,8.9260569591726e-10,4.064022753440717e-12
160200.0,44.5,1.0938863615221914e-09,8.921828920423278e-10,4.062047880253433e-12
160260.0,44.516666666666666,1.0933783971924898e-09,8.917604673164218e-10,4.060076124817241e-12
160320.0,44.53333333333333,1.0928708809082614e-09,8.913384209693389e-10,4.058107479014227e-12
160380.0,44.55,1.092363812279408e-09,8.909167526611337e-10,4.05614193687704e-12
160440.0,44.56666666666667,1.0918571907275466e-09,8.904954618965188e-10,4.0541794916028135e-12
160500.0,44.583333333333336,1.0913510156800633e-09,8.900745481850129e-10,4.052220136465047e-12
160560.0,44.6,1.0908452865564218e-09,8.896540110296716e-10,4.05026386472406e-12
160620.0,44.61666666666667,1.0903400027849852e-09,8.89233849940913e-10,4.0483106696939075e-12
160680.0,44.63333333333333,1.0898351637946685e-09,8.888140644296428e-10,4.0463605447009575e-12
160740.0,44.65,1.0893307690151279e-09,8.883946540074289e-10,4.044413483089743e-12
160800.0,44.666666666666664,1.0888268178770616e-09,8.879756181867374e-10,4.042469478222939e-12
160860.0,44.68333333333333,1.0883233099684268e-09,8.875569566098843e-10,4.0405285240847056e-12
160920.0,44.7,1.0878202443891334e-09,8.871386685164192e-10,4.0385906127563864e-12
160980.0,44.71666666666667,1.0873176207577651e-09,8.86720753573962e-10,4.036655738444476e-12
161040.0,44.733333333333334,1.086815438505232e-09,8.863032112953023e-10,4.034723894528252e-12
161100.0,44.75,1.0863136970686565e-09,8.858860411984023e-10,4.032795074464418e-12
161160.0,44.766666666666666,1.0858123958770406e-09,8.854692427946033e-10,4.030869271694746e-12
161220.0,44.78333333333333,1.0853115343682143e-09,8.850528156025395e-10,4.028946479713979e-12
161280.0,44.8,1.0848111119805637e-09,8.846367591413452e-10,4.0270266920287324e-12
161340.0,44.81666666666667,1.0843111281531977e-09,8.842210729307952e-10,4.025109902163021e-12
161400.0,44.833333333333336,1.0838115823262484e-09,8.838057564915415e-10,4.023196103658642e-12
161460.0,44.85,1.0833124740963246e-09,8.833908094734342e-10,4.021285290671396e-12
161520.0,44.86666666666667,1.0828138025744142e-09,8.829762311255983e-10,4.019377455475669e-12
161580.0,44.88333333333333,1.0823155673875766e-09,8.825620211230315e-10,4.017472592445978e-12
161640.0,44.9,1.0818177679758478e-09,8.821481789864563e-10,4.0155706951379536e-12
161700.0,44.916666666666664,1.0813204037858738e-09,8.817347042420979e-10,4.013671757185576e-12
161760.0,44.93333333333333,1.0808234742560121e-09,8.813215964094126e-10,4.011775772206299e-12
161820.0,44.95,1.080326978833358e-09,8.809088550150832e-10,4.009882733869586e-12
161880.0,44.96666666666667,1.079830916965583e-09,8.804964795863002e-10,4.007992635856467e-12
161940.0,44.983333333333334,1.079335288101057e-09,8.80084469650877e-10,4.006105471864771e-12
162000.0,45.0,1.0788400916891501e-09,8.796728247374857e-10,4.0042212356095805e-12
162060.0,45.016666666666666,1.0783453273349434e-09,8.792615445033449e-10,4.0023399214126866e-12
162120.0,45.03333333333333,1.077850994160301e-09,8.788506282069821e-10,4.000461521735633e-12
162180.0,45.05,1.0773570918005527e-09,8.784400755305917e-10,3.9985860311151285e-12
162240.0,45.06666666666667,1.0768636197047074e-09,8.780298860026963e-10,3.996713443277861e-12
162300.0,45.083333333333336,1.0763705773287254e-09,8.776200591575925e-10,3.99484375202926e-12
162360.0,45.1,1.075877964120132e-09,8.772105945226957e-10,3.99297695115669e-12
162420.0,45.11666666666667,1.0753857795351052e-09,8.768014916325655e-10,3.991113034498857e-12
162480.0,45.13333333333333,1.0748940230304096e-09,8.763927500222893e-10,3.98925199590558e-12
162540.0,45.15,1.0744026940634897e-09,8.759843692275509e-10,3.987393829242942e-12
162600.0,45.166666666666664,1.0739117920927667e-09,8.755763487848821e-10,3.9855385283936785e-12
162660.0,45.18333333333333,1.073421316731619e-09,8.751686883587042e-10,3.983686087840331e-12
162720.0,45.2,1.0729312671125863e-09,8.747613872167843e-10,3.981836500225632e-12
162780.0,45.21666666666667,1.072441642879075e-09,8.743544450483375e-10,3.97998976024317e-12
162840.0,45.233333333333334,1.0719524434889082e-09,8.739478613895449e-10,3.97814586178533e-12
162900.0,45.25,1.0714636684071617e-09,8.735416357826004e-10,3.976304798823439e-12
162960.0,45.266666666666666,1.0709753170903471e-09,8.731357677627196e-10,3.9744665653094274e-12
163020.0,45.28333333333333,1.0704873890035402e-09,8.727302568721789e-10,3.972631155245744e-12
163080.0,45.3,1.0699998836124176e-09,8.723251026537994e-10,3.970798562645689e-12
163140.0,45.31666666666667,1.0695128003833155e-09,8.719203046509755e-10,3.9689687815381635e-12
163200.0,45.333333333333336,1.0690261387835256e-09,8.715158624079341e-10,3.9671418059682445e-12
163260.0,45.35,1.068539898434536e-09,8.711117755961515e-10,3.965317630573925e-12
163320.0,45.36666666666667,1.0680540784793902e-09,8.707080434924603e-10,3.963496248173758e-12
163380.0,45.38333333333333,1.0675686785693665e-09,8.703046657929353e-10,3.961677653612825e-12
163440.0,45.4,1.0670836981709557e-09,8.699016420412735e-10,3.95986184094413e-12
163500.0,45.416666666666664,1.0665991367581482e-09,8.69498971787401e-10,3.958048804299596e-12
163560.0,45.43333333333333,1.0661149937962698e-09,8.690966545741714e-10,3.956238537790457e-12
163620.0,45.45,1.0656312687591131e-09,8.686946899514244e-10,3.95443103557769e-12
163680.0,45.46666666666667,1.0651479611210855e-09,8.682930774695547e-10,3.952626291832917e-12
163740.0,45.483333333333334,1.0646650703572371e-09,8.67891816679514e-10,3.950824300742623e-12
163800.0,45.5,1.0641825959435552e-09,8.674909071330655e-10,3.94902505650918e-12
163860.0,45.516666666666666,1.0637005375094682e-09,8.670903485085903e-10,3.947228553920999e-12
163920.0,45.53333333333333,1.0632188942083279e-09,8.666901400918245e-10,3.945434785967037e-12
163980.0,45.55,1.0627376656991095e-09,8.662902815855315e-10,3.9436437476387375e-12
164040.0,45.56666666666667,1.0622568514568128e-09,8.658907725408028e-10,3.941855433145113e-12
164100.0,45.583333333333336,1.0617764509641528e-09,8.654916125151195e-10,3.940069836773189e-12
164160.0,45.6,1.0612964636951014e-09,8.650928010588256e-10,3.938286952788682e-12
164220.0,45.61666666666667,1.0608168891319875e-09,8.646943377291727e-10,3.936506775506075e-12
164280.0,45.63333333333333,1.0603377267577807e-09,8.642962220839697e-10,3.934729299250151e-12
164340.0,45.65,1.059858976056068e-09,8.638984536815746e-10,3.93295451836024e-12
164400.0,45.666666666666664,1.0593806365113565e-09,8.635010320811373e-10,3.931182427190833e-12
164460.0,45.68333333333333,1.0589027077608467e-09,8.631039569677909e-10,3.92941302067607e-12
164520.0,45.7,1.0584251889680234e-09,8.627072276360195e-10,3.927646291970054e-12
164580.0,45.71666666666667,1.0579480797993713e-09,8.623108437951204e-10,3.925882236205836e-12
164640.0,45.733333333333334,1.0574713797382538e-09,8.619148050034359e-10,3.924120847743498e-12
164700.0,45.75,1.0569950882759271e-09,8.61519110825849e-10,3.922362121020538e-12
164760.0,45.766666666666666,1.0565192048948344e-09,8.611237608200467e-10,3.9206060504520085e-12
164820.0,45.78333333333333,1.0560437290856758e-09,8.607287545505335e-10,3.918852630501173e-12
164880.0,45.8,1.0555686603398078e-09,8.603340915823916e-10,3.917101855641234e-12
164940.0,45.81666666666667,1.055093998149187e-09,8.599397714812328e-10,3.91535372035943e-12
165000.0,45.833333333333336,1.0546197420066708e-09,8.595457938134429e-10,3.913608219157713e-12
165060.0,45.85,1.0541458915570685e-09,8.591521582707646e-10,3.911865347111127e-12
165120.0,45.86666666666667,1.0536724459738207e-09,8.587588641562736e-10,3.910125097534162e-12
165180.0,45.88333333333333,1.053199404930743e-09,8.583659111856457e-10,3.908387465696696e-12
165240.0,45.9,1.0527267679194156e-09,8.579732989243463e-10,3.906652446105392e-12
165300.0,45.916666666666664,1.0522545344394613e-09,8.575810269445046e-10,3.904920033343196e-12
165360.0,45.93333333333333,1.0517827039816253e-09,8.571890948110001e-10,3.903190221970152e-12
165420.0,45.95,1.0513112760448101e-09,8.567975020954481e-10,3.9014630065934505e-12
165480.0,45.96666666666667,1.0508402501285972e-09,8.564062483700576e-10,3.899738381830125e-12
165540.0,45.983333333333334,1.0503696257331451e-09,8.560153332075425e-10,3.89801634231063e-12
165600.0,46.0,1.049899402359498e-09,8.556247561813858e-10,3.896296882679868e-12
165660.0,46.016666666666666,1.0494295796599082e-09,8.552345169897959e-10,3.894579998149375e-12
165720.0,46.03333333333333,1.0489601568175996e-09,8.548446149442903e-10,3.892865682189027e-12
165780.0,46.05,1.0484911335135533e-09,8.54455049766768e-10,3.8911539302011456e-12
165840.0,46.06666666666667,1.0480225092474208e-09,8.540658210297008e-10,3.8894447368344956e-12
165900.0,46.083333333333336,1.0475542835270115e-09,8.536769283122967e-10,3.887738096813027e-12
165960.0,46.1,1.0470864558512137e-09,8.532883711864966e-10,3.886034004837087e-12
166020.0,46.11666666666667,1.0466190257269732e-09,8.529001492308766e-10,3.884332455653442e-12
166080.0,46.13333333333333,1.0461519926619312e-09,8.525122620246333e-10,3.882633444018348e-12
166140.0,46.15,1.0456853561642824e-09,8.521247091474415e-10,3.8809369647012396e-12
166200.0,46.166666666666664,1.045219115743096e-09,8.517374901797367e-10,3.879243012485304e-12
166260.0,46.18333333333333,1.0447532710579177e-09,8.513506048260561e-10,3.877551582714296e-12
166320.0,46.2,1.0442878213015852e-09,8.509640524062089e-10,3.87586266900892e-12
166380.0,46.21666666666667,1.043822766162069e-09,8.505778326481788e-10,3.874176266899564e-12
166440.0,46.233333333333334,1.0433581051469614e-09,8.501919451313055e-10,3.872492371172918e-12
166500.0,46.25,1.0428938377720788e-09,8.498063894417414e-10,3.870810976689429e-12
166560.0,46.266666666666666,1.042429963544302e-09,8.494211651583373e-10,3.869132078285328e-12
166620.0,46.28333333333333,1.0419664819784567e-09,8.490362718665014e-10,3.867455670842775e-12
166680.0,46.3,1.0415033925900818e-09,8.486517091522658e-10,3.8657817492529686e-12
166740.0,46.31666666666667,1.0410406948952587e-09,8.482674766021403e-10,3.864110308419827e-12
166800.0,46.333333333333336,1.0405783884109188e-09,8.478835738033653e-10,3.8624413432606774e-12
166860.0,46.35,1.0401164728037472e-09,8.475000004666776e-10,3.860774849247346e-12
166920.0,46.36666666666667,1.0396549472760295e-09,8.471167559200296e-10,3.859110820146879e-12
166980.0,46.38333333333333,1.0391938115225678e-09,8.467338398973464e-10,3.857449251613501e-12
167040.0,46.4,1.0387330650587506e-09,8.463512519847215e-10,3.855790138567792e-12
167100.0,46.416666666666664,1.038272707408243e-09,8.459689917750937e-10,3.854133476002339e-12
167160.0,46.43333333333333,1.0378127380857558e-09,8.455870588540966e-10,3.8524792588852685e-12
167220.0,46.45,1.0373531566138412e-09,8.452054528138324e-10,3.8508274822297074e-12
167280.0,46.46666666666667,1.0368939625157859e-09,8.448241732470359e-10,3.849178141057747e-12
167340.0,46.483333333333334,1.0364351553153965e-09,8.44443219746907e-10,3.847531230403713e-12
167400.0,46.5,1.0359767345373167e-09,8.440625919073637e-10,3.845886745314865e-12
167460.0,46.516666666666666,1.03551869985522e-09,8.43682289445205e-10,3.844244681387143e-12
167520.0,46.53333333333333,1.0350610504806776e-09,8.433023116963923e-10,3.842605032529516e-12
167580.0,46.55,1.0346037861151684e-09,8.429226584006467e-10,3.840967794516212e-12
167640.0,46.56666666666667,1.0341469062817372e-09,8.425433291506986e-10,3.8393329623975876e-12
167700.0,46.583333333333336,1.0336904105117338e-09,8.421643235461321e-10,3.837700531294305e-12
167760.0,46.6,1.0332342983275536e-09,8.417856411792314e-10,3.836070496302305e-12
167820.0,46.61666666666667,1.0327785692593212e-09,8.414072816486534e-10,3.834442852561771e-12
167880.0,46.63333333333333,1.0323232228379192e-09,8.410292445537089e-10,3.832817595221556e-12
167940.0,46.65,1.031868258594729e-09,8.406515294941541e-10,3.8311947194424314e-12
168000.0,46.666666666666664,1.0314136760619556e-09,8.402741360704525e-10,3.829574220397694e-12
168060.0,46.68333333333333,1.0309594749201162e-09,8.398970640053395e-10,3.827956093803388e-12
168120.0,46.7,1.0305056543899063e-09,8.395203126426368e-10,3.826340333706402e-12
168180.0,46.71666666666667,1.0300522141793285e-09,8.391438817277419e-10,3.824726935996939e-12
168240.0,46.733333333333334,1.0295991538189558e-09,8.387677708598919e-10,3.823115895851414e-12
168300.0,46.75,1.0291464728476583e-09,8.38391979645182e-10,3.821507208514573e-12
168360.0,46.766666666666666,1.028694170795371e-09,8.380165076824188e-10,3.8199008692062755e-12
168420.0,46.78333333333333,1.0282422471996432e-09,8.376413545766833e-10,3.818296873189807e-12
168480.0,46.8,1.0277907015987991e-09,8.372665199337324e-10,3.816695215737081e-12
168540.0,46.81666666666667,1.0273395335316599e-09,8.368920033597487e-10,3.8150958921312795e-12
168600.0,46.833333333333336,1.026888742537834e-09,8.365178044616109e-10,3.813498897668046e-12
168660.0,46.85,1.0264383283045397e-09,8.361439229678655e-10,3.811904228179721e-12
168720.0,46.86666666666667,1.025988290061448e-09,8.357703582300637e-10,3.810311877847058e-12
168780.0,46.88333333333333,1.025538627522934e-09,8.353971099991411e-10,3.808721842672612e-12
168840.0,46.9,1.025089340226966e-09,8.350241778807316e-10,3.8071341179551145e-12
168900.0,46.916666666666664,1.0246404277197792e-09,8.346515614873062e-10,3.805548699059552e-12
168960.0,46.93333333333333,1.0241918895387057e-09,8.342792604240626e-10,3.803965581325933e-12
169020.0,46.95,1.0237437252285746e-09,8.33907274302387e-10,3.802384760137029e-12
169080.0,46.96666666666667,1.0232959343350131e-09,8.335356027343469e-10,3.800806230883858e-12
169140.0,46.983333333333334,1.022848516404123e-09,8.331642453324283e-10,3.799229988968565e-12
169200.0,47.0,1.022401470982783e-09,8.327932017098007e-10,3.797656029805128e-12
169260.0,47.016666666666666,1.0219547977647763e-09,8.324224716007003e-10,3.796084349338831e-12
169320.0,47.03333333333333,1.0215084959885912e-09,8.320520543642694e-10,3.794514941880364e-12
169380.0,47.05,1.021062565374831e-09,8.316819497568607e-10,3.792947803541035e-12
169440.0,47.06666666666667,1.0206170054687293e-09,8.31312157390389e-10,3.791382929738241e-12
169500.0,47.083333333333336,1.0201718158237413e-09,8.309426768835674e-10,3.7898203159536155e-12
169560.0,47.1,1.0197269959844515e-09,8.305735078478643e-10,3.788259957643666e-12
169620.0,47.11666666666667,1.0192825455028244e-09,8.302046499008412e-10,3.786701850306973e-12
169680.0,47.13333333333333,1.0188384639316547e-09,8.298361026607599e-10,3.785145989450169e-12
169740.0,47.15,1.0183947508241783e-09,8.294678657462861e-10,3.7835923705907224e-12
169800.0,47.166666666666664,1.0179514057344125e-09,8.29099938776749e-10,3.782040989257388e-12
169860.0,47.18333333333333,1.0175084283625573e-09,8.287323214919614e-10,3.780491841504908e-12
169920.0,47.2,1.017065817955776e-09,8.28365013258527e-10,3.7789449217701106e-12
169980.0,47.21666666666667,1.016623574240763e-09,8.279980138380879e-10,3.777400226269667e-12
170040.0,47.233333333333334,1.016181696769885e-09,8.276313228487323e-10,3.775857750536244e-12
170100.0,47.25,1.0157401851036715e-09,8.27264939915283e-10,3.774317490164476e-12
170160.0,47.266666666666666,1.0152990387938208e-09,8.268988646553658e-10,3.772779440723887e-12
170220.0,47.28333333333333,1.014858257399298e-09,8.265330966925878e-10,3.771243597825362e-12
170280.0,47.3,1.0144178404799194e-09,8.261676356512893e-10,3.769709957087771e-12
170340.0,47.31666666666667,1.0139777875959314e-09,8.258024811561904e-10,3.7681785141402484e-12
170400.0,47.333333333333336,1.0135380983083362e-09,8.254376328326675e-10,3.7666492646231475e-12
170460.0,47.35,1.0130987723236317e-09,8.250730904259843e-10,3.765122204697085e-12
170520.0,47.36666666666667,1.0126598088975021e-09,8.247088533100841e-10,3.763597328921552e-12
170580.0,47.38333333333333,1.0122212077625954e-09,8.243449212517789e-10,3.7620746336152175e-12
170640.0,47.4,1.0117829684782935e-09,8.239812938752169e-10,3.7605541144226365e-12
170700.0,47.416666666666664,1.0113450906120507e-09,8.236179708112107e-10,3.759035767048018e-12
170760.0,47.43333333333333,1.010907573722548e-09,8.232549516834151e-10,3.757519587170545e-12
170820.0,47.45,1.010470417375615e-09,8.22892236121378e-10,3.756005570510107e-12
170880.0,47.46666666666667,1.0100336211379553e-09,8.225298237553898e-10,3.754493712794358e-12
170940.0,47.483333333333334,1.0095971845766881e-09,8.221677142161138e-10,3.752984009760883e-12
171000.0,47.5,1.00916110725967e-09,8.218059071348505e-10,3.751476457158086e-12
171060.0,47.516666666666666,1.0087253888995646e-09,8.21444402262206e-10,3.74997105124948e-12
171120.0,47.53333333333333,1.008290028760437e-09,8.210831989793343e-10,3.748467786713521e-12
171180.0,47.55,1.0078550265807543e-09,8.207222970581028e-10,3.7469666599678425e-12
171240.0,47.56666666666667,1.0074203819267897e-09,8.203616961286117e-10,3.745467666765538e-12
171300.0,47.583333333333336,1.0069860943727832e-09,8.200013958275382e-10,3.743970802917124e-12
171360.0,47.6,1.0065521634842664e-09,8.19641395784456e-10,3.742476064208199e-12
171420.0,47.61666666666667,1.0061185888338052e-09,8.192816956347356e-10,3.740983446464365e-12
171480.0,47.63333333333333,1.005685369994856e-09,8.189222950145037e-10,3.739492945518839e-12
171540.0,47.65,1.0052525065412758e-09,8.185631935602471e-10,3.738004557214411e-12
171600.0,47.666666666666664,1.0048199980476514e-09,8.182043909090807e-10,3.7365182774044635e-12
171660.0,47.68333333333333,1.004387844232679e-09,8.178458868168387e-10,3.735034102452107e-12
171720.0,47.7,1.0039560443686682e-09,8.174876806717641e-10,3.733552027151483e-12
171780.0,47.71666666666667,1.003524598199776e-09,8.171297722506679e-10,3.7320720480160415e-12
171840.0,47.733333333333334,1.0030935052990455e-09,8.16772161189495e-10,3.730594160904334e-12
171900.0,47.75,1.0026627652473652e-09,8.164148471306688e-10,3.729118361729968e-12
171960.0,47.766666666666666,1.0022323776169915e-09,8.160578297095705e-10,3.727644646381794e-12
172020.0,47.78333333333333,1.0018023419870939e-09,8.157011085672777e-10,3.726173010788109e-12
172080.0,47.8,1.0013726579377545e-09,8.153446833456404e-10,3.724703450884414e-12
172140.0,47.81666666666667,1.00094332504944e-09,8.149885536868591e-10,3.723235962615699e-12
172200.0,47.833333333333336,1.0005143429033371e-09,8.146327192337473e-10,3.721770541937112e-12
172260.0,47.85,1.000085711224056e-09,8.142771797472615e-10,3.7203071853084556e-12
172320.0,47.86666666666667,9.996574292920078e-10,8.13921934622616e-10,3.718845887636228e-12
172380.0,47.88333333333333,9.99229496856917e-10,8.135669836414493e-10,3.717386645526776e-12
172440.0,47.9,9.988019134984753e-10,8.132123264454511e-10,3.715929454941091e-12
172500.0,47.916666666666664,9.983746788040907e-10,8.128579626826752e-10,3.714474311892707e-12
172560.0,47.93333333333333,9.979477923526153e-10,8.125038919941981e-10,3.713021212370795e-12
172620.0,47.95,9.975212537296964e-10,8.12150114026693e-10,3.711570152403138e-12
172680.0,47.96666666666667,9.970950625219164e-10,8.117966284276289e-10,3.7101211280247464e-12
172740.0,47.983333333333334,9.966692183162313e-10,8.114434348448033e-10,3.708674135279626e-12
172800.0,48.0,9.96243720700294e-10,8.110905329266242e-10,3.707229170221779e-12
172860.0,48.016666666666666,9.958185694045096e-10,8.107379224390623e-10,3.705786229404764e-12
172920.0,48.03333333333333,9.953937637172595e-10,8.103856027841789e-10,3.704345307844301e-12
172980.0,48.05,9.949693033937117e-10,8.100335737483457e-10,3.702906402236751e-12
173040.0,48.06666666666667,9.945451880200916e-10,8.096818349788869e-10,3.701469508642581e-12
173100.0,48.083333333333336,9.941214171901934e-10,8.093303861293745e-10,3.7000346231723386e-12
173160.0,48.1,9.936979904893449e-10,8.08979226846473e-10,3.698601741912554e-12
173220.0,48.11666666666667,9.932749075095492e-10,8.086283567823466e-10,3.697170860987625e-12
173280.0,48.13333333333333,9.928521678437638e-10,8.082777755899674e-10,3.695741976529039e-12
173340.0,48.15,9.924297710853078e-10,8.079274829226324e-10,3.6943150846770385e-12
173400.0,48.166666666666664,9.920077168281835e-10,8.075774784342284e-10,3.692890181581496e-12
173460.0,48.18333333333333,9.915860048084723e-10,8.072277618956421e-10,3.69146726388695e-12
173520.0,48.2,9.911646343223885e-10,8.068783327156673e-10,3.690046326715256e-12
173580.0,48.21666666666667,9.907436051304303e-10,8.065291906853007e-10,3.6886273668501545e-12
173640.0,48.233333333333334,9.903229168252412e-10,8.061803354574035e-10,3.687210380448582e-12
173700.0,48.25,9.899025690068753e-10,8.058317666909526e-10,3.685795363715392e-12
173760.0,48.266666666666666,9.894825612670145e-10,8.054834840381017e-10,3.684382312831534e-12
173820.0,48.28333333333333,9.890628932038963e-10,8.051354871563919e-10,3.6829712240151865e-12
173880.0,48.3,9.886435644167345e-10,8.047877757042021e-10,3.681562093491555e-12
173940.0,48.31666666666667,9.882245745050928e-10,8.044403493402162e-10,3.68015491749429e-12
174000.0,48.333333333333336,9.878059230692005e-10,8.040932077236974e-10,3.678749692266369e-12
174060.0,48.35,9.873876098506976e-10,8.037463506303479e-10,3.677346414540577e-12
174120.0,48.36666666666667,9.869696341535096e-10,8.033997774755824e-10,3.675945079541952e-12
174180.0,48.38333333333333,9.865519957433442e-10,8.030534880549198e-10,3.6745456841389134e-12
174240.0,48.4,9.861346942191503e-10,8.027074820266594e-10,3.673148224582252e-12
174300.0,48.416666666666664,9.857177291871189e-10,8.0236175905508e-10,3.671752697168155e-12
174360.0,48.43333333333333,9.853011002451712e-10,8.020163187977116e-10,3.6703590981693774e-12
174420.0,48.45,9.848848069976573e-10,8.016711609173787e-10,3.668967423895206e-12
174480.0,48.46666666666667,9.844688490499335e-10,8.013262850777589e-10,3.6675776706617506e-12
174540.0,48.483333333333334,9.840532260076848e-10,8.009816909428232e-10,3.6661898347933585e-12
174600.0,48.5,9.83637937477258e-10,8.006373781771107e-10,3.664803912623467e-12
174660.0,48.516666666666666,9.83222983205703e-10,8.002933465610083e-10,3.663419900970319e-12
174720.0,48.53333333333333,9.828083625046046e-10,7.999495955165052e-10,3.66203779515951e-12
174780.0,48.55,9.823940751447275e-10,7.996061248435121e-10,3.660657592141636e-12
174840.0,48.56666666666667,9.819801207312091e-10,7.992629342056654e-10,3.6592792882584436e-12
174900.0,48.583333333333336,9.81566498876253e-10,7.989200232724333e-10,3.657902879894872e-12
174960.0,48.6,9.81153209183906e-10,7.985773917066277e-10,3.656528363412787e-12
175020.0,48.61666666666667,9.807402512645262e-10,7.982350391762599e-10,3.655155735209969e-12
175080.0,48.63333333333333,9.8032762472949e-10,7.978929653502028e-10,3.65378499169085e-12
175140.0,48.65,9.799153291904951e-10,7.975511698976139e-10,3.652416129267864e-12
175200.0,48.666666666666664,9.79503364259884e-10,7.972096524882062e-10,3.651049144362227e-12
175260.0,48.68333333333333,9.79091729689885e-10,7.968684129068575e-10,3.6496840338746545e-12
175320.0,48.7,9.78680424799915e-10,7.965274505822669e-10,3.648320793229523e-12
175380.0,48.71666666666667,9.782694493655397e-10,7.961867653185166e-10,3.646959419457146e-12
175440.0,48.733333333333334,9.778588029979236e-10,7.958463567844431e-10,3.6455999089868315e-12
175500.0,48.75,9.774484853151682e-10,7.955062246546006e-10,3.644242258289787e-12
175560.0,48.766666666666666,9.77038495927339e-10,7.951663685969962e-10,3.642886463814703e-12
175620.0,48.78333333333333,9.7662883445071e-10,7.948267882847438e-10,3.641532522045193e-12
175680.0,48.8,9.762195005025677e-10,7.944874833918134e-10,3.640180429471634e-12
175740.0,48.81666666666667,9.758104937005026e-10,7.941484535924475e-10,3.638830182591782e-12
175800.0,48.833333333333336,9.754018136627466e-10,7.9380969856144e-10,3.637481777912272e-12
175860.0,48.85,9.749934601465992e-10,7.934712180880616e-10,3.6361352124139118e-12
175920.0,48.86666666666667,9.745854324791812e-10,7.931330116076095e-10,3.6347904816169626e-12
175980.0,48.88333333333333,9.741777304407608e-10,7.927950789282546e-10,3.6334475826292284e-12
176040.0,48.9,9.737703536484145e-10,7.924574197239335e-10,3.6321065119650795e-12
176100.0,48.916666666666664,9.73363301726032e-10,7.921200336741917e-10,3.6307672661794443e-12
176160.0,48.93333333333333,9.729565742895886e-10,7.917829204521324e-10,3.629429841805387e-12
176220.0,48.95,9.725501709611657e-10,7.91446079735875e-10,3.6280942354099656e-12
176280.0,48.96666666666667,9.72144091363842e-10,7.911095112043894e-10,3.626760443566834e-12
176340.0,48.983333333333334,9.717383351210001e-10,7.907732145369117e-10,3.625428462856959e-12
176400.0,49.0,9.713329018566438e-10,7.904371894132178e-10,3.62409828986963e-12
176460.0,49.016666666666666,9.70927791333048e-10,7.901014356268813e-10,3.622769921663561e-12
176520.0,49.03333333333333,9.705230028849047e-10,7.897659526196891e-10,3.621443353852214e-12
176580.0,49.05,9.701185362970884e-10,7.894307402038136e-10,3.620118583618765e-12
176640.0,49.06666666666667,9.69714391192484e-10,7.890957980581982e-10,3.618795607559983e-12
176700.0,49.083333333333336,9.6931056720066e-10,7.887611258672857e-10,3.617474422312327e-12
176760.0,49.1,9.689070639433876e-10,7.884267233091764e-10,3.6161550244906488e-12
176820.0,49.11666666666667,9.685038810484496e-10,7.880925900669071e-10,3.6148374107432195e-12
176880.0,49.13333333333333,9.681010181446115e-10,7.877587258243493e-10,3.613521577724523e-12
176940.0,49.15,9.676984748609365e-10,7.874251302656371e-10,3.612207522096351e-12
177000.0,49.166666666666664,9.672962508270983e-10,7.870918030754363e-10,3.610895240528486e-12
177060.0,49.18333333333333,9.668943458102434e-10,7.867587440515417e-10,3.609584730154954e-12
177120.0,49.2,9.664927591525127e-10,7.864259526421131e-10,3.608275986680196e-12
177180.0,49.21666666666667,9.660914906432906e-10,7.860934286632474e-10,3.6069690073602767e-12
177240.0,49.233333333333334,9.656905399111676e-10,7.857611717987972e-10,3.6056637888722365e-12
177300.0,49.25,9.652899065912773e-10,7.854291817380157e-10,3.6043603279316767e-12
177360.0,49.266666666666666,9.648895903110886e-10,7.850974581639036e-10,3.60305862123293e-12
177420.0,49.28333333333333,9.644895907039765e-10,7.847660007643206e-10,3.6017586655031384e-12
177480.0,49.3,9.640899074042865e-10,7.844348092279519e-10,3.600460457475412e-12
177540.0,49.31666666666667,9.63690540046661e-10,7.841038832437391e-10,3.599163993889918e-12
177600.0,49.333333333333336,9.632914882663369e-10,7.837732225011431e-10,3.5978692714947372e-12
177660.0,49.35,9.628927518352342e-10,7.834428268020923e-10,3.596576287497136e-12
177720.0,49.36666666666667,9.624943301028174e-10,7.831126956010179e-10,3.5952850376898328e-12
177780.0,49.38333333333333,9.62096222862898e-10,7.827828287178599e-10,3.5939955193999154e-12
177840.0,49.4,9.616984297496552e-10,7.824532258412885e-10,3.5927077293822715e-12
177900.0,49.416666666666664,9.613009504036975e-10,7.82123886665274e-10,3.591421664429356e-12
177960.0,49.43333333333333,9.60903784458079e-10,7.817948108776315e-10,3.590137321312898e-12
178020.0,49.45,9.605069315516628e-10,7.814659981709512e-10,3.5888546968365724e-12
178080.0,49.46666666666667,9.601103913242775e-10,7.811374482386395e-10,3.587573787809921e-12
178140.0,49.483333333333334,9.597141634160348e-10,7.808091607743575e-10,3.586294591049377e-12
178200.0,49.5,9.593182474676337e-10,7.804811354722728e-10,3.585017103378922e-12
178260.0,49.516666666666666,9.589226432556778e-10,7.801533721383664e-10,3.583741322077073e-12
178320.0,49.53333333333333,9.585273501368326e-10,7.798258702332305e-10,3.582467243022486e-12
178380.0,49.55,9.581323679092436e-10,7.794986295805732e-10,3.581194863611021e-12
178440.0,49.56666666666667,9.577376962125833e-10,7.791716498737956e-10,3.5799241806734116e-12
178500.0,49.583333333333336,9.573433346928273e-10,7.788449308114922e-10,3.5786551910767723e-12
178560.0,49.6,9.569492829885136e-10,7.785184720862043e-10,3.5773878916680023e-12
178620.0,49.61666666666667,9.565555407438951e-10,7.781922733951634e-10,3.5761222793251538e-12
178680.0,49.63333333333333,9.561621076041833e-10,7.778663344364151e-10,3.5748583509321096e-12
178740.0,49.65,9.55768983214854e-10,7.775406549082477e-10,3.5735961033793573e-12
178800.0,49.666666666666664,9.553761672219755e-10,7.772152345094472e-10,3.5723355335647544e-12
178860.0,49.68333333333333,9.549836594067321e-10,7.768900730499656e-10,3.5710766388358675e-12
178920.0,49.7,9.54591459132879e-10,7.765651699964596e-10,3.5698194151551176e-12
178980.0,49.71666666666667,9.541995662028088e-10,7.76240525176322e-10,3.5685638599851493e-12
179040.0,49.733333333333334,9.538079802615822e-10,7.759161382875969e-10,3.567309970230318e-12
179100.0,49.75,9.53416700960449e-10,7.755920090334247e-10,3.5660577428304134e-12
179160.0,49.766666666666666,9.530257279433297e-10,7.752681371109785e-10,3.5648071747053113e-12
179220.0,49.78333333333333,9.526350608597664e-10,7.749445222220497e-10,3.563558262805444e-12
179280.0,49.8,9.522446993602493e-10,7.74621164069232e-10,3.5623110040869364e-12
179340.0,49.81666666666667,9.518546430955325e-10,7.742980623553565e-10,3.561065395512194e-12
179400.0,49.833333333333336,9.514648917169468e-10,7.739752167837452e-10,3.559821434050927e-12
179460.0,49.85,9.510754450101705e-10,7.736526271682412e-10,3.5585791171178402e-12
179520.0,49.86666666666667,9.506863023459283e-10,7.73330292981459e-10,3.5573384407567504e-12
179580.0,49.88333333333333,9.50297463530778e-10,7.7300821405441e-10,3.5560994024953004e-12
179640.0,49.9,9.499089282150734e-10,7.726863900896928e-10,3.5548619993093692e-12
179700.0,49.916666666666664,9.495206960552345e-10,7.723648207949065e-10,3.5536262282093456e-12
179760.0,49.93333333333333,9.49132766700469e-10,7.720435058717721e-10,3.5523920861860942e-12
179820.0,49.95,9.487451398055132e-10,7.717224450265591e-10,3.551159570260466e-12
179880.0,49.96666666666667,9.483578150260402e-10,7.71401637966321e-10,3.5499286774586413e-12
179940.0,49.983333333333334,9.479707920179867e-10,7.710810843983528e-10,3.5486994048131803e-12
180000.0,50.0,9.475840704378433e-10,7.707607840304248e-10,3.5474717493635154e-12
180060.0,50.016666666666666,9.471976500757007e-10,7.704407366801925e-10,3.5462457085895563e-12
180120.0,50.03333333333333,9.468115303091384e-10,7.701209418261354e-10,3.545021278614436e-12
180180.0,50.05,9.464257109487937e-10,7.698013993028044e-10,3.5437984570288273e-12
180240.0,50.06666666666667,9.460401916502172e-10,7.694821088172741e-10,3.542577240878227e-12
180300.0,50.083333333333336,9.456549720749083e-10,7.691630700815158e-10,3.5413576272416518e-12
180360.0,50.1,9.45270051877266e-10,7.688442828017204e-10,3.5401396131790665e-12
180420.0,50.11666666666667,9.448854307171227e-10,7.685257466885438e-10,3.5389231957795903e-12
180480.0,50.13333333333333,9.445011082552434e-10,7.682074614534276e-10,3.5377083721377242e-12
180540.0,50.15,9.441170841526465e-10,7.678894268080393e-10,3.5364951393540887e-12
180600.0,50.166666666666664,9.437333580708972e-10,7.67571642464522e-10,3.535283494535986e-12
180660.0,50.18333333333333,9.433499298044085e-10,7.672541082442672e-10,3.5340734352266585e-12
180720.0,50.2,9.429667987374994e-10,7.669368236315167e-10,3.5328649576264946e-12
180780.0,50.21666666666667,9.42583964684813e-10,7.666197884642994e-10,3.531658059387398e-12
180840.0,50.233333333333334,9.422014273069984e-10,7.663030024540754e-10,3.530452737622529e-12
180900.0,50.25,9.41819186270543e-10,7.659864653171144e-10,3.5292489894776547e-12
180960.0,50.266666666666666,9.414372412349398e-10,7.656701767639876e-10,3.528046812079831e-12
181020.0,50.28333333333333,9.41055591865029e-10,7.65354136509666e-10,3.526846202584745e-12
181080.0,50.3,9.40674237826575e-10,7.650383442698906e-10,3.5256471581532854e-12
181140.0,50.31666666666667,9.402931787855828e-10,7.64722799760627e-10,3.5244496759521707e-12
181200.0,50.333333333333336,9.399124144086027e-10,7.644075026983054e-10,3.523253753154729e-12
181260.0,50.35,9.395319444942815e-10,7.640924529079845e-10,3.5220593873657828e-12
181320.0,50.36666666666667,9.391517684335764e-10,7.637776498795724e-10,3.5208665748609514e-12
181380.0,50.38333333333333,9.387718860450501e-10,7.634630934545035e-10,3.5196753133515904e-12
181440.0,50.4,9.383922969943598e-10,7.63148783348547e-10,3.5184856000166686e-12
181500.0,50.416666666666664,9.380130009528915e-10,7.628347192821908e-10,3.51729743206693e-12
181560.0,50.43333333333333,9.376339975851387e-10,7.625209009703071e-10,3.516110806694645e-12
181620.0,50.45,9.372552865608637e-10,7.622073281320998e-10,3.5149257211202303e-12
181680.0,50.46666666666667,9.368768675507299e-10,7.618940004875336e-10,3.513742172569065e-12
181740.0,50.483333333333334,9.364987402256503e-10,7.615809177567947e-10,3.5125601582722914e-12
181800.0,50.5,9.36120904257064e-10,7.612680796605197e-10,3.5113796754674137e-12
181860.0,50.516666666666666,9.357433594477707e-10,7.609554860273594e-10,3.510200721819084e-12
181920.0,50.53333333333333,9.353661051952545e-10,7.606431363528026e-10,3.5090232936761035e-12
181980.0,50.55,9.349891413219264e-10,7.603310304816178e-10,3.507847388807734e-12
182040.0,50.56666666666667,9.346124674983572e-10,7.600191681338025e-10,3.506673004456888e-12
182100.0,50.583333333333336,9.342360834007448e-10,7.59707549033989e-10,3.5055001378974797e-12
182160.0,50.6,9.33859988698498e-10,7.593961729012704e-10,3.5043287863853168e-12
182220.0,50.61666666666667,9.33484183066199e-10,7.590850394590092e-10,3.5031589472036307e-12
182280.0,50.63333333333333,9.331086661793369e-10,7.587741484313131e-10,3.501990617640694e-12
182340.0,50.65,9.32733437713636e-10,7.584634995425107e-10,3.500823794990135e-12
182400.0,50.666666666666664,9.323584973453373e-10,7.58153092517374e-10,3.4996584765520348e-12
182460.0,50.68333333333333,9.319838448813128e-10,7.578429271880734e-10,3.4984946600490754e-12
182520.0,50.7,9.316094797254728e-10,7.575330030555841e-10,3.4973323419014613e-12
182580.0,50.71666666666667,9.312354017039925e-10,7.572233199679436e-10,3.4961715199346562e-12
182640.0,50.733333333333334,9.308616104922783e-10,7.569138776493068e-10,3.4950121914537833e-12
182700.0,50.75,9.304881057712459e-10,7.566046758283631e-10,3.493854353794227e-12
182760.0,50.766666666666666,9.301148872151292e-10,7.562957142283621e-10,3.492698004273511e-12
182820.0,50.78333333333333,9.297419545032532e-10,7.559869925767397e-10,3.491543140236141e-12
182880.0,50.8,9.2936930731584e-10,7.556785106016795e-10,3.4903897590313735e-12
182940.0,50.81666666666667,9.289969453333356e-10,7.553702680315738e-10,3.4892378580138604e-12
183000.0,50.833333333333336,9.286248682367035e-10,7.550622645952523e-10,3.4880874345443626e-12
183060.0,50.85,9.282530758368059e-10,7.547545001283374e-10,3.486938486402065e-12
183120.0,50.86666666666667,9.278815675438745e-10,7.544469741372024e-10,3.4857910100766488e-12
183180.0,50.88333333333333,9.275103431877814e-10,7.541396864730924e-10,3.484645003448246e-12
183240.0,50.9,9.271394024486712e-10,7.538326368642359e-10,3.4835004638826006e-12
183300.0,50.916666666666664,9.267687450121033e-10,7.535258250433163e-10,3.4823573887747894e-12
183360.0,50.93333333333333,9.263983705570452e-10,7.532192507376573e-10,3.4812157755024157e-12
183420.0,50.95,9.260282787674824e-10,7.529129136786967e-10,3.4800756214695456e-12
183480.0,50.96666666666667,9.256584693282817e-10,7.526068135986172e-10,3.478936924084901e-12
183540.0,50.983333333333334,9.252889419245323e-10,7.523009502298056e-10,3.477799680762319e-12
183600.0,51.0,9.249196962418274e-10,7.519953233050735e-10,3.4766638889217042e-12
183660.0,51.016666666666666,9.245507320949478e-10,7.516899326634277e-10,3.4755295463972047e-12
183720.0,51.03333333333333,9.241820489003445e-10,7.513847778165547e-10,3.4743966497461847e-12
183780.0,51.05,9.238136464915126e-10,7.510798586188385e-10,3.4732651969018874e-12
183840.0,51.06666666666667,9.234455245532563e-10,7.507751748025159e-10,3.472135185288996e-12
183900.0,51.083333333333336,9.23077682775686e-10,7.504707261041855e-10,3.471006612360705e-12
183960.0,51.1,9.227101208424285e-10,7.501665122551717e-10,3.4698794755531458e-12
184020.0,51.11666666666667,9.223428384420379e-10,7.498625329908446e-10,3.4687537723282824e-12
184080.0,51.13333333333333,9.219758352639467e-10,7.495587880473143e-10,3.467629500152657e-12
184140.0,51.15,9.216091109978047e-10,7.492552771608853e-10,3.4665066564977683e-12
184200.0,51.166666666666664,9.212426653337568e-10,7.489520000682863e-10,3.4653852388410792e-12
184260.0,51.18333333333333,9.208764980904191e-10,7.486489566118386e-10,3.4642652450700833e-12
184320.0,51.2,9.205106086903663e-10,7.483461463084542e-10,3.4631466718081818e-12
184380.0,51.21666666666667,9.201449969706458e-10,7.480435690155991e-10,3.4620295170402087e-12
184440.0,51.233333333333334,9.197796626206365e-10,7.477412244694387e-10,3.460913778248234e-12
184500.0,51.25,9.194146053349247e-10,7.474391124104253e-10,3.4597994529420023e-12
184560.0,51.266666666666666,9.190498248017062e-10,7.471372325738067e-10,3.458686538614594e-12
184620.0,51.28333333333333,9.18685320714028e-10,7.468355846988169e-10,3.4575750327843127e-12
184680.0,51.3,9.183210927658047e-10,7.465341685254199e-10,3.456464932973952e-12
184740.0,51.31666666666667,9.17957140651166e-10,7.462329837937711e-10,3.4553562367112128e-12
184800.0,51.333333333333336,9.175934640647241e-10,7.459320302444421e-10,3.4542489415294475e-12
184860.0,51.35,9.172300628288617e-10,7.456313077230057e-10,3.4531430453681203e-12
184920.0,51.36666666666667,9.168669363721801e-10,7.453308157515168e-10,3.452038544914959e-12
184980.0,51.38333333333333,9.165040845352054e-10,7.450305541904618e-10,3.45093543820496e-12
185040.0,51.4,9.161415070118169e-10,7.447305227798672e-10,3.449833722776048e-12
185100.0,51.416666666666664,9.157792035009917e-10,7.444307212639637e-10,3.4487333961929694e-12
185160.0,51.43333333333333,9.154171736954143e-10,7.441311493818552e-10,3.447634456004243e-12
185220.0,51.45,9.15055417292546e-10,7.438318068765729e-10,3.446536899783047e-12
185280.0,51.46666666666667,9.146939339907061e-10,7.435326934918615e-10,3.4454407251069583e-12
185340.0,51.483333333333334,9.143327234884215e-10,7.432338089716615e-10,3.4443459295582563e-12
185400.0,51.5,9.139717854846945e-10,7.429351530603155e-10,3.443252510724782e-12
185460.0,51.516666666666666,9.136111198056019e-10,7.426367256065875e-10,3.442160466596499e-12
185520.0,51.53333333333333,9.132507258856727e-10,7.423385261375913e-10,3.441069793923804e-12
185580.0,51.55,9.128906035688534e-10,7.420405545167745e-10,3.439980490790633e-12
185640.0,51.56666666666667,9.125307525534338e-10,7.417428104879561e-10,3.438892554789076e-12
185700.0,51.583333333333336,9.121711725427093e-10,7.414452937990768e-10,3.4378059835375605e-12
185760.0,51.6,9.118118632337758e-10,7.411480041930318e-10,3.4367207746385103e-12
185820.0,51.61666666666667,9.114528243284266e-10,7.408509414165742e-10,3.435636925718536e-12
185880.0,51.63333333333333,9.110940555293094e-10,7.405541052171713e-10,3.4345544344084576e-12
185940.0,51.65,9.107355565392713e-10,7.402574953424715e-10,3.4334732983437855e-12
186000.0,51.666666666666664,9.103773270616286e-10,7.39961111540527e-10,3.432393515165392e-12
186060.0,51.68333333333333,9.100193669260774e-10,7.396649536632282e-10,3.431315082912328e-12
186120.0,51.7,9.096616755729846e-10,7.393690212426716e-10,3.430237998396153e-12
186180.0,51.71666666666667,9.093042528496493e-10,7.39073314145203e-10,3.429162259748203e-12
186240.0,51.733333333333334,9.089470984586938e-10,7.387778321183701e-10,3.428087864613518e-12
186300.0,51.75,9.085902121076581e-10,7.384825749137574e-10,3.4270148106627013e-12
186360.0,51.766666666666666,9.082335934979682e-10,7.381875422779794e-10,3.4259430955506258e-12
186420.0,51.78333333333333,9.078772423356782e-10,7.378927339614498e-10,3.4248727169558835e-12
186480.0,51.8,9.075211583276833e-10,7.375981497152863e-10,3.423803672561268e-12
186540.0,51.81666666666667,9.07165341181075e-10,7.373037892907869e-10,3.42273596005402e-12
186600.0,51.833333333333336,9.068097906034099e-10,7.370096524396432e-10,3.4216695771266366e-12
186660.0,51.85,9.064545064279328e-10,7.367157390168114e-10,3.420604521865902e-12
186720.0,51.86666666666667,9.06099488100761e-10,7.364220485592894e-10,3.419540791143064e-12
186780.0,51.88333333333333,9.057447354724748e-10,7.361285809362706e-10,3.41847838313553e-12
186840.0,51.9,9.053902482499592e-10,7.358353358989606e-10,3.4174172955398694e-12
186900.0,51.916666666666664,9.050360261449197e-10,7.355423132025256e-10,3.4163575260775396e-12
186960.0,51.93333333333333,9.046820688630396e-10,7.352495125972319e-10,3.4152990724544014e-12
187020.0,51.95,9.043283761145545e-10,7.349569338370897e-10,3.414241932399842e-12
187080.0,51.96666666666667,9.039749476105366e-10,7.346645766768014e-10,3.4131861036470124e-12
187140.0,51.983333333333334,9.03621783062249e-10,7.343724408712492e-10,3.412131583933643e-12
187200.0,52.0,9.032688821814077e-10,7.340805261756999e-10,3.4110783710024824e-12
187260.0,52.016666666666666,9.029162448047444e-10,7.337888324481188e-10,3.4100264629867907e-12
187320.0,52.03333333333333,9.025638703840344e-10,7.334973592303265e-10,3.4089758568159556e-12
187380.0,52.05,9.022117587730759e-10,7.332061063943083e-10,3.407926550712244e-12
187440.0,52.06666666666667,9.01859909682946e-10,7.329150736948601e-10,3.406878542422417e-12
187500.0,52.083333333333336,9.015083228294369e-10,7.326242608906694e-10,3.4058318297172992e-12
187560.0,52.1,9.011569979224173e-10,7.323336677355902e-10,3.4047864103526735e-12
187620.0,52.11666666666667,9.008059346762332e-10,7.320432939871639e-10,3.40374228210706e-12
187680.0,52.13333333333333,9.004551328060569e-10,7.317531394036159e-10,3.4026994427629355e-12
187740.0,52.15,9.001045920272531e-10,7.314632037433486e-10,3.4016578901070853e-12
187800.0,52.166666666666664,8.997543120556261e-10,7.311734867651412e-10,3.4006176219311413e-12
187860.0,52.18333333333333,8.994042927313228e-10,7.308839883299064e-10,3.399578636413675e-12
187920.0,52.2,8.990545335116891e-10,7.305947079842156e-10,3.398540930540634e-12
187980.0,52.21666666666667,8.98705034253686e-10,7.303056456027897e-10,3.3975045025781206e-12
188040.0,52.233333333333334,8.983557946724999e-10,7.300168009439583e-10,3.3964693503215883e-12
188100.0,52.25,8.980068144879475e-10,7.297281737698582e-10,3.395435471590121e-12
188160.0,52.266666666666666,8.976580934140038e-10,7.294397638378748e-10,3.394402864187903e-12
188220.0,52.28333333333333,8.973096311690574e-10,7.291515709090127e-10,3.3933715259414945e-12
188280.0,52.3,8.969614274723088e-10,7.288635947449624e-10,3.392341454681326e-12
188340.0,52.31666666666667,8.966134820431494e-10,7.285758351075846e-10,3.3913126482418893e-12
188400.0,52.333333333333336,8.962657946014002e-10,7.282882917591036e-10,3.3902851044626225e-12
188460.0,52.35,8.959183649905633e-10,7.280009645633307e-10,3.3892588215659473e-12
188520.0,52.36666666666667,8.955711926734672e-10,7.277138530715091e-10,3.388233796593194e-12
188580.0,52.38333333333333,8.95224277510174e-10,7.274269571610454e-10,3.387210027852965e-12
188640.0,52.4,8.948776192199099e-10,7.271402765937337e-10,3.386187513188228e-12
188700.0,52.416666666666664,8.945312175264435e-10,7.268538111351074e-10,3.3851662504649798e-12
188760.0,52.43333333333333,8.941850721477881e-10,7.265675605460167e-10,3.3841462375346258e-12
188820.0,52.45,8.938391828062978e-10,7.26281524590872e-10,3.3831274722705266e-12
188880.0,52.46666666666667,8.93493549225139e-10,7.259957030347666e-10,3.382109952549693e-12
188940.0,52.483333333333334,8.931481711276554e-10,7.257100956429523e-10,3.381093676253283e-12
189000.0,52.5,8.928030482376197e-10,7.254247021810513e-10,3.3800786412670584e-12
189060.0,52.516666666666666,8.924581804018185e-10,7.251395225157071e-10,3.3790648458563323e-12
189120.0,52.53333333333333,8.921135670884849e-10,7.248545562027652e-10,3.3780522871163233e-12
189180.0,52.55,8.917692081607182e-10,7.245698031222648e-10,3.3770409633970334e-12
189240.0,52.56666666666667,8.914251033417184e-10,7.24285263039409e-10,3.3760308725877125e-12
189300.0,52.583333333333336,8.910812523591321e-10,7.240009357230607e-10,3.3750220126000758e-12
189360.0,52.6,8.907376549349459e-10,7.237168209374773e-10,3.3740143813315265e-12
189420.0,52.61666666666667,8.90394310795412e-10,7.234329184504195e-10,3.373007976700901e-12
189480.0,52.63333333333333,8.900512196675876e-10,7.231492280303154e-10,3.372002796630786e-12
189540.0,52.65,8.897083812787052e-10,7.228657494457583e-10,3.370998839047608e-12
189600.0,52.666666666666664,8.893657953564174e-10,7.225824824657e-10,3.3699961018823853e-12
189660.0,52.68333333333333,8.890234617507362e-10,7.222994269595651e-10,3.3689945834421076e-12
189720.0,52.7,8.886813799352155e-10,7.22016582487732e-10,3.3679942808745762e-12
189780.0,52.71666666666667,8.883395497759348e-10,7.217339489328208e-10,3.3669951925700623e-12
189840.0,52.733333333333334,8.87997970999995e-10,7.214515260633802e-10,3.3659973164629432e-12
189900.0,52.75,8.876566433388611e-10,7.21169313651555e-10,3.3650006505094858e-12
189960.0,52.766666666666666,8.873155665184176e-10,7.208873114649405e-10,3.364005192651843e-12
190020.0,52.78333333333333,8.869747402687488e-10,7.206055192745869e-10,3.363010940853241e-12
190080.0,52.8,8.866341643207374e-10,7.203239368522092e-10,3.362017893080535e-12
190140.0,52.81666666666667,8.862938384054367e-10,7.200425639696759e-10,3.3610260473043715e-12
190200.0,52.833333333333336,8.859537622543125e-10,7.197614003992123e-10,3.3600354014998154e-12
190260.0,52.85,8.856139357205435e-10,7.194804460129728e-10,3.359045954014409e-12
190320.0,52.86666666666667,8.85274358282917e-10,7.191997003757977e-10,3.3580577020473235e-12
190380.0,52.88333333333333,8.849350298104403e-10,7.18919163372837e-10,3.3570706440279865e-12
190440.0,52.9,8.845959500340501e-10,7.186388347759303e-10,3.3560847779347164e-12
190500.0,52.916666666666664,8.842571186889598e-10,7.183587143604391e-10,3.355100101767174e-12
190560.0,52.93333333333333,8.83918535504886e-10,7.180788018972482e-10,3.3541166135111466e-12
190620.0,52.95,8.8358020021568e-10,7.177990971606376e-10,3.353134311173108e-12
190680.0,52.96666666666667,8.832421125559836e-10,7.175195999255453e-10,3.3521531927630786e-12
190740.0,52.983333333333334,8.829042722606068e-10,7.17240309967066e-10,3.35117325629472e-12
190800.0,53.0,8.825666790647595e-10,7.169612270606375e-10,3.3501944997860765e-12
190860.0,53.016666666666666,8.822293328247282e-10,7.166823510810936e-10,3.3492169216241216e-12
190920.0,53.03333333333333,8.818922330244563e-10,7.164036815976665e-10,3.348240519058183e-12
190980.0,53.05,8.815553795358248e-10,7.161252184979894e-10,3.3472652905557492e-12
191040.0,53.06666666666667,8.812187720935327e-10,7.158469615571336e-10,3.346291234138083e-12
191100.0,53.083333333333336,8.808824104364865e-10,7.155689105536243e-10,3.345318347846978e-12
191160.0,53.1,8.805462942981633e-10,7.152910652615743e-10,3.3443466297108243e-12
191220.0,53.11666666666667,8.802104234161191e-10,7.150134254584395e-10,3.343376077778259e-12
191280.0,53.13333333333333,8.798747975286914e-10,7.147359909223283e-10,3.3424066901012635e-12
191340.0,53.15,8.795394163743753e-10,7.144587614315008e-10,3.3414384647355322e-12
191400.0,53.166666666666664,8.792042796920715e-10,7.14181736764554e-10,3.3404713997409073e-12
191460.0,53.18333333333333,8.788693873411066e-10,7.139049167989504e-10,3.339505493542787e-12
191520.0,53.2,8.785347388105107e-10,7.13628301108244e-10,3.338540743439403e-12
191580.0,53.21666666666667,8.782003339749744e-10,7.133518895825076e-10,3.337577147935426e-12
191640.0,53.233333333333334,8.778661725729041e-10,7.130756819999864e-10,3.336614705093756e-12
191700.0,53.25,8.775322543468265e-10,7.12799678142314e-10,3.335653412997473e-12
191760.0,53.266666666666666,8.771985790339243e-10,7.125238777867764e-10,3.3346932697163484e-12
191820.0,53.28333333333333,8.768651463753885e-10,7.122482807139495e-10,3.333734273340111e-12
191880.0,53.3,8.765319561131883e-10,7.119728867050603e-10,3.332776421961714e-12
191940.0,53.31666666666667,8.761990079894506e-10,7.116976955414743e-10,3.331819713677697e-12
192000.0,53.333333333333336,8.758663017466905e-10,7.114227070048963e-10,3.3308641465887336e-12
192060.0,53.35,8.755338372472274e-10,7.111479209753657e-10,3.329909719157644e-12
192120.0,53.36666666666667,8.752016139850959e-10,7.108733370306974e-10,3.3289564287303502e-12
192180.0,53.38333333333333,8.748696318377456e-10,7.105989550633508e-10,3.328004273847676e-12
192240.0,53.4,8.745378905472282e-10,7.103247748546953e-10,3.3270532526132452e-12
192300.0,53.416666666666664,8.742063898596263e-10,7.100507961894159e-10,3.3261033631501923e-12
192360.0,53.43333333333333,8.738751295157654e-10,7.097770188479175e-10,3.325154603568761e-12
192420.0,53.45,8.735441092604107e-10,7.095034426138463e-10,3.324206971998669e-12
192480.0,53.46666666666667,8.732133288391006e-10,7.09230067271486e-10,3.3232604665728467e-12
192540.0,53.483333333333334,8.728827879975289e-10,7.089568926052623e-10,3.3223150854276124e-12
192600.0,53.5,8.725524864817721e-10,7.08683918399931e-10,3.321370826703462e-12
192660.0,53.516666666666666,8.722224241570791e-10,7.084111445380581e-10,3.320427688899568e-12
192720.0,53.53333333333333,8.718926005224121e-10,7.081385706016555e-10,3.3194856694085644e-12
192780.0,53.55,8.715630154579353e-10,7.078661964855266e-10,3.318544766806353e-12
192840.0,53.56666666666667,8.712336687092769e-10,7.07594021974107e-10,3.3176049792361983e-12
192900.0,53.583333333333336,8.709045600260191e-10,7.073220468550829e-10,3.316666304860487e-12
192960.0,53.6,8.705756891525648e-10,7.070502709119267e-10,3.3157287418287772e-12
193020.0,53.61666666666667,8.702470558371961e-10,7.067786939312961e-10,3.3147922883097448e-12
193080.0,53.63333333333333,8.699186598289599e-10,7.065073157004846e-10,3.3138569424752983e-12
193140.0,53.65,8.695905008770527e-10,7.062361360069214e-10,3.3129227025006497e-12
193200.0,53.666666666666664,8.692625787310513e-10,7.059651546383629e-10,3.3119895665649304e-12
193260.0,53.68333333333333,8.689348932590824e-10,7.056943714798562e-10,3.3110575332028836e-12
193320.0,53.7,8.68607443964966e-10,7.054237861175437e-10,3.3101265998525787e-12
193380.0,53.71666666666667,8.682802307315225e-10,7.051533984485284e-10,3.3091967651242146e-12
193440.0,53.733333333333334,8.679532533078987e-10,7.048832082602591e-10,3.308268027199735e-12
193500.0,53.75,8.676265114471195e-10,7.046132153433758e-10,3.3073403842796257e-12
193560.0,53.766666666666666,8.673000048971006e-10,7.043434194843579e-10,3.3064138345518354e-12
193620.0,53.78333333333333,8.669737334095844e-10,7.040738204728327e-10,3.3054883762230905e-12
193680.0,53.8,8.666476967370631e-10,7.038044180990431e-10,3.30456400750327e-12
193740.0,53.81666666666667,8.663218946321826e-10,7.035352121533784e-10,3.3036407266053902e-12
193800.0,53.833333333333336,8.659963268479565e-10,7.032662024265383e-10,3.302718531746413e-12
193860.0,53.85,8.656709932553362e-10,7.029973888060057e-10,3.3017974214956134e-12
193920.0,53.86666666666667,8.653458933629266e-10,7.027287708819928e-10,3.3008773933354733e-12
193980.0,53.88333333333333,8.650210270561564e-10,7.02460348553856e-10,3.29995844590959e-12
194040.0,53.9,8.646963940876295e-10,7.021921216120115e-10,3.2990405774376096e-12
194100.0,53.916666666666664,8.643719942137566e-10,7.019240898499935e-10,3.2981237861571424e-12
194160.0,53.93333333333333,8.640478271859062e-10,7.016562530572489e-10,3.2972080702936234e-12
194220.0,53.95,8.637238927592214e-10,7.013886110263083e-10,3.2962934280908317e-12
194280.0,53.96666666666667,8.634001906895861e-10,7.011211635503293e-10,3.295379857795616e-12
194340.0,53.983333333333334,8.630767207330309e-10,7.008539104225995e-10,3.294467357658e-12
194400.0,54.0,8.627534826459534e-10,7.005868514367194e-10,3.293555925931675e-12
194460.0,54.016666666666666,8.624304763020757e-10,7.003199864825573e-10,3.2926455612196524e-12
194520.0,54.03333333333333,8.621077012147143e-10,7.000533151543339e-10,3.2917362610477553e-12
194580.0,54.05,8.617851572718585e-10,6.997868373536209e-10,3.2908280240921407e-12
194640.0,54.06666666666667,8.614628442295158e-10,6.995205528737438e-10,3.2899208486091074e-12
194700.0,54.083333333333336,8.611407618474159e-10,6.992544615110898e-10,3.2890147328725956e-12
194760.0,54.1,8.608189098803327e-10,6.989885630580167e-10,3.2881096751445074e-12
194820.0,54.11666666666667,8.604972880867448e-10,6.987228573099151e-10,3.2872056737047596e-12
194880.0,54.13333333333333,8.601758962258729e-10,6.984573440628024e-10,3.286302726836335e-12
194940.0,54.15,8.598547340570787e-10,6.981920231128169e-10,3.2854008328252176e-12
195000.0,54.166666666666664,8.59533801340082e-10,6.979268942564081e-10,3.2844999899610505e-12
195060.0,54.18333333333333,8.592130979513238e-10,6.976619573857889e-10,3.2836001968795657e-12
195120.0,54.2,8.588926234087689e-10,6.973972120991281e-10,3.2827014511490057e-12
195180.0,54.21666666666667,8.58572377602917e-10,6.971326583001677e-10,3.281803751477206e-12
195240.0,54.233333333333334,8.58252360293115e-10,6.968682957850983e-10,3.2809070961562278e-12
195300.0,54.25,8.579325712423672e-10,6.966041243531084e-10,3.2800114834954506e-12
195360.0,54.266666666666666,8.576130102087866e-10,6.963401437994124e-10,3.279116911792289e-12
195420.0,54.28333333333333,8.572936769541361e-10,6.96076353922222e-10,3.2782233793619997e-12
195480.0,54.3,8.569745712409149e-10,6.958127545203583e-10,3.2773308845226856e-12
195540.0,54.31666666666667,8.566556928317581e-10,6.955493453927669e-10,3.2764394255954826e-12
195600.0,54.333333333333336,8.563370414896576e-10,6.952861263386962e-10,3.275549000904988e-12
195660.0,54.35,8.560186170937211e-10,6.950230972526585e-10,3.274659609118979e-12
195720.0,54.36666666666667,8.557004191664897e-10,6.94760257736713e-10,3.2737712478470007e-12
195780.0,54.38333333333333,8.553824476009277e-10,6.944976076967335e-10,3.2728839158277665e-12
195840.0,54.4,8.550647021596709e-10,6.942351469317207e-10,3.271997611388319e-12
195900.0,54.416666666666664,8.547471826089373e-10,6.939728752436232e-10,3.2711123328724337e-12
195960.0,54.43333333333333,8.544298887101209e-10,6.937107924304653e-10,3.270228078612318e-12
196020.0,54.45,8.541128202282232e-10,6.934488982932239e-10,3.2693448469575742e-12
196080.0,54.46666666666667,8.537959769289623e-10,6.931871926334828e-10,3.268462636260592e-12
196140.0,54.483333333333334,8.534793585781923e-10,6.929256752529436e-10,3.267581444876828e-12
196200.0,54.5,8.53162964942118e-10,6.926643459536097e-10,3.266701271164991e-12
196260.0,54.516666666666666,8.52846795902469e-10,6.924032046322493e-10,3.2658221138239376e-12
196320.0,54.53333333333333,8.525308509862967e-10,6.921422508947511e-10,3.2649439705037676e-12
196380.0,54.55,8.522151300889833e-10,6.918814846490829e-10,3.264066839973144e-12
196440.0,54.56666666666667,8.51899632976395e-10,6.916209056970127e-10,3.2631907205931787e-12
196500.0,54.583333333333336,8.515843594179122e-10,6.913605138431923e-10,3.262315610741356e-12
196560.0,54.6,8.512693091781619e-10,6.911003088884162e-10,3.2614415087837198e-12
196620.0,54.61666666666667,8.509544820253167e-10,6.908402906363789e-10,3.2605684131033503e-12
196680.0,54.63333333333333,8.506398777282679e-10,6.905804588913784e-10,3.259696322086242e-12
196740.0,54.65,8.503254960560345e-10,6.90320813457828e-10,3.258825234121074e-12
196800.0,54.666666666666664,8.500113367779826e-10,6.900613541404362e-10,3.2579551476000142e-12
196860.0,54.68333333333333,8.496973997784127e-10,6.898020808381871e-10,3.257086061252204e-12
196920.0,54.7,8.493836845888165e-10,6.895429931607443e-10,3.256217972767203e-12
196980.0,54.71666666666667,8.49070191106956e-10,6.892840910181295e-10,3.255350880943019e-12
197040.0,54.733333333333334,8.487569191018737e-10,6.890253742148272e-10,3.2544847841739924e-12
197100.0,54.75,8.484438683460556e-10,6.887668425581541e-10,3.2536196808703985e-12
197160.0,54.766666666666666,8.481310386073091e-10,6.885084958516223e-10,3.252755569431309e-12
197220.0,54.78333333333333,8.478184296569289e-10,6.882503339015997e-10,3.2518924482725496e-12
197280.0,54.8,8.475060412669191e-10,6.879923565150533e-10,3.25103031581272e-12
197340.0,54.81666666666667,8.471938732094199e-10,6.877345634990646e-10,3.2501691704731398e-12
197400.0,54.833333333333336,8.468819252568988e-10,6.874769546610001e-10,3.2493090106784435e-12
197460.0,54.85,8.46570197296182e-10,6.872195299020173e-10,3.248449835187303e-12
197520.0,54.86666666666667,8.462586888631449e-10,6.869622888355032e-10,3.2475916417279556e-12
197580.0,54.88333333333333,8.459473998578733e-10,6.867052313734879e-10,3.246734429126898e-12
197640.0,54.9,8.45636330052537e-10,6.864483573231329e-10,3.2458781958108662e-12
197700.0,54.916666666666664,8.453254792226804e-10,6.861916664943739e-10,3.245022940222177e-12
197760.0,54.93333333333333,8.450148471392344e-10,6.859351586933927e-10,3.2441686607921365e-12
197820.0,54.95,8.447044335765629e-10,6.856788337291901e-10,3.2433153559684883e-12
197880.0,54.96666666666667,8.443942383097409e-10,6.854226914113558e-10,3.2424630242016734e-12
197940.0,54.983333333333334,8.440842611139627e-10,6.851667315495886e-10,3.2416116639447858e-12
198000.0,55.0,8.437745017647583e-10,6.849109539538771e-10,3.2407612736541836e-12
198060.0,55.016666666666666,8.434649601514283e-10,6.846553585275078e-10,3.23991185211738e-12
198120.0,55.03333333333333,8.431556358141654e-10,6.843999448875356e-10,3.239063397100276e-12
198180.0,55.05,8.428465286553416e-10,6.84144712947965e-10,3.2382159074572097e-12
198240.0,55.06666666666667,8.425376384502011e-10,6.838896625185889e-10,3.2373693816465594e-12
198300.0,55.083333333333336,8.422289649772943e-10,6.836347934119154e-10,3.236523818141856e-12
198360.0,55.1,8.419205080106238e-10,6.83380105436754e-10,3.2356792154058412e-12
198420.0,55.11666666666667,8.416122673275759e-10,6.83125598404692e-10,3.2348355719174002e-12
198480.0,55.13333333333333,8.413042427062367e-10,6.828712721278985e-10,3.2339928861580777e-12
198540.0,55.15,8.409964339248166e-10,6.826171264186524e-10,3.2331511566120025e-12
198600.0,55.166666666666664,8.406888407618472e-10,6.823631610895105e-10,3.232310381766415e-12
198660.0,55.18333333333333,8.403814631090636e-10,6.821093760458542e-10,3.2314705604369127e-12
198720.0,55.2,8.400743005109128e-10,6.81855770908354e-10,3.2306316904263373e-12
198780.0,55.21666666666667,8.397673528720096e-10,6.816023455929501e-10,3.2297937706160274e-12
198840.0,55.233333333333334,8.39460619970623e-10,6.813490999120206e-10,3.2289567994953162e-12
198900.0,55.25,8.391541015882566e-10,6.810960336806048e-10,3.228120775568163e-12
198960.0,55.266666666666666,8.388477975019394e-10,6.808431467101006e-10,3.2272856973280023e-12
199020.0,55.28333333333333,8.385417074920252e-10,6.805904388146336e-10,3.2264515632841086e-12
199080.0,55.3,8.38235831339567e-10,6.803379098089107e-10,3.225618371948371e-12
199140.0,55.31666666666667,8.379301688257357e-10,6.800855595077461e-10,3.224786121835149e-12
199200.0,55.333333333333336,8.376247197320196e-10,6.79833387726226e-10,3.2239548114618917e-12
199260.0,55.35,8.37319483952541e-10,6.795813943717865e-10,3.223124439671603e-12
199320.0,55.36666666666667,8.370144610359389e-10,6.793295790686565e-10,3.2222950043030982e-12
199380.0,55.38333333333333,8.367096508890357e-10,6.790779417346835e-10,3.221466504264181e-12
199440.0,55.4,8.364050532930686e-10,6.788264821847836e-10,3.22063893807427e-12
199500.0,55.416666666666664,8.361006680324537e-10,6.785752002364879e-10,3.219812304267097e-12
199560.0,55.43333333333333,8.35796494887187e-10,6.78324095703734e-10,3.218986601366035e-12
199620.0,55.45,8.354925336405475e-10,6.780731684031504e-10,3.218161827910001e-12
199680.0,55.46666666666667,8.351887840765052e-10,6.778224181519358e-10,3.2173379824404813e-12
199740.0,55.483333333333334,8.348852459791422e-10,6.775718447673976e-10,3.216515063501363e-12
199800.0,55.5,8.345819191328553e-10,6.773214480671106e-10,3.2156930696396186e-12
199860.0,55.516666666666666,8.342788034341104e-10,6.770712279605274e-10,3.2148719997248566e-12
199920.0,55.53333333333333,8.339758984356819e-10,6.768211840753862e-10,3.2140518516311694e-12
199980.0,55.55,8.336732040465505e-10,6.765713163313998e-10,3.213232624292126e-12
200040.0,55.56666666666667,8.333707200508803e-10,6.763216245459881e-10,3.212414316256501e-12
200100.0,55.583333333333336,8.330684462359468e-10,6.76072108539128e-10,3.2115969260870587e-12
200160.0,55.6,8.327663823846719e-10,6.758227681272573e-10,3.2107804523363967e-12
200220.0,55.61666666666667,8.324645282832074e-10,6.755736031294609e-10,3.209964893572433e-12
200280.0,55.63333333333333,8.321628837183918e-10,6.753246133653931e-10,3.2091502483654766e-12
200340.0,55.65,8.318614484771696e-10,6.750757986548149e-10,3.2083365152882486e-12
200400.0,55.666666666666664,8.315602223468031e-10,6.748271588177433e-10,3.2075236929165145e-12
200460.0,55.68333333333333,8.312592052260538e-10,6.745786937656131e-10,3.206711780145861e-12
200520.0,55.7,8.309583966717768e-10,6.743304031296203e-10,3.2059007748848223e-12
200580.0,55.71666666666667,8.30657796595072e-10,6.740822868313102e-10,3.2050906760921074e-12
200640.0,55.733333333333334,8.303574047829802e-10,6.738343446905617e-10,3.2042814823451984e-12
200700.0,55.75,8.300572210255894e-10,6.735865765297596e-10,3.20347319223513e-12
200760.0,55.766666666666666,8.297572451087002e-10,6.733389821678001e-10,3.2026658043430667e-12
200820.0,55.78333333333333,8.294574768212891e-10,6.730915614261854e-10,3.20185931726515e-12
200880.0,55.8,8.291579159530166e-10,6.728443141269856e-10,3.2010537295998893e-12
200940.0,55.81666666666667,8.288585622936476e-10,6.725972400923657e-10,3.20024903994826e-12
201000.0,55.833333333333336,8.285594156332567e-10,6.723503391447568e-10,3.199445246913895e-12
201060.0,55.85,8.282604758728651e-10,6.721036111975329e-10,3.1986423494178716e-12
201120.0,55.86666666666667,8.279617425733433e-10,6.718570558852999e-10,3.1978403454024456e-12
201180.0,55.88333333333333,8.276632156478774e-10,6.716106731314022e-10,3.1970392338507015e-12
201240.0,55.9,8.273648948863361e-10,6.713644627581374e-10,3.1962390133681305e-12
201300.0,55.916666666666664,8.27066780081575e-10,6.711184245902566e-10,3.1954396825735528e-12
201360.0,55.93333333333333,8.267688710222242e-10,6.708725584490736e-10,3.1946412400758405e-12
201420.0,55.95,8.26471167500042e-10,6.706268641584717e-10,3.193843684498762e-12
201480.0,55.96666666666667,8.261736693074635e-10,6.703813415428915e-10,3.193047014468382e-12
201540.0,55.983333333333334,8.258763762370282e-10,6.701359904268718e-10,3.1922512286130617e-12
201600.0,56.0,8.255792880815757e-10,6.698908106352077e-10,3.191456325563973e-12
201660.0,56.016666666666666,8.25282404744348e-10,6.696458020831826e-10,3.1906623042668143e-12
201720.0,56.03333333333333,8.24985725790174e-10,6.694009644087631e-10,3.1898691626968338e-12
201780.0,56.05,8.246892511342863e-10,6.691562975370584e-10,3.189076899860959e-12
201840.0,56.06666666666667,8.243929805693371e-10,6.689118012927441e-10,3.1882855143920474e-12
201900.0,56.083333333333336,8.240969138909062e-10,6.686674755029009e-10,3.1874950049358544e-12
201960.0,56.1,8.238010508904043e-10,6.684233199912215e-10,3.1867053701285254e-12
202020.0,56.11666666666667,8.235053913623274e-10,6.681793345839266e-10,3.1859166086207094e-12
202080.0,56.13333333333333,8.232099351018401e-10,6.679355191077937e-10,3.185128719065365e-12
202140.0,56.15,8.229146819042104e-10,6.676918733896925e-10,3.1843417001176478e-12
202200.0,56.166666666666664,8.226196315650014e-10,6.674483972567463e-10,3.183555550435491e-12
202260.0,56.18333333333333,8.2232478398963e-10,6.672050906261105e-10,3.1827702689887508e-12
202320.0,56.2,8.220301387468348e-10,6.669619531390651e-10,3.181985853784815e-12
202380.0,56.21666666666667,8.217356957538534e-10,6.667189847224522e-10,3.1812023038539717e-12
202440.0,56.233333333333334,8.21441454806077e-10,6.664761852032879e-10,3.180419617855707e-12
202500.0,56.25,8.211474157017638e-10,6.662335544109429e-10,3.1796377944621885e-12
202560.0,56.266666666666666,8.208535782350628e-10,6.659910921714477e-10,3.1788568323360644e-12
202620.0,56.28333333333333,8.205599422031618e-10,6.657487983133278e-10,3.17807673015429e-12
202680.0,56.3,8.202665074039132e-10,6.655066726656544e-10,3.17729748659606e-12
202740.0,56.31666666666667,8.199732736352668e-10,6.652647150575913e-10,3.1765191003427215e-12
202800.0,56.333333333333336,8.196802406954649e-10,6.650229253185516e-10,3.1757415700783372e-12
202860.0,56.35,8.193874084920633e-10,6.647813033675303e-10,3.1749648947962807e-12
202920.0,56.36666666666667,8.190947765976494e-10,6.645398488490735e-10,3.1741890725354336e-12
202980.0,56.38333333333333,8.188023449314362e-10,6.642985616917223e-10,3.1734141023488232e-12
203040.0,56.4,8.18510113291506e-10,6.640574417247976e-10,3.1726399829219952e-12
203100.0,56.416666666666664,8.182180814787516e-10,6.638164887799191e-10,3.1718667129527845e-12
203160.0,56.43333333333333,8.179262492900174e-10,6.635757026854247e-10,3.1710942911298543e-12
203220.0,56.45,8.176346165251404e-10,6.633350832720964e-10,3.1703227161557915e-12
203280.0,56.46666666666667,8.173431829846136e-10,6.63094630371268e-10,3.1695519867354152e-12
203340.0,56.483333333333334,8.170519484690286e-10,6.628543438143601e-10,3.1687821015756516e-12
203400.0,56.5,8.167609127792655e-10,6.626142234330379e-10,3.1680130593860625e-12
203460.0,56.516666666666666,8.164700758249748e-10,6.623742691481024e-10,3.1672448591829554e-12
203520.0,56.53333333333333,8.161794371825485e-10,6.621344806073164e-10,3.166477499036112e-12
203580.0,56.55,8.158889967731273e-10,6.618948577408964e-10,3.165710978020575e-12
203640.0,56.56666666666667,8.155987543974476e-10,6.61655400380421e-10,3.1649452948473953e-12
203700.0,56.583333333333336,8.153087098589963e-10,6.614161083597321e-10,3.164180448239625e-12
203760.0,56.6,8.150188629572658e-10,6.611769815094252e-10,3.1634164369111373e-12
203820.0,56.61666666666667,8.147292134946997e-10,6.609380196625159e-10,3.1626532595896053e-12
203880.0,56.63333333333333,8.144397612743922e-10,6.606992226525565e-10,3.1618909150049074e-12
203940.0,56.65,8.141505060995341e-10,6.604605903131878e-10,3.161129401888956e-12
204000.0,56.666666666666664,8.138614477735959e-10,6.602221224782917e-10,3.1603687189761306e-12
204060.0,56.68333333333333,8.135725862082935e-10,6.599838190704417e-10,3.159608865305235e-12
204120.0,56.7,8.132839209837567e-10,6.597456797405735e-10,3.1588498389761498e-12
204180.0,56.71666666666667,8.129954520230346e-10,6.595077044205438e-10,3.158091639085521e-12
204240.0,56.733333333333334,8.127071791294667e-10,6.592698929441597e-10,3.1573342643692782e-12
204300.0,56.75,8.124191021090914e-10,6.590322451474423e-10,3.1565777135749626e-12
204360.0,56.766666666666666,8.12131220764012e-10,6.587947608632159e-10,3.1558219854412708e-12
204420.0,56.78333333333333,8.118435348992337e-10,6.585574399266855e-10,3.155067078720261e-12
204480.0,56.8,8.115560443204097e-10,6.583202821735882e-10,3.154312992166313e-12
204540.0,56.81666666666667,8.112687488332895e-10,6.580832874397516e-10,3.1535597245356657e-12
204600.0,56.833333333333336,8.109816482438922e-10,6.578464555612367e-10,3.1528072745871357e-12
204660.0,56.85,8.106947424659592e-10,6.576097864623563e-10,3.152055641381262e-12
204720.0,56.86666666666667,8.10408031083315e-10,6.573732797971778e-10,3.151304823047483e-12
204780.0,56.88333333333333,8.101215140208725e-10,6.571369354991658e-10,3.150554818703525e-12
204840.0,56.9,8.098351910845386e-10,6.569007534043188e-10,3.1498056271095466e-12
204900.0,56.916666666666664,8.095490620828608e-10,6.566647333508053e-10,3.149057247037087e-12
204960.0,56.93333333333333,8.092631268205093e-10,6.564288751736387e-10,3.1483096772489916e-12
205020.0,56.95,8.089773851050117e-10,6.561931787101774e-10,3.1475629165212804e-12
205080.0,56.96666666666667,8.086918367445436e-10,6.55957643798315e-10,3.146816963632116e-12
205140.0,56.983333333333334,8.084064815473629e-10,6.557222702760236e-10,3.146071817361634e-12
205200.0,57.0,8.081213193220049e-10,6.554870579815091e-10,3.1453274764924e-12
205260.0,57.016666666666666,8.078363499841964e-10,6.552520068407945e-10,3.144583940106253e-12
205320.0,57.03333333333333,8.075515731214062e-10,6.550171165110343e-10,3.143841206361488e-12
205380.0,57.05,8.072669886603775e-10,6.547823869272724e-10,3.143099274396401e-12
205440.0,57.06666666666667,8.069825964095439e-10,6.545478179276624e-10,3.1423581429948583e-12
205500.0,57.083333333333336,8.06698396179922e-10,6.543134093524823e-10,3.141617810951845e-12
205560.0,57.1,8.064143877787053e-10,6.540791610389038e-10,3.1408782770537615e-12
205620.0,57.11666666666667,8.061305710159104e-10,6.538450728264072e-10,3.1401395401000235e-12
205680.0,57.13333333333333,8.058469457021841e-10,6.536111445549984e-10,3.1394015988920843e-12
205740.0,57.15,8.055635116482647e-10,6.533773760647656e-10,3.1386644522333877e-12
205800.0,57.166666666666664,8.052802686651562e-10,6.531437671960262e-10,3.1379280989296495e-12
205860.0,57.18333333333333,8.049972166705379e-10,6.529103178764789e-10,3.1371925380835833e-12
205920.0,57.2,8.047143552554708e-10,6.526770277663231e-10,3.136457767881696e-12
205980.0,57.21666666666667,8.044316843484992e-10,6.524438968021527e-10,3.1357237874823453e-12
206040.0,57.233333333333334,8.041492037605358e-10,6.522109248242456e-10,3.134990595692544e-12
206100.0,57.25,8.038669133050339e-10,6.519781116749542e-10,3.134258191330166e-12
206160.0,57.266666666666666,8.035848127916725e-10,6.51745457193571e-10,3.133526573204659e-12
206220.0,57.28333333333333,8.033029020329064e-10,6.515129612216633e-10,3.1327957401382624e-12
206280.0,57.3,8.030211808418278e-10,6.512806236013197e-10,3.13206569095526e-12
206340.0,57.31666666666667,8.027396490316055e-10,6.510484441747105e-10,3.1313364244817655e-12
206400.0,57.333333333333336,8.024583064156781e-10,6.508164227842255e-10,3.130607939546218e-12
206460.0,57.35,8.021771529136384e-10,6.505845593592136e-10,3.1298802352715857e-12
206520.0,57.36666666666667,8.01896188120099e-10,6.503528535628752e-10,3.1291533098720546e-12
206580.0,57.38333333333333,8.016154119653598e-10,6.501213053333291e-10,3.1284271625255467e-12
206640.0,57.4,8.013348242627894e-10,6.498899145129364e-10,3.1277017920616805e-12
206700.0,57.416666666666664,8.010544248282251e-10,6.49658680946096e-10,3.126977197320731e-12
206760.0,57.43333333333333,8.007742134737965e-10,6.494276044741864e-10,3.1262533771346178e-12
206820.0,57.45,8.00494190014362e-10,6.491966849408294e-10,3.1255303303479114e-12
206880.0,57.46666666666667,8.002143542654128e-10,6.489659221901616e-10,3.124808055807152e-12
206900.06493837715,57.47224026066032,8.001208146652626e-10,6.488887864723386e-10,3.1245666880117715e-12
