time_s,mean_moisture,cumulative_loss,residual
0.0,2.55,0.0,0.0
1.0,2.5497978528123264,0.0002021471876740039,4.440892098500626e-16
2.0,2.5495963344569796,0.00040366554302046073,4.440892098500626e-16
3.0,2.549395419396731,0.000604580603268664,0.0
4.0,2.5491950836156114,0.0008049163843883393,0.0
5.0,2.5489953045176184,0.0010046954823815487,0.0
6.0,2.548796060832558,0.0012039391674414793,-4.440892098500626e-16
7.0,2.548597332528502,0.0014026674714980754,4.440892098500626e-16
8.0,2.548399100730368,0.0016008992696318494,0.0
9.0,2.548201347644199,0.001798652355801428,4.440892098500626e-16
10.0,2.5480040564867026,0.0019959435132972836,0.0
11.0,2.547807211419696,0.002192788580303455,-4.440892098500626e-16
12.0,2.5476107974890794,0.002389202510920699,4.440892098500626e-16
13.0,2.547414800568022,0.0025851994319783084,4.440892098500626e-16
14.0,2.5472192073040625,0.0027807926959375557,0.0
15.0,2.5470240050698325,0.002975994930167305,0.0
16.0,2.5468291819171487,0.003170818082851594,4.440892098500626e-16
17.0,2.54663472653423,0.0033652734657698,0.0
18.0,2.5464406282058274,0.0035593717941722752,0.0
19.0,2.546246876776042,0.003753123223957934,0.0
20.0,2.5460534626136546,0.003946537386345113,0.0
21.0,2.5458603765797867,0.004139623420212998,0.0
22.0,2.545667609997722,0.004332390002277941,0.0
23.0,2.545475154624743,0.004524845375256991,0.0
24.0,2.5452830026258404,0.004716997374159862,4.440892098500626e-16
25.0,2.5450911465491597,0.0049088534508403055,0.0
26.0,2.5448995793030718,0.005100420696928331,4.440892098500626e-16
27.0,2.544708294134745,0.005291705865255952,8.881784197001252e-16
28.0,2.5445172846101194,0.005482715389880979,4.440892098500626e-16
29.0,2.544326544595194,0.005673455404805843,0.0
30.0,2.5441360682385183,0.005863931761481492,0.0
31.0,2.5439458499548206,0.006054150045179905,8.881784197001252e-16
32.0,2.543755884409687,0.006244115590312835,0.0
33.0,2.5435661665052307,0.006433833494768773,-4.440892098500626e-16
34.0,2.543376691366665,0.006623308633335118,4.440892098500626e-16
35.0,2.543187454329732,0.00681254567026765,0.0
36.0,2.5429984509289354,0.007001549071065108,8.881784197001252e-16
37.0,2.5428096768864976,0.007190323113502506,4.440892098500626e-16
38.0,2.542621128102027,0.007378871897973126,0.0
39.0,2.5424328006428145,0.007567199357185498,0.0
40.0,2.5422446907347416,0.0077553092652585635,4.440892098500626e-16
41.0,2.542056794753745,0.007943205246255062,4.440892098500626e-16
42.0,2.54186910921781,0.008130890782190515,8.881784197001252e-16
43.0,2.541681630779448,0.008318369220552457,4.440892098500626e-16
44.0,2.541494356218638,0.008505643781362246,4.440892098500626e-16
45.0,2.5413072824361906,0.008692717563809519,4.440892098500626e-16
46.0,2.5411204064475124,0.008879593552487264,0.0
47.0,2.540933725376747,0.009066274623253575,8.881784197001252e-16
48.0,2.540747236451256,0.009252763548744358,4.440892098500626e-16
49.0,2.5405609369964406,0.009439063003559602,4.440892098500626e-16
50.0,2.5403748244308555,0.00962517556914427,0.0
51.0,2.540188896261617,0.009811103738383438,4.440892098500626e-16
52.0,2.54000315008007,0.009996849919929985,4.440892098500626e-16
53.0,2.539817583557718,0.010182416442281874,0.0
54.0,2.539632194442375,0.010367805557624952,4.440892098500626e-16
55.0,2.539446980554544,0.010553019445456092,4.440892098500626e-16
56.0,2.539261939784,0.010738060216000496,8.881784197001252e-16
57.0,2.539077070086564,0.010922929913436102,0.0
58.0,2.538892369481063,0.011107630518937133,0.0
59.0,2.538707836046452,0.011292163953548023,4.440892098500626e-16
60.0,2.5385234679191018,0.011476532080898258,0.0
61.0,2.5383392633601765,0.01166073663982388,4.440892098500626e-16
62.0,2.538155220702933,0.011844779297067206,4.440892098500626e-16
63.0,2.5379713382406575,0.012028661759342571,0.0
64.0,2.537787614314615,0.012212385685385253,4.440892098500626e-16
65.0,2.5376040473119934,0.012395952688006735,4.440892098500626e-16
66.0,2.5374206356639593,0.012579364336040797,4.440892098500626e-16
67.0,2.537237377843813,0.012762622156186969,0.0
68.0,2.5370542723652423,0.012945727634757485,0.0
69.0,2.5368713177806668,0.013128682219333452,4.440892098500626e-16
70.0,2.5366885126796643,0.01331148732033562,0.0
71.0,2.536505855687486,0.013494144312514732,1.3322676295501878e-15
72.0,2.536323345463635,0.0136766545363662,1.3322676295501878e-15
73.0,2.536140980700527,0.013859019299473443,8.881784197001252e-16
74.0,2.5359587601222158,0.014041239877784098,0.0
75.0,2.5357766824831773,0.014223317516822894,4.440892098500626e-16
76.0,2.5355947465671553,0.014405253432844834,4.440892098500626e-16
77.0,2.5354129511860686,0.014587048813932095,8.881784197001252e-16
78.0,2.5352312951789626,0.014768704821037804,4.440892098500626e-16
79.0,2.5350497774110208,0.014950222588979706,4.440892098500626e-16
80.0,2.5348683967726138,0.015131603227386499,4.440892098500626e-16
81.0,2.5346871521784013,0.015312847821599487,8.881784197001252e-16
82.0,2.5345060425664685,0.015493957433532006,8.881784197001252e-16
83.0,2.534325066897512,0.015674933102488946,8.881784197001252e-16
84.0,2.534144224154052,0.015855775845948574,8.881784197001252e-16
85.0,2.5339635133396916,0.01603648666030863,4.440892098500626e-16
86.0,2.5337829334784017,0.01621706652159874,4.440892098500626e-16
87.0,2.5336024836138398,0.01639751638616082,8.881784197001252e-16
88.0,2.533422162808701,0.01657783719129927,4.440892098500626e-16
89.0,2.5332419701440987,0.01675802985590253,1.3322676295501878e-15
90.0,2.533061904718963,0.016938095281037478,4.440892098500626e-16
91.0,2.5328819656494828,0.017118034350518105,8.881784197001252e-16
92.0,2.5327021520685498,0.017297847931449853,0.0
93.0,2.5325224631252494,0.017477536874750742,4.440892098500626e-16
94.0,2.5323428979843494,0.01765710201565063,4.440892098500626e-16
95.0,2.5321634558258306,0.01783654417416958,4.440892098500626e-16
96.0,2.531984135844424,0.018015864155576492,8.881784197001252e-16
97.0,2.5318049372491713,0.018195062750828918,4.440892098500626e-16
98.0,2.5316258592630057,0.01837414073699506,8.881784197001252e-16
99.0,2.531446901122342,0.01855309887765873,8.881784197001252e-16
100.0,2.531268062076693,0.018731937923308274,1.3322676295501878e-15
101.0,2.5310893413882902,0.018910658611710037,4.440892098500626e-16
102.0,2.5309107383317335,0.01908926166826732,8.881784197001252e-16
103.0,2.5307322521936353,0.019267747806365337,8.881784197001252e-16
104.0,2.5305538822722977,0.019446117727703,8.881784197001252e-16
105.0,2.530375627877388,0.019624372122612057,4.440892098500626e-16
106.0,2.5301974883296365,0.019802511670364217,8.881784197001252e-16
107.0,2.5300194629605333,0.019980537039466794,4.440892098500626e-16
108.0,2.529841551112053,0.020158448887947423,8.881784197001252e-16
109.0,2.529663752136372,0.02033624786362837,4.440892098500626e-16
110.0,2.5294860653956097,0.020513934604390847,8.881784197001252e-16
111.0,2.5293084902615703,0.020691509738429873,4.440892098500626e-16
112.0,2.5291310261155004,0.02086897388449999,4.440892098500626e-16
113.0,2.528953672347849,0.02104632765215237,1.3322676295501878e-15
114.0,2.528776428358037,0.021223571641963587,8.881784197001252e-16
115.0,2.528599293554244,0.02140070644575648,4.440892098500626e-16
116.0,2.528422267353188,0.021577732646813445,1.7763568394002505e-15
117.0,2.5282453491799184,0.021754650820082447,8.881784197001252e-16
118.0,2.5280685384676245,0.021931461532376108,8.881784197001252e-16
119.0,2.527891834657437,0.022108165342564125,1.3322676295501878e-15
120.0,2.527715237198242,0.02228476280175936,1.7763568394002505e-15
121.0,2.5275387455231884,0.02246125447681246,8.881784197001252e-16
122.0,2.5273623590662733,0.02263764093372783,1.3322676295501878e-15
123.0,2.5271860772987593,0.022813922701241454,8.881784197001252e-16
124.0,2.5270098996989763,0.022990100301024458,8.881784197001252e-16
125.0,2.5268338257521603,0.023166174247840742,1.3322676295501878e-15
126.0,2.526657854950302,0.023342145049699663,1.7763568394002505e-15
127.0,2.5264819867919965,0.023518013208003962,8.881784197001252e-16
128.0,2.5263062207823075,0.023693779217693202,8.881784197001252e-16
129.0,2.5261305564326184,0.023869443567382766,1.3322676295501878e-15
130.0,2.5259549932605028,0.024045006739498734,1.7763568394002505e-15
131.0,2.525779530789592,0.024220469210408643,4.440892098500626e-16
132.0,2.525604168549452,0.024395831450548435,8.881784197001252e-16
133.0,2.5254289060754562,0.02457109392454564,2.220446049250313e-15
134.0,2.525253742908663,0.02474625709133892,1.7763568394002505e-15
135.0,2.5250786785957073,0.024921321404294247,1.7763568394002505e-15
136.0,2.5249037126886837,0.02509628731131768,1.7763568394002505e-15
137.0,2.5247288447450367,0.025271155254964924,1.7763568394002505e-15
138.0,2.5245540743274537,0.02544592567254788,1.7763568394002505e-15
139.0,2.5243794010037632,0.025620598996238093,1.3322676295501878e-15
140.0,2.524204824346834,0.025795175653167447,1.7763568394002505e-15
141.0,2.5240303439344745,0.025969656065526002,4.440892098500626e-16
142.0,2.523855959349344,0.026144040650657202,1.3322676295501878e-15
143.0,2.52368167017885,0.026318329821150486,8.881784197001252e-16
144.0,2.523507476015069,0.02649252398493142,8.881784197001252e-16
145.0,2.523333376454651,0.026666623545349443,8.881784197001252e-16
146.0,2.5231593710987386,0.026840628901263215,1.7763568394002505e-15
147.0,2.5229854595528773,0.02701454044712385,1.3322676295501878e-15
148.0,2.522811641426945,0.027188358573055862,8.881784197001252e-16
149.0,2.5226379163350647,0.027362083664936112,8.881784197001252e-16
150.0,2.52246428389553,0.027535716104470656,8.881784197001252e-16
151.0,2.5222907437307316,0.027709256269269684,1.3322676295501878e-15
152.0,2.5221172954670807,0.02788270453292056,1.3322676295501878e-15
153.0,2.5219439387349425,0.028056061265059013,1.7763568394002505e-15
154.0,2.5217706731685627,0.028229326831438573,1.3322676295501878e-15
155.0,2.521597498406003,0.028402501593998285,1.3322676295501878e-15
156.0,2.521424414089072,0.02857558591092878,8.881784197001252e-16
157.0,2.5212514198632645,0.02874858013673672,1.3322676295501878e-15
158.0,2.521078515377693,0.028921484622307654,8.881784197001252e-16
159.0,2.5209057002850335,0.029094299714967478,1.3322676295501878e-15
160.0,2.5207329742414584,0.029267025758542276,8.881784197001252e-16
161.0,2.520560336906583,0.02943966309341687,4.440892098500626e-16
162.0,2.5203877879434087,0.029612212056591952,8.881784197001252e-16
163.0,2.5202153270182612,0.02978467298173987,1.3322676295501878e-15
164.0,2.5200429538007416,0.029957046199259166,8.881784197001252e-16
165.0,2.519870667963673,0.030129332036327772,8.881784197001252e-16
166.0,2.5196984691830457,0.030301530816955108,8.881784197001252e-16
167.0,2.5195263571379676,0.030473642862032916,8.881784197001252e-16
168.0,2.519354331510616,0.03064566848938497,1.3322676295501878e-15
169.0,2.519182391986186,0.03081760801381568,1.7763568394002505e-15
170.0,2.519010538252843,0.030989461747157613,8.881784197001252e-16
171.0,2.5188387700016825,0.031161229998317996,8.881784197001252e-16
172.0,2.5186670869266767,0.031332913073324094,8.881784197001252e-16
173.0,2.518495488724634,0.031504511275367755,1.7763568394002505e-15
174.0,2.5183239750951527,0.03167602490484884,1.7763568394002505e-15
175.0,2.5181525457405827,0.03184745425941783,8.881784197001252e-16
176.0,2.5179812003659836,0.03201879963401748,1.3322676295501878e-15
177.0,2.5178099386790773,0.03219006132092356,8.881784197001252e-16
178.0,2.517638760390216,0.03236123960978475,8.881784197001252e-16
179.0,2.51746766521234,0.03253233478766181,1.7763568394002505e-15
180.0,2.517296652860935,0.03270334713906571,8.881784197001252e-16
181.0,2.5171257230773207,0.0328742769226805,1.3322676295501878e-15
182.0,2.5169548756118427,0.033045124388158174,8.881784197001252e-16
183.0,2.5167841101872552,0.033215889812745314,8.881784197001252e-16
184.0,2.5166134265287234,0.03338657347127787,1.3322676295501878e-15
185.0,2.516442824363785,0.033557175636216005,8.881784197001252e-16
186.0,2.516272303422322,0.03372769657767823,4.440892098500626e-16
187.0,2.5161018634365258,0.033898136563474866,8.881784197001252e-16
188.0,2.5159315041408608,0.03406849585914076,1.7763568394002505e-15
189.0,2.515761225272034,0.03423877472796742,1.3322676295501878e-15
190.0,2.5155910265689663,0.034408973431034454,8.881784197001252e-16
191.0,2.5154209077727603,0.03457909222724044,8.881784197001252e-16
192.0,2.515250868626668,0.034749131373333096,1.3322676295501878e-15
193.0,2.5150809088760626,0.03491909112393899,1.7763568394002505e-15
194.0,2.5149110282684086,0.03508897173159256,1.3322676295501878e-15
195.0,2.5147412265532365,0.035258773446764584,1.3322676295501878e-15
196.0,2.5145715034821103,0.03542849651789018,8.881784197001252e-16
197.0,2.5144018588086046,0.03559814119139618,8.881784197001252e-16
198.0,2.5142322922882725,0.03576770771172806,8.881784197001252e-16
199.0,2.5140628036786246,0.03593719632137629,8.881784197001252e-16
200.0,2.5138933927390994,0.03610660726090226,1.7763568394002505e-15
201.0,2.5137240592310373,0.03627594076896365,8.881784197001252e-16
202.0,2.5135548029176613,0.03644519708233939,8.881784197001252e-16
203.0,2.513385623564047,0.03661437643595413,1.3322676295501878e-15
204.0,2.5132165209370982,0.03678347906290228,8.881784197001252e-16
205.0,2.5130474948055297,0.036952505194471554,1.3322676295501878e-15
206.0,2.5128785449398348,0.03712145506016621,1.3322676295501878e-15
207.0,2.5127096711122707,0.037290328887729714,4.440892098500626e-16
208.0,2.5125408730968335,0.037459126903167134,8.881784197001252e-16
209.0,2.5123721506692336,0.03762784933076704,8.881784197001252e-16
210.0,2.5122035036068784,0.037796496393123075,1.7763568394002505e-15
211.0,2.512034931688846,0.03796506831115511,1.3322676295501878e-15
212.0,2.5118664346958717,0.038133565304130077,1.7763568394002505e-15
213.0,2.511698012410319,0.03830198758968233,1.3322676295501878e-15
214.0,2.5115296646161664,0.038470335383833834,4.440892098500626e-16
215.0,2.5113613910989874,0.038638608901013775,1.3322676295501878e-15
216.0,2.5111931916459223,0.038806808354078036,4.440892098500626e-16
217.0,2.5110250660456725,0.03897493395432828,8.881784197001252e-16
218.0,2.5108570140884696,0.039142985911530606,4.440892098500626e-16
219.0,2.510689035566067,0.03931096443393406,1.3322676295501878e-15
220.0,2.5105211302717123,0.03947886972828868,1.3322676295501878e-15
221.0,2.5103532980001377,0.039646701999863344,1.3322676295501878e-15
222.0,2.5101855385475376,0.03981446145246324,8.881784197001252e-16
223.0,2.5100178517115532,0.0399821482884472,4.440892098500626e-16
224.0,2.509850237291256,0.04014976270874446,8.881784197001252e-16
225.0,2.50968269508713,0.04031730491287151,1.3322676295501878e-15
226.0,2.5095152249010533,0.04048477509894838,1.7763568394002505e-15
227.0,2.509347826536286,0.04065217346371477,8.881784197001252e-16
228.0,2.509180499797455,0.04081950020254594,1.3322676295501878e-15
229.0,2.509013244490533,0.04098675550946826,1.3322676295501878e-15
230.0,2.5088460604228264,0.04115393957717468,1.3322676295501878e-15
231.0,2.5086789474029616,0.04132105259703973,1.3322676295501878e-15
232.0,2.508511905240866,0.04148809475913445,8.881784197001252e-16
233.0,2.5083449337477597,0.04165506625224104,8.881784197001252e-16
234.0,2.5081780327361334,0.041821967263867214,8.881784197001252e-16
235.0,2.5080112020197407,0.04198879798026044,1.3322676295501878e-15
236.0,2.507844441413579,0.04215555858642189,8.881784197001252e-16
237.0,2.5076777507338806,0.04232224926612016,8.881784197001252e-16
238.0,2.507511129798096,0.04248887020190483,8.881784197001252e-16
239.0,2.507344578424881,0.042655421575119784,8.881784197001252e-16
240.0,2.5071780964340844,0.04282190356591635,8.881784197001252e-16
241.0,2.5070116835826193,0.0429883164173815,8.881784197001252e-16
242.0,2.5068453396105346,0.0431546603894656,4.440892098500626e-16
243.0,2.50667906434163,0.04332093565837035,4.440892098500626e-16
244.0,2.506512857600828,0.043487142399172354,4.440892098500626e-16
245.0,2.506346719214166,0.04365328078583429,4.440892098500626e-16
246.0,2.5061806490087846,0.04381935099121611,8.881784197001252e-16
247.0,2.5060146468129147,0.04398535318708591,8.881784197001252e-16
248.0,2.5058487124558693,0.0441512875441309,4.440892098500626e-16
249.0,2.505682845768032,0.044317154231968026,0.0
250.0,2.505517046580845,0.04448295341915466,0.0
251.0,2.5053513147268007,0.04464868527319904,0.0
252.0,2.5051856500394294,0.04481434996057063,0.0
253.0,2.50502005235329,0.044979947646710365,8.881784197001252e-16
254.0,2.5048545215039595,0.04514547849604082,4.440892098500626e-16
255.0,2.504689057328024,0.045310942671976155,4.440892098500626e-16
256.0,2.5045236596630684,0.045476340336931986,4.440892098500626e-16
257.0,2.5043583283476654,0.045641671652335174,8.881784197001252e-16
258.0,2.5041930632213667,0.04580693677863346,4.440892098500626e-16
259.0,2.5040278641246956,0.04597213587530499,8.881784197001252e-16
260.0,2.503862730899132,0.0461372691008677,0.0
261.0,2.5036976633871126,0.04630233661288863,1.3322676295501878e-15
262.0,2.5035326614320073,0.046467338567993115,4.440892098500626e-16
263.0,2.503367724878126,0.04663227512187384,0.0
264.0,2.5032028535707,0.04679714642929977,-4.440892098500626e-16
265.0,2.5030380473558753,0.04696195264412502,4.440892098500626e-16
266.0,2.5028733060807022,0.04712669391929757,0.0
267.0,2.5027086295931324,0.04729137040686795,4.440892098500626e-16
268.0,2.502544017742002,0.04745598225799765,0.0
269.0,2.502379470377033,0.04762052962296768,4.440892098500626e-16
270.0,2.5022149873488138,0.04778501265118672,4.440892098500626e-16
271.0,2.502050568508801,0.04794943149119944,4.440892098500626e-16
272.0,2.5018862137093048,0.048113786290694606,-4.440892098500626e-16
273.0,2.501721922803487,0.04827807719651298,0.0
274.0,2.501557695645345,0.04844230435465535,4.440892098500626e-16
275.0,2.50139353208971,0.048606467910290295,4.440892098500626e-16
276.0,2.501229431992239,0.048770568007761826,8.881784197001252e-16
277.0,2.5010653952094026,0.04893460479059713,0.0
278.0,2.5009014215984857,0.049098578401514006,0.0
279.0,2.5007375110175722,0.049262488982428285,8.881784197001252e-16
280.0,2.5005736633255395,0.04942633667446123,8.881784197001252e-16
281.0,2.500409878382053,0.04959012161794675,0.0
282.0,2.5002461560475613,0.049753843952438544,0.0
283.0,2.500082496183283,0.04991750381671724,4.440892098500626e-16
284.0,2.4999188986512024,0.05008110134879726,0.0
285.0,2.4997553633140663,0.05024463668593384,4.440892098500626e-16
286.0,2.49959189003537,0.050408109964629785,0.0
287.0,2.499428478679358,0.05057152132064219,4.440892098500626e-16
288.0,2.49926512911101,0.05073487088898913,-4.440892098500626e-16
289.0,2.499101841196043,0.05089815880395622,-4.440892098500626e-16
290.0,2.4989386148008967,0.05106138519910308,0.0
291.0,2.4987754497927304,0.05122455020726977,4.440892098500626e-16
292.0,2.4986123460394167,0.05138765396058315,0.0
293.0,2.498449303409536,0.051550696590463053,-8.881784197001252e-16
294.0,2.4982863217723708,0.051713678227628575,-4.440892098500626e-16
295.0,2.498123400997895,0.051876599002104125,-8.881784197001252e-16
296.0,2.497960540956774,0.052039459043225454,-4.440892098500626e-16
297.0,2.497797741520354,0.05220225847964566,-4.440892098500626e-16
298.0,2.497635002560659,0.052364997439341046,4.440892098500626e-16
299.0,2.497472323950382,0.05252767604961696,-4.440892098500626e-16
300.0,2.4973097055628863,0.052690294437113566,0.0
301.0,2.4971471472838456,0.05285285271615417,0.0
302.0,2.49698464900287,0.05301535099712998,0.0
303.0,2.4968222105951985,0.05317778940480101,-4.440892098500626e-16
304.0,2.496659831936718,0.05334016806328141,-4.440892098500626e-16
305.0,2.4964975129039546,0.05350248709604502,0.0
306.0,2.496335253374069,0.05366474662593089,0.0
307.0,2.4961730532248514,0.053826946775148724,4.440892098500626e-16
308.0,2.496010912334715,0.053989087665284305,-4.440892098500626e-16
309.0,2.495848830582695,0.05415116941730473,0.0
310.0,2.495686807848436,0.05431319215156374,0.0
311.0,2.4955248440121927,0.05447515598780681,-4.440892098500626e-16
312.0,2.4953629389548238,0.054637061045176336,4.440892098500626e-16
313.0,2.4952010925577834,0.054798907442216604,0.0
314.0,2.4950393047031203,0.054960695296878866,-4.440892098500626e-16
315.0,2.4948775752734735,0.0551224247265262,0.0
316.0,2.494715904152061,0.05528409584793838,-4.440892098500626e-16
317.0,2.4945542912226837,0.05544570877731671,4.440892098500626e-16
318.0,2.4943927363697114,0.05560726363028877,4.440892098500626e-16
319.0,2.494231239478087,0.0557687605219131,0.0
320.0,2.494069800433316,0.0559301995666838,0.0
321.0,2.4939084191214644,0.056091580878535136,-4.440892098500626e-16
322.0,2.493747095429153,0.05625290457084614,-8.881784197001252e-16
323.0,2.493585829243555,0.05641417075644495,0.0
324.0,2.493424620452387,0.05657537954761334,4.440892098500626e-16
325.0,2.4932634689439097,0.05673653105609105,8.881784197001252e-16
326.0,2.4931023746069196,0.056897625393080055,0.0
327.0,2.4929413373307505,0.057058662669248965,-4.440892098500626e-16
328.0,2.492780357005262,0.057219642994737134,-8.881784197001252e-16
329.0,2.4926194335208405,0.05738056647915888,-4.440892098500626e-16
330.0,2.492458566768392,0.0575414332316076,-4.440892098500626e-16
331.0,2.4922977566393403,0.057702243360659884,4.440892098500626e-16
332.0,2.4921370030256207,0.05786299697437947,4.440892098500626e-16
333.0,2.4919763058196787,0.058023694180321356,0.0
334.0,2.4918156649144647,0.05818433508553565,4.440892098500626e-16
335.0,2.491655080203429,0.05834491979657151,4.440892098500626e-16
336.0,2.4914945515805185,0.05850544841948097,-4.440892098500626e-16
337.0,2.491334078940177,0.058665921059822844,4.440892098500626e-16
338.0,2.4911736621773337,0.058826337822666414,4.440892098500626e-16
339.0,2.491013301187405,0.05898669881259521,4.440892098500626e-16
340.0,2.490852995866289,0.059147004133710664,-4.440892098500626e-16
341.0,2.4906927461103643,0.059307253889635834,4.440892098500626e-16
342.0,2.4905325518164814,0.05946744818351897,4.440892098500626e-16
343.0,2.490372412881963,0.05962758711803711,4.440892098500626e-16
344.0,2.4902123292046,0.05978767079539959,0.0
345.0,2.4900523006826485,0.05994769931735159,4.440892098500626e-16
346.0,2.4898923272148226,0.06010767278517759,4.440892098500626e-16
347.0,2.489732408700295,0.06026759129970475,0.0
348.0,2.489572545038693,0.0604274549613064,-4.440892098500626e-16
349.0,2.489412736130094,0.06058726386990527,-4.440892098500626e-16
350.0,2.4892529818750226,0.06074701812497696,0.0
351.0,2.4890932821744465,0.06090671782555308,-4.440892098500626e-16
352.0,2.488933636929775,0.06106636307022461,-4.440892098500626e-16
353.0,2.488774046042855,0.0612259539571451,4.440892098500626e-16
354.0,2.4886145094159655,0.0613854905840338,-4.440892098500626e-16
355.0,2.48845502695182,0.06154497304817891,-8.881784197001252e-16
356.0,2.488295598553559,0.06170440144644062,0.0
357.0,2.4881362241247453,0.06186377587525423,-4.440892098500626e-16
358.0,2.487976903569366,0.062023096430633244,-4.440892098500626e-16
359.0,2.487817636791827,0.06218236320817233,-4.440892098500626e-16
360.0,2.4876584236969497,0.06234157630305038,4.440892098500626e-16
361.0,2.487499264207452,0.06250073579254743,-4.440892098500626e-16
362.0,2.487340158251383,0.06265984174861636,-4.440892098500626e-16
363.0,2.487181105734671,0.0628188942653288,0.0
364.0,2.4870221065636517,0.06297789343634777,-4.440892098500626e-16
365.0,2.486863160645069,0.06313683935493068,-4.440892098500626e-16
366.0,2.486704267886067,0.06329573211393254,0.0
367.0,2.486545428194191,0.0634545718058088,0.0
368.0,2.4863866414773814,0.06361335852261846,0.0
369.0,2.486227907643973,0.06377209235602693,0.0
370.0,2.4860692266026905,0.06393077339730895,-4.440892098500626e-16
371.0,2.4859105982626475,0.06408940173735145,-8.881784197001252e-16
372.0,2.485752022533343,0.06424797746665636,-4.440892098500626e-16
373.0,2.485593499324656,0.06440650067534343,-4.440892098500626e-16
374.0,2.485435028546847,0.06456497145315294,0.0
375.0,2.4852766101105512,0.06472338988944845,0.0
376.0,2.48511824392678,0.06488175607321947,-4.440892098500626e-16
377.0,2.4849599299069154,0.06504007009308413,-4.440892098500626e-16
378.0,2.4848016679627083,0.0651983320372918,4.440892098500626e-16
379.0,2.4846434580062744,0.06535654199372568,4.440892098500626e-16
380.0,2.484485299950095,0.06551470004990535,4.440892098500626e-16
381.0,2.4843271937070104,0.06567280629298938,0.0
382.0,2.484169139190222,0.06583086080977771,0.0
383.0,2.484011136313286,0.06598886368671422,4.440892098500626e-16
384.0,2.48385318499011,0.06614681500988921,-4.440892098500626e-16
385.0,2.483695285134958,0.06630471486504169,-4.440892098500626e-16
386.0,2.483537436662438,0.06646256333756193,0.0
387.0,2.4833796394875063,0.06662036051249377,4.440892098500626e-16
388.0,2.4832218935254633,0.06677810647453693,4.440892098500626e-16
389.0,2.48306419869195,0.06693580130804945,0.0
390.0,2.482906554902949,0.06709344509704981,-8.881784197001252e-16
391.0,2.4827489620747807,0.0672510379252194,4.440892098500626e-16
392.0,2.482591420124096,0.06740857987590465,8.881784197001252e-16
393.0,2.4824339289678803,0.06756607103211927,-4.440892098500626e-16
394.0,2.4822764885234534,0.06772351147654654,0.0
395.0,2.4821190987084587,0.06788090129154141,4.440892098500626e-16
396.0,2.481961759440867,0.06803824055913268,0.0
397.0,2.481804470638975,0.06819552936102519,0.0
398.0,2.4816472322213983,0.06835276777860189,4.440892098500626e-16
399.0,2.4814900441070744,0.06850995589292597,4.440892098500626e-16
400.0,2.4813329062152567,0.06866709378474292,0.0
401.0,2.4811758184655166,0.06882418153448262,-4.440892098500626e-16
402.0,2.4810187807777386,0.06898121922226136,0.0
403.0,2.4808617930721155,0.06913820692788387,-4.440892098500626e-16
404.0,2.4807048552691544,0.0692951447308453,0.0
405.0,2.480547967289667,0.06945203271033326,4.440892098500626e-16
406.0,2.4803911290547696,0.06960887094522972,-4.440892098500626e-16
407.0,2.480234340485887,0.069765659514113,0.0
408.0,2.48007760150474,0.06992239849525968,-4.440892098500626e-16
409.0,2.4799209120333527,0.07007908796664651,-4.440892098500626e-16
410.0,2.479764271994047,0.07023572800595236,-4.440892098500626e-16
411.0,2.4796076813094396,0.07039231869055998,0.0
412.0,2.4794511399024417,0.070548860097558,0.0
413.0,2.4792946476962574,0.07070535230374261,0.0
414.0,2.47913820461438,0.07086179538561958,-4.440892098500626e-16
415.0,2.4789818105805934,0.07101818941940592,-4.440892098500626e-16
416.0,2.478825465518968,0.07117453448103166,-4.440892098500626e-16
417.0,2.478669169353857,0.0713308306461418,-8.881784197001252e-16
418.0,2.4785129220099016,0.07148707799009789,-4.440892098500626e-16
419.0,2.4783567234120185,0.07164327658797989,-1.3322676295501878e-15
420.0,2.478200573485411,0.0717994265145878,-1.3322676295501878e-15
421.0,2.478044472167212,0.07195552783278616,-1.3322676295501878e-15
422.0,2.477888419398114,0.07211158060188477,-8.881784197001252e-16
423.0,2.4777324151040636,0.0722675848959359,-4.440892098500626e-16
424.0,2.4775764592112837,0.07242354078871563,-4.440892098500626e-16
425.0,2.477420551646273,0.07257944835372575,-8.881784197001252e-16
426.0,2.4772646923358033,0.07273530766419553,-8.881784197001252e-16
427.0,2.4771088812069144,0.07289111879308348,-1.7763568394002505e-15
428.0,2.4769531181869193,0.07304688181307913,-1.3322676295501878e-15
429.0,2.4767974032033937,0.07320259679660471,-1.3322676295501878e-15
430.0,2.4766417361841824,0.07335826381581688,-4.440892098500626e-16
431.0,2.4764861170573904,0.07351388294260847,-8.881784197001252e-16
432.0,2.4763305457513893,0.07366945424861006,-4.440892098500626e-16
433.0,2.4761750221948073,0.07382497780519164,-8.881784197001252e-16
434.0,2.4760195463165346,0.0739804536834643,-8.881784197001252e-16
435.0,2.4758641180457173,0.07413588195428183,-8.881784197001252e-16
436.0,2.475708737311757,0.07429126268824224,-4.440892098500626e-16
437.0,2.4755534040443097,0.07444659595568937,-8.881784197001252e-16
438.0,2.4753981181732843,0.07460188182671448,-8.881784197001252e-16
439.0,2.4752428796288406,0.07475712037115781,-1.3322676295501878e-15
440.0,2.475087688341389,0.07491231165860998,-8.881784197001252e-16
441.0,2.4749325442415855,0.07506745575841366,-8.881784197001252e-16
442.0,2.474777447260334,0.07522255273966494,-8.881784197001252e-16
443.0,2.4746223973287838,0.07537760267121489,-1.3322676295501878e-15
444.0,2.4744673943783275,0.07553260562167095,-1.3322676295501878e-15
445.0,2.474312438340601,0.07568756165939848,-4.440892098500626e-16
446.0,2.4741575291474764,0.07584247085252209,-1.3322676295501878e-15
447.0,2.4740026667310713,0.07599733326892714,-1.3322676295501878e-15
448.0,2.473847851023737,0.07615214897626112,-1.7763568394002505e-15
449.0,2.4736930819580634,0.07630691804193501,-1.3322676295501878e-15
450.0,2.473538359466873,0.07646164053312474,-1.7763568394002505e-15
451.0,2.4733836834832257,0.07661631651677246,-1.7763568394002505e-15
452.0,2.47322905394041,0.07677094605958806,-1.7763568394002505e-15
453.0,2.4730744707719476,0.07692552922805035,-1.7763568394002505e-15
454.0,2.47291993391159,0.0770800660884084,-1.3322676295501878e-15
455.0,2.4727654432933153,0.07723455670668299,-1.7763568394002505e-15
456.0,2.472610998851331,0.07738900114866776,-8.881784197001252e-16
457.0,2.472456600520068,0.07754339947993069,-8.881784197001252e-16
458.0,2.472302248234183,0.0776977517658152,-1.7763568394002505e-15
459.0,2.4721479419285566,0.07785205807144155,-1.7763568394002505e-15
460.0,2.4719936815382906,0.07800631846170804,-1.3322676295501878e-15
461.0,2.471839466998706,0.07816053300129237,-1.3322676295501878e-15
462.0,2.4716852982453457,0.0783147017546527,-1.3322676295501878e-15
463.0,2.4715311752139693,0.07846882478602904,-1.3322676295501878e-15
464.0,2.4713770978405534,0.07862290215944438,-2.220446049250313e-15
465.0,2.471223066061292,0.07877693393870597,-1.7763568394002505e-15
466.0,2.4710690798125916,0.07893092018740645,-1.7763568394002505e-15
467.0,2.4709151390310735,0.07908486096892513,-1.3322676295501878e-15
468.0,2.4707612436535693,0.07923875634642914,-1.3322676295501878e-15
469.0,2.4706073936171236,0.07939260638287449,-1.7763568394002505e-15
470.0,2.470453588858991,0.07954641114100737,-1.3322676295501878e-15
471.0,2.4702998293166334,0.07970017068336528,-1.3322676295501878e-15
472.0,2.4701461149277204,0.07985388507227824,-1.3322676295501878e-15
473.0,2.4699924456301288,0.08000755436986963,-1.3322676295501878e-15
474.0,2.469838821361941,0.08016117863805775,-1.3322676295501878e-15
475.0,2.4696852420614426,0.0803147579385565,-8.881784197001252e-16
476.0,2.4695317076671213,0.08046829233287692,-1.7763568394002505e-15
477.0,2.4693782181176704,0.08062178188232788,-1.3322676295501878e-15
478.0,2.469224773351981,0.0807752266480175,-8.881784197001252e-16
479.0,2.4690713733091445,0.08092862669085407,-1.3322676295501878e-15
480.0,2.4689180179284516,0.08108198207154707,-1.3322676295501878e-15
481.0,2.468764707178534,0.08123529282146508,-4.440892098500626e-16
482.0,2.468611441036414,0.08138855896358453,-1.3322676295501878e-15
483.0,2.468458219441769,0.08154178055822944,-1.7763568394002505e-15
484.0,2.4683050423344777,0.08169495766552173,-4.440892098500626e-16
485.0,2.468151909654616,0.08184809034538293,-8.881784197001252e-16
486.0,2.467998821342463,0.08200117865753521,-1.3322676295501878e-15
487.0,2.4678457773384945,0.08215422266150316,-2.220446049250313e-15
488.0,2.467692777583384,0.08230722241661484,-8.881784197001252e-16
489.0,2.4675398220179954,0.08246017798200314,-1.3322676295501878e-15
490.0,2.467386910583391,0.08261308941660721,-1.3322676295501878e-15
491.0,2.467234043220825,0.08276595677917362,-1.3322676295501878e-15
492.0,2.467081219871741,0.08291878012825754,-1.3322676295501878e-15
493.0,2.466928440477774,0.08307155952222416,-1.7763568394002505e-15
494.0,2.466775704980748,0.08322429501924965,-2.220446049250313e-15
495.0,2.466623013322675,0.08337698667732248,-2.220446049250313e-15
496.0,2.466470365445754,0.08352963455424466,-1.3322676295501878e-15
497.0,2.4663177612923657,0.08368223870763263,-1.3322676295501878e-15
498.0,2.4661652008050794,0.0838347991949186,-1.7763568394002505e-15
499.0,2.466012683926647,0.08398731607335157,-1.3322676295501878e-15
500.0,2.4658602105999994,0.08413978939999839,-2.220446049250313e-15
501.0,2.4657077807682533,0.0842922192317449,-1.7763568394002505e-15
502.0,2.4655553943747015,0.08444460562529693,-1.3322676295501878e-15
503.0,2.4654030513628173,0.08459694863718135,-1.3322676295501878e-15
504.0,2.4652507516762507,0.08474924832374713,-1.7763568394002505e-15
505.0,2.465098495258831,0.08490150474116633,-2.220446049250313e-15
506.0,2.464946282054563,0.08505371794543512,-1.7763568394002505e-15
507.0,2.4647941120076235,0.08520588799237473,-1.3322676295501878e-15
508.0,2.464641985062366,0.08535801493763243,-1.3322676295501878e-15
509.0,2.4644899011633155,0.08551009883668256,-1.7763568394002505e-15
510.0,2.4643378602551707,0.08566213974482738,-1.7763568394002505e-15
511.0,2.4641858622828003,0.08581413771719808,-1.3322676295501878e-15
512.0,2.4640339071912427,0.08596609280875575,-1.3322676295501878e-15
513.0,2.463881994925705,0.0861180050742922,-2.6645352591003757e-15
514.0,2.4637301254315673,0.08626987456843087,-1.7763568394002505e-15
515.0,2.4635782986543706,0.0864217013456279,-1.3322676295501878e-15
516.0,2.463426514539825,0.0865734854601728,-1.7763568394002505e-15
517.0,2.4632747730338087,0.08672522696618946,-1.7763568394002505e-15
518.0,2.463123074082361,0.08687692591763702,-1.7763568394002505e-15
519.0,2.4629714176316875,0.08702858236831064,-1.7763568394002505e-15
520.0,2.4628198036281552,0.08718019637184253,-2.220446049250313e-15
521.0,2.462668232018295,0.08733176798170258,-2.220446049250313e-15
522.0,2.462516702748798,0.0874832972511994,-2.220446049250313e-15
523.0,2.4623652157665163,0.08763478423348102,-2.6645352591003757e-15
524.0,2.462213771018462,0.08778622898153574,-1.7763568394002505e-15
525.0,2.462062368451805,0.08793763154819297,-1.7763568394002505e-15
526.0,2.4619110080138733,0.08808899198612409,-2.220446049250313e-15
527.0,2.461759689652155,0.0882403103478431,-1.3322676295501878e-15
528.0,2.4616084133142904,0.08839158668570761,-1.7763568394002505e-15
529.0,2.4614571789480784,0.08854282105191943,-2.220446049250313e-15
530.0,2.4613059865014724,0.08869401349852553,-1.7763568394002505e-15
531.0,2.4611548359225797,0.08884516407741873,-1.3322676295501878e-15
532.0,2.46100372715966,0.08899627284033841,-1.3322676295501878e-15
533.0,2.460852660161127,0.08914733983887134,-1.3322676295501878e-15
534.0,2.4607016348755457,0.08929836512445245,-1.7763568394002505e-15
535.0,2.460550651251632,0.08944934874836559,-2.220446049250313e-15
536.0,2.4603997092382537,0.0896002907617442,-1.7763568394002505e-15
537.0,2.460248808784426,0.08975119121557212,-1.7763568394002505e-15
538.0,2.4600979498393136,0.08990205016068424,-1.7763568394002505e-15
539.0,2.4599471323522306,0.09005286764776732,-1.7763568394002505e-15
540.0,2.4597963562726375,0.09020364372736067,-1.7763568394002505e-15
541.0,2.4596456215443125,0.0903543784556855,-1.7763568394002505e-15
542.0,2.4594949281095424,0.09050507189045612,-1.3322676295501878e-15
543.0,2.4593442759182653,0.09065572408173284,-1.7763568394002505e-15
544.0,2.4591936649205652,0.09080633507943282,-1.7763568394002505e-15
545.0,2.4590430950666673,0.09095690493333078,-1.7763568394002505e-15
546.0,2.4588925663069383,0.09110743369305947,-2.220446049250313e-15
547.0,2.4587420785918876,0.09125792140811034,-1.7763568394002505e-15
548.0,2.4585916318721646,0.09140836812783418,-8.881784197001252e-16
549.0,2.4584412260985564,0.0915587739014417,-1.7763568394002505e-15
550.0,2.4582908612219945,0.09170913877800412,-1.3322676295501878e-15
551.0,2.458140537193545,0.09185946280645378,-8.881784197001252e-16
552.0,2.457990253964413,0.09200974603558489,-1.7763568394002505e-15
553.0,2.4578400114859447,0.09215998851405388,-1.3322676295501878e-15
554.0,2.4576898097096183,0.09231019029038022,-1.3322676295501878e-15
555.0,2.4575396485870504,0.09246035141294694,-2.6645352591003757e-15
556.0,2.457389528069997,0.09261047193000123,-1.3322676295501878e-15
557.0,2.457239448110343,0.09276055188965499,-1.7763568394002505e-15
558.0,2.457089408660112,0.09291059133988552,-2.6645352591003757e-15
559.0,2.4569394096714623,0.09306059032853609,-1.3322676295501878e-15
560.0,2.456789451096682,0.09321054890331651,-1.3322676295501878e-15
561.0,2.456639532888195,0.09336046711180364,-1.3322676295501878e-15
562.0,2.4564896549985558,0.09351034500144216,-1.7763568394002505e-15
563.0,2.4563398173804534,0.09366018261954494,-1.3322676295501878e-15
564.0,2.4561900199867033,0.09380998001329387,-2.6645352591003757e-15
565.0,2.456040262770258,0.09395973722974019,-1.3322676295501878e-15
566.0,2.4558905456841926,0.09410945431580517,-2.220446049250313e-15
567.0,2.4557408686817173,0.0942591313182807,-1.7763568394002505e-15
568.0,2.4555912317161686,0.09440876828382994,-1.3322676295501878e-15
569.0,2.4554416347410104,0.09455836525898767,-1.7763568394002505e-15
570.0,2.455292077709836,0.09470792229016103,-2.6645352591003757e-15
571.0,2.455142560576368,0.09485743942363004,-1.7763568394002505e-15
572.0,2.45499308329445,0.0950069167055481,-1.7763568394002505e-15
573.0,2.4548436458180545,0.09515635418194268,-2.6645352591003757e-15
574.0,2.454694248101282,0.09530575189871571,-1.7763568394002505e-15
575.0,2.4545448900983535,0.09545510990164423,-2.220446049250313e-15
576.0,2.4543955717636177,0.09560442823638092,-1.3322676295501878e-15
577.0,2.454246293051543,0.09575370694845464,-2.220446049250313e-15
578.0,2.454097053916727,0.0959029460832709,-1.7763568394002505e-15
579.0,2.453947854313886,0.09605214568611263,-8.881784197001252e-16
580.0,2.453798694197858,0.09620130580214038,-1.7763568394002505e-15
581.0,2.4536495735236055,0.09635042647639312,-1.3322676295501878e-15
582.0,2.4535004922462096,0.09649950775378865,-1.7763568394002505e-15
583.0,2.4533514503208735,0.09664854967912422,-2.220446049250313e-15
584.0,2.453202447702921,0.09679755229707686,-1.7763568394002505e-15
585.0,2.453053484347794,0.09694651565220413,-1.7763568394002505e-15
586.0,2.4529045602110537,0.0970954397889445,-1.7763568394002505e-15
587.0,2.45275567524838,0.09724432475161789,-1.7763568394002505e-15
588.0,2.4526068294155725,0.09739317058442622,-8.881784197001252e-16
589.0,2.452458022668545,0.09754197733145387,-8.881784197001252e-16
590.0,2.4523092549633296,0.09769074503666816,-2.220446049250313e-15
591.0,2.4521605262560784,0.09783947374392007,-1.3322676295501878e-15
592.0,2.4520118365030537,0.09798816349694436,-1.7763568394002505e-15
593.0,2.451863185660638,0.09813681433936043,-1.3322676295501878e-15
594.0,2.4517145736853254,0.09828542631467259,-1.7763568394002505e-15
595.0,2.451566000533728,0.09843399946627066,-1.3322676295501878e-15
596.0,2.4514174661625683,0.09858253383743043,-8.881784197001252e-16
597.0,2.4512689705286834,0.09873102947131415,-2.220446049250313e-15
598.0,2.4511205135890273,0.09887948641097097,-1.7763568394002505e-15
599.0,2.4509720953006613,0.09902790469933749,-8.881784197001252e-16
600.0,2.45082371562076,0.09917628437923819,-1.3322676295501878e-15
601.0,2.450675374425011,0.09932462557498727,-1.7763568394002505e-15
602.0,2.4505270715662637,0.09947292843373498,-1.3322676295501878e-15
603.0,2.4503788070025987,0.09962119299740003,-8.881784197001252e-16
604.0,2.4502305806921867,0.09976941930781155,-1.7763568394002505e-15
605.0,2.45008239259329,0.0999176074067085,-1.3322676295501878e-15
606.0,2.449934242664259,0.10006575733573912,-1.3322676295501878e-15
607.0,2.4497861308635382,0.10021386913646037,-1.3322676295501878e-15
608.0,2.449638057149662,0.10036194285033752,0.0
609.0,2.449490021481255,0.10050997851874371,-1.3322676295501878e-15
610.0,2.4493420238170396,0.10065797618295966,-4.440892098500626e-16
611.0,2.4491940641158254,0.10080593588417328,-1.3322676295501878e-15
612.0,2.4490461423365195,0.10095385766347938,-8.881784197001252e-16
613.0,2.448898258438119,0.10110174156187961,-8.881784197001252e-16
614.0,2.4487504123797166,0.10124958762028204,-1.3322676295501878e-15
615.0,2.448602604120498,0.10139739587950111,-8.881784197001252e-16
616.0,2.448454833619741,0.10154516638025746,-1.3322676295501878e-15
617.0,2.448307100836821,0.10169289916317796,-8.881784197001252e-16
618.0,2.4481594057312033,0.10184059426879541,-1.3322676295501878e-15
619.0,2.44801174826245,0.10198825173754865,-1.3322676295501878e-15
620.0,2.4478641283902163,0.10213587160978252,-8.881784197001252e-16
621.0,2.447716546074251,0.1022834539257478,-8.881784197001252e-16
622.0,2.4475690012743976,0.10243099872560125,-8.881784197001252e-16
623.0,2.4474214939505936,0.10257850604940574,-4.440892098500626e-16
624.0,2.447274024062869,0.10272597593713016,-4.440892098500626e-16
625.0,2.447126591571349,0.1028734084286496,-8.881784197001252e-16
626.0,2.4469791964362537,0.10302080356374542,-8.881784197001252e-16
627.0,2.4468318386178938,0.10316816138210531,-8.881784197001252e-16
628.0,2.446684518076675,0.10331548192332347,-1.3322676295501878e-15
629.0,2.446537234773097,0.10346276522690073,-1.7763568394002505e-15
630.0,2.446389988667754,0.10361001133224462,-1.3322676295501878e-15
631.0,2.4462427797213286,0.10375722027866965,-1.3322676295501878e-15
632.0,2.446095607894602,0.10390439210539743,-4.440892098500626e-16
633.0,2.4459484731484427,0.10405152685155679,-4.440892098500626e-16
634.0,2.445801375443815,0.10419862455618407,-8.881784197001252e-16
635.0,2.445654314741776,0.10434568525822324,-4.440892098500626e-16
636.0,2.445507291003474,0.10449270899652607,0.0
637.0,2.445360304190147,0.10463969580985243,-4.440892098500626e-16
638.0,2.445213354263129,0.10478664573687049,-4.440892098500626e-16
639.0,2.4450664411838425,0.1049335588161569,-4.440892098500626e-16
640.0,2.4449195649138025,0.10508043508619704,-4.440892098500626e-16
641.0,2.444772725414614,0.10522727458538526,-4.440892098500626e-16
642.0,2.4446259226479743,0.10537407735202514,-4.440892098500626e-16
643.0,2.4444791565756696,0.1055208434243297,-4.440892098500626e-16
644.0,2.444332427159577,0.10566757284042165,-8.881784197001252e-16
645.0,2.4441857343616653,0.10581426563833368,-8.881784197001252e-16
646.0,2.444039078143991,0.10596092185600867,-4.440892098500626e-16
647.0,2.4438924584686994,0.10610754153129996,-4.440892098500626e-16
648.0,2.4437458752980272,0.1062541247019717,-8.881784197001252e-16
649.0,2.4435993285943,0.10640067140569892,-8.881784197001252e-16
650.0,2.443452818319931,0.10654718168006798,-8.881784197001252e-16
651.0,2.443306344437422,0.10669365556257683,-8.881784197001252e-16
652.0,2.4431599069093637,0.10684009309063515,-8.881784197001252e-16
653.0,2.4430135056984343,0.10698649430156476,-8.881784197001252e-16
654.0,2.4428671407673987,0.10713285923259985,-1.3322676295501878e-15
655.0,2.442720812079111,0.1072791879208872,-1.7763568394002505e-15
656.0,2.442574519596512,0.10742548040348651,-1.3322676295501878e-15
657.0,2.442428263282628,0.10757173671737075,-8.881784197001252e-16
658.0,2.4422820431005725,0.10771795689942631,-8.881784197001252e-16
659.0,2.4421358590135456,0.1078641409864534,-8.881784197001252e-16
660.0,2.4419897109848328,0.10801028901516622,-8.881784197001252e-16
661.0,2.44184359900112,0.1081564009988787,-1.3322676295501878e-15
662.0,2.441697523055735,0.10830247694426302,-1.7763568394002505e-15
663.0,2.441551483112058,0.1084485168879408,-8.881784197001252e-16
664.0,2.441405479133556,0.10859452086644306,-8.881784197001252e-16
665.0,2.4412595110837882,0.10874048891621065,-8.881784197001252e-16
666.0,2.4411135789264033,0.108886421073595,-1.3322676295501878e-15
667.0,2.4409676826251396,0.10903231737485851,-1.7763568394002505e-15
668.0,2.4408218221438234,0.10917817785617517,-1.3322676295501878e-15
669.0,2.4406759974463674,0.1093240025536311,-1.3322676295501878e-15
670.0,2.440530208496773,0.10946979150322511,-1.7763568394002505e-15
671.0,2.44038445525913,0.10961554474086904,-8.881784197001252e-16
672.0,2.44023873769761,0.10976126230238843,-1.3322676295501878e-15
673.0,2.440093055776476,0.1099069442235229,-8.881784197001252e-16
674.0,2.4399474094600717,0.11005259053992664,-1.3322676295501878e-15
675.0,2.4398017987128298,0.11019820128716881,-1.3322676295501878e-15
676.0,2.4396562234992647,0.1103437765007341,-8.881784197001252e-16
677.0,2.4395106837839755,0.11048931621602304,-1.3322676295501878e-15
678.0,2.4393651795316464,0.1106348204683525,-8.881784197001252e-16
679.0,2.4392197107070426,0.11078028929295612,-1.3322676295501878e-15
680.0,2.4390742772750142,0.11092572272498467,-8.881784197001252e-16
681.0,2.4389288792004926,0.11107112079950643,-8.881784197001252e-16
682.0,2.4387835164484906,0.11121648355150766,-1.7763568394002505e-15
683.0,2.438638188984106,0.11136181101589297,-8.881784197001252e-16
684.0,2.438492896772513,0.11150710322748564,-1.3322676295501878e-15
685.0,2.4383476397789705,0.11165236022102802,-1.3322676295501878e-15
686.0,2.4382024179688164,0.11179758203118198,-1.3322676295501878e-15
687.0,2.4380572313074698,0.11194276869252916,-8.881784197001252e-16
688.0,2.437912079760427,0.11208792023957137,-1.3322676295501878e-15
689.0,2.4377669632932677,0.11223303670673092,-1.3322676295501878e-15
690.0,2.4376218818716473,0.11237811812835109,-1.3322676295501878e-15
691.0,2.4374768354613026,0.11252316453869622,-8.881784197001252e-16
692.0,2.437331824028046,0.11266817597195229,-1.3322676295501878e-15
693.0,2.437186847537771,0.11281315246222716,-1.3322676295501878e-15
694.0,2.437041905956447,0.11295809404355082,-2.220446049250313e-15
695.0,2.436896999250123,0.11310300074987593,-8.881784197001252e-16
696.0,2.4367521273849198,0.11324787261507789,-2.220446049250313e-15
697.0,2.4366072903270433,0.11339270967295535,-1.3322676295501878e-15
698.0,2.436462488042768,0.11353751195723034,-1.3322676295501878e-15
699.0,2.436317720498449,0.11368227950154876,-1.7763568394002505e-15
700.0,2.436172987660518,0.11382701233948057,-1.3322676295501878e-15
701.0,2.436028289495478,0.1139717105045202,-1.3322676295501878e-15
702.0,2.4358836259699124,0.11411637403008676,-8.881784197001252e-16
703.0,2.435738997050474,0.1142610029495243,-1.7763568394002505e-15
704.0,2.435594402703896,0.11440559729610225,-1.3322676295501878e-15
705.0,2.435449842896983,0.11455015710301557,-1.3322676295501878e-15
706.0,2.435305317596613,0.11469468240338511,-1.7763568394002505e-15
707.0,2.435160826769741,0.11483917323025787,-8.881784197001252e-16
708.0,2.435016370383391,0.11498362961660735,-1.3322676295501878e-15
709.0,2.434871948404665,0.11512805159533378,-1.3322676295501878e-15
710.0,2.4347275608007344,0.11527243919926433,-8.881784197001252e-16
711.0,2.4345832075388447,0.11541679246115358,-1.3322676295501878e-15
712.0,2.434438888586315,0.1155611114136835,-1.3322676295501878e-15
713.0,2.434294603910535,0.11570539608946402,-8.881784197001252e-16
714.0,2.4341503534789655,0.11584964652103316,-1.3322676295501878e-15
715.0,2.434006137259141,0.11599386274085731,-1.3322676295501878e-15
716.0,2.433861955218667,0.11613804478133147,-1.3322676295501878e-15
717.0,2.433717807325219,0.1162821926747796,-1.3322676295501878e-15
718.0,2.4335736935465446,0.11642630645345474,-4.440892098500626e-16
719.0,2.433429613850459,0.11657038614953945,-1.3322676295501878e-15
720.0,2.4332855682048526,0.11671443179514601,-1.3322676295501878e-15
721.0,2.433141556606825,0.11685844339317322,-1.3322676295501878e-15
722.0,2.432997579061744,0.11700242093825469,-8.881784197001252e-16
723.0,2.4328536355375006,0.11714636446249782,-1.3322676295501878e-15
724.0,2.4327097260020643,0.11729027399793338,-2.220446049250313e-15
725.0,2.432565850423482,0.11743414957651614,-1.3322676295501878e-15
726.0,2.4324220087698727,0.11757799123012562,-1.3322676295501878e-15
727.0,2.432278201009432,0.11772179899056648,-1.3322676295501878e-15
728.0,2.4321344271104293,0.1178655728895693,-1.3322676295501878e-15
729.0,2.431990687041208,0.11800931295879089,-1.3322676295501878e-15
730.0,2.431846980770184,0.11815301922981492,-8.881784197001252e-16
731.0,2.4317033082658464,0.11829669173415257,-8.881784197001252e-16
732.0,2.4315596694967563,0.11844033050324286,-8.881784197001252e-16
733.0,2.4314160644315455,0.11858393556845308,-1.3322676295501878e-15
734.0,2.431272493038919,0.1187275069610794,-1.3322676295501878e-15
735.0,2.4311289552876514,0.1188710447123472,-1.3322676295501878e-15
736.0,2.430985451146587,0.11901454885341159,-1.3322676295501878e-15
737.0,2.430841980584641,0.1191580194153578,-8.881784197001252e-16
738.0,2.4306985435707973,0.11930145642920151,-8.881784197001252e-16
739.0,2.4305551400741097,0.11944485992588949,-8.881784197001252e-16
740.0,2.4304117700637,0.11958822993629967,-4.440892098500626e-16
741.0,2.4302684335087568,0.11973156649124171,-1.3322676295501878e-15
742.0,2.4301251303785416,0.1198748696214574,-8.881784197001252e-16
743.0,2.429981860642378,0.12001813935762083,-8.881784197001252e-16
744.0,2.42983862426966,0.12016137573033897,-8.881784197001252e-16
745.0,2.429695421229847,0.12030457877015184,-8.881784197001252e-16
746.0,2.4295522514924657,0.12044774850753295,-1.3322676295501878e-15
747.0,2.42940911502711,0.12059088497288957,0.0
748.0,2.4292660118034357,0.12073398819656306,-8.881784197001252e-16
749.0,2.42912294179117,0.12087705820882926,-4.440892098500626e-16
750.0,2.4289799049601006,0.12102009503989862,-4.440892098500626e-16
751.0,2.4288369012800817,0.12116309871991675,-1.3322676295501878e-15
752.0,2.428693930721034,0.12130606927896448,-1.3322676295501878e-15
753.0,2.4285509932529403,0.12144900674705833,-1.3322676295501878e-15
754.0,2.4284080888458477,0.1215919111541507,-1.3322676295501878e-15
755.0,2.4282652174698685,0.12173478253013016,-1.3322676295501878e-15
756.0,2.4281223790951767,0.12187762090482178,-1.3322676295501878e-15
757.0,2.427979573692011,0.12202042630798736,-1.7763568394002505e-15
758.0,2.4278368012306735,0.12216319876932569,-8.881784197001252e-16
759.0,2.427694061681526,0.12230593831847286,-8.881784197001252e-16
760.0,2.427551355014996,0.12244864498500242,-1.3322676295501878e-15
761.0,2.4274086812015727,0.12259131879842582,-1.3322676295501878e-15
762.0,2.427266040211806,0.1227339597881925,-1.3322676295501878e-15
763.0,2.427123432016309,0.12287656798369018,-8.881784197001252e-16
764.0,2.4269808565857534,0.12301914341424514,-1.3322676295501878e-15
765.0,2.4268383138908765,0.12316168610912247,-8.881784197001252e-16
766.0,2.4266958039024717,0.12330419609752624,-1.7763568394002505e-15
767.0,2.4265533265913986,0.12344667340859983,-1.3322676295501878e-15
768.0,2.426410881928572,0.12358911807142607,-1.7763568394002505e-15
769.0,2.426268469884971,0.12373153011502763,-1.3322676295501878e-15
770.0,2.426126090431631,0.12387390956836698,-1.7763568394002505e-15
771.0,2.425983743539651,0.12401625646034695,-1.7763568394002505e-15
772.0,2.425841429180188,0.12415857081981065,-1.3322676295501878e-15
773.0,2.425699147324456,0.12430085267554193,-1.7763568394002505e-15
774.0,2.425556897943733,0.12444310205626541,-1.3322676295501878e-15
775.0,2.425414681009351,0.12458531899064687,-1.7763568394002505e-15
776.0,2.4252724964927053,0.12472750350729335,-1.3322676295501878e-15
777.0,2.425130344365244,0.12486965563475344,-2.220446049250313e-15
778.0,2.424988224598481,0.1250117754015174,-1.3322676295501878e-15
779.0,2.4248461371639807,0.12515386283601745,-1.7763568394002505e-15
780.0,2.4247040820333705,0.12529591796662795,-1.3322676295501878e-15
781.0,2.4245620592599337,0.1254379407400643,-1.7763568394002505e-15
782.0,2.424420068919961,0.1255799310800374,-1.7763568394002505e-15
783.0,2.4242781109846763,0.12572188901532208,-1.3322676295501878e-15
784.0,2.4241361854253825,0.12586381457461587,-1.3322676295501878e-15
785.0,2.4239942922134583,0.12600570778654022,-1.3322676295501878e-15
786.0,2.423852431320357,0.1261475686796416,-1.3322676295501878e-15
787.0,2.423710602717606,0.12628939728239283,-1.3322676295501878e-15
788.0,2.423568806376805,0.12643119362319383,-1.3322676295501878e-15
789.0,2.423427042269626,0.12657295773037303,-8.881784197001252e-16
790.0,2.42328531036781,0.12671468963218807,-1.7763568394002505e-15
791.0,2.4231436106431716,0.12685638935682686,-1.3322676295501878e-15
792.0,2.42300194306759,0.12699805693240848,-1.3322676295501878e-15
793.0,2.4228603076130146,0.1271396923869839,-1.3322676295501878e-15
794.0,2.4227187042514617,0.12728129574853692,-1.3322676295501878e-15
795.0,2.4225771329550136,0.1274228670449849,-1.3322676295501878e-15
796.0,2.4224355936958197,0.1275644063041795,-4.440892098500626e-16
797.0,2.4222940864460916,0.1277059135539075,-8.881784197001252e-16
798.0,2.4221526111781078,0.12784738882189114,-8.881784197001252e-16
799.0,2.422011167864209,0.12798883213578918,-1.3322676295501878e-15
800.0,2.4218697564768017,0.1281302435231973,-8.881784197001252e-16
801.0,2.42172837698835,0.12827162301164866,-8.881784197001252e-16
802.0,2.4215870293713846,0.12841297062861465,-4.440892098500626e-16
803.0,2.421445713598494,0.12855428640150532,-4.440892098500626e-16
804.0,2.421304429642329,0.1286955703576699,-8.881784197001252e-16
805.0,2.421163177475601,0.12883682252439738,-1.7763568394002505e-15
806.0,2.4210219570710816,0.128978042928917,-1.3322676295501878e-15
807.0,2.4208807684016005,0.1291192315983986,-8.881784197001252e-16
808.0,2.420739611440046,0.12926038855995325,-8.881784197001252e-16
809.0,2.420598486159365,0.12940151384063356,-1.3322676295501878e-15
810.0,2.4204573925325645,0.12954260746743412,-1.3322676295501878e-15
811.0,2.4203163305327062,0.129683669467292,-1.7763568394002505e-15
812.0,2.4201753001329114,0.12982469986708714,-1.3322676295501878e-15
813.0,2.4200343013063566,0.12996569869364258,-8.881784197001252e-16
814.0,2.419893334026274,0.130106665973725,-8.881784197001252e-16
815.0,2.4197523982659535,0.13024760173404498,-1.3322676295501878e-15
816.0,2.419611493998741,0.13038850600125754,-8.881784197001252e-16
817.0,2.419470621198036,0.13052937880196208,-1.7763568394002505e-15
818.0,2.419329779837295,0.13067022016270322,-1.7763568394002505e-15
819.0,2.4191889698900275,0.13081103010997075,-1.7763568394002505e-15
820.0,2.4190481913297988,0.13095180867020004,-8.881784197001252e-16
821.0,2.4189074441302254,0.1310925558697724,-2.220446049250313e-15
822.0,2.418766728264983,0.13123327173501542,-1.3322676295501878e-15
823.0,2.418626043707795,0.13137395629220303,-1.7763568394002505e-15
824.0,2.4184853904324424,0.13151460956755606,-1.3322676295501878e-15
825.0,2.418344768412756,0.13165523158724238,-1.3322676295501878e-15
826.0,2.418204177622621,0.13179582237737708,-1.7763568394002505e-15
827.0,2.4180636180359754,0.131936381964023,-1.3322676295501878e-15
828.0,2.417923089626808,0.1320769103731907,-1.3322676295501878e-15
829.0,2.41778259236916,0.13221740763083886,-1.3322676295501878e-15
830.0,2.4176421262371237,0.1323578737628746,-1.3322676295501878e-15
831.0,2.4175016912048446,0.13249830879515345,-1.7763568394002505e-15
832.0,2.417361287246518,0.13263871275347996,-1.7763568394002505e-15
833.0,2.4172209143363905,0.13277908566360755,-1.7763568394002505e-15
834.0,2.417080572448759,0.13291942755123898,-1.7763568394002505e-15
835.0,2.416940261557972,0.13305973844202662,-1.3322676295501878e-15
836.0,2.4167999816384254,0.1332000183615725,-1.7763568394002505e-15
837.0,2.4166597326645696,0.13334026733542853,-1.7763568394002505e-15
838.0,2.4165195146109015,0.13348048538909688,-1.3322676295501878e-15
839.0,2.4163793274519683,0.13362067254803003,-1.3322676295501878e-15
840.0,2.4162391711623674,0.13376082883763107,-1.3322676295501878e-15
841.0,2.4160990456468006,0.13390095435319777,-1.3322676295501878e-15
842.0,2.415958950790351,0.13404104920964782,-8.881784197001252e-16
843.0,2.415818886568252,0.1341811134317461,-1.7763568394002505e-15
844.0,2.4156788529557724,0.13432114704422604,-1.3322676295501878e-15
845.0,2.415538849928209,0.13446115007178927,-1.7763568394002505e-15
846.0,2.4153988774608934,0.13460112253910458,-1.7763568394002505e-15
847.0,2.4152589355291902,0.13474106447080755,-2.220446049250313e-15
848.0,2.4151190241084977,0.13488097589149992,-2.220446049250313e-15
849.0,2.4149791431742487,0.13502085682574905,-2.220446049250313e-15
850.0,2.4148392927019104,0.13516070729808746,-1.7763568394002505e-15
851.0,2.4146994726669853,0.13530052733301243,-2.220446049250313e-15
852.0,2.4145596830450127,0.13544031695498537,-1.7763568394002505e-15
853.0,2.4144199238115664,0.1355800761884318,-1.7763568394002505e-15
854.0,2.414280194942258,0.13571980505774056,-1.3322676295501878e-15
855.0,2.414140496412734,0.13585950358726387,-1.7763568394002505e-15
856.0,2.4140008281986813,0.13599917180131668,-1.7763568394002505e-15
857.0,2.4138611902758216,0.13613880972417666,-1.7763568394002505e-15
858.0,2.413721582619914,0.1362784173800838,-2.220446049250313e-15
859.0,2.413582005206758,0.13641799479324038,-1.3322676295501878e-15
860.0,2.4134424580121876,0.13655754198781034,-1.7763568394002505e-15
861.0,2.4133029410120788,0.1366970589879195,-1.7763568394002505e-15
862.0,2.413163454182343,0.13683654581765517,-1.7763568394002505e-15
863.0,2.413023997498932,0.13697600250106606,-1.7763568394002505e-15
864.0,2.4128845709378357,0.13711542906216204,-2.220446049250313e-15
865.0,2.412745174475084,0.13725482552491416,-1.7763568394002505e-15
866.0,2.412605808086744,0.13739419191325436,-1.7763568394002505e-15
867.0,2.4124664717489224,0.13753352825107557,-1.7763568394002505e-15
868.0,2.4123271654377665,0.13767283456223137,-1.7763568394002505e-15
869.0,2.412187889129461,0.13781211087053613,-2.6645352591003757e-15
870.0,2.4120486428002335,0.13795135719976487,-1.3322676295501878e-15
871.0,2.4119094264263445,0.13809057357365312,-2.220446049250313e-15
872.0,2.4117702399841017,0.1382297600158969,-1.3322676295501878e-15
873.0,2.411631083449846,0.1383689165501527,-8.881784197001252e-16
874.0,2.4114919567999604,0.13850804320003762,-1.7763568394002505e-15
875.0,2.411352860010869,0.13864713998912903,-1.7763568394002505e-15
876.0,2.4112137930590336,0.13878620694096472,-1.3322676295501878e-15
877.0,2.4110747559209553,0.1389252440790429,-1.7763568394002505e-15
878.0,2.4109357485731753,0.13906425142682208,-2.6645352591003757e-15
879.0,2.410796770992276,0.13920322900772128,-2.220446049250313e-15
880.0,2.410657823154878,0.1393421768451199,-1.7763568394002505e-15
881.0,2.410518905037641,0.1394810949623576,-1.3322676295501878e-15
882.0,2.4103800166172635,0.13961998338273465,-1.7763568394002505e-15
883.0,2.410241157870487,0.13975884212951165,-1.3322676295501878e-15
884.0,2.4101023287740886,0.1398976712259097,-1.3322676295501878e-15
885.0,2.4099635293048878,0.14003647069511047,-1.7763568394002505e-15
886.0,2.409824759439742,0.14017524056025607,-1.7763568394002505e-15
887.0,2.4096860191555485,0.1403139808444493,-2.220446049250313e-15
888.0,2.4095473084292443,0.14045269157075346,-2.220446049250313e-15
889.0,2.4094086272378052,0.14059137276219263,-1.7763568394002505e-15
890.0,2.4092699755582467,0.14073002444175156,-1.3322676295501878e-15
891.0,2.4091313533676226,0.14086864663237583,-1.3322676295501878e-15
892.0,2.4089927606430264,0.14100723935697174,-1.7763568394002505e-15
893.0,2.4088541973615922,0.14114580263840648,-8.881784197001252e-16
894.0,2.40871566350049,0.14128433649950833,-1.3322676295501878e-15
895.0,2.4085771590369314,0.14142284096306643,-2.220446049250313e-15
896.0,2.408438683948167,0.14156131605183106,-1.7763568394002505e-15
897.0,2.408300238211485,0.14169976178851357,-1.3322676295501878e-15
898.0,2.4081618218042116,0.14183817819578662,-1.7763568394002505e-15
899.0,2.4080234347037135,0.14197656529628405,-2.220446049250313e-15
900.0,2.407885076887397,0.14211492311260104,-1.7763568394002505e-15
901.0,2.407746748210302,0.14225325178969617,-1.7763568394002505e-15
902.0,2.4076084484930886,0.14239155150691007,-8.881784197001252e-16
903.0,2.407470177714136,0.14252982228586264,-1.3322676295501878e-15
904.0,2.4073319358518326,0.14266806414816563,-1.7763568394002505e-15
905.0,2.407193722884578,0.14280627711542107,-8.881784197001252e-16
906.0,2.407055538790779,0.14294446120922003,-8.881784197001252e-16
907.0,2.406917383548857,0.14308261645114115,-1.7763568394002505e-15
908.0,2.406779257137249,0.1432207428627496,-1.3322676295501878e-15
909.0,2.406641159534402,0.1433588404655958,-1.7763568394002505e-15
910.0,2.4065030907187834,0.14349690928121442,-1.7763568394002505e-15
911.0,2.406365050668875,0.1436349493311233,-1.7763568394002505e-15
912.0,2.4062270393631757,0.14377296063682257,-1.3322676295501878e-15
913.0,2.4060890567802056,0.1439109432197938,-4.440892098500626e-16
914.0,2.4059511028984994,0.14404889710149904,-1.3322676295501878e-15
915.0,2.4058131776966185,0.14418682230338015,-1.3322676295501878e-15
916.0,2.4056752811531408,0.14432471884685796,-8.881784197001252e-16
917.0,2.405537413246667,0.14446258675333176,-1.3322676295501878e-15
918.0,2.40539957395582,0.14460042604417844,-1.7763568394002505e-15
919.0,2.4052617632592472,0.144738236740752,-4.440892098500626e-16
920.0,2.4051239811356155,0.14487601886438298,-1.3322676295501878e-15
921.0,2.404986227563621,0.1450137724363779,-8.881784197001252e-16
922.0,2.4048485025219795,0.1451514974780188,-1.7763568394002505e-15
923.0,2.4047108059894353,0.1452891940105628,-1.7763568394002505e-15
924.0,2.404573137944757,0.14542686205524152,-1.3322676295501878e-15
925.0,2.404435498366738,0.14556450163326076,-8.881784197001252e-16
926.0,2.4042978872341987,0.14570211276580014,-8.881784197001252e-16
927.0,2.4041603045259854,0.14583969547401276,-1.7763568394002505e-15
928.0,2.4040227502209732,0.14597724977902485,-1.7763568394002505e-15
929.0,2.403885224298062,0.14611477570193535,-2.220446049250313e-15
930.0,2.4037477267361824,0.14625227326381576,-1.7763568394002505e-15
931.0,2.403610257514289,0.14638974248570982,-8.881784197001252e-16
932.0,2.403472816611365,0.14652718338863324,-1.7763568394002505e-15
933.0,2.403335404006425,0.14666459599357348,-1.3322676295501878e-15
934.0,2.403198019678509,0.14680198032148953,-8.881784197001252e-16
935.0,2.403060663606687,0.14693933639331164,-1.3322676295501878e-15
936.0,2.402923335770057,0.14707666422994134,-1.3322676295501878e-15
937.0,2.4027860361477473,0.14721396385225094,-1.7763568394002505e-15
938.0,2.402648764718915,0.14735123528108368,-1.3322676295501878e-15
939.0,2.402511521462745,0.14748847853725347,-1.3322676295501878e-15
940.0,2.4023743063584537,0.1476256936415446,-1.3322676295501878e-15
941.0,2.402237119385287,0.14776288061471188,-8.881784197001252e-16
942.0,2.402099960522518,0.1479000394774803,-1.3322676295501878e-15
943.0,2.4019628297494537,0.14803717025054502,-8.881784197001252e-16
944.0,2.401825727045427,0.1481742729545713,-1.3322676295501878e-15
945.0,2.4016886523898044,0.14831134761019435,-8.881784197001252e-16
946.0,2.401551605761979,0.14844839423801923,-1.7763568394002505e-15
947.0,2.4014145871413772,0.14858541285862095,-1.7763568394002505e-15
948.0,2.401277596507454,0.14872240349254415,-1.7763568394002505e-15
949.0,2.4011406338396952,0.14885936616030318,-1.3322676295501878e-15
950.0,2.401003699117617,0.1489963008823821,-8.881784197001252e-16
951.0,2.4008667923207643,0.14913320767923455,-8.881784197001252e-16
952.0,2.400729913428715,0.14927008657128366,-1.3322676295501878e-15
953.0,2.4005930624210765,0.14940693757892212,-1.3322676295501878e-15
954.0,2.4004562392774864,0.14954376072251216,-1.3322676295501878e-15
955.0,2.400319443977613,0.14968055602238545,-1.3322676295501878e-15
956.0,2.4001826765011547,0.1498173234988431,-2.220446049250313e-15
957.0,2.4000459368278424,0.14995406317215573,-1.7763568394002505e-15
958.0,2.3999092249374354,0.1500907750625632,-1.3322676295501878e-15
959.0,2.3997725408097232,0.15022745919027494,-1.7763568394002505e-15
960.0,2.3996358844245282,0.15036411557546983,-1.7763568394002505e-15
961.0,2.3994992558666177,0.15050074413338005,-2.220446049250313e-15
962.0,2.399362655250294,0.15063734474970408,-1.7763568394002505e-15
963.0,2.399226082554732,0.15077391744526616,-1.7763568394002505e-15
964.0,2.399089537759164,0.15091046224083413,-1.7763568394002505e-15
965.0,2.3989530208428773,0.15104697915712098,-1.3322676295501878e-15
966.0,2.398816531785213,0.15118346821478593,-8.881784197001252e-16
967.0,2.398680070565563,0.15131992943443567,-1.3322676295501878e-15
968.0,2.3985436371633724,0.15145636283662553,-1.7763568394002505e-15
969.0,2.3984072315581386,0.15159276844186045,-8.881784197001252e-16
970.0,2.3982708537294015,0.15172914627059608,-2.220446049250313e-15
971.0,2.3981345036567587,0.1518654963432397,-1.3322676295501878e-15
972.0,2.3979981813198474,0.152001818680151,-1.3322676295501878e-15
973.0,2.3978618866983554,0.1521381133016432,-1.3322676295501878e-15
974.0,2.397725619772015,0.15227438022798362,-1.3322676295501878e-15
975.0,2.397589380520604,0.15241061947939455,-1.3322676295501878e-15
976.0,2.3974531689239442,0.1525468310760541,-1.3322676295501878e-15
977.0,2.3973169849619023,0.15268301503809664,-8.881784197001252e-16
978.0,2.3971808286143848,0.15281917138561368,-1.3322676295501878e-15
979.0,2.397044699861344,0.15295530013865433,-1.3322676295501878e-15
980.0,2.396908598682773,0.15309140131722604,-8.881784197001252e-16
981.0,2.3967725250587026,0.15322747494129518,-1.7763568394002505e-15
982.0,2.396636478969211,0.15336352103078738,-1.3322676295501878e-15
983.0,2.3965004603944102,0.1534995396055884,-1.3322676295501878e-15
984.0,2.3963644693144546,0.15363553068554414,-8.881784197001252e-16
985.0,2.3962285057095367,0.1537714942904616,-1.3322676295501878e-15
986.0,2.3960925695598894,0.15390743044010904,-1.3322676295501878e-15
987.0,2.3959566608457825,0.1540433391542165,-8.881784197001252e-16
988.0,2.395820779547522,0.15417922045247606,-1.7763568394002505e-15
989.0,2.395684925645456,0.15431507435454261,-1.3322676295501878e-15
990.0,2.3955490991199646,0.15445090088003377,-1.3322676295501878e-15
991.0,2.395413299951468,0.15458670004853048,-1.3322676295501878e-15
992.0,2.395277528120421,0.15472247187957744,-1.7763568394002505e-15
993.0,2.395141783607315,0.15485821639268332,-1.7763568394002505e-15
994.0,2.3950060663926775,0.15499393360732086,-1.3322676295501878e-15
995.0,2.394870376457071,0.15512962354292767,-1.3322676295501878e-15
996.0,2.394734713781093,0.15526528621890598,-8.881784197001252e-16
997.0,2.394599078345375,0.15540092165462338,-1.3322676295501878e-15
998.0,2.3944634701305856,0.15553652986941288,-1.3322676295501878e-15
999.0,2.3943278891174256,0.15567211088257307,-1.3322676295501878e-15
1000.0,2.3941923352866303,0.15580766471336854,-8.881784197001252e-16
1001.0,2.3940568086189677,0.15594319138103008,-1.7763568394002505e-15
1002.0,2.3939213090952434,0.1560786909047548,-1.7763568394002505e-15
1003.0,2.393785836696292,0.1562141633037066,-1.3322676295501878e-15
1004.0,2.3936503914029825,0.15634960859701613,-1.3322676295501878e-15
1005.0,2.393514973196217,0.156485026803781,-1.7763568394002505e-15
1006.0,2.3933795820569315,0.15662041794306641,-1.7763568394002505e-15
1007.0,2.393244217966093,0.15675578203390478,-2.220446049250313e-15
1008.0,2.3931088809047023,0.15689111909529616,-1.3322676295501878e-15
1009.0,2.39297357085379,0.1570264291462085,-1.3322676295501878e-15
1010.0,2.39283828779442,0.15716171220557787,-1.7763568394002505e-15
1011.0,2.3927030317076903,0.1572969682923083,-1.3322676295501878e-15
1012.0,2.3925678025747255,0.15743219742527226,-2.220446049250313e-15
1013.0,2.3924326003766874,0.15756739962331087,-1.7763568394002505e-15
1014.0,2.3922974250947644,0.1577025749052338,-1.7763568394002505e-15
1015.0,2.392162276710179,0.1578377232898195,-1.3322676295501878e-15
1016.0,2.3920271552041825,0.15797284479581555,-1.7763568394002505e-15
1017.0,2.39189206055806,0.15810793944193846,-1.7763568394002505e-15
1018.0,2.391756992753125,0.1582430072468742,-4.440892098500626e-16
1019.0,2.3916219517707202,0.15837804822927806,-1.3322676295501878e-15
1020.0,2.3914869375922234,0.15851306240777485,-1.7763568394002505e-15
1021.0,2.391351950292298,0.1586480497077004,-1.3322676295501878e-15
1022.0,2.3912169899718627,0.15878301002813547,-1.7763568394002505e-15
1023.0,2.391082056611729,0.15891794338826956,-1.3322676295501878e-15
1024.0,2.3909471501927593,0.15905284980723972,-8.881784197001252e-16
1025.0,2.390812270695867,0.15918772930413147,-1.3322676295501878e-15
1026.0,2.3906774181020185,0.15932258189798007,-1.3322676295501878e-15
1027.0,2.3905425923922263,0.15945740760777177,-1.7763568394002505e-15
1028.0,2.3904077935475536,0.1595922064524448,-1.3322676295501878e-15
1029.0,2.3902730215491084,0.15972697845089046,-8.881784197001252e-16
1030.0,2.3901382763780448,0.15986172362195403,-8.881784197001252e-16
1031.0,2.390003558015562,0.15999644198443588,-2.220446049250313e-15
1032.0,2.389868866442906,0.160131133557092,-1.7763568394002505e-15
1033.0,2.3897342016413634,0.1602657983586352,-1.3322676295501878e-15
1034.0,2.3895995635922636,0.1604004364077356,-8.881784197001252e-16
1035.0,2.3894649522769775,0.16053504772302152,-8.881784197001252e-16
1036.0,2.389330367676918,0.16066963232308043,-1.3322676295501878e-15
1037.0,2.3891958097735393,0.1608041902264591,-1.3322676295501878e-15
1038.0,2.389061278548333,0.16093872145166477,-1.7763568394002505e-15
1039.0,2.3889267739828326,0.1610732260171653,-1.7763568394002505e-15
1040.0,2.3887922960586083,0.1612077039413903,-1.3322676295501878e-15
1041.0,2.388657844757267,0.16134215524273104,-1.7763568394002505e-15
1042.0,2.388523420060457,0.1614765799395417,-1.3322676295501878e-15
1043.0,2.3883890219498602,0.16161097805013924,-4.440892098500626e-16
1044.0,2.388254650407194,0.1617453495928042,-1.3322676295501878e-15
1045.0,2.3881203054142173,0.16187969458578116,-1.3322676295501878e-15
1046.0,2.3879859869527196,0.1620140130472792,-8.881784197001252e-16
1047.0,2.387851695004527,0.16214830499547206,-4.440892098500626e-16
1048.0,2.387717429551499,0.16228257044849892,-1.7763568394002505e-15
1049.0,2.3875831905755343,0.16241680942446457,-8.881784197001252e-16
1050.0,2.3874489780585586,0.1625510219414398,-1.3322676295501878e-15
1051.0,2.3873147919825364,0.16268520801746195,-1.3322676295501878e-15
1052.0,2.387180632329464,0.16281936767053476,-8.881784197001252e-16
1053.0,2.387046499081369,0.16295350091862917,-1.7763568394002505e-15
1054.0,2.3869123922203146,0.1630876077796837,-1.3322676295501878e-15
1055.0,2.3867783117283943,0.1632216882716042,-1.3322676295501878e-15
1056.0,2.3866442575877342,0.1633557424122646,-8.881784197001252e-16
1057.0,2.386510229780492,0.1634897702195071,-8.881784197001252e-16
1058.0,2.3863762282888565,0.16362377171114237,-8.881784197001252e-16
1059.0,2.3862422530950487,0.1637577469049498,-1.3322676295501878e-15
1060.0,2.3861083041813207,0.1638916958186777,-1.3322676295501878e-15
1061.0,2.385974381529954,0.16402561847004393,-1.7763568394002505e-15
1062.0,2.385840485123262,0.1641595148767355,-2.220446049250313e-15
1063.0,2.3857066149435893,0.16429338505640928,-1.3322676295501878e-15
1064.0,2.3855727709733063,0.16442722902669196,-1.3322676295501878e-15
1065.0,2.3854389531948175,0.1645610468051804,-1.7763568394002505e-15
1066.0,2.3853051615905567,0.16469483840944177,-1.3322676295501878e-15
1067.0,2.385171396142985,0.16482860385701373,-1.3322676295501878e-15
1068.0,2.3850376568345935,0.1649623431654047,-1.7763568394002505e-15
1069.0,2.384903943647905,0.1650960563520939,-8.881784197001252e-16
1070.0,2.3847702565654663,0.1652297434345316,-1.7763568394002505e-15
1071.0,2.384636595569859,0.16536340443013936,-1.3322676295501878e-15
1072.0,2.3845029606436885,0.16549703935631022,-8.881784197001252e-16
1073.0,2.3843693517695903,0.16563064823040852,-8.881784197001252e-16
1074.0,2.384235768930228,0.16576423106977056,-1.3322676295501878e-15
1075.0,2.3841022121082944,0.16589778789170437,-8.881784197001252e-16
1076.0,2.3839686812865084,0.16603131871349008,-1.3322676295501878e-15
1077.0,2.383835176447618,0.16616482355237988,-1.7763568394002505e-15
1078.0,2.3837016975744,0.16629830242559834,-1.7763568394002505e-15
1079.0,2.3835682446496556,0.16643175535034244,-1.7763568394002505e-15
1080.0,2.383434817656216,0.1665651823437817,-2.220446049250313e-15
1081.0,2.3833014164137367,0.166698583586261,-2.220446049250313e-15
1082.0,2.3831680406960065,0.1668319593039917,-1.7763568394002505e-15
1083.0,2.3830346904870834,0.16696530951291458,-1.7763568394002505e-15
1084.0,2.3829013657710143,0.16709863422898327,-2.220446049250313e-15
1085.0,2.3827680665318365,0.16723193346816204,-1.3322676295501878e-15
1086.0,2.3826347927535743,0.16736520724642417,-1.3322676295501878e-15
1087.0,2.3825015444202475,0.1674984555797505,-1.7763568394002505e-15
1088.0,2.382368321515871,0.16763167848412744,-1.3322676295501878e-15
1089.0,2.3822351240244526,0.16776487597554593,-1.3322676295501878e-15
1090.0,2.382101951929999,0.1678980480699998,-1.3322676295501878e-15
1091.0,2.3819688052165144,0.16803119478348438,-8.881784197001252e-16
1092.0,2.381835683868003,0.16816431613199556,-1.3322676295501878e-15
1093.0,2.3817025878684706,0.1682974121315283,-8.881784197001252e-16
1094.0,2.3815695172019224,0.16843048279807574,-1.7763568394002505e-15
1095.0,2.3814364718523704,0.16856352814762812,-1.3322676295501878e-15
1096.0,2.3813034518038263,0.16869654819617177,-1.7763568394002505e-15
1097.0,2.3811704570403105,0.1688295429596882,-1.3322676295501878e-15
1098.0,2.3810374875458455,0.16896251245415325,-8.881784197001252e-16
1099.0,2.3809045433044624,0.16909545669553647,-8.881784197001252e-16
1100.0,2.3807716243001993,0.16922837569979973,-8.881784197001252e-16
1101.0,2.3806387305171017,0.1693612694828973,-8.881784197001252e-16
1102.0,2.380505861939224,0.1694941380607746,-1.3322676295501878e-15
1103.0,2.380373018550631,0.16962698144936783,-8.881784197001252e-16
1104.0,2.380240200335395,0.16975979966460328,-1.3322676295501878e-15
1105.0,2.380107407277602,0.16989259272239665,-8.881784197001252e-16
1106.0,2.3799746393613455,0.1700253606386528,-1.7763568394002505e-15
1107.0,2.379841896570734,0.17015810342926488,-8.881784197001252e-16
1108.0,2.3797091788898843,0.17029082111011418,-1.3322676295501878e-15
1109.0,2.3795764863029296,0.17042351369706943,-8.881784197001252e-16
1110.0,2.379443818794013,0.1705561812059866,-4.440892098500626e-16
1111.0,2.3793111763472905,0.17068882365270832,-8.881784197001252e-16
1112.0,2.3791785589469345,0.17082144105306343,-1.7763568394002505e-15
1113.0,2.3790459665771313,0.17095403342286708,-1.3322676295501878e-15
1114.0,2.3789133992220792,0.1710866007779198,-8.881784197001252e-16
1115.0,2.3787808568659905,0.1712191431340076,-1.7763568394002505e-15
1116.0,2.378648339493097,0.17135166050690148,-1.3322676295501878e-15
1117.0,2.3785158470876415,0.17148415291235727,-8.881784197001252e-16
1118.0,2.378383379633883,0.1716166203661153,-1.7763568394002505e-15
1119.0,2.3782509371160985,0.17174906288390013,-1.3322676295501878e-15
1120.0,2.3781185195185786,0.17188148048142035,-8.881784197001252e-16
1121.0,2.37798612682563,0.17201387317436836,-1.3322676295501878e-15
1122.0,2.377853759021579,0.1721462409784202,-8.881784197001252e-16
1123.0,2.377721416090763,0.1722785839092354,-1.3322676295501878e-15
1124.0,2.377589098017542,0.1724109019824565,-1.3322676295501878e-15
1125.0,2.3774568047862896,0.17254319521370937,-8.881784197001252e-16
1126.0,2.377324536381397,0.1726754636186026,-4.440892098500626e-16
1127.0,2.377192292787271,0.17280770721272765,-1.3322676295501878e-15
1128.0,2.37706007398834,0.1729399260116586,-1.3322676295501878e-15
1129.0,2.3769278799690468,0.17307212003095193,-1.3322676295501878e-15
1130.0,2.3767957107138518,0.1732042892861466,-1.3322676295501878e-15
1131.0,2.376663566207235,0.1733364337927636,-1.3322676295501878e-15
1132.0,2.3765314464336917,0.17346855356630633,-1.7763568394002505e-15
1133.0,2.376399351377739,0.17360064862226013,-4.440892098500626e-16
1134.0,2.376267281023906,0.17373271897609222,-1.7763568394002505e-15
1135.0,2.3761352353567466,0.17386476464325176,-1.3322676295501878e-15
1136.0,2.376003214360829,0.1739967856391697,-1.3322676295501878e-15
1137.0,2.3758712180207406,0.1741287819792586,-4.440892098500626e-16
1138.0,2.375739246321086,0.17426075367891275,-8.881784197001252e-16
1139.0,2.37560729924649,0.174392700753508,-1.7763568394002505e-15
1140.0,2.375475376781597,0.17452462321840168,-1.3322676295501878e-15
1141.0,2.375343479097583,0.17465652090241532,-1.7763568394002505e-15
1142.0,2.375211606418096,0.17478839358190204,-1.7763568394002505e-15
1143.0,2.3750797587265238,0.17492024127347477,-1.3322676295501878e-15
1144.0,2.374947936006316,0.17505206399368267,-8.881784197001252e-16
1145.0,2.374816138240985,0.17518386175901357,-1.3322676295501878e-15
1146.0,2.3746843654141023,0.17531563458589564,-1.7763568394002505e-15
1147.0,2.374552617509299,0.1754473824906998,-1.3322676295501878e-15
1148.0,2.374420894510257,0.1755791054897412,-1.3322676295501878e-15
1149.0,2.374289196400717,0.1757108035992814,-1.3322676295501878e-15
1150.0,2.374157523164469,0.1758424768355298,-8.881784197001252e-16
1151.0,2.3740258747853535,0.17597412521464503,-1.3322676295501878e-15
1152.0,2.373894251247261,0.17610574875273702,-1.7763568394002505e-15
1153.0,2.373762652534131,0.17623734746586786,-8.881784197001252e-16
1154.0,2.373631078629945,0.17636892137005356,-1.3322676295501878e-15
1155.0,2.3734995295187336,0.1765004704812649,-1.3322676295501878e-15
1156.0,2.37336800518457,0.17663199481542907,-8.881784197001252e-16
1157.0,2.3732365056115676,0.17676349438843056,-1.7763568394002505e-15
1158.0,2.373105030783886,0.17689496921611225,-1.7763568394002505e-15
1159.0,2.372973580685722,0.17702641931427662,-8.881784197001252e-16
1160.0,2.372842155301312,0.1771578446986864,-1.3322676295501878e-15
1161.0,2.372710754614933,0.17728924538506588,-8.881784197001252e-16
1162.0,2.372579378610897,0.17742062138910145,-1.3322676295501878e-15
1163.0,2.372448027273556,0.17755197272644252,-8.881784197001252e-16
1164.0,2.372316700587296,0.17768329941270264,-1.3322676295501878e-15
1165.0,2.3721853985365384,0.17781460146345965,-1.7763568394002505e-15
1166.0,2.372054121105741,0.1779458788942569,-2.220446049250313e-15
1167.0,2.3719228682793942,0.17807713172060372,-1.7763568394002505e-15
1168.0,2.3717916400420225,0.17820835995797596,-1.3322676295501878e-15
1169.0,2.3716604363781815,0.17833956362181697,-1.3322676295501878e-15
1170.0,2.3715292572724604,0.17847074272753777,-1.7763568394002505e-15
1171.0,2.3713981027094806,0.17860189729051779,-1.3322676295501878e-15
1172.0,2.3712669726738924,0.17873302732610544,-1.7763568394002505e-15
1173.0,2.3711358671503793,0.17886413284961863,-1.7763568394002505e-15
1174.0,2.3710047861236525,0.17899521387634504,-2.220446049250313e-15
1175.0,2.3708737295784554,0.17912627042154286,-1.3322676295501878e-15
1176.0,2.3707426974995567,0.179257302500441,-2.220446049250313e-15
1177.0,2.3706116898717586,0.17938831012823955,-1.7763568394002505e-15
1178.0,2.3704807066798876,0.1795192933201105,-1.7763568394002505e-15
1179.0,2.3703497479088007,0.17965025209119753,-1.7763568394002505e-15
1180.0,2.3702188135433815,0.17978118645661686,-1.3322676295501878e-15
1181.0,2.370087903568541,0.17991209643145742,-1.3322676295501878e-15
1182.0,2.369957017969217,0.1800429820307812,-1.3322676295501878e-15
1183.0,2.3698261567303747,0.18017384326962357,-1.7763568394002505e-15
1184.0,2.3696953198370045,0.18030468016299359,-1.7763568394002505e-15
1185.0,2.369564507274124,0.18043549272587425,-1.3322676295501878e-15
1186.0,2.369433719026776,0.18056628097322278,-1.3322676295501878e-15
1187.0,2.3693029550800273,0.180697044919971,-1.3322676295501878e-15
1188.0,2.3691722154189727,0.18082778458102558,-1.3322676295501878e-15
1189.0,2.36904150002873,0.18095849997126817,-1.3322676295501878e-15
1190.0,2.368910808894442,0.18108919110555557,-2.220446049250313e-15
1191.0,2.3687801420012775,0.1812198579987202,-2.220446049250313e-15
1192.0,2.368649499334428,0.18135050066557018,-1.7763568394002505e-15
1193.0,2.368518880879109,0.1814811191208896,-8.881784197001252e-16
1194.0,2.3683882866205592,0.18161171337943857,-2.220446049250313e-15
1195.0,2.3682577165440444,0.18174228345595372,-1.7763568394002505e-15
1196.0,2.36812717063485,0.1818728293651481,-1.7763568394002505e-15
1197.0,2.367996648878287,0.1820033511217114,-1.7763568394002505e-15
1198.0,2.367866151259688,0.18213384874031027,-1.3322676295501878e-15
1199.0,2.36773567776441,0.18226432223558856,-1.3322676295501878e-15
1200.0,2.367605228377831,0.18239477162216702,-1.7763568394002505e-15
1201.0,2.3674748028813513,0.18252519711864731,-1.3322676295501878e-15
1202.0,2.3673444009990234,0.1826555990009754,-8.881784197001252e-16
1203.0,2.3672140227177283,0.1827859772822701,-1.3322676295501878e-15
1204.0,2.3670836680243212,0.18291633197567717,-1.3322676295501878e-15
1205.0,2.366953336905632,0.18304666309436685,-8.881784197001252e-16
1206.0,2.3668230293484664,0.1831769706515317,-1.7763568394002505e-15
1207.0,2.366692745339613,0.1833072546603849,-1.7763568394002505e-15
1208.0,2.36656248486584,0.18343751513415776,-2.220446049250313e-15
1209.0,2.3664322479139006,0.18356775208609832,-8.881784197001252e-16
1210.0,2.3663020344705292,0.18369796552946943,-1.3322676295501878e-15
1211.0,2.366171844522451,0.18382815547754713,-1.7763568394002505e-15
1212.0,2.366041678056379,0.18395832194361925,-1.3322676295501878e-15
1213.0,2.3659115350590145,0.18408846494098377,-1.3322676295501878e-15
1214.0,2.3657814155170516,0.1842185844829475,-8.881784197001252e-16
1215.0,2.3656513194171738,0.18434868058282497,-8.881784197001252e-16
1216.0,2.365521246746062,0.1844787532539371,-8.881784197001252e-16
1217.0,2.3653911974903883,0.18460880250960987,-1.7763568394002505e-15
1218.0,2.3652611716368255,0.18473882836317349,-8.881784197001252e-16
1219.0,2.3651311691720376,0.18486883082796135,-8.881784197001252e-16
1220.0,2.36500119008269,0.1849988099173088,-8.881784197001252e-16
1221.0,2.3648712343554457,0.18512876564455266,-1.3322676295501878e-15
1222.0,2.364741301976969,0.18525869802302983,-8.881784197001252e-16
1223.0,2.364611392933922,0.185388607066077,-8.881784197001252e-16
1224.0,2.364481507212969,0.18551849278702945,-1.3322676295501878e-15
1225.0,2.364351644800778,0.1856483551992206,-8.881784197001252e-16
1226.0,2.3642218056840165,0.18577819431598128,-2.220446049250313e-15
1227.0,2.364091989849359,0.18590801015063904,-1.7763568394002505e-15
1228.0,2.3639621972834806,0.18603780271651743,-1.7763568394002505e-15
1229.0,2.3638324279730627,0.18616757202693554,-1.7763568394002505e-15
1230.0,2.3637026819047913,0.18629731809520747,-8.881784197001252e-16
1231.0,2.363572959065357,0.18642704093464166,-1.3322676295501878e-15
1232.0,2.3634432594414583,0.1865567405585407,-8.881784197001252e-16
1233.0,2.3633135830197975,0.18668641698020053,-1.7763568394002505e-15
1234.0,2.363183929787089,0.18681607021291008,-8.881784197001252e-16
1235.0,2.363054299730047,0.18694570026995116,-1.7763568394002505e-15
1236.0,2.3629246928354006,0.18707530716459764,-1.7763568394002505e-15
1237.0,2.362795109089883,0.18720489091011533,-1.3322676295501878e-15
1238.0,2.3626655484802375,0.18733445151976152,-8.881784197001252e-16
1239.0,2.362536010993214,0.18746398900678482,-1.3322676295501878e-15
1240.0,2.362406496615574,0.18759350338442454,-1.3322676295501878e-15
1241.0,2.3622770053340876,0.18772299466591066,-1.7763568394002505e-15
1242.0,2.3621475371355345,0.18785246286446355,-1.7763568394002505e-15
1243.0,2.362018092006705,0.18798190799329356,-1.3322676295501878e-15
1244.0,2.3618886699343977,0.18811133006560077,-1.3322676295501878e-15
1245.0,2.361759270905424,0.1882407290945749,-8.881784197001252e-16
1246.0,2.3616298949066046,0.18837010509339494,-4.440892098500626e-16
1247.0,2.3615005419247703,0.18849945807522905,-4.440892098500626e-16
1248.0,2.361371211946765,0.18862878805323427,-4.440892098500626e-16
1249.0,2.3612419049594426,0.1887580950405564,-8.881784197001252e-16
1250.0,2.3611126209496693,0.18888737905032973,-8.881784197001252e-16
1251.0,2.360983359904322,0.189016640095677,-8.881784197001252e-16
1252.0,2.360854121810289,0.18914587818970915,-1.3322676295501878e-15
1253.0,2.3607249066544735,0.18927509334552506,-1.3322676295501878e-15
1254.0,2.360595714423787,0.18940428557621183,-1.3322676295501878e-15
1255.0,2.360466545105155,0.18953345489484408,-8.881784197001252e-16
1256.0,2.360337398685515,0.18966260131448426,-4.440892098500626e-16
1257.0,2.3602082751518165,0.18979172484818221,-8.881784197001252e-16
1258.0,2.360079174491024,0.18992082550897538,-4.440892098500626e-16
1259.0,2.359950096690111,0.1900499033098884,-4.440892098500626e-16
1260.0,2.3598210417360663,0.19017895826393316,-4.440892098500626e-16
1261.0,2.359692009674177,0.19030799032582213,-8.881784197001252e-16
1262.0,2.3595630005661348,0.1904369994338641,-8.881784197001252e-16
1263.0,2.359434014398557,0.19056598560144217,-8.881784197001252e-16
1264.0,2.3593050511580866,0.19069494884191232,-8.881784197001252e-16
1265.0,2.359176110831395,0.1908238891686041,-8.881784197001252e-16
1266.0,2.3590471934051784,0.1909528065948211,-4.440892098500626e-16
1267.0,2.3589182988661577,0.19108170113384157,-4.440892098500626e-16
1268.0,2.3587894272010796,0.19121057279891904,-1.3322676295501878e-15
1269.0,2.3586605783967163,0.19133942160328277,-8.881784197001252e-16
1270.0,2.358531752439861,0.1914682475601381,-8.881784197001252e-16
1271.0,2.358402949317332,0.19159705068266702,-4.440892098500626e-16
1272.0,2.3582741690159703,0.19172583098402854,-8.881784197001252e-16
1273.0,2.3581454115226395,0.19185458847735906,-1.3322676295501878e-15
1274.0,2.3580166768242266,0.19198332317577285,-4.440892098500626e-16
1275.0,2.3578879649076367,0.1921120350923623,-8.881784197001252e-16
1276.0,2.3577592757598005,0.19224072424019817,-1.3322676295501878e-15
1277.0,2.3576306093676687,0.19236939063233027,-8.881784197001252e-16
1278.0,2.3575019657182117,0.1924980342817874,-8.881784197001252e-16
1279.0,2.357373344798421,0.19262665520157782,-1.3322676295501878e-15
1280.0,2.3572447465953097,0.19275525340468938,-8.881784197001252e-16
1281.0,2.3571161710959085,0.19288382890408995,-1.3322676295501878e-15
1282.0,2.3569876182872718,0.19301238171272755,-4.440892098500626e-16
1283.0,2.3568590881564684,0.19314091184353066,-8.881784197001252e-16
1284.0,2.3567305806905905,0.1932694193094084,-8.881784197001252e-16
1285.0,2.356602095876748,0.19339790412325086,-8.881784197001252e-16
1286.0,2.3564736337020693,0.1935263662979291,-1.3322676295501878e-15
1287.0,2.356345194153703,0.19365480584629538,-1.3322676295501878e-15
1288.0,2.3562167772188154,0.19378322278118346,-8.881784197001252e-16
1289.0,2.356088382884589,0.19391161711540886,-1.7763568394002505e-15
1290.0,2.3559600111382304,0.19403998886176874,-8.881784197001252e-16
1291.0,2.3558316619669566,0.19416833803304223,-8.881784197001252e-16
1292.0,2.355703335358008,0.19429666464199064,-8.881784197001252e-16
1293.0,2.355575031298641,0.19442496870135748,-1.3322676295501878e-15
1294.0,2.35544674977613,0.1945532502238686,-8.881784197001252e-16
1295.0,2.355318490777766,0.1946815092222326,-1.3322676295501878e-15
1296.0,2.355190254290858,0.19480974570914045,-1.3322676295501878e-15
1297.0,2.3550620403027325,0.1949379596972661,-1.3322676295501878e-15
1298.0,2.3549338488007323,0.1950661511992663,-1.3322676295501878e-15
1299.0,2.3548056797722174,0.19519432022778083,-1.7763568394002505e-15
1300.0,2.3546775332045655,0.1953224667954327,-1.7763568394002505e-15
1301.0,2.3545494090851706,0.19545059091482794,-1.3322676295501878e-15
1302.0,2.3544213074014424,0.19557869259855612,-1.3322676295501878e-15
1303.0,2.354293228140809,0.19570677185919,-8.881784197001252e-16
1304.0,2.3541651712907123,0.1958348287092861,-1.3322676295501878e-15
1305.0,2.3540371368386137,0.1959628631613844,-1.7763568394002505e-15
1306.0,2.3539091247719903,0.19609087522800864,-8.881784197001252e-16
1307.0,2.3537811350783326,0.19621886492166632,-8.881784197001252e-16
1308.0,2.35365316774515,0.19634683225484867,-8.881784197001252e-16
1309.0,2.353525222759968,0.19647477724003096,-8.881784197001252e-16
1310.0,2.353397300110326,0.19660269988967255,-1.3322676295501878e-15
1311.0,2.3532693997837826,0.1967306002162168,-4.440892098500626e-16
1312.0,2.3531415217679075,0.19685847823209118,-1.3322676295501878e-15
1313.0,2.3530136660502916,0.19698633394970744,-8.881784197001252e-16
1314.0,2.3528858326185373,0.19711416738146154,-8.881784197001252e-16
1315.0,2.352758021460265,0.19724197853973383,-1.3322676295501878e-15
1316.0,2.352630232563109,0.1973697674368892,-1.3322676295501878e-15
1317.0,2.3525024659147222,0.19749753408527673,-8.881784197001252e-16
1318.0,2.3523747215027684,0.1976252784972304,-8.881784197001252e-16
1319.0,2.35224699931493,0.19775300068506851,-1.3322676295501878e-15
1320.0,2.352119299338905,0.197880700661094,-8.881784197001252e-16
1321.0,2.3519916217256065,0.19800837827439205,-1.3322676295501878e-15
1322.0,2.3518639666718593,0.1981360333281392,-1.3322676295501878e-15
1323.0,2.3517363341642588,0.19826366583574082,-4.440892098500626e-16
1324.0,2.35160872418945,0.19839127581054866,-1.3322676295501878e-15
1325.0,2.3514811367341375,0.19851886326586204,-4.440892098500626e-16
1326.0,2.351353571785069,0.19864642821493023,-4.440892098500626e-16
1327.0,2.351226029329045,0.19877397067095415,-8.881784197001252e-16
1328.0,2.3510985093529104,0.19890149064708781,-1.7763568394002505e-15
1329.0,2.3509710118435585,0.19902898815644016,-1.3322676295501878e-15
1330.0,2.350843536787923,0.19915646321207636,-8.881784197001252e-16
1331.0,2.350716084172979,0.19928391582701935,-1.3322676295501878e-15
1332.0,2.350588653985748,0.19941134601425112,-8.881784197001252e-16
1333.0,2.350461246213284,0.19953875378671398,-1.7763568394002505e-15
1334.0,2.350333860842687,0.19966613915731182,-8.881784197001252e-16
1335.0,2.3502064978610875,0.1997935021389112,-1.3322676295501878e-15
1336.0,2.3500791572556556,0.19992084274434246,-1.7763568394002505e-15
1337.0,2.3499518390135976,0.20004816098640082,-1.3322676295501878e-15
1338.0,2.349824543122151,0.200175456877847,-1.7763568394002505e-15
1339.0,2.3496972695685905,0.20030273043140864,-8.881784197001252e-16
1340.0,2.3495700183402173,0.20042998165978085,-1.7763568394002505e-15
1341.0,2.349442789424371,0.2005572105756272,-1.7763568394002505e-15
1342.0,2.349315582808418,0.2006844171915804,-1.7763568394002505e-15
1343.0,2.3491883984797552,0.2008116015202431,-1.3322676295501878e-15
1344.0,2.34906123642581,0.2009387635741887,-1.3322676295501878e-15
1345.0,2.3489340966340366,0.2010659033659617,-1.3322676295501878e-15
1346.0,2.3488069790919193,0.20119302090807875,-1.7763568394002505e-15
1347.0,2.348679883786969,0.20132011621302912,-1.7763568394002505e-15
1348.0,2.3485528107067237,0.20144718929327513,-8.881784197001252e-16
1349.0,2.348425759838745,0.2015742401612528,-1.7763568394002505e-15
1350.0,2.3482987311706256,0.20170126882937267,-1.7763568394002505e-15
1351.0,2.3481717246899785,0.20182827531001968,-1.7763568394002505e-15
1352.0,2.3480447403844438,0.20195525961555427,-1.7763568394002505e-15
1353.0,2.3479177782416856,0.20208222175831247,-1.7763568394002505e-15
1354.0,2.347790838249392,0.2022091617506065,-1.3322676295501878e-15
1355.0,2.347663920395273,0.20233607960472497,-1.7763568394002505e-15
1356.0,2.347537024667065,0.20246297533293364,-1.3322676295501878e-15
1357.0,2.347410151052523,0.20258984894747553,-1.3322676295501878e-15
1358.0,2.347283299539427,0.20271670046057128,-1.3322676295501878e-15
1359.0,2.347156470115579,0.2028435298844196,-1.3322676295501878e-15
1360.0,2.3470296627688008,0.20297033723119756,-1.3322676295501878e-15
1361.0,2.346902877486938,0.20309712251306106,-8.881784197001252e-16
1362.0,2.3467761142578536,0.20322388574214464,-1.7763568394002505e-15
1363.0,2.346649373069436,0.2033506269305624,-1.3322676295501878e-15
1364.0,2.3465226539095903,0.20347734609040793,-1.7763568394002505e-15
1365.0,2.346395956766244,0.20360404323375464,-1.3322676295501878e-15
1366.0,2.3462692816273427,0.20373071837265594,-1.3322676295501878e-15
1367.0,2.3461426284808526,0.20385737151914554,-1.7763568394002505e-15
1368.0,2.346015997314761,0.20398400268523786,-8.881784197001252e-16
1369.0,2.345889388117071,0.2041106118829279,-8.881784197001252e-16
1370.0,2.3457628008758067,0.20423719912419167,-1.3322676295501878e-15
1371.0,2.3456362355790126,0.20436376442098647,-8.881784197001252e-16
1372.0,2.345509692214748,0.20449030778525104,-8.881784197001252e-16
1373.0,2.3453831707710937,0.20461682922890542,-8.881784197001252e-16
1374.0,2.345256671236147,0.2047433287638517,-8.881784197001252e-16
1375.0,2.3451301935980258,0.20486980640197386,0.0
1376.0,2.345003737844861,0.20499626215513786,-8.881784197001252e-16
1377.0,2.344877303964806,0.20512269603519215,-1.7763568394002505e-15
1378.0,2.3447508919460316,0.20524910805396737,-8.881784197001252e-16
1379.0,2.3446245017767215,0.20537549822327691,-1.3322676295501878e-15
1380.0,2.344498133445082,0.20550186655491684,-1.3322676295501878e-15
1381.0,2.3443717866712137,0.2056282133287847,-1.3322676295501878e-15
1382.0,2.344245461099841,0.20575453890015713,-1.7763568394002505e-15
1383.0,2.344119156721106,0.2058808432788924,-1.3322676295501878e-15
1384.0,2.3439928735251025,0.20600712647489552,-1.7763568394002505e-15
1385.0,2.343866611501883,0.2061333884981154,-1.3322676295501878e-15
1386.0,2.3437403706414566,0.2062596293585422,-8.881784197001252e-16
1387.0,2.343614150933794,0.20638584906620405,-1.7763568394002505e-15
1388.0,2.3434879523688332,0.20651204763116518,-1.3322676295501878e-15
1389.0,2.3433617749364752,0.206638225063523,-1.7763568394002505e-15
1390.0,2.343235618626592,0.20676438137340644,-1.3322676295501878e-15
1391.0,2.3431094834290254,0.20689051657097315,-1.3322676295501878e-15
1392.0,2.34298336933359,0.2070166306664079,-1.7763568394002505e-15
1393.0,2.342857276330078,0.2071427236699206,-1.3322676295501878e-15
1394.0,2.342731204408254,0.20726879559174433,-1.3322676295501878e-15
1395.0,2.3426051535578645,0.20739484644213388,-1.3322676295501878e-15
1396.0,2.3424791237686344,0.207520876231364,-1.3322676295501878e-15
1397.0,2.3423531150302703,0.20764688496972789,-1.7763568394002505e-15
1398.0,2.342227127332462,0.20777287266753572,-1.7763568394002505e-15
1399.0,2.342101160664885,0.20789883933511336,-1.3322676295501878e-15
1400.0,2.341975215017198,0.20802478498280103,-8.881784197001252e-16
1401.0,2.3418492903790464,0.20815070962095197,-1.3322676295501878e-15
1402.0,2.3417233867400675,0.20827661325993152,-8.881784197001252e-16
1403.0,2.341597504089883,0.2084024959101158,-1.3322676295501878e-15
1404.0,2.341471642418108,0.20852835758189087,-8.881784197001252e-16
1405.0,2.341345801714347,0.20865419828565152,-1.3322676295501878e-15
1406.0,2.341219981968198,0.2087800180318006,-1.3322676295501878e-15
1407.0,2.341094183169251,0.20890581683074788,-8.881784197001252e-16
1408.0,2.340968405307089,0.20903159469290952,-1.3322676295501878e-15
1409.0,2.3408426483712916,0.20915735162870677,-1.3322676295501878e-15
1410.0,2.340716912351432,0.2092830876485659,-1.7763568394002505e-15
1411.0,2.340591197237081,0.20940880276291693,-1.7763568394002505e-15
1412.0,2.3404655030178056,0.20953449698219315,-8.881784197001252e-16
1413.0,2.3403398296831686,0.20966017031683054,-8.881784197001252e-16
1414.0,2.3402141772227316,0.20978582277726712,-8.881784197001252e-16
1415.0,2.3400885456260565,0.20991145437394243,-8.881784197001252e-16
1416.0,2.3399629348827022,0.21003706511729672,-8.881784197001252e-16
1417.0,2.339837344982228,0.21016265501777087,-8.881784197001252e-16
1418.0,2.339711775914193,0.2102882240858055,-8.881784197001252e-16
1419.0,2.3395862276681583,0.2104137723318407,-8.881784197001252e-16
1420.0,2.3394607002336834,0.21053929976631555,-8.881784197001252e-16
1421.0,2.3393351936003315,0.21066480639966775,-4.440892098500626e-16
1422.0,2.3392097077576657,0.2107902922423332,-8.881784197001252e-16
1423.0,2.3390842426952534,0.21091575730474546,-8.881784197001252e-16
1424.0,2.338958798402663,0.2110412015973356,-1.3322676295501878e-15
1425.0,2.3388333748694667,0.2111666251305319,-1.3322676295501878e-15
1426.0,2.3387079720852397,0.2112920279147591,-8.881784197001252e-16
1427.0,2.33858259003956,0.2114174099604387,-8.881784197001252e-16
1428.0,2.3384572287220107,0.2115427712779883,-8.881784197001252e-16
1429.0,2.3383318881221773,0.21166811187782117,-1.3322676295501878e-15
1430.0,2.3382065682296522,0.21179343177034649,-8.881784197001252e-16
1431.0,2.33808126903403,0.21191873096596864,-1.3322676295501878e-15
1432.0,2.3379559905249114,0.2120440094750873,-8.881784197001252e-16
1433.0,2.337830732691902,0.21216926730809674,-8.881784197001252e-16
1434.0,2.337705495524613,0.21229450447538611,-8.881784197001252e-16
1435.0,2.3375802790126596,0.21241972098733913,-8.881784197001252e-16
1436.0,2.337455083145665,0.21254491685433358,-1.3322676295501878e-15
1437.0,2.337329907913257,0.2126700920867415,-1.3322676295501878e-15
1438.0,2.3372047533050697,0.21279524669492872,-1.3322676295501878e-15
1439.0,2.337079619310744,0.21292038068925495,-8.881784197001252e-16
1440.0,2.336954505919925,0.21304549408007337,-1.3322676295501878e-15
1441.0,2.336829413267984,0.21317058673201408,-1.7763568394002505e-15
1442.0,2.336704341531274,0.2132956584687243,-1.3322676295501878e-15
1443.0,2.3365792906984355,0.2134207093015628,-1.3322676295501878e-15
1444.0,2.3364542607581513,0.21354573924184705,-1.3322676295501878e-15
1445.0,2.3363292516991443,0.21367074830085458,-8.881784197001252e-16
1446.0,2.3362042635101736,0.21379573648982464,-1.7763568394002505e-15
1447.0,2.33607929618004,0.2139207038199594,-4.440892098500626e-16
1448.0,2.3359543496975728,0.21404565030242553,-1.3322676295501878e-15
1449.0,2.3358294240516435,0.21417057594835517,-1.3322676295501878e-15
1450.0,2.3357045192311516,0.21429548076884725,-8.881784197001252e-16
1451.0,2.3355796352250295,0.2144203647749686,-1.7763568394002505e-15
1452.0,2.3354547720222434,0.21454522797775488,-1.7763568394002505e-15
1453.0,2.3353299296117864,0.21467007038821184,-1.7763568394002505e-15
1454.0,2.335205107982682,0.21479489201731597,-1.7763568394002505e-15
1455.0,2.3350803071239827,0.21491969287601573,-1.3322676295501878e-15
1456.0,2.334955527024767,0.21504447297523183,-1.3322676295501878e-15
1457.0,2.3348307676741396,0.2151692323258587,-1.7763568394002505e-15
1458.0,2.334706029061234,0.21529397093876473,-8.881784197001252e-16
1459.0,2.334581311175205,0.2154186888247934,-1.3322676295501878e-15
1460.0,2.334456614005235,0.2155433859947636,-1.3322676295501878e-15
1461.0,2.334331937540528,0.21566806245947054,-1.3322676295501878e-15
1462.0,2.3342072817703126,0.21579271822968618,-8.881784197001252e-16
1463.0,2.334082646683838,0.21591735331615988,-1.7763568394002505e-15
1464.0,2.3339580322703792,0.21604196772961898,-1.7763568394002505e-15
1465.0,2.333833438519229,0.21616656148076932,-1.3322676295501878e-15
1466.0,2.3337088654197027,0.2162911345802957,-1.3322676295501878e-15
1467.0,2.333584312961136,0.21641568703886238,-1.3322676295501878e-15
1468.0,2.3334597811328854,0.21654021886711347,-8.881784197001252e-16
1469.0,2.333335269924325,0.21666473007567344,-1.3322676295501878e-15
1470.0,2.333210779324851,0.21678922067514741,-1.3322676295501878e-15
1471.0,2.3330863093238774,0.21691369067612173,-8.881784197001252e-16
1472.0,2.332961859910834,0.2170381400891641,-1.7763568394002505e-15
1473.0,2.3328374310751743,0.21716256892482422,-1.3322676295501878e-15
1474.0,2.3327130228063644,0.2172869771936337,-1.7763568394002505e-15
1475.0,2.332588635093892,0.21741136490610682,-8.881784197001252e-16
1476.0,2.332464267927258,0.21753573207274057,-1.3322676295501878e-15
1477.0,2.332339921295984,0.21766007870401485,-8.881784197001252e-16
1478.0,2.3322155951896058,0.21778440481039307,-8.881784197001252e-16
1479.0,2.332091289597677,0.21790871040232207,-8.881784197001252e-16
1480.0,2.331967004509766,0.21803299549023267,-1.3322676295501878e-15
1481.0,2.331842739915459,0.21815726008453967,-8.881784197001252e-16
1482.0,2.3317184958043566,0.21828150419564216,-8.881784197001252e-16
1483.0,2.3315942721660754,0.2184057278339237,-8.881784197001252e-16
1484.0,2.3314700689902463,0.21852993100975265,-8.881784197001252e-16
1485.0,2.331345886266517,0.21865411373348217,-8.881784197001252e-16
1486.0,2.331221723984548,0.21877827601545058,-1.3322676295501878e-15
1487.0,2.3310975821340167,0.2189024178659815,-1.7763568394002505e-15
1488.0,2.3309734607046146,0.21902653929538396,-1.3322676295501878e-15
1489.0,2.3308493596860456,0.2191506403139526,-1.7763568394002505e-15
1490.0,2.330725279068031,0.21927472093196773,-8.881784197001252e-16
1491.0,2.330601218840303,0.21939878115969577,-1.3322676295501878e-15
1492.0,2.3304771789926098,0.219522821007389,-8.881784197001252e-16
1493.0,2.3303531595147127,0.21964684048528607,-8.881784197001252e-16
1494.0,2.3302291603963865,0.2197708396036118,-1.3322676295501878e-15
1495.0,2.3301051816274203,0.21989481837257757,-1.7763568394002505e-15
1496.0,2.329981223197617,0.22001877680238127,-1.7763568394002505e-15
1497.0,2.3298572850967907,0.22014271490320755,-1.7763568394002505e-15
1498.0,2.32973336731477,0.2202666326852278,-1.7763568394002505e-15
1499.0,2.329609469841397,0.2203905301586005,-2.220446049250313e-15
1500.0,2.329485592666527,0.22051440733347089,-1.7763568394002505e-15
1501.0,2.3293617357333973,0.22063826426660071,-1.7763568394002505e-15
1502.0,2.329237898972147,0.22076210102785143,-1.3322676295501878e-15
1503.0,2.329114082372996,0.22088591762700174,-1.7763568394002505e-15
1504.0,2.32899028592617,0.22100971407382863,-1.3322676295501878e-15
1505.0,2.3288665096218915,0.22113349037810714,-1.3322676295501878e-15
1506.0,2.3287427534503884,0.22125724654960977,-1.7763568394002505e-15
1507.0,2.3286190174018926,0.2213809825981061,-1.3322676295501878e-15
1508.0,2.328495301466636,0.22150469853336238,-1.7763568394002505e-15
1509.0,2.3283716056348576,0.22162839436514134,-8.881784197001252e-16
1510.0,2.3282479298967975,0.22175207010320164,-8.881784197001252e-16
1511.0,2.3281242742427004,0.22187572575729775,-1.7763568394002505e-15
1512.0,2.328000638662819,0.22199936133717946,-1.3322676295501878e-15
1513.0,2.3278770231474066,0.22212297685259183,-1.3322676295501878e-15
1514.0,2.3277534276867238,0.22224657231327474,-1.3322676295501878e-15
1515.0,2.3276298522710364,0.2223701477289627,-8.881784197001252e-16
1516.0,2.327506296890614,0.22249370310938477,-8.881784197001252e-16
1517.0,2.3273827615357354,0.22261723846426393,-4.440892098500626e-16
1518.0,2.3272592461966815,0.22274075380331743,-8.881784197001252e-16
1519.0,2.3271357508637425,0.22286424913625613,-1.3322676295501878e-15
1520.0,2.3270122755272142,0.2229877244727845,-8.881784197001252e-16
1521.0,2.326888820177398,0.22311117982260062,-1.3322676295501878e-15
1522.0,2.326765384804603,0.22323461519539567,-1.3322676295501878e-15
1523.0,2.3266419693991454,0.22335803060085405,-4.440892098500626e-16
1524.0,2.3265185739513456,0.22348142604865304,-1.3322676295501878e-15
1525.0,2.3263951984515363,0.22360480154846288,-4.440892098500626e-16
1526.0,2.326271842890052,0.22372815710994645,-1.3322676295501878e-15
1527.0,2.326148507257239,0.22385149274275926,-1.3322676295501878e-15
1528.0,2.32602519154345,0.22397480845654924,-4.440892098500626e-16
1529.0,2.3259018957390425,0.22409810426095678,-4.440892098500626e-16
1530.0,2.3257786198343844,0.22422138016561455,-8.881784197001252e-16
1531.0,2.3256553638198514,0.22434463618014738,-8.881784197001252e-16
1532.0,2.325532127685827,0.2244678723141722,-4.440892098500626e-16
1533.0,2.3254089114227012,0.22459108857729795,-4.440892098500626e-16
1534.0,2.3252857150208737,0.22471428497912557,-4.440892098500626e-16
1535.0,2.325162538470751,0.2248374615292478,-1.3322676295501878e-15
1536.0,2.3250393817627497,0.2249606182372492,-8.881784197001252e-16
1537.0,2.324916244887293,0.22508375511270604,-8.881784197001252e-16
1538.0,2.3247931278348126,0.22520687216518637,-8.881784197001252e-16
1539.0,2.324670030595749,0.22532996940424968,-1.3322676295501878e-15
1540.0,2.3245469531605516,0.22545304683944717,-8.881784197001252e-16
1541.0,2.324423895519677,0.22557610448032156,-1.3322676295501878e-15
1542.0,2.324300857663592,0.22569914233640698,-8.881784197001252e-16
1543.0,2.3241778395827697,0.2258221604172291,-8.881784197001252e-16
1544.0,2.3240548412676936,0.22594515873230483,-1.3322676295501878e-15
1545.0,2.3239318627088563,0.2260681372911425,-8.881784197001252e-16
1546.0,2.3238089038967567,0.22619109610324176,-1.3322676295501878e-15
1547.0,2.323685964821905,0.2263140351780935,-1.3322676295501878e-15
1548.0,2.3235630454748186,0.22643695452518012,-8.881784197001252e-16
1549.0,2.3234401458460243,0.2265598541539749,-4.440892098500626e-16
1550.0,2.323317265926056,0.22668273407394252,-1.3322676295501878e-15
1551.0,2.3231944057054603,0.2268055942945387,-8.881784197001252e-16
1552.0,2.3230715651747875,0.22692843482521052,-1.7763568394002505e-15
1553.0,2.3229487443246026,0.2270512556753961,-8.881784197001252e-16
1554.0,2.3228259431454736,0.22717405685452471,-1.3322676295501878e-15
1555.0,2.322703161627982,0.2272968383720166,-1.3322676295501878e-15
1556.0,2.3225803997627152,0.22741960023728333,-1.3322676295501878e-15
1557.0,2.3224576575402716,0.22754234245972732,-8.881784197001252e-16
1558.0,2.322334934951257,0.22766506504874218,-8.881784197001252e-16
1559.0,2.3222122319862866,0.2277877680137125,-8.881784197001252e-16
1560.0,2.322089548635985,0.22791045136401397,-8.881784197001252e-16
1561.0,2.3219668849084716,0.2280331150915273,-8.881784197001252e-16
1562.0,2.321844240816792,0.2281557591832071,-8.881784197001252e-16
1563.0,2.321721616351473,0.22827838364852532,-1.3322676295501878e-15
1564.0,2.321599011503058,0.22840098849694074,-8.881784197001252e-16
1565.0,2.3214764262621,0.22852357373789922,-8.881784197001252e-16
1566.0,2.3213538606191655,0.22864613938083397,-4.440892098500626e-16
1567.0,2.321231314564834,0.22876868543516568,-4.440892098500626e-16
1568.0,2.3211087880896963,0.22889121191030273,-8.881784197001252e-16
1569.0,2.3209862811843576,0.2290137188156412,-8.881784197001252e-16
1570.0,2.320863793839434,0.2291362061605651,-8.881784197001252e-16
1571.0,2.3207413260455527,0.22925867395444666,-4.440892098500626e-16
1572.0,2.3206188777933527,0.22938112220664617,-8.881784197001252e-16
1573.0,2.3204964490734867,0.22950355092651245,-4.440892098500626e-16
1574.0,2.320374039876616,0.22962596012338254,-1.3322676295501878e-15
1575.0,2.3202516501934163,0.2297483498065823,-1.3322676295501878e-15
1576.0,2.3201292800145725,0.22987071998542616,-1.3322676295501878e-15
1577.0,2.320006929330782,0.22999307066921743,-4.440892098500626e-16
1578.0,2.3198845981327505,0.23011540186724824,-8.881784197001252e-16
1579.0,2.3197622864111986,0.2302377135887999,-1.3322676295501878e-15
1580.0,2.3196399941568564,0.23036000584314265,-8.881784197001252e-16
1581.0,2.3195177213604636,0.23048227863953594,-4.440892098500626e-16
1582.0,2.3193954680127704,0.23060453198722858,-8.881784197001252e-16
1583.0,2.3192732341045406,0.23072676589545854,-8.881784197001252e-16
1584.0,2.319151019626545,0.23084898037345347,-1.3322676295501878e-15
1585.0,2.3190288245695676,0.2309711754304303,-1.7763568394002505e-15
1586.0,2.3189066489244032,0.2310933510755957,-8.881784197001252e-16
1587.0,2.3187844926818535,0.23121550731814586,-4.440892098500626e-16
1588.0,2.318662355832732,0.23133764416726674,-1.3322676295501878e-15
1589.0,2.318540238367864,0.23145976163213408,-1.7763568394002505e-15
1590.0,2.318418140278085,0.2315818597219133,-1.3322676295501878e-15
1591.0,2.318296061554239,0.2317039384457599,-8.881784197001252e-16
1592.0,2.318174002187179,0.23182599781281923,-1.7763568394002505e-15
1593.0,2.3180519621677718,0.2319480378322267,-1.3322676295501878e-15
1594.0,2.3179299414868906,0.2320700585131076,-1.7763568394002505e-15
1595.0,2.3178079401354212,0.2321920598645775,-8.881784197001252e-16
1596.0,2.3176859581042564,0.23231404189574206,-1.3322676295501878e-15
1597.0,2.317563995384302,0.23243600461569702,-8.881784197001252e-16
1598.0,2.3174420519664705,0.23255794803352853,-8.881784197001252e-16
1599.0,2.317320127841686,0.2326798721583128,-8.881784197001252e-16
1600.0,2.3171982230008816,0.23280177699911653,-1.7763568394002505e-15
1601.0,2.3170763374350023,0.23292366256499675,-8.881784197001252e-16
1602.0,2.316954471134997,0.2330455288650009,-1.7763568394002505e-15
1603.0,2.3168326240918313,0.23316737590816675,-1.7763568394002505e-15
1604.0,2.3167107962964755,0.23328920370352269,-1.7763568394002505e-15
1605.0,2.316588987739911,0.2334110122600874,-1.3322676295501878e-15
1606.0,2.3164671984131284,0.2335328015868703,-8.881784197001252e-16
1607.0,2.316345428307127,0.2336545716928713,-1.3322676295501878e-15
1608.0,2.3162236774129177,0.23377632258708095,-1.3322676295501878e-15
1609.0,2.316101945721518,0.23389805427848034,-1.3322676295501878e-15
1610.0,2.3159802332239567,0.2340197667760414,-1.7763568394002505e-15
1611.0,2.315858539911272,0.2341414600887266,-8.881784197001252e-16
1612.0,2.3157368657745097,0.23426313422548922,-8.881784197001252e-16
1613.0,2.315615210804726,0.23438478919527328,-8.881784197001252e-16
1614.0,2.315493574992985,0.23450642500701352,-1.3322676295501878e-15
1615.0,2.3153719583303634,0.23462804166963555,-8.881784197001252e-16
1616.0,2.315250360807943,0.23474963919205588,-8.881784197001252e-16
1617.0,2.3151287824168176,0.23487121758318172,-4.440892098500626e-16
1618.0,2.315007223148088,0.23499277685191128,-4.440892098500626e-16
1619.0,2.3148856829928652,0.2351143170071337,-8.881784197001252e-16
1620.0,2.3147641619422696,0.235235838057729,-1.3322676295501878e-15
1621.0,2.3146426599757732,0.23535734002422548,-8.881784197001252e-16
1622.0,2.314521177069578,0.23547882293042052,-1.3322676295501878e-15
1623.0,2.3143997132149137,0.235600286785085,-1.3322676295501878e-15
1624.0,2.3142782684030148,0.2357217315969836,-1.3322676295501878e-15
1625.0,2.3141568426251236,0.2358431573748744,-1.7763568394002505e-15
1626.0,2.3140354358724893,0.23596456412750927,-1.3322676295501878e-15
1627.0,2.3139140481363647,0.23608595186363354,-1.7763568394002505e-15
1628.0,2.3137926794080124,0.2362073205919856,-1.7763568394002505e-15
1629.0,2.313671329678701,0.23632867032129742,-1.3322676295501878e-15
1630.0,2.3135499989397044,0.23645000106029393,-1.3322676295501878e-15
1631.0,2.313428687182305,0.23657131281769325,-1.7763568394002505e-15
1632.0,2.3133073943977913,0.23669260560220662,-1.7763568394002505e-15
1633.0,2.3131861205774604,0.2368138794225381,-1.3322676295501878e-15
1634.0,2.3130648657126134,0.2369351342873847,-1.7763568394002505e-15
1635.0,2.312943629794562,0.2370563702054364,-1.3322676295501878e-15
1636.0,2.3128224128146226,0.23717758718537593,-1.3322676295501878e-15
1637.0,2.31270121476412,0.23729878523587863,-1.3322676295501878e-15
1638.0,2.3125800356343857,0.23741996436561272,-1.3322676295501878e-15
1639.0,2.31245887541676,0.23754112458323898,-8.881784197001252e-16
1640.0,2.3123377341025875,0.2376622658974109,-1.3322676295501878e-15
1641.0,2.312216611683224,0.23778338831677445,-1.3322676295501878e-15
1642.0,2.3120955081500307,0.2379044918499681,-8.881784197001252e-16
1643.0,2.311974423494375,0.23802557650562306,-1.7763568394002505e-15
1644.0,2.311853357707636,0.2381466422923628,-8.881784197001252e-16
1645.0,2.311732310781196,0.2382676892188033,-4.440892098500626e-16
1646.0,2.3116112827064463,0.23838871729355313,-4.440892098500626e-16
1647.0,2.311490273474786,0.23850972652521302,-8.881784197001252e-16
1648.0,2.3113692830776227,0.23863071692237622,-8.881784197001252e-16
1649.0,2.3112483115063704,0.23875168849362835,-8.881784197001252e-16
1650.0,2.311127358752452,0.2388726412475473,-4.440892098500626e-16
1651.0,2.311006424807296,0.23899357519270337,-4.440892098500626e-16
1652.0,2.3108855096623397,0.23911449033765908,-8.881784197001252e-16
1653.0,2.3107646133090296,0.23923538669096928,-8.881784197001252e-16
1654.0,2.310643735738818,0.2393562642611811,-4.440892098500626e-16
1655.0,2.310522876943165,0.239477123056834,-8.881784197001252e-16
1656.0,2.310402036913539,0.23959796308645956,-8.881784197001252e-16
1657.0,2.3102812156414165,0.23971878435858174,-1.7763568394002505e-15
1658.0,2.3101604131182825,0.23983958688171672,-4.440892098500626e-16
1659.0,2.3100396293356256,0.23996037066437284,-1.3322676295501878e-15
1660.0,2.309918864284948,0.2400811357150508,-8.881784197001252e-16
1661.0,2.309798117957755,0.24020188204224335,-1.7763568394002505e-15
1662.0,2.3096773903455636,0.24032260965443553,-8.881784197001252e-16
1663.0,2.3095566814398936,0.24044331856010467,-1.7763568394002505e-15
1664.0,2.3094359912322786,0.2405640087677202,-8.881784197001252e-16
1665.0,2.3093153197142557,0.24068468028574383,-4.440892098500626e-16
1666.0,2.3091946668773695,0.2408053331226294,-8.881784197001252e-16
1667.0,2.3090740327131765,0.2409259672868229,-4.440892098500626e-16
1668.0,2.3089534172132353,0.2410465827867628,-1.7763568394002505e-15
1669.0,2.3088328203691195,0.24116717963087952,-8.881784197001252e-16
1670.0,2.308712242172404,0.24128775782759573,-4.440892098500626e-16
1671.0,2.3085916826146726,0.2414083173853264,-8.881784197001252e-16
1672.0,2.30847114168752,0.24152885831247856,-1.3322676295501878e-15
1673.0,2.308350619382548,0.24164938061745148,-4.440892098500626e-16
1674.0,2.3082301156913623,0.24176988430863677,-8.881784197001252e-16
1675.0,2.308109630605581,0.24189036939441808,-8.881784197001252e-16
1676.0,2.3079891641168278,0.24201083588317143,-4.440892098500626e-16
1677.0,2.3078687162167335,0.24213128378326493,-1.3322676295501878e-15
1678.0,2.30774828689694,0.24225171310305899,-8.881784197001252e-16
1679.0,2.307627876149093,0.24237212385090626,-4.440892098500626e-16
1680.0,2.3075074839648475,0.24249251603515157,-8.881784197001252e-16
1681.0,2.307387110353353,0.242612889646646,-8.881784197001252e-16
1682.0,2.3072667553286834,0.24273324467131577,-4.440892098500626e-16
1683.0,2.307146418882393,0.2428535811176057,-8.881784197001252e-16
1684.0,2.30702610100605,0.2429738989939487,-8.881784197001252e-16
1685.0,2.306905801691233,0.24309419830876614,-8.881784197001252e-16
1686.0,2.306785520929531,0.24321447907046798,-8.881784197001252e-16
1687.0,2.306665258712546,0.24333474128745292,-8.881784197001252e-16
1688.0,2.3065450150318902,0.2434549849681086,-8.881784197001252e-16
1689.0,2.306424789879187,0.24357521012081185,-8.881784197001252e-16
1690.0,2.306304583246071,0.24369541675392858,-4.440892098500626e-16
1691.0,2.306184395124185,0.24381560487581425,-4.440892098500626e-16
1692.0,2.3060642255051853,0.24393577449481382,-8.881784197001252e-16
1693.0,2.305944074380738,0.244055925619262,0.0
1694.0,2.305823941742516,0.24417605825748312,-4.440892098500626e-16
1695.0,2.3057038275822075,0.24429617241779167,-8.881784197001252e-16
1696.0,2.3055837318915073,0.24441626810849199,-4.440892098500626e-16
1697.0,2.305463654662121,0.2445363453378787,0.0
1698.0,2.305343595885762,0.24465640411423664,-8.881784197001252e-16
1699.0,2.305223555554158,0.24477644444584104,-8.881784197001252e-16
1700.0,2.3051035336590413,0.24489646634095755,-8.881784197001252e-16
1701.0,2.3049835301921564,0.24501646980784228,-1.3322676295501878e-15
1702.0,2.3048635451452566,0.24513645485474211,-8.881784197001252e-16
1703.0,2.304743578510105,0.24525642148989468,0.0
1704.0,2.3046236302784706,0.24537636972152824,-8.881784197001252e-16
1705.0,2.304503700442138,0.245496299557862,0.0
1706.0,2.3043837889928933,0.24561621100710618,-4.440892098500626e-16
1707.0,2.3042638959225377,0.24573610407746183,-4.440892098500626e-16
1708.0,2.304144021222878,0.24585597877712131,-4.440892098500626e-16
1709.0,2.304024164885731,0.24597583511426807,-8.881784197001252e-16
1710.0,2.3039043269029222,0.24609567309707653,-8.881784197001252e-16
1711.0,2.3037845072662866,0.24621549273371277,-4.440892098500626e-16
1712.0,2.3036647059676656,0.24633529403233378,-4.440892098500626e-16
1713.0,2.303544922998911,0.2464550770010883,-4.440892098500626e-16
1714.0,2.303425158351883,0.2465748416481162,-4.440892098500626e-16
1715.0,2.3033054120184504,0.24669458798154903,-4.440892098500626e-16
1716.0,2.30318568399049,0.2468143160095097,0.0
1717.0,2.3030659742598862,0.2469340257401129,-8.881784197001252e-16
1718.0,2.3029462828185348,0.2470537171814647,-4.440892098500626e-16
1719.0,2.302826609658336,0.24717339034166308,-8.881784197001252e-16
1720.0,2.302706954771202,0.24729304522879744,-4.440892098500626e-16
1721.0,2.3025873181490493,0.24741268185094922,-1.3322676295501878e-15
1722.0,2.302467699783808,0.24753230021619144,-4.440892098500626e-16
1723.0,2.30234809966741,0.24765190033258896,-8.881784197001252e-16
1724.0,2.3022285177918005,0.24777148220819856,-8.881784197001252e-16
1725.0,2.3021089541489292,0.24789104585106886,-1.7763568394002505e-15
1726.0,2.3019894087307584,0.24801059126924055,-8.881784197001252e-16
1727.0,2.3018698815292526,0.24813011847074595,-1.3322676295501878e-15
1728.0,2.301750372536389,0.24824962746360965,-1.3322676295501878e-15
1729.0,2.3016308817441513,0.24836911825584815,-4.440892098500626e-16
1730.0,2.301511409144529,0.24848859085547004,-8.881784197001252e-16
1731.0,2.3013919547295236,0.24860804527047603,0.0
1732.0,2.30127251849114,0.24872748150885882,-1.3322676295501878e-15
1733.0,2.3011531004213954,0.24884689957860331,-8.881784197001252e-16
1734.0,2.3010337005123125,0.2489662994876866,-8.881784197001252e-16
1735.0,2.3009143187559213,0.24908568124407784,-4.440892098500626e-16
1736.0,2.30079495514426,0.24920504485573855,-1.3322676295501878e-15
1737.0,2.300675609669377,0.24932439033062245,-4.440892098500626e-16
1738.0,2.300556282323324,0.2494437176766755,0.0
1739.0,2.300436973098163,0.24956302690183585,-8.881784197001252e-16
1740.0,2.300317681985965,0.24968231801403415,-4.440892098500626e-16
1741.0,2.300198408990463,0.2498015910095359,-1.3322676295501878e-15
1742.0,2.3000791541186776,0.2499208458813209,-1.3322676295501878e-15
1743.0,2.29995991736262,0.2500400826373789,-8.881784197001252e-16
1744.0,2.299840698714309,0.2501593012856895,-1.3322676295501878e-15
1745.0,2.2997214981657774,0.25027850183422184,-4.440892098500626e-16
1746.0,2.299602315709064,0.2503976842909352,-8.881784197001252e-16
1747.0,2.2994831513362204,0.250516848663779,-4.440892098500626e-16
1748.0,2.2993640050393056,0.250635994960693,-1.3322676295501878e-15
1749.0,2.2992448768103917,0.2507551231896072,-8.881784197001252e-16
1750.0,2.299125766641557,0.2508742333584421,-8.881784197001252e-16
1751.0,2.29900667452489,0.2509933254751089,-8.881784197001252e-16
1752.0,2.2988876004524896,0.2511123995475094,-8.881784197001252e-16
1753.0,2.2987685444164625,0.2512314555835363,-8.881784197001252e-16
1754.0,2.298649506408926,0.2513504935910732,-4.440892098500626e-16
1755.0,2.298530486422004,0.25146951357799474,-8.881784197001252e-16
1756.0,2.298411484447832,0.2515885155521665,-1.3322676295501878e-15
1757.0,2.298292500478554,0.2517074995214454,-4.440892098500626e-16
1758.0,2.2981735345063194,0.25182646549367954,-8.881784197001252e-16
1759.0,2.29805458652329,0.2519454134767083,-1.7763568394002505e-15
1760.0,2.2979356565216364,0.25206434347836254,-8.881784197001252e-16
1761.0,2.297816744493534,0.25218325550646464,-1.3322676295501878e-15
1762.0,2.2976978504311703,0.2523021495688284,-1.3322676295501878e-15
1763.0,2.2975789743267394,0.25242102567325936,-8.881784197001252e-16
1764.0,2.297460116172444,0.2525398838275546,-8.881784197001252e-16
1765.0,2.2973412759604956,0.252658724039503,-1.3322676295501878e-15
1766.0,2.2972224536831134,0.2527775463168853,-8.881784197001252e-16
1767.0,2.2971036493325245,0.2528963506674739,-1.3322676295501878e-15
1768.0,2.2969848629009655,0.2530151370990333,-8.881784197001252e-16
1769.0,2.2968660943806793,0.25313390561931975,-8.881784197001252e-16
1770.0,2.2967473437639168,0.2532526562360816,-1.3322676295501878e-15
1771.0,2.29662861104294,0.2533713889570593,-4.440892098500626e-16
1772.0,2.2965098962100132,0.2534901037899852,-1.3322676295501878e-15
1773.0,2.2963911992574153,0.253608800742584,-4.440892098500626e-16
1774.0,2.2962725201774266,0.2537274798225724,-8.881784197001252e-16
1775.0,2.2961538589623394,0.2538461410376594,-8.881784197001252e-16
1776.0,2.296035215604453,0.2539647843955462,-8.881784197001252e-16
1777.0,2.295916590096072,0.2540834099039263,-1.3322676295501878e-15
1778.0,2.2957979824295136,0.25420201757048555,-8.881784197001252e-16
1779.0,2.295679392597097,0.25432060740290224,-8.881784197001252e-16
1780.0,2.2955608205911524,0.25443917940884686,-4.440892098500626e-16
1781.0,2.295442266404016,0.25455773359598255,-8.881784197001252e-16
1782.0,2.295323730028034,0.25467626997196463,-1.3322676295501878e-15
1783.0,2.2952052114555577,0.25479478854444126,-8.881784197001252e-16
1784.0,2.295086710678946,0.2549132893210527,-1.3322676295501878e-15
1785.0,2.2949682276905667,0.2550317723094321,-8.881784197001252e-16
1786.0,2.294849762482793,0.25515023751720517,-1.7763568394002505e-15
1787.0,2.2947313150480086,0.25526868495199007,-8.881784197001252e-16
1788.0,2.2946128853786005,0.25538711462139757,-1.7763568394002505e-15
1789.0,2.2944944734669668,0.2555055265330314,-1.7763568394002505e-15
1790.0,2.2943760793055112,0.2556239206944875,-8.881784197001252e-16
1791.0,2.294257702886644,0.255742297113355,-8.881784197001252e-16
1792.0,2.294139344202783,0.2558606557972155,-1.3322676295501878e-15
1793.0,2.2940210032463555,0.2559789967536433,-8.881784197001252e-16
1794.0,2.2939026800097926,0.2560973199902056,-1.7763568394002505e-15
1795.0,2.2937843744855373,0.2562156255144623,0.0
1796.0,2.2936660866660326,0.2563339133339663,-8.881784197001252e-16
1797.0,2.2935478165437355,0.25645218345626336,-8.881784197001252e-16
1798.0,2.2934295641111073,0.2565704358888917,-8.881784197001252e-16
1799.0,2.2933113293606153,0.2566886706393829,-1.7763568394002505e-15
1800.0,2.293193112284737,0.2568068877152613,-1.3322676295501878e-15
