time_s,r_0.0_cm,r_0.1_cm,r_0.2_cm,r_0.3_cm,r_0.4_cm,r_0.5_cm,r_0.6_cm,r_0.7_cm,r_0.8_cm,r_0.9_cm,r_1.0_cm,r_1.1_cm,r_1.2_cm,r_1.3_cm,r_1.4_cm,r_1.5_cm,r_1.6_cm,r_1.7_cm,r_1.8_cm,r_1.9_cm,r_2.0_cm
0.0,2.55,2.55,2.55,2.55,2.55,2.55,2.55,2.55,2.55,2.55,2.55,2.55,2.55,2.55,2.55,2.55,2.55,2.55,2.55,2.55,2.55
1.0,2.55,2.55,2.55,2.55,2.55,2.55,2.55,2.55,2.55,2.55,2.55,2.55,2.55,2.55,2.55,2.55,2.55,2.55,2.5499999999977936,2.5499996500580746,2.5420009762862876
2.0,2.55,2.55,2.55,2.55,2.55,2.55,2.55,2.55,2.55,2.55,2.55,2.55,2.55,2.55,2.55,2.55,2.55,2.5499999999999967,2.5499999998335974,2.5499966056008323,2.5343298521169
3.0,2.55,2.55,2.55,2.55,2.55,2.55,2.55,2.55,2.55,2.55,2.55,2.55,2.55,2.55,2.55,2.55,2.55,2.5499999999999194,2.5499999984339716,2.5499880972168785,2.526967032070771
4.0,2.55,2.55,2.55,2.55,2.55,2.55,2.55,2.55,2.55,2.55,2.55,2.55,2.55,2.55,2.55,2.55,2.55,2.549999999999245,2.5499999928231647,2.5499716939961825,2.5198942277627228
5.0,2.55,2.55,2.55,2.55,2.55,2.55,2.55,2.55,2.55,2.55,2.55,2.55,2.55,2.55,2.55,2.55,2.55,2.549999999995961,2.5499999773131177,2.54994527220124,2.513094365696559
6.0,2.55,2.55,2.55,2.55,2.55,2.55,2.55,2.55,2.55,2.55,2.55,2.55,2.55,2.55,2.55,2.55,2.549999999999998,2.54999999998459,2.5499999428776974,2.549906986570176,2.506551501839152
7.0,2.55,2.55,2.55,2.55,2.55,2.55,2.55,2.55,2.55,2.55,2.55,2.55,2.55,2.55,2.55,2.55,2.5499999999999905,2.549999999953108,2.5499998766863605,2.5498552440417863,2.5002507424163865
8.0,2.55,2.55,2.55,2.55,2.55,2.55,2.55,2.55,2.55,2.55,2.55,2.55,2.55,2.55,2.55,2.55,2.5499999999999665,2.5499999998786476,2.5499997617751693,2.5497886797085574,2.4941781704686097
9.0,2.55,2.55,2.55,2.55,2.55,2.55,2.55,2.55,2.55,2.55,2.55,2.55,2.55,2.55,2.55,2.55,2.5499999999998995,2.5499999997219485,2.54999957683552,2.5497061348185928,2.488320777737518
10.0,2.55,2.55,2.55,2.55,2.55,2.55,2.55,2.55,2.55,2.55,2.55,2.55,2.55,2.55,2.55,2.55,2.5499999999997347,2.549999999420569,2.5499992961031688,2.549606636661174,2.4826664014882835
11.0,2.55,2.55,2.55,2.55,2.55,2.55,2.55,2.55,2.55,2.55,2.55,2.55,2.55,2.55,2.55,2.55,2.5499999999993688,2.5499999988809177,2.5499988893321195,2.549489380183486,2.4772036659003427
12.0,2.55,2.55,2.55,2.55,2.55,2.55,2.55,2.55,2.55,2.55,2.55,2.55,2.55,2.55,2.55,2.55,2.5499999999986156,2.549999997969168,2.549998321839728,2.549353711197903,2.471921927687713
13.0,2.55,2.55,2.55,2.55,2.55,2.55,2.55,2.55,2.55,2.55,2.55,2.55,2.55,2.55,2.55,2.55,2.5499999999971665,2.5499999965011835,2.5499975546109845,2.549199111050198,2.466811225635198
14.0,2.55,2.55,2.55,2.55,2.55,2.55,2.55,2.55,2.55,2.55,2.55,2.55,2.55,2.55,2.55,2.5499999999999976,2.5499999999945286,2.5499999942315594,2.549996544451375,2.5490251826292125,2.4618622337604115
15.0,2.55,2.55,2.55,2.55,2.55,2.55,2.55,2.55,2.55,2.55,2.55,2.55,2.55,2.55,2.55,2.549999999999994,2.5499999999899443,2.5499999908419184,2.5499952441790317,2.5488316376079085,2.457066217833375
16.0,2.55,2.55,2.55,2.55,2.55,2.55,2.55,2.55,2.55,2.55,2.55,2.55,2.55,2.55,2.55,2.5499999999999865,2.549999999982297,2.5499999859285976,2.5499936028480232,2.5486182848144137,2.4524149950056646
17.0,2.55,2.55,2.55,2.55,2.55,2.55,2.55,2.55,2.55,2.55,2.55,2.55,2.55,2.55,2.55,2.549999999999973,2.549999999969978,2.5499999789898746,2.549991565995676,2.5483850196396944,2.4479008963197497
18.0,2.55,2.55,2.55,2.55,2.55,2.55,2.55,2.55,2.55,2.55,2.55,2.55,2.55,2.55,2.55,2.54999999999995,2.549999999950744,2.549999969412857,2.549989075907769,2.54813181439591,2.4435167318864415
19.0,2.55,2.55,2.55,2.55,2.55,2.55,2.55,2.55,2.55,2.55,2.55,2.55,2.55,2.55,2.55,2.54999999999991,2.5499999999215293,2.5499999564601876,2.549986071896237,2.5478587095463308,2.4392557585343506
20.0,2.55,2.55,2.55,2.55,2.55,2.55,2.55,2.55,2.55,2.55,2.55,2.55,2.55,2.55,2.55,2.5499999999998435,2.549999999878226,2.5499999392566886,2.549982490584783,2.5475658057340422,2.435111649749964
21.0,2.55,2.55,2.55,2.55,2.55,2.55,2.55,2.55,2.55,2.55,2.55,2.55,2.55,2.55,2.55,2.549999999999737,2.5499999998154417,2.5499999167760725,2.5499782661984502,2.5472532565424593,2.4310784677406314
22.0,2.55,2.55,2.55,2.55,2.55,2.55,2.55,2.55,2.55,2.55,2.55,2.55,2.55,2.55,2.55,2.5499999999995686,2.549999999726202,2.5499998878278363,2.5499733308537733,2.5469212619260757,2.427150637465317
23.0,2.55,2.55,2.55,2.55,2.55,2.55,2.55,2.55,2.55,2.55,2.55,2.55,2.55,2.55,2.55,2.549999999999311,2.549999999601625,2.5499998510444444,2.5499676148466777,2.5465700622548173,2.4233229224896013
24.0,2.55,2.55,2.55,2.55,2.55,2.55,2.55,2.55,2.55,2.55,2.55,2.55,2.55,2.55,2.55,2.549999999998923,2.5499999994305473,2.5499998048689037,2.549961046935721,2.546199932919945,2.4195904025321795
25.0,2.55,2.55,2.55,2.55,2.55,2.55,2.55,2.55,2.55,2.55,2.55,2.55,2.55,2.55,2.55,2.5499999999983514,2.549999999199113,2.549999747542823,2.549953554618702,2.5458111794536675,2.4159484525800177
26.0,2.55,2.55,2.55,2.55,2.55,2.55,2.55,2.55,2.55,2.55,2.55,2.55,2.55,2.55,2.549999999999999,2.5499999999975227,2.5499999988903133,2.5499996770950224,2.5499450644010033,2.5454041331185073,2.4123927234585136
27.0,2.55,2.55,2.55,2.55,2.55,2.55,2.55,2.55,2.55,2.55,2.55,2.55,2.55,2.55,2.5499999999999954,2.5499999999963405,2.549999998483484,2.549999591330782,2.549935502054355,2.5449791469260354,2.408919123751452
28.0,2.55,2.55,2.55,2.55,2.55,2.55,2.55,2.55,2.55,2.55,2.55,2.55,2.55,2.55,2.549999999999992,2.5499999999946774,2.5499999979537575,2.549999487821776,2.549924792864987,2.544536592047896,2.4055238029734003
29.0,2.55,2.55,2.55,2.55,2.55,2.55,2.55,2.55,2.55,2.55,2.55,2.55,2.55,2.55,2.5499999999999865,2.549999999992371,2.5499999972714686,2.5499993638967524,2.5499128618703675,2.544076854585072,2.402203135904402
30.0,2.55,2.55,2.55,2.55,2.55,2.55,2.55,2.55,2.55,2.55,2.55,2.55,2.55,2.55,2.549999999999979,2.549999999989213,2.5499999964015165,2.549999216632993,2.549899634083945,2.5436003326641266,2.3989537080035177
31.0,2.55,2.55,2.55,2.55,2.55,2.55,2.55,2.55,2.55,2.55,2.55,2.55,2.55,2.55,2.5499999999999674,2.54999999998494,2.5499999953026777,2.549999042848601,2.549885034707483,2.543107433831757,2.395772301823928
32.0,2.55,2.55,2.55,2.55,2.55,2.55,2.55,2.55,2.55,2.55,2.55,2.55,2.55,2.55,2.5499999999999514,2.549999999979223,2.5499999939268863,2.5499988390956214,2.549868989330753,2.5425985727213294,2.3926558843580277
33.0,2.55,2.55,2.55,2.55,2.55,2.55,2.55,2.55,2.55,2.55,2.55,2.55,2.55,2.55,2.549999999999929,2.549999999971652,2.549999992218457,2.5499986016540377,2.5498514241184624,2.542074168967264,2.389601595246207
34.0,2.55,2.55,2.55,2.55,2.55,2.55,2.55,2.55,2.55,2.55,2.55,2.55,2.55,2.55,2.5499999999998977,2.5499999999617247,2.5499999901132804,2.5499983265266364,2.5498322659844304,2.541534645345152,2.386606735787901
35.0,2.55,2.55,2.55,2.55,2.55,2.55,2.55,2.55,2.55,2.55,2.55,2.55,2.55,2.55,2.5499999999998537,2.549999999948825,2.5499999875379693,2.5499980094347516,2.5498114427531053,2.5409804261172866,2.383668758697987
36.0,2.55,2.55,2.55,2.55,2.55,2.55,2.55,2.55,2.55,2.55,2.55,2.55,2.55,2.55,2.549999999999794,2.5499999999322074,2.5499999844089736,2.5499976458148943,2.549788883308621,2.540411935565057,2.3807852585557785
37.0,2.55,2.55,2.55,2.55,2.55,2.55,2.55,2.55,2.55,2.55,2.55,2.55,2.55,2.55,2.5499999999997134,2.549999999910974,2.5499999806316564,2.549997230816251,2.5497645177316386,2.5398295966911375,2.3779539628977324
38.0,2.55,2.55,2.55,2.55,2.55,2.55,2.55,2.55,2.55,2.55,2.55,2.55,2.55,2.55,2.549999999999605,2.5499999998840512,2.54999997609934,2.549996759299042,2.549738277424289,2.5392338300758945,2.3751727239085314
39.0,2.55,2.55,2.55,2.55,2.55,2.55,2.55,2.55,2.55,2.55,2.55,2.55,2.55,2.55,2.549999999999461,2.549999999850162,2.5499999706923187,2.5499962258337328,2.5497100952235727,2.538625052873717,2.37243951066852
40.0,2.55,2.55,2.55,2.55,2.55,2.55,2.55,2.55,2.55,2.55,2.55,2.55,2.55,2.55,2.549999999999272,2.549999999807796,2.549999964276845,2.549995624701065,2.549679905503616,2.538003677936215,2.3697524019185088
41.0,2.55,2.55,2.55,2.55,2.55,2.55,2.55,2.55,2.55,2.55,2.55,2.55,2.55,2.55,2.5499999999990246,2.5499999997551788,2.549999956704094,2.549994949892892,2.5496476442671976,2.537370113050306,2.367109579305809
42.0,2.55,2.55,2.55,2.55,2.55,2.55,2.55,2.55,2.55,2.55,2.55,2.55,2.55,2.55,2.5499999999987026,2.5499999996902343,2.5499999478091016,2.5499941951137965,2.5496132492270087,2.536724760280279,2.3645093210779398
43.0,2.55,2.55,2.55,2.55,2.55,2.55,2.55,2.55,2.55,2.55,2.55,2.55,2.55,2.549999999999999,2.5499999999982887,2.549999999610547,2.5499999374096856,2.549993353783449,2.5495766598770895,2.5360680154038153,2.3619499961929016
44.0,2.55,2.55,2.55,2.55,2.55,2.55,2.55,2.55,2.55,2.55,2.55,2.55,2.55,2.5499999999999954,2.5499999999977594,2.5499999995133185,2.54999992530535,2.549992419039689,2.5495378175549153,2.53540026743284,2.3594300588171317
45.0,2.55,2.55,2.55,2.55,2.55,2.55,2.55,2.55,2.55,2.55,2.55,2.55,2.55,2.549999999999992,2.549999999997086,2.549999999395323,2.549999911276181,2.54999138374229,2.549496665494623,2.5347218982108646,2.3569480431843344
46.0,2.55,2.55,2.55,2.55,2.55,2.55,2.55,2.55,2.55,2.55,2.55,2.55,2.55,2.5499999999999883,2.549999999996236,2.549999999252857,2.5499998950817275,2.5499902404773716,2.549453148871836,2.5340332820791875,2.3545025587903035
47.0,2.55,2.55,2.55,2.55,2.55,2.55,2.55,2.55,2.55,2.55,2.55,2.55,2.55,2.5499999999999843,2.5499999999951677,2.5499999990816846,2.54999987645988,2.5499889815624304,2.5494072148405675,2.533334785605013,2.352092285900631
48.0,2.55,2.55,2.55,2.55,2.55,2.55,2.55,2.55,2.55,2.55,2.55,2.55,2.55,2.549999999999977,2.549999999993834,2.549999998876982,2.549999855125746,2.5499875990519456,2.549358812562676,2.532626767365135,2.3497159713498483
49.0,2.55,2.55,2.55,2.55,2.55,2.55,2.55,2.55,2.55,2.55,2.55,2.55,2.55,2.5499999999999696,2.549999999992177,2.5499999986332735,2.549999830770522,2.549986084743528,2.549307893230327,2.5319095777794134,2.347372424612059
50.0,2.55,2.55,2.55,2.55,2.55,2.55,2.55,2.55,2.55,2.55,2.55,2.55,2.55,2.549999999999959,2.54999999999013,2.5499999983443704,2.549999803060375,2.5499844301845744,2.5492544100819154,2.5311835589887717,2.3450605141245573
51.0,2.55,2.55,2.55,2.55,2.55,2.55,2.55,2.55,2.55,2.55,2.55,2.55,2.55,2.5499999999999456,2.5499999999876133,2.5499999980032975,2.5499997716353264,2.5499826266793875,2.549198318411889,2.530449044772915,2.342779163847232
52.0,2.55,2.55,2.55,2.55,2.55,2.55,2.55,2.55,2.55,2.55,2.55,2.55,2.55,2.5499999999999288,2.5499999999845335,2.54999999760222,2.549999736108145,2.549980665296725,2.549139575574895,2.5297063605034156,2.3405273500417536
53.0,2.55,2.55,2.55,2.55,2.55,2.55,2.55,2.55,2.55,2.55,2.55,2.55,2.55,2.549999999999907,2.5499999999807823,2.5499999971323666,2.5499996960632556,2.549978536877743,2.5490781409846686,2.528955823128179,2.3383040982557013
54.0,2.55,2.55,2.55,2.55,2.55,2.55,2.55,2.55,2.55,2.55,2.55,2.55,2.55,2.54999999999988,2.549999999976233,2.5499999965839453,2.549999651055663,2.549976232044293,2.54901397610805,2.528197741183701,2.336108480497805
55.0,2.55,2.55,2.55,2.55,2.55,2.55,2.55,2.55,2.55,2.55,2.55,2.55,2.55,2.5499999999998457,2.54999999997074,2.5499999959460586,2.5499996006098913,2.5499737412075425,2.5489470444545312,2.5274324148318303,2.333939612591462
56.0,2.55,2.55,2.55,2.55,2.55,2.55,2.55,2.55,2.55,2.55,2.55,2.55,2.55,2.5499999999998026,2.549999999964134,2.5499999952066106,2.549999544218947,2.54997105457688,2.5488773115616774,2.526660135918068,2.331796651694574
57.0,2.55,2.55,2.55,2.55,2.55,2.55,2.55,2.55,2.55,2.55,2.55,2.55,2.55,2.5499999999997494,2.5499999999562206,2.5499999943522123,2.5499994813433027,2.5499681621690704,2.5488047449767905,2.525881188048705,2.3296787939746104
58.0,2.55,2.55,2.55,2.55,2.55,2.55,2.55,2.55,2.55,2.55,2.55,2.55,2.55,2.5499999999996836,2.5499999999467784,2.5499999933680817,2.549999411409913,2.5499650538176266,2.5487293142351377,2.525095846684366,2.3275852724285393
59.0,2.55,2.55,2.55,2.55,2.55,2.55,2.55,2.55,2.55,2.55,2.55,2.55,2.55,2.549999999999603,2.549999999935551,2.5499999922379395,2.549999333811251,2.5499617191823694,2.5486509908350685,2.524304379247747,2.325515354838027
60.0,2.55,2.55,2.55,2.55,2.55,2.55,2.55,2.55,2.55,2.55,2.55,2.55,2.55,2.549999999999504,2.54999999992225,2.549999990943899,2.5499992479043834,2.549958147759143,2.5485697482103213,2.5235070452435466,2.3234683418509383
61.0,2.55,2.55,2.55,2.55,2.55,2.55,2.55,2.55,2.55,2.55,2.55,2.55,2.55,2.5499999999993834,2.5499999999065457,2.5499999894663556,2.54999915301007,2.5499543288896453,2.5484855616998043,2.522704096388843,2.3214435679697223
62.0,2.55,2.55,2.55,2.55,2.55,2.55,2.55,2.55,2.55,2.55,2.55,2.55,2.55,2.549999999999236,2.5499999998880645,2.549999987783868,2.549999048411904,2.549950251771367,2.54839840851512,2.5218957767530448,2.3194403977092475
63.0,2.55,2.55,2.55,2.55,2.55,2.55,2.55,2.55,2.55,2.55,2.55,2.55,2.55,2.549999999999058,2.5499999998663836,2.5499999858730376,2.5499989333554884,2.549945905467587,2.548308267706089,2.521082322905461,2.3174582197015945
64.0,2.55,2.55,2.55,2.55,2.55,2.55,2.55,2.55,2.55,2.55,2.55,2.55,2.55,2.5499999999988425,2.549999999841029,2.5499999837083833,2.549998807047649,2.5499412789174176,2.5482151201245182,2.520263964067648,2.315496448890075
65.0,2.55,2.55,2.55,2.55,2.55,2.55,2.55,2.55,2.55,2.55,2.55,2.55,2.5499999999999967,2.5499999999985836,2.5499999998114666,2.5499999812622125,2.5499986686556855,2.549936360945862,2.548118948386429,2.5194409222703977,2.3135545251272673
66.0,2.55,2.55,2.55,2.55,2.55,2.55,2.55,2.55,2.55,2.55,2.55,2.55,2.549999999999993,2.549999999998273,2.549999999777097,2.5499999785044882,2.5499985173066673,2.549931140273861,2.5480197368329667,2.5186134125144997,2.311631911857274
67.0,2.55,2.55,2.55,2.55,2.55,2.55,2.55,2.55,2.55,2.55,2.55,2.55,2.5499999999999896,2.5499999999979015,2.5499999997372504,2.5499999754026894,2.549998352086771,2.549925605528319,2.5479174714901807,2.5177816429343354,2.3097280948767565
68.0,2.55,2.55,2.55,2.55,2.55,2.55,2.55,2.55,2.55,2.55,2.55,2.55,2.549999999999986,2.549999999997459,2.5499999996911797,2.549999971921676,2.5499981720406586,2.5499197452520743,2.5478121400278653,2.516945814963463,2.3078425811696666
69.0,2.55,2.55,2.55,2.55,2.55,2.55,2.55,2.55,2.55,2.55,2.55,2.55,2.5499999999999825,2.549999999996934,2.549999999638053,2.5499999680235406,2.549997976170903,2.5499135479137958,2.547703731717629,2.5161061235014315,2.305974897810951
70.0,2.55,2.55,2.55,2.55,2.55,2.55,2.55,2.55,2.55,2.55,2.55,2.55,2.549999999999979,2.549999999996311,2.5499999995769453,2.5499999636674606,2.54999776343746,2.5499070019177967,2.5475922373903575,2.5152627570811554,2.3041245909347996
71.0,2.55,2.55,2.55,2.55,2.55,2.55,2.55,2.55,2.55,2.55,2.55,2.55,2.549999999999972,2.5499999999955762,2.5499999995068316,2.5499999588095523,2.54999753275718,2.5499000956137388,2.5474776493932128,2.514415898036266,2.302291224763349
72.0,2.55,2.55,2.55,2.55,2.55,2.55,2.55,2.55,2.55,2.55,2.55,2.55,2.5499999999999647,2.5499999999947107,2.5499999994265794,2.549999953402714,2.549997283003374,2.5498928173062114,2.5473599615463094,2.5135657226679085,2.3004743806919747
73.0,2.55,2.55,2.55,2.55,2.55,2.55,2.55,2.55,2.55,2.55,2.55,2.55,2.5499999999999567,2.5499999999936946,2.5499999993349354,2.54999994739647,2.549997013005423,2.5498851552641795,2.547239169099196,2.5127124014105244,2.2986736564276113
74.0,2.55,2.55,2.55,2.55,2.55,2.55,2.55,2.55,2.55,2.55,2.55,2.55,2.549999999999946,2.549999999992505,2.5499999992305207,2.549999940736812,2.5499967215484336,2.549877097730274,2.547115268687251,2.5118560989962258,2.296888665176741
75.0,2.55,2.55,2.55,2.55,2.55,2.55,2.55,2.55,2.55,2.55,2.55,2.55,2.5499999999999337,2.549999999991115,2.549999999111818,2.5499999333660397,2.549996407372945,2.549868632929925,2.5469882582881134,2.5109969746173944,2.295119034879954
76.0,2.55,2.55,2.55,2.55,2.55,2.55,2.55,2.55,2.55,2.55,2.55,2.55,2.5499999999999194,2.549999999989495,2.549999998977161,2.5499999252225933,2.54999606917468,2.5498597490803125,2.5468581371782335,2.5101351820872186,2.293364407490145
77.0,2.55,2.55,2.55,2.55,2.55,2.55,2.55,2.55,2.55,2.55,2.55,2.55,2.5499999999999017,2.5499999999876124,2.549999998824725,2.54999991624089,2.5499957056043465,2.549850434399137,2.5467249058896435,2.5092708699978985,2.291624438291637
78.0,2.55,2.55,2.55,2.55,2.55,2.55,2.55,2.55,2.55,2.55,2.55,2.55,2.549999999999881,2.5499999999854297,2.549999998652512,2.5499999063511556,2.549995315267481,2.549840677113194,2.546588566167024,2.5084041818762897,2.2898987952577015
79.0,2.55,2.55,2.55,2.55,2.55,2.55,2.55,2.55,2.55,2.55,2.55,2.55,2.549999999999856,2.5499999999829046,2.549999998458341,2.5499998954792558,2.5499948967243493,2.5498304654667443,2.5464491209251445,2.507535256336811,2.2881871584440834
80.0,2.55,2.55,2.55,2.55,2.55,2.55,2.55,2.55,2.55,2.55,2.55,2.55,2.549999999999826,2.5499999999799905,2.549999998239834,2.549999883546525,2.5499944484898838,2.549819787729675,2.5463065742067443,2.506664227231443,2.2864892194163295
81.0,2.55,2.55,2.55,2.55,2.55,2.55,2.55,2.55,2.55,2.55,2.55,2.55,2.549999999999791,2.549999999976635,2.549999997994402,2.5499998704695916,2.549993969033676,2.5498086322054387,2.546160931140912,2.5057912237966997,2.284804680708847
82.0,2.55,2.55,2.55,2.55,2.55,2.55,2.55,2.55,2.55,2.55,2.55,2.55,2.5499999999997502,2.549999999972779,2.54999999771923,2.5499998561602095,2.5499934567800087,2.549796987238777,2.546012197902019,2.5049163707974573,2.2831332553137464
83.0,2.55,2.55,2.55,2.55,2.55,2.55,2.55,2.55,2.55,2.55,2.55,2.55,2.549999999999702,2.5499999999683576,2.549999997411264,2.5499998405250803,2.5499929101079366,2.5497848412232114,2.5458603816692627,2.504039788667566,2.281474666197667
84.0,2.55,2.55,2.55,2.55,2.55,2.55,2.55,2.55,2.55,2.55,2.55,2.55,2.5499999999996454,2.549999999963298,2.5499999970671925,2.54999982346568,2.5499923273514127,2.5497721826083035,2.545705490586847,2.5031615936471803,2.2798286458448898
85.0,2.55,2.55,2.55,2.55,2.55,2.55,2.55,2.55,2.55,2.55,2.55,2.55,2.5499999999995793,2.549999999957519,2.549999996683434,2.549999804878084,2.549991706799455,2.54975899990668,2.5455475337248554,2.5022818979167556,2.278194935825156
86.0,2.55,2.55,2.55,2.55,2.55,2.55,2.55,2.55,2.55,2.55,2.55,2.55,2.549999999999502,2.549999999950933,2.549999996256118,2.549999784652791,2.5499910466963596,2.549745281700818,2.545386521040833,2.501400809727695,2.2765732863847035
87.0,2.55,2.55,2.55,2.55,2.55,2.55,2.55,2.55,2.55,2.55,2.55,2.55,2.549999999999412,2.5499999999434393,2.5499999957810666,2.5499997626745485,2.549990345241957,2.5497310166495977,2.54522246334212,2.5005184335296198,2.27496345605914
88.0,2.55,2.55,2.55,2.55,2.55,2.55,2.55,2.55,2.55,2.55,2.55,2.55,2.549999999999307,2.5499999999349314,2.5499999952537795,2.549999738822178,2.549989600591907,2.5497161934946027,2.5450553722489584,2.4996348700942703,2.2733652113068556
89.0,2.55,2.55,2.55,2.55,2.55,2.55,2.55,2.55,2.55,2.55,2.55,2.55,2.549999999999186,2.549999999925288,2.5499999946694087,2.5499997129683987,2.5499888108580353,2.549700801066191,2.544885260158378,2.49875021663604,2.2717783261617566
90.0,2.55,2.55,2.55,2.55,2.55,2.55,2.55,2.55,2.55,2.55,2.55,2.55,2.549999999999046,2.5499999999143768,2.5499999940227465,2.5499996849796562,2.5499879741087095,2.549684828289314,2.5447121402088966,2.4978645669291666,2.2702025819041824
91.0,2.55,2.55,2.55,2.55,2.55,2.55,2.55,2.55,2.55,2.55,2.55,2.5499999999999963,2.549999999998884,2.549999999902052,2.5499999933082007,2.549999654715948,2.5499870883692553,2.5496682641891026,2.544536026246046,2.496978011421602,2.268637766748945
92.0,2.55,2.55,2.55,2.55,2.55,2.55,2.55,2.55,2.55,2.55,2.55,2.5499999999999927,2.5499999999986973,2.5499999998881546,2.5499999925197745,2.5499996220306516,2.549986151622405,2.549651097896204,2.544356932788718,2.496090637345602,2.267083675549485
93.0,2.55,2.55,2.55,2.55,2.55,2.55,2.55,2.55,2.55,2.55,2.55,2.549999999999989,2.5499999999984824,2.54999999987251,2.549999991651046,2.5499995867703573,2.5499851618087894,2.5496333186518902,2.5441748749963593,2.4952025288250694,2.2655401095172185
94.0,2.55,2.55,2.55,2.55,2.55,2.55,2.55,2.55,2.55,2.55,2.55,2.5499999999999856,2.549999999998236,2.549999999854926,2.5499999906951443,2.549999548774693,2.549984116827458,2.549614915812917,2.5439898686370035,2.494313766979706,2.2640068759551837
95.0,2.55,2.55,2.55,2.55,2.55,2.55,2.55,2.55,2.55,2.55,2.55,2.549999999999982,2.549999999997954,2.5499999998351943,2.549999989644727,2.5499995078761626,2.549983014536436,2.5495958788561564,2.5438019300561576,2.4934244300260167,2.2624837880051794
96.0,2.55,2.55,2.55,2.55,2.55,2.55,2.55,2.55,2.55,2.55,2.55,2.5499999999999785,2.5499999999976306,2.5499999998130867,2.5499999884919577,2.549999463899978,2.5499818527533145,2.5495761973829922,2.5436110761465276,2.4925345933752276,2.2609706644076186
97.0,2.55,2.55,2.55,2.55,2.55,2.55,2.55,2.55,2.55,2.55,2.55,2.549999999999975,2.5499999999972616,2.5499999997883545,2.5499999872284804,2.5499994166638986,2.5499806292558675,2.549555861123488,2.543417324318597,2.4916443297281696,2.259467329273368
98.0,2.55,2.55,2.55,2.55,2.55,2.55,2.55,2.55,2.55,2.55,2.55,2.5499999999999705,2.549999999996841,2.5499999997607268,2.5499999858453952,2.549999365978067,2.549979341782706,2.549534859940325,2.5432206924720444,2.490753709167202,2.257973611866905
99.0,2.55,2.55,2.55,2.55,2.55,2.55,2.55,2.55,2.55,2.55,2.55,2.5499999999999634,2.549999999996362,2.549999999729909,2.5499999843332306,2.549999311644854,2.549977988033956,2.549513183832521,2.543021198967998,2.4898627992452207,2.2564893464001443
100.0,2.55,2.55,2.55,2.55,2.55,2.55,2.55,2.55,2.55,2.55,2.55,2.5499999999999563,2.5499999999958174,2.5499999996955824,2.5499999826819217,2.5499992534587013,2.5499765656719613,2.549490822938922,2.542818862602123,2.4889716650718356,2.2550143718363533
101.0,2.55,2.55,2.55,2.55,2.55,2.55,2.55,2.55,2.55,2.55,2.55,2.549999999999949,2.5499999999951997,2.5499999996574005,2.5499999808807785,2.549999191205968,2.54997507232202,2.549467767541487,2.5426137025785347,2.4880803693967715,2.253548531703568
102.0,2.55,2.55,2.55,2.55,2.55,2.55,2.55,2.55,2.55,2.55,2.55,2.54999999999994,2.5499999999945007,2.549999999614987,2.5499999789184615,2.549999124664784,2.549973505573138,2.5494440080683516,2.5424057384845207,2.4871889726905683,2.2520916739170143
103.0,2.55,2.55,2.55,2.55,2.55,2.55,2.55,2.55,2.55,2.55,2.55,2.549999999999929,2.5499999999937093,2.549999999567936,2.5499999767829524,2.549999053604902,2.549971862978813,2.5494195350966926,2.5421949902660703,2.486297533222643,2.25064365061001
104.0,2.55,2.55,2.55,2.55,2.55,2.55,2.55,2.55,2.55,2.55,2.55,2.5499999999999177,2.549999999992816,2.54999999951581,2.549999974461525,2.5499989777875536,2.5499701420578327,2.5493943393553806,2.5419814782042005,2.485406107136782,2.2492043179729033
105.0,2.55,2.55,2.55,2.55,2.55,2.55,2.55,2.55,2.55,2.55,2.55,2.5499999999999035,2.549999999991808,2.5499999994581333,2.5499999719407147,2.5499988969653096,2.5499683402951034,2.549368411727441,2.541765222892057,2.484514748524144,2.2477735360995954
106.0,2.55,2.55,2.55,2.55,2.55,2.55,2.55,2.55,2.55,2.55,2.55,2.549999999999888,2.5499999999906735,2.549999999394396,2.5499999692062922,2.5499988108819482,2.5499664551424877,2.5493417432523158,2.541546245212788,2.483623509493826,2.246351168841248
107.0,2.55,2.55,2.55,2.55,2.55,2.55,2.55,2.55,2.55,2.55,2.55,2.54999999999987,2.5499999999893976,2.549999999324048,2.5499999662432304,2.549998719272317,2.5499644840196685,2.549314325127939,2.5413245663181745,2.482732440241071,2.2449370836667786
108.0,2.55,2.55,2.55,2.55,2.55,2.55,2.55,2.55,2.55,2.55,2.55,2.549999999999849,2.5499999999879646,2.549999999246497,2.549999963035671,2.5499986218622097,2.5499624243150265,2.549286148712624,2.541100207607997,2.4818415891131838,2.243531151529787
109.0,2.55,2.55,2.55,2.55,2.55,2.55,2.55,2.55,2.55,2.55,2.55,2.549999999999825,2.549999999986358,2.549999999161105,2.5499999595668994,2.5499985183682394,2.5499602733865347,2.549257205526774,2.5408731907101383,2.4809510026732187,2.2421332467415658
110.0,2.55,2.55,2.55,2.55,2.55,2.55,2.55,2.55,2.55,2.55,2.55,2.5499999999997978,2.549999999984558,2.5499999990671895,2.5499999558193047,2.54999840849772,2.5499580285626666,2.549227487254419,2.5406435374613867,2.480060725761512,2.2407432468498767
111.0,2.55,2.55,2.55,2.55,2.55,2.55,2.55,2.55,2.55,2.55,2.55,2.5499999999997667,2.549999999982546,2.549999998964017,2.5499999517743532,2.5499982919485498,2.5499556871433176,2.549196985744577,2.5404112698889487,2.4791708015551137,2.2393610325231834
112.0,2.55,2.55,2.55,2.55,2.55,2.55,2.55,2.55,2.55,2.55,2.55,2.5499999999997316,2.549999999980297,2.549999998850801,2.5499999474125516,2.549998168409102,2.549953246400737,2.5491656930124567,2.5401764101926365,2.478281271625197,2.237986487440061
113.0,2.55,2.55,2.55,2.55,2.55,2.55,2.55,2.55,2.55,2.55,2.55,2.549999999999691,2.549999999977789,2.5499999987266992,2.549999942713414,2.549998037558115,2.5499507035804765,2.549133601240494,2.5399389807277233,2.4773921759924935,2.236619498183512
114.0,2.55,2.55,2.55,2.55,2.55,2.55,2.55,2.55,2.55,2.55,2.55,2.5499999999996463,2.5499999999749954,2.549999998590812,2.5499999376554294,2.5499978990645933,2.5499480559023397,2.549100702779243,2.539699003988453,2.47650355318083,2.23525995413993
115.0,2.55,2.55,2.55,2.55,2.55,2.55,2.55,2.55,2.55,2.55,2.55,2.549999999999595,2.5499999999718868,2.549999998442176,2.5499999322160254,2.5499977525877093,2.549945300561348,2.5490669901481047,2.539456502592177,2.4756154402688177,2.2339077474024758
116.0,2.55,2.55,2.55,2.55,2.55,2.55,2.55,2.55,2.55,2.55,2.55,2.549999999999537,2.549999999968431,2.5499999982797643,2.5499999263715334,2.5499975977767093,2.5499424347287114,2.549032456035925,2.539211499264123,2.474727872939754,2.2325627726786466
117.0,2.55,2.55,2.55,2.55,2.55,2.55,2.55,2.55,2.55,2.55,2.55,2.549999999999472,2.5499999999645953,2.5499999981024795,2.5499999200971537,2.5499974342708285,2.5499394555528014,2.5489970933014385,2.538964016822749,2.473840885529804,2.2312249272018083
118.0,2.55,2.55,2.55,2.55,2.55,2.55,2.55,2.55,2.55,2.55,2.55,2.5499999999993976,2.5499999999603413,2.5499999979091528,2.5499999133669187,2.549997261699205,2.5499363601601366,2.548960894973589,2.5387140781657016,2.4729545110745064,2.2298941106465153
119.0,2.55,2.55,2.55,2.55,2.55,2.55,2.55,2.55,2.55,2.55,2.55,2.549999999999314,2.54999999995563,2.549999997698539,2.54999990615366,2.5499970796808036,2.549933145656367,2.548923854251716,2.5384617062563377,2.4720687813536655,2.228570225047401
120.0,2.55,2.55,2.55,2.55,2.55,2.55,2.55,2.55,2.55,2.55,2.55,2.5499999999992204,2.549999999950418,2.549999997469313,2.5499998984289673,2.549996887824344,2.549929809127264,2.5488859645056094,2.538206924110802,2.4711837269346817,2.227253174721484
121.0,2.55,2.55,2.55,2.55,2.55,2.55,2.55,2.55,2.55,2.55,2.5499999999999967,2.549999999999115,2.5499999999446574,2.549999997220066,2.5499998901631553,2.54999668572823,2.549926347639712,2.548847219275458,2.537949754785642,2.4702993772143604,2.225942865263927
122.0,2.55,2.55,2.55,2.55,2.55,2.55,2.55,2.55,2.55,2.55,2.549999999999993,2.549999999998997,2.549999999938297,2.549999996949301,2.5499998813252245,2.5499964729804874,2.549922758242697,2.548807612271668,2.5376902213659593,2.469415760459,2.2246392041932688
123.0,2.55,2.55,2.55,2.55,2.55,2.55,2.55,2.55,2.55,2.55,2.5499999999999896,2.549999999998865,2.5499999999312837,2.549999996655429,2.549999871882824,2.54999624915871,2.549919037968308,2.5487671373745817,2.537428346954054,2.468532903842975,2.223342102319591
124.0,2.55,2.55,2.55,2.55,2.55,2.55,2.55,2.55,2.55,2.55,2.549999999999986,2.549999999998717,2.5499999999235574,2.5499999963367634,2.549999861802215,2.5499960138300026,2.549915183832723,2.548725788634081,2.537164154658576,2.4676508334863447,2.2220514724508105
125.0,2.55,2.55,2.55,2.55,2.55,2.55,2.55,2.55,2.55,2.55,2.5499999999999825,2.549999999998551,2.5499999999150544,2.5499999959915174,2.5499998510482333,2.5499957665509356,2.549911192837202,2.548683560269094,2.5368976675841477,2.4667695744912144,2.220767229329944
126.0,2.55,2.55,2.55,2.55,2.55,2.55,2.55,2.55,2.55,2.55,2.549999999999979,2.549999999998366,2.549999999905706,2.5499999956177977,2.5499998395842502,2.5499955068675026,2.5499070619690745,2.548640446667006,2.536628908821455,2.4658891509768144,2.219489289574893
127.0,2.55,2.55,2.55,2.55,2.55,2.55,2.55,2.55,2.55,2.55,2.5499999999999754,2.54999999999816,2.5499999998954377,2.549999995213601,2.549999827372134,2.549995234315083,2.549902788202728,2.548596442382972,2.5363579014377855,2.4650095861133514,2.2182175716206025
128.0,2.55,2.55,2.55,2.55,2.55,2.55,2.55,2.55,2.55,2.55,2.549999999999972,2.54999999999793,2.5499999998841703,2.549999994776808,2.5499998143722125,2.5499949484184117,2.5498983685005894,2.5485515421391423,2.5360846684680056,2.46413090215467,2.216951995663497
129.0,2.55,2.55,2.55,2.55,2.55,2.55,2.55,2.55,2.55,2.55,2.5499999999999683,2.5499999999976737,2.549999999871819,2.5499999943051797,2.5499998005432363,2.5499946486915483,2.5498937998140994,2.5485057408238054,2.5358092329059545,2.463253120469768,2.215692483608078
130.0,2.55,2.55,2.55,2.55,2.55,2.55,2.55,2.55,2.55,2.55,2.5499999999999647,2.5499999999973886,2.549999999858292,2.54999999379635,2.549999785842337,2.5499943346378626,2.5498890790846875,2.548459033490451,2.5355316176962526,2.4623762615732048,2.2144389590156
131.0,2.55,2.55,2.55,2.55,2.55,2.55,2.55,2.55,2.55,2.55,2.5499999999999585,2.5499999999970724,2.5499999998434904,2.5499999932478215,2.5499997702249897,2.5499940057500137,2.5498842032447353,2.5484114153567505,2.535251845726499,2.4615003451544473,2.2131913470547
132.0,2.55,2.55,2.55,2.55,2.55,2.55,2.55,2.55,2.55,2.55,2.5499999999999514,2.5499999999967216,2.5499999998273095,2.549999992656961,2.5499997536449777,2.549993661509938,2.5498791692185385,2.548362881803472,2.5349699398198524,2.4606253901061765,2.2119495744539224
133.0,2.55,2.55,2.55,2.55,2.55,2.55,2.55,2.55,2.55,2.55,2.5499999999999443,2.5499999999963325,2.5499999998096374,2.5499999920209926,2.549999736054348,2.5499933013888474,2.5498739739232565,2.54831342837332,2.5346859227279843,2.4597514145516124,2.210713569456025
134.0,2.55,2.55,2.55,2.55,2.55,2.55,2.55,2.55,2.55,2.55,2.549999999999937,2.5499999999959018,2.5499999997903524,2.5499999913369926,2.5499997174033773,2.549992924847223,2.5498686142698572,2.548263050769718,2.53439981712438,2.4588784358708757,2.2094832617740083
135.0,2.55,2.55,2.55,2.55,2.55,2.55,2.55,2.55,2.55,2.55,2.5499999999999288,2.5499999999954253,2.5499999997693257,2.549999990601883,2.5499996976405335,2.549992531334825,2.5498630871640513,2.5482117448555224,2.534111645597992,2.458006470726423,2.208258582548775
136.0,2.55,2.55,2.55,2.55,2.55,2.55,2.55,2.55,2.55,2.55,2.549999999999918,2.5499999999948986,2.5499999997464196,2.549999989812425,2.5499996767124316,2.5499921202906988,2.5498573895072205,2.5481595066516776,2.5338214306472233,2.457135535087599,2.207039464308353
137.0,2.55,2.55,2.55,2.55,2.55,2.55,2.55,2.55,2.55,2.55,2.5499999999999075,2.549999999994316,2.5499999997214875,2.5499999889652156,2.5499996545638046,2.549991691143189,2.549851518197332,2.5481063323358253,2.5335291946742244,2.456265644254327,2.205825840928614
138.0,2.55,2.55,2.55,2.55,2.55,2.55,2.55,2.55,2.55,2.55,2.5499999999998955,2.5499999999936747,2.549999999694372,2.5499999880566775,2.549999631137457,2.5499912433099583,2.549845470129845,2.548052218240854,2.533234959979508,2.4553968128799664,2.204617647595413
139.0,2.55,2.55,2.55,2.55,2.55,2.55,2.55,2.55,2.55,2.55,2.5499999999998813,2.5499999999929677,2.5499999996649065,2.5499999870830536,2.5499996063742296,2.5499907761980145,2.549839242198611,2.547997160853403,2.5329387487568553,2.4545290549933774,2.2034148207681046
140.0,2.55,2.55,2.55,2.55,2.55,2.55,2.55,2.55,2.55,2.55,2.5499999999998666,2.549999999992189,2.5499999996329135,2.549999986040402,2.549999580212964,2.5499902892037354,2.549832831296752,2.547941156812323,2.532640583088508,2.4536623840202174,2.2022172981443515
141.0,2.55,2.55,2.55,2.55,2.55,2.55,2.55,2.55,2.55,2.55,2.549999999999849,2.549999999991333,2.549999999598203,2.54999998492459,2.5499995525904593,2.5499897817129042,2.549826234317538,2.5478842029070923,2.532340484940647,2.4527968128034923,2.2010250186261935
142.0,2.55,2.55,2.55,2.55,2.55,2.55,2.55,2.55,2.55,2.55,2.54999999999983,2.549999999990392,2.5499999995605735,2.549999983731282,2.54999952344144,2.5499892531007493,2.5498194481552496,2.547826296076196,2.532038476159124,2.4519323536233877,2.1998379222873043
143.0,2.55,2.55,2.55,2.55,2.55,2.55,2.55,2.55,2.55,2.55,2.549999999999809,2.5499999999893586,2.5499999995198106,2.5499999824559385,2.549999492698515,2.5499887027319845,2.549812469706026,2.5477674334054705,2.531734578465454,2.451069018216419,2.198655950341396
144.0,2.55,2.55,2.55,2.55,2.55,2.55,2.55,2.55,2.55,2.55,2.549999999999785,2.549999999988225,2.5499999994756872,2.549999981093805,2.5499994602921423,2.5499881299608584,2.5498052958687003,2.5477076121264073,2.531428813453059,2.450206817793914,2.197479045111721
145.0,2.55,2.55,2.55,2.55,2.55,2.55,2.55,2.55,2.55,2.55,2.5499999999997587,2.5499999999869813,2.549999999427962,2.549999979639907,2.5499994261505927,2.5499875341312057,2.549797923545627,2.5476468296144357,2.5311212025837406,2.449345763059849,2.1963071500016236
146.0,2.55,2.55,2.55,2.55,2.55,2.55,2.55,2.55,2.55,2.55,2.5499999999997294,2.5499999999856198,2.5499999993763787,2.5499999780890406,2.5499993901999107,2.5499869145765035,2.5497903496434917,2.5475850833871734,2.530811767184389,2.448485864228074,2.1951402094660954
147.0,2.55,2.55,2.55,2.55,2.55,2.55,2.55,2.55,2.55,2.55,2.549999999999697,2.5499999999841294,2.5499999993206646,2.549999976435767,2.5499993523638813,2.5499862706199323,2.5497825710741084,2.547522371102647,2.5305005284439006,2.447627131038935,2.193978168984297
148.0,2.55,2.55,2.55,2.55,2.55,2.55,2.55,2.55,2.55,2.55,2.549999999999661,2.5499999999824996,2.549999999260533,2.5499999746744035,2.5499993125639917,2.5499856015744418,2.549774584755204,2.5474586905574954,2.530187507410316,2.446769572775331,2.1928209750330097
149.0,2.55,2.55,2.55,2.55,2.55,2.55,2.55,2.55,2.55,2.55,2.549999999999621,2.5499999999807184,2.549999999195679,2.5499999727990135,2.549999270719398,2.5499849067428197,2.549766387611188,2.547394039685152,2.5298727249881554,2.445913198278205,2.191668575060962
150.0,2.55,2.55,2.55,2.55,2.55,2.55,2.55,2.55,2.55,2.55,2.549999999999577,2.549999999978774,2.5499999991257805,2.5499999708034045,2.5499992267468885,2.5499841854177645,2.5497579765739085,2.5473284165540027,2.5295562019359457,2.4450580159615125,2.190520917464019
151.0,2.55,2.55,2.55,2.55,2.55,2.55,2.55,2.55,2.55,2.55,2.5499999999995286,2.5499999999766527,2.549999999050496,2.549999968681114,2.5499991805608513,2.5499834368819645,2.5497493485833953,2.5472618193655303,2.529237958863941,2.4442040338266704,2.1893779515611835
152.0,2.55,2.55,2.55,2.55,2.55,2.55,2.55,2.55,2.55,2.55,2.549999999999475,2.54999999997434,2.5499999989694646,2.5499999664254043,2.5499991320732365,2.5499826604081757,2.5497405005885847,2.547194246452451,2.528918016232012,2.4433512594765054,2.1882396275713822
153.0,2.55,2.55,2.55,2.55,2.55,2.55,2.55,2.55,2.55,2.55,2.549999999999416,2.5499999999718206,2.5499999988823068,2.5499999640292534,2.5499990811935267,2.5499818552593108,2.549731429548036,2.5471256962768236,2.528596394347718,2.4424997001287325,2.1871058965910044
154.0,2.55,2.55,2.55,2.55,2.55,2.55,2.55,2.55,2.55,2.55,2.54999999999935,2.5499999999690774,2.5499999987886204,2.549999961485346,2.5499990278287,2.5499810206885276,2.5497221324306265,2.54705616742816,2.528273113364528,2.4416493626289637,2.1859767105721626
155.0,2.55,2.55,2.55,2.55,2.55,2.55,2.55,2.55,2.55,2.549999999999997,2.549999999999278,2.549999999966094,2.54999999868798,2.5499999587860667,2.5499989718831997,2.54998015593932,2.549712606216236,2.546985658621526,2.527948193280219,2.440800253463278,2.1848520223016505
156.0,2.55,2.55,2.55,2.55,2.55,2.55,2.55,2.55,2.55,2.5499999999999936,2.549999999999199,2.5499999999628518,2.5499999985799398,2.549999955923489,2.549998913258902,2.5499792602456135,2.5497028478964134,2.546914168695627,2.5276216539354053,2.439952378770358,2.183731785380567
157.0,2.55,2.55,2.55,2.55,2.55,2.55,2.55,2.55,2.55,2.54999999999999,2.5499999999991116,2.5499999999593297,2.5499999984640276,2.5499999528893667,2.5499988518550833,2.5499783328318677,2.5496928544750332,2.5468416966108953,2.5272935150122273,2.4391057443532165,2.182615954204582
158.0,2.55,2.55,2.55,2.55,2.55,2.55,2.55,2.55,2.55,2.5499999999999865,2.549999999999016,2.549999999955507,2.549999998339747,2.5499999496751276,2.549998787568389,2.5499773729131783,2.549682622968932,2.5467682414475727,2.5269637960331686,2.438260355690522,2.1815044839448197
159.0,2.55,2.55,2.55,2.55,2.55,2.55,2.55,2.55,2.55,2.549999999999983,2.5499999999989114,2.54999999995136,2.5499999982065753,2.5499999462718628,2.5499987202928054,2.5499763796953827,2.5496721504085325,2.5466938024037886,2.526632516360008,2.4374162179475385,2.1803973305293334
160.0,2.55,2.55,2.55,2.55,2.55,2.55,2.55,2.55,2.55,2.5499999999999794,2.549999999998796,2.549999999946866,2.549999998063962,2.5499999426703157,2.5499986499196248,2.5499753523751694,2.5496614338384487,2.546618378793636,2.5262996951929018,2.436573335986697,2.1792944506251577
161.0,2.55,2.55,2.55,2.55,2.55,2.55,2.55,2.55,2.55,2.549999999999976,2.5499999999986693,2.549999999941998,2.5499999979113293,2.549999938860876,2.5499985763374213,2.5499742901401885,2.5496504703180833,2.546541970045254,2.5259653515695812,2.435731714377807,2.1781958016209035
162.0,2.55,2.55,2.55,2.55,2.55,2.55,2.55,2.55,2.55,2.5499999999999723,2.5499999999985308,2.549999999936729,2.5499999977480687,2.549999934833568,2.5499984994320206,2.5499731921691744,2.549639256922203,2.5464645756989026,2.5256295043646704,2.4348913574079245,2.177101341609883
163.0,2.55,2.55,2.55,2.55,2.55,2.55,2.55,2.55,2.55,2.5499999999999687,2.54999999999838,2.5499999999310288,2.5499999975735403,2.549999930578042,2.5499984190864704,2.5499720576320555,2.5496277907415,2.546386195405052,2.5252921722891064,2.4340522690908877,2.17601102937375
164.0,2.55,2.55,2.55,2.55,2.55,2.55,2.55,2.55,2.55,2.549999999999965,2.549999999998214,2.549999999924868,2.5499999973870735,2.549999926083565,2.5499983351810136,2.5499708856900822,2.549616068883144,2.5463068289224653,2.5249533738896766,2.4332144531765265,2.1749248243666206
165.0,2.55,2.55,2.55,2.55,2.55,2.55,2.55,2.55,2.55,2.5499999999999616,2.549999999998033,2.549999999918212,2.5499999971879648,2.549999921339011,2.5499982475930625,2.549969675495946,2.5496040884713103,2.546226476116292,2.524613127548646,2.4323779131595704,2.1738426866996763
166.0,2.55,2.55,2.55,2.55,2.55,2.55,2.55,2.55,2.55,2.549999999999958,2.549999999997835,2.5499999999110257,2.5499999969754747,2.5499999163328497,2.5499981561971725,2.5499684261939106,2.549591846647698,2.546145136956171,2.524271451483484,2.431542652288252,2.172764577126217
167.0,2.55,2.55,2.55,2.55,2.55,2.55,2.55,2.55,2.55,2.5499999999999545,2.549999999997618,2.5499999999032723,2.549999996748829,2.54999991105314,2.549998060865016,2.549967136919935,2.549579340572037,2.5460628115143336,2.5239283637466854,2.430708673572622,2.171690457027153
168.0,2.55,2.55,2.55,2.55,2.55,2.55,2.55,2.55,2.55,2.549999999999948,2.5499999999973824,2.549999999894912,2.5499999965072155,2.5499999054875175,2.5499979614653587,2.54996580680181,2.5495665674225676,2.5459794999637197,2.5235838822256693,2.4298759797925906,2.1706202883969232
169.0,2.55,2.55,2.55,2.55,2.55,2.55,2.55,2.55,2.55,2.5499999999999408,2.5499999999971252,2.549999999885903,2.549999996249783,2.549999899623185,2.5499978578640348,2.5499644349592905,2.5495535243965213,2.545895202576106,2.5232380246427755,2.4290445735056956,2.1695540338298183
170.0,2.55,2.55,2.55,2.55,2.55,2.55,2.55,2.55,2.55,2.5499999999999337,2.549999999996845,2.549999999876201,2.5499999959756408,2.549999893446902,2.549997749923925,2.5499630205042307,2.549540208710574,2.545809919720233,2.5228908085553234,2.4282144570546165,2.1684916565066947
171.0,2.55,2.55,2.55,2.55,2.55,2.55,2.55,2.55,2.55,2.5499999999999265,2.5499999999965404,2.5499999998657588,2.549999995683857,2.5499998869449763,2.549997637504933,2.5499615625407217,2.5495266176012925,2.545723651859962,2.5225422513557567,2.4273856325744334,2.1674331201820807
172.0,2.55,2.55,2.55,2.55,2.55,2.55,2.55,2.55,2.55,2.5499999999999194,2.549999999996208,2.5499999998545255,2.5499999953734562,2.549999880103252,2.5499975204639638,2.549960060165233,2.5495127483255597,2.545636399552423,2.5221923702718567,2.42655810199965,2.1663783891716304
173.0,2.55,2.55,2.55,2.55,2.55,2.55,2.55,2.55,2.55,2.549999999999911,2.5499999999958476,2.549999999842449,2.549999995043417,2.5499998729071005,2.5499973986549027,2.5499585124667514,2.549498598160994,2.545548163446192,2.52184118236702,2.42573186707098,2.1653274283399475
174.0,2.55,2.55,2.55,2.55,2.55,2.55,2.55,2.55,2.55,2.5499999999999003,2.549999999995456,2.5499999998294736,2.5499999946926755,2.5499998653414093,2.5499972719285977,2.549956918526929,2.5494841644063455,2.5454589442794715,2.5214887045406047,2.4249069293419114,2.1642802030887394
175.0,2.55,2.55,2.55,2.55,2.55,2.55,2.55,2.55,2.55,2.5499999999998897,2.5499999999950305,2.5499999998155407,2.549999994320116,2.5499998573905724,2.549997140132836,2.5499552774202248,2.549469444381884,2.5453687428782907,2.5211349535283354,2.424083290185054,2.1632366793453097
176.0,2.55,2.55,2.55,2.55,2.55,2.55,2.55,2.55,2.55,2.549999999999879,2.5499999999945686,2.549999999800587,2.549999993924576,2.5499998490384805,2.5499970031123262,2.549953588214053,2.549454435429772,2.5452775601547173,2.520779945902765,2.4232609507982765,2.1621968235513616
177.0,2.55,2.55,2.55,2.55,2.55,2.55,2.55,2.55,2.55,2.549999999999865,2.549999999994068,2.5499999997845477,2.5499999935048407,2.5499998402685087,2.5499968607086863,2.549951849968933,2.549439134914421,2.545185397105082,2.520423698073793,2.4224399122106406,2.161160602652113
178.0,2.55,2.55,2.55,2.55,2.55,2.55,2.55,2.55,2.55,2.5499999999998506,2.5499999999935263,2.549999999767353,2.549999993059643,2.5499998310635066,2.5499967127604184,2.5499500617386355,2.549423540222838,2.5450922548082264,2.5200662262892344,2.421620175288146,2.1601279840857073
179.0,2.55,2.55,2.55,2.55,2.55,2.55,2.55,2.55,2.55,2.5499999999998355,2.5499999999929392,2.5499999997489295,2.5499999925876615,2.5499998214057884,2.5499965591028975,2.549948222570338,2.549407648764955,2.5449981344237607,2.5197075466354364,2.4208017407392792,2.159098935772913
180.0,2.55,2.55,2.55,2.55,2.55,2.55,2.55,2.55,2.55,2.5499999999998177,2.5499999999923033,2.5499999997291996,2.549999992087518,2.549999811277123,2.549996399568354,2.5499463315047732,2.5493914579739467,2.544903037190337,2.5193476750379453,2.4199846091203856,2.1580734261070997
181.0,2.55,2.55,2.55,2.55,2.55,2.55,2.55,2.55,2.55,2.5499999999998,2.5499999999916154,2.5499999997080827,2.5499999915577765,2.54999980065872,2.5499962339858624,2.549944387576386,2.549374965306535,2.5448069644239473,2.518986627262212,2.419168780840878,2.157051424874373
182.0,2.55,2.55,2.55,2.55,2.55,2.55,2.55,2.55,2.55,2.5499999999997787,2.549999999990873,2.5499999996854914,2.5499999909969397,2.549999789531224,2.549996062181323,2.549942389813487,2.549358168243281,2.544709917516228,2.518624418914341,2.418354256168534,2.156032902527981
183.0,2.55,2.55,2.55,2.55,2.55,2.55,2.55,2.55,2.55,2.549999999999757,2.549999999990069,2.5499999996613365,2.549999990403451,2.549999777874701,2.549995883977452,2.5499403372384073,2.549341064288864,2.5446118979327927,2.518261065441879,2.4175410352347178,2.1550178287419555
184.0,2.55,2.55,2.55,2.55,2.55,2.55,2.55,2.55,2.55,2.549999999999732,2.549999999989202,2.549999999635523,2.5499999897756878,2.5499997656686264,2.5499956991937713,2.5499382288676555,2.549323650972344,2.5445129072115775,2.517896582134636,2.4167291180390715,2.1540061736299116
185.0,2.55,2.55,2.55,2.55,2.55,2.55,2.55,2.55,2.55,2.5499999999997054,2.5499999999882657,2.54999999960795,2.5499999891119622,2.5499997528918783,2.5499955076465906,2.5499360637120754,2.549305925847418,2.544412946961203,2.5175309841255475,2.4159185044539924,2.152997907736
186.0,2.55,2.55,2.55,2.55,2.55,2.55,2.55,2.55,2.55,2.549999999999677,2.5499999999872554,2.549999999578513,2.5499999884105184,2.549999739522723,2.549995309149005,2.5499338407770025,2.5492878864926594,2.54431201885936,2.5171642863915644,2.415109194228967,2.1519930020261104
187.0,2.55,2.55,2.55,2.55,2.55,2.55,2.55,2.55,2.55,2.549999999999645,2.549999999986166,2.5499999995471025,2.549999987669531,2.549999725538808,2.54999510351088,2.5499315590624256,2.5492695305117463,2.544210124651211,2.5167965037545694,2.414301186994771,2.150991427879308
188.0,2.55,2.55,2.55,2.55,2.55,2.55,2.55,2.55,2.55,2.549999999999611,2.549999999984992,2.5499999995136005,2.5499999868871033,2.549999710917146,2.549994890538844,2.549929217563146,2.549250855533679,2.544107266147811,2.5164276508823304,2.413494482267538,2.149993157079502
189.0,2.55,2.55,2.55,2.55,2.55,2.55,2.55,2.55,2.55,2.5499999999995735,2.5499999999837284,2.549999999477886,2.5499999860612617,2.5499996956341096,2.5499946700362828,2.54992681526893,2.549231859212983,2.5440034452245475,2.5160577422894734,2.4126890794527007,2.148998161807335
190.0,2.55,2.55,2.55,2.55,2.55,2.55,2.55,2.55,2.55,2.549999999999533,2.5499999999823686,2.54999999943983,2.5499999851899604,2.5499996796654174,2.549994441803329,2.5499243511646794,2.549212539229905,2.5438986638196033,2.515686792338483,2.4118849778488047,2.148006414632285
191.0,2.55,2.55,2.55,2.55,2.55,2.55,2.55,2.55,2.55,2.549999999999489,2.5499999999809058,2.549999999399299,2.5499999842710728,2.5499996629861243,2.549994205636859,2.5499218242305846,2.5491928932905936,2.543792923932433,2.515314815240724,2.4110821766512083,2.147017888504979
192.0,2.55,2.55,2.55,2.55,2.55,2.55,2.55,2.55,2.55,2.549999999999441,2.549999999979332,2.5499999993561513,2.549999983302391,2.549999645570611,2.549993961330485,2.5499192334422873,2.549172919127269,2.543686227622263,2.5149418250574826,2.410280674955661,2.1460325567496987
193.0,2.55,2.55,2.55,2.55,2.55,2.55,2.55,2.55,2.5499999999999976,2.549999999999389,2.5499999999776417,2.54999999931024,2.5499999822816273,2.5499996273925736,2.5499937086745543,2.5499165777710426,2.5491526144983814,2.543578577006611,2.5145678357010346,2.4094804717617753,2.1450503930570908
194.0,2.55,2.55,2.55,2.55,2.55,2.55,2.55,2.55,2.549999999999994,2.5499999999993332,2.5499999999758263,2.5499999992614097,2.5499999812064047,2.5499996084250114,2.5499934474561403,2.549913856183878,2.5491319771887624,2.543469974259826,2.5141928609357196,2.4086815659763827,2.1440713714770534
195.0,2.55,2.55,2.55,2.55,2.55,2.55,2.55,2.55,2.5499999999999905,2.549999999999272,2.549999999973877,2.549999999209498,2.5499999800742623,2.549999588640217,2.5499931774590436,2.5499110676437557,2.5491110050097623,2.5433604216116463,2.513816914379042,2.4078839564167933,2.143095466411812
196.0,2.55,2.55,2.55,2.55,2.55,2.55,2.55,2.55,2.549999999999987,2.549999999999206,2.5499999999717855,2.5499999991543354,2.5499999788826466,2.5499995680097682,2.5499928984637896,2.5499082111097318,2.5490896957993767,2.5432499213457795,2.513440009502781,2.4070876418139453,2.1421226526091632
197.0,2.55,2.55,2.55,2.55,2.55,2.55,2.55,2.55,2.5499999999999834,2.5499999999991343,2.5499999999695433,2.549999999095744,2.5499999776289135,2.5499995465045124,2.549992610247627,2.5499052855371174,2.5490680474223657,2.5431384757985005,2.5130621596341185,2.406292620815461,2.141152905155898
198.0,2.55,2.55,2.55,2.55,2.55,2.55,2.55,2.55,2.54999999999998,2.549999999999057,2.54999999996714,2.5499999990335374,2.5499999763103243,2.549999524094562,2.549992312584526,2.5499022898776427,2.5490460577703606,2.543026087357273,2.5126833779567757,2.4054988919886067,2.1401861994713784
199.0,2.55,2.55,2.55,2.55,2.55,2.55,2.55,2.55,2.5499999999999763,2.5499999999989735,2.549999999964564,2.5499999989675213,2.549999974924041,2.549999500749278,2.5499920052451808,2.5498992230796107,2.5490237247619607,2.542912758459386,2.5123036775121648,2.4047064538231573,2.1392225113012815
200.0,2.55,2.55,2.55,2.55,2.55,2.55,2.55,2.55,2.5499999999999727,2.549999999998883,2.549999999961806,2.5499999988974915,2.549999973467128,2.549999476437264,2.549991687997009,2.5498960840880645,2.549001046342823,2.5427984915906165,2.5119230712005476,2.403915304734175,2.1382618167114944
201.0,2.55,2.55,2.55,2.55,2.55,2.55,2.55,2.55,2.549999999999969,2.549999999998785,2.549999999958854,2.5499999988232362,2.549999971936546,2.5499994511263537,2.549991360604156,2.5498928718449387,2.5489780204857393,2.5426832892839086,2.511541571782204,2.4031254430646993,2.1373040920821573
202.0,2.55,2.55,2.55,2.55,2.55,2.55,2.55,2.55,2.5499999999999656,2.549999999998679,2.5499999999556957,2.5499999987445325,2.5499999703291523,2.5499994247836018,2.549991022827498,2.5498895852892263,2.5489546451907077,2.542567154118071,2.511159191878612,2.4023368670883545,2.1363493141018557
203.0,2.55,2.55,2.55,2.55,2.55,2.55,2.55,2.55,2.549999999999962,2.549999999998565,2.549999999952317,2.549999998661149,2.5499999686416963,2.5499993973752724,2.5499906744246417,2.5498862233571336,2.54893091848499,2.542450088716498,2.5107759439736266,2.4015495750118747,2.1353974597619483
204.0,2.55,2.55,2.55,2.55,2.55,2.55,2.55,2.55,2.5499999999999585,2.549999999998441,2.5499999999487066,2.5499999985728414,2.549999966870816,2.5499993688668297,2.5499903151499335,2.5498827849822385,2.5489068384231652,2.5423320957459103,2.5103918404146772,2.4007635649775496,2.134448506351034
205.0,2.55,2.55,2.55,2.55,2.55,2.55,2.55,2.55,2.549999999999955,2.549999999998308,2.5499999999448497,2.5499999984793584,2.549999965013038,2.5499993392229263,2.5499899447544627,2.5498792690956478,2.5488824030871733,2.542213177915112,2.5100068934139563,2.399978835065596,2.133502431449549
206.0,2.55,2.55,2.55,2.55,2.55,2.55,2.55,2.55,2.5499999999999514,2.549999999998165,2.54999999994073,2.549999998380436,2.5499999630647725,2.5499993084073975,2.5499895629860676,2.5498756746261555,2.548857610586349,2.542093337973771,2.509621115049624,2.399195383296457,2.1325592129244937
207.0,2.55,2.55,2.55,2.55,2.55,2.55,2.55,2.55,2.549999999999948,2.5499999999980107,2.5499999999363316,2.5499999982757973,2.549999961022312,2.5499992763832457,2.5499891695893426,2.5498720005003976,2.5488324590574467,2.54197257871122,2.5092345172670085,2.3984132076330233,2.131618828924284
208.0,2.55,2.55,2.55,2.55,2.55,2.55,2.55,2.55,2.5499999999999443,2.5499999999978447,2.5499999999316394,2.5499999981651573,2.5499999588818287,2.5499992431126333,2.5499887643056462,2.549868245643009,2.5488069466646612,2.5418509029552703,2.5088471118798124,2.397632305982793,2.1306812578737198
209.0,2.55,2.55,2.55,2.55,2.55,2.55,2.55,2.55,2.549999999999939,2.5499999999976652,2.549999999926636,2.5499999980482158,2.5499999566393696,2.5499992085568732,2.54998834687311,2.5498644089767772,2.548781071599637,2.541728313571052,2.508458910571323,2.3968526761999605,2.1297464784690745
210.0,2.55,2.55,2.55,2.55,2.55,2.55,2.55,2.55,2.549999999999932,2.5499999999974734,2.549999999921301,2.549999997924661,2.549999954290856,2.5499991726764173,2.549987917026646,2.549860489422795,2.548754832081469,2.5416048134598714,2.5080699248956186,2.396074316087439,2.128814469673298
211.0,2.55,2.55,2.55,2.55,2.55,2.55,2.55,2.55,2.5499999999999248,2.5499999999972665,2.549999999915616,2.5499999977941683,2.549999951832079,2.5499991354308493,2.549987474497957,2.549856485900614,2.5487282263567037,2.541480405558089,2.5076801662787798,2.395297223398827,2.1278852107113253
212.0,2.55,2.55,2.55,2.55,2.55,2.55,2.55,2.55,2.5499999999999177,2.549999999997044,2.549999999909561,2.5499999976564007,2.5499999492586976,2.5499990967788726,2.5499870190155502,2.5498523973283964,2.548701252699322,2.54135509283601,2.507289646020099,2.3945213958403024,2.1269586810654997
213.0,2.55,2.55,2.55,2.55,2.55,2.55,2.55,2.55,2.5499999999999106,2.549999999996805,2.5499999999031147,2.549999997511005,2.5499999465662357,2.5499990566783026,2.549986550304745,2.5498482226230696,2.54867390941072,2.541228878296803,2.506898375293291,2.3937468310724728,2.126034860471094
214.0,2.55,2.55,2.55,2.55,2.55,2.55,2.55,2.55,2.5499999999999035,2.5499999999965484,2.5499999998962535,2.5499999973576157,2.549999943750079,2.5499990150860574,2.549986068087685,2.549843960700469,2.5486461948196886,2.541101764975431,2.5065063651476995,2.3929735267121552,2.125113728911935
215.0,2.55,2.55,2.55,2.55,2.55,2.55,2.55,2.55,2.5499999999998955,2.549999999996273,2.549999999888955,2.549999997195852,2.549999940805472,2.5499989719581455,2.549985572083354,2.549839610475493,2.5486181072823744,2.5409737559376033,2.506113626509503,2.3922014803341076,2.1241952666161263
216.0,2.55,2.55,2.55,2.55,2.55,2.55,2.55,2.55,2.549999999999885,2.5499999999959777,2.549999999881192,2.549999997025318,2.5499999377275144,2.549998927249661,2.549985062007587,2.5498351708622478,2.5485896451822447,2.5408448542787463,2.50572017018292,2.391430689472704,2.123279454051869
217.0,2.55,2.55,2.55,2.55,2.55,2.55,2.55,2.55,2.549999999999874,2.549999999995661,2.549999999872941,2.549999996845602,2.5499999345111592,2.5499988809147704,2.549984537573085,2.549830640774195,2.5485608069300403,2.54071506312299,2.50532600685141,2.3906611516235614,2.122366271923371
218.0,2.55,2.55,2.55,2.55,2.55,2.55,2.55,2.55,2.5499999999998635,2.549999999995322,2.5499999998641747,2.549999996656276,2.5499999311512083,2.5499988329067076,2.549983998489431,2.549826019124294,2.5485315909637256,2.540584385622177,2.5049311470788713,2.3898928642451107,2.121455701166846
219.0,2.55,2.55,2.55,2.55,2.55,2.55,2.55,2.55,2.5499999999998524,2.549999999994958,2.549999999854864,2.549999996456896,2.549999927642311,2.5499987831777613,2.5499834444631038,2.5498213048251523,2.548501995748428,2.5404528249548846,2.504535601310835,2.389125824760128,2.120547722946608
220.0,2.55,2.55,2.55,2.55,2.55,2.55,2.55,2.55,2.549999999999838,2.549999999994569,2.5499999998449776,2.5499999962469997,2.5499999239789592,2.549998731679269,2.5499828751974953,2.5498164967891617,2.5484720197763773,2.5403203843254687,2.504139379875658,2.3883600305572066,2.1196423186512443
221.0,2.55,2.55,2.55,2.55,2.55,2.55,2.55,2.55,2.549999999999824,2.5499999999941516,2.5499999998344856,2.5499999960261084,2.549999920155487,2.5499986783616073,2.5499822903929283,2.5498115939286445,2.5484416615668355,2.540187066963121,2.503742492985704,2.3875954789921936,2.118739469889874
222.0,2.55,2.55,2.55,2.55,2.55,2.55,2.55,2.55,2.5499999999998098,2.5499999999937057,2.5499999998233553,2.5499999957937245,2.5499999161660636,2.549998623174183,2.549981689746671,2.5498065951559914,2.5484109196660207,2.5400528761209493,2.5033449507385304,2.386832167389578,2.117839158488483
223.0,2.55,2.55,2.55,2.55,2.55,2.55,2.55,2.55,2.5499999999997924,2.5499999999932284,2.5499999998115515,2.5499999955493324,2.5499999120046932,2.549998566065425,2.5499810729529586,2.5498014993838027,2.5483797926470286,2.5399178150750705,2.502946763118059,2.386070093043836,2.11694136648635
224.0,2.55,2.55,2.55,2.55,2.55,2.55,2.55,2.55,2.5499999999997747,2.549999999992718,2.549999999799038,2.5499999952923957,2.5499999076652093,2.5499985069827775,2.5499804397030106,2.5497963055250237,2.5483482791097485,2.539781887123721,2.5025479399957504,2.3853092532207345,2.1160460761325317
225.0,2.55,2.55,2.55,2.55,2.55,2.55,2.55,2.55,2.549999999999756,2.5499999999921728,2.5499999997857765,2.54999999502236,2.5499999031412752,2.549998445872689,2.5499797896850502,2.5497910124930816,2.5483163776807713,2.5396450955863843,2.502148491131766,2.3845496451585975,2.1151532698824376
226.0,2.55,2.55,2.55,2.55,2.55,2.55,2.55,2.55,2.5499999999997347,2.54999999999159,2.5499999997717295,2.5499999947386494,2.549999898426377,2.549998382680607,2.5499791225843245,2.549785619202021,2.548284087013293,2.539507443802939,2.501748426176127,2.3837912660695277,2.11426293039447
227.0,2.55,2.55,2.55,2.55,2.55,2.55,2.55,2.55,2.5499999999997134,2.5499999999909684,2.5499999997568548,2.5499999944406673,2.5499998935138217,2.5499983173509686,2.5499784380831243,2.549780124566638,2.5482514057870187,2.5393689351328144,2.501347754669868,2.3830341131405977,2.113375040526735
228.0,2.55,2.55,2.55,2.55,2.55,2.55,2.55,2.55,2.549999999999689,2.5499999999903045,2.5499999997411082,2.549999994127795,2.5499998883967367,2.549998249827193,2.5499777358608067,2.549774527502609,2.548218332708055,2.539229572954176,2.5009464860461827,2.382278183534995,2.112489583333825
229.0,2.55,2.55,2.55,2.55,2.55,2.55,2.55,2.55,2.549999999999664,2.5499999999895966,2.5499999997244465,2.5499999937993914,2.54999988306806,2.5499981800516744,2.5499770155938166,2.549768826926624,2.5481848665088056,2.5390893606631093,2.5005446296315608,2.3815234743931417,2.1116065420636647
230.0,2.55,2.55,2.55,2.55,2.55,2.55,2.55,2.55,2.5499999999996357,2.549999999988841,2.5499999997068215,2.5499999934547946,2.549999877520543,2.549998107965774,2.5499762769557073,2.549763021756516,2.548151005947853,2.5389483016728365,2.50014219464692,2.3807699828337743,2.110725900154428
231.0,2.55,2.55,2.55,2.55,2.55,2.55,2.55,2.55,2.5499999999996064,2.5499999999880365,2.549999999688185,2.5499999930933166,2.549999871746745,2.5499980335098145,2.5499755196171665,2.5497571109113846,2.548116749809845,2.5388063994129366,2.499739190208732,2.3800177059549887,2.1098476412315113
232.0,2.55,2.55,2.55,2.55,2.55,2.55,2.55,2.55,2.5499999999995744,2.549999999987179,2.549999999668485,2.549999992714248,2.5499998657390295,2.54999795662307,2.5499747432460356,2.5497510933117256,2.5480820969053735,2.5386636573285886,2.499335625330138,2.3792666408352576,2.108971749104575
233.0,2.55,2.55,2.55,2.55,2.55,2.55,2.55,2.55,2.54999999999954,2.549999999986266,2.5499999996476683,2.549999992316853,2.549999859489559,2.549997877243761,2.549973947507339,2.549744967879556,2.5480470460708475,2.5385200788798277,2.498931508922059,2.378516784534413,2.108098207764643
234.0,2.55,2.55,2.55,2.55,2.55,2.55,2.55,2.55,2.5499999999995038,2.549999999985293,2.5499999996256784,2.549999991900371,2.5499998529902967,2.549997795309047,2.549973132063302,2.549738733538532,2.5480115961683687,2.5383756675408096,2.498526849794298,2.377768134094599,2.1072270013812604
235.0,2.55,2.55,2.55,2.55,2.55,2.55,2.55,2.5499999999999963,2.5499999999994647,2.549999999984257,2.549999999602458,2.549999991464014,2.5499998462329985,2.54999771075502,2.5499722965733818,2.5497323892140753,2.547975746085595,2.5382304267991023,2.4981216566566307,2.3770206865411945,2.10635811429971
236.0,2.55,2.55,2.55,2.55,2.55,2.55,2.55,2.5499999999999927,2.549999999999422,2.5499999999831546,2.549999999577946,2.549999991006969,2.549999839209212,2.549997623516698,2.5499714406942893,2.5497259338334883,2.5479394947356098,2.538084360154985,2.4977159381198932,2.3762744388837116,2.105491531038284
237.0,2.55,2.55,2.55,2.55,2.55,2.55,2.55,2.549999999999989,2.5499999999993768,2.5499999999819822,2.5499999995520786,2.549999990528395,2.54999983191027,2.549997533528018,2.549970564080015,2.549719366326076,2.5479028410567803,2.537937471120757,2.4973097026970588,2.37552938811666,2.1046272362856113
238.0,2.55,2.55,2.55,2.55,2.55,2.55,2.55,2.5499999999999856,2.5499999999993284,2.549999999980736,2.5499999995247906,2.549999990027423,2.5499998243272928,2.5499974407218304,2.549969666381858,2.5497126856232617,2.547865784012613,2.5377897632200734,2.4969029588043075,2.3747855312203896,2.103765214898036
239.0,2.55,2.55,2.55,2.55,2.55,2.55,2.55,2.549999999999982,2.5499999999992764,2.5499999999794114,2.549999999496014,2.5499999895031547,2.5499998164511783,2.5499973450298934,2.549968747248449,2.5497058906586973,2.5478283225916165,2.537641239987283,2.4964957147620854,2.3740428651619028,2.102905451897052
240.0,2.55,2.55,2.55,2.55,2.55,2.55,2.55,2.5499999999999785,2.549999999999221,2.5499999999780028,2.549999999465676,2.549999988954663,2.549999808272603,2.549997246382866,2.5499678063257813,2.549698980368383,2.547790455807147,2.5374919049667843,2.4960879787961563,2.373301386895646,2.102047932466784
241.0,2.55,2.55,2.55,2.55,2.55,2.55,2.55,2.549999999999975,2.5499999999991614,2.549999999976508,2.549999999433703,2.54999998838099,2.5499997997820167,2.549997144710302,2.5499668432572355,2.5496919536907745,2.547752182697262,2.5373417617123977,2.4956797590386466,2.3725610933642374,2.1011926393940654
242.0,2.55,2.55,2.55,2.55,2.55,2.55,2.55,2.5499999999999714,2.549999999999098,2.549999999974921,2.5499999994000166,2.5499999877811477,2.549999790969638,2.5499970399406475,2.5499658576836097,2.5496848095668923,2.5477135023245645,2.537190813786746,2.4952710635290787,2.3718219814984893,2.100339555034083
243.0,2.55,2.55,2.55,2.55,2.55,2.55,2.55,2.549999999999968,2.5499999999990295,2.549999999973237,2.5499999993645375,2.549999987154114,2.549999781825454,2.54999693200123,2.549964849243148,2.5496775469404342,2.547674413776048,2.537039064760653,2.4948619002153953,2.3710840482171354,2.09948866526122
244.0,2.55,2.55,2.55,2.55,2.55,2.55,2.55,2.5499999999999643,2.5499999999989567,2.5499999999714498,2.5499999993271807,2.5499999864988374,2.549999772339214,2.54999682081826,2.549963817571566,2.5496701647578774,2.54763491616294,2.5368865182125493,2.4944522769549784,2.370347290427571,2.0986399560908353
245.0,2.55,2.55,2.55,2.55,2.55,2.55,2.55,2.5499999999999607,2.549999999998879,2.5499999999695544,2.5499999992878597,2.5499999858142313,2.5499997625004287,2.5499967063168194,2.549962762302085,2.549662661968585,2.5475950086205406,2.5367331777279,2.4940422015156534,2.3696117050267316,2.0977934136777328
246.0,2.55,2.55,2.55,2.55,2.55,2.55,2.55,2.549999999999957,2.5499999999987955,2.549999999967545,2.549999999246483,2.5499999850991744,2.5499997522983615,2.5499965884208593,2.549961683065456,2.5496550375249094,2.5475546903080595,2.536579046898634,2.493631681576687,2.3688772889019267,2.096949024314616
247.0,2.55,2.55,2.55,2.55,2.55,2.55,2.55,2.5499999999999536,2.5499999999987066,2.549999999965415,2.549999999202957,2.5499999843525116,2.549999741722031,2.549996467053198,2.5499605794899973,2.5496472903822927,2.54751396040845,2.5364241293225924,2.4932207247297726,2.3681440389316384,2.096106774430548
248.0,2.55,2.55,2.55,2.55,2.55,2.55,2.55,2.54999999999995,2.549999999998612,2.549999999963158,2.5499999991571833,2.549999983573051,2.549999730760203,2.5499963421355125,2.5499594512016177,2.5496394194993677,2.547472818128246,2.536268428602989,2.492809338480014,2.367411951986288,2.0952666505894033
249.0,2.55,2.55,2.55,2.55,2.55,2.55,2.55,2.5499999999999465,2.549999999998511,2.5499999999607676,2.549999999109061,2.549999982759566,2.549999719401392,2.549996213588335,2.5499582978238498,2.549631423838056,2.5474312626973905,2.5361119483478793,2.4923975302468904,2.366681024928966,2.09442863948833
250.0,2.55,2.55,2.55,2.55,2.55,2.55,2.55,2.549999999999943,2.5499999999984024,2.5499999999582363,2.5499999990584836,2.5499999819107897,2.54999970763385,2.5499960813310505,2.54995711897788,2.5496233023636643,2.5473892933690663,2.535954692169645,2.4919853073652183,2.3659512546161303,2.09359272795621
251.0,2.55,2.55,2.55,2.55,2.55,2.55,2.55,2.5499999999999394,2.549999999998287,2.5499999999555567,2.5499999990053412,2.54999998102542,2.5499996954455715,2.5499959452818906,2.549955914282584,2.5496150540449767,2.5473469094195234,2.5357966636844878,2.4915726770860998,2.3652226378982806,2.092758902952125
252.0,2.55,2.55,2.55,2.55,2.55,2.55,2.55,2.549999999999936,2.549999999998164,2.5499999999527216,2.549999998949521,2.5499999801021134,2.549999682824285,2.549995805357931,2.549954683354553,2.5496066778543516,2.547304110147906,2.535637866511937,2.4911596465778687,2.364495171620596,2.0919271515638234
253.0,2.55,2.55,2.55,2.55,2.55,2.55,2.55,2.5499999999999323,2.549999999998033,2.5499999999497227,2.549999998890905,2.549999979139488,2.5499996697574496,2.549995661475087,2.5499534258081265,2.5495981727678116,2.5472608948760773,2.5354783042743616,2.490746222927019,2.3637688526235565,2.091097461006206
254.0,2.55,2.55,2.55,2.55,2.55,2.55,2.55,2.5499999999999288,2.549999999997894,2.5499999999465515,2.549999998829369,2.54999997813612,2.549999656232253,2.5499955135481107,2.5499521412554276,2.549589537765132,2.547217262948443,2.5353179805965054,2.490332413139131,2.3630436777435255,2.09026981861981
255.0,2.55,2.55,2.55,2.55,2.55,2.55,2.55,2.549999999999922,2.549999999997745,2.549999999943199,2.549999998764788,2.5499999770905437,2.549999642235607,2.5499953614905877,2.5499508293063933,2.549580771829931,2.547173213731771,2.535156899105021,2.489918224139784,2.3623196438133207,2.089444211869306
256.0,2.55,2.55,2.55,2.55,2.55,2.55,2.55,2.549999999999915,2.549999999997587,2.549999999939656,2.5499999986970274,2.5499999760012524,2.549999627754145,2.5499952052149317,2.549949489568806,2.5495718739497533,2.547128746615017,2.5349950634280214,2.4895036627754643,2.3615967476627553,2.0886206283420026
257.0,2.55,2.55,2.55,2.55,2.55,2.55,2.55,2.549999999999908,2.549999999997419,2.5499999999359124,2.5499999986259527,2.5499999748666933,2.5499996127742164,2.549995044632385,2.54994812164833,2.5495628431161577,2.5470838610091415,2.53483247719464,2.4890887358144598,2.3608749861191565,2.0877990557463684
258.0,2.55,2.55,2.55,2.55,2.55,2.55,2.55,2.549999999999901,2.5499999999972403,2.5499999999319596,2.5499999985514217,2.549999973685271,2.549999597281885,2.5499948796530134,2.5499467251485406,2.549553678324799,2.5470385563469273,2.5346691440346003,2.4886734499477488,2.3601543560078704,2.086979481910562
259.0,2.55,2.55,2.55,2.55,2.55,2.55,2.55,2.5499999999998937,2.5499999999970497,2.549999999927785,2.549999998473287,2.5499999724553457,2.5499995812629264,2.5499947101857052,2.549945299670959,2.549544378575509,2.5469928320827995,2.534505067577797,2.4882578117898784,2.359434854152735,2.0861618947809704
260.0,2.55,2.55,2.55,2.55,2.55,2.55,2.55,2.5499999999998866,2.5499999999968477,2.549999999923379,2.5499999983913972,2.549999971175229,2.549999564702822,2.549994536138167,2.5499438448150875,2.549534942872377,2.5469466876926417,2.5343402514538864,2.487841827879834,2.3587164773765474,2.085346282420768
261.0,2.55,2.55,2.55,2.55,2.55,2.55,2.55,2.5499999999998795,2.5499999999966327,2.5499999999187297,2.5499999983055943,2.5499999698431854,2.5499995475867565,2.5499943574169235,2.5499423601784414,2.549525370223826,2.54690012267361,2.534174699291887,2.487425504681903,2.357999222501502,2.0845326330084872
262.0,2.55,2.55,2.55,2.55,2.55,2.55,2.55,2.5499999999998693,2.5499999999964045,2.5499999999138256,2.5499999982157155,2.5499999684574317,2.5499995298996154,2.5499941739273106,2.549940845356583,2.5495156596426924,2.5468531365439513,2.5340084147197883,2.4870088485865236,2.3572830863496166,2.0837209348365984
263.0,2.55,2.55,2.55,2.55,2.55,2.55,2.55,2.5499999999998586,2.549999999996162,2.549999999908654,2.5499999981215913,2.5499999670161357,2.5499995116259795,2.5499939855734817,2.5499392999431536,2.549505810146299,2.546805728842816,2.533841401364173,2.486591865911133,2.356568065743141,2.082911176310109
264.0,2.55,2.55,2.55,2.55,2.55,2.55,2.55,2.549999999999848,2.5499999999959044,2.5499999999032013,2.549999998023048,2.5499999655174146,2.5499994927501244,2.549993792258398,2.549937723529914,2.549495820756527,2.5467578991300712,2.533673662849842,2.4861745629009957,2.355854157504952,2.0821033459451788
265.0,2.55,2.55,2.55,2.55,2.55,2.55,2.55,2.5499999999998373,2.5499999999956313,2.5499999998974543,2.5499999979199037,2.5499999639593347,2.5499994732560127,2.549993593883832,2.5499361157067755,2.549485690499891,2.5467096469861166,2.533505202799454,2.485756945730036,2.355141358458927,2.0812974323677436
266.0,2.55,2.55,2.55,2.55,2.55,2.55,2.55,2.549999999999826,2.549999999995341,2.5499999998913987,2.5499999978119723,2.54999996233991,2.5499994531272945,2.5499933903503638,2.5499344760618308,2.5494754184076047,2.5466609720116935,2.533336024833172,2.4853390205016526,2.354429665430309,2.080493424312161
267.0,2.55,2.55,2.55,2.55,2.55,2.55,2.55,2.549999999999812,2.549999999995033,2.5499999998850207,2.5499999976990595,2.5499999606571,2.549999432347304,2.549993181557381,2.5499328041813936,2.5494650035156536,2.5466118738277026,2.5331661325683186,2.4849207932495294,2.3537190752460564,2.079691310619869
268.0,2.55,2.55,2.55,2.55,2.55,2.55,2.55,2.5499999999997978,2.5499999999947076,2.5499999998783047,2.549999997580966,2.5499999589088125,2.549999410899052,2.549992967403076,2.5499310996500335,2.549454444864859,2.5465623520750102,2.5329955296190403,2.4845022699384343,2.353009584735177,2.0788910802380585
269.0,2.55,2.55,2.55,2.55,2.55,2.55,2.55,2.5499999999997836,2.5499999999943617,2.5499999998712344,2.5499999974574843,2.5499999570928975,2.549999388765227,2.5499927477844473,2.5499293620506074,2.549443741500944,2.546512406414264,2.5328242195959794,2.4840834564650107,2.3523011907290523,2.078092722218366
270.0,2.55,2.55,2.55,2.55,2.55,2.55,2.55,2.5499999999997685,2.5499999999939953,2.5499999998637928,2.549999997328401,2.54999995520715,2.549999365928189,2.5499925225972975,2.5499275909642973,2.5494328924745964,2.546462036525703,2.532652206105956,2.4836643586585634,2.351593890061747,2.077296225715578
271.0,2.55,2.55,2.55,2.55,2.55,2.55,2.55,2.5499999999997507,2.549999999993607,2.5499999998559626,2.5499999971934955,2.549999953249307,2.5499993423699694,2.5499922917362343,2.549925785970645,2.549421896841534,2.5464112421089697,2.5324794927516536,2.483244982281831,2.3508876795703073,2.076501579986354
272.0,2.55,2.55,2.55,2.55,2.55,2.55,2.55,2.549999999999733,2.549999999993196,2.5499999998477265,2.549999997052538,2.549999951217048,2.5499993180722607,2.5499920550946675,2.5499239466475863,2.549410753662562,2.5463600228829217,2.532306083131322,2.4828253330317556,2.3501825560950524,2.0757087743879645
273.0,2.55,2.55,2.55,2.55,2.55,2.55,2.55,2.5499999999997147,2.5499999999927607,2.549999999839065,2.5499999969052953,2.5499999491079928,2.5499992930164233,2.5499918125648104,2.5499220725714884,2.5493994620036324,2.5463083785854415,2.5321319808384763,2.482405416540238,2.349478516479846,2.074917798377046
274.0,2.55,2.55,2.55,2.55,2.55,2.55,2.55,2.5499999999996934,2.5499999999923006,2.5499999998299594,2.5499999967515232,2.5499999469196997,2.5499992671834733,2.549991564037682,2.5499201633171817,2.549388020935902,2.5462563089732484,2.5319571894616133,2.4819852383748913,2.348775557572365,2.0741286415083695
275.0,2.55,2.55,2.55,2.55,2.55,2.55,2.55,2.549999999999672,2.549999999991812,2.5499999998203884,2.5499999965909685,2.5499999446496653,2.549999240554084,2.549991309403103,2.549918218458,2.549376429535789,2.546203813821712,2.5317817125839293,2.4815648040397793,2.3480736762243564,2.0733412934336286
276.0,2.55,2.55,2.55,2.55,2.55,2.55,2.55,2.5499999999996494,2.5499999999912952,2.549999999810333,2.5499999964233737,2.549999942295325,2.5499992131085794,2.549991048549699,2.549916237565812,2.5493646868850273,2.546150892924657,2.531605553783049,2.4811441189761507,2.3473728692918816,2.0725557439002418
277.0,2.55,2.55,2.55,2.55,2.55,2.55,2.55,2.5499999999996246,2.54999999999075,2.549999999799769,2.5499999962484705,2.5499999398540476,2.549999184826936,2.549990781364899,2.5499142202110585,2.5493527920707186,2.5460975460941833,2.5314287166307583,2.4807231885631684,2.3466731336355555,2.071771982750168
278.0,2.55,2.55,2.55,2.55,2.55,2.55,2.55,2.5499999999995997,2.5499999999901735,2.549999999788675,2.549999996065982,2.5499999373231406,2.5499991556887736,2.5499905077349405,2.549912165962789,2.5493407441853853,2.5460437731604726,2.5312512046927496,2.4803020181186217,2.345974466120775,2.070989999918745
279.0,2.55,2.55,2.55,2.55,2.55,2.55,2.55,2.5499999999995713,2.549999999989564,2.549999999777028,2.5499999958756234,2.549999934699842,2.5499991256733554,2.5499902275448654,2.549910074388694,2.5493285423270198,2.5459895739716,2.531073021528369,2.4798806128996405,2.345276863617936,2.070209785433536
280.0,2.55,2.55,2.55,2.55,2.55,2.55,2.5499999999999985,2.549999999999543,2.5499999999889202,2.549999999764802,2.549999995677102,2.549999931981324,2.5499990947595848,2.5499899406785222,2.5499079450551445,2.549316185599132,2.5459349483933496,2.5308941706903694,2.479458978103393,2.344580323002648,2.0694313294131974
281.0,2.55,2.55,2.55,2.55,2.55,2.55,2.549999999999995,2.549999999999511,2.5499999999882403,2.5499999997519716,2.5499999954701136,2.5499999291646898,2.5499990629260014,2.5499896470185694,2.549905777527226,2.549303673110801,2.5458798963090223,2.5307146557246782,2.4790371188677827,2.3438848411559365,2.0686546220663575
282.0,2.55,2.55,2.55,2.55,2.55,2.55,2.5499999999999914,2.549999999999478,2.5499999999875222,2.549999999738511,2.5499999952543457,2.549999926246974,2.549999030150779,2.549989346446475,2.549903571368771,2.549291003976715,2.5458244176192544,2.530534480170164,2.4786150402721328,2.343190414964438,2.0678796536905146
283.0,2.55,2.55,2.55,2.55,2.55,2.55,2.549999999999988,2.5499999999994425,2.5499999999867637,2.549999999724393,2.549999995029476,2.54999992322514,2.549998996411719,2.5499890388425195,2.5499013261424013,2.5492781773172197,2.545768512241825,2.5303536475584103,2.4781927473378627,2.3424970413205854,2.0671064146709495
284.0,2.55,2.55,2.55,2.55,2.55,2.55,2.5499999999999843,2.5499999999994047,2.5499999999859635,2.549999999709589,2.5499999947951726,2.5499999200960786,2.549998961686253,2.5499887240857952,2.549899041409557,2.549265192258359,2.5457121801114755,2.5301721614135007,2.477770245029162,2.3418047171227965,2.06633489547965
285.0,2.55,2.55,2.55,2.55,2.55,2.55,2.5499999999999807,2.5499999999993657,2.5499999999851193,2.549999999694069,2.5499999945510936,2.5499999168566094,2.549998925951435,2.549988402054211,2.549896716730537,2.5492520479319194,2.5456554211797173,2.5299900252518057,2.4773475382536496,2.3411134392756403,2.0655650866742556
286.0,2.55,2.55,2.55,2.55,2.55,2.55,2.549999999999977,2.549999999999323,2.549999999984228,2.549999999677802,2.5499999942968863,2.549999913503476,2.5499988891839394,2.549988072624493,2.5498943516645305,2.549238743475467,2.5455982354146536,2.5298072425817772,2.4769246318630316,2.340423204690008,2.0647969788970126
287.0,2.55,2.55,2.55,2.55,2.55,2.55,2.5499999999999736,2.549999999999278,2.5499999999832887,2.549999999660758,2.549999994032188,2.549999910033348,2.5499988513600598,2.549987735672186,2.549891945769655,2.549225278032388,2.545540622800791,2.529623816903748,2.476501530653747,2.3397340102832747,2.064030562873747
288.0,2.55,2.55,2.55,2.55,2.55,2.55,2.54999999999997,2.5499999999992307,2.549999999982299,2.549999999642903,2.5499999937566247,2.549999906442817,2.549998812455704,2.549987391071657,2.5498894986029907,2.549211650751927,2.5454825833388544,2.5294397517097407,2.4760782393676104,2.3390458529794538,2.0632658294128485
289.0,2.55,2.55,2.55,2.55,2.55,2.55,2.5499999999999665,2.5499999999991805,2.5499999999812544,2.5499999996242018,2.549999993469812,2.549999902728397,2.549998772446392,2.5499870386960986,2.549887009720616,2.5491978607892225,2.545424117045605,2.5292550504832745,2.4756547626924412,2.3383587297093418,2.062502769404272
290.0,2.55,2.55,2.55,2.55,2.55,2.55,2.549999999999963,2.549999999999127,2.549999999980153,2.54999999960462,2.5499999931713524,2.5499998988865245,2.5499987313072543,2.5499866784175302,2.5498844786776447,2.5491839073053417,2.5453652239536573,2.5290697166991887,2.4752311052626927,2.337672637410666,2.0617413738185557
291.0,2.55,2.55,2.55,2.55,2.55,2.55,2.5499999999999594,2.5499999999990703,2.5499999999789944,2.5499999995841214,2.5499999928608394,2.5499998949135545,2.5499986890130244,2.5499863101067994,2.549881905028257,2.5491697894673138,2.545305904111297,2.528883753823463,2.4748072716600675,2.3369875730282184,2.060981633705843
292.0,2.55,2.55,2.55,2.55,2.55,2.55,2.549999999999956,2.54999999999901,2.549999999977774,2.5499999995626683,2.5499999925378525,2.5499998908057613,2.549998645538041,2.549985933633588,2.5498792883257386,2.5491555064481624,2.5452461575823,2.528697165313046,2.4743832664141308,2.336303533513991,2.0602235401949303
293.0,2.55,2.55,2.55,2.55,2.55,2.55,2.5499999999999523,2.549999999998946,2.5499999999764893,2.5499999995402205,2.5499999922019607,2.5499998865593363,2.5499986008562425,2.5499855488664163,2.5498766281225143,2.5491410574269384,2.545185984445751,2.528509954615688,2.473959094002913,2.3356205158272973,2.059467084492322
294.0,2.55,2.55,2.55,2.55,2.55,2.55,2.5499999999999488,2.5499999999988785,2.549999999975137,2.549999999516738,2.54999999185272,2.5499998821703866,2.5499985549411672,2.5499851556726396,2.5498739239701833,2.5491264415887476,2.5451253847958624,2.5283221251697827,2.473534758853508,2.3349385169348995,2.0587122578812993
295.0,2.55,2.55,2.55,2.55,2.55,2.55,2.549999999999945,2.549999999998807,2.5499999999737137,2.549999999492178,2.5499999914896736,2.5499998776349346,2.549998507765945,2.5499847539184612,2.5498711754195513,2.5491116581247795,2.5450643587417994,2.528133680404209,2.4731102653426595,2.33425753381112,2.0579590517210047
296.0,2.55,2.55,2.55,2.55,2.55,2.55,2.5499999999999416,2.549999999998731,2.5499999999722167,2.5499999994664977,2.5499999911123505,2.549999872948916,2.5499984593033,2.5499843434689273,2.549868382020671,2.549096706232336,2.545002906407494,2.5279446237381817,2.472685617797348,2.3335775634379545,2.0572074574455366
297.0,2.55,2.55,2.55,2.55,2.55,2.55,2.549999999999938,2.549999999998651,2.549999999970642,2.5499999994396516,2.5499999907202695,2.5499998681081792,2.549998409525544,2.549983924187936,2.5498655433228716,2.54908158511486,2.544941027931475,2.527754958581105,2.4722608204953676,2.3328986028051792,2.0564574665630597
298.0,2.55,2.55,2.55,2.55,2.55,2.55,2.5499999999999345,2.5499999999985667,2.5499999999689855,2.549999999411593,2.549999990312934,2.549999863108484,2.5499983584045767,2.549983495938239,2.5498626588747957,2.5490662939819524,2.54487872346669,2.5275646883324288,2.4718358776658893,2.332220648910455,2.0557090706549275
299.0,2.55,2.55,2.55,2.55,2.55,2.55,2.549999999999931,2.5499999999984766,2.5499999999672442,2.549999999382274,2.5499999898898333,2.5499998579455,2.5499983059118816,2.549983058581448,2.5498597282244333,2.549050832049403,2.5448159931803245,2.527373816381517,2.4714107934900293,2.331543698759423,2.0549622613748153
300.0,2.55,2.55,2.55,2.55,2.55,2.55,2.5499999999999274,2.549999999998382,2.5499999999654146,2.5499999993516442,2.549999989450444,2.549999852614805,2.5499982520185234,2.5499826119780358,2.549856750919156,2.549035198539212,2.544752837253633,2.527182346107511,2.4709855721014033,2.3308677493658023,2.0542170304478695
301.0,2.55,2.55,2.55,2.55,2.55,2.55,2.549999999999924,2.549999999998281,2.5499999999634912,2.549999999319652,2.549999988994227,2.5499998471118843,2.549998196695146,2.5499821559873435,2.5498537265057513,2.54901939267961,2.544689255881763,2.5269902808792057,2.470560217586675,2.33019279775148,2.053473370134896
302.0,2.55,2.55,2.55,2.55,2.55,2.55,2.5499999999999203,2.549999999998175,2.5499999999614715,2.5499999992862454,2.549999988520629,2.5499998414321303,2.5499981399119687,2.549981690467582,2.5498506545304553,2.5490034137050777,2.5446252492735786,2.5267976240549235,2.4701347339861015,2.329518840946732,2.052731272873901
303.0,2.55,2.55,2.55,2.55,2.55,2.55,2.5499999999999168,2.549999999998063,2.54999999995935,2.549999999251368,2.5499999880290822,2.549999835570838,2.549998081638785,2.5499812152758397,2.5498475345389897,2.5489872608563693,2.5445608176514956,2.5266043789823973,2.4697091252940653,2.3288458759904795,2.0519907305603207
304.0,2.55,2.55,2.55,2.55,2.55,2.55,2.5499999999999123,2.5499999999979446,2.5499999999571217,2.549999999214963,2.549999987519003,2.549999829523208,2.5499980218449605,2.5499807302680852,2.549844366076593,2.5489709333805264,2.5444959612513025,2.5264105489986552,2.469283395459609,2.328173899930361,2.051251735159924
305.0,2.55,2.55,2.55,2.55,2.55,2.55,2.5499999999999052,2.5499999999978193,2.549999999954784,2.549999999176972,2.549999986989793,2.5499998232843426,2.54999796049943,2.549980235299173,2.5498411486880537,2.5489544305308964,2.544430680321997,2.5262161374299104,2.468857548386957,2.3275029098227678,2.05051427870789
306.0,2.55,2.55,2.55,2.55,2.55,2.55,2.549999999999898,2.549999999997687,2.549999999952329,2.549999999137334,2.549999986440837,2.5499998168492457,2.5499978975706927,2.5499797302228484,2.5498378819177465,2.5489377515671494,2.5443649751256134,2.5260211475914556,2.4684315879360335,2.326832902732887,2.049778353307897
307.0,2.55,2.55,2.55,2.55,2.55,2.55,2.549999999999891,2.5499999999975476,2.5499999999497533,2.549999999095986,2.549999985871504,2.549999810212819,2.5499978330268136,2.549979214891752,2.549834565309663,2.5489208957552925,2.544298845937056,2.5258255827875584,2.468005517922975,2.326163875734741,2.049043951131243
308.0,2.55,2.55,2.55,2.55,2.55,2.55,2.549999999999884,2.5499999999974006,2.549999999947051,2.5499999990528637,2.5499999852811457,2.5499998033698645,2.5499977668354186,2.5499786891574265,2.5498311984074435,2.5489038623676836,2.544232293043929,2.525629446311365,2.467579342120634,2.3254958259112195,2.048311064415971
309.0,2.55,2.55,2.55,2.55,2.55,2.55,2.549999999999877,2.549999999997245,2.549999999944217,2.5499999990079005,2.5499999846690984,2.5499997963150793,2.5499976989636934,2.549978152870321,2.549827780754414,2.548886650683046,2.5441653167463762,2.525432741444804,2.4671530642590827,2.3248287503541234,2.047579685466025
310.0,2.55,2.55,2.55,2.55,2.55,2.55,2.5499999999998697,2.5499999999970813,2.549999999941245,2.5499999989610265,2.54999998403468,2.5499997890430586,2.549997629378381,2.549977605879798,2.5498243118936186,2.5488692599864775,2.5440979173569103,2.525235471458495,2.4667266880261023,2.3241626461641958,2.0468498066504117
311.0,2.55,2.55,2.55,2.55,2.55,2.55,2.5499999999998626,2.549999999996909,2.5499999999381298,2.54999999891217,2.549999983377191,2.54999978154829,2.5499975580457797,2.5499770480341355,2.549820791367846,2.548851689569463,2.5440300952002532,2.525037639611662,2.4663002170676727,2.323497510451162,2.046121420402388
312.0,2.55,2.55,2.55,2.55,2.55,2.55,2.5499999999998533,2.5499999999967273,2.5499999999348644,2.5499999988612587,2.549999982695915,2.549999773825157,2.54999748493174,2.549976479180538,2.54981721871967,2.5488339387298846,2.5439618506131714,2.5248392491520493,2.4658736549884552,2.3228333403337613,2.045394519218656
313.0,2.55,2.55,2.55,2.55,2.55,2.55,2.5499999999998426,2.5499999999965355,2.549999999931442,2.549999998808216,2.5499999819901173,2.5499997658679314,2.5499974100016654,2.549975899165136,2.549813593491475,2.54881600677203,2.5438931839443155,2.5246403033158415,2.465447005352266,2.32217013293978,2.044669095658581
314.0,2.55,2.55,2.55,2.55,2.55,2.55,2.549999999999832,2.5499999999963334,2.549999999927857,2.549999998752964,2.549999981259043,2.549999757670778,2.5499973332205057,2.5499753078329985,2.5498099152254925,2.5487978930066024,2.5438240955540583,2.5244408053275853,2.4650202716825493,2.321507885406085,2.043945142343422
315.0,2.55,2.55,2.55,2.55,2.55,2.55,2.5499999999998213,2.5499999999961203,2.549999999924102,2.5499999986954216,2.5499999805019193,2.5499997492277506,2.549997254552757,2.5499747050281356,2.5498061834638306,2.5487795967507236,2.543754585814337,2.5242407584001154,2.464593457462842,2.320846594878654,2.0432226519555736
316.0,2.55,2.55,2.55,2.55,2.55,2.55,2.5499999999998106,2.5499999999958955,2.54999999992017,2.549999998635507,2.549999979717955,2.54999974053279,2.5499971739624625,2.5499740905935053,2.549802397748507,2.5487611173279436,2.543684655108495,2.5240401657344855,2.464166566137231,2.3201862585126074,2.042501617237827
317.0,2.55,2.55,2.55,2.55,2.55,2.55,2.5499999999998,2.5499999999956593,2.549999999916053,2.5499999985731328,2.5499999789063383,2.549999731579724,2.549997091413207,2.54997346437102,2.5497985576214774,2.548742454068246,2.5436143038311196,2.523839030519901,2.4637396011108077,2.319526873472234,2.0417820309926373
318.0,2.55,2.55,2.55,2.55,2.55,2.55,2.549999999999786,2.5499999999954106,2.5499999999117446,2.549999998508212,2.549999978066238,2.5499997223622666,2.5499970068681153,2.5499728262015537,2.549794662624671,2.5487236063080516,2.543543532387895,2.523637355933653,2.4633125657501163,2.3188684369310195,2.0410638860814143
319.0,2.55,2.55,2.55,2.55,2.55,2.55,2.549999999999772,2.5499999999951495,2.5499999999072354,2.5499999984406525,2.5499999771968014,2.549999712874014,2.5499969202898525,2.549972175924947,2.5497907123000183,2.548704573390221,2.5434723411954425,2.5234351451410593,2.4628854633835973,2.3182109460716736,2.0403471754238147
320.0,2.55,2.55,2.55,2.55,2.55,2.55,2.549999999999758,2.549999999994874,2.5499999999025174,2.5499999983703607,2.549999976297156,2.549999703108448,2.5499968316406196,2.5499715133800147,2.5497867061894826,2.548685354664058,2.5434007306811646,2.5232324012954024,2.462458297302023,2.3175543980861546,2.039631891997057
321.0,2.55,2.55,2.55,2.55,2.55,2.55,2.5499999999997436,2.5499999999945846,2.5499999998975817,2.5499999982972397,2.549999975366409,2.549999693058928,2.5499967408821544,2.5499708384045534,2.549782643835091,2.548665949485312,2.5433287012830963,2.5230291275378787,2.46203107075893,2.3168987901756917,2.0389180288352424
322.0,2.55,2.55,2.55,2.55,2.55,2.55,2.5499999999997276,2.54999999999428,2.549999999892419,2.549999998221191,2.5499999744036455,2.549999682718696,2.5499966479757266,2.5499701508353483,2.5497785247789633,2.548646357216178,2.543256253449753,2.522825326997542,2.461603786971049,2.3162441195508063,2.0382055790286864
323.0,2.55,2.55,2.55,2.55,2.55,2.55,2.54999999999971,2.5499999999939598,2.549999999887022,2.549999998142111,2.5499999734079277,2.5499996720808715,2.5499965528821393,2.5499694505081782,2.5497743485633433,2.5486265772252987,2.5431833876399814,2.522621002791257,2.461176449118722,2.3155903834313354,2.0374945357232663
324.0,2.55,2.55,2.55,2.55,2.55,2.55,2.549999999999692,2.5499999999936227,2.5499999998813796,2.5499999980598935,2.549999972378297,2.549999661138453,2.549996455561725,2.549968737257824,2.5497701147306304,2.548606608887761,2.543110104322806,2.5224161580236504,2.46074906034632,2.314937579046449,2.036784892119778
325.0,2.55,2.55,2.55,2.55,2.55,2.55,2.5499999999996743,2.5499999999932688,2.549999999875482,2.5499999979744317,2.5499999713137713,2.5499996498843127,2.5499963559743453,2.5499680109180773,2.5497658228234044,2.5485864515850967,2.5430364039772875,2.522210795787066,2.4603216237626566,2.314285703634669,2.0360766414733003
326.0,2.55,2.55,2.55,2.55,2.55,2.55,2.549999999999654,2.549999999992897,2.549999999869319,2.549999997885613,2.5499999702133462,2.549999638311199,2.5499962540793875,2.5499672713217456,2.5497614723844593,2.54856610470528,2.5429622870923714,2.5220049191615233,2.4598941424413936,2.313634754443885,2.0353697770925754
327.0,2.55,2.55,2.55,2.55,2.55,2.55,2.5499999999996326,2.5499999999925063,2.5499999998628806,2.5499999977933228,2.5499999690759934,2.5499996264117346,2.5499961498357657,2.54996651830066,2.549757062956829,2.5485455676427256,2.5428877541667454,2.5217985312146802,2.4594666194214407,2.3129847287313705,2.0346642923393956
328.0,2.55,2.55,2.55,2.55,2.55,2.55,2.5499999999996112,2.549999999992096,2.549999999856155,2.549999997697441,2.549999967900662,2.5499996141784123,2.549996043201919,2.5499657516856855,2.5497525940838215,2.548524839798282,2.5428128057086945,2.521591635001794,2.4590390577073546,2.312335623763796,2.0339601806280014
329.0,2.55,2.55,2.55,2.55,2.55,2.549999999999998,2.5499999999995877,2.5499999999916647,2.5499999998491307,2.5499999975978467,2.549999966686275,2.549999601603597,2.5499959341358074,2.5499649713067236,2.5497480653090414,2.5485039205792304,2.5427374422359565,2.5213842335656853,2.4586114602697275,2.3116874368172455,2.0332574354244874
330.0,2.55,2.55,2.55,2.55,2.55,2.5499999999999963,2.549999999999563,2.549999999991212,2.5499999998417957,2.5499999974944143,2.5499999654317325,2.549999588679522,2.5499958225949126,2.549964176992723,2.5497434761764195,2.548482809399278,2.5426616642755824,2.5211763299367096,2.4581838300455794,2.311040165177219,2.0325560502462214
331.0,2.55,2.55,2.55,2.55,2.55,2.5499999999999927,2.549999999999538,2.5499999999907366,2.549999999834139,2.549999997387015,2.549999964135908,2.5499995753982896,2.5499957085362372,2.5499633685716883,2.5497388262302447,2.548461505678552,2.542585472363795,2.520967927132725,2.4577561699387354,2.310393806138655,2.0318560186612684
332.0,2.55,2.55,2.55,2.55,2.55,2.549999999999989,2.5499999999995095,2.5499999999902383,2.5499999998261473,2.5499999972755165,2.5499999627976524,2.549999561751869,2.5499955919163004,2.5499625458706854,2.5497341150151906,2.5484400088435937,2.5425088670458487,2.5207590281590653,2.457328482820206,2.309748357005928,2.031157334287826
333.0,2.55,2.55,2.55,2.55,2.55,2.5499999999999856,2.549999999999481,2.549999999989715,2.5499999998178073,2.5499999971597824,2.549999961415788,2.5499995477320954,2.5499954726911414,2.549961708715853,2.549729342076339,2.548418318327352,2.5424318488758932,2.5205496360085147,2.456900771528559,2.3091038150928633,2.0304599907936707
334.0,2.55,2.55,2.55,2.55,2.55,2.549999999999982,2.5499999999994505,2.5499999999891663,2.549999999809105,2.5499999970396723,2.549999959989112,2.5499995333306664,2.549995350816312,2.5499608569324055,2.5497245069592123,2.5483964335691733,2.542354418416835,2.520339753661285,2.4564730388702896,2.3084601777227407,2.029763981895607
335.0,2.55,2.55,2.55,2.55,2.55,2.5499999999999785,2.5499999999994185,2.5499999999885907,2.5499999998000282,2.5499999969150418,2.549999958516394,2.549999518539144,2.549995226246882,2.5499599903446457,2.5497196092097987,2.5483743540147947,2.542276576240201,2.5201293840849917,2.4560452876201824,2.3078174422282998,2.029069301358929
336.0,2.55,2.55,2.55,2.55,2.55,2.549999999999975,2.5499999999993843,2.5499999999879885,2.5499999997905616,2.549999996785744,2.549999956996378,2.549999503348951,2.549995098937435,2.5499591087759694,2.54971464837458,2.548352079116335,2.5421983229260054,2.519918530234639,2.455617520521675,2.307175605951746,2.028375942996891
337.0,2.55,2.55,2.55,2.55,2.55,2.5499999999999714,2.549999999999349,2.549999999987355,2.5499999997806904,2.5499999966516267,2.549999955427779,2.5499994877513723,2.5499949688420664,2.549958212048878,2.5497096240005566,2.5483296083322857,2.5421196590626174,2.5197071950525993,2.455189740287208,2.306534666244749,2.0276839006701812
338.0,2.55,2.55,2.55,2.55,2.55,2.549999999999968,2.549999999999311,2.549999999986692,2.5499999997703995,2.5499999965125317,2.549999953809286,2.549999471737549,2.549994835914383,2.549957299984982,2.5497045356352737,2.5483069411274957,2.5420405852466237,2.5194953814686003,2.4547619495985797,2.305894620468449,2.02699316828641
339.0,2.55,2.55,2.55,2.55,2.55,2.5499999999999643,2.549999999999272,2.549999999985997,2.5499999997596725,2.5499999963683,2.549999952139558,2.549999455298483,2.549994700107503,2.549956372405012,2.5496993828268493,2.5482840769731676,2.5419611020827064,2.5192830923997103,2.454334151107293,2.305255465993456,2.026303739799602
340.0,2.55,2.55,2.55,2.55,2.55,2.5499999999999607,2.5499999999992298,2.5499999999852685,2.5499999997484935,2.5499999962187663,2.5499999504172264,2.5499994384250293,2.549994561374055,2.5499554291288273,2.5496941651240013,2.548261015346841,2.541881210183504,2.519070330750326,2.4539063474348963,2.304617200199848,2.0256156092096917
341.0,2.55,2.55,2.55,2.55,2.55,2.549999999999957,2.549999999999186,2.5499999999845055,2.5499999997368445,2.5499999960637614,2.5499999486408913,2.5499994211079007,2.549994419666176,2.549954469975424,2.5496888820760684,2.548237755732382,2.5418009101694885,2.5188570994121644,2.453478541173322,2.3039798204771706,2.0249287705620365
342.0,2.55,2.55,2.55,2.55,2.55,2.5499999999999536,2.5499999999991396,2.549999999983707,2.5499999997247094,2.549999995903111,2.549999946809126,2.5499994033376625,2.5499942749355107,2.549953494762943,2.5496835332330394,2.5482142976199715,2.5417202026688375,2.5186434012642533,2.453050734885222,2.3033433242244348,2.0242432179469265
343.0,2.55,2.55,2.55,2.55,2.55,2.54999999999995,2.5499999999990903,2.549999999982871,2.549999999712069,2.5499999957366377,2.549999944920471,2.5499993851047327,2.5499941271332114,2.549952503308679,2.5496781181455774,2.54819064050609,2.541639088317305,2.5184292391729266,2.452622931104299,2.3027077088501113,2.0235589454991096
344.0,2.55,2.55,2.55,2.55,2.55,2.5499999999999465,2.5499999999990393,2.549999999981995,2.5499999996989056,2.5499999955641566,2.5499999429734377,2.5499993663993816,2.549993976209938,2.549951495429091,2.549672636365043,2.548166783893504,2.5415575677581,2.51821461599182,2.452195132335628,2.3020729717721293,2.022875947397316
345.0,2.55,2.55,2.55,2.55,2.55,2.549999999999943,2.5499999999989855,2.5499999999810785,2.5499999996851996,2.5499999953854817,2.5499999409665057,2.5499993472117284,2.5499938221158542,2.549950470939808,2.549667087443523,2.548142727291253,2.5414756416417603,2.517999534561864,2.451767341055985,2.3014391104178666,2.0221942178637966
346.0,2.55,2.55,2.55,2.55,2.55,2.5499999999999394,2.5499999999989287,2.5499999999801193,2.549999999670931,2.5499999952004173,2.5499999388981243,2.549999327531741,2.549993664800632,2.54994942965564,2.5496614709338483,2.548118470214634,2.5413933106260305,2.5177839977112884,2.4513395597141607,2.300806122224148,2.0215137511638623
347.0,2.55,2.55,2.55,2.55,2.55,2.549999999999936,2.5499999999988687,2.549999999979116,2.5499999996560785,2.549999995008768,2.54999993676671,2.549999307349236,2.5499935042134463,2.5499483713905864,2.549655786389623,2.5480940121851865,2.5413105753757415,2.517568008255618,2.450911790731277,2.3001740046372334,2.0208345416054327
348.0,2.55,2.55,2.55,2.55,2.55,2.5499999999999323,2.5499999999988057,2.5499999999780663,2.5499999996406233,2.549999994810329,2.549999934570647,2.5499992866538745,2.5499933403029758,2.5499472959578435,2.5496500333652485,2.5480693527306753,2.5412274365626883,2.517351568997677,2.4504840365011,2.2995427551128125,2.0201565835385913
349.0,2.55,2.55,2.55,2.55,2.55,2.5499999999999288,2.5499999999987395,2.5499999999769685,2.549999999624542,2.549999994604892,2.5499999323082863,2.5499992654351633,2.5499931730174032,2.5499462031698163,2.549644211415942,2.5480444913850753,2.541143894865513,2.5171346827275896,2.4500562993903414,2.2989123711159913,2.019479871355146
350.0,2.55,2.55,2.55,2.55,2.55,2.549999999999925,2.54999999999867,2.5499999999758205,2.549999999607812,2.5499999943922442,2.549999929977945,2.549999243682454,2.549993002304414,2.549945092838126,2.5496383200977655,2.548019427688555,2.5410599509695873,2.5169173522227863,2.449628581738969,2.298282850121289,2.0188043994881952
351.0,2.55,2.55,2.55,2.55,2.55,2.5499999999999217,2.5499999999985974,2.5499999999746206,2.549999999590411,2.549999994172166,2.5499999275779093,2.5499992213849385,2.5499928281111965,2.549943964773618,2.5496323589676453,2.547994161187458,2.5409756055668917,2.5166995802480105,2.4492008858604994,2.2976541896126195,2.0181301624117
352.0,2.55,2.55,2.55,2.55,2.55,2.549999999999918,2.5499999999985206,2.5499999999733665,2.549999999572315,2.549999993944432,2.5499999251064276,2.5499991985316526,2.5499926503844415,2.549942818786374,2.5496263275833946,2.547968691434287,2.540890859355904,2.516481369555324,2.4487732140422995,2.2970263870832848,2.017457154640064
353.0,2.55,2.55,2.55,2.55,2.55,2.5499999999999146,2.54999999999844,2.5499999999720555,2.5499999995534988,2.5499999937088127,2.549999922561715,2.5499991751114695,2.5499924690703426,2.5499416546857177,2.549620225503739,2.5479430179876847,2.5408057130414834,2.516262722884114,2.4483455685458764,2.2963994400359606,2.0167853707277192
354.0,2.55,2.55,2.55,2.55,2.55,2.549999999999911,2.549999999998356,2.5499999999706864,2.5499999995339375,2.5499999934650712,2.549999919941952,2.5499991511131026,2.549992284114593,2.5499404722802277,2.5496140522883346,2.5479171404124137,2.5407201673347575,2.5160436429611104,2.447917951607167,2.2957733459826835,2.016114805268712
355.0,2.55,2.55,2.55,2.55,2.55,2.5499999999999075,2.549999999998267,2.549999999969256,2.549999999513606,2.549999993212966,2.5499999172452816,2.549999126525101,2.549992095462389,2.549939271377743,2.5496078074977935,2.547891058279341,2.5406342229530092,2.515824132500388,2.447490365436824,2.2951481024448346,2.0154454528963006
356.0,2.55,2.55,2.55,2.55,2.55,2.549999999999904,2.5499999999981737,2.5499999999677616,2.5499999994924765,2.549999992952249,2.549999914469812,2.5499991013358545,2.549991903058429,2.549938051785375,2.549601490693702,2.5478647711654148,2.5405478806195685,2.5156041942033838,2.4470628122204987,2.294523706953128,2.0147773082825573
357.0,2.55,2.55,2.55,2.55,2.55,2.5499999999999,2.549999999998076,2.549999999966201,2.549999999470521,2.5499999926826655,2.5499999116136145,2.5499990755335835,2.549991706846909,2.5499368133095164,2.5495951014386464,2.547838278653646,2.540461141063698,2.5153838307589096,2.4466352941191176,2.2939001570475934,2.014110366137974
358.0,2.55,2.55,2.55,2.55,2.55,2.549999999999893,2.5499999999979734,2.549999999964572,2.5499999994477114,2.549999992403955,2.5499999086747236,2.549999049106344,2.549991506771529,2.5499355557558494,2.549588639296229,2.5478115803330903,2.5403740050204884,2.515163044843168,2.4462078132691585,2.2932774502775617,2.0134446212110726
359.0,2.55,2.55,2.55,2.55,2.55,2.5499999999998857,2.5499999999978655,2.5499999999628713,2.549999999424019,2.549999992115851,2.5499999056511347,2.5499990220420257,2.549991302775489,2.549934278929358,2.5495821038310926,2.547784675798825,2.5402864732307493,2.514941839119764,2.445780371782925,2.2926555842016443,2.0127800682880252
360.0,2.55,2.55,2.55,2.55,2.55,2.5499999999998786,2.5499999999977527,2.5499999999610963,2.549999999399412,2.5499999918180802,2.5499999025408058,2.5499989943283485,2.5499910948014906,2.5499329826343327,2.54957549460894,2.547757564651928,2.540198546440902,2.5147202162397275,2.4453529717488127,2.29203455638772,2.0121167021922712
361.0,2.55,2.55,2.55,2.55,2.55,2.5499999999998715,2.549999999997634,2.5499999999592444,2.54999999937386,2.549999991510363,2.5499998993416577,2.5499989659528612,2.5499908827917346,2.5499316666743854,2.5495688111965533,2.547730246499458,2.540110225402875,2.514498178841528,2.4449256152315773,2.291414364412924,2.011454518481753
362.0,2.55,2.55,2.55,2.55,2.55,2.5499999999998644,2.54999999999751,2.549999999957312,2.5499999993473317,2.5499999911924114,2.549999896051569,2.5499989369029468,2.5499906666879246,2.5499303308524555,2.5495620531618157,2.5477027209544314,2.5400215108740007,2.5142757295510934,2.4444983042725927,2.29079500586382,2.0107935129123633
363.0,2.55,2.55,2.55,2.55,2.55,2.5499999999998573,2.5499999999973797,2.549999999955296,2.5499999993197937,2.5499999908639337,2.549999892668381,2.5499989071658105,2.5499904464312637,2.54992897497082,2.549555220073729,2.5476749876358027,2.539932403616909,2.5140528709818315,2.4440710408901154,2.2901764783366385,2.010133680358899
364.0,2.55,2.55,2.55,2.55,2.55,2.54999999999985,2.549999999997243,2.5499999999531937,2.5499999992912117,2.549999990524629,2.5499998891898934,2.5499988767284885,2.5499902219624597,2.5499275988311028,2.5495483115024347,2.5476470461684384,2.53984290439943,2.513829605734649,2.4436438270795375,2.2895587794372516,2.0094750157351444
365.0,2.55,2.55,2.55,2.55,2.55,2.549999999999843,2.5499999999971,2.5499999999510017,2.5499999992615514,2.54999999017419,2.549999885613867,2.54999884557784,2.549989993221718,2.549926202234287,2.5495413270192344,2.5476188961830983,2.5397530139944884,2.513605936397977,2.4432166648136433,2.2889419067810968,2.0088175139933218
366.0,2.55,2.55,2.55,2.55,2.55,2.5499999999998346,2.54999999999695,2.549999999948716,2.549999999230776,2.5499999898123016,2.5499998819380187,2.5499988137005523,2.5499897601487467,2.5499247849807203,2.5495342661966056,2.547590537316409,2.539662733180007,2.5133818655477906,2.4427895560428574,2.2883258579931085,2.0081611701235635
367.0,2.55,2.55,2.55,2.55,2.55,2.549999999999824,2.5499999999967926,2.5499999999463334,2.5499999991988487,2.549999989438642,2.5499998781600266,2.549998781083131,2.549989522682758,2.549923346870129,2.5495271286082235,2.5475619692108427,2.539572062738807,2.513157395747633,2.4423625026954943,2.287710630707654,2.0075059791533976
368.0,2.55,2.55,2.55,2.55,2.55,2.5499999999998133,2.5499999999966283,2.54999999994385,2.5499999991657325,2.5499999890528815,2.5499998742775243,2.549998747711909,2.5499892807624644,2.5499218877016228,2.5495199138289766,2.5475331915146944,2.5394810034585094,2.512932529548641,2.441935506678001,2.287096222568471,2.006851936147248
369.0,2.55,2.55,2.55,2.55,2.55,2.5499999999998026,2.549999999996456,2.549999999941262,2.549999999131388,2.5499999886546827,2.549999870288104,2.549998713573036,2.549989034326082,2.5499204072737105,2.5495126214349852,2.5475042038820543,2.5393895561314372,2.5127072694895713,2.441508569875201,2.2864826312286106,2.00619903620595
370.0,2.55,2.55,2.55,2.55,2.55,2.549999999999792,2.5499999999962757,2.5499999999385654,2.5499999990957747,2.5499999882437008,2.5499998661893146,2.5499986786524858,2.54998878331133,2.549918905384304,2.5495052510036227,2.5474750059727893,2.5392977215545236,2.512481618096824,2.441081694150535,2.2858698543503815,2.00554727446628
371.0,2.55,2.55,2.55,2.55,2.55,2.5499999999997813,2.549999999996087,2.549999999935755,2.5499999990588518,2.5499999878195836,2.54999986197866,2.549998642936049,2.549988527655431,2.5499173818307312,2.5494978021135304,2.547445597452513,2.539205500529215,2.512255577884473,2.4406548813462927,2.2852578896052966,2.0048966461004962
372.0,2.55,2.55,2.55,2.55,2.55,2.5499999999997707,2.5499999999958893,2.5499999999328296,2.5499999990205766,2.5499999873819688,2.549999857653602,2.5499986064093343,2.5499882672951113,2.5499158364097467,2.5494902743446346,2.5474159779925647,2.5391128938613767,2.512029151354291,2.44022813328385,2.284646734674021,2.0042471463158953
373.0,2.55,2.55,2.55,2.55,2.55,2.549999999999757,2.549999999995683,2.549999999929783,2.5499999989809057,2.549999986930489,2.549999853211555,2.549998569057768,2.549988002166605,2.5499142689175374,2.5494826672781636,2.547386147269984,2.5390199023612023,2.5118023409957804,2.4398014517638984,2.2840363872463265,2.0035987703543756
374.0,2.55,2.55,2.55,2.55,2.55,2.5499999999997427,2.5499999999954666,2.5499999999266105,2.5499999989397946,2.5499999864647656,2.5499998486498896,2.549998530866591,2.549987732205648,2.549912679149736,2.5494749804966665,2.5473561049674847,2.5389265268431216,2.5115751492862013,2.4393748385666756,2.283426845021041,2.002951513492017
375.0,2.55,2.55,2.55,2.55,2.55,2.5499999999997285,2.54999999999524,2.5499999999233083,2.5499999988971975,2.549999985984414,2.54999984396593,2.54999849182086,2.549987457347483,2.5499110669014304,2.549467213584028,2.5473258507734275,2.53883276812571,2.5113475786906,2.438948295452186,2.282818105706008,2.002305371038669
376.0,2.55,2.55,2.55,2.55,2.55,2.5499999999997143,2.5499999999950034,2.5499999999198706,2.549999998853066,2.54999998548904,2.5499998391569556,2.5499984519054437,2.549987177526861,2.549909431967172,2.549459366125486,2.5472953843818007,2.5387386270315986,2.5111196316618454,2.4385218241604285,2.2822101670180404,2.001660338337545
377.0,2.55,2.55,2.55,2.55,2.55,2.5499999999997,2.549999999994756,2.5499999999162943,2.5499999988073525,2.549999984978239,2.549999834220196,2.549998411105025,2.549986892678039,2.549907774140986,2.5494514377076456,2.547264705492187,2.5386441043873886,2.510891310640652,2.4380954264116133,2.281603026682877,2.0010164107648336
378.0,2.55,2.55,2.55,2.55,2.55,2.549999999999683,2.5499999999944976,2.549999999912572,2.5499999987600073,2.5499999844516004,2.5499998291528367,2.549998369404098,2.5499866027347817,2.549906093216382,2.5494434279184985,2.5472338138097417,2.5385492010235597,2.5106626180556195,2.4376691039063814,2.280996682435147,2.0003735837293166
379.0,2.55,2.55,2.55,2.55,2.5499999999999994,2.5499999999996654,2.549999999994227,2.5499999999086995,2.549999998710978,2.5499999839087026,2.5499998239520107,2.5499983267869673,2.5499863076303653,2.549904388986363,2.5494353363474334,2.547202709045165,2.5384539177743854,2.5104335563232607,2.437242858326017,2.2803911320183285,1.9997318526719912
380.0,2.55,2.55,2.55,2.55,2.5499999999999976,2.5499999999996477,2.5499999999939447,2.5499999999046716,2.5499999986602133,2.5499999833491147,2.5499998186148076,2.549998283237746,2.5499860072975724,2.549902661243434,2.5494271625852574,2.5471713909146776,2.53835825547785,2.5102041278480356,2.436816691332662,2.279786373184707,1.9990912130657064
381.0,2.55,2.55,2.55,2.55,2.5499999999999954,2.54999999999963,2.5499999999936493,2.5499999999004825,2.549999998607659,2.549999982772399,2.5499998131382644,2.5499982387403577,2.549985701668699,2.5499009097796175,2.549418906224206,2.5471398591399903,2.5382622149755614,2.5099743350223878,2.436390604569525,2.2791824036953408,1.998451660414805
382.0,2.55,2.55,2.55,2.55,2.5499999999999936,2.5499999999996104,2.5499999999933407,2.549999999896127,2.5499999985532593,2.5499999821781048,2.5499998075193693,2.549998193278532,2.5499853906755514,2.549899134386455,2.549410566857959,2.5471081134482803,2.5381657971126677,2.5097441802267766,2.4359645996610886,2.278579221320026,1.9978131902547738
383.0,2.55,2.55,2.55,2.55,2.549999999999992,2.549999999999589,2.549999999993019,2.5499999998915976,2.5499999984969577,2.549999981565774,2.5499998017550616,2.549998146835805,2.54998507424945,2.549897334855023,2.5494021440816583,2.547076153572163,2.538069002737777,2.5095136658297115,2.4355386782133133,2.2779768238372564,1.997175798151901
384.0,2.55,2.55,2.55,2.55,2.54999999999999,2.5499999999995677,2.549999999992683,2.5499999998868894,2.549999998438696,2.5499999809349387,2.549999795842229,2.5499980993955185,2.5499847523212265,2.5498955109759405,2.5493936374919177,2.5470439792496657,2.5379718327028735,2.5092827941877887,2.4351128418138406,2.277375209034193,1.9965394797029405
385.0,2.55,2.55,2.55,2.55,2.549999999999988,2.5499999999995464,2.5499999999923313,2.5499999998819955,2.5499999983784143,2.54999998028512,2.549999789777708,2.5499980509408195,2.5499844248212296,2.5498936625393798,2.54938504668684,2.5470115902241988,2.5378742878632377,2.5090515676457263,2.434687092032193,2.2767743747066276,1.995904230534784
386.0,2.55,2.55,2.55,2.55,2.5499999999999843,2.5499999999995215,2.5499999999919645,2.5499999998769094,2.5499999983160504,2.54999997961583,2.5499997835582833,2.5499980014546595,2.5499840916793226,2.5498917893350734,2.5493763712660287,2.5469789862445285,2.537776369077368,2.508819988536401,2.43426143041997,2.2761743186589474,1.9952700463041373
387.0,2.55,2.55,2.55,2.55,2.5499999999999807,2.5499999999994967,2.5499999999915817,2.5499999998716247,2.549999998251543,2.5499999789265697,2.549999777180688,2.5499979509197908,2.549983752824885,2.5498898911523273,2.549367610830604,2.5469461670647506,2.5376780772069005,2.5085880591808873,2.433835858511046,2.275575038704106,1.9946369226972072
388.0,2.55,2.55,2.55,2.55,2.549999999999977,2.549999999999472,2.549999999991182,2.5499999998661345,2.549999998184826,2.5499999782168303,2.5499997706416004,2.549997899318768,2.549983408186817,2.5498879677800317,2.549358764983213,2.5469131324442627,2.5375794131165317,2.50835578188849,2.433410377821761,2.2749765326635853,1.9940048554293885
389.0,2.55,2.55,2.55,2.55,2.5499999999999736,2.5499999999994434,2.549999999990765,2.5499999998604315,2.5499999981158337,2.5499999774860918,2.5499997639376484,2.5499978466339477,2.5499830576935354,2.5498860190066654,2.5493498333280455,2.546879882147732,2.5374803776739423,2.5081231589567854,2.4329849898511116,2.2743787983673664,1.9933738402449637
390.0,2.55,2.55,2.55,2.55,2.54999999999997,2.549999999999415,2.54999999999033,2.5499999998545086,2.549999998044498,2.5499999767338237,2.5499997570654034,2.549997792847484,2.5499827012729788,2.5498840446203115,2.549340815470846,2.546846415945074,2.53738097174972,2.5078901926716592,2.432559696080939,2.2737818336538957,1.9927438729168017
391.0,2.55,2.55,2.55,2.55,2.5499999999999665,2.549999999999385,2.5499999999898764,2.549999999848358,2.549999997970749,2.5499999759594845,2.5499997500213847,2.5499977379413328,2.549982338852607,2.5498820444086623,2.5493317110189255,2.5468127336114197,2.5372811962172857,2.5076568853073447,2.4321344979761164,2.273185636370055,1.9921149492460666
392.0,2.55,2.55,2.55,2.55,2.549999999999963,2.5499999999993532,2.5499999999894025,2.549999999841972,2.5499999978945156,2.5499999751625215,2.549999742802054,2.5499976818972465,2.5499819703594024,2.5498800181590333,2.5493225195811746,2.5467788349270886,2.5371810519528197,2.507423239126462,2.4317093969847305,2.272590204371128,1.9914870650619292
393.0,2.55,2.55,2.55,2.55,2.5499999999999594,2.5499999999993213,2.5499999999889087,2.549999999835342,2.549999997815725,2.549999974342372,2.549999735403819,2.549997624696776,2.549981595719874,2.5498779656583688,2.549313240768075,2.5467447196775588,2.5370805398351868,2.5071892563800566,2.431284394538265,2.27199553552077,1.9908602162212852
394.0,2.55,2.55,2.55,2.55,2.549999999999956,2.549999999999286,2.5499999999883936,2.549999999828462,2.549999997734301,2.5499999734984593,2.549999727823031,2.5499975663212684,2.549981214860055,2.5498758866932554,2.549303874191712,2.546710387653442,2.536979660745865,2.506954939307641,2.430859492051779,2.271401627690976,1.9902343986084767
395.0,2.55,2.55,2.55,2.55,2.5499999999999523,2.5499999999992506,2.549999999987857,2.5499999998213205,2.549999997650168,2.549999972630198,2.5499997200559856,2.549997506751865,2.549980827705507,2.5498737810499295,2.5492944194657867,2.5466758386504513,2.536878415568876,2.5067202901372316,2.430434690924085,2.270808478762051,1.9896096081350192
396.0,2.55,2.55,2.55,2.55,2.5499999999999488,2.5499999999992125,2.549999999987298,2.54999999981391,2.549999997563246,2.5499999717369897,2.549999712098919,2.549997445969505,2.549980434181318,2.5498716485142885,2.549284876205625,2.546641072469374,2.5367768051907102,2.5064853110853926,2.4300099925379244,2.2702160866225767,1.9889858407393335
397.0,2.55,2.55,2.55,2.55,2.549999999999945,2.5499999999991734,2.5499999999867153,2.549999999806222,2.5499999974734546,2.549999970818223,2.5499997039480116,2.549997383954917,2.5499800342121097,2.5498694888718987,2.5492752440281916,2.5466060889160427,2.536674830500261,2.506250004357274,2.4295853982601403,2.2696244491693838,1.9883630923864812
398.0,2.55,2.55,2.55,2.55,2.5499999999999416,2.5499999999991316,2.549999999986108,2.549999999798246,2.549999997380712,2.5499999698732756,2.5499996955993844,2.5499973206886266,2.549979627722032,2.5498673019080043,2.5492655225520977,2.5465708878013054,2.5365724923887565,2.506014372146656,2.4291609094418485,2.2690335643075192,1.987741359067905
399.0,2.55,2.55,2.55,2.55,2.549999999999938,2.549999999999089,2.549999999985475,2.549999999789973,2.549999997284932,2.5499999689015134,2.5499996870491013,2.54999725615095,2.549979214634772,2.5498650874075413,2.5492557113976164,2.5465354689410002,2.536469791749685,2.505778416635987,2.428736527418607,2.268443429950217,1.9871206368011727
400.0,2.55,2.55,2.55,2.55,2.5499999999999345,2.549999999999043,2.549999999984816,2.549999999781394,2.5499999971860294,2.5499999679022882,2.5499996782931644,2.549997190321996,2.5499787948735486,2.549862845155144,2.549245810186689,2.5464998321559205,2.536366729478735,2.5055421399964253,2.4283122535105837,2.2678540440188675,1.9865009216297256
401.0,2.55,2.55,2.55,2.55,2.549999999999931,2.5499999999989957,2.5499999999841285,2.549999999772497,2.5499999970839142,2.5499999668749407,2.549999669327517,2.549997123181664,2.5499783683611184,2.549860574935155,2.5492358185429356,2.5464639772717894,2.536263306473727,2.505305544387885,2.4278880890227206,2.267265404442986,1.9858822096226307
402.0,2.55,2.55,2.55,2.55,2.5499999999999274,2.549999999998946,2.5499999999834126,2.5499999997632727,2.549999996978495,2.549999965818798,2.5499996601480417,2.549997054709642,2.5499779350197764,2.5498582765316335,2.549225736091668,2.546427904119231,2.536159523634547,2.5050686319590723,2.4274640352448973,2.266677509160183,1.9852644968743367
403.0,2.55,2.55,2.55,2.55,2.549999999999924,2.549999999998894,2.5499999999826684,2.549999999753711,2.5499999968696803,2.5499999647331744,2.5499996507505607,2.549996984885409,2.5499774947713587,2.549855949728368,2.5492155624598967,2.5463916125337382,2.536055381863081,2.5048314048475335,2.4270400934520935,2.266090356116136,1.9846477795044333
404.0,2.55,2.55,2.55,2.55,2.5499999999999203,2.54999999999884,2.5499999999818934,2.5499999997438,2.5499999967573737,2.54999996361737,2.5499996411308343,2.5499969136882314,2.5499770475372405,2.5498535943088827,2.5492052972763415,2.546355102355648,2.5359508820631524,2.504593865179693,2.4266162649045473,2.265503943264555,1.9840320536574143
405.0,2.55,2.55,2.55,2.55,2.5499999999999168,2.549999999998783,2.549999999981087,2.549999999733529,2.5499999966414775,2.549999962470674,2.5499996312845603,2.549996841097164,2.5499765932383425,2.5498512100564485,2.549194940171441,2.5463183734301063,2.53584602514046,2.504356015070899,2.426192550847914,2.2649182685671576,1.9834173155024446
406.0,2.55,2.55,2.55,2.55,2.5499999999999132,2.5499999999987235,2.549999999980248,2.549999999722885,2.5499999965218905,2.5499999612923605,2.549999621207374,2.549996767091048,2.54997613179513,2.549848796754094,2.549184490777362,2.5462814256070447,2.535740812002514,2.504117856625467,2.4257689525134194,2.2643333299936343,1.9828035612331298
407.0,2.55,2.55,2.55,2.55,2.5499999999999097,2.549999999998662,2.5499999999793745,2.549999999711858,2.5499999963985127,2.549999960081689,2.549999610894848,2.549996691648513,2.5499756631276163,2.5498463541846115,2.5491739487280074,2.5462442587411456,2.535635243558576,2.503879391936721,2.4253454711180176,2.2637491255216196,1.9821907870672895
408.0,2.55,2.55,2.55,2.55,2.549999999999906,2.5499999999985974,2.549999999978466,2.5499999997004346,2.549999996271237,2.549999958837906,2.549999600342489,2.5499966147479713,2.549975187155363,2.549843882130568,2.549163313659025,2.5462068726918154,2.5355293207195957,2.5036406230870356,2.424922107864541,2.2631656531366633,1.981578989246734
409.0,2.55,2.55,2.55,2.55,2.5499999999999026,2.54999999999853,2.5499999999775205,2.5499999996886014,2.549999996139958,2.5499999575602446,2.5499995895457435,2.5499965363676247,2.5499747037974823,2.549841380374317,2.5491525852078185,2.546169267323155,2.535423044398154,2.503401552147886,2.4244988639418508,2.2625829108321986,1.9809681640370431
410.0,2.55,2.55,2.55,2.55,2.549999999999899,2.549999999998459,2.5499999999765373,2.5499999996763463,2.549999996004565,2.549999956247922,2.549999578499989,2.549996456485454,2.5499742129726397,2.549838848698004,2.54914176301355,2.5461314425039303,2.5353164155084023,2.503162181179885,2.424075740524986,2.2620008966095138,1.9803583077273494
411.0,2.55,2.55,2.55,2.55,2.5499999999998955,2.5499999999983847,2.549999999975515,2.5499999996636555,2.5499999958649475,2.549999954900141,2.5499995672005387,2.549996375079228,2.549973714599057,2.549836286883578,2.5491308467171554,2.546093398107541,2.5352094349660037,2.5029225122328307,2.4236527387753117,2.2614196084777194,1.979749416630124
412.0,2.55,2.55,2.55,2.55,2.549999999999892,2.5499999999983074,2.549999999974452,2.5499999996505167,2.549999995720989,2.5499999535160915,2.549999555642641,2.5499962921264956,2.54997320859451,2.549833694712801,2.549119835961348,2.546055134011994,2.5351021036880788,2.5026825473457484,2.423229859840662,2.2608390444537205,1.9791414870809643
413.0,2.55,2.55,2.55,2.55,2.5499999999998884,2.549999999998227,2.549999999973347,2.5499999996369147,2.5499999955725725,2.5499999520949475,2.5499995438214773,2.549996207604591,2.5499726948763346,2.549831071967255,2.5491087303906252,2.54601665009987,2.5349944225931433,2.5024422885469355,2.422807104855486,2.260259202562186,1.9785345154383849
414.0,2.55,2.55,2.55,2.55,2.549999999999882,2.549999999998143,2.5499999999721976,2.5499999996228335,2.549999995419579,2.5499999506358675,2.5499995317321615,2.5499961214906275,2.5499721733614287,2.549828418428355,2.5490975296512794,2.545977946258297,2.5348863926010554,2.5022017378540085,2.4223844749409884,2.2596800808355177,1.9779284980836134
415.0,2.55,2.55,2.55,2.55,2.549999999999875,2.5499999999980556,2.549999999971003,2.549999999608261,2.549999995261885,2.5499999491379945,2.5499995193697393,2.549996033761501,2.549971643966251,2.549825733877355,2.5490862333914026,2.54593902237892,2.53477801463296,2.5019608972739436,2.4219619712052722,2.25910167731382,1.9773234314203851
416.0,2.55,2.55,2.55,2.55,2.549999999999868,2.549999999997964,2.5499999999697622,2.5499999995931804,2.549999995099365,2.5499999476004573,2.549999506729189,2.54999594439389,2.549971106606827,2.5498230180953594,2.549074841260894,2.5458998783578695,2.5346692896112346,2.501719768803124,2.4215395947434724,2.2585239900448695,1.9767193118747437
417.0,2.55,2.55,2.55,2.55,2.549999999999861,2.5499999999978686,2.5499999999684726,2.5499999995775764,2.54999999493189,2.5499999460223686,2.5499994938054202,2.549995853364251,2.549970561198749,2.549820270863328,2.5490633529114683,2.545860514095734,2.5345602184594327,2.5014783544273826,2.421117346637899,2.2579470170840876,1.9761161358948431
418.0,2.55,2.55,2.55,2.55,2.5499999999998537,2.5499999999977687,2.549999999967133,2.549999999561433,2.5499999947593306,2.5499999444028236,2.549999480593274,2.5499957606488195,2.5499700076571776,2.549817491962092,2.5490517679966604,2.545820929497532,2.534450802102233,2.5012366561220483,2.420695227958169,2.257370756494506,1.9755138999507507
419.0,2.55,2.55,2.55,2.55,2.5499999999998466,2.5499999999976644,2.5499999999657414,2.5499999995447338,2.5499999945815515,2.5499999427409032,2.5499994670875212,2.549995666223612,2.549969445896847,2.549814681172357,2.5490400861718334,2.5457811244726756,2.5343410414653875,2.500994675851991,2.4202732397613427,2.2567952063467405,1.9749126005342554
420.0,2.55,2.55,2.55,2.55,2.5499999999998395,2.549999999997556,2.5499999999642955,2.549999999527461,2.549999994398416,2.549999941035672,2.5499994532828607,2.549995570064422,2.549968875832064,2.5498118382747155,2.549028307094184,2.545741098934949,2.534230937475667,2.5007524155716654,2.4198513830920563,2.256220364718957,1.9743122341586776
421.0,2.55,2.55,2.55,2.55,2.5499999999998324,2.549999999997443,2.549999999962796,2.549999999509598,2.5499999942097844,2.5499999392861774,2.5499994391739214,2.549995472146823,2.549968297376713,2.549808963049654,2.5490164304227476,2.545700852802474,2.53412049106081,2.500509877225157,2.4194296589826485,2.2556462296968496,1.9737127978237836
422.0,2.55,2.55,2.55,2.55,2.5499999999998253,2.549999999997325,2.5499999999612366,2.5499999994911255,2.549999994015514,2.5499999374914495,2.549999424755262,2.5499953724461637,2.5499677104442524,2.549806055277562,2.549004455818407,2.545660385997682,2.5340097031494775,2.5002670627462273,2.419008068453296,2.2550727993737363,1.9731142886583108
423.0,2.55,2.55,2.55,2.55,2.549999999999818,2.549999999997202,2.549999999959619,2.549999999472027,2.549999993815457,2.549999935650503,2.5499994100213677,2.5499952709375715,2.5499671149477257,2.5498031147387423,2.5489923829438945,2.5456196984472848,2.533898574671195,2.5000239740583563,2.4185866125121414,2.2545000718506967,1.9725167032005064
424.0,2.55,2.55,2.55,2.55,2.5499999999998084,2.5499999999970737,2.5499999999579397,2.549999999452283,2.5499999936094655,2.549999933762334,2.5499993949666524,2.549995167595949,2.5499665107997576,2.54980014121342,2.548980211463801,2.5455787900822426,2.5337871065563093,2.4997806130747926,2.4181652921554138,2.253928045236538,1.9719200380114976
425.0,2.55,2.55,2.55,2.55,2.5499999999997978,2.54999999999694,2.549999999956196,2.549999999431874,2.5499999933973863,2.5499999318259223,2.549999379585456,2.549995062395977,2.549965897912558,2.5497971344817483,2.5489679410445785,2.545537660837738,2.5336752997359393,2.4995369816985944,2.4177441083675597,2.253356717647727,1.9713242896749867
426.0,2.55,2.55,2.55,2.55,2.549999999999787,2.549999999996801,2.5499999999543874,2.5499999994107805,2.549999993179064,2.5499999298402303,2.549999363872045,2.549994955312109,2.549965276197925,2.549794094323821,2.548955571354548,2.545496310653145,2.533563155141925,2.4992930818226777,2.4173230621213677,2.2527860872083347,1.9707294547969534
427.0,2.55,2.55,2.55,2.55,2.5499999999997764,2.549999999996656,2.5499999999525103,2.549999999388982,2.5499999929543393,2.549999927804202,2.5499993478206124,2.5499948463185764,2.5499646455672473,2.549791020519681,2.5489431020639013,2.5454547394719986,2.5334506737067843,2.499048915329859,2.416902154378087,2.25221615204997,1.9701355300053724
428.0,2.55,2.55,2.55,2.55,2.549999999999766,2.549999999996505,2.5499999999505634,2.5499999993664573,2.54999999272305,2.549999925716763,2.5499993314252762,2.5499947353893844,2.5499640059315056,2.549787912849325,2.5489305328447087,2.5454129472419678,2.533337856363664,2.4988044840929033,2.416481386087553,2.251646910311731,1.9695425119499377
429.0,2.55,2.55,2.55,2.55,2.549999999999755,2.549999999996347,2.5499999999485428,2.549999999343186,2.5499999924850294,2.5499999235768214,2.549999314680079,2.5499946224983137,2.549963357201274,2.549784771092715,2.548917863370919,2.545370933914822,2.5332247040462947,2.4985597899745677,2.4160607581883067,2.2510783601401454,1.968950397301793
430.0,2.55,2.55,2.55,2.55,2.5499999999997445,2.5499999999961833,2.5499999999464475,2.5499999993191453,2.5499999922401084,2.5499999213832676,2.549999297578987,2.5499945076189174,2.549962699286726,2.5497815950297897,2.548905093318372,2.545328699446408,2.5331112176889454,2.498314834827646,2.415640271607709,2.250510499689124,1.9683591827532716
431.0,2.55,2.55,2.55,2.55,2.5499999999997325,2.549999999996013,2.5499999999442746,2.549999999294313,2.549999991988114,2.5499999191349723,2.5499992801158915,2.5499943907245233,2.5499620320976346,2.549778384440467,2.5488922223647936,2.5452862437966135,2.5329973982263785,2.4980696204950164,2.4152199272620654,2.249943327119907,1.9677688650176457
432.0,2.55,2.55,2.55,2.55,2.5499999999997183,2.549999999995835,2.5499999999420213,2.5499999992686666,2.549999991728869,2.5499999168307874,2.549999262284607,2.549994271788232,2.549961355543375,2.5497751391046575,2.548879250189807,2.545243566929345,2.532883246593807,2.4978241488096855,2.414799726056736,2.249376840601019,1.9671794408288819
433.0,2.55,2.55,2.55,2.5499999999999985,2.549999999999704,2.5499999999956504,2.5499999999396854,2.5499999992421807,2.5499999914621942,2.5499999144695464,2.5499992440788697,2.549994150782917,2.549960669532927,2.5497718588022704,2.5488661764749323,2.5452006688124924,2.5327687637268523,2.497578421594836,2.4143796688862555,2.248811038308221,1.9665909069414016
434.0,2.55,2.55,2.55,2.5499999999999967,2.54999999999969,2.5499999999954577,2.5499999999372642,2.549999999214833,2.5499999911879048,2.549999912050062,2.5499992254923396,2.549994027681225,2.5499599739748793,2.549768543313225,2.5488530009035917,2.5451575494179055,2.532653950561494,2.497332440663867,2.4139597566344415,2.2482459184244674,1.9660032601298514
435.0,2.55,2.55,2.55,2.549999999999995,2.5499999999996756,2.5499999999952574,2.5499999999347533,2.5499999991865976,2.5499999909058126,2.54999990957113,2.549999206518596,2.549993902455576,2.5499592687774295,2.5497651924174525,2.5488397231611133,2.5451142087213596,2.5325388080340376,2.4970862078204434,2.4135399901745114,2.2476814791398603,1.965416497188876
436.0,2.55,2.55,2.55,2.5499999999999927,2.5499999999996614,2.5499999999950487,2.5499999999321514,2.54999999915745,2.549999990615727,2.549999907031525,2.5499991871511414,2.5499937750781596,2.549958553848388,2.5497618058949127,2.5488263429347358,2.5450706467025306,2.532423337081068,2.496839724858541,2.4131203703691924,2.2471177186516105,1.9648306149329002
437.0,2.55,2.55,2.55,2.549999999999991,2.5499999999996454,2.5499999999948315,2.5499999999294554,2.549999999127364,2.549999990317452,2.549999904430001,2.549999167383397,2.549993645520939,2.5499578290951814,2.549758383525597,2.548812859913607,2.545026863344963,2.5323075386394067,2.496592993562491,2.412700898070829,2.246554635163995,1.9642456101959151
438.0,2.55,2.55,2.55,2.549999999999989,2.5499999999996277,2.549999999994606,2.549999999926661,2.549999999096314,2.549999990010788,2.549999901765293,2.5499991472087062,2.549993513755649,2.5499570944248533,2.549754925089537,2.548799273788793,2.544982858636045,2.532191413646077,2.496346015707026,2.4122815741214945,2.2459922268883195,1.9636614798312688
439.0,2.55,2.55,2.55,2.549999999999987,2.54999999999961,2.549999999994371,2.549999999923767,2.5499999990642706,2.549999989695532,2.5499998990361155,2.549999126620331,2.549993379753794,2.5499563497440687,2.5497514303668156,2.548785584253277,2.5449386325669754,2.5320749630382573,2.4960987930573224,2.411862399353095,2.245430492042876,1.9630782207114639
440.0,2.55,2.55,2.55,2.549999999999985,2.549999999999592,2.5499999999941263,2.549999999920769,2.5499999990312063,2.5499999893714755,2.5499998962411614,2.5499991056114517,2.5499932434866506,2.5499555949591155,2.5497478991375715,2.5487717910019634,2.544894185132737,2.531958187753247,2.4958513273690506,2.4114433745874804,2.2448694288529083,1.9624958297279578
441.0,2.55,2.55,2.55,2.5499999999999834,2.5499999999995744,2.5499999999938723,2.5499999999176635,2.5499999989970936,2.5499999890384064,2.549999893379104,2.5499990841751696,2.5499931049252655,2.5499548299759076,2.549744331182009,2.54875789373168,2.5448495163320666,2.531841088728426,2.4956036203884144,2.411024500636545,2.244309035550576,1.9619143037909699
442.0,2.55,2.55,2.55,2.549999999999981,2.5499999999995544,2.5499999999936085,2.5499999999144483,2.549999998961902,2.54999998869611,2.549999890448595,2.5499990623045012,2.5499929640404564,2.5499540546999877,2.549740726280409,2.548743892141181,2.544804626167429,2.5317236669012155,2.4953556738522016,2.410605778302332,2.243749310374916,1.9613336398292907
443.0,2.55,2.55,2.55,2.549999999999979,2.549999999999533,2.549999999993334,2.5499999999111185,2.5499999989256024,2.549999988344365,2.549999887448265,2.5499990399923824,2.54999282080281,2.5499532690365307,2.549737084213131,2.5487297859311493,2.5447595146449875,2.5316059232090424,2.4951074894878262,2.4101872083771365,2.2431902515718067,1.9607538347900968
444.0,2.55,2.55,2.55,2.5499999999999754,2.5499999999995118,2.549999999993049,2.5499999999076706,2.549999998888163,2.5499999879829476,2.5499998843767218,2.5499990172316647,2.5499926751826854,2.5499524728903453,2.5497334047606253,2.5487155748041967,2.5447141817745726,2.5314878585893,2.494859069013372,2.4097687916436086,2.2426318573939383,1.9601748856387695
445.0,2.55,2.55,2.55,2.549999999999972,2.5499999999994905,2.5499999999927527,2.5499999999041005,2.549999998849554,2.5499999876116277,2.5499998812325533,2.5499989940151178,2.5499925271502106,2.5499516661658763,2.54972968770344,2.5487012584648703,2.5446686275696573,2.531369473979314,2.494610414137641,2.4093505288748513,2.2420741261007735,1.959596789358718
446.0,2.55,2.55,2.55,2.5499999999999683,2.5499999999994665,2.5499999999924445,2.5499999999004057,2.5499999988097413,2.549999987230172,2.5499998780143254,2.5499989703354267,2.549992376675283,2.5499508487672102,2.5497259328222284,2.5486868366196487,2.5446228520473273,2.5312507703163036,2.4943615265601964,2.408932420834521,2.241517055958517,1.9590195429512036
447.0,2.55,2.55,2.55,2.5499999999999647,2.5499999999994416,2.5499999999921243,2.5499999998965817,2.5499999987686928,2.5499999868383423,2.5499998747205805,2.5499989461851915,2.549992223727569,2.549950020598075,2.5497221398977574,2.548672308976948,2.5445768552282524,2.5311317485373483,2.4941124079714068,2.4085144682769237,2.240960645240083,1.9584431434351701
448.0,2.55,2.55,2.55,2.549999999999961,2.5499999999994167,2.5499999999917917,2.549999999892624,2.549999998726374,2.5499999864358958,2.54999987134984,2.5499989215569285,2.5499920682765063,2.549949181561845,2.5497183087109145,2.5486576752471213,2.544530637136659,2.5310124095793527,2.4938630600524925,2.408096671947115,2.2404048922250603,1.9578675878470764
449.0,2.55,2.55,2.55,2.5499999999999576,2.5499999999993905,2.549999999991446,2.5499999998885294,2.5499999986827517,2.5499999860225864,2.5499998679005995,2.549998896443067,2.5499919102913,2.5499483315615414,2.5497144390427167,2.5486429351424618,2.544484197800303,2.5308927543790096,2.4936134844755693,2.4076790325809916,2.2398497951996843,1.9572928732407326
450.0,2.55,2.55,2.55,2.549999999999954,2.549999999999362,2.5499999999910874,2.549999999884293,2.5499999986377904,2.54999998559816,2.5499998643713364,2.5499988708359513,2.5499917497409257,2.5499474704998377,2.549710530674315,2.548628088377201,2.5444375372504378,2.530772783872769,2.4933636829036923,2.4072615509053907,2.239295352456803,1.956718996687139
451.0,2.55,2.55,2.55,2.5499999999999505,2.5499999999993337,2.5499999999907144,2.54999999987991,2.5499999985914528,2.549999985162361,2.5499998607605017,2.54999884472784,2.549991586594128,2.5499465982790612,2.549706583387009,2.5486131346675136,2.5443906555217937,2.530652498996803,2.493113656990902,2.406844227638181,2.238741562295845,1.956145955274329
452.0,2.55,2.55,2.55,2.549999999999947,2.549999999999304,2.549999999990327,2.5499999998753764,2.549999998543702,2.5499999847149284,2.5499998570665237,2.549998818110904,2.549991420819421,2.549945714801196,2.5497025969622453,2.5485980737315157,2.5443435526525415,2.5305319006869738,2.492863408382268,2.4064270634883553,2.2381884230227933,1.9555737461072116
453.0,2.55,2.55,2.55,2.5499999999999434,2.549999999999272,2.5499999999899257,2.5499999998706877,2.549999998494501,2.549999984255593,2.5499998532878076,2.5499987909772255,2.549991252385087,2.5499448199678856,2.549698571181633,2.5485829052892672,2.5442962286842725,2.5304109898788,2.4926129387139326,2.4060100591561215,2.23763593295015,1.9550023663074214
454.0,2.55,2.55,2.55,2.54999999999994,2.54999999999924,2.5499999999895087,2.5499999998658387,2.549999998443811,2.549999983784085,2.549999849422734,2.5499987633188015,2.549991081259176,2.549943913680438,2.5496945058269453,2.548567629062771,2.544248683661965,2.5302897675074276,2.492362249613157,2.4055932153329946,2.2370840903969085,1.954431813013167
455.0,2.55,2.55,2.55,2.5499999999999363,2.549999999999206,2.5499999999890757,2.549999999860825,2.5499999983915917,2.5499999833001263,2.549999845469661,2.5499987351275393,2.5499909074095104,2.549942995839824,2.5496904006801313,2.5485522447759745,2.544200917633961,2.530168234507592,2.492111342698364,2.405176532701886,2.2365328936885254,1.953862083379086
456.0,2.55,2.55,2.55,2.5499999999999328,2.5499999999991703,2.5499999999886263,2.5499999998556415,2.5499999983378028,2.5499999828034348,2.5499998414269203,2.549998706395258,2.549990730803678,2.549942066346686,2.5496862555233193,2.548536752154772,2.5441529306519355,2.5300463918135954,2.4918602195791792,2.404760011937193,2.2359823411568875,1.9532931745760975
457.0,2.55,2.55,2.55,2.549999999999929,2.549999999999134,2.54999999998816,2.5499999998502823,2.549999998282404,2.5499999822937234,2.5499998372928196,2.549998677113685,2.5499905514090373,2.549941125101336,2.549682070138827,2.5485211509270007,2.5441047227708733,2.5299242403592697,2.4916088818564828,2.4043436537048826,2.235432431140285,1.952725083791262
458.0,2.55,2.55,2.55,2.5499999999999257,2.5499999999990948,2.5499999999876763,2.5499999998447427,2.5499999982253514,2.549999981770699,2.549999833065643,2.5499986472744616,2.5499903691927157,2.5499401720037618,2.5496778443091683,2.548505440822444,2.5440562940490365,2.5298017810779494,2.491357331122444,2.403927458662582,2.234883161983384,1.9521578082276396
459.0,2.55,2.55,2.55,2.549999999999922,2.5499999999990557,2.549999999987174,2.5499999998390175,2.5499999981666024,2.5499999812340635,2.5499998287436485,2.549998616869137,2.549990184121608,2.5499392069536273,2.5496735778170616,2.5484896215728297,2.544007644547943,2.5296790149024413,2.4911055689605717,2.403511427459663,2.234334532037193,1.9515913451041516
460.0,2.55,2.55,2.55,2.5499999999999186,2.549999999999013,2.549999999986653,2.5499999998331004,2.549999998106113,2.5499999806835145,2.549999824325069,2.5499985858891696,2.5499899961623806,2.5499382298502775,2.549669270445432,2.5484736929118337,2.5439587743323346,2.5295559427649956,2.490853596945754,2.403095560737326,2.2337865396590395,1.9510256916554465
461.0,2.55,2.55,2.55,2.549999999999915,2.5499999999989704,2.549999999986113,2.549999999826987,2.549999998043838,2.5499999801187414,2.5499998198081126,2.549998554325926,2.5499898052814665,2.549937240592743,2.549664921977423,2.548457654575075,2.5439096834701527,2.5294325655972765,2.490601416644306,2.4026798591286833,2.233239183212539,1.950460845131765
462.0,2.55,2.55,2.55,2.5499999999999114,2.5499999999989247,2.549999999985553,2.5499999998206704,2.5499999979797305,2.5499999795394293,2.54999981519096,2.549998522170685,2.5499896114450675,2.5499362390797375,2.5496605321964037,2.548441506300118,2.5438603720325106,2.529308884330335,2.4903490296140083,2.402264323258845,2.232692461067566,1.9498968027988088
463.0,2.55,2.55,2.55,2.549999999999908,2.5499999999988785,2.5499999999849723,2.549999999814144,2.5499999979137433,2.5499999789452588,2.549999810471768,2.5499984894146275,2.549989414619157,2.549935225209667,2.549656100885973,2.5484252478264704,2.5438108400936685,2.52918489989458,2.4900964374041528,2.4018489537449974,2.2321463716002303,1.949333561937609
464.0,2.55,2.55,2.55,2.5499999999999043,2.5499999999988288,2.54999999998437,2.549999999807403,2.5499999978458288,2.549999978335903,2.5499998056486657,2.5499984560488467,2.5499892147694747,2.549934198880628,2.5496516278299675,2.5484088788955868,2.5437610877310055,2.52906061321975,2.4898436415555856,2.4014337511964845,2.231600913192844,1.9487711198443993
465.0,2.55,2.55,2.55,2.549999999999901,2.549999999998778,2.549999999983746,2.54999999980044,2.549999997775937,2.549999977711031,2.549999800719755,2.549998422064341,2.5499890118615314,2.5499331599904145,2.5496471128124707,2.548392399250862,2.5437111150249927,2.528936025234889,2.4895906436007493,2.40101871621489,2.2310560842338965,1.948209473830491
466.0,2.55,2.55,2.55,2.5499999999998972,2.549999999998725,2.5499999999830996,2.549999999793249,2.549999997704018,2.5499999770703035,2.5499997956831133,2.5499983874520153,2.5499888058606066,2.549932108436518,2.5496425556178153,2.548375808637635,2.5436609220591664,2.5288111368683177,2.489337445063728,2.400603849394116,2.230511883118028,1.9476486212221449
467.0,2.55,2.55,2.55,2.5499999999998937,2.5499999999986693,2.549999999982429,2.5499999997858245,2.549999997630021,2.5499999764133765,2.5499997905367895,2.549998352202682,2.5499885967317493,2.549931044116132,2.549637956030594,2.5483591068031854,2.543610508920104,2.5286859490476084,2.4890840474602856,2.4001891513204594,2.229968308245999,1.9470885593604528
468.0,2.55,2.55,2.55,2.54999999999989,2.5499999999986125,2.549999999981734,2.549999999778158,2.549999997553892,2.5499999757399006,2.5499997852788057,2.5499983163070574,2.5499883844397786,2.549929966926156,2.549633313835664,2.5483422934967344,2.5435598756973974,2.528560462699558,2.488830452297915,2.3997746225726915,2.229425358024667,1.9465292856012126
469.0,2.55,2.55,2.55,2.5499999999998866,2.549999999998552,2.549999999981014,2.5499999997702436,2.549999997475578,2.5499999750495186,2.5499997799071568,2.5499982797557643,2.5499881689492825,2.5499288767631954,2.549628628818155,2.548325368469441,2.543509022483624,2.528434678750164,2.488576661075877,2.399360263722134,2.228883030866956,1.9459707973148113
470.0,2.55,2.55,2.55,2.549999999999883,2.54999999999849,2.549999999980268,2.5499999997620733,2.549999997395025,2.549999974341869,2.549999774419809,2.5499982425393304,2.54998795022462,2.5499277735235677,2.5496239007634744,2.548308331474404,2.543457949374324,2.528308598124599,2.488322675285239,2.398946075332735,2.2283413251918316,1.945413091886105
471.0,2.55,2.55,2.55,2.5499999999998795,2.549999999998426,2.5499999999794953,2.54999999975364,2.549999997312175,2.549999973616582,2.549999768814702,2.5499982046481873,2.549987728229919,2.5499266571033057,2.549619129457314,2.548291182266659,2.5434066564679747,2.5281822217471865,2.4880684964089226,2.398532057961145,2.227800239424274,1.9448561667143038
472.0,2.55,2.55,2.55,2.549999999999876,2.5499999999983585,2.549999999978694,2.5499999997449363,2.5499999972269722,2.5499999728732825,2.5499997630897453,2.5499981660726707,2.5499875029290777,2.5499255273981567,2.5496143146856576,2.548273920603176,2.5433551438659623,2.5280555505413758,2.4878141259217443,2.3981182121567883,2.2272597719952505,1.9443000192128577
473.0,2.55,2.55,2.55,2.549999999999871,2.5499999999982883,2.5499999999778646,2.5499999997359546,2.549999997139357,2.549999972111589,2.549999757242823,2.5499981268030205,2.5499872742857663,2.549924384303591,2.549609456234787,2.5482565462428592,2.543303411672559,2.5279285854297195,2.487559565290458,2.3977045384619373,2.226719921341689,1.9437446468093402
474.0,2.55,2.55,2.55,2.549999999999864,2.549999999998216,2.5499999999770067,2.5499999997266865,2.5499999970492713,2.549999971331113,2.5499997512717867,2.5499980868293797,2.549987042263425,2.5499232277148014,2.5496045538912875,2.5482390589465447,2.5432514599948943,2.5278013273338504,2.4873048159737943,2.397291037411789,2.2261806859064515,1.9431900469453391
475.0,2.55,2.55,2.55,2.549999999999857,2.549999999998141,2.549999999976117,2.549999999717124,2.5499999969566534,2.549999970531459,2.5499997451744623,2.5499980461417935,2.549986806825265,2.5499220575267074,2.549599607442054,2.5482214584770007,2.543199288942934,2.527673777174456,2.487049879422505,2.3968777095345315,2.2256420641383077,1.9426362170763434
476.0,2.55,2.55,2.55,2.5499999999998497,2.5499999999980627,2.5499999999751966,2.5499999997072584,2.549999996861441,2.5499999697122253,2.549999738948645,2.5499980047302104,2.549986567934266,2.5499208736339587,2.549594616674299,2.548203744598921,2.5431468986294505,2.5275459358712586,2.4867947570794025,2.3964645553514177,2.2251040544919105,1.9420831546716355
477.0,2.55,2.55,2.55,2.5499999999998426,2.549999999997981,2.5499999999742435,2.5499999996970817,2.54999999676357,2.549999968873004,2.5499997325921004,2.5499979625844795,2.5499863255531827,2.549919675930936,2.5495895813755585,2.5481859170789294,2.54309428917,2.5274178043429933,2.4865394503794027,2.3960515753768354,2.2245666554277688,1.941530857214183
478.0,2.55,2.55,2.55,2.5499999999998355,2.549999999997896,2.5499999999732568,2.5499999996865856,2.549999996662977,2.549999968013379,2.549999726102565,2.5499979196943534,2.5499860796445413,2.5499184643117574,2.5495845013336966,2.5481679756855717,2.5430414606828977,2.5272893835073837,2.486283960749566,2.3956387701183774,2.224029865412218,1.9409793222005307
479.0,2.55,2.55,2.55,2.5499999999998284,2.5499999999978082,2.549999999972236,2.549999999675761,2.5499999965595954,2.5499999671329268,2.549999719477744,2.549997876049485,2.5499858301706375,2.5499172386702815,2.5495793763369123,2.5481499201893167,2.5429884132891916,2.527160674281123,2.486028289609137,2.3952261400769093,2.2234936829173995,1.940428547140696
480.0,2.55,2.55,2.55,2.5499999999998213,2.5499999999977168,2.549999999971179,2.5499999996645983,2.549999996453358,2.5499999662312187,2.5499997127153162,2.549997831639427,2.549985577093542,2.5499159989001074,2.549574206173746,2.548131750362554,2.54293514711264,2.527031677579849,2.485772438369588,2.394813685746636,2.222958106421231,1.9398785295580645
481.0,2.55,2.55,2.55,2.549999999999814,2.549999999997622,2.5499999999700855,2.5499999996530884,2.5499999963441953,2.549999965307817,2.5499997058129256,2.5499977864536345,2.549985320375095,2.54991474489458,2.549568990633083,2.5481134659795908,2.542881662279685,2.5269023943181286,2.4855164084346586,2.3944014076151725,2.222423134407399,1.9393292681521321
482.0,2.55,2.55,2.55,2.549999999999807,2.5499999999975236,2.5499999999689544,2.549999999641222,2.549999996232037,2.5499999643622786,2.5499996987681874,2.54999774048146,2.5499850599769123,2.5499134765467937,2.5495637295041655,2.548095066816649,2.542827958919427,2.5267728254094335,2.4852602012003944,2.3939893061636086,2.221888765365636,1.938780761905559
483.0,2.55,2.55,2.55,2.5499999999998,2.5499999999974214,2.549999999967784,2.549999999628988,2.549999996116812,2.5499999633941512,2.5499996915786864,2.5499976937121582,2.5499847958603814,2.5499121937495937,2.5495584225765913,2.548076552651864,2.5427740371636025,2.5266429717661225,2.48500381805519,2.3935773818665758,2.2213549977921225,1.9382330082855164
484.0,2.55,2.55,2.55,2.5499999999997924,2.5499999999973153,2.549999999966573,2.5499999996163774,2.549999995998446,2.549999962402977,2.5499996842419748,2.5499976461348823,2.549984527986664,2.549910896395581,2.5495530696403237,2.548057923265281,2.5427198971465588,2.5265128342994196,2.4847472603798297,2.3931656351923114,2.2208218301894385,1.937686004777284
485.0,2.55,2.55,2.55,2.5499999999997818,2.549999999997205,2.5499999999653205,2.54999999960338,2.549999995876865,2.5499999613882873,2.5499996767555744,2.5499975977386833,2.5499842563166943,2.5499095843771147,2.5495476704856954,2.548039178438854,2.5426655390052306,2.526382413919395,2.484490529547524,2.392754066602725,2.2202892610664597,1.9371397488838444
486.0,2.55,2.55,2.55,2.549999999999771,2.5499999999970906,2.5499999999640255,2.549999999589985,2.5499999957519943,2.5499999603496093,2.5499996691169753,2.549997548512512,2.5499839808111835,2.5499082575863157,2.549542224903417,2.54802031795644,2.542610962879115,2.526251711534949,2.484233626923955,2.3923426765534623,2.219757288938256,1.9365942381254986
487.0,2.55,2.55,2.55,2.5499999999997605,2.549999999996972,2.549999999962686,2.5499999995761815,2.5499999956237547,2.549999959286462,2.5499996613236346,2.549997498445217,2.5499837014306146,2.5499069159150696,2.5495367326845777,2.5480013416037988,2.542556168910248,2.5261207280537885,2.4839765538673113,2.391931465493969,2.219225912325993,1.9360494700394968
488.0,2.55,2.55,2.55,2.54999999999975,2.549999999996849,2.549999999961301,2.549999999561958,2.549999995492068,2.549999958198355,2.5499996533729785,2.549997447525545,2.549983418135247,2.5499055592550284,2.5495311936206573,2.5479822491685886,2.5425011572431786,2.5259894643824126,2.4837193117283314,2.391520433867556,2.218695129756848,1.9355054421796922
489.0,2.55,2.55,2.5499999999999985,2.549999999999739,2.549999999996721,2.5499999999598693,2.549999999547304,2.5499999953568526,2.549999957084791,2.5499996452624005,2.54999739574214,2.549983130885115,2.5499041874976163,2.5495256075035257,2.547963040440365,2.542445928024951,2.525857921426092,2.4834619018503403,2.3911095821114596,2.2181649397639234,1.9349621521162081
490.0,2.55,2.55,2.5499999999999967,2.5499999999997285,2.5499999999965883,2.549999999958389,2.549999999532208,2.549999995218027,2.5499999559452635,2.5499996369892597,2.5499973430835414,2.549982839640029,2.549902800534032,2.549519974125452,2.547943715210574,2.5423904814050737,2.5257261000888533,2.4832043255692926,2.390698910656905,2.217635340886171,1.9344195974351226
491.0,2.55,2.55,2.5499999999999945,2.549999999999718,2.549999999996451,2.549999999956859,2.5499999995166567,2.549999995075507,2.5499999547792584,2.5499996285508852,2.5499972895381875,2.549982544359575,2.54990139825525,2.549514293279108,2.547924273272553,2.542334817535502,2.5255940012734603,2.482946584213807,2.39028841992917,2.21710633166832,1.9338777757381673
492.0,2.55,2.55,2.5499999999999927,2.549999999999707,2.5499999999963086,2.549999999955278,2.54999999950064,2.549999994929207,2.5499999535862554,2.549999619944572,2.549997235094413,2.5499822450031173,2.549899980552027,2.5495085647575753,2.547904714421524,2.5422789365706113,2.525461625881397,2.482688679105211,2.3898781103476434,2.2165779106608086,1.9333366846424398
493.0,2.55,2.55,2.5499999999999905,2.549999999999694,2.5499999999961607,2.5499999999536436,2.549999999484145,2.549999994779041,2.549999952365724,2.54999961116758,2.5499971797404473,2.5499819415297944,2.549898547314904,2.5495027883543484,2.547885038454593,2.5422228386671746,2.525328974812849,2.482430611557574,2.3894679823258858,2.2160500764197164,1.9327963217801305
494.0,2.55,2.55,2.5499999999999887,2.5499999999996796,2.5499999999960075,2.5499999999519556,2.5499999994671576,2.5499999946249186,2.549999951117125,2.5499996022171367,2.5499971234644163,2.5499816338985255,2.549897098434206,2.5494969638633442,2.5478652451707458,2.5421665239843407,2.5251960489666914,2.4821723828777498,2.3890580362716913,2.215522827506709,1.9322566847982587
495.0,2.55,2.55,2.5499999999999865,2.5499999999996654,2.549999999995849,2.549999999950211,2.5499999994496667,2.549999994466749,2.5499999498399126,2.5499995930904364,2.549997066254342,2.5499813220680054,2.5498956338000505,2.5494910910788997,2.547845334370844,2.542109992683609,2.525062849240468,2.481913994365416,2.3886482725871443,2.2149961624889776,1.9317177713584248
496.0,2.55,2.55,2.5499999999999847,2.549999999999651,2.549999999995684,2.549999999948409,2.5499999994316576,2.5499999943044407,2.54999994853353,2.5499995837846376,2.54999700809814,2.5499810059967083,2.549894153302349,2.5494851697957843,2.5478253058576206,2.5420532449288076,2.5249293765303786,2.481655447313107,2.3882386916686795,2.214470079939189,1.931179579136569
497.0,2.55,2.55,2.5499999999999825,2.549999999999637,2.549999999995513,2.549999999946547,2.5499999994131173,2.5499999941378992,2.549999947197414,2.5499995742968644,2.5499969489836207,2.5499806856428884,2.5498926568308087,2.549479199809203,2.547805159435678,2.5419962808860728,2.524795631731261,2.4813967430062602,2.3878292939071386,2.213944578435429,1.9306421058227428
498.0,2.55,2.55,2.5499999999999807,2.549999999999623,2.5499999999953364,2.5499999999446237,2.5499999993940317,2.549999993967029,2.549999945830991,2.5499995646242075,2.5499968888984896,2.549980360964577,2.5498911442749352,2.5494731809147977,2.547784894911483,2.541939100723825,2.5246616157365795,2.4811378827232486,2.387420079687829,2.2134196565611606,1.9301053491208897
499.0,2.55,2.55,2.5499999999999785,2.5499999999996077,2.549999999995153,2.5499999999426377,2.5499999993743874,2.5499999937917326,2.54999994443368,2.5499995547637226,2.549996827830347,2.5499800319195884,2.549889615524039,2.5494671129086575,2.547764512093365,2.5418817046127433,2.524527329438403,2.4808788677354188,2.3870110493905785,2.2128953129051756,1.9295693067486337
500.0,2.55,2.55,2.5499999999999767,2.54999999999959,2.549999999994963,2.549999999940586,2.5499999993541684,2.5499999936119107,2.5499999430048894,2.549999544712429,2.5499967657666853,2.5499796984655156,2.5498880704672375,2.549460995587321,2.547744010791509,2.541824092725749,2.524392773727398,2.480619699307132,2.3866022033897925,2.2123715460615503,1.9290339764370774
501.0,2.55,2.55,2.5499999999999745,2.549999999999572,2.549999999994766,2.5499999999384677,2.5499999993333615,2.549999993427461,2.54999994154402,2.5499995344673114,2.5499967026948918,2.5499793605597314,2.549886508993454,2.5494548287477783,2.547723390817954,2.5417662652379778,2.5242579494928075,2.4803603786958,2.3861935420545093,2.2118483546296073,1.9284993559306078
502.0,2.55,2.55,2.5499999999999727,2.5499999999995544,2.5499999999945615,2.549999999936281,2.54999999931195,2.5499999932382806,2.5499999400504625,2.5499995240253184,2.549996638602246,2.5499790181593935,2.549884930991428,2.5494486121874838,2.547702651986589,2.5417082223267617,2.5241228576224413,2.4801009071519218,2.385785065748454,2.2113257372138753,1.9279654429867101
503.0,2.55,2.55,2.5499999999999705,2.5499999999995366,2.54999999999435,2.5499999999340233,2.54999999928992,2.549999993044264,2.5499999385235976,2.5499995133833635,2.5499965734759202,2.5499786712214387,2.5498833363497138,2.5494423457043505,2.5476817941131475,2.5416499641716057,2.52398749900266,2.4798412859191217,2.385376774830092,2.2108036924240495,1.9274322353757871
504.0,2.55,2.55,2.549999999999967,2.549999999999519,2.549999999994131,2.549999999931693,2.5499999992672544,2.5499999928453043,2.5499999369627995,2.549999502538324,2.5499965073029807,2.5499783197025883,2.549881724956684,2.5494360290967646,2.547660817015205,2.5415914909541657,2.523851874518363,2.479581516234188,2.3849686696526837,2.210282218874959,1.9268997308809874
505.0,2.55,2.55,2.5499999999999634,2.549999999999498,2.5499999999939043,2.549999999929288,2.5499999992439375,2.5499999926412924,2.5499999353674307,2.5499994914870387,2.5499964400703847,2.549977963559346,2.549880096700534,2.549429662163583,2.547639720512173,2.541532802858228,2.523715985052971,2.4793215993271067,2.384560750564336,2.209761315186531,1.9263679272980376
506.0,2.55,2.55,2.54999999999996,2.5499999999994767,2.5499999999936693,2.5499999999268055,2.5499999992199522,2.5499999924321166,2.549999933736845,2.5499994802263117,2.549996371764982,2.549977602748,2.5498784514692856,2.549423244704141,2.5476185044252966,2.5414739000696844,2.523579831488418,2.479061536421102,2.3841530179080546,2.20924097998376,1.9258368224350837
507.0,2.55,2.55,2.5499999999999563,2.5499999999994554,2.5499999999934264,2.5499999999242435,2.549999999195282,2.5499999922176637,2.5499999320703854,2.54999946875291,2.5499963023735144,2.549977237224623,2.5498767891507876,2.549416776518257,2.5475971685776484,2.5414147827765157,2.523443414705135,2.47880132873267,2.3837454720217965,2.208721211896672,1.925306414112534
508.0,2.55,2.55,2.5499999999999527,2.549999999999434,2.5499999999931746,2.5499999999216,2.5499999991699105,2.549999991997819,2.549999930367387,2.549999457063563,2.549996231882614,2.549976866945072,2.54987510963272,2.5494102574062367,2.5475757127941256,2.5413554511687666,2.5233067355820387,2.478540977471617,2.3833381132385205,2.2082020095602997,1.92477670016291
509.0,2.55,2.55,2.549999999999949,2.5499999999994105,2.549999999992914,2.549999999918873,2.549999999143819,2.5499999917724647,2.5499999286271726,2.5499994451549624,2.5499961602788046,2.54997649186499,2.5498734128025995,2.5494036871688763,2.5475541369014443,2.541295905438526,2.5231697949965186,2.478280483841095,2.3829309418862366,2.207683371614649,1.9242476784307017
510.0,2.55,2.55,2.5499999999999456,2.5499999999993856,2.5499999999926444,2.549999999916059,2.5499999991169897,2.5499999915414806,2.549999926849057,2.5499994330237628,2.549996087548502,2.5499761119398068,2.5498716985477796,2.5493970656074683,2.5475324407281374,2.5412361457799064,2.5230325938244254,2.4780198490376395,2.382523958288056,2.207165296704673,1.9237193467722287
511.0,2.55,2.55,2.549999999999942,2.549999999999361,2.5499999999923655,2.5499999999131564,2.5499999990894042,2.5499999913047464,2.549999925032345,2.5499994206665817,2.549996013678011,2.549975727124739,2.549869966755458,2.549390392523804,2.547510624104546,2.5411761723890223,2.5228951329400577,2.4777590742512032,2.382117162762241,2.206647783480243,1.9231917030555021
512.0,2.55,2.55,2.5499999999999385,2.549999999999336,2.5499999999920764,2.5499999999101624,2.5499999990610434,2.5499999910621383,2.5499999231763297,2.549999408079996,2.5499959386535274,2.5499753373747907,2.549868217312673,2.5493836677201798,2.54748868686282,2.5411159854639687,2.522757413216153,2.477498160665194,2.381710555622254,2.206130830596124,1.9226647451600964
513.0,2.55,2.55,2.549999999999935,2.549999999999308,2.5499999999917775,2.5499999999070737,2.549999999031888,2.5499999908135287,2.5499999212802957,2.5499993952605466,2.5499958624611376,2.549974942644754,2.5498664501063137,2.549376890999401,2.5474666288369074,2.541055585204801,2.522619435523874,2.477237109456508,2.3813041371768024,2.205614436711945,1.9221384709770195
514.0,2.55,2.55,2.5499999999999314,2.5499999999992795,2.549999999991468,2.5499999999038887,2.549999999001919,2.54999999055879,2.5499999193435166,2.549999382204734,2.549995785086819,2.549974542889211,2.5498646650231174,2.549370062164786,2.5474444498625552,2.5409949718135167,2.522481200732796,2.4769759217955682,2.3808979077298913,2.20509860049218,1.9216128784085906
515.0,2.55,2.55,2.549999999999928,2.549999999999251,2.549999999991148,2.549999999900604,2.5499999989711157,2.549999990297791,2.5499999173652546,2.5499993689090217,2.5499957065164347,2.5499741380625323,2.549862861949678,2.5493631810201687,2.547422149777302,2.540934145494031,2.522342709710901,2.476714598846359,2.3804918675808646,2.204583320606117,1.9210879653683202
516.0,2.55,2.55,2.5499999999999243,2.5499999999992213,2.5499999999908165,2.549999999897218,2.549999998939458,2.549999990030399,2.549999915344762,2.5499993553698324,2.5499956267357415,2.549973728118879,2.5498610407724462,2.5493562473699036,2.5473997284204724,2.5408731064521595,2.5222039633245625,2.476453141766459,2.380086017024457,2.2040685957278408,1.9205637297807934
517.0,2.55,2.55,2.5499999999999208,2.5499999999991894,2.549999999990474,2.549999999893727,2.5499999989069257,2.5499999897564796,2.549999913281281,2.549999341583549,2.549995545730383,2.549973313012202,2.5498592013777315,2.5493492610188713,2.5473771856331733,2.5408118548955954,2.5220649624385367,2.476191551707079,2.379680356350835,2.2035544245362035,1.9200401695815559
518.0,2.55,2.55,2.549999999999917,2.5499999999991574,2.5499999999901197,2.549999999890128,2.549999998873497,2.5499999894758942,2.5499999111740412,2.5499993275465163,2.5499954634858923,2.5499728926962475,2.5498573436517074,2.549342221772481,2.5473545212582893,2.5407503910338938,2.5219257079159503,2.475929829813097,2.3792748858456467,2.203040805714805,1.9195172827170046
519.0,2.55,2.55,2.5499999999999137,2.5499999999991236,2.5499999999897534,2.549999999886419,2.5499999988391493,2.549999989188503,2.5499999090222634,2.5499993132550385,2.5499953799876915,2.5499724671245505,2.5498554674804152,2.5493351294366726,2.547331735140476,2.540688715078448,2.5217862006182954,2.4756679772230896,2.3788696057900633,2.202527737951971,1.9189950671442804
520.0,2.55,2.55,2.54999999999991,2.549999999999088,2.5499999999893745,2.5499999998825964,2.549999998803861,2.549999988894163,2.5499999068251564,2.5499992987053806,2.5499952952210916,2.5499720362504417,2.5498535727497655,2.5493279838179257,2.5473088271261584,2.5406268272424684,2.5216464414054136,2.4754059950693694,2.3784645164608254,2.2020152199407277,1.918473520831163
521.0,2.55,2.55,2.5499999999999066,2.5499999999990526,2.549999999988983,2.5499999998786556,2.5499999987676096,2.5499999885927296,2.549999904581918,2.5499992838937655,2.5499952091712905,2.549971600027044,2.549851659345541,2.549320784723257,2.5472857970635228,2.5405647277409686,2.521506431135491,2.4751438844780194,2.378059618130284,2.201503250378785,1.9179526417559696
522.0,2.55,2.55,2.549999999999903,2.5499999999990144,2.549999999988578,2.5499999998745952,2.549999998730371,2.5499999882840556,2.5499999022917352,2.549999268816377,2.5499951218233745,2.549971158407275,2.549849727153401,2.549313531960229,2.5472626448025113,2.5405024167907393,2.521366170665045,2.474881646568926,2.3776549110664504,2.2009918279685117,1.9174324279074544
523.0,2.55,2.55,2.5499999999998995,2.5499999999989753,2.5499999999881586,2.5499999998704115,2.549999998692122,2.549999987967991,2.5499998999537823,2.5499992534693563,2.5499950331623187,2.549970711343849,2.549847776058885,2.5493062253369523,2.54723937019482,2.5404398946103357,2.521225660848919,2.474619282455813,2.377250395533032,2.2004809514169157,1.9169128772847135
524.0,2.55,2.55,2.549999999999896,2.5499999999989353,2.549999999987725,2.5499999998661003,2.549999998652839,2.549999987644382,2.549999897567224,2.549999237848806,2.549994943172985,2.5499702587892745,2.549845805947413,2.549298864662087,2.547215973093891,2.5403771614200514,2.5210849025402697,2.4743567932462787,2.376846071789477,2.1999706194356246,1.9163939878970877
525.0,2.55,2.55,2.5499999999998924,2.5499999999988927,2.5499999999872776,2.5499999998616594,2.5499999986124964,2.5499999873130745,2.5499998951312124,2.5499992219507854,2.5499948518401228,2.549969800695859,2.5498438167042914,2.54929144974485,2.5471924533549064,2.5403142174419027,2.5209438965905613,2.474094180041823,2.37644194009102,2.1994608307408625,1.9158757577640713
526.0,2.55,2.55,2.549999999999889,2.54999999999885,2.5499999999868157,2.549999999857085,2.5499999985710704,2.5499999869739103,2.5499998926448875,2.5499992057713134,2.54999475914837,2.5499693370157073,2.549841808214716,2.549283980395016,2.547168810834787,2.540251062899611,2.5208026438495548,2.4738314439378883,2.3760380006887183,2.1989515840534324,1.9153581849152213
527.0,2.55,2.55,2.5499999999998852,2.549999999998804,2.549999999986338,2.549999999852372,2.549999998528534,2.549999986626728,2.5499998901073786,2.549999189306366,2.5499946650822496,2.549968867700721,2.5498397803637727,2.5492764564229207,2.547145045392183,2.5401876980185802,2.5206611451653003,2.473568586023888,2.3756342538294963,2.1984428780986955,1.914841267390068
528.0,2.55,2.55,2.5499999999998817,2.5499999999987577,2.5499999999858445,2.5499999998475196,2.5499999984848616,2.5499999862713647,2.549999887517802,2.5499991725518774,2.549994569626174,2.5499683927026022,2.5498377330364437,2.549268877639468,2.547121156887471,2.5401241230258806,2.5205194013841306,2.473305607383241,2.3752306997561856,2.197934711606551,1.914325003238031
529.0,2.55,2.55,2.549999999999878,2.549999999998709,2.5499999999853347,2.549999999842522,2.5499999984400272,2.5499999859076548,2.549999884875263,2.54999915550374,2.54999447276444,2.5499679119728533,2.549835666117607,2.5492612438561264,2.547097145182748,2.5400603381502296,2.5203774133506505,2.4730425090934056,2.3748273387075645,2.197427083311417,1.913809390518329
530.0,2.55,2.55,2.5499999999998746,2.549999999998659,2.549999999984808,2.5499999998373752,2.5499999983940027,2.5499999855354294,2.549999882178854,2.5499991381578035,2.5499943744812317,2.549967425462777,2.5498335794920446,2.5492535548849395,2.547073010141824,2.539996343621973,2.5202351819077293,2.4727792922259124,2.3744241709183997,2.1969199919522135,1.9132944272999026
531.0,2.55,2.55,2.549999999999871,2.5499999999986067,2.549999999984264,2.549999999832076,2.549999998346761,2.5499999851545176,2.5499998794276566,2.549999120509875,2.5499942747606195,2.549966933123479,2.5498314730444385,2.5492458105385256,2.5470487516302214,2.5399321396730654,2.520092707896495,2.472515957846396,2.3740211966194824,2.1964134362723384,1.9127801116613279
532.0,2.55,2.55,2.5499999999998675,2.5499999999985534,2.549999999983702,2.5499999998266203,2.5499999982982735,2.549999984764744,2.5499998766207383,2.5499991025557187,2.5499941735865606,2.549966434905866,2.549829346659382,2.549238010630082,2.5470243695151638,2.5398677265370537,2.519949992156326,2.4722525070146277,2.37361841603767,2.195907415019652,1.9122664416907384
533.0,2.55,2.55,2.549999999999864,2.549999999998497,2.5499999999831218,2.5499999998210034,2.5499999982485106,2.549999984365931,2.5499998737571556,2.549999084291055,2.5499940709428968,2.5499659307606475,2.549827200221374,2.5492301549733867,2.5469998636655737,2.5398031044490588,2.519807035524843,2.4719889407845486,2.3732158293959253,2.195401926946459,1.911753415485747
534.0,2.55,2.55,2.549999999999858,2.5499999999984397,2.5499999999825227,2.549999999815222,2.5499999981974435,2.5499999839578993,2.549999870835951,2.5499990657115617,2.5499939668133575,2.5499654206383395,2.5498250336148307,2.549222243382804,2.5469752339520677,2.5397382736457557,2.5196638388379036,2.471725260204302,2.372813436913352,2.194896970809486,1.9112410311533676
535.0,2.55,2.55,2.549999999999851,2.5499999999983793,2.5499999999819036,2.549999999809271,2.5499999981450423,2.5499999835404643,2.5499998678561537,2.549999046812872,2.5499938611815574,2.549964904489262,2.5498228467240827,2.5492142756732865,2.546950480246948,2.5396732343653565,2.5195204029295932,2.471461466316264,2.372411238805234,2.1943925453698663,1.91072928680994
536.0,2.55,2.55,2.549999999999844,2.549999999998317,2.549999999981265,2.5499999998031457,2.549999998091276,2.5499999831134406,2.549999864816784,2.549999027590575,2.549993754030996,2.54996438226354,2.54982063943338,2.549206251660376,2.546925602424199,2.539607986847595,2.5193767286322197,2.4711975601570764,2.3720092352830737,2.193888649393121,1.9102181805810552
537.0,2.55,2.55,2.549999999999837,2.549999999998253,2.549999999980605,2.5499999997968423,2.549999998036114,2.5499999826766375,2.5499998617168464,2.549999008040216,2.54999364534506,2.5499638539111067,2.549818411626894,2.5491981711602105,2.5469006003594807,2.5395425313337054,2.519232816776309,2.4709335427576793,2.371607426554628,2.193385281649138,1.9097077106014837
538.0,2.55,2.55,2.5499999999998297,2.549999999998186,2.549999999979924,2.549999999790356,2.5499999979795236,2.549999982229865,2.5499998585553327,2.549998988157297,2.5499935351070184,2.549963319381702,2.5498161631887224,2.5491900339895235,2.5468754739301245,2.5394768680664055,2.519088668190593,2.470669415143341,2.3712058128239435,2.1928824409121574,1.909197875015101
539.0,2.55,2.55,2.5499999999998226,2.5499999999981173,2.549999999979221,2.5499999997836817,2.549999997921473,2.5499999817729266,2.54999985533122,2.5499989679372725,2.549993423300029,2.5499627786248746,2.549813894002891,2.5491818399656494,2.5468502230151238,2.5394109972898797,2.5189442837020084,2.470405178333691,2.370804394291396,2.1923801259607503,1.908688671974819
540.0,2.55,2.55,2.5499999999998155,2.5499999999980463,2.5499999999784957,2.549999999776815,2.549999997861929,2.549999981305623,2.5499998520434755,2.5499989473755567,2.549993309907131,2.5499622315899835,2.549811603953358,2.549173588906527,2.5468248474951314,2.5393449192497646,2.5187996641356905,2.470140833342749,2.370403171153725,2.1918783355778033,1.9081800996425151
541.0,2.55,2.55,2.5499999999998084,2.5499999999979717,2.549999999977747,2.5499999997697502,2.549999997800858,2.5499999808277525,2.549999848691051,2.5499989264675142,2.5499931949112518,2.549961678226197,2.549809292924014,2.5491652806306973,2.546799347252455,2.5392786341931255,2.5186548103149633,2.4698763811789592,2.3700021436040677,2.1913770685504956,1.9076721559563792
542.0,2.55,2.55,2.5499999999998013,2.549999999997895,2.5499999999769747,2.549999999762483,2.5499999977382246,2.54999998033911,2.5499998452728856,2.5499989052084677,2.5499930782952016,2.5499611184824955,2.5498069607986875,2.5491569149573112,2.546773722171047,2.539212142368445,2.518509723061339,2.4696118228452186,2.369601311831996,2.1908763236702202,1.9071648388093443
543.0,2.55,2.55,2.549999999999794,2.549999999997816,2.549999999976178,2.5499999997550087,2.549999997673995,2.549999979839487,2.5499998417879035,2.5499988835936915,2.549992960041677,2.5499605523076707,2.5498046074611485,2.5491484917061324,2.546747972136503,2.539145444025602,2.5183644031945094,2.4693471593389087,2.369200676023552,2.190376099732486,1.9066581464087962
544.0,2.55,2.55,2.549999999999787,2.549999999997734,2.5499999999753555,2.5499999997473206,2.5499999976081336,2.549999979328673,2.5499998382350166,2.5499988616184157,2.5499928401332568,2.549959979650328,2.549802232795108,2.549140010697536,2.5467220970360525,2.539078539415858,2.5182188515323394,2.469082391651926,2.36880023636128,2.189876395536898,1.9061520769698033
545.0,2.55,2.5499999999999976,2.54999999999978,2.549999999997649,2.549999999974508,2.5499999997394145,2.549999997540603,2.549999978806453,2.5499998346131223,2.549998839277826,2.549992718552407,2.5499594004588864,2.5497998366842256,2.5491314717525153,2.5466960967585544,2.539011428791838,2.5180730688908666,2.4688175207707115,2.3683999930242625,2.18937720988716,1.9056466287151121
546.0,2.55,2.5499999999999954,2.549999999999773,2.549999999997561,2.5499999999736325,2.549999999731284,2.5499999974713674,2.549999978272608,2.5499998309211036,2.549998816567058,2.5499925952814757,2.5499588146815806,2.549797419012107,2.549122874692682,2.546669971194493,2.5389441124075147,2.517927056084289,2.468552547676284,2.3679999461881533,2.1888785415910714,1.905141799875142
547.0,2.55,2.549999999999993,2.549999999999763,2.54999999999747,2.549999999972731,2.5499999997229237,2.549999997400388,2.5499999777269156,2.5499998271578312,2.5499987934812034,2.5499924703026964,2.549958222266459,2.549794979662314,2.5491142193402685,2.5466437202359686,2.5388765905181927,2.5177808139249676,2.4682874733442675,2.3676000960252113,2.188380389460522,1.9046375886879725
548.0,2.55,2.549999999999991,2.5499999999997525,2.5499999999973757,2.549999999971802,2.549999999714328,2.5499999973276273,2.549999977169151,2.5499998233221604,2.549998770015307,2.549992343598187,2.54995762316139,2.5497925185183594,2.549105505518133,2.5466173437766932,2.5388088633804906,2.5176343432234165,2.4680222987449203,2.367200442704332,2.1878827523114883,1.9041339933993333
549.0,2.55,2.5499999999999887,2.549999999999742,2.5499999999972784,2.549999999970841,2.549999999705491,2.549999997253045,2.5499999765990853,2.5499998194129323,2.5499987461643667,2.5499922151499494,2.5499570173140578,2.5497900354637166,2.54909673304976,2.546590841711985,2.5387409312523253,2.5174876447883014,2.467757024843168,2.3668009863910813,2.1873856289640248,1.9036310122625886
550.0,2.55,2.5499999999999865,2.549999999999731,2.549999999997178,2.5499999999698515,2.5499999996964067,2.5499999971766028,2.5499999760164864,2.549999815428973,2.5499987219233327,2.5499920849398703,2.5499564046719656,2.5497875303818183,2.549087901759261,2.5465642139387628,2.538672794392898,2.5173407194264326,2.4674916525986306,2.3664017272477276,2.1868890182422605,1.9031286435387214
551.0,2.55,2.5499999999999843,2.5499999999997205,2.549999999997074,2.549999999968831,2.5499999996870684,2.5499999970982588,2.5499999754211187,2.549999811369095,2.5499986972871085,2.5499919529497177,2.549955785182437,2.5497850031560625,2.549079011471381,2.546537460355538,2.5386044530626735,2.5171935679427615,2.467226182965653,2.3660026654332733,2.1863929189743874,1.902626885496314
552.0,2.55,2.549999999999982,2.54999999999971,2.5499999999969667,2.5499999999677794,2.5499999996774703,2.5499999970179714,2.5499999748127427,2.5499998072320964,2.54999867225055,2.5499918191611464,2.5499551587926157,2.549782453669812,2.549070062011497,2.546510580862408,2.538535907523368,2.517046191140377,2.466960616893335,2.3656038011034872,2.1858973299926556,1.9021257364115292
553.0,2.55,2.54999999999998,2.549999999999699,2.5499999999968552,2.5499999999666954,2.5499999996676057,2.5499999969357,2.549999974191114,2.5499998030167603,2.549998646808464,2.5499916835556933,2.5499545254494658,2.5497798818064004,2.549061053205623,2.5464835753610555,2.538467158037933,2.5168985898205025,2.4666949553255573,2.365205134410937,2.18540225013336,1.9016251945680878
554.0,2.55,2.5499999999999776,2.5499999999996885,2.54999999999674,2.5499999999655776,2.5499999996574676,2.5499999968513993,2.5499999735559866,2.5499997987218537,2.5499986209556136,2.5499915461147804,2.549953885099777,2.549777287449132,2.5490519848804105,2.5464564437547357,2.538398204870537,2.516750764782489,2.4664291992010163,2.3648066655050157,2.1849076782368333,1.9011252582572453
555.0,2.55,2.5499999999999754,2.549999999999678,2.549999999996621,2.5499999999644256,2.549999999647051,2.549999996765027,2.5499999729071092,2.549999794346129,2.5499985946867083,2.5499914068197125,2.54995323769016,2.5497746704812885,2.5490428568631525,2.546429185948275,2.538329048286553,2.516602716823815,2.4661633494532467,2.364408394531977,2.1844136131474334,1.900625925777767
556.0,2.55,2.549999999999973,2.5499999999996654,2.549999999996498,2.549999999963238,2.5499999996363476,2.5499999966765388,2.5499999722442284,2.5499997898883255,2.5499985679964126,2.549991265651679,2.5499525831670513,2.5497720307861282,2.549033668981782,2.546401801848061,2.53825968855254,2.51645444674008,2.465897407010654,2.364010321634965,2.1839200537135324,1.9001271954359014
557.0,2.55,2.549999999999971,2.549999999999651,2.549999999996371,2.5499999999620147,2.54999999962535,2.5499999965858886,2.549999971567086,2.5499997853471648,2.5499985408793404,2.5499911225917518,2.5499519214767137,2.5497693682468903,2.549024421064878,2.546374291362042,2.53819012593623,2.5163059553250005,2.4656313727965418,2.3636124469540407,2.1834269987875072,1.8996290655453556
558.0,2.55,2.5499999999999687,2.549999999999637,2.54999999999624,2.5499999999607543,2.549999999614052,2.549999996493031,2.549999970875419,2.5499997807213544,2.5499985133300593,2.549990977620888,2.549951252565235,2.549766682746798,2.5490151129416665,2.5463466543997133,2.5381203607065124,2.5161572433704107,2.46536524772914,2.3632147706262177,2.182934447225722,1.8991315344272641
559.0,2.55,2.5499999999999665,2.549999999999623,2.5499999999961043,2.5499999999594554,2.5499999996024467,2.549999996397919,2.549999970168961,2.5499997760095856,2.5499984853430853,2.549990830719926,2.549950576378531,2.5497639741690623,2.549005744442022,2.546318890872117,2.538050393133417,2.5160083116662535,2.4650990327216338,2.3628172927854867,2.1824423978885212,1.8986346004101617
560.0,2.55,2.5499999999999643,2.5499999999996086,2.549999999995964,2.549999999958117,2.549999999590525,2.5499999963005044,2.549999969447442,2.549999771210535,2.5499984569128866,2.5499906818695894,2.5499498928623474,2.5497612423968814,2.548996315396469,2.546291000691833,2.537980223488101,2.5158591610005834,2.464832728682192,2.362420013562849,2.181950849640213,1.8981382618299523
561.0,2.55,2.549999999999962,2.5499999999995944,2.549999999995819,2.5499999999567384,2.5499999995782807,2.549999996200738,2.5499999687105883,2.549999766322863,2.549998428033881,2.5499905310504847,2.5499492019622583,2.5497584873134453,2.548986825636185,2.5462629837729756,2.5379098520428345,2.5157097921595586,2.4645663365139927,2.3620229330863403,2.181459801349056,1.8976425170298779
562.0,2.55,2.54999999999996,2.54999999999958,2.549999999995669,2.549999999955319,2.549999999565705,2.5499999960985713,2.549999967958122,2.549999761345215,2.5499983987004384,2.5499903782431033,2.549948503623669,2.5497557088019414,2.5489772749930006,2.5462348400311825,2.5378392790709823,2.5155602059274416,2.464299857115254,2.3616260514810654,2.180969251887248,1.8971473643604893
563.0,2.55,2.5499999999999576,2.5499999999995655,2.5499999999955145,2.549999999953857,2.549999999552791,2.5499999959939537,2.54999996718976,2.549999756276218,2.549998368906877,2.549990223427817,2.549947797791817,2.549752906745552,2.5489676632994045,2.5462065693836142,2.5377685048469925,2.515410403086595,2.464033291379259,2.361229368869221,2.1804792001309097,1.89665280217961
564.0,2.55,2.5499999999999545,2.5499999999995477,2.549999999995355,2.549999999952351,2.5499999995395295,2.5499999958868327,2.549999966405217,2.5499997511144863,2.549998338647465,2.5499900665848845,2.549947084411772,2.5497500810274616,2.5489579903885424,2.5461781717489425,2.537697529646379,2.515260384417478,2.463766640194386,2.3608328853701295,2.1799896449600715,1.8961588288523072
565.0,2.55,2.549999999999951,2.54999999999953,2.54999999999519,2.5499999999507996,2.549999999525913,2.549999995777157,2.549999965604201,2.549999745858615,2.5499983079164217,2.5499899076944463,2.5499463634284365,2.549747231530858,2.5489482560942207,2.5461496470473484,2.537626353745711,2.515110150698644,2.4634999044441335,2.360436601100262,2.179500585258659,1.8956654427508561
566.0,2.55,2.5499999999999474,2.549999999999512,2.54999999999502,2.5499999999492027,2.549999999511932,2.5499999956648733,2.549999964786418,2.5499997405071846,2.5499982767079157,2.5499897467365256,2.54994563478655,2.549744358138934,2.5489384602509055,2.5461209952005137,2.537554977422596,2.5149597027067423,2.463233085007148,2.36004051617327,2.1790120199144756,1.8951726422547062
567.0,2.55,2.549999999999944,2.5499999999994944,2.549999999994844,2.549999999947558,2.5499999994975795,2.549999995549928,2.5499999639515685,2.5499997350587584,2.5499982450160634,2.5499895836910302,2.5499448984306876,2.54974146073489,2.5489286026937292,2.546092216131615,2.537483400955664,2.514809041216508,2.4629661827572513,2.3596446307000107,2.1785239478191945,1.8946804257504486
568.0,2.55,2.5499999999999403,2.5499999999994767,2.5499999999946623,2.549999999945865,2.549999999482846,2.549999995432265,2.5499999630993493,2.549999729511883,2.5499982128349323,2.549989418537752,2.549944154305259,2.5497385392019387,2.5489186832584867,2.546063309765318,2.537411624624556,2.5146581670007686,2.4626991985634663,2.359248944788574,2.1780363678683354,1.8941887916317792
569.0,2.55,2.5499999999999368,2.549999999999457,2.549999999994475,2.5499999999441223,2.5499999994677216,2.5499999953118304,2.5499999622294522,2.5499997238650898,2.549998180158538,2.549989251256365,2.549943402354514,2.5497355934233084,2.5489087017816394,2.546034276027769,2.5373396487099105,2.514507080830435,2.4624321332900463,2.3588534585443104,2.177549278961255,1.8936977382994646
570.0,2.55,2.549999999999933,2.549999999999436,2.5499999999942813,2.549999999942328,2.5499999994521985,2.5499999951885646,2.549999961341565,2.549999718116892,2.5499981469808435,2.549989081826426,2.549942642522542,2.5497326232822415,2.548898658100319,2.5460051148465928,2.5372674734933445,2.514355783474504,2.4621649877964993,2.358458172069858,2.177062680001129,1.8932072641613078
571.0,2.55,2.5499999999999297,2.5499999999994145,2.549999999994081,2.5499999999404817,2.5499999994362663,2.5499999950624113,2.549999960435372,2.5499997122657856,2.5499981132957625,2.549988910227378,2.549941874753271,2.549729628662001,2.5488885520523246,2.5459758261508822,2.5371950992574464,2.514204275700054,2.461897762937615,2.3580630854651683,2.176576569894938,1.892717367632111
572.0,2.55,2.549999999999926,2.549999999999393,2.5499999999938745,2.549999999938581,2.5499999994199167,2.5499999949333114,2.5499999595105503,2.549999706310251,2.5499980790971564,2.5499887364385447,2.549941098990472,2.549726609445871,2.548878383476127,2.5459464098711955,2.5371225262857564,2.5140525582722435,2.461630459563489,2.3576681988275316,2.1760909475534524,1.8922280471336401
573.0,2.55,2.5499999999999226,2.549999999999372,2.5499999999936613,2.549999999936624,2.549999999403139,2.549999994801204,2.5499999585667754,2.5499997002487502,2.549998044378834,2.549988560439135,2.5499403151777575,2.549723565517161,2.5488681522108703,2.5459168659395464,2.5370497548627573,2.513900631954312,2.4613630785195544,2.3572735122516053,2.175605811891215,1.89173930109459
574.0,2.55,2.549999999999919,2.549999999999348,2.549999999993441,2.5499999999346104,2.549999999385924,2.5499999946660297,2.549999957603716,2.5499996940797285,2.5499980091345527,2.5499883822082414,2.549939523258583,2.5497204967592078,2.548857858096372,2.5458871942894,2.536976785273858,2.513748497507574,2.4610956206466006,2.356879025829437,2.1751211618265267,1.8912511279505468
575.0,2.55,2.5499999999999154,2.549999999999323,2.5499999999932146,2.549999999932539,2.54999999936826,2.5499999945277256,2.549999956621037,2.549999687801613,2.549997973358018,2.5499882017248394,2.5499387231762483,2.5497174030553773,2.548847500973125,2.5458573948556666,2.5369036178053803,2.5135961556914226,2.460828086780807,2.3564847396504933,2.1746369962814325,1.8907635261439524
576.0,2.55,2.549999999999912,2.549999999999298,2.54999999999298,2.5499999999304084,2.549999999350138,2.5499999943862286,2.5499999556183996,2.5499996814128143,2.5499979370428822,2.549988018967789,2.5499379148739,2.549714284289069,2.5488370806822997,2.5458274675746932,2.536830252744548,2.5134436072633233,2.4605604777537606,2.3560906538016813,2.174153314181701,1.8902764941240675
577.0,2.549999999999999,2.5499999999999083,2.5499999999992733,2.5499999999927385,2.549999999928216,2.549999999331547,2.549999994241474,2.549999954595459,2.549999674911725,2.549997900182745,2.549987833915833,2.5499370982945315,2.549711140343717,2.5488265970657435,2.5457974123842595,2.5367566903794714,2.513290852978817,2.4602927943924873,2.355696768367376,2.1736701144568147,1.8897900303469368
578.0,2.5499999999999954,2.549999999999905,2.5499999999992466,2.5499999999924894,2.549999999925961,2.5499999993124773,2.549999994093398,2.5499999535518656,2.5499996682967194,2.5499978627711553,2.549987646547598,2.549936273380982,2.5497079711027917,2.5488160499659838,2.5457672292235705,2.5366829309991332,2.5131378935915167,2.4600250375194754,2.355303083429446,2.173187396039949,1.8893041332753508
579.0,2.549999999999992,2.5499999999999012,2.5499999999992182,2.5499999999922323,2.5499999999236413,2.5499999992929165,2.549999993941933,2.5499999524872647,2.549999661566154,2.549997824801606,2.5499874568415946,2.549935440075941,2.549704776449806,2.5488054392262276,2.5457369180332505,2.536608974893378,2.5129847298531067,2.459757207952702,2.354909599067275,2.172705157867959,1.888818801378809
580.0,2.5499999999999883,2.5499999999998977,2.54999999999919,2.5499999999919667,2.5499999999212553,2.549999999272854,2.5499999937870124,2.5499999514012974,2.549999654718368,2.5499977862675385,2.5499872647762176,2.549934598321949,2.549701556268314,2.5487947646903653,2.5457064787553354,2.5365348223528987,2.512831362513342,2.459489306505654,2.354516315357789,2.172223398881364,1.888334033133485
581.0,2.5499999999999847,2.549999999999894,2.5499999999991614,2.549999999991693,2.549999999918801,2.549999999252278,2.549999993628567,2.5499999502936013,2.5499996477516826,2.549997747162341,2.549987070329746,2.5499337480613957,2.549698310441915,2.5487840262029695,2.5456759113332685,2.536460473669222,2.5126777923200474,2.4592213339873585,2.3541232323754775,2.171742118024332,1.8878498270221884
582.0,2.549999999999981,2.5499999999998906,2.54999999999913,2.549999999991411,2.549999999916277,2.5499999992311775,2.5499999934665283,2.5499999491638055,2.549999640664399,2.5499977074793474,2.549986873480343,2.549932889236525,2.5496950388542574,2.5487732236092953,2.545645215711894,2.536385929134698,2.5125240200191166,2.4589532912024046,2.3537303501924223,2.171261314244661,1.8873661815343294
583.0,2.5499999999999776,2.549999999999887,2.549999999999098,2.5499999999911203,2.5499999999136818,2.54999999920954,2.5499999933008244,2.5499999480115356,2.5499996334548016,2.5499976672118394,2.5499866742060533,2.5499320217894317,2.549691741389039,2.548762356755286,2.5456143918374465,2.536311189042485,2.5123700463545116,2.458685178950968,2.353337668878315,2.1707809864937664,1.8868830951658813
584.0,2.549999999999974,2.5499999999998835,2.549999999999066,2.54999999999082,2.5499999999110132,2.5499999991873548,2.549999993131383,2.5499999468364134,2.5499996261211564,2.549997626353042,2.54998647248481,2.549931145662068,2.549688417930011,2.548751425487569,2.545583439657552,2.5362362536865395,2.5122158720682632,2.4584169980288375,2.3529451885004873,2.170301133726665,1.8864005664193453
585.0,2.5499999999999705,2.54999999999988,2.549999999999032,2.5499999999905105,2.549999999908269,2.5499999991646085,2.549999992958131,2.5499999456380547,2.54999961866171,2.5499975848961296,2.549986268294427,2.54993026079624,2.54968506836098,2.5487404296534595,2.5455523591212135,2.5361611233616017,2.512061497900468,2.458148749227436,2.3525529091239274,2.1698217549019567,1.8859185938037133
586.0,2.549999999999967,2.5499999999998764,2.5499999999989966,2.5499999999901912,2.5499999999054483,2.5499999991412885,2.5499999927809935,2.5499999444160695,2.5499996110746896,2.54999754283422,2.549986061612604,2.5499293671336103,2.5496816925658092,2.5487293691009603,2.5455211501788106,2.536085798363184,2.51190692458929,2.45788043333385,2.352160830811307,2.169342848981811,1.8854371758344308
587.0,2.5499999999999634,2.549999999999873,2.549999999998961,2.5499999999898626,2.549999999902549,2.5499999991173827,2.549999992599896,2.5499999431700635,2.5499996033583052,2.5499975001603774,2.5499858524169254,2.5499284646157014,2.5496782904284223,2.5487182436787643,2.545489812782091,2.536010278987559,2.511752152870961,2.457612051130849,2.3517689536230044,2.168864414931953,1.884956311033363
588.0,2.54999999999996,2.5499999999998693,2.549999999998924,2.5499999999895233,2.5499999998995686,2.5499999990928774,2.5499999924147625,2.549999941899637,2.5499995955107466,2.5499974568676107,2.5499856406848593,2.549927553183891,2.549674861832808,2.5487070532362543,2.545458346884164,2.5359345655317473,2.5115971834797777,2.4573436033969105,2.3513772776171256,2.168386451721644,1.8844759979287564
589.0,2.5499999999999563,2.5499999999998657,2.5499999999988847,2.549999999989174,2.5499999998965044,2.549999999067759,2.5499999922255134,2.5499999406043843,2.5499995875301846,2.5499974129488767,2.5499854263937585,2.549926632779421,2.549671406663018,2.5486957976235036,2.5454267524394925,2.535858658293504,2.511442017148105,2.4570750909062453,2.3509858028495274,2.1679089583236686,1.8839962350552044
590.0,2.5499999999999527,2.549999999999862,2.5499999999988456,2.5499999999888137,2.549999999893355,2.5499999990420146,2.549999992032071,2.549999939283894,2.5499995794147696,2.549997368397074,2.549985209520861,2.5499257033433924,2.5496679248031726,2.5486844766912777,2.54539502940389,2.5357825575713084,2.511286654606372,2.4568065144288207,2.350594529373839,2.1674319337143175,1.8835170209536098
591.0,2.549999999999949,2.5499999999998577,2.549999999998804,2.549999999988443,2.5499999998901193,2.5499999990156303,2.549999991834352,2.5499999379377503,2.549999571162637,2.5499973232050475,2.5499849900432903,2.5499247648167693,2.5496644161374604,2.5486730902910355,2.545363177734513,2.5357062636643537,2.511131096583076,2.456537874730383,2.3502034572414843,2.1669553768733736,1.8830383541711515
592.0,2.5499999999999456,2.5499999999998506,2.5499999999987613,2.5499999999880605,2.5499999998867944,2.5499999989885924,2.549999991632276,2.5499999365655315,2.5499995627718977,2.549997277365586,2.549984767938054,2.54992381714038,2.549660880550145,2.548661638274927,2.545331197389853,2.53562977687253,2.5109753438047804,2.4562691725724832,2.349812586501704,2.166479286784096,1.8825602332612468
593.0,2.549999999999942,2.5499999999998435,2.5499999999987177,2.5499999999876666,2.5499999998833776,2.549999998960886,2.5499999914257603,2.549999935166811,2.549999554240645,2.5499972308714254,2.5499845431820436,2.549922860254916,2.5496573179255617,2.5486501204958003,2.545299088329731,2.5355530974964164,2.510819396996115,2.456000408712497,2.349421917201578,2.1660036624332037,1.882082656783517
594.0,2.5499999999999385,2.5499999999998364,2.5499999999986716,2.5499999999872607,2.5499999998798675,2.549999998932497,2.5499999912147198,2.5499999337411543,2.5499995455669526,2.5499971837152438,2.549984315752039,2.5499218941009354,2.549653728148126,2.5486385368071933,2.545266850515293,2.5354762258372703,2.5106632568797758,2.4557315839036526,2.349031449386044,2.1655285028108624,1.8816056233037506
595.0,2.549999999999935,2.5499999999998293,2.5499999999986254,2.5499999999868423,2.549999999876261,2.5499999989034103,2.5499999909990683,2.5499999322881246,2.549999536748874,2.5499971358896647,2.5499840856247014,2.549920918618863,2.5496501111023306,2.5486268870633437,2.5452344839090006,2.535399162197012,2.510506924176527,2.4554626988950483,2.348641183097922,2.165053806910666,1.8811291313938712
596.0,2.5499999999999314,2.549999999999822,2.549999999998576,2.549999999986411,2.5499999998725555,2.5499999988736106,2.5499999907787188,2.5499999308072763,2.549999527784443,2.549997087387255,2.5499838527765815,2.549919933748993,2.5496464666727525,2.5486151711191845,2.5452019884746266,2.5353219068782162,2.5103503996052003,2.4551937544316798,2.3482511183779318,2.164579573729628,1.8806531796318993
597.0,2.549999999999928,2.549999999999815,2.5499999999985263,2.549999999985967,2.5499999998687497,2.5499999988430817,2.5499999905535824,2.5499999292981594,2.549999518671673,2.5499970382005257,2.5499836171841133,2.549918939431488,2.549642794744049,2.5486033888303448,2.5451693641772493,2.5352444601841015,2.510193683882696,2.4549247512544623,2.3478612552647182,2.164105802268157,1.8801777666019186
598.0,2.5499999999999243,2.549999999999808,2.549999999998474,2.54999999998551,2.5499999998648404,2.5499999988118094,2.5499999903235695,2.549999927760319,2.5499995094085572,2.5499969883219307,2.549983378823616,2.5499179356063815,2.549639095200968,2.548591540053151,2.5451366109832425,2.5351668224185158,2.510036777723983,2.4546556901002514,2.347471593794867,2.163632491530047,1.8797028908940436
599.0,2.5499999999999208,2.549999999999801,2.5499999999984206,2.5499999999850393,2.5499999998608254,2.5499999987797763,2.5499999900885886,2.549999926193293,2.549999499993067,2.5499969377438694,2.549983137671297,2.5499169222135776,2.5496353679283437,2.5485796246446286,2.5451037288602727,2.5350889938859287,2.509879681842099,2.4543865717018662,2.347082134002928,2.163159640522464,1.8792285511043811
600.0,2.549999999999917,2.5499999999997938,2.549999999998365,2.5499999999845544,2.549999999856702,2.549999998746968,2.5499999898485464,2.549999924596613,2.5499994904231573,2.549996886458684,2.5499828937032474,2.5499158991928557,2.5496316128111025,2.5485676424625012,2.5450707177772927,2.5350109748914176,2.5097223969481526,2.4541173967881122,2.346692875921436,2.1626872482559274,1.8787547458349991
601.0,2.5499999999999137,2.5499999999997867,2.5499999999983083,2.5499999999840552,2.549999999852467,2.5499999987133655,2.5499999896033483,2.549999922969806,2.5499994806967585,2.5499968344586597,2.549982646895445,2.5499148664838662,2.5496278297342627,2.548555593365191,2.5450375777045315,2.5349327657406584,2.5095649237513227,2.4538481660838047,2.3463038195809265,2.1622153137442557,1.8782814704375026
602.0,2.54999999999991,2.5499999999997796,2.5499999999982492,2.5499999999835405,2.5499999998481186,2.5499999986789543,2.5499999893528997,2.5499999213123927,2.549999470811783,2.5499967817360254,2.5499823972237556,2.5499138240261363,2.54962401858294,2.5485434772118216,2.5450043086134944,2.5348543667399137,2.5094072629588595,2.453578880309789,2.3459149650099613,2.1617438360037164,1.8778087195109683
603.0,2.5499999999999066,2.5499999999997724,2.549999999998189,2.549999999983011,2.5499999998436538,2.549999998643716,2.549999989097102,2.549999919623886,2.54999946076612,2.5499967282829523,2.5499821446639293,2.5499127717590704,2.5496201792423463,2.548531293862214,2.54497091047695,2.5347757781960234,2.509249415276088,2.453309540182964,2.345526312235143,2.1612728140518556,1.8773364919397313
604.0,2.549999999999903,2.5499999999997653,2.5499999999981253,2.549999999982466,2.5499999998390694,2.549999998607633,2.5499999888358578,2.5499999179037958,2.549999450557638,2.5499966740915547,2.5499818891916033,2.549911709621949,2.549616311597795,2.5485190431768916,2.5449373832689277,2.534697000416392,2.509091381406404,2.453040146416302,2.3451378612811373,2.1608022469075285,1.8768647865999188
605.0,2.5499999999998995,2.5499999999997582,2.549999999998061,2.5499999999819045,2.5499999998343625,2.5499999985706876,2.549999988569066,2.549999916151623,2.549999440184186,2.5499966191538914,2.549981630782303,2.549910637553931,2.5496124155347,2.5485067250170776,2.5449037269647095,2.534618033708979,2.508933162051281,2.452770699718873,2.3447496121706872,2.160332133591112,1.8763936023602463
606.0,2.549999999999896,2.549999999999751,2.5499999999979934,2.5499999999813268,2.549999999829531,2.549999998532862,2.549999988296624,2.5499999143668632,2.5499994296435915,2.5499965634619612,2.54998136941144,2.549909555494056,2.549608490938582,2.548494339244697,2.5448699415408256,2.534538878382291,2.508774757910266,2.452501200795866,2.344361564924633,2.159862473124691,1.8759229380827578
607.0,2.5499999999998924,2.549999999999742,2.5499999999979246,2.5499999999807326,2.5499999998245713,2.549999998494137,2.5499999880184308,2.5499999125490067,2.549999418933659,2.549996507007706,2.5499811050543126,2.5499084633812457,2.5496045376950662,2.5484818857223765,2.544836026975047,2.534459534745364,2.508616169680982,2.4522316503486086,2.3439737195619275,2.159393264532232,1.8754527926235205
608.0,2.549999999999889,2.549999999999731,2.5499999999978535,2.5499999999801206,2.5499999998194807,2.549999998454494,2.549999987734379,2.5499999106975357,2.5499994080521726,2.549996449783012,2.5499808376861064,2.549907361154301,2.5496005556898873,2.5484693643134437,2.5448019832463786,2.5343800031077612,2.5084573980591336,2.4519620490745897,2.3435860760996508,2.158924506839742,1.8749831648332753
609.0,2.5499999999998852,2.5499999999997205,2.5499999999977794,2.5499999999794905,2.549999999814256,2.549999998413914,2.549999987444363,2.5499999088119263,2.5499993969968946,2.5499963917797053,2.5499805672818963,2.5499062487519093,2.549596544808891,2.548456774881928,2.544767810335055,2.5343002837795585,2.5082984437385027,2.451692397667481,2.343198634553028,2.158456199075409,1.8745140535580451
610.0,2.5499999999998817,2.54999999999971,2.5499999999977034,2.5499999999788425,2.549999999808894,2.5499999983723773,2.5499999871482752,2.54999990689165,2.5499993857655676,2.549996332989554,2.549980293816642,2.5499051261126415,2.549592504938038,2.5484441172925627,2.54473350822253,2.534220377071336,2.508139307410951,2.4514226968171586,2.3428113949354428,2.157988340269732,1.874045457639703
611.0,2.549999999999878,2.549999999999699,2.5499999999976253,2.549999999978176,2.5499999998033926,2.5499999983298647,2.549999986846006,2.5499999049361692,2.549999374355909,2.549996273404271,2.549980017265193,2.5499039931749534,2.5495884359634,2.5484313914107823,2.544699076891476,2.5341402832941635,2.5079799897664254,2.451152947209722,2.3424243572584555,2.1575209294556355,1.873577375916505
612.0,2.5499999999998746,2.5499999999996885,2.549999999997544,2.54999999997749,2.549999999797746,2.5499999982863555,2.5499999865374425,2.549999902944942,2.5499993627656163,2.5499962130155076,2.549979737602287,2.549902849877189,2.54958433777117,2.5484185971027253,2.5446645163257733,2.5340600027595985,2.5078204914929545,2.450883149527518,2.342037521531813,2.157053965668573,1.8731098072235877
613.0,2.549999999999871,2.549999999999678,2.5499999999974605,2.549999999976784,2.5499999997919525,2.5499999982418284,2.549999986222473,2.5499999009174177,2.5499993509923646,2.549996151814859,2.549979454802549,2.549901696157579,2.5495802102476595,2.5484057342352315,2.5446298265105063,2.533979535779669,2.507660813276652,2.4506133044491594,2.341650887763467,2.1565874479466216,1.8726427503934338
614.0,2.5499999999998675,2.549999999999667,2.549999999997375,2.5499999999760576,2.5499999997860083,2.5499999981962627,2.549999985900982,2.5499998988530415,2.5499993390338074,2.549996089793861,2.5499791688404945,2.549900531954245,2.5495760532793006,2.5483928026758447,2.5445950074319534,2.5338988826668674,2.5075009558017185,2.4503434126495454,2.3412644559595877,2.1561213753305655,1.8721762042563093
615.0,2.549999999999864,2.5499999999996565,2.549999999997286,2.5499999999753107,2.54999999977991,2.5499999981496386,2.549999985572854,2.549999896751249,2.549999326887574,2.54999602694399,2.549978879690525,2.5498993572051982,2.5495718667526486,2.5483798022928115,2.544560059077587,2.533818043734138,2.507340919750445,2.450073474799883,2.340878226124578,2.1556557468639697,1.8717101676406689
616.0,2.5499999999998604,2.549999999999646,2.549999999997194,2.5499999999745424,2.549999999773654,2.5499999981019332,2.5499999852379704,2.549999894611471,2.5499993145512727,2.5499959632566656,2.5499785873269327,2.549898171848342,2.5495676505543865,2.5483667329550825,2.544524981436062,2.5337370192948714,2.507180705803209,2.4498034915677094,2.3404921982610887,2.1551905615932463,1.8712446393735382
617.0,2.549999999999857,2.5499999999996343,2.5499999999970995,2.549999999973752,2.549999999767237,2.5499999980531256,2.5499999848962114,2.5499998924331297,2.549999302022489,2.5499958987232474,2.5499782917238982,2.549896975821472,2.549563404571324,2.54835359453231,2.5444897744972117,2.5336558096628927,2.5070203146384826,2.4495334636169077,2.340106372370031,2.1547258185677145,1.8707796182808707
618.0,2.5499999999998533,2.54999999999962,2.549999999997002,2.549999999972939,2.549999999760655,2.549999998003192,2.549999984547455,2.549999890215642,2.549999289298787,2.5499958333350365,2.549977992855492,2.549895769062278,2.549559128690401,2.5483403868948504,2.544454438252041,2.53357441515245,2.506859746932832,2.449263391607731,2.339720748450595,2.154261516839649,1.8703151031878786
619.0,2.5499999999998497,2.549999999999606,2.549999999996902,2.549999999972103,2.5499999997539047,2.549999997952111,2.549999984191577,2.5499998879584185,2.549999276377705,2.5499957670832747,2.5499776906956746,2.5498945515083467,2.5495548227986875,2.548327109913763,2.54441897269272,2.5334928360782056,2.506699003360916,2.448993276196821,2.3393353265002577,2.153797655464328,1.8698510929193477
620.0,2.549999999999846,2.5499999999995917,2.5499999999967984,2.5499999999712433,2.549999999746981,2.5499999978998575,2.549999983828454,2.54999988566086,2.5499992632567605,2.5499956999591444,2.5499773852182948,2.5498933230971588,2.54955048678339,2.548313763460811,2.544383377812581,2.5334110727552313,2.5065380845954928,2.4487231180372273,2.338950106514804,2.153334233500073,1.8693875862999259
621.0,2.5499999999998426,2.5499999999995775,2.549999999996692,2.5499999999703595,2.5499999997398803,2.549999997846409,2.5499999834579574,2.5499998833223625,2.5499992499334487,2.5499956319537684,2.549977076397092,2.5498920837660934,2.5495461205318484,2.54830034740846,2.5443476536061054,2.533329125498993,2.5063769913074196,2.4484529177784293,2.338565088488338,2.1528712500082805,1.8689245821543965
622.0,2.549999999999839,2.5499999999995633,2.5499999999965817,2.549999999969451,2.549999999732599,2.549999997791742,2.5499999830799593,2.5499998809423134,2.5499992364052404,2.5499955630582107,2.5499767642056965,2.5498908334524284,2.549541723931541,2.5482868616298804,2.5443118000689244,2.5332469946253466,2.5062157241656546,2.4481826760663523,2.338180272413296,2.1524087040534496,1.8684620793079323
623.0,2.5499999999998355,2.549999999999549,2.549999999996468,2.5499999999685166,2.5499999997251326,2.549999997735831,2.549999982694329,2.549999878520094,2.5499992226695825,2.549995493263475,2.5499764486176293,2.5498895720933437,2.5495372968700862,2.5482733059989435,2.5442758171978093,2.5331646804505246,2.50605428383726,2.4479123935433917,2.3377956582804655,2.1519465947032095,1.868000076586333
624.0,2.549999999999832,2.549999999999535,2.549999999996351,2.5499999999675556,2.5499999997174774,2.5499999976786514,2.549999982300933,2.5499998760550784,2.5499992087238996,2.5499954225605075,2.5499761296063004,2.5498882996259176,2.5495328392352437,2.548259680390225,2.5442397049906655,2.5330821832911274,2.5058926709874023,2.447642070848429,2.337411246078995,2.1514849210283393,1.8675385728162472
625.0,2.5499999999998284,2.549999999999518,2.549999999996231,2.5499999999665692,2.5499999997096294,2.5499999976201777,2.5499999818996377,2.549999873546633,2.549999194565593,2.5499953509401916,2.5499758071450125,2.549887015987132,2.5495283509149176,2.5482459846790024,2.5442034634465274,2.532999503464119,2.5057308862793573,2.447371708616852,2.3370270357964116,2.151023682102781,1.8670775668253803
626.0,2.549999999999825,2.5499999999995,2.549999999996107,2.549999999965555,2.5499999997015843,2.5499999975603855,2.5499999814903056,2.549999870994115,2.5499991801920396,2.5499952783933524,2.5499754812069586,2.5498857211138723,2.549523831797157,2.5482322187412567,2.544167092565553,2.532916641286814,2.5055689303745083,2.4471013074805734,2.336643027418635,2.1505628770036562,1.8666170574426868
627.0,2.5499999999998213,2.5499999999994825,2.5499999999959786,2.549999999964512,2.5499999996933362,2.5499999974992478,2.549999981072799,2.5499998683968776,2.549999165600593,2.5499952049107546,2.5499751517652243,2.549884414942929,2.5495192817701575,2.5482183824536695,2.5441305923490134,2.5328335970768676,2.505406803932353,2.446830868068052,2.336259220929993,2.1501025048112745,1.8661570434985515
628.0,2.5499999999998177,2.5499999999994647,2.5499999999958467,2.549999999963441,2.549999999684882,2.5499999974367378,2.549999980646977,2.549999865754265,2.5499991507885826,2.549995130483103,2.5499748187927858,2.5498830974109974,2.549514700722266,2.548204475693627,2.5440939627992925,2.532750371152272,2.5052445076105005,2.4465603910043088,2.3358756163132335,2.14964256460914,1.865697523824958
629.0,2.549999999999811,2.549999999999447,2.549999999995711,2.5499999999623393,2.549999999676217,2.549999997372829,2.5499999802126987,2.5499998630656115,2.5499991357533136,2.5499950551010433,2.549974482262512,2.5498817684546817,2.549510088541978,2.5481904983392147,2.544057203919878,2.5326669638313435,2.505082042064679,2.4462898769109476,2.3354922135495415,2.1491830554839555,1.865238497255646
630.0,2.549999999999804,2.549999999999429,2.549999999995571,2.5499999999612077,2.5499999996673357,2.5499999973074936,2.5499999797698187,2.5499998603302476,2.549999120492069,2.5499949787551586,2.549974142147163,2.5498804280104936,2.5495054451179437,2.5481764502692226,2.544020315715354,2.532583375432714,2.504919407948734,2.4460193264061747,2.3351090126185543,2.148723976525626,1.8647799626262562
631.0,2.549999999999797,2.54999999999941,2.5499999999954266,2.5499999999600447,2.549999999658233,2.5499999972407035,2.5499999793181907,2.5499998575474936,2.549999105002105,2.5499949014359737,2.5499737984193933,2.5498790760148546,2.5495007703389687,2.5481623313631396,2.5439832981913972,2.5324996062753242,2.504756605914634,2.4457487401048144,2.334726013498374,2.1482653268272567,1.86432191877447
632.0,2.5499999999997898,2.5499999999993888,2.5499999999952783,2.54999999995885,2.5499999996489064,2.5499999971724305,2.549999978857666,2.549999854716663,2.5499990892806546,2.5499948231339515,2.5499734510517484,2.549877712404096,2.549496064094013,2.548148141501157,2.543946151354771,2.532415656678415,2.5045936366124693,2.445478118618331,2.3343432161655846,2.14780710548515,1.8638643645401336
633.0,2.5499999999997827,2.5499999999993674,2.549999999995125,2.5499999999576226,2.5499999996393483,2.5499999971026464,2.549999978388096,2.5499998518370623,2.5499990733249267,2.549994743839495,2.549973100016668,2.549876337114462,2.549491326272198,2.548133880564167,2.543908875213316,2.5323315269615194,2.5044305006904564,2.4452074625548446,2.333960620595266,2.147349311598805,1.8634072987653771
634.0,2.5499999999997756,2.549999999999346,2.5499999999949674,2.5499999999563614,2.549999999629555,2.549999997031321,2.549999977909326,2.549999848907988,2.549999057132105,2.5499946635429462,2.549972745286483,2.54987495008211,2.549486556762803,2.5481195484337604,2.5438714697759495,2.5322472174444517,2.5042671987949414,2.44493677251915,2.333578226761009,2.1468919442709082,1.8629507202947266
635.0,2.5499999999997685,2.549999999999325,2.5499999999948053,2.549999999955066,2.54999999961952,2.549999996958425,2.549999977421201,2.5499998459287307,2.54999904069935,2.5499945822345857,2.549972386833421,2.549873551243111,2.549481755455269,2.5481051449922303,2.5438339350526538,2.532162728447302,2.5041037315704027,2.4446660491127354,2.3331960346349288,2.1464350026073293,1.8624946279752035
636.0,2.5499999999997613,2.549999999999302,2.5499999999946383,2.5499999999537355,2.54999999960924,2.5499999968839275,2.5499999769235657,2.5499998428985715,2.549999024023794,2.549994499904635,2.5499720246296023,2.5498721405334512,2.549476922239205,2.548090670122568,2.543796271054474,2.5320780602904267,2.5039400996594505,2.4443952929338004,2.332814044187682,2.1459784857171114,1.8620390206564226
637.0,2.5499999999997542,2.5499999999992773,2.549999999994466,2.549999999952369,2.549999999598708,2.549999996807798,2.549999976416261,2.5499998398167842,2.549999007102548,2.5499944165432527,2.5499716586470402,2.5498707178890343,2.5494720570043805,2.5480761237084644,2.543758477793512,2.531993213294442,2.503776303702832,2.4441245045772737,2.3324322553884795,2.145522392712461,1.8615838971906784
638.0,2.549999999999747,2.5499999999992524,2.549999999994289,2.5499999999509657,2.5499999995879192,2.5499999967300058,2.5499999758991247,2.5499998366826344,2.549998989932697,2.549994332140538,2.549971288857644,2.549869283245682,2.5494671596407357,2.5480615056343083,2.5437205552829156,2.531908187780214,2.5036123443394334,2.4438536846348304,2.332050668205102,2.145066722708738,1.8611292564330293
639.0,2.54999999999974,2.5499999999992276,2.5499999999941063,2.5499999999495246,2.549999999576868,2.5499999966505182,2.5499999753719944,2.54999983349538,2.5499989725112995,2.5499942466865275,2.5499709152332164,2.549867836539136,2.5494622300383796,2.548046815785187,2.5436825035368793,2.531822984068851,2.5034482222062833,2.4435828336949115,2.3316692826039143,2.1446114748244467,1.8606750972413713
640.0,2.549999999999733,2.5499999999992027,2.5499999999939185,2.549999999948045,2.549999999565549,2.549999996569303,2.549999974834704,2.54999983025427,2.5499989548353903,2.5499941601711975,2.5499705377454562,2.5498663777050563,2.5494572680875898,2.5480320540468875,2.543644322570634,2.5317376024816953,2.5032839379385554,2.443311952342738,2.3312880985498814,2.14415664818122,1.86022141847651
641.0,2.549999999999726,2.549999999999175,2.549999999993725,2.5499999999465253,2.549999999553956,2.5499999964863282,2.5499999742870862,2.549999826958546,2.549998936901978,2.5499940725844636,2.5499701563659576,2.549864906679024,2.54945227367882,2.548017220305892,2.543606012400444,2.531652043340319,2.503119492169569,2.4430410411603343,2.3309071160065815,2.1437022419038074,1.8597682190022256
642.0,2.5499999999997187,2.5499999999991467,2.5499999999935254,2.549999999944965,2.549999999542083,2.5499999964015587,2.54999997372897,2.5499998236074397,2.5499989187080465,2.5499939839161776,2.54996977106621,2.549863423396545,2.5494472467026954,2.5480023144493797,2.5435675730435965,2.531566306966512,2.502954885530794,2.4427701007265377,2.3305263349362204,2.143248255120064,1.8593154976853326
643.0,2.5499999999997107,2.5499999999991183,2.5499999999933207,2.549999999943363,2.5499999995299243,2.549999996314962,2.549999973160184,2.549999820200176,2.549998900250553,2.549993894156133,2.549969381817599,2.5498619277930477,2.5494421870500177,2.547987336365227,2.5435290045184007,2.5314803936822745,2.5027901186518533,2.442499131617024,2.3301457552996485,2.142794686960931,1.8588632533957363
644.0,2.5499999999997,2.54999999999909,2.54999999999311,2.549999999941718,2.549999999517474,2.549999996226504,2.5499999725805536,2.54999981673597,2.549998881526431,2.5499938032940586,2.549968988591406,2.549860419803885,2.5494370946117657,2.5479722859420035,2.543490306844178,2.5313943038098135,2.5026251921605263,2.4422281344043193,2.3297653770563724,2.1423415365604255,1.8584114850064837
645.0,2.5499999999996894,2.549999999999059,2.5499999999928926,2.54999999994003,2.5499999995047253,2.549999996136149,2.549999971989901,2.5499998132140305,2.549998862532585,2.549993711319625,2.5499685913588093,2.549858899364337,2.5494319692790994,2.5479571630689763,2.5434514800412593,2.531308037671531,2.5024601066827517,2.441957109657819,2.3293852001645696,2.1418888030556253,1.8579601913938106
646.0,2.5499999999996787,2.549999999999027,2.5499999999926692,2.5499999999382976,2.5499999994916727,2.5499999960438613,2.5499999713880475,2.549999809633554,2.5499988432658958,2.5499936182224383,2.5499681900908833,2.5498573664096114,2.5494268109433573,2.5479419676361066,2.543412524130977,2.531221595590018,2.5022948628426267,2.441686057943803,2.3290052245811053,2.1414364855866497,1.8575093714371849
647.0,2.549999999999668,2.549999999998995,2.549999999992439,2.5499999999365195,2.549999999478309,2.549999995949605,2.54999997077481,2.5499998059937314,2.549998823723218,2.5499935239920424,2.5499677847586018,2.5498558208748436,2.5494216194960613,2.547926699534049,2.54337343913566,2.531134977888047,2.502129461262416,2.441414979825456,2.328625450261543,2.1409845832966474,1.8570590240193467
648.0,2.5499999999996574,2.5499999999989624,2.549999999992203,2.549999999934694,2.549999999464627,2.549999995853344,2.549999970150005,2.549999802293745,2.5499988039013806,2.5499934286179227,2.5499673753328342,2.5498542626950984,2.5494163948289184,2.547911358654151,2.543334225078627,2.5310481848885664,2.50196390256255,2.441143875862881,2.328245877160161,2.140533095331779,1.8566091480263451
649.0,2.5499999999996468,2.549999999998927,2.5499999999919596,2.549999999932821,2.549999999450621,2.549999995755039,2.5499999695134465,2.5499997985327663,2.5499987837971845,2.5499933320895,2.549966961784348,2.549852691805373,2.5494111368338195,2.547895944888452,2.543294881984182,2.5309612169146893,2.5017981873616315,2.44087274661312,2.3278665052299665,2.140082020841199,1.8561597423475706
650.0,2.549999999999636,2.5499999999988914,2.549999999991709,2.549999999930899,2.549999999436284,2.5499999956546544,2.5499999688649457,2.5499997947099593,2.5499987634074057,2.549993234396134,2.549966544083808,2.549851108140596,2.5494058454028456,2.5478804581296854,2.543255409877607,2.53087407428969,2.501632316276435,2.4406015926301645,2.32748733442271,2.1396313589770437,1.8557108058757856
651.0,2.5499999999996255,2.549999999998856,2.5499999999914515,2.549999999928927,2.549999999421608,2.549999995552151,2.5499999682043097,2.549999790824479,2.5499987427287927,2.5499931355271217,2.5499661222017806,2.5498495116356272,2.549400520428262,2.547864898271275,2.5432158087851575,2.530786757336996,2.501466289921913,2.4403304144649773,2.3271083646888964,2.139181108894409,1.855262337507152
652.0,2.549999999999615,2.5499999999988168,2.5499999999911864,2.5499999999269036,2.549999999406588,2.5499999954474895,2.549999967531346,2.5499997868754707,2.549998721758068,2.5499930354717004,2.5499656961087274,2.549847902225264,2.549395161802528,2.5478492652073323,2.543176078734057,2.5306992663801813,2.5013001089111966,2.440059212665509,2.326729595977801,2.1387312697513394,1.8548143361412568
653.0,2.5499999999996015,2.5499999999987777,2.5499999999909138,2.5499999999248275,2.5499999993912152,2.54999999534063,2.549999966845856,2.549999782862071,2.549998700491927,2.5499929342190413,2.5499652657750116,2.5498462798442376,2.5493897694182928,2.5478335588326617,2.543136219752489,2.530611601742956,2.5011337738556016,2.4397879877767106,2.326351028237483,2.1382818407088062,1.8543668006811331
654.0,2.5499999999995873,2.5499999999987386,2.5499999999906335,2.5499999999226977,2.5499999993754834,2.5499999952315324,2.549999966147643,2.549999778783408,2.5499986789270404,2.549992831758257,2.5499648311708953,2.5498446444272163,2.549384343168401,2.547817779042755,2.543096231869593,2.530523763749164,2.5009672853646276,2.4395167403405513,2.3259726614147986,2.1378328209306945,1.8539197300332813
655.0,2.549999999999573,2.549999999998696,2.5499999999903453,2.5499999999205127,2.5499999993593843,2.549999995120156,2.5499999654365033,2.5499997746386014,2.549998657060048,2.5499927280783963,2.549964392266539,2.5498429959088065,2.54937888294589,2.5478019257337934,2.543056115115459,2.530435752722775,2.5008006440459645,2.4392454708960374,2.325594495455416,2.137384209583783,1.8534731231076866
656.0,2.549999999999559,2.5499999999986533,2.549999999990049,2.549999999918271,2.5499999993429103,2.5499999950064596,2.549999964712234,2.5499997704267585,2.549998634887567,2.5499926231684444,2.549963949032005,2.5498413342235535,2.5493733886439953,2.5477859988026443,2.54301586952112,2.530347568987874,2.5006338505054946,2.438974179979226,2.3252165303038246,2.1369360058377302,1.8530269788178357
657.0,2.5499999999995446,2.54999999999861,2.549999999989744,2.5499999999159724,2.549999999326054,2.5499999948904004,2.549999963974627,2.54999976614698,2.549998612406183,2.5499925170173268,2.5499635014372557,2.5498396593059427,2.5493678601561496,2.5477699981468622,2.542975495118549,2.5302592128686587,2.5004669053472957,2.4387028681232397,2.324838765903354,2.1364882088650545,1.8525812960807286
658.0,2.5499999999995304,2.5499999999985636,2.549999999989431,2.5499999999136143,2.549999999308808,2.549999994771936,2.5499999632234727,2.5499997617983574,2.549998589612458,2.5499924096139046,2.549963049452154,2.549837971090402,2.5493622973759846,2.5477539236646867,2.5429349919406516,2.530170684689433,2.500299809173645,2.4384315358582858,2.3244612021961824,2.13604081784112,1.8521360738168937
659.0,2.549999999999516,2.5499999999985175,2.5499999999891085,2.549999999911196,2.5499999992911633,2.5499999946510234,2.5499999624585588,2.549999757379972,2.5499985665029254,2.549992300946978,2.5499625930464638,2.5498362695113013,2.549356700197334,2.5477377752550434,2.542894360021259,2.5300819847745974,2.500132562585021,2.4381601837116684,2.3240838391233516,2.1355938319441186,1.8516913109503965
660.0,2.549999999999502,2.5499999999984686,2.5499999999887777,2.549999999908716,2.5499999992731115,2.549999994527617,2.549999961679671,2.549999752890895,2.5499985430740906,2.5499921910052827,2.549962132189852,2.5498345545029535,2.5493510685142327,2.54772155281754,2.542853599395125,2.529993113448643,2.4999651661801074,2.4378888122078086,2.323706676624781,2.135147250355052,1.8512470064088489
661.0,2.5499999999994847,2.549999999998419,2.549999999988437,2.549999999906173,2.549999999254645,2.5499999944016727,2.549999960886592,2.5499997483301886,2.549998519322432,2.5499920797774935,2.5499616668518863,2.549832825999616,2.5493454022209194,2.5477052562524705,2.5428127100979196,2.5299040710361487,2.4997976205557975,2.437617421868256,2.3233297146392773,2.1347010722577306,1.8508031600538697
662.0,2.549999999999467,2.549999999998368,2.549999999988087,2.5499999999035654,2.549999999235756,2.5499999942731453,2.5499999600790995,2.5499997436969064,2.5499984952444,2.5499919672522218,2.5499611970020366,2.549831083935495,2.5493397012118386,2.547688885460808,2.5427716921662227,2.5298148578617696,2.499629926307197,2.4373460132117066,2.3229529531045503,2.134255296838988,1.8503597719676514
663.0,2.549999999999449,2.5499999999983145,2.5499999999877274,2.549999999900892,2.549999999216435,2.549999994141989,2.5499999592569726,2.5499997389900915,2.5499984708364174,2.549991853418016,2.5499607226096765,2.5498293282447415,2.5493339653816407,2.5476724403442095,2.5427305456375184,2.5297254742502333,2.499462084027626,2.437074586754019,2.3225763919572233,2.133809923288994,1.8499168410133395
664.0,2.5499999999994314,2.5499999999982608,2.5499999999873575,2.5499999998981506,2.549999999196673,2.5499999940081555,2.549999958419984,2.549999734208776,2.5499984460948792,2.5499917382633632,2.549960243644081,2.5498275588614554,2.5493281946251836,2.5476559208050107,2.542689270550191,2.529635920526334,2.4992940943086235,2.436803143008226,2.322200031132847,2.1333649508012225,1.8494743660616058
665.0,2.5499999999994136,2.549999999998204,2.5499999999869774,2.5499999998953404,2.5499999991764617,2.549999993871599,2.5499999575679047,2.5499997293519856,2.5499984210161526,2.5499916217766865,2.5499597600744286,2.549825775719687,2.5493223888375356,2.5476393267462276,2.5426478669435166,2.5295461970149264,2.4991259577399516,2.436531682484554,2.3218238705659116,2.1329203785723756,1.8490323459904205
666.0,2.549999999999396,2.549999999998147,2.5499999999865866,2.549999999892459,2.5499999991557916,2.5499999937322695,2.5499999567005034,2.549999724418733,2.5499983955965764,2.5499915039463468,2.549959271869803,2.5498239787534365,2.5493165479139757,2.547622658071555,2.542606334857661,2.529456304040917,2.498957674909598,2.4362602056904383,2.3214479101898604,2.1324762058023086,1.8485907796848366
667.0,2.5499999999993754,2.5499999999980867,2.549999999986185,2.549999999889506,2.549999999134654,2.54999999359012,2.5499999558175452,2.5499997194080217,2.5499983698324606,2.5499913847606415,2.549958778999192,2.549822167896655,2.549310671749993,2.5476059146853647,2.5425646743336707,2.5293662419292606,2.498789246403778,2.4359887131305333,2.3210721499371014,2.132032431693961,1.8481496660367844
668.0,2.549999999999354,2.5499999999980263,2.5499999999857725,2.549999999886479,2.549999999113038,2.5499999934451,2.549999954918792,2.5499997143188464,2.5499983437200884,2.549991264207806,2.5499582814314854,2.549820343083249,2.5493047602412924,2.5475890964927057,2.542522885413472,2.5292760110049524,2.498620672806941,2.435717205306733,2.3206965897390197,2.1315890554532944,1.8477090039448807
669.0,2.549999999999333,2.5499999999979623,2.549999999985349,2.5499999998833762,2.5499999990909363,2.549999993297159,2.549999954004005,2.5499997091501907,2.5499983172557132,2.549991142276012,2.54995777913548,2.549818504247077,2.5492988132837913,2.5475722033993025,2.5424809681398575,2.5291856115930225,2.498451954701773,2.435445682718184,2.3203212295259927,2.1311460762892294,1.8472687923142452
670.0,2.5499999999993115,2.549999999997898,2.5499999999849132,2.5499999998801965,2.549999999068338,2.5499999931462454,2.5499999530729385,2.5499997039010287,2.5499982904355614,2.5499910189533703,2.5499572720798787,2.549816651321955,2.549292830773624,2.547555235311554,2.5424389225564905,2.5290950440185322,2.4982830926691975,2.435174145861301,2.3199460692274005,2.130703493413595,1.8468290300563324
671.0,2.54999999999929,2.5499999999978304,2.549999999984466,2.5499999998769374,2.5499999990452342,2.549999992992308,2.549999952125348,2.549999698570324,2.549998263255829,2.5499908942279257,2.549956760233286,2.5498147842416516,2.549286812607143,2.5475381921365328,2.542396748707892,2.5290043086065643,2.498114087288383,2.4349025952297794,2.3195711087716377,2.1302613060410707,1.8463897160887666
672.0,2.549999999999267,2.5499999999977616,2.5499999999840064,2.549999999873598,2.549999999021613,2.5499999928352928,2.549999951160983,2.549999693157029,2.5499982357126845,2.5499907680876626,2.5499562435642185,2.5498129029398973,2.5492807586809176,2.5475210737819847,2.5423544466394388,2.5289134056822196,2.4979449391367425,2.4346310313146113,2.3191963480861273,2.1298195133891435,1.845950849335192
673.0,2.549999999999242,2.5499999999976906,2.5499999999835343,2.549999999870175,2.5499999989974658,2.549999992675147,2.549999950179592,2.549999687660087,2.5499982078022674,2.5499906405205013,2.549955722041093,2.549811007350378,2.549274668891738,2.5475038801563263,2.5423120163973585,2.52882233557061,2.497775648789942,2.434359454604105,2.3188217870973338,2.1293781146780595,1.845512428725126
674.0,2.5499999999992173,2.5499999999976173,2.5499999999830494,2.5499999998666687,2.549999998972782,2.549999992511817,2.5499999491809184,2.549999682078432,2.5499981795206876,2.549990511514299,2.5499551956322373,2.549809097406742,2.549268543136615,2.547486611168645,2.542269458028721,2.528731098596853,2.4976062168218993,2.4340878655838907,2.318447425730771,2.1289371091307814,1.8450744531938232
675.0,2.5499999999991925,2.5499999999975427,2.5499999999825516,2.549999999863075,2.5499999989475506,2.549999992345247,2.549999948164704,2.5499996764109847,2.549998150864028,2.5499903810568507,2.549954664305884,2.5498071730425966,2.549262381312781,2.5474692667286973,2.5422267715814355,2.5286396950860692,2.497436643804789,2.4338162647369406,2.31807326391102,2.12849649597295,1.8446369216821457
676.0,2.5499999999991676,2.5499999999974645,2.54999999998204,2.5499999998593945,2.5499999989217605,2.5499999921753815,2.5499999471306887,2.549999670656659,2.54999812182834,2.549990249135887,2.549954128030175,2.549805234191511,2.5492561833176937,2.5474518467469087,2.5421839571042457,2.5285481253633697,2.497266930309047,2.433544652543584,2.317699301561736,2.1280562744328475,1.8441998331364415
677.0,2.5499999999991396,2.5499999999973846,2.549999999981514,2.5499999998556238,2.5499999988954016,2.5499999920021637,2.549999946078605,2.5499996648143544,2.5499980924096466,2.5499901157390767,2.5499535867731575,2.5498032807870197,2.549249949049035,2.5474343511343704,2.5421410146467225,2.528456389753857,2.497097076903376,2.433273029481518,2.317325538605662,2.1276164437413603,1.843763186508428
678.0,2.549999999999111,2.549999999997303,2.549999999980974,2.5499999998517606,2.5499999988684623,2.549999991825536,2.549999945008186,2.549999658882963,2.549998062603942,2.5499899808540256,2.549953040502791,2.5498013127626202,2.5492436784047108,2.5474167798028415,2.5420979442592584,2.5283644885826173,2.4969270841547444,2.4330013960258263,2.31695197496464,2.127177003131948,1.843326980755082
679.0,2.549999999999083,2.5499999999972176,2.54999999998042,2.549999999847804,2.5499999988409305,2.5499999916454406,2.5499999439191603,2.549999652861364,2.5499980324071916,2.549989844468275,2.5499524891869405,2.549799330051775,2.549237371282856,2.547399132664745,2.542054745993065,2.528272422174712,2.496756952628393,2.4327297526489895,2.3165786105596218,2.1267379518406138,1.8428912148385352
680.0,2.5499999999990544,2.5499999999971306,2.5499999999798515,2.5499999998437506,2.5499999988127975,2.5499999914618185,2.549999942811253,2.549999646748428,2.5499980018153297,2.5499897065693053,2.549951932793381,2.5497973325879135,2.5492310275818335,2.547381409633168,2.5420114199001653,2.5281801908551786,2.4965866828878385,2.4324580998209004,2.3162054453106804,2.1262992891058707,1.8424558877259751
681.0,2.549999999999023,2.5499999999970413,2.549999999979268,2.5499999998395992,2.5499999987840485,2.5499999912746087,2.549999941684187,2.549999640543011,2.5499979708242613,2.5499895671445314,2.5499513712897968,2.549795320304434,2.549224647200236,2.5473636106218605,2.5419679660333903,2.5280877949490193,2.4964162754948767,2.4321864380088805,2.315832479137023,2.1258610141687204,1.8420209983895517
682.0,2.549999999998991,2.549999999996949,2.549999999978669,2.549999999835348,2.5499999987546733,2.549999991083751,2.549999940537681,2.549999634243963,2.549997939429863,2.5499894261813068,2.5499508046437835,2.5497932931347025,2.5492182300368853,2.5473457355452336,2.541924384446369,2.527995234781198,2.4962457310095854,2.43191476767769,2.3154597119569966,2.1254231262726253,1.8415865458062877
683.0,2.549999999998959,2.549999999996854,2.549999999978054,2.549999999830994,2.5499999987246595,2.549999990889184,2.549999939371451,2.5499996278501196,2.5499979076279806,2.5499892836669207,2.5499502328228454,2.5497912510120537,2.5492117759908366,2.547327784318359,2.5418806751935312,2.5279025106766375,2.4960750499903313,2.4316430892895458,2.3150871436881064,2.124985624663481,1.8411525289579933
684.0,2.549999999998926,2.549999999996756,2.5499999999774223,2.5499999998265355,2.549999998693995,2.549999990690845,2.5499999381852088,2.549999621360307,2.5499978754144306,2.5499891395886007,2.5499496557943986,2.549789193869796,2.5492052849613773,2.547309756856966,2.5418368383300947,2.5278096229602096,2.4959042329937686,2.4313714033041305,2.3147147742470184,2.124548508589598,1.8407189468311858
685.0,2.5499999999988905,2.549999999996656,2.549999999976775,2.5499999998219693,2.549999998662667,2.5499999904886708,2.5499999369786632,2.5499996147733395,2.5499978427849976,2.549988993933509,2.54994907352577,2.5497871216412076,2.5491987568480288,2.547291653077444,2.5417928739120654,2.5277165719567334,2.495733280574847,2.4310997101786116,2.3143426035495738,2.124111777301678,1.8402857984170136
686.0,2.549999999998855,2.549999999996553,2.54999999997611,2.549999999817294,2.549999998630664,2.549999990282596,2.5499999357515195,2.5499996080880205,2.54999780973544,2.5499888466887475,2.5499484859841983,2.5497850342595405,2.5491921915505475,2.5472734728968396,2.541748781996228,2.527623357990969,2.495562193286814,2.430828010367652,2.3139706315107973,2.1236754300527942,1.8398530827111805
687.0,2.5499999999988194,2.549999999996446,2.5499999999754275,2.5499999998125085,2.5499999985979716,2.549999990072557,2.54999993450348,2.5499996013031425,2.549997776261482,2.5499886978413517,2.549947893136834,2.5497829316580227,2.549185588968927,2.547255216232851,2.5417045626401435,2.527529981387612,2.495390971681218,2.4305563043234253,2.3135988580449096,2.1232394660983718,1.8394207987138782
688.0,2.549999999998781,2.5499999999963365,2.549999999974727,2.549999999807608,2.5499999985645774,2.5499999898584864,2.549999933234244,2.5499995944174874,2.54999774235882,2.5499885473782973,2.54994729495074,2.549780813769855,2.549178949003397,2.5472368830038343,2.541660215902144,2.5274364424712887,2.495219616307913,2.4302845924956267,2.313227283065337,2.1228038846961654,1.8389889454297195
689.0,2.5499999999987417,2.5499999999962237,2.549999999974008,2.5499999998025906,2.5499999985304673,2.549999989640317,2.549999931943506,2.549999587429825,2.54999770802312,2.549988395286495,2.549946691392892,2.5497786805282163,2.549172271554426,2.547218473128797,2.5416157418413237,2.5273427415665535,2.4950481277150636,2.43001287533149,2.312855906484716,2.122368685106249,1.8385575218676722
690.0,2.5499999999987026,2.549999999996108,2.5499999999732705,2.5499999997974547,2.549999998495629,2.549999989417982,2.5499999306309578,2.549999580338913,2.5499976732500165,2.5499882415527937,2.549946082430179,2.5497765318662626,2.549165556522721,2.5471999865273993,2.5415711405175414,2.5272488789978795,2.4948765064491436,2.4297411532757978,2.3124847282149106,2.1219338665909944,1.8381265270410019
691.0,2.54999999999866,2.549999999995989,2.549999999972514,2.549999999792197,2.549999998460048,2.5499999891914116,2.5499999292962867,2.5499995731434986,2.549997638035114,2.549988086163977,2.549945468029403,2.5497743677171294,2.549158803809231,2.5471814231199508,2.5415264119914083,2.527154855089656,2.494704753054948,2.4294694267708987,2.3121137481670138,2.1214994284150546,1.8376959599672105
692.0,2.5499999999986174,2.5499999999958662,2.5499999999717375,2.5499999997868157,2.5499999984237114,2.549999988960537,2.5499999279391785,2.5499995658423162,2.5499976023739865,2.549987929106767,2.549944848157282,2.549772188013931,2.549152013315145,2.5471627828274097,2.5414815563242863,2.5270606701661853,2.4945328680755896,2.429197696256716,2.3117429662513627,2.121065369845351,1.837265819667983
693.0,2.5499999999985743,2.54999999999574,2.549999999970941,2.549999999781307,2.5499999983866037,2.549999988725286,2.5499999265593134,2.549999558434091,2.5499975662621766,2.5499877703678213,2.5499442227804474,2.549769992689762,2.549145184941895,2.5471440655713833,2.541436573578282,2.5269663245516756,2.494360852052505,2.4289259621707657,2.3113723823775447,2.1206316901510576,1.836836105169133
694.0,2.549999999998528,2.5499999999956104,2.5499999999701237,2.54999999977567,2.54999999834871,2.549999988485588,2.549999925156369,2.5499995509175357,2.549997529695197,2.549987609933736,2.5499435918654436,2.5497677816777005,2.5491383185911567,2.5471252712741252,2.5413914638162414,2.5268718185702372,2.494188705525461,2.4286542249481657,2.311001996454408,2.120198388603587,1.836406815500553
695.0,2.549999999998482,2.549999999995477,2.5499999999692853,2.5499999997699003,2.5499999983100174,2.54999998824137,2.5499999237300175,2.5499995432913494,2.549997492668529,2.5499874477910454,2.5499429553787345,2.549765554910807,2.5491314141648505,2.5471063998585346,2.5413462271017466,2.5267771525458764,2.4940164290325564,2.428382485021651,2.310631808390068,2.1197654644765764,1.8359779496961641
696.0,2.549999999998434,2.5499999999953404,2.5499999999684255,2.549999999763996,2.5499999982705095,2.5499999879925577,2.5499999222799308,2.549999535554222,2.5499974551776243,2.5499872839262174,2.5499423132866954,2.549763312322124,2.5491244715651415,2.547087451248154,2.5413008634991083,2.5266823268024936,2.4938440231102232,2.428110742821585,2.3102618180919188,2.119332917045876,1.8355495067938685
697.0,2.5499999999983842,2.5499999999951997,2.549999999967544,2.5499999997579543,2.549999998230173,2.5499999877390755,2.549999920805774,2.5499995277048293,2.549997417217902,2.5499871183256593,2.5499416655556217,2.549761053844683,2.549117490694441,2.547068425367169,2.541255373073363,2.526587341663877,2.493671488293236,2.427838998775976,2.309892025466639,2.118900745589536,1.8351214858355067
698.0,2.549999999998334,2.549999999995055,2.5499999999666394,2.549999999751771,2.5499999981889907,2.5499999874808497,2.54999991930721,2.5499995197418373,2.5499973787847496,2.549986950975714,2.549941012151723,2.5497587794115004,2.5491104714554087,2.5470493221404054,2.5412097558902658,2.526492197453697,2.4934988251147123,2.427567253310487,2.3095224304202016,2.118468949387793,1.8346938858668116
699.0,2.5499999999982808,2.549999999994906,2.549999999965712,2.5499999997454452,2.5499999981469483,2.5499999872178023,2.549999917783897,2.5499995116638985,2.5499973398735256,2.549986781862662,2.5499403530411286,2.549756488955577,2.549103413750951,2.5470301414933294,2.541164012016288,2.5263968944955044,2.4933260341061168,2.427295506848449,2.309153032857882,2.1180375277230596,1.8342667059373683
700.0,2.5499999999982275,2.549999999994753,2.549999999964761,2.5499999997389735,2.5499999981040293,2.5499999869498553,2.5499999162354894,2.5499995034696545,2.5499973004795558,2.5499866109727205,2.5499396881898813,2.549754182409905,2.549096317484226,2.547010883352047,2.5411181415186124,2.5263014331127236,2.4931531157972664,2.4270237598108744,2.308783832684268,2.117606479879914,1.833839945100574
701.0,2.549999999998171,2.5499999999945953,2.5499999999637852,2.5499999997323526,2.549999998060218,2.5499999866769305,2.549999914661639,2.549999495157734,2.5499972605981336,2.549986438292045,2.549939017563945,2.5497518597074644,2.5490891825586397,2.5469915476433003,2.5410721444651236,2.5262058136286494,2.4929800707163317,2.426752012616469,2.3084148298032625,2.1171758051450875,1.833413602413598
702.0,2.549999999998114,2.5499999999944336,2.549999999962785,2.549999999725579,2.549999998015498,2.549999986398947,2.5499999130619937,2.549999486726754,2.5499972202245234,2.5499862638067263,2.549938341129201,2.5497495207812273,2.549082008877849,2.5469721342944664,2.5410260209244084,2.5261100363664433,2.4928068993898433,2.426480265681644,2.3080460241180982,2.116745502807454,1.8329876769373454
703.0,2.5499999999980547,2.5499999999942675,2.54999999996176,2.5499999997186493,2.549999997969853,2.5499999861158247,2.549999911436195,2.5499994781753186,2.549997179353955,2.5499860875027944,2.54993765885145,2.549747165564156,2.5490747963457654,2.546952643233557,2.5409797709657487,2.5260141016491255,2.492633602342695,2.4262085194205323,2.30767741553134,2.1163155721580216,1.832562167736421
704.0,2.5499999999979943,2.549999999994097,2.549999999960709,2.5499999997115617,2.549999997923265,2.5499999858274807,2.5499999097838835,2.549999469502021,2.549997137981629,2.5499859093662147,2.549936970696413,2.5497447939892064,2.5490675448665514,2.546933074389218,2.5409333946591164,2.525918009799577,2.492460180098149,2.425936774244996,2.307309003944894,2.1158860124899186,1.8321370738790934
705.0,2.5499999999979313,2.5499999999939216,2.549999999959631,2.549999999704312,2.549999997875718,2.5499999855338333,2.549999908104694,2.54999946070544,2.5499970961027145,2.5499857293828905,2.549936276629727,2.549742405989326,2.549060254344622,2.546913427690725,2.54088689207517,2.525821761140529,2.4922866331778373,2.4256650305646423,2.306940789260017,2.1154568230983886,1.8317123944372633
706.0,2.5499999999978673,2.5499999999937417,2.5499999999585263,2.549999999696897,2.549999997827194,2.549999985234797,2.5499999063982575,2.5499994517841444,2.5499970537123473,2.549985547538662,2.549935576616953,2.549740001497458,2.549052924684649,2.5468937030679863,2.540840263285249,2.5257253559945623,2.4921129621017655,2.425393288786834,2.306572771377324,2.1150280032807776,1.8312881284864284
707.0,2.5499999999978007,2.549999999993556,2.549999999957395,2.549999999689312,2.5499999977776753,2.549999984930287,2.5499999046642023,2.5499994427366888,2.5499970108056313,2.549985363819307,2.5499348706235714,2.5497375804465423,2.549045555791558,2.5468739004515366,2.540793508361369,2.5256287946841027,2.4919391673883213,2.4251215493167013,2.306204950196792,2.114599552336524,1.8308642751056534
708.0,2.549999999997733,2.549999999993366,2.549999999956235,2.549999999681556,2.5499999977271446,2.549999984620217,2.549999902902152,2.5499994335616156,2.54999696737764,2.549985178210541,2.5499341586149833,2.549735142769514,2.549038147570532,2.54685401977254,2.5407466273762163,2.525532077531416,2.4917652495542733,2.424849812557157,2.30583732561777,2.1141714695671525,1.8304408333775402
709.0,2.549999999997662,2.54999999999317,2.5499999999550456,2.5499999996736245,2.5499999976755827,2.5499999843044985,2.549999901111723,2.5499994242574546,2.549996923423413,2.549984990698016,2.5499334405565133,2.5497326883993066,2.5490306999270116,2.546834060962783,2.5406996204031445,2.525435204858606,2.4915912091147763,2.424578078908907,2.305469897538987,2.1137437542762623,1.830017802388196
710.0,2.54999999999759,2.5499999999929694,2.549999999953825,2.549999999665514,2.5499999976229715,2.5499999839830436,2.549999899292533,2.5499994148227234,2.54999687893796,2.5499848012673207,2.5499327164134042,2.549730217268852,2.549023212766693,2.5468140239546813,2.5406524875161676,2.5253381769876064,2.491417046583377,2.424306348770459,2.305102665858557,2.113316405769519,1.8295951812272058
711.0,2.5499999999975156,2.549999999992763,2.549999999952576,2.5499999996572202,2.549999997569293,2.5499999836557623,2.549999897444192,2.5499994052559263,2.549996833916256,2.5499846099039836,2.549931986150825,2.5497277293110825,2.549015685995532,2.54679390868127,2.5406052287899596,2.52524099424018,2.4912427624720177,2.42403462253814,2.3047356304739863,2.112889423354648,1.8291729689876042
712.0,2.5499999999974388,2.549999999992551,2.5499999999512952,2.549999999648741,2.5499999975145275,2.5499999833225635,2.5499998955663075,2.549999395555555,2.5499967883532446,2.5499844165934693,2.549931249733865,2.5497252244589297,2.5490081195197454,2.5467737150762058,2.540557844299844,2.5251436569379164,2.491068357291038,2.423762900606106,2.3043687912821817,2.1124628063414215,1.828751164765849
713.0,2.5499999999973606,2.549999999992333,2.549999999949983,2.5499999996400713,2.5499999974586562,2.5499999829833544,2.549999893658481,2.5499993857200884,2.5499967422438385,2.5499842213211785,2.5499305071275384,2.5497227026453286,2.549000513245808,2.546753443073767,2.540510334121795,2.525046165402223,2.490893831549181,2.4234911833663526,2.304002148179458,2.1120365540416555,1.8283297676617933
714.0,2.549999999997279,2.5499999999921097,2.5499999999486382,2.5499999996312077,2.5499999974016587,2.5499999826380413,2.549999891720312,2.5499993757479924,2.5499966955829163,2.5499840240724523,2.5499297582967837,2.5497201638032165,2.5489928670804574,2.5467330926088496,2.5404626983324277,2.5249485199543265,2.4907191857535964,2.4232194712087285,2.3036357010615403,2.1116106657691964,1.827908776778661
715.0,2.5499999999971954,2.54999999999188,2.5499999999472602,2.5499999996221465,2.549999997343515,2.549999982286531,2.5499998897513936,2.54999936563772,2.5499966483653242,2.5499838248325664,2.5499290032064623,2.549717607865534,2.548985180930692,2.5467126636169675,2.540414937008997,2.5248507209152646,2.490544420409845,2.422947764520945,2.303269449823576,2.1111851408399174,1.82748819122302
716.0,2.54999999999711,2.5499999999916443,2.5499999999458485,2.549999999612883,2.549999997284205,2.549999981928726,2.549999887751315,2.5499993553877105,2.549996600585878,2.5499836235867375,2.5499282418213602,2.549715034765227,2.548977454703773,2.5466921560342484,2.5403670502293907,2.5247527686058855,2.4903695360219014,2.422676063688591,2.3029033943601385,2.110759978571705,1.8270680101047603
717.0,2.5499999999970213,2.5499999999914023,2.5499999999444025,2.5499999996034135,2.549999997223709,2.5499999815645302,2.549999885719662,2.549999344996393,2.5499965522393566,2.5499834203201175,2.5499274741061906,2.549712444435248,2.548969688307226,2.546671569797436,2.5403190380721274,2.5246546633468423,2.4901945330921595,2.422404369095143,2.3025375345652335,2.1103351782844566,1.8266482325370674
718.0,2.5499999999969307,2.5499999999911536,2.549999999942921,2.549999999593734,2.5499999971620064,2.5499999811938454,2.5499998836560174,2.549999334462179,2.54999650332051,2.5499832150177957,2.5499267000255914,2.5497098368085536,2.548961881648838,2.546650904843884,2.5402709006163486,2.5245564054585903,2.4900194121214363,2.422132681121975,2.3021718703323084,2.10991073930007,1.8262288576364012
719.0,2.5499999999968375,2.5499999999908987,2.549999999941403,2.549999999583841,2.5499999970990745,2.549999980816572,2.549999881559956,2.54999932378347,2.5499964538240545,2.5499830076648005,2.5499259195441257,2.5497072118181117,2.548954034636663,2.5466301611115596,2.540222637941817,2.5244579952613826,2.489844173608975,2.4218610001483727,2.3018064015542543,2.1094866609424345,1.8258098845224722
720.0,2.5499999999967415,2.5499999999906366,2.5499999999398484,2.5499999995737297,2.549999997034893,2.5499999804326086,2.5499998794310503,2.5499993129586516,2.549996403744673,2.549982798246099,2.549925132626284,2.5497045693968965,2.5489461471790187,2.5466093385390387,2.5401742501289126,2.524359433075267,2.48966881805245,2.4215893265515436,2.301441128123415,2.109062942537425,1.8253913123182195
721.0,2.5499999999966425,2.5499999999903675,2.5499999999382554,2.5499999995633953,2.549999996969439,2.5499999800418536,2.5499998772688683,2.549999301986099,2.5499963530770158,2.5499825867465957,2.549924339236484,2.5497019094778928,2.548938219184491,2.5465884370655045,2.5401257372586237,2.524260719220082,2.4894933459479707,2.4213176607066274,2.3010760499315945,2.108639583412909,1.8249731413129218
722.0,2.549999999996541,2.5499999999900913,2.5499999999366247,2.5499999995528344,2.5499999969026916,2.5499999796442028,2.549999875072973,2.549999290864172,2.5499963018157,2.549982373151131,2.54992353933907,2.549699231994096,2.5489302505619325,2.546567456630748,2.5400770994125472,2.524161854015455,2.4893177577900847,2.421046002986708,2.30071116687006,2.1082165828990274,1.8245553720706988
723.0,2.5499999999964365,2.549999999989808,2.5499999999349545,2.549999999542042,2.5499999968346283,2.5499999792395522,2.549999872842924,2.549999279591217,2.549996249955309,2.5499821574444845,2.549922732898316,2.5496965368785136,2.54892224122046,2.546546397175163,2.54002833667288,2.524062837780797,2.4891420540717824,2.420774353762827,2.300346478829549,2.1077939403285915,1.824138003630657
724.0,2.5499999999963294,2.549999999989517,2.5499999999332443,2.5499999995310145,2.5499999967652256,2.5499999788277963,2.549999870578274,2.549999268165567,2.549996197490395,2.5499819396113756,2.5499219198784226,2.549693824064166,2.548914191069462,2.546525258639749,2.5399794491224204,2.523963670835298,2.4889662352845026,2.4205027134039905,2.299981985700279,2.107371655037061,1.8237210350399353
725.0,2.5499999999962193,2.5499999999892187,2.549999999931493,2.549999999519746,2.549999996694461,2.5499999784088274,2.5499998682785736,2.5499992565855423,2.5499961444154735,2.5499817196364605,2.549921100243522,2.5496910934840855,2.548906100018594,2.5465040409661066,2.5399304368445557,2.523864353497926,2.4887903019181334,2.420231082277183,2.2996176873719483,2.1069497263624566,1.8233044653534036
726.0,2.5499999999961056,2.5499999999889122,2.5499999999296987,2.5499999995082328,2.5499999966223097,2.5499999779825364,2.5499998659433674,2.5499992448494484,2.5499960907250308,2.549981497504333,2.5499202739576727,2.5496883450713215,2.5488979679777812,2.546482744096434,2.539881299923266,2.5237648860874238,2.488614254461019,2.4199594607473793,2.2992535837337478,2.1065281536452845,1.8228882936333726
727.0,2.549999999995989,2.5499999999885974,2.549999999927862,2.5499999994964697,2.54999999654875,2.549999977548813,2.5499998635721957,2.549999232955577,2.5499960364135172,2.549981273199527,2.5499194409848642,2.5496855787589374,2.5488897948572187,2.546461367973532,2.5398320384431132,2.5236652689223025,2.488438093399962,2.419687849177552,2.2988896746743634,2.1061069362284646,1.8224725189493265
728.0,2.549999999995869,2.5499999999882745,2.5499999999259817,2.5499999994844527,2.5499999964737565,2.5499999771075474,2.549999861164593,2.549999220902207,2.5499959814753503,2.5499810467065123,2.549918601289018,2.5496827944800144,2.548881580567373,2.5464399125407953,2.5397826524892397,2.523565502320842,2.488261819220228,2.4194162479286865,2.298525960081986,2.105686073457262,1.8220571403776666
729.0,2.549999999995746,2.5499999999879437,2.549999999924057,2.549999999472175,2.549999996397305,2.5499999766586257,2.5499998587200925,2.5499992086876033,2.549995925904915,2.5499808180096992,2.5499177548339844,2.54967999216765,2.5488733250189815,2.546418377742217,2.5397331421473646,2.5234655866010853,2.488085432405551,2.419144657359787,2.298162439844318,2.1052655646792267,1.821642157001473
730.0,2.5499999999956193,2.549999999987604,2.549999999922086,2.549999999459633,2.5499999963193707,2.549999976201934,2.549999856238219,2.549999196310015,2.5499958696965614,2.5499805870934362,2.549916901583546,2.54967717175496,2.548865028123053,2.546396763522383,2.5396835075037774,2.523365522080837,2.487908933438134,2.4188730778278913,2.2977991138485767,2.1048454092441387,1.8212275679102774
731.0,2.549999999995489,2.5499999999872554,2.5499999999200686,2.5499999994468214,2.549999996239928,2.5499999757373573,2.5499998537184942,2.54999918376768,2.549995812844606,2.54998035394201,2.549916041501417,2.5496743331750817,2.548856689790869,2.5463750698264707,2.5396337486453358,2.5232653090776562,2.4877323227986565,2.4186015096880813,2.2974359819815064,2.1044256065039515,1.8208133721998512
732.0,2.5499999999953555,2.5499999999868974,2.5499999999180036,2.549999999433735,2.5499999961589515,2.549999975264778,2.549999851160434,2.5499991710588197,2.5499957553433323,2.549980118539645,2.549915174551244,2.549671476361171,2.548848309933985,2.5463532966002482,2.539583865659459,2.5231649479088607,2.487555600966277,2.41832995329349,2.2970730441293785,2.104006155812748,1.8203995689720025
733.0,2.5499999999952183,2.549999999986531,2.5499999999158898,2.5499999994203693,2.5499999960764166,2.549999974784077,2.54999984856355,2.549999158181644,2.549995697186991,2.5499798808705068,2.5499143006966065,2.549668601246405,2.548839888464229,2.546331443790074,2.539533858634125,2.5230644388915158,2.487378768418639,2.418058408995316,2.296710300178005,2.103587056526694,1.8199861573343887
734.0,2.549999999995077,2.549999999986155,2.549999999913726,2.5499999994067175,2.549999995992296,2.5499999742951363,2.54999984592735,2.5499991451343447,2.549995638369796,2.5499796409186977,2.5499134199010154,2.5496657077639826,2.5488314252937028,2.5463095113428933,2.539483727657866,2.5229637823424365,2.4872018256318706,2.4177868771428326,2.2963477500127416,2.1031683080039985,1.8195731364003356
735.0,2.5499999999949323,2.5499999999857685,2.5499999999115115,2.549999999392775,2.549999995906562,2.5499999737978336,2.549999843251335,2.549999131915104,2.5499955788859303,2.5499793986682606,2.5499125321279177,2.5496627958471274,2.548822920334783,2.5462874992062368,2.539433472819765,2.522862978578182,2.4870247730805928,2.417515358083397,2.295985393518492,2.102749909604874,1.8191605052886688
736.0,2.5499999999947836,2.5499999999853724,2.549999999909245,2.5499999993785356,2.549999995819189,2.5499999732920466,2.5499998405350026,2.5499991185220856,2.5499955187295424,2.5499791541031755,2.549911637340694,2.549659865429088,2.5488143735001243,2.546265407328221,2.539383094209449,2.522762027915055,2.486847611237921,2.4172438521624637,2.2956232305797184,2.102331860691504,1.8187482631235548
737.0,2.5499999999946303,2.549999999984966,2.5499999999069254,2.5499999993639952,2.5499999957301487,2.5499999727776514,2.5499998377778437,2.5499991049534416,2.5499954578947452,2.5499789072073624,2.5499107355026585,2.5496569164431357,2.548805784702653,2.5462432356575446,2.5393325919170886,2.522660930669094,2.486670340575473,2.4169723597235913,2.2952612610804457,2.101914160628009,1.8183364090343477
738.0,2.5499999999944727,2.5499999999845495,2.549999999904552,2.5499999993491467,2.549999995639414,2.5499999722545224,2.5499998349793467,2.549999091207308,2.54999539637562,2.5499786579646804,2.5499098265770614,2.549653948822568,2.5487971538555745,2.5462209841434866,2.539281966033389,2.5225596871560754,2.4864929615633673,2.4167008811084565,2.2948994849042683,2.101496808780415,1.817924942155449
739.0,2.549999999994311,2.5499999999841223,2.549999999902122,2.549999999333985,2.549999995546956,2.549999971722532,2.5499998321389925,2.5499990772818077,2.549995334166211,2.5499784063589286,2.5499089105270896,2.5496509625007096,2.5487884808723695,2.5461986527359053,2.5392312166495916,2.52245829769151,2.486315474670232,2.416429416656859,2.2945379019343553,2.101079804516632,1.8175138616261717
740.0,2.5499999999941454,2.549999999983684,2.549999999899635,2.5499999993185045,2.5499999954527466,2.549999971181551,2.549999829256257,2.5499990631750484,2.5499952712605314,2.5499781523738445,2.549907987315864,2.5496479574109143,2.5487797656667963,2.5461762413852385,2.5391803438574647,2.522356762590637,2.4861378803632044,2.4161579667067383,2.2941765120534576,2.100663147206421,1.8171031665906114
741.0,2.549999999993975,2.549999999983235,2.5499999998970915,2.5499999993026985,2.5499999953567567,2.549999970631449,2.549999826330614,2.5499990488851236,2.5499952076525583,2.5499778959931048,2.549907056906443,2.5496449334865625,2.5487710081528925,2.546153750042499,2.539129347749302,2.522255082168422,2.4859601791079395,2.415886531594179,2.2938153151439136,2.100246836221378,1.8166928561975269
742.0,2.5499999999937994,2.5499999999827745,2.5499999998944904,2.549999999286561,2.5499999952589567,2.549999970072096,2.5499998233615284,2.5499990344101104,2.5499951433362344,2.5499776372003264,2.549906119261823,2.549641890661066,2.548762208244971,2.5461311786592735,2.5390782284179183,2.5221532567395593,2.4857823713686127,2.4156151116534206,2.293454311087654,2.099830870934906,1.8162829296002247
743.0,2.5499999999936196,2.549999999982302,2.5499999998918286,2.5499999992700872,2.5499999951593173,2.5499999695033577,2.5499998203484613,2.5499990197480726,2.5499950783054692,2.549977375979066,2.549905174344937,2.549638828867866,2.548753365857627,2.546108527187723,2.5390269859566446,2.52205128661846,2.485604457607921,2.415343707216872,2.2930934997662074,2.099415250722198,1.8158733859564518
744.0,2.549999999993435,2.5499999999818175,2.549999999889106,2.549999999253269,2.5499999950578074,2.5499999689251,2.5499998172908698,2.5499990048970598,2.549995012554138,2.5499771123128183,2.549904222118655,2.5496357480404357,2.548744480905731,2.54608579558058,2.538975620459325,2.5219491721192564,2.48542643828709,2.415072318615119,2.292732881060707,2.098999974960218,1.8154642244282901
745.0,2.5499999999932452,2.549999999981321,2.5499999998863205,2.5499999992361007,2.549999994954397,2.549999968337185,2.549999814188204,2.5499989898551063,2.5499949460760796,2.5499768461850203,2.5499032625457874,2.5496326481122797,2.5487355533044354,2.546062983791145,2.5389241320203104,2.521846913555797,2.4852483138658803,2.4148009461769315,2.2923724548518964,2.0985850430276836,1.8150554441820625
746.0,2.5499999999930507,2.549999999980812,2.5499999998834713,2.549999999218576,2.5499999948490544,2.5499999677394753,2.549999811039911,2.54999897462023,2.5499948788651,2.5499765775790473,2.5499022955890833,2.5496295290169364,2.548726582969174,2.546040091773288,2.5388725207344582,2.5217445112416446,2.485070084802584,2.414529590229276,2.2920122210201326,2.0981704543050506,1.8146470443882379
747.0,2.5499999999928504,2.5499999999802903,2.549999999880557,2.5499999992006885,2.5499999947417487,2.5499999671318307,2.549999807845428,2.549998959190435,2.54999481091497,2.5499763064782153,2.5499013212112307,2.5496263906879784,2.548717569815659,2.546017119481444,2.538820786697125,2.5216419654900712,2.4848917515540365,2.4142582510973263,2.291652179445393,2.097756208174497,1.814239024221343
748.0,2.5499999999926457,2.5499999999797556,2.5499999998775764,2.549999999182431,2.549999994632447,2.5499999665141115,2.549999804604193,2.549998943563711,2.5499947422194262,2.549976032865779,2.5499003393748576,2.549623233059013,2.548708513759884,2.5459940668706125,2.5387689300041654,2.5215392766140585,2.4847133145756164,2.41398692910447,2.2912923300072796,2.097342304019911,1.8138313828598809
749.0,2.5499999999924348,2.549999999979207,2.5499999998745273,2.5499999991637967,2.5499999945211185,2.549999965886174,2.549999801315634,2.5499989277380326,2.549994672772171,2.549975756724935,2.549899350042532,2.549620056063684,2.5486994147181234,2.545970933896359,2.5387169507519243,2.5214364449262923,2.4845347743212503,2.413715624572324,2.290932672585026,2.0969287412268742,1.8134241194862506
750.0,2.5499999999922185,2.549999999978646,2.54999999987141,2.549999999144779,2.549999994407729,2.5499999652478724,2.549999797979175,2.5499989117113557,2.549994602566871,2.54997547803882,2.549898353176766,2.549616859635669,2.5486902726069345,2.5459477205148064,2.538664849037236,2.521333470739164,2.484356131243417,2.4134443378207346,2.290573207057499,2.0965155191826557,1.8130172332866714
751.0,2.5499999999919964,2.5499999999780703,2.5499999998682212,2.5499999991253706,2.5499999942922464,2.549999964599061,2.549999794594234,2.549998895481626,2.549994531597158,2.5499751967905095,2.549897348740008,2.5496136437086876,2.5486810873431565,2.5459244266826397,2.5386126249574192,2.5212303543647625,2.4841773857931515,2.4131730691677973,2.290213933303206,2.0961026372761964,1.8126107234511117
752.0,2.5499999999917686,2.5499999999774805,2.5499999998649607,2.5499999991055646,2.549999994174636,2.549999963939593,2.5499997911602255,2.549998879046771,2.5499944598566318,2.549974912963021,2.5498963366946517,2.549610408216494,2.548671858843911,2.545901052357101,2.538560278610275,2.521127096114877,2.48399853842005,2.412901818929859,2.289854851200299,2.095690094898099,1.8122045891732204
753.0,2.5499999999915346,2.549999999976876,2.5499999998616265,2.549999999085354,2.5499999940548634,2.549999963269318,2.5499997876765566,2.5499988624047036,2.549994387338853,2.5499746265393126,2.5498953170030334,2.5496071530928837,2.5486625870266018,2.5458775974959886,2.5385078100940777,2.5210236963009915,2.483819589572272,2.412630587421533,2.289495960626579,2.0952778914406207,1.8117988296502618
754.0,2.549999999991295,2.549999999976256,2.5499999998582172,2.5499999990647315,2.5499999939328943,2.5499999625880845,2.5499997841426287,2.549998845553321,2.5499943140373493,2.549974337502282,2.549894289627431,2.549603878271691,2.548653271808917,2.5458540620576553,2.5384552195075774,2.5209201552342835,2.483640539696545,2.4123593749557006,2.2891372614594996,2.094866026297662,1.8113934440830541
755.0,2.5499999999910483,2.549999999975621,2.5499999998547316,2.5499999990436897,2.549999993808694,2.54999996189574,2.549999780557839,2.5499988284905055,2.549994239945615,2.5499740458347686,2.5498932545300668,2.5496005836867934,2.5486439131088283,2.5458304460010077,2.5384025069499914,2.5208164732256195,2.4834613892381707,2.4120881818435302,2.288778753576174,2.0944544988647578,1.8109884316759097
756.0,2.549999999990795,2.5499999999749705,2.5499999998511678,2.549999999022221,2.549999993682226,2.549999961192129,2.5499997769215774,2.549998811214123,2.5499941650571074,2.5499737515195524,2.549892211673106,2.549597269272109,2.5486345108445914,2.5458067492855023,2.5383496725210035,2.5207126505855575,2.4832821386410258,2.41181700839448,2.288420436853377,2.094043308539072,1.8105837916365792
757.0,2.549999999990536,2.549999999974304,2.549999999847524,2.5499999990003173,2.5499999935534556,2.5499999604770953,2.54999977323323,2.549998793722025,2.549994089365249,2.549973454539355,2.54989116101866,2.549593934961597,2.5486250649347446,2.545782971871147,2.538296716320758,2.520608687624338,2.4831027883475683,2.411545854916307,2.288062311167551,2.0936324547193865,1.8101795231761977
758.0,2.5499999999902694,2.549999999973621,2.549999999843799,2.549999998977971,2.5499999934223454,2.5499999597504805,2.5499997694921754,2.549998776012046,2.549994012863428,2.549973154876838,2.5498901025287823,2.549590580689262,2.548615575298113,2.545759113718496,2.538243638449856,2.520504584651888,2.4829233387988405,2.4112747217150807,2.2877043763948075,2.093221936806096,1.8097756255092323
759.0,2.549999999989996,2.5499999999729215,2.5499999998399923,2.5499999989551734,2.549999993288858,2.549999959012124,2.549999765697788,2.549998758082006,2.549993935544997,2.5499728525146055,2.549889036165474,2.549587206389152,2.548606041853806,2.54573517478865,2.538190439009353,2.5204003419778136,2.4827437904344736,2.4110036090951894,2.287346632410934,2.092811754201201,1.8093720978534356
760.0,2.5499999999897156,2.5499999999722047,2.5499999998361003,2.5499999989319178,2.5499999931529564,2.5499999582618638,2.5499997618494348,2.5499987399297073,2.549993857403274,2.549972547435203,2.5498879618906805,2.5495838119953613,2.5485964645212182,2.5457111550432545,2.5381371181007544,2.5202959599114023,2.4825641436926906,2.4107325173593486,2.2869890790913985,2.0924019063083006,1.8089689394297948
761.0,2.549999999989428,2.5499999999714706,2.549999999832122,2.549999998908196,2.549999993014603,2.5499999574995367,2.549999757946478,2.5499987215529396,2.5499937784315407,2.549972239621116,2.549886879666296,2.5495803974420292,2.548586843220029,2.545687054444498,2.538083675826011,2.520191438761615,2.4823843990103125,2.4104614468086103,2.286631716311349,2.091992392532587,1.8085661494624898
762.0,2.549999999989133,2.549999999970719,2.5499999998280556,2.5499999988839988,2.5499999928737576,2.549999956724977,2.5499997539882746,2.5499987029494737,2.5499936986230445,2.5499719290547733,2.5498857894541587,2.549576962663342,2.5485771778702055,2.545662872955109,2.5380301122875166,2.520086778837091,2.482204556822759,2.4101903977423746,2.2862745439456247,2.09158321228084,1.8081637271788498
763.0,2.5499999999888305,2.549999999969949,2.5499999998238994,2.5499999988593185,2.5499999927303825,2.5499999559380178,2.549999749974175,2.5499986841170665,2.5499936179709977,2.5499716157185435,2.5498846912160564,2.5495735075935335,2.5485674683919997,2.5456386105383566,2.5379764275881027,2.5199819804461394,2.4820246175640555,2.4099193704583945,2.285917561868752,2.0911743649614194,1.8077616718093092
764.0,2.5499999999885206,2.5499999999691605,2.5499999998196516,2.5499999988341457,2.549999992584438,2.549999955138489,2.549999745903523,2.5499986650534567,2.5499935364685755,2.549971299594739,2.549883584913723,2.549570032166886,2.54855771470595,2.5456142671580473,2.5379226218310373,2.519877043896741,2.481844581666837,2.4096483652527896,2.2855607699549543,2.0907658499842627,1.8073599825873716
765.0,2.549999999988202,2.5499999999683527,2.5499999998153102,2.5499999988084725,2.5499999924358834,2.5499999543262204,2.549999741775658,2.5499986457563684,2.5499934541089204,2.549970980665614,2.549882470508843,2.549566536317732,2.548547916732883,2.5455898427785235,2.5378686951200184,2.5197719694965435,2.4816644495623494,2.40937738242005,2.2852041680781516,2.090357666760876,1.8069586587495692
766.0,2.5499999999878757,2.549999999967526,2.5499999998108738,2.549999998782289,2.549999992284679,2.549999953501038,2.5499997375899115,2.549998626223511,2.549993370885137,2.5499706589133635,2.549881347963047,2.5495630199804524,2.54853807439391,2.545565337364661,2.5378146475591707,2.5196667575528617,2.481484221680456,2.409106422253046,2.284847756111968,2.089949814704332,1.8065576995354276
767.0,2.549999999987541,2.549999999966679,2.5499999998063405,2.549999998755588,2.549999992130784,2.549999952662767,2.5499997333456106,2.549998606452574,2.549993286790296,2.549970334320126,2.549880217237916,2.5495594830894803,2.5485281876104318,2.5455407508818686,2.537760479253045,2.5195614083726734,2.4813038984496414,2.4088354850430416,2.284491533929734,2.089542293229264,1.80615710418743
768.0,2.549999999987197,2.5499999999658116,2.5499999998017078,2.5499999987283597,2.5499999919741554,2.5499999518112313,2.5499997290420757,2.5499985864412342,2.5499932018174327,2.549970006867981,2.5498790782949814,2.5495559255792997,2.548518256304135,2.5455160832960866,2.5377061903066105,2.5194559222626194,2.481123480297014,2.4085645710796966,2.284135501404486,2.089135101751863,1.8057568719509833
769.0,2.549999999986845,2.5499999999649234,2.5499999997969747,2.5499999987005935,2.5499999918147513,2.5499999509462516,2.5499997246786212,2.5499985661871514,2.5499931159595453,2.5499696765389523,2.5498779310957245,2.5495523473844472,2.548508280396996,2.5454913345737835,2.537651780825254,2.5193502995289996,2.4809429676483106,2.4082936806510804,2.2837796584089776,2.0887282396898685,1.8053570020743868
770.0,2.549999999986484,2.549999999964014,2.549999999792139,2.549999998672282,2.5499999916525296,2.549999950067647,2.5499997202545557,2.549998545687967,2.549993029209598,2.549969343315005,2.5498767756015774,2.5495487484395127,2.548498259811276,2.545466504681956,2.5375972509147755,2.5192445404777715,2.4807623609279026,2.408022814043677,2.2834240048156778,2.0883217064625694,1.8049574938087993
771.0,2.549999999986114,2.549999999963083,2.5499999997871985,2.5499999986434148,2.549999991487446,2.5499999491752345,2.5499997157691805,2.5499985249413073,2.54999294156052,2.549969007178046,2.5498756117739236,2.5495451286791404,2.548488194469527,2.5454415935881256,2.537542600681383,2.5191386454145483,2.4805816605587965,2.407751971542395,2.2830685404967745,2.087915501490795,1.8045583464082096
772.0,2.5499999999857343,2.5499999999621306,2.5499999997821514,2.549999998613983,2.549999991319457,2.5499999482688294,2.549999711221792,2.5499985039447823,2.549992853005202,2.549968668109928,2.5498744395740975,2.5495414880380283,2.5484780842945898,2.545416601260339,2.5374878302316923,2.5190326146445985,2.480400866962639,2.407481153430577,2.2827132653241806,2.0875096241969135,1.8041595591294073
773.0,2.5499999999853453,2.549999999961155,2.5499999997769955,2.549999998583976,2.549999991148518,2.5499999473482458,2.54999970661168,2.5499984826959867,2.5499927635365016,2.549968326092444,2.5498732589633875,2.549537826450932,2.5484679292095915,2.5453915276671655,2.53743293967272,2.518926448472841,2.4802199805597214,2.407210359990005,2.2823581791695355,2.087104074004828,1.8037611312319548
774.0,2.549999999984946,2.5499999999601566,2.549999999771728,2.549999998553384,2.5499999909745856,2.5499999464132945,2.5499997019381277,2.5499984611924957,2.54999267314724,2.549967981107331,2.5498720699030333,2.549534143852661,2.5484577291379495,2.545366372777692,2.537377929111882,2.518820147203846,2.4800390017689855,2.406939591500912,2.2820032819042075,2.086698850339971,1.8033630619781607
775.0,2.549999999984537,2.5499999999591343,2.549999999766349,2.5499999985221966,2.5499999907976125,2.5499999454637843,2.549999697200412,2.549998439431871,2.5499925818302036,2.54996763313627,2.5498708723542283,2.5495304401780836,2.54844748400337,2.545341136561527,2.5373227986569895,2.5187137111418307,2.4798579310080235,2.4066688482419893,2.2816485733993006,2.0862939526293003,1.8029653506330516
776.0,2.5499999999841174,2.5499999999580876,2.549999999760853,2.5499999984904047,2.5499999906175526,2.549999944499523,2.549999692397804,2.5499984174116546,2.5499924895781407,2.5499672821608854,2.549869666278119,2.5495267153621253,2.5484371937298493,2.5453158189887954,2.5372675484162457,2.51860714059066,2.4796767686930856,2.406398130490393,2.281294053525655,2.085889380301295,1.8025679964643493
777.0,2.5499999999836875,2.549999999957017,2.5499999997552396,2.5499999984579964,2.5499999904343595,2.5499999435203153,2.549999687529569,2.549998395129374,2.5499923963837654,2.549966928162743,2.5498684516358083,2.5495229693397707,2.548426858241671,2.5452904200301365,2.537212178498242,2.518500435853841,2.4794955152390803,2.4061274385217555,2.280939722153851,2.085485132785951,1.8021709987424444
778.0,2.549999999983247,2.549999999955921,2.5499999997495064,2.549999998424962,2.549999990247986,2.5499999425259645,2.5499996825949633,2.5499983725825395,2.5499923022397564,2.549966571123355,2.5498672283883517,2.549519202046063,2.5484164774634097,2.545264939656704,2.5371566890119546,2.518393597234528,2.479314171059584,2.405856772610189,2.280585579154212,2.0850812095147795,1.8017743567403726
779.0,2.5499999999827954,2.5499999999547995,2.549999999743651,2.5499999983912907,2.5499999900583843,2.5499999415162717,2.54999967759324,2.549998349768644,2.5499922071387555,2.549966211024176,2.5498659964967603,2.5495154134161058,2.5484060513199296,2.5452393778401645,2.5371010800667406,2.518286625035513,2.4791327365668385,2.4055861330283004,2.2802316243968086,2.0846776099208015,1.8013780697337927
780.0,2.5499999999823326,2.5499999999536516,2.5499999997376714,2.5499999983569728,2.5499999898655052,2.5499999404910354,2.549999672523643,2.5499983266851634,2.5499921110733696,2.549965847846604,2.5498647559220022,2.5495116033850644,2.5483955797363835,2.545213734552693,2.5370453517723366,2.5181795195592263,2.4789512121717583,2.4053155200471905,2.2798778577514613,2.084274333438542,1.800982137000963
781.0,2.549999999981858,2.5499999999524774,2.549999999731565,2.5499999983219954,2.5499999896693004,2.549999939450053,2.5499996673854124,2.549998303329557,2.5499920140361687,2.549965481571983,2.549863506625,2.549507771888165,2.5483850626382165,2.5451880097669743,2.5369895042388504,2.5180722811077376,2.4787695982839355,2.405044933936471,2.2795242790877426,2.0838713795040684,1.8005865610796785
782.0,2.549999999981372,2.549999999951275,2.5499999997253298,2.5499999982863484,2.5499999894697196,2.549999938393118,2.5499996621777785,2.5499982796992664,2.5499919160196876,2.5499651121816,2.549862248566634,2.549503918860695,2.5483744999511626,2.545162203456199,2.5369335375767657,2.517964909982753,2.4785878953116405,2.404774374964265,2.279170888274982,2.08346874755579,1.8001913452719698
783.0,2.549999999980874,2.549999999950044,2.549999999718963,2.5499999982500205,2.5499999892667127,2.549999937320024,2.549999656899968,2.549998255791717,2.549991817016425,2.549964739656686,2.549860981707742,2.549500044238008,2.5483638916012463,2.5451363155940627,2.5368774518969306,2.517857406485611,2.47840610366183,2.404503843397221,2.278817685182269,2.0830664370355683,1.799796488603745
784.0,2.5499999999803635,2.5499999999487843,2.5499999997124614,2.549999998212999,2.5499999890602276,2.5499999362305603,2.5499996515511993,2.549998231604318,2.5499917170188438,2.5499643639784164,2.549859706009118,2.5494961479555185,2.5483532375147813,2.5451103461547655,2.536821247310559,2.517749770917283,2.4782242237401464,2.4042333395005158,2.2784646696784545,2.0826644473886713,1.79940199011696
785.0,2.5499999999798404,2.5499999999474965,2.5499999997058236,2.5499999981752746,2.549999988850213,2.5499999351245157,2.5499996461306846,2.5499982071344593,2.5499916160193696,2.5499639851279134,2.549858421431515,2.549492229948707,2.5483425376183733,2.545084295113008,2.536764923929226,2.517642003578373,2.4780422559509248,2.403962863537865,2.2781118416321586,2.08226277806356,1.799007848868818
786.0,2.5499999999793044,2.54999999994618,2.549999999699047,2.5499999981368333,2.549999988636617,2.5499999340016757,2.5499996406376293,2.5499981823795137,2.549991514010395,2.5499636030862423,2.549857127935646,2.549488290153119,2.548331791838918,2.545058162443989,2.5367084818648635,2.517534104769112,2.4778602006971986,2.4036924157715314,2.2777592009117753,2.0818614285116874,1.7986140639310144
787.0,2.5499999999787555,2.5499999999448324,2.549999999692128,2.5499999980976638,2.549999988419387,2.5499999328618235,2.549999635071232,2.5499981573368395,2.549991410984272,2.549963217834413,2.5498558254821813,2.549484328504365,2.548321000103603,2.5450319481234094,2.536651921229759,2.5174260747893586,2.477678058380697,2.40342199646233,2.277406747385474,2.0814603981873194,1.7982206343890281
788.0,2.549999999978193,2.5499999999434544,2.5499999996850646,2.549999998057754,2.5499999881984694,2.5499999317047406,2.549999629430687,2.5499981320037732,2.549991306933321,2.549962829353381,2.5498545140317512,2.549480344938123,2.5483101623399036,2.5450056521274633,2.5365952421365496,2.5173179139385984,2.477495829401855,2.4031516058696374,2.27705448092121,2.0810596865473636,1.7978275593414559
789.0,2.5499999999776173,2.549999999942045,2.549999999677854,2.5499999980170918,2.549999987973809,2.5499999305302063,2.549999623715176,2.5499981063776374,2.5499912018498243,2.5499624376240475,2.5498531935449478,2.5494763393901394,2.5482992784755893,2.544979274432841,2.5365384446982224,2.517209622515942,2.4773135141598144,2.4028812442514,2.2767024013867285,2.080659293051218,1.7974348378993856
790.0,2.5499999999770275,2.549999999940603,2.5499999996704936,2.5499999979756645,2.549999987745352,2.5499999293379974,2.5499996179238797,2.549998080455738,2.549991095726028,2.5499620426272593,2.549851863982321,2.5494723117962277,2.54828834843872,2.544952815016725,2.5364815290281073,2.5171012008201226,2.47713111305243,2.402610911864141,2.2763505086495677,2.0802592171606333,1.797042469185805
791.0,2.5499999999764236,2.549999999939128,2.5499999996629805,2.5499999979334596,2.5499999875130426,2.549999928127889,2.5499996120559687,2.549998054235359,2.549990988554142,2.549961644343807,2.549850525304384,2.5494682620922693,2.5482773721576453,2.544926273856788,2.5364244952398782,2.5169926491494943,2.4769486264762697,2.402340608962967,2.2759988025770688,2.0798594583395786,1.796650452335049
792.0,2.5499999999758045,2.5499999999376195,2.549999999655312,2.549999997890464,2.5499999872768244,2.5499999268996523,2.549999606110607,2.5499980277137713,2.5499908803263405,2.549961242754429,2.5498491774716108,2.549464190214217,2.5482663495610063,2.544899650931194,2.5363673434475444,2.516883967802032,2.476766054826622,2.4020703358015765,2.27564728303638,2.079460016054129,1.796258786492277
793.0,2.5499999999751704,2.549999999936077,2.5499999996474845,2.5499999978466645,2.5499999870366397,2.5499999256530566,2.549999600086954,2.549998000888225,2.549990771034762,2.549960837839809,2.5498478204444384,2.549460096098093,2.548255280577736,2.544872946218594,2.536310073765452,2.516775157075328,2.4765833984974965,2.401800092632267,2.2752959498944603,2.079060889772357,1.79586747081298
794.0,2.5499999999745206,2.5499999999344998,2.5499999996394958,2.549999997802048,2.549999986792432,2.5499999243878717,2.549999593984159,2.549997973755955,2.549990660671508,2.5499604295805764,2.5498464541832653,2.5494559796799887,2.548244165137059,2.5448461596981238,2.5362526863082784,2.516666217266594,2.476400657881632,2.4015298797059423,2.2749448030180908,2.078662078964233,1.79547650446252
795.0,2.549999999973856,2.5499999999328864,2.549999999631343,2.549999997756601,2.549999986544142,2.5499999231038624,2.5499995878013664,2.5499979463141753,2.5499905492286437,2.5499600179573076,2.549845078648454,2.54945184089607,2.548233003168489,2.5448192913494045,2.5361951811910286,2.5165571486726535,2.4762178333704985,2.401259697272122,2.2745938422738763,2.0782635831015392,1.7950858866156933
796.0,2.5499999999731746,2.5499999999312366,2.5499999996230227,2.549999997710309,2.549999986291711,2.5499999218007905,2.549999581537713,2.5499979185600865,2.5499904366981987,2.5499596029505236,2.5498436938003297,2.549447679682573,2.5482217946018335,2.544792341152541,2.5361375585290356,2.51644795158995,2.4760349253542975,2.400989545578943,2.274243067528251,2.077865401657785,1.7946956164563204
797.0,2.5499999999724774,2.5499999999295504,2.5499999996145317,2.5499999976631607,2.54999998603508,2.5499999204784167,2.5499995751923277,2.5499978904908684,2.549990323072165,2.549959184540693,2.549842299599182,2.549443495975808,2.54821053936719,2.5447653090881164,2.5360798184379516,2.516338626314535,2.475851934221971,2.4007194248731754,2.273892478647484,2.0774675341081337,1.794305693176859
798.0,2.5499999999717633,2.549999999927826,2.5499999996058675,2.54999999761514,2.5499999857741873,2.5499999191364995,2.549999568764333,2.549997862103683,2.549990208342502,2.549958762708232,2.5498408960052648,2.5494392897121574,2.5481992373949485,2.544738195137194,2.5360219610337507,2.516229173142074,2.475668860361204,2.400449335400223,2.2735420754976876,2.077069979929336,1.7939161159780406
799.0,2.5499999999710323,2.5499999999260625,2.549999999597026,2.5499999975662333,2.549999985508972,2.5499999177747936,2.549999562252845,2.549997833395676,2.5499900925011283,2.549958337433502,2.549839482978798,2.5494350608280785,2.5481878886157876,2.5447109992813157,2.535963986432723,2.516119592367841,2.4754857041584253,2.4001792774041326,2.27319185794482,2.076672738599669,1.7935268840685263
800.0,2.5499999999702836,2.5499999999242595,2.549999999588005,2.549999997516427,2.5499999852393724,2.5499999163930527,2.5499995556569712,2.549997804363974,2.549989975539928,2.549957908696812,2.5498380604799653,2.5494308092601043,2.548176492960681,2.544683721502497,2.535905894751469,2.5160098842867216,2.4753024659988143,2.399909251127602,2.2728418258546883,2.076275809598878,1.7931379966645842
801.0,2.5499999999695175,2.5499999999224165,2.549999999578801,2.5499999974657044,2.549999984965326,2.5499999149910284,2.549999548975812,2.5499977750056844,2.5499898574507505,2.549957476478419,2.549836628468918,2.549426534944842,2.548165050360891,2.544656361783228,2.535847686106903,2.5159000491932075,2.4751191462663056,2.3996392568119864,2.2724919790929574,2.075879192408131,1.7927494529897832
802.0,2.5499999999687333,2.5499999999205323,2.5499999995694105,2.5499999974140533,2.549999984686769,2.5499999135684677,2.5499995422084614,2.5499977453178997,2.5499897382254066,2.5499570407585255,2.5498351869057734,2.5494222378189764,2.548153560747973,2.5446289201064713,2.535789360616243,2.5157900873813968,2.47493574534359,2.3993692946973053,2.272142317525152,2.0754828865099673,1.7923612522747052
803.0,2.5499999999679304,2.5499999999186067,2.5499999995598297,2.5499999973614567,2.5499999844036374,2.5499999121251156,2.5499995353540057,2.549997715297692,2.549989617855672,2.549956601517283,2.549833735750616,2.5494179178192677,2.5481420240537735,2.5446013964556595,2.5357309183970127,2.5156799991449943,2.47475226361212,2.3990993650222507,2.2717928410166612,2.075086891388261,1.7919733937566749
804.0,2.5499999999671084,2.5499999999166385,2.549999999550056,2.5499999973078995,2.5499999841158654,2.5499999106607167,2.549999528411524,2.5499976849421153,2.549989496333286,2.5499561587347905,2.5498322749634976,2.5494135748825553,2.548130440210429,2.544573790814694,2.535672359567036,2.515569784777306,2.474568701452114,2.398829468024193,2.2714435494327434,2.0746912065281817,1.7915858766795023
805.0,2.549999999966267,2.549999999914626,2.5499999995400855,2.549999997253368,2.5499999838233895,2.549999909175011,2.5499995213800872,2.5499976542482057,2.549989373649952,2.5499557123910948,2.549830804504438,2.549409208945755,2.5481188091503695,2.544546103167942,2.535613684244435,2.5154594445712424,2.4743850592425574,2.398559603939187,2.2710944426385296,2.074295831416162,1.7911987002932408
806.0,2.5499999999654057,2.5499999999125693,2.5499999995299145,2.549999997197846,2.549999983526141,2.5499999076677367,2.5499995142587606,2.5499976232129806,2.5499892497973353,2.5499552624661903,2.549829324333425,2.5494048199458628,2.548107130806315,2.54451833350024,2.5355548925476277,2.515348978819316,2.47420133736121,2.3982897730019848,2.270745520499028,2.0739007655398654,1.7908118638539592
807.0,2.549999999964524,2.5499999999104674,2.5499999995195397,2.5499999971413168,2.5499999832240534,2.549999906138629,2.5499995070466,2.5499975918334408,2.5499891247670665,2.5499548089400195,2.5498278344104155,2.5494004078199533,2.5480954051112765,2.544490481796882,2.535495984595321,2.5152383878136386,2.474017536184607,2.3980199754460343,2.2703967828791267,2.073506008388163,1.7904253666235264
808.0,2.549999999963622,2.549999999908319,2.549999999508957,2.549999997083764,2.549999982917059,2.549999904587422,2.5499994997426554,2.5499975601065663,2.5499889985507393,2.549954351792473,2.5498263346953363,2.5493959725051805,2.5480836319985576,2.5444625480436285,2.535436960506514,2.5151276718459226,2.4738336560880643,2.397750211503491,2.270048229643597,2.073111559451105,1.7900392078694056
809.0,2.549999999962699,2.5499999999061234,2.549999999498164,2.549999997025173,2.5499999826050885,2.5499999030138443,2.5499994923459672,2.5499975280293214,2.5499888711399112,2.54995389100339,2.5498248251480837,2.5493915139387813,2.5480718114017518,2.544434532226699,2.53537782040049,2.5150168312074768,2.4736496974456816,2.3974804814052257,2.2696998606570973,2.0727174182199035,1.7896533868644637
810.0,2.549999999961754,2.5499999999038794,2.5499999994871554,2.5499999969655263,2.5499999822880732,2.549999901417625,2.54999948485557,2.5499974955986495,2.5499887425261036,2.54995342655256,2.5498233057285242,2.549387032058072,2.548059943254745,2.54440643433277,2.5353185643968166,2.514905866189207,2.4734656606303473,2.397210785380829,2.2693516757841765,2.07232358418691,1.78926790288679
811.0,2.5499999999607876,2.549999999901587,2.5499999994759275,2.549999996904807,2.549999981965942,2.5499998997984887,2.5499994772704913,2.5499974628114765,2.5499886127008007,2.549952958419719,2.549821776396495,2.5493825268004513,2.5480480274917126,2.5443782543489752,2.5352591926153396,2.514794777081617,2.473281546013739,2.3969411236586184,2.2690036748892757,2.0719300568456003,1.7888827552195208
812.0,2.5499999999597986,2.549999999899244,2.549999999464477,2.549999996842998,2.549999981638624,2.549999898156158,2.5499994695897494,2.54999742966471,2.549988481655451,2.549952486584553,2.5498202371118066,2.5493779981034,2.548036064047123,2.5443499922629034,2.5351997051761836,2.514683564174803,2.4730973539663323,2.3966714964656473,2.268655857836731,2.0715368356905586,1.7884979431506793
813.0,2.5499999999587866,2.5499999998968503,2.5499999994527993,2.549999996780083,2.5499999813060468,2.5499998964903523,2.549999461812356,2.5499973961552382,2.549988349381467,2.5499520110266967,2.5498186878342377,2.5493734459044823,2.5480240528557343,2.5443216480625974,2.535140102199747,2.514572227758457,2.4729130848573995,2.396401904027708,2.2683082244907777,2.0711439202174646,1.7881134659730202
814.0,2.549999999957751,2.5499999998944047,2.549999999440892,2.5499999967160445,2.5499999809681375,2.549999894800789,2.5499994539373145,2.5499973622799317,2.5499882158702234,2.549951531725735,2.5498171285235425,2.549368870141347,2.5480119938525956,2.54429322173655,2.5350803838067004,2.514460768121862,2.4727287390550168,2.3961323465693414,2.2679607747155512,2.070751309923081,1.7877293229838847
815.0,2.549999999956692,2.549999999891906,2.549999999428749,2.5499999966508637,2.5499999806248224,2.549999893087182,2.549999445963621,2.549997328035641,2.54998808111306,2.549951048661203,2.549815559139447,2.5493642707517257,2.547999886973048,2.544264713273706,2.535020550117983,2.5143491855538938,2.472544316926066,2.3958628243138445,2.26761350837509,2.070359004305245,1.787345513485061
816.0,2.549999999955608,2.5499999998893528,2.549999999416368,2.5499999965845244,2.549999980276027,2.5499998913492425,2.549999437890263,2.5499972934192003,2.54998794510128,2.549950561812583,2.5498139796416495,2.5493596476734366,2.547987732152721,2.544236122663455,2.534960601254799,2.5142374803430183,2.4723598188362397,2.395593337483274,2.267266425333336,2.0699670028628563,1.7869620367826549
817.0,2.5499999999544993,2.549999999886745,2.5499999994037434,2.549999996517007,2.549999979921676,2.549999889586681,2.549999429716221,2.5499972584274224,2.5499878078261493,2.5499500711593095,2.549812389989823,2.549355000844381,2.547975529327537,2.5442074498956355,2.5349005373386175,2.5141256527772913,2.472175245150043,2.395323886298454,2.266919525454139,2.0695753050958743,1.7865788921869652
818.0,2.5499999999533647,2.5499999998840805,2.549999999390872,2.549999996448294,2.5499999795616928,2.549999887799202,2.5499994214404675,2.5499972230571015,2.5499876692788983,2.5499495766807665,2.549810790143614,2.5493503302025484,2.547963278433708,2.5441786949605296,2.534840358491166,2.5140137031443572,2.4719905962308,2.3950544709789847,2.266572808601258,2.069183910505307,1.786196079012366
819.0,2.5499999999522047,2.549999999881359,2.549999999377749,2.5499999963783666,2.5499999791960004,2.549999885986509,2.549999413061968,2.5499971873050145,2.5499875294507204,2.5499490783562875,2.5498091800626455,2.5493456356860142,2.547950979407736,2.5441498578488626,2.53478006483443,2.51390163173145,2.4718058724406555,2.3947850917432465,2.266226274638361,2.068792818593208,1.7858135965771953
820.0,2.549999999951018,2.549999999878579,2.54999999936437,2.549999996307206,2.5499999788245207,2.5499998841483036,2.549999404579678,2.5499971511679194,2.5499873883327733,2.5499485761651566,2.549807559706513,2.5493409172329415,2.5479386321864146,2.5441209385518007,2.5347196564906493,2.5137894388253867,2.4716210741405784,2.3945157488084057,2.2658799234290297,2.068402028862671,1.7854314442036487
821.0,2.549999999949805,2.5499999998757397,2.5499999993507303,2.549999996234794,2.5499999784471754,2.549999882284282,2.549999395992546,2.5499971146425535,2.5499872459161783,2.54994807008661,2.5498059290347896,2.5493361747815797,2.547926236706827,2.5440919370609505,2.5346591335823163,2.513677124712574,2.4714362016903664,2.3942464423904255,2.26553375483676,2.068011540817826,1.7850496212176812
822.0,2.549999999948563,2.5499999998728393,2.5499999993368254,2.549999996161109,2.5499999780638842,2.54999988039414,2.5499993872995135,2.549997077725636,2.5499871021920195,2.549947560099832,2.549804288007024,2.5493314082702687,2.547913792906345,2.544062853368355,2.5345984962321726,2.513564689679001,2.4712512554486508,2.393977172704069,2.2651877687249615,2.067621353963836,1.784668126948909
823.0,2.549999999947293,2.5499999998698777,2.5499999993226514,2.5499999960861337,2.549999977674566,2.5499998784775686,2.5499993784995127,2.5499970404138677,2.5499869571513454,2.54994704618396,2.5498026365827404,2.549326617637437,2.5479013007226325,2.544033687466494,2.5345377445632056,2.5134521340102425,2.471066235772896,2.393707939962903,2.2648419649569616,2.0672314678068946,1.7842869607305216
824.0,2.5499999999459946,2.5499999998668526,2.5499999993082025,2.549999996009847,2.5499999772791395,2.5499998765342577,2.5499993695914682,2.5499970027039276,2.549986810785168,2.5499465283180824,2.549800974721442,2.5493218028216007,2.547888760093643,2.544004439348283,2.534476878698647,2.513339457991456,2.4708811430194078,2.393438744379312,2.264496343396006,2.0668418818542245,1.783906121899194
825.0,2.5499999999446676,2.549999999863763,2.549999999293475,2.5499999959322284,2.549999976877523,2.549999874563893,2.549999360574297,2.54999696459248,2.549986663084463,2.549946006481238,2.5497993023826084,2.549316963761368,2.547876170957619,2.543975109007068,2.53441589876197,2.513226661907381,2.470695977543334,2.3931695861644973,2.2641509039052594,2.066452595614074,1.783525609795005
826.0,2.5499999999433096,2.5499999998606087,2.5499999992784645,2.549999995853258,2.549999976469632,2.549999872566158,2.549999351446908,2.549996926076167,2.5499865140401687,2.549945480652417,2.549797619525697,2.5493121003954373,2.547863533253093,2.543945696436626,2.5343548048768842,2.5131137460423387,2.4705107396986707,2.3929004655284873,2.263805646347806,2.06606360859572,1.7831454237613604
827.0,2.549999999941922,2.549999999857387,2.549999999263165,2.5499999957729163,2.5499999760553833,2.5499998705407334,2.5499993422082,2.549996887151612,2.5499863636431885,2.549944950810563,2.5497959261101433,2.5493072126625966,2.547850846918885,2.5439162016311663,2.534293597167338,2.5130007106802323,2.4703254298382626,2.392631382680143,2.263460570586653,2.0656749203094615,1.7827655631449202
828.0,2.5499999999405025,2.5499999998540974,2.549999999247571,2.5499999956911816,2.5499999756346905,2.549999868487296,2.5499993328570656,2.549996847815418,2.5499862118843892,2.5499444169345704,2.5497942220953633,2.5493023005017275,2.547838111894108,2.543886624585322,2.5342322757575104,2.512887556104543,2.470140048313809,2.3923623378271635,2.26311567648473,2.065286530266628,1.7823860272955245
829.0,2.5499999999390512,2.5499999998507383,2.5499999992316793,2.549999995608033,2.5499999752074682,2.5499998664055195,2.5499993233923894,2.5499968080641713,2.5499860587546013,2.5499438790032842,2.549792507440752,2.549297363851804,2.547825328118162,2.543856965294156,2.5341708407718118,2.512774282598333,2.4699545954758677,2.392093331176091,2.2627709639048907,2.064898437979569,1.7820068155661295
830.0,2.549999999937567,2.549999999847308,2.549999999215484,2.549999995523448,2.5499999747736286,2.5499998642950765,2.5499993138130463,2.549996767894436,2.5499859042446182,2.5499433369955042,2.5497907821056818,2.5492924026518904,2.5478124955307346,2.5438272237531514,2.5341092923348807,2.5126608904442413,2.4697690716738565,2.391824362932321,2.2624264327099115,2.064510642961661,1.7816279273127429
831.0,2.54999999993605,2.5499999998438065,2.5499999991989797,2.5499999954374055,2.549999974333084,2.549999862155635,2.549999304117904,2.54999672730276,2.5499857483451964,2.549942790889981,2.549789046049509,2.5492874168411475,2.547799614071805,2.543797399958216,2.5340476305715796,2.512547379924487,2.4695834772560574,2.391555433300105,2.2620820827624972,2.064123144727308,1.7812493618943623
832.0,2.5499999999344993,2.549999999840232,2.5499999991821616,2.549999995349884,2.549999973885746,2.5499998599868596,2.5499992943058207,2.5499966862856684,2.5499855910470592,2.5499422406654197,2.5497872992315695,2.5492824063588286,2.5477866836816383,2.543767493905679,2.533985855606995,2.512433751320862,2.4693978125696225,2.3912865424825576,2.2617379139252782,2.0637359427919395,1.780871118672918
833.0,2.549999999932914,2.549999999836582,2.5499999991650237,2.549999995260861,2.549999973431523,2.549999857788414,2.549999284375647,2.549996644839669,2.5499854323408906,2.5499416863004756,2.549785541611179,2.54927737114428,2.5477737043007904,2.543737505592287,2.533923967566433,2.5123200049147383,2.4692120779605746,2.391017690681662,2.261393926060811,2.063349036672012,1.7804931970132167
834.0,2.5499999999312934,2.5499999998328566,2.5499999991475617,2.5499999951703143,2.5499999729703244,2.549999855559957,2.5499992743262254,2.549996602961249,2.5499852722173393,2.549941127773759,2.5497837731476363,2.5492723111369453,2.5477606758701037,2.5437074350152056,2.533861966575416,2.51220614098706,2.469026273773812,2.390748878098277,2.261050119031583,2.0629624258850123,1.7801155962828892
835.0,2.549999999929637,2.5499999998290535,2.5499999991297693,2.549999995078221,2.549999972502059,2.5499998533011445,2.5499992641563893,2.5499965606468775,2.549985110667019,2.5499405650638316,2.5497819938002215,2.5492672262763616,2.5477475983307105,2.5436772821720166,2.533799852759683,2.5120921598183497,2.468840400353113,2.3904801049321427,2.260706492700008,2.0625761099494535,1.7797383158523397
836.0,2.549999999927944,2.5499999998251712,2.549999999111641,2.549999994984557,2.549999972026633,2.5499998510116297,2.5499992538649643,2.549996517893002,2.549984947680504,2.5499399981492115,2.549780203528199,2.549262116502163,2.5477344716240276,2.5436470470607135,2.533737626245185,2.5119780616887017,2.4686544580411383,2.3902113713818856,2.2603630469284317,2.062190088384882,1.7793613550946976
837.0,2.549999999926214,2.549999999821209,2.5499999990931714,2.5499999948892995,2.549999971543953,2.549999848691062,2.5499992434507672,2.5499964746960506,2.5499847832483353,2.549939427008368,2.5497784022908143,2.5492569817540796,2.547721295691763,2.543616729679705,2.5336752871580828,2.511863846877784,2.4684684471794323,2.389942677645025,2.2600197815791296,2.0618043607118746,1.7789847133857708
838.0,2.5499999999244456,2.5499999998171643,2.5499999990743545,2.549999994792424,2.5499999710539227,2.5499998463390887,2.5499992329126053,2.5499964310524335,2.5499846173610172,2.5499388516197246,2.5497765900472986,2.549251821971939,2.5477080704759105,2.543586330027809,2.5336128356247434,2.5117495156648366,2.468282368108433,2.3896740239179812,2.25967669651431,2.0614189264520415,1.778608390104002
839.0,2.549999999922638,2.5499999998130374,2.5499999990551854,2.5499999946939083,2.5499999705564473,2.5499998439553533,2.5499992222492787,2.5499963869585396,2.5499844500090165,2.549938271961659,2.5497747667568658,2.5492466370956652,2.5476947959187517,2.543555848104252,2.5335502717717406,2.511635068328672,2.468096221167469,2.3894054103960753,2.259333791596111,2.0610337851280276,1.7782323846304264
840.0,2.549999999920791,2.5499999998088256,2.549999999035657,2.5499999945937266,2.5499999700514295,2.5499998415394955,2.5499992114595784,2.5499963424107395,2.549984281182765,2.5499376880125033,2.5497729323787137,2.5492414270652817,2.547681471962855,2.5435252839086697,2.533487595725849,2.5115205051476766,2.4679100066947663,2.3891368372735418,2.258991066686606,2.0606489362635125,1.7778566963486306
841.0,2.5499999999189042,2.5499999998045255,2.5499999990157636,2.5499999944918548,2.549999969538771,2.5499998390911536,2.549999200542286,2.549996297405382,2.5499841108726575,2.5499370997505433,2.5497710868720262,2.549236191820908,2.547668098551075,2.543494637441103,2.533424807614044,2.511405826399805,2.4677237250274513,2.38886830474353,2.258648521647801,2.060264379383179,1.777481321852886
842.0,2.5499999999169756,2.549999999800138,2.5499999989955,2.549999994388268,2.549999969018373,2.549999836609961,2.549999189496175,2.549996251938796,2.5499839390690537,2.5499365071540203,2.5497692301959725,2.5492309313027657,2.5476546756265535,2.5434639087019955,2.5333619075634988,2.511291032362581,2.467537376501554,2.3885998129981107,2.2583061563416362,2.0598801140120324,1.777106257086204
843.0,2.5499999999150056,2.5499999997956606,2.5499999989748594,2.5499999942829406,2.549999968490134,2.5499998340955483,2.54999917832001,2.549996206007294,2.549983765762276,2.549935910201129,2.549767362309708,2.549225645451173,2.5476412031327187,2.543433097692194,2.5332988957015807,2.511176123313101,2.4673509614520115,2.3883313622282847,2.2579639706299877,2.059496139674459,1.7767315016612608
844.0,2.5499999999129925,2.549999999791092,2.549999998953836,2.549999994175846,2.549999967953953,2.5499998315475434,2.5499991670125484,2.5499961596071645,2.5499835909426123,2.5499353088700207,2.5497654831723726,2.5492203342065496,2.547627681013286,2.5434022044129483,2.5332357721558503,2.5110610995280296,2.4671644802126727,2.388062952623983,2.2576219643746662,2.059112455894261,1.7763570551816705
845.0,2.5499999999109355,2.5499999997864293,2.5499999989324227,2.5499999940669604,2.5499999674097285,2.54999982896557,2.5499991555725363,2.5499961127346773,2.5499834146003115,2.5499347031388018,2.5497635927430955,2.5492149975094147,2.5476141092122537,2.5433712288659045,2.5331725370540594,2.5109459612836003,2.466977933116299,2.387794584374077,2.257280137437418,2.0587290621948324,1.7759829172426131
846.0,2.5499999999088336,2.5499999997816722,2.5499999989106126,2.5499999939562574,2.549999966857357,2.5499998263492496,2.5499991439987117,2.5499960653860834,2.54998323672559,2.549934092985533,2.549761690980992,2.5492096353003886,2.54760048767391,2.543340171053107,2.5331091905241454,2.5108307088556128,2.46679132049457,2.3875262576663814,2.2569384896799205,2.0583459580993284,1.7756090874314197
847.0,2.5499999999066865,2.549999999776819,2.5499999988884015,2.5499999938437092,2.5499999662967343,2.549999823698199,2.5499991322898046,2.5499960175576115,2.5499830573086264,2.5499334783882297,2.5497597778451646,2.5492042475201933,2.547586816342825,2.543309030976997,2.533045732694233,2.5107153425194357,2.466604642678088,2.387257972687661,2.256597020963786,2.0579631431308156,1.7752355653281255
848.0,2.5499999999044927,2.5499999997718663,2.5499999988657813,2.5499999937292888,2.5499999657277534,2.549999821012034,2.5499991204445362,2.549995969245474,2.5499828763395618,2.5499328593248656,2.5497578532947034,2.549198834109652,2.547573095163854,2.5432778086404086,2.5329821636926275,2.5105998625500052,2.466417899996378,2.386989729623637,2.2562557311505564,2.0575806168124107,1.7748623505059886
849.0,2.549999999902252,2.549999999766814,2.5499999988427455,2.54999999361297,2.5499999651503087,2.5499998182903636,2.549999108461618,2.549995920445858,2.549982693808505,2.549932235773368,2.549755917288689,2.549193395009692,2.5475593240821404,2.543246504046569,2.5329184836478182,2.5104842692218226,2.4662310927778943,2.3867215286589896,2.255914620101704,2.057198378667407,1.7744894425319733
850.0,2.549999999899963,2.54999999976166,2.5499999988192887,2.5499999934947257,2.5499999645642912,2.5499998155327965,2.549999096339752,2.549995871154935,2.549982509705525,2.5499316077116227,2.5497539697861904,2.5491879301613403,2.5475455030431102,2.5432151171990958,2.5328546926884714,2.510368562808956,2.466044221350021,2.386453369977366,2.255573687678627,2.056816428219391,1.7741168409672081
851.0,2.5499999998976253,2.549999999756402,2.5499999987954016,2.5499999933745268,2.5499999639695927,2.5499998127389367,2.5499990840776317,2.549995821368854,2.5499823240206565,2.54993097511747,2.549752010746265,2.5491824395057274,2.5475316319924723,2.543183648101996,2.5327907909434293,2.5102527435850392,2.4658572860390793,2.386185253761385,2.255232933742652,2.0564347649923502,1.7737445453674132
852.0,2.5499999998952374,2.549999999751038,2.549999998771078,2.5499999932523467,2.549999963366103,2.5499998099083845,2.5499990716739425,2.5499957710837444,2.5499821367438984,2.549930337968707,2.549750040127962,2.5491769229840897,2.547517710876222,2.543152096759665,2.5327267785417087,2.5101368118232696,2.4656702871703278,2.3859171801926418,2.2548923581550286,2.056053388510767,1.7733725552833015
853.0,2.5499999998927985,2.5499999997455665,2.5499999987463116,2.549999993128155,2.549999962753711,2.549999807040737,2.549999059127359,2.549995720295715,2.5499819478652146,2.5499296962430886,2.549748057890319,2.5491713805377674,2.5475037396406384,2.5431204631768827,2.5326626556124965,2.5100207677964117,2.4654832250679664,2.3856491494517136,2.254551960776929,2.0556722982997067,1.7730008702609588
854.0,2.549999999890307,2.549999999739985,2.5499999987210944,2.5499999930019244,2.5499999621323037,2.549999804135588,2.549999046436548,2.5499956690008547,2.549981757374531,2.5499290499183265,2.549746063992366,2.549165812108203,2.5474897182322818,2.5430887473588157,2.53259842228515,2.509904611776792,2.465296100055141,2.385381161718166,2.2542117414694456,2.055291493884901,1.772629489842195
855.0,2.5499999998877634,2.5499999997342937,2.54999999869542,2.5499999928736243,2.549999961501768,2.549999801192528,2.5499990336001677,2.5499956171952323,2.5499815652617386,2.549928398972088,2.5497440583931232,2.549160217636944,2.5474756465979995,2.543056949311011,2.532534078689193,2.509788344036302,2.4651089124539447,2.385113217170556,2.2538717000935913,2.054910974792816,1.772258413564878
856.0,2.549999999885166,2.5499999997284886,2.5499999986692803,2.549999992743226,2.549999960861989,2.5499997982111435,2.5499990206168652,2.5499955648748953,2.5499813715166932,2.549927743381998,2.5497420410516027,2.549154597065647,2.5474615246849184,2.543025069039398,2.532469624954314,2.5096719648463957,2.4649216625854247,2.3848453159864382,2.2535318365102954,2.0545307405507227,1.7718876409632467
857.0,2.549999999882512,2.5499999997225666,2.5499999986426682,2.5499999926106995,2.5499999602128507,2.5499997951910176,2.549999007485279,2.549995512035872,2.5499811761292137,2.5499270831256418,2.5497400119268097,2.5491489503360696,2.547447352440451,2.542993106550284,2.532405061210364,2.5095554744780895,2.4647343507695814,2.384577458342372,2.253192150580403,2.0541507906867555,1.7715171715682037
858.0,2.5499999998798017,2.5499999997165275,2.5499999986155766,2.5499999924760144,2.5499999595542353,2.5499997921317306,2.5499989942040395,2.5499954586741684,2.5499809790890846,2.5499264181805597,2.549737970977741,2.5491432773900775,2.5474331298122905,2.5429610618503564,2.5323403875873547,2.5094388732019643,2.464546977325375,2.384309644413921,2.252852642164676,2.053771124729964,1.7711470049075908
859.0,2.549999999877034,2.5499999997103684,2.5499999985879964,2.5499999923391394,2.549999958886026,2.5499997890328596,2.549998980771766,2.5499954047857725,2.5499807803860532,2.5499257485242506,2.549735918163387,2.5491375781696446,2.5474188567484135,2.5429289349466773,2.532275604215454,2.5093221612881615,2.4643595425707283,2.3840418743756646,2.2525133111237876,2.053391742210363,1.7707771405064487
860.0,2.5499999998742098,2.5499999997040876,2.5499999985599207,2.5499999922000445,2.549999958208102,2.5499997858939754,2.5499989671870704,2.54999535036665,2.5499805800098314,2.5499250741341726,2.5497338534427314,2.54913185261685,2.547404533197076,2.542896725846683,2.5322107112249874,2.5092053390063853,2.4641720468225277,2.3837741484011996,2.252174157318325,2.0530126426589783,1.7704075778872592
861.0,2.549999999871326,2.549999999697683,2.5499999985313417,2.549999992058698,2.549999957520343,2.5499997827146474,2.5499989534485534,2.5499952954127463,2.5499803779500962,2.54992439498774,2.5497317767747507,2.549126100673881,2.5473901591068175,2.542864434558184,2.5321457087464334,2.5090884066259007,2.46398449039663,2.383506466663146,2.251835180608788,2.052633825607883,1.7700383165701736
862.0,2.5499999998683816,2.5499999996911513,2.5499999985022512,2.549999991915068,2.5499999568226275,2.5499997794944416,2.549998939554808,2.5499952399199866,2.5499801741964885,2.5499237110623283,2.5497296881184175,2.549120322283033,2.5473757344264585,2.542832061089362,2.5320805969104216,2.5089713644155345,2.4637968736078633,2.3832388293331497,2.2514963808555866,2.0522552905902356,1.7696693560732277
863.0,2.5499999998653755,2.5499999996844913,2.5499999984726416,2.549999991769122,2.5499999561148314,2.549999776232919,2.549998925504417,2.5499951838842754,2.549979968738614,2.54992302233527,2.5497275874326997,2.5491145173867076,2.547361259105101,2.5427996054487694,2.532015375847733,2.5088542126436733,2.4636091967700318,2.382971236581891,2.2511577579190423,2.0518770371403083,1.7693006959125428
864.0,2.549999999862307,2.5499999996777007,2.549999998442504,2.5499999916208282,2.549999955396832,2.5499997729296373,2.5499989112959534,2.5499951273014974,2.5499797615660413,2.5499223287838584,2.549725474676557,2.549108685927419,2.5473467330921262,2.5427670676453227,2.5319500456892925,2.5087369515782654,2.4634214601959172,2.382703688579087,2.2508193116593866,2.0514990647935174,1.7689323356025153
865.0,2.5499999998591742,2.5499999996707774,2.5499999984118316,2.5499999914701537,2.5499999546685017,2.5499997695841525,2.5499988969279803,2.5499950701675145,2.5499795526683053,2.5499216303853447,2.549723349808949,2.549102827847786,2.547332156337197,2.542734447688309,2.5318846065661718,2.508619581486817,2.463233664197285,2.382436185493497,2.2504810419367605,2.0511213730864473,1.7685642746559946
866.0,2.5499999998559764,2.5499999996637186,2.5499999983806134,2.549999991317064,2.5499999539297136,2.549999766196014,2.549998882399053,2.54999501247817,2.549979342034905,2.549920927116939,2.5497212127888282,2.5490969430905404,2.547317528790255,2.54270174558738,2.531819058609585,2.5085021026363967,2.4630458090848832,2.382168727492927,2.250142948611218,2.050743961556871,1.76819651258445
867.0,2.549999999852712,2.549999999656522,2.5499999983488424,2.5499999911615263,2.5499999531803406,2.549999762764769,2.549998867707716,2.5499949542292852,2.549979129655302,2.5499202189558114,2.5497190635751457,2.549091031598523,2.547302850401523,2.542668961352548,2.5317534019508856,2.508384515293632,2.4628578951684514,2.3819013147442356,2.2498050315427194,2.0503668297437723,1.767829048898128
868.0,2.5499999998493794,2.549999999649184,2.549999998316509,2.5499999910035074,2.5499999524202526,2.5499997592899604,2.5499988528525046,2.549994895416662,2.5499789155189245,2.549919505879094,2.549716902126848,2.5490850933146842,2.547288121121502,2.5426360949941915,2.531687636721569,2.5082668197247084,2.46266992275672,2.381633947413338,2.2494672905911393,2.0499899771873578,1.7674618831061992
869.0,2.549999999845978,2.5499999996417038,2.549999998283606,2.549999990842972,2.5499999516493195,2.549999755771129,2.549998837831943,2.549994836036081,2.549978699615165,2.5499187878638763,2.5497147284028805,2.5490791281820857,2.5472733409009725,2.542603146523045,2.5316217630532645,2.508149016195372,2.4624818921574136,2.381366625665209,2.2491297256162617,2.0496134034290745,1.767095014716897
870.0,2.549999999842507,2.5499999996340796,2.549999998250123,2.549999990679885,2.549999950867409,2.5499997522078086,2.5499988226445485,2.5499947760833,2.549978481933381,2.5499180648872093,2.5497125423621845,2.5490731361438987,2.5472585096909937,2.542570115950204,2.531555781077736,2.5080311049709274,2.4622938036772566,2.381099349663889,2.2487923364777824,2.049237108011622,1.7667284432376484
871.0,2.5499999998389646,2.5499999996263076,2.5499999982160526,2.5499999905142112,2.5499999500743873,2.5499997485995327,2.549998807288826,2.549994715554059,2.549978262462893,2.5499173369261037,2.5497103439637008,2.5490671171434083,2.5472436274429024,2.5425370032871197,2.5314896909268807,2.507913086316238,2.4621056576219744,2.38083211957249,2.2484551230353103,2.048861090478961,1.7663621681751966
872.0,2.549999999835349,2.549999999618385,2.5499999981813843,2.5499999903459147,2.54999994927012,2.5499997449458283,2.5499987917632727,2.5499946544440752,2.5499780411929875,2.549916603957532,2.5497081331663685,2.5490610711240094,2.5472286941083144,2.5425038085455998,2.531423492732727,2.5077949604957244,2.461917454296297,2.380564935553198,2.2481180851483673,2.0484853503763203,1.765996189035715
873.0,2.549999999831659,2.54999999961031,2.549999998146109,2.5499999901749595,2.5499999484544706,2.5499997412462196,2.5499987760663747,2.5499945927490453,2.549977818112916,2.5499158659584267,2.5497059099291266,2.5490549980292103,2.547213709639122,2.5424705317378047,2.531357186627428,2.5076767277733643,2.461729194003964,2.3802977977672777,2.24778122267639,2.0481098872502104,1.7656305053249153
874.0,2.549999999827893,2.5499999996020803,2.5499999981102177,2.5499999900013086,2.5499999476273025,2.5499997375002272,2.54999876019661,2.549994530464645,2.5499775932118927,2.549915122905683,2.549703674210913,2.5490488978026313,2.547198673987496,2.5424371728762485,2.531290772743267,2.5075583884126966,2.4615408770477236,2.380030706375079,2.2474445354787296,2.0477347006484212,1.7652651165481494
875.0,2.549999999824051,2.5499999995936915,2.549999998073701,2.549999989824926,2.5499999467884766,2.5499997337073674,2.5499987441524437,2.5499944675865294,2.549977366479099,2.549914374776155,2.5497014259706656,2.549042770388006,2.5471835871058834,2.5424037319737947,2.5312242512126506,2.5074399426768164,2.4613525037293416,2.379763661536038,2.247108023414655,2.047359790120031,1.7649000222105056
876.0,2.54999999982013,2.5499999995851423,2.549999998036548,2.5499999896457743,2.549999945937852,2.5499997298671526,2.549998727932334,2.5499944041103326,2.5499771379036806,2.54991362154666,2.549699165167322,2.5490366157291797,2.5471684489470077,2.542370209043656,2.531157622168106,2.5073213908283747,2.4611640743495995,2.379496663408685,2.246771686343353,2.046985155215407,1.764535221816897
877.0,2.549999999816129,2.5499999995764293,2.549999997998751,2.549999989463814,2.549999945075289,2.5499997259790916,2.5499987115347276,2.5499943400316667,2.549976907474748,2.5499128631939763,2.5496968917598215,2.549030433770114,2.547153259463869,2.542336604099394,2.531090885742283,2.5072027331295823,2.4609755892083016,2.3792297121506443,2.246435524123928,2.04661079548621,1.7641707148721457
878.0,2.549999999812047,2.54999999956755,2.549999997960298,2.549999989279009,2.549999944200644,2.549999722042689,2.5499986949580618,2.549994275346124,2.5499766751813753,2.5499120996948452,2.5496946057071037,2.549024224454882,2.5471380186097434,2.542302917154916,2.5310240420679473,2.5070839698422054,2.4607870486042738,2.378962807918645,2.246099536615409,2.0462367104853914,1.7638065008810626
879.0,2.5499999998078815,2.5499999995585014,2.5499999979211805,2.5499999890913205,2.549999943313773,2.549999718057445,2.5499986782007644,2.5499942100492756,2.549976441012603,2.5499113310259696,2.549692306968111,2.5490179877276726,2.547122726338182,2.5422691482244724,2.530957091277982,2.5069651012275678,2.4605984528353715,2.3786959508685204,2.245763723676745,2.0458628997671955,1.7634425793485213
880.0,2.5499999998036307,2.549999999549281,2.5499999978813865,2.5499999889007077,2.54999994241453,2.549999714022857,2.5499986612612515,2.5499941441366705,2.5499762049574364,2.549910557164014,2.5496899955017867,2.549011723532789,2.547107382603012,2.5422352973226574,2.5308900335053854,2.5068461275465506,2.46040980219848,2.3784291411552116,2.2454280851668105,2.0454893628871593,1.7630789497795285
881.0,2.5499999997992946,2.549999999539885,2.5499999978409083,2.549999988707132,2.5499999415027683,2.5499997099384175,2.549998644137932,2.5499940776038375,2.549975967004846,2.549909778085607,2.549687671267078,2.54900543181465,2.5470919873583338,2.5422013644644075,2.530822868883268,2.5067270490595908,2.460221096989517,2.378162378932776,2.2450926209444058,2.0451160994021094,1.7627156116792886
882.0,2.5499999997948724,2.549999999530311,2.5499999977997345,2.5499999885105535,2.5499999405783393,2.549999705803615,2.549998626829201,2.549994010446284,2.549975727143767,2.54990899376734,2.5496853342229326,2.548999112517788,2.547076540558523,2.5421673496649966,2.5307555975448506,2.506607866026682,2.4600323375034385,2.377895664354388,2.2447573308682593,2.0447431088701586,1.762352564553266
883.0,2.549999999790361,2.5499999995205567,2.5499999977578534,2.5499999883109323,2.5499999396410944,2.5499997016179337,2.5499986093334472,2.549993942659497,2.5499754853630994,2.5499082041857664,2.5496829843283026,2.5489927655868523,2.5470610421582296,2.54213325294004,2.5306882196234604,2.5064885787073754,2.459843524034239,2.3776289975723466,2.2444222147970305,2.0443703908507067,1.7619898079072434
884.0,2.5499999997857588,2.549999999510618,2.549999997715256,2.549999988108226,2.549999938690881,2.5499996973808545,2.5499985916490466,2.5499938742389396,2.5499752416517096,2.549907409317402,2.549680621542146,2.5489863909666086,2.547045492112377,2.542099074305486,2.5306207352525347,2.5063691873607774,2.459654656874958,2.3773623787380744,2.2440872725893093,2.0439979449044334,1.7616273412473746
885.0,2.5499999997810643,2.5499999995004914,2.5499999976719296,2.5499999879023947,2.5499999377275464,2.549999693091854,2.549998573774367,2.549993805180057,2.549974995998428,2.5499066091387292,2.5496782458234213,2.548979988601938,2.547029890376161,2.542064813777622,2.530553144565613,2.506249692245551,2.459465736317679,2.377095808002126,2.2437525041036204,2.043625770593298,1.7612651640802373
886.0,2.549999999776276,2.5499999994901748,2.5499999976278644,2.549999987693396,2.5499999367509374,2.5499996887504044,2.5499985557077642,2.549993735478272,2.5499747483920503,2.5499058036261917,2.549675857131093,2.54897355843784,2.5470142369050515,2.542030471373067,2.53048544769634,2.506130093619916,2.4592767626535363,2.3768292855141904,2.243417909198424,2.0432538674805305,1.7609032759128795
887.0,2.549999999771392,2.5499999994796645,2.549999997583049,2.549999987481187,2.5499999357608987,2.549999684355974,2.5499985374475838,2.549993665128984,2.5499744988213386,2.5499049927561974,2.5496734554241307,2.548967100419429,2.5469985316547903,2.5419960471087717,2.5304176447784594,2.506010391741647,2.459087736172716,2.3765628114230974,2.2430834877321195,2.0428822351306315,1.7605416762528654
888.0,2.549999999766411,2.5499999994689584,2.549999997537473,2.549999987265726,2.5499999347572717,2.549999679908026,2.549998518992163,2.5499935941275744,2.5499742472750206,2.549904176505119,2.5496710406615093,2.5489606144919366,2.5469827745813904,2.541961541002018,2.530349735945815,2.5058905868680754,2.4588986571644598,2.3762963858768185,2.2427492395630466,2.042510873109362,1.7601803646083176
889.0,2.5499999997613307,2.5499999994580516,2.5499999974911236,2.549999987046969,2.5499999337398984,2.549999675406021,2.5499985003398273,2.5499935224694017,2.5499739937417876,2.549903354849293,2.54966861280221,2.548954100600714,2.5469669656411384,2.541926953070417,2.5302817213323476,2.5057706792560883,2.4587095259170675,2.3760300090224704,2.2424151645494876,2.042139780983746,1.759819340487956
890.0,2.5499999997561495,2.5499999994469413,2.549999997443989,2.549999986824873,2.5499999327086185,2.5499996708494144,2.5499984814888923,2.5499934501498025,2.5499737382102974,2.549902527765021,2.549666171805218,2.54894755869123,2.5469511047905904,2.5418922833319084,2.530213601072095,2.5056506691621276,2.458520342717899,2.3757636810063243,2.2420812625496693,2.041768958322057,1.759458603401136
891.0,2.5499999997508658,2.5499999994356237,2.5499999973960583,2.5499999865993925,2.5499999316632715,2.5499996662376576,2.5499984624376624,2.549993377164092,2.5499734806691743,2.549901695228568,2.5496637176295276,2.5489409887090697,2.546935191986574,2.541857531804755,2.5301453752991865,2.5055305568421935,2.458331107853381,2.375497401973803,2.241747533421766,2.041398404693815,1.7590981528578822
892.0,2.549999999745477,2.549999999424096,2.549999997347321,2.549999986370483,2.5499999306036933,2.5499996615701974,2.5499984431844323,2.5499933035075664,2.549973221107006,2.5499008572161657,2.5496612502341383,2.548934390599939,2.546919227186188,2.5418226985075467,2.5300770441478435,2.505410342551841,2.4581418216090074,2.375231172069491,2.241413977023902,2.0410281196697815,1.758737988368922
893.0,2.5499999997399825,2.5499999994123543,2.5499999972977623,2.549999986138101,2.5499999295297195,2.549999656846478,2.549998423727487,2.5499932291754974,2.5499729595123477,2.5499000137040113,2.5496587695780577,2.5489277643096613,2.5469032103468,2.5417877834591964,2.530008607752379,2.5052900265461786,2.457952484269343,2.3749649914371345,2.2410805932141526,2.0406581028219524,1.7583781094457158
894.0,2.549999999734379,2.5499999994003955,2.5499999972473724,2.5499999859021996,2.549999928441185,2.5499996520659365,2.549998404065099,2.549993154163137,2.549972695873719,2.5498991646682656,2.5496562756203005,2.5489211097841786,2.5468871414260477,2.541752786678937,2.5299400662471925,2.505169609079875,2.4577630961180246,2.3746988602196475,2.240747381850547,2.040288353723552,1.7580185156004848
895.0,2.549999999728666,2.5499999993882154,2.5499999971961382,2.549999985662732,2.5499999273379204,2.5499996472280078,2.549998384195533,2.549993078465715,2.549972430179607,2.549898310085057,2.5496537683198897,2.5489144269695556,2.5468710203818383,2.541717708186322,2.5298714197667715,2.50504909040715,2.4575736574377682,2.374432778559114,2.240414342791072,2.0399188719490264,1.7576592063462408
896.0,2.5499999997228397,2.549999999375811,2.549999997144047,2.5499999854196527,2.549999926219758,2.549999642332121,2.549998364117041,2.5499930020784407,2.549972162418462,2.5498974499304783,2.549651247635858,2.548907715811973,2.5468548471723476,2.5416825480012246,2.5298026684456882,2.5049284707817825,2.4573841685103672,2.374166746596794,2.240081475893672,2.039549657074036,1.757300181196807
897.0,2.5499999997168996,2.5499999993631777,2.5499999970910863,2.5499999851729136,2.549999925086526,2.5499996373777036,2.549998343827865,2.5499929249965003,2.5499718925787023,2.549896584180589,2.549648713527244,2.548900976257734,2.5468386217560193,2.541647306143833,2.529733812418596,2.5048077504571045,2.457194629616699,2.3739007644731243,2.239748781016253,2.039180708675451,1.756941439666846
898.0,2.549999999710844,2.549999999350313,2.549999997037243,2.549999984922467,2.549999923938053,2.5499996323641754,2.5499983233262364,2.54999284721506,2.5499716206487113,2.549895712811414,2.5496461659530993,2.5488942082532606,2.546822344091566,2.5416119826346533,2.52966485182023,2.504686929686006,2.4570050410367243,2.373634832327725,2.2394162580166848,2.0388120263313425,1.7565829812718787
899.0,2.5499999997046707,2.549999999337212,2.5499999969825042,2.549999984668265,2.5499999227741643,2.5499996272909535,2.549998302610377,2.5499927687292634,2.549971346616838,2.5498948357989466,2.549643604872483,2.5488874117450955,2.5468060141379683,2.541576577494503,2.5295957867854066,2.504566008720931,2.456815403049496,2.3733689502994033,2.2390839067528026,2.0384436096209773,1.7562248055283065
900.0,2.5499999996983767,2.549999999323872,2.549999996926857,2.5499999844102583,2.5499999215946847,2.549999622157451,2.5499982816784965,2.5499926895342333,2.5499710704713983,2.5498939531191462,2.5496410302444645,2.5488805866799034,2.546789631854472,2.5415410907445146,2.5295266174490174,2.5044449878138817,2.4566257159331566,2.3731031185261555,2.238751727082409,2.038075458124809,1.7558669119534303
901.0,2.5499999996919605,2.549999999310288,2.549999996870288,2.549999984148399,2.549999920399437,2.549999616963076,2.549998260528796,2.549992609625071,2.5499707922006736,2.549893064747938,2.549638442028124,2.5488737330044686,2.546773197200591,2.541505522406129,2.529457343946032,2.5043238672164128,2.456435979964943,2.3728373371451723,2.2384197188632786,2.0377075714244173,1.7555092951795108
902.0,2.5499999996854195,2.5499999992964564,2.549999996812785,2.549999983882636,2.5499999191882416,2.5499996117072303,2.5499982391594624,2.5499925289968544,2.5499705117929103,2.5498921706612157,2.5496358401825527,2.5488668506656986,2.5467567101361053,2.541469872501099,2.529387966411494,2.5042026471796373,2.4562461954211905,2.3725716062928432,2.2380878819531578,2.0373399491013156,1.7551519486942373
903.0,2.549999999678753,2.5499999992823734,2.5499999967543325,2.5499999836129192,2.5499999179609194,2.549999606389315,2.5499982175686755,2.549992447644642,2.5499702292363233,2.54989127083484,2.549633224666853,2.5488599396106215,2.5467401706210606,2.541434141051485,2.529318484980519,2.5040813279542227,2.456056362577334,2.3723059261047577,2.237756216209767,2.0369725907353176,1.7547948724035514
904.0,2.5499999996719565,2.5499999992680347,2.549999996694917,2.5499999833391978,2.549999916717287,2.549999601008724,2.5499981957546027,2.5499923655634693,2.549969944519092,2.5498903652446385,2.5496305954401373,2.548852999786387,2.546723578615767,2.5413983280796537,2.529248899788293,2.5039599097903933,2.4558664817079117,2.37204029671571,2.237424721490804,2.036605495904584,1.7544380661945143
905.0,2.5499999996650295,2.5499999992534357,2.5499999966345253,2.549999983061419,2.549999915457162,2.549999595564847,2.5499981737154,2.549992282748351,2.5499696576293625,2.5498894538664083,2.549627952461533,2.5488460311402688,2.546706934080802,2.5413624336082776,2.529179210970073,2.5038383929379293,2.455676553086569,2.3717747182597053,2.2370933976539398,2.036238664185921,1.754081529936453
906.0,2.549999999657969,2.549999999238573,2.549999996573143,2.5499999827795325,2.5499999141803587,2.5499995900570704,2.549998151449212,2.5499921991942793,2.549969368555247,2.549888536675913,2.549625295690178,2.5488390336196605,2.5466902369770055,2.541326457660332,2.529109418661182,2.503716777646167,2.455486576986058,2.371509190869962,2.236762244556824,2.035872095155058,1.7537252634820384
907.0,2.549999999650773,2.549999999223442,2.5499999965107563,2.5499999824934854,2.5499999128866895,2.549999584484775,2.549998128954175,2.549992114896225,2.549969077284825,2.549887613648886,2.549622625085222,2.548832007172081,2.546673487265482,2.5412904002590953,2.5290395229970106,2.5035950641639992,2.455296553678247,2.371243714678912,2.236431262057079,2.0355057883869017,1.7533692666683007
908.0,2.5499999996434384,2.5499999992080378,2.54999999644735,2.5499999822032247,2.5499999115759655,2.549999578847337,2.549998106228413,2.5499920298491383,2.549968783806142,2.5498866847610278,2.54961994060583,2.54882495174517,2.5466566849075996,2.5412542614281466,2.528969524113012,2.5034732527398735,2.4551064834341143,2.370978289818209,2.2361004500123,2.0351397434557654,1.753013539317582
909.0,2.5499999996359652,2.549999999192357,2.54999999638291,2.5499999819086967,2.5499999102479975,2.549999573144128,2.5499980832700397,2.549991944047946,2.549968488107209,2.5498857499880083,2.549617242211179,2.548817867286692,2.5466398298649895,2.5412180411913625,2.5288994221447028,2.5033513436217953,2.4549163665237597,2.3707129164187317,2.235769808280052,2.0347739599355807,1.7526580812384331
910.0,2.549999999628348,2.5499999991763946,2.5499999963174202,2.5499999816098464,2.549999908902593,2.549999567374515,2.5499980600771557,2.5499918574875537,2.549968190176004,2.549884809305467,2.5496145298604613,2.548810753744535,2.5466229220995467,2.5411817395729206,2.528829217227661,2.5032293370573266,2.4547262032164014,2.370447594610585,2.2354393367178713,2.034408437400091,1.752302892226454
911.0,2.549999999620585,2.5499999991601463,2.5499999962508677,2.5499999813066196,2.5499999075395583,2.549999561537861,2.5499980366478536,2.549991770162845,2.549967890000474,2.5498838626890112,2.549611803512882,2.548803611066709,2.546605961573427,2.5411453565972923,2.5287589094975234,2.503107233293585,2.4545359937803823,2.3701823245231055,2.23510903518326,2.034043175423023,1.7519479720650888
912.0,2.549999999612675,2.5499999991436075,2.549999996183236,2.5499999809989613,2.5499999061586966,2.5499995556335238,2.549998012980214,2.5499916820686828,2.549967587568529,2.549882910114218,2.549609063127662,2.5487964392013507,2.546588948249049,2.5411088922892464,2.5286884990899847,2.5029850325772456,2.4543457384831715,2.369917106284863,2.234778903533683,2.0336781735782505,1.7515933205263672
913.0,2.549999999604615,2.549999999126773,2.5499999961145092,2.549999980686815,2.549999904759812,2.5499995496608565,2.549997989072304,2.549991593199907,2.5499672828680473,2.5498819515566358,2.5496063086640373,2.5487892380967185,2.5465718820890917,2.541072346673844,2.5286179861407967,2.5028627351545394,2.454155437591366,2.369651940023668,2.2344489416265705,2.033313431439938,1.7512389373716086
914.0,2.5499999995964022,2.549999999109639,2.5499999960446726,2.549999980370123,2.5499999033427048,2.549999543619208,2.5499979649221833,2.5499915035513356,2.549966975886875,2.5498809869917807,2.5496035400812582,2.5487820077011962,2.5465547630564966,2.541035719776438,2.5285473707857657,2.5027403412712554,2.453965091370697,2.3693868258665702,2.234119149319309,2.032948948582671,1.7508848223520805
915.0,2.549999999588034,2.5499999990922,2.5499999959737103,2.5499999800488298,2.5499999019071744,2.5499995375079223,2.5499979405278976,2.549991413117766,2.5499666666128245,2.54988001639514,2.5496007573385913,2.548774747963292,2.546537591114464,2.5409990116226733,2.5284766531607508,2.502617851172739,2.4537747000860275,2.369121763939867,2.233789526469246,2.0325847245815742,1.7505309752096165
916.0,2.5499999995795073,2.5499999990744526,2.549999995901606,2.549999979722877,2.549999900453018,2.549999531326337,2.5499979158874835,2.5499913218939727,2.5499663550336735,2.5498790397421707,2.5495979603953187,2.548767458831639,2.546520366226455,2.5409622222384822,2.528405833401663,2.5024952651038923,2.45358426400136,2.368856754369104,2.233460072933682,2.032220759012423,1.7501773956772015
917.0,2.54999999957082,2.54999999905639,2.549999995828344,2.5499999793922066,2.549999898980032,2.5499995250737872,2.549997890998965,2.549991229874709,2.5499660411371696,2.5498780570083013,2.5495951492107407,2.5487601402549966,2.5465030883561903,2.5409253516500865,2.5283349116444627,2.5023725833091763,2.4533937833798385,2.3685917972790795,2.233130788569874,2.0318570514517353,1.7498240834795205
918.0,2.549999999561969,2.549999999038008,2.5499999957539075,2.5499999790567593,2.54999989748801,2.549999518749603,2.5499978658603557,2.5499911370547057,2.5499657249110252,2.5498770681689287,2.549592323744173,2.548752792182248,2.5464857574676496,2.5408883998839955,2.5282638880251596,2.502249806032608,2.453203258483748,2.368326892793846,2.2328016732350298,2.0314936014768636,1.7494710383334748
919.0,2.549999999552952,2.549999999019301,2.54999999567828,2.5499999787164755,2.5499998959767436,2.549999512353108,2.5499978404696577,2.5499910434286717,2.5499654063429205,2.549876073199424,2.5495894839549496,2.548745414562403,2.5464683735250704,2.540851366967,2.52819276267981,2.5021269335177636,2.453012689574519,2.368062041036718,2.2324727267863076,2.031130408666072,1.749118259948669
920.0,2.5499999995437657,2.5499999990002653,2.549999995601446,2.5499999783712957,2.549999894446024,2.5499995058836227,2.549997814824863,2.5499909489912946,2.549965085420503,2.5498750720751278,2.5495866298024206,2.5487380073445967,2.5464509364929486,2.5408142529261775,2.5281215357445155,2.5020039660077757,2.4528220769127334,2.367797242130271,2.232143949080816,2.030767472598604,1.748765748027867
921.0,2.549999999534408,2.5499999989808946,2.549999995523387,2.549999978021158,2.5499998928956384,2.549999499340461,2.5499977889239496,2.5499908537372398,2.5499647621313875,2.5498740647713527,2.5495837612459553,2.5487305704780896,2.5464334463360396,2.540777057788886,2.5280502073554207,2.5018809037453345,2.4526314207581223,2.3675324961963455,2.2318153399756113,2.0304047928547475,1.7484135022674263
922.0,2.5499999995248754,2.549999998961184,2.549999995444087,2.549999977666001,2.5499998913253736,2.5499994927229337,2.549997762764886,2.5499907576611514,2.549964436463155,2.5498730512633814,2.5495808782449405,2.5487231039122693,2.5464159030193536,2.5407397815827655,2.5279787776487157,2.501757746972691,2.4524407213695714,2.3672678033560555,2.231486899327696,2.0300423690158906,1.7480615223577
923.0,2.549999999515166,2.549999998941128,2.5499999953635277,2.549999977305764,2.5499998897350147,2.5499994860303463,2.5499977363456305,2.54999066075765,2.5499641084033557,2.549872031526471,2.5495779807587837,2.5487156075966504,2.5463983065081575,2.540702424335735,2.527907246760628,2.5016344959316523,2.4522499790051238,2.367003163729784,2.231158626994023,2.0296802006645707,1.7477098079834226
924.0,2.549999999505276,2.549999998920722,2.549999995281692,2.549999976940383,2.5499998881243444,2.549999479261998,2.5499977096641273,2.549990563021335,2.5499637779395075,2.549871005535847,2.5495750687469076,2.5487080814808722,2.546380656767977,2.5406649860759916,2.5278356148274264,2.5015111508635854,2.452059193921982,2.3667385774371903,2.2308305228314893,2.029318287384518,1.7473583588240664
925.0,2.5499999994952023,2.5499999988999593,2.5499999951985615,2.5499999765697954,2.549999886493144,2.5499994724171855,2.549997682718312,2.5499904644467857,2.549963445059093,2.5498699732667114,2.5495721421687576,2.548700525514703,2.5463629537645893,2.5406274668320097,2.5277638819854182,2.5013877120094152,2.45186836637651,2.366474044597215,2.2305025866969377,2.0289566287606937,1.7470071745541844
926.0,2.549999999484942,2.5499999988788353,2.54999999511412,2.549999976193936,2.5499998848411924,2.549999465495198,2.5499976555061066,2.549990365028556,2.549963109749566,2.5498689346942367,2.549569200983798,2.5486929396480362,2.546345197464031,2.540589866632538,2.527692048370946,2.5012641796096253,2.4516774966242387,2.3662095653280817,2.2301748184471593,2.028595224379323,1.7466562548437263
927.0,2.5499999994744917,2.549999998857343,2.549999995028348,2.549999975812741,2.5499998831682675,2.549999458495321,2.5499976280254217,2.549990264761179,2.549962771998344,2.5498678897935676,2.549566245151513,2.5486853238308935,2.546327387832591,2.5405521855065993,2.5276201141203885,2.5011405539042593,2.451486584919864,2.365945139747297,2.22984721793889,2.0282340738279236,1.7463055993583412
928.0,2.5499999994638487,2.549999998835479,2.549999994941227,2.5499999754261453,2.5499998814741436,2.5499994514168347,2.5499976002741573,2.5499901636391686,2.5499624317928156,2.549866838539822,2.5495632746314056,2.5486776780134237,2.5463095248368153,2.5405144234834887,2.527548079370157,2.50101683513292,2.4512956315172567,2.3656807679716585,2.2295197850288138,2.027873176695333,1.745955207759661
929.0,2.5499999994530103,2.5499999988132362,2.549999994852739,2.549999975034083,2.549999879758595,2.5499994442590155,2.5499975722502026,2.5499900616570126,2.549962089120336,2.5498657809080925,2.5495602893830043,2.5486700021459034,2.5462916084435,2.540476580592774,2.5274759442566954,2.50089302353477,2.4511046366694553,2.3654164501172557,2.229192519573563,2.027512532571728,1.745605079705568
930.0,2.549999999441972,2.549999998790609,2.549999994762864,2.5499999746364868,2.5499998780213926,2.5499994370211323,2.549997543951435,2.549989958809179,2.549961743968227,2.5498647168734436,2.5495572893658536,2.5486622961787364,2.546273638619696,2.54043865686429,2.52740370891648,2.5007691193485315,2.450913600628678,2.365152186299474,2.2288654214297194,2.027152141048639,1.7452552148504465
931.0,2.549999999430731,2.5499999987675914,2.5499999946715852,2.54999997423329,2.5499998762623064,2.549999429702451,2.5499975153757175,2.549989855090114,2.5499613963237815,2.5498636464109143,2.549554274539522,2.548654560062455,2.5462556153327074,2.5404006523281426,2.527331373486014,2.5006451228124873,2.4507225236463204,2.364887976632997,2.228538490453814,2.026792001718971,1.7449056128454197
932.0,2.5499999994192843,2.5499999987441777,2.5499999945788816,2.549999973824425,2.549999874481103,2.549999422302232,2.5499974865209047,2.5499897504942393,2.549961046174257,2.5498625694955184,2.549551244863599,2.5486467937477193,2.5462375385500904,2.540362567014703,2.52725893810183,2.5005210341644797,2.4505314059729577,2.36462382123181,2.2282117265023285,2.026432114177009,1.7445562733385753
933.0,2.5499999994076283,2.549999998720361,2.5499999944847342,2.549999973409822,2.5499998726775495,2.549999414819729,2.549997457384839,2.5499896450159585,2.549960693506881,2.5498614861022393,2.549548200297697,2.5486389971853174,2.5462194082396534,2.54032440095461,2.527186402900487,2.500396853641911,2.4503402478583522,2.364359720209203,2.227885129431699,2.0260724780184307,1.7442071959751753
934.0,2.5499999993957596,2.549999998696136,2.5499999943891227,2.5499999729894127,2.549999870851408,2.549999407254193,2.5499974279653506,2.5499895386496503,2.5499603383088494,2.5498603962060393,2.5495451408014502,2.5486311703261673,2.546201224369455,2.5402861541787636,2.527113768018569,2.5002725814817466,2.450149049551449,2.3640956736777734,2.2275586990983145,2.025713092840313,1.7438583803978558
935.0,2.5499999993836746,2.5499999986714963,2.5499999942920284,2.549999972563127,2.5499998690024412,2.5499993996048684,2.5499973982602575,2.549989431389671,2.5499599805673254,2.549859299781854,2.549542066334517,2.548623313121313,2.5461829869078065,2.5402478267183293,2.5270410335926847,2.5001482179205103,2.4499578113003824,2.363831681749431,2.227232435358523,2.0253539582411353,1.743509826246815
936.0,2.54999999937137,2.5499999986464355,2.54999999419343,2.5499999721308937,2.549999867130409,2.5499993918709944,2.549997368267368,2.5499893232303577,2.5499596202694397,2.5498581968045935,2.549538976856578,2.548615425521931,2.5461646958232667,2.5402094186047335,2.5269681997594637,2.5000237631942905,2.449766533352482,2.363567744535398,2.226906338068627,2.0249950738207834,1.7431615331599897
937.0,2.549999999358842,2.5499999986209465,2.5499999940933074,2.5499999716926407,2.5499998652350686,2.549999384051806,2.5499973379844763,2.5499892141660223,2.5499592574022927,2.5498570872491433,2.5495358723273367,2.5486075074793235,2.546146351084648,2.540170929869663,2.5268952666555577,2.4998992175387342,2.4495752159542685,2.3633038621462132,2.2265804070848936,2.024636439180549,1.742813500773224
938.0,2.549999999346088,2.5499999985950237,2.5499999939916393,2.549999971248297,2.549999863316176,2.5499993761465314,2.5499973074093654,2.5499891041909564,2.549958891952954,2.549855971090363,2.5495327527065217,2.548599558944924,2.546127952661008,2.5401323605450634,2.5268222344176396,2.4997745811890515,2.4493838593514594,2.3630400346917377,2.2262546422635494,2.02427805392313,1.7424657287204248
939.0,2.5499999993331017,2.5499999985686603,2.549999993888406,2.54999997079779,2.549999861373484,2.549999368154395,2.549997276539808,2.5499889932994293,2.5499585239084595,2.5498548483030894,2.5495296179538856,2.548591579870294,2.546109500521657,2.5400937106631387,2.526749103182398,2.499649854380015,2.4491924637889713,2.362776262281154,2.2259290434607886,2.0239199176526297,1.742118216633713
940.0,2.5499999993198816,2.5499999985418498,2.5499999937835858,2.549999970341045,2.549999859406744,2.5499993600746156,2.549997245373562,2.549988881485687,2.549958153255815,2.549853718862133,2.549526468029205,2.548583570207125,2.5460909946361507,2.5400549802563472,2.5266758730865395,2.4995250373459594,2.4490010295109257,2.3625125450229696,2.2256036105327697,2.023562029974551,1.741770964143563
941.0,2.5499999993064235,2.5499999985145854,2.5499999936771576,2.549999969877989,2.5499998574157066,2.549999351906406,2.5499972139083775,2.5499887687439546,2.5499577799819955,2.549852582742281,2.549523302892281,2.548575529907238,2.5460724349742945,2.5400161693574033,2.5266025442667877,2.4994001303207813,2.4488095567606454,2.3622488830250234,2.225278343335624,2.023204390495791,1.7414239708789356
942.0,2.549999999292724,2.5499999984868604,2.5499999935690996,2.549999969408545,2.549999855400119,2.5499993436489747,2.5499971821419893,2.5499886550684363,2.5499574040739437,2.5498514399182977,2.549520122502942,2.5485674589225837,2.5460538215061406,2.5399772779992764,2.5265291168598796,2.499275133537941,2.4486180457806617,2.361985276394483,2.2249532417254527,2.022846998824642,1.7410772364674025
943.0,2.549999999278778,2.549999998458667,2.5499999934593895,2.54999996893264,2.549999853359726,2.5499993353015236,2.549997150072122,2.5499885404533114,2.5499570255185713,2.549850290364922,2.5495169268210396,2.5485593572052436,2.5460351542019866,2.5399383062151863,2.526455591002566,2.4991500472304624,2.4484264968127145,2.361721725237853,2.224628305558336,2.0224898545707766,1.7407307605352669
944.0,2.5499999992645823,2.549999998429999,2.5499999933480066,2.5499999684501953,2.549999851294271,2.5499993268632504,2.5499971176964884,2.549988424892738,2.5499566443027586,2.549849134056871,2.549513715806453,2.548551224707427,2.5460164330323787,2.5398992540386027,2.5263819668316096,2.499024871630933,2.4482349100977574,2.3614582296609763,2.2243035346903306,2.0221329573452467,1.740384542707672
945.0,2.5499999992501317,2.5499999984008492,2.549999993234927,2.5499999679611345,2.549999849203496,2.5499993183333465,2.549997085012788,2.549988308380853,2.549956260413357,2.5498479709688375,2.549510489419086,2.548543061381477,2.5459976579681065,2.5398601215032484,2.5263082444837823,2.498899606971504,2.4480432858759573,2.361194789769034,2.223978928977473,2.021776306760472,1.7400385826087097
946.0,2.5499999992354243,2.5499999983712103,2.549999993120129,2.54999996746538,2.5499998470871392,2.549999309711,2.549997052018709,2.549988190911771,2.5499558738371837,2.5498468010754918,2.5495072476188705,2.5485348671798636,2.5459788289802066,2.539820908643092,2.526234424095867,2.49877425348389,2.4478516243866997,2.360931405666551,2.223654488275785,2.021419902430234,1.739692879861517
947.0,2.5499999992204554,2.5499999983410753,2.5499999930035897,2.5499999669628526,2.5499998449449386,2.549999300995391,2.5499970187119283,2.549988072479584,2.5499554845610266,2.54984562435148,2.5495039903657646,2.548526642055189,2.54595994603996,2.539781615492351,2.5261605058046537,2.4986488113993714,2.447659925868588,2.3606680774574005,2.223330212441275,2.021063743969666,1.739347434088374
948.0,2.5499999992052205,2.549999998310436,2.5499999928852857,2.5499999664534725,2.549999842776628,2.549999292185695,2.5499969850901096,2.5499879530783613,2.549955092571643,2.5498444407714285,2.549500717619753,2.5485183859601857,2.545941009118892,2.539742242085486,2.5260864897469406,2.498523280948793,2.4474681905594484,2.3604048052448032,2.2230061013299416,2.0207078309952426,1.7390022449107885
949.0,2.5499999991897147,2.549999998279285,2.5499999927651933,2.549999965937159,2.5499998405819406,2.549999283281082,2.549996951150906,2.5499878327021506,2.54995469785576,2.549843250309938,2.549497429340849,2.5485100988477174,2.5459220181887714,2.5397027884572045,2.526012376059529,2.4983976623625646,2.447276418696333,2.3601415891313327,2.222682154797775,2.0203521631247714,1.7386573119495847
950.0,2.5499999991739344,2.549999998247616,2.5499999926432895,2.5499999654138326,2.5499998383606064,2.549999274280718,2.549996916891957,2.5499877113449783,2.5499543004000733,2.5498420529415897,2.549494125489094,2.5485017806707777,2.5459029732216094,2.539663254642456,2.5259381648792263,2.4982719558706608,2.4470846105155215,2.3598784292189174,2.2223583727007625,2.019996739977382,1.7383126348249789
951.0,2.5499999991578752,2.54999999821542,2.5499999925195502,2.5499999648834106,2.5499998361123537,2.549999265183761,2.549996882310891,2.5499875890008465,2.549953900191248,2.549840848640942,2.5494908060245556,2.548493431382492,2.545883874189661,2.5396236406764325,2.525863856342843,2.498146161702623,2.4468927662525206,2.359615325608843,2.2220347548948896,2.019641561173514,1.7379682131566565
952.0,2.5499999991415327,2.5499999981826904,2.5499999923939507,2.5499999643458113,2.549999833836908,2.549999255989365,2.5499968474053234,2.549987465663739,2.5499534972159177,2.549839637382531,2.5494874709073314,2.5484850509361165,2.5458647210654246,2.5395839465945667,2.5257894505871903,2.4980202800875597,2.4467008861420694,2.359352278401756,2.2217113012361445,2.019286626334908,1.7376240465638426
953.0,2.549999999124902,2.5499999981494184,2.549999992266468,2.549999963800949,2.5499998315339947,2.5499992466966783,2.549996812172859,2.5499873413276126,2.5499530914606874,2.5498384191408725,2.549484120097547,2.5484766392850395,2.545845513821637,2.53954417243253,2.5257149477490812,2.497894311254144,2.4465089704181446,2.3590892876976666,2.22138801158052,2.018931935084596,1.7372801346653688
954.0,2.5499999991079787,2.5499999981155965,2.5499999921370757,2.549999963248741,2.5499998292033346,2.5499992373048443,2.5499967766110885,2.5499872159864063,2.5499526829121297,2.54983719389046,2.5494807535553585,2.5484681963827795,2.5458262524312785,2.539504318226231,2.525640347965328,2.4977682554306155,2.4463170193139567,2.358826353595951,2.221064885784018,2.018577487046886,1.7369364770797375
955.0,2.5499999990907587,2.549999998081216,2.54999999200575,2.5499999626891023,2.5499998268446475,2.5499992278129997,2.549996740717591,2.5499870896340338,2.549952271556791,2.549835961605767,2.5494773712409495,2.5484597221829874,2.5458069368675686,2.5394643840118167,2.525565651372742,2.4976421128447837,2.446125033061958,2.3585634761953544,2.22074192370265,2.0182232818473542,1.7365930734251813
956.0,2.549999999073237,2.5499999980462698,2.549999991872465,2.549999962121948,2.5499998244576507,2.5499992182202753,2.5499967044899345,2.549986962264388,2.549951857381183,2.5498347222612447,2.549473973114534,2.548451216639445,2.5457875671039676,2.53942436982567,2.5254908581081277,2.497515883724023,2.4459330118938403,2.358300655593994,2.2204191251924437,2.017869319112833,1.7362499233197197
957.0,2.549999999055409,2.549999998010749,2.549999991737196,2.5499999615471904,2.5499998220420594,2.5499992085257976,2.549996667925673,2.5499868338713383,2.5499514403717893,2.5498334758313255,2.549470559136357,2.5484426797060675,2.5457681431141763,2.539384275704405,2.5254159683082893,2.497389568295277,2.4457409560405416,2.358037891889362,2.2200964901094435,2.017515598471397,1.7359070263812126
958.0,2.549999999037271,2.549999997974645,2.5499999915999165,2.549999960964743,2.549999819597586,2.549999198728687,2.5499966310223505,2.5499867044487354,2.549951020515064,2.5498322222904215,2.549467129266693,2.5484341113368987,2.545748664872133,2.539344101684873,2.5253409821100252,2.4972631667850576,2.4455488657322473,2.3577751851783275,2.2197740183097134,2.0171621195523546,1.7355643822274116
959.0,2.5499999990188154,2.54999999793795,2.5499999914606,2.5499999603745165,2.54999981712394,2.549999188828057,2.5499965937774967,2.5499865739904046,2.54995059779743,2.5498309616129213,2.5494636834658477,2.548425511486117,2.5457291323520144,2.539303847804153,2.5252658996501256,2.4971366794194436,2.4453567411983883,2.35751253555714,2.2194517096493422,2.016808881986237,1.7352219904760084
960.0,2.5499999990000393,2.5499999979006547,2.549999991319221,2.549999959776422,2.5499998146208314,2.5499991788230174,2.549996556188628,2.5499864424901504,2.5499501722052815,2.5498296937731992,2.5494602216941566,2.5484168801080322,2.545709545528236,2.539263514099557,2.5251907210653757,2.497010106424085,2.445164582667652,2.3572499431214315,2.2191295639844446,2.016455885404784,1.7348798507446792
961.0,2.5499999989809377,2.5499999978627503,2.549999991175752,2.54999995917037,2.549999812087965,2.549999168712671,2.549996518253252,2.5499863099417537,2.549949743724983,2.5498284187456037,2.5494567439119873,2.548408217157087,2.5456899043754504,2.5392231006086257,2.5251154464925496,2.4968834480242013,2.4449723903679748,2.356987407966221,2.2188075811711645,2.0161031294409826,1.7345379668393044
962.0,2.5499999989615048,2.549999997824228,2.5499999910301665,2.549999958556269,2.549999809525045,2.5499991584961155,2.5499964799688617,2.549986176338975,2.5499493123428683,2.5498271365044687,2.549453250079739,2.548399522587855,2.545670208868547,2.5391826073691273,2.5250400760684113,2.496756704444579,2.4447801645265517,2.3567249301859152,2.218485761065678,2.0157506137300576,1.734196343548923
963.0,2.549999998941736,2.549999997785079,2.549999990882437,2.5499999579340287,2.5499998069317713,2.5499991481724424,2.5499964413329366,2.549986041675551,2.5499488780452415,2.5498258470241066,2.549449740157843,2.5483907963550423,2.5456504589826525,2.5391420344190565,2.524964609929715,2.496629875909578,2.444587905369837,2.356462509874314,2.218164103524197,2.015398337910841,1.733854980162416
964.0,2.5499999989216264,2.549999997745296,2.549999990732537,2.5499999573035557,2.549999804307844,2.5499991377407376,2.5499964023429453,2.549985905945198,2.5499484408183783,2.549824550278811,2.549446214106761,2.5483820384134885,2.5456306546931287,2.539101381796634,2.5248890482132027,2.4965029626431265,2.4443956131235454,2.356200147124607,2.2178426084029743,2.0150463016257167,1.7335138759856372
965.0,2.54999999890117,2.549999997704867,2.5499999905804374,2.549999956664757,2.5499998016529597,2.549999127200081,2.5499963629963447,2.5499857691416086,2.549948000648525,2.549823246242857,2.5494426718869887,2.548373248718166,2.545610795975571,2.5390606495403047,2.524813391055602,2.4963759648687236,2.4442032880126545,2.3559378420293866,2.2175212755583043,2.0146945045203526,1.733173030340489
966.0,2.5499999988803617,2.549999997663784,2.5499999904261106,2.549999956017538,2.5499997989668124,2.549999116549547,2.5499963232905776,2.549985631258455,2.549947557521897,2.5498219348905016,2.549439113459056,2.548364427224177,2.545590882805813,2.5390198376887367,2.524737638593628,2.4962488828094402,2.4440109302614084,2.3556755946806396,2.217200104846533,2.0143429462434463,1.732832442564058
967.0,2.549999998859196,2.5499999976220384,2.5499999902695274,2.549999955361804,2.5499997962490935,2.549999105788204,2.549996283223076,2.5499854922893848,2.5499471114246823,2.549820616195982,2.5494355387835226,2.54835557388676,2.545570915159921,2.5389789462808197,2.524661790963978,2.49612171668792,2.443818540093318,2.3554134051697586,2.216879096124059,2.0139916264464985,1.7324921120077983
968.0,2.5499999988376674,2.5499999975796204,2.54999999011066,2.549999954697459,2.5499997934994925,2.549999094915115,2.5499962427912575,2.5499853522280262,2.5499466623430393,2.5498192901335197,2.549431947820984,2.548346688661284,2.5455508930141932,2.5389379753556636,2.524585848303333,2.495994466726377,2.443626117731165,2.35515127358754,2.2165582492473423,2.0136405447835997,1.7321520380367654
969.0,2.54999999881577,2.5499999975365197,2.549999989949479,2.5499999540244067,2.5499997907176972,2.549999083929336,2.5499962019925286,2.549985211067983,2.5499462102630965,2.5498179566773156,2.549428340532069,2.548337771503252,2.5455308163451638,2.5388969249525974,2.524509810748358,2.4958671331465987,2.443433663397003,2.3548892000241883,2.2162375640729097,2.013289700911238,1.7318122200288972
970.0,2.5499999987935,2.5499999974927268,2.549999989785955,2.5499999533425486,2.549999787903392,2.5499990728299173,2.549996160824282,2.549985068802838,2.549945755170954,2.5498166158015527,2.549424716877439,2.5483288223683,2.5455106851295968,2.538855795111169,2.524433678435697,2.4957397161699446,2.4432411773121627,2.3546271845693183,2.2159170404573616,2.0129390944881154,1.7314726573743364
971.0,2.549999998770851,2.5499999974482326,2.549999989620058,2.5499999526517865,2.5499997850562584,2.5499990616159045,2.5499961192838985,2.549984925426152,2.549945297052683,2.5498152674803993,2.54942107681779,2.5483198412121952,2.545490499344491,2.538814585871144,2.5243574515019755,2.4956122160173475,2.443048659697251,2.35436522731196,2.2155966782573775,2.0125887251749885,1.7311333494747905
972.0,2.5499999987478157,2.549999997403026,2.5499999894517584,2.549999951952021,2.549999782175977,2.5499990502863366,2.5499960773687462,2.5499847809314624,2.5499448358943257,2.5498139116880054,2.5494174203138544,2.548310827990841,2.5454702589670752,2.5387732972725026,2.5242811300837986,2.4954846329093154,2.442856110772154,2.3541033283405564,2.21527647732972,2.0122385926345174,1.7307942957429365
973.0,2.54999999872439,2.549999997357098,2.5499999892810252,2.549999951243152,2.5499997792622255,2.5499990388402463,2.54999603507618,2.5499846353122866,2.5499443716818955,2.5498125483985024,2.5494137473263967,2.548301782660272,2.54544996397481,2.5387319293554387,2.5242047143177473,2.495356967065929,2.4426635307560405,2.3538414877429723,2.2149564375312463,2.0118886965311247,1.7304554956018545
974.0,2.5499999987005673,2.5499999973104366,2.5499999891078287,2.5499999505250774,2.5499997763146776,2.5499990272766606,2.549995992403544,2.5499844885621172,2.549943904401377,2.549811177586007,2.549410057816219,2.5482927051766553,2.5454296143453847,2.5386904821603613,2.5241282043403803,2.4952292187068426,2.4424709198673615,2.353579705606493,2.214636558718908,2.0115390365308734,1.7301169484844965
975.0,2.5499999986763413,2.549999997263033,2.549999988932137,2.5499999497976957,2.5499997733330075,2.5499990155946017,2.549995949348167,2.549984340674427,2.5499434340387284,2.5498097992246174,2.549406351744157,2.548283595496294,2.5454092100567203,2.538648955727891,2.5240516002882334,2.4951013880512884,2.442278278323857,2.3533179820178294,2.2143168407497633,2.0111896123013455,1.729778653833188
976.0,2.5499999986517063,2.5499999972148775,2.54999998875392,2.5499999490609033,2.5499997703168837,2.549999003793083,2.5499959059073687,2.549984191642665,2.549942960579876,2.549808413288417,2.5494026290710834,2.548274453575621,2.545388751086967,2.5386073500988573,2.5239749022978164,2.4949734753180715,2.4420856063425527,2.3530563170631185,2.213997283480978,2.0108404235115405,1.7294406110991578
977.0,2.5499999986266557,2.5499999971659584,2.5499999885731452,2.5499999483145963,2.549999767265974,2.549998991871114,2.549995862078452,2.54998404146026,2.5499424840107197,2.5498070197514715,2.5493988897579047,2.548265279371208,2.545368237414503,2.5385656653143025,2.523898110505614,2.494845480725573,2.4418929041397686,2.352794710827928,2.213677886769832,2.010491469831776,1.7291028197420955
978.0,2.549999998601184,2.5499999971162643,2.549999988389781,2.54999994755867,2.5499997641799426,2.5499989798276976,2.54999581785871,2.5499838901206173,2.5499420043171312,2.549805618587832,2.549395133765566,2.548256072839756,2.5453476690179353,2.5385239014154766,2.523821225048081,2.4947174044917504,2.441700171931115,2.3525331633972564,2.213358650473727,2.010142750933601,1.7287652792297328
979.0,2.549999998575285,2.549999997065786,2.5499999882037936,2.549999946793018,2.549999761058453,2.5499989676618307,2.549995773245421,2.5499837376171204,2.549941521484952,2.549804209771534,2.5493913610550467,2.5482468339380993,2.5453270458760984,2.5384820584438357,2.5237442460616455,2.4945892468341393,2.4415074099315004,2.3522716748555412,2.213039574450189,2.0097942664897124,1.7284279890374545
980.0,2.5499999985489508,2.5499999970145115,2.5499999880151525,2.549999946017533,2.5499997579011637,2.549998955372503,2.549995728235851,2.5499835839431295,2.5499410354999994,2.5498027932765956,2.5493875715873653,2.5482375626232074,2.5453063679680543,2.5384401364410425,2.5236671736827083,2.494461007969851,2.441314618355128,2.3520102452866567,2.2127206585568757,2.009446016173884,1.7280909486479255
981.0,2.5499999985221766,2.5499999969624296,2.549999987823824,2.549999945232108,2.5499997547077333,2.5499989429587004,2.5499956828272556,2.5499834290919856,2.5499405463480596,2.549801369077022,2.549383765323576,2.5482282588521836,2.5452856352730913,2.5383981354489658,2.5235900080476377,2.494332688115572,2.441121797415503,2.351748874773918,2.2124019026515773,2.0090979996608986,1.7277541575507451
982.0,2.549999998494955,2.549999996909529,2.5499999876297745,2.549999944436633,2.549999751477816,2.549998930419401,2.5499956370168744,2.549983273057005,2.5499400540148898,2.549799937146801,2.54937994222477,2.5482189225822647,2.5452648477707243,2.5383560555096776,2.5235127492927703,2.4942042874875714,2.440928947325431,2.3514875634000845,2.2120833065922247,2.0087502166264866,1.7274176152421172
983.0,2.549999998467279,2.549999996855799,2.54999998743297,2.5499999436309992,2.5499997482110643,2.5499989177535767,2.549995590801935,2.549983115831483,2.5499395584862237,2.549798497459907,2.5493761022520762,2.5482095537708216,2.545244005440693,2.5383138966654526,2.523435397554412,2.4940758063016943,2.440736068297024,2.351226311247363,2.211764870236891,2.0084026667472714,1.7270813212245424
984.0,2.5499999984391426,2.549999996801228,2.5499999872333774,2.549999942815095,2.549999744907128,2.549998904960193,2.5499955441796525,2.549982957408693,2.5499390597477634,2.5497970499902998,2.549372245366662,2.548200152375358,2.545223108262963,2.538271658958767,2.523357952968836,2.493947244773364,2.4405431605416976,2.35096511839741,2.211446593443797,2.008055349700716,1.7267452750065255
985.0,2.5499999984105393,2.5499999967458042,2.549999987030961,2.5499999419888093,2.5499997415656535,2.5499988920382104,2.5499954971472296,2.549982797781885,2.5499385577851847,2.549795594711924,2.549368371529734,2.548190718353512,2.5452021562177234,2.5382293424322975,2.52328041567228,2.493818603117585,2.4403502242701784,2.3507039849313345,2.211128476071312,2.0077082651650833,1.7264094761023017
986.0,2.5499999983814607,2.549999996689516,2.549999986825687,2.549999941152029,2.549999738186286,2.549998878986582,2.549995449701856,2.5499826369442893,2.5499380525841366,2.54979413159871,2.549364480702535,2.548181251663056,2.5451811492853875,2.5381869471289207,2.523202785800946,2.493689881548938,2.4401572596925036,2.3504429109296994,2.2108105179779636,2.0073614128193893,1.7260739240315768
987.0,2.5499999983519004,2.549999996632351,2.54999998661752,2.54999994030464,2.5499997347686665,2.549998865804256,2.549995401840707,2.549982474889113,2.5499375441302394,2.5497926606245755,2.549360572846347,2.548171752261897,2.545160087446592,2.53814447309171,2.5231250634910016,2.493561080281588,2.4399642670180235,2.3501818964725283,2.2104927190224304,2.0070147923433708,1.7257386183192838
988.0,2.549999998321853,2.5499999965742974,2.549999986406425,2.549999939446529,2.5499997313124347,2.5499988524901727,2.5499953535609463,2.5499823116095404,2.5499370324090873,2.549791181763423,2.5493566479224925,2.548162220108076,2.5451389706821965,2.538101920363936,2.523047248878577,2.4934321995292783,2.439771246455402,2.349920941639304,2.210175079063554,2.006668403417447,1.7254035584953522
989.0,2.5499999982913093,2.549999996515343,2.549999986192366,2.54999993857758,2.5499997278172266,2.5499988390432664,2.549995304859725,2.5499821470987345,2.549936517406245,2.549789694989142,2.5493527058923315,2.548152655159766,2.545117798973284,2.538059288989065,2.522969342099764,2.4933032395053343,2.439578198212623,2.3496600465089736,2.209857597960337,2.006322245722695,1.7250687440944903
990.0,2.549999998260263,2.5499999964554747,2.549999985975307,2.5499999376976747,2.5499997242826757,2.5499988254624677,2.5499952557341796,2.5499819813498363,2.5499359991072525,2.549788200275608,2.5493487467172637,2.5481430573752757,2.5450965723011563,2.5380165790107596,2.522891343290615,2.493174200422661,2.4393851224969882,2.3493992111599518,2.2095402755719475,2.0059763189408173,1.7247341746559806
991.0,2.549999998228707,2.549999996394681,2.5499999857552096,2.5499999368066963,2.5499997207084144,2.5499988117466965,2.549995206181435,2.5499818143559643,2.549935477497622,2.549786697596685,2.549344770358729,2.5481334267130475,2.5450752906473397,2.537973790472875,2.5228132525871443,2.4930450824937482,2.439192019515122,2.349138435670122,2.209223111757718,2.0056306227541216,1.7243998497234863
992.0,2.5499999981966326,2.549999996332949,2.549999985532039,2.549999935904526,2.5499997170940705,2.549998797894869,2.549995156198603,2.549981646110216,2.549934952562837,2.549785186926222,2.5493407767782066,2.5481237631316587,2.545053953993578,2.537930923419458,2.522735070125324,2.4929158859306666,2.4389988894729715,2.34887772011684,2.20890610637715,2.0052851568454977,1.7240657688448686
993.0,2.549999998164033,2.549999996270266,2.5499999853057576,2.549999934991044,2.5499997134392687,2.549998783905895,2.5499951057827803,2.549981476605666,2.5499344242883564,2.5497836682380566,2.5493367659372166,2.54811406658982,2.5450325623218384,2.537887977894747,2.522656796041085,2.49278661094507,2.4388057325758115,2.3486170645769375,2.2085892592899143,2.0049399208983996,1.7237319315720137
994.0,2.5499999981309007,2.5499999962066187,2.549999985076327,2.5499999340661286,2.5499997097436338,2.5499987697786777,2.5499950549310535,2.549981305835367,2.5499338926596113,2.549782141506014,2.5493327377973203,2.5481043370463756,2.545011115614304,2.5378449539431704,2.5225784304703143,2.4926572577481956,2.4386125490282438,2.348356469126723,2.2082725703558537,2.0045949145968267,1.723398337460671
995.0,2.5499999980972277,2.5499999961419944,2.5499999848437094,2.549999933129659,2.5499997060067847,2.549998755512113,2.549995003640495,2.549981133792351,2.549933357662005,2.5497806067039064,2.5493286923201186,2.5480945744603067,2.5449896138533794,2.5378018516093483,2.5224999735488582,2.492527826550865,2.4384193390342017,2.3480959338419876,2.2079560394349826,2.00425013762531,1.7230649860702971
996.0,2.5499999980630057,2.54999999607638,2.5499999846078665,2.549999932181512,2.549999702228339,2.549998741105092,2.5499949519081637,2.549980960469627,2.5499328192809165,2.5497790638055333,2.5493246294672542,2.5480847787907255,2.5449680570216864,2.537758670938085,2.5224214254125163,2.492398317563484,2.438226102796949,2.3478354587980044,2.207639666387488,2.0039055896688995,1.7227318769639133
997.0,2.5499999980282277,2.549999996009762,2.549999984368759,2.5499999312215627,2.549999698407913,2.5499987265564967,2.549994899731104,2.5499807858601824,2.5499322775016973,2.5497775127846842,2.54932054920041,2.5480749499968813,2.544946445102065,2.5377154119743723,2.522342786197043,2.492268730996042,2.4380328405190865,2.347575044069537,2.2073234510737314,2.003561270413153,1.7223990097079662
998.0,2.5499999979928853,2.5499999959421253,2.549999984126348,2.549999930249687,2.5499996945451175,2.5499987118652063,2.549994847106351,2.549980609956981,2.5499317323096715,2.5497759536151356,2.549316451481311,2.5480650880381552,2.544924778077572,2.5376720747633894,2.522264056038148,2.492139067058116,2.4378395524025493,2.3473146897308337,2.207007393354249,2.003217179544125,1.7220663838721988
999.0,2.54999999795697,2.5499999958734585,2.5499999838805945,2.5499999292657582,2.549999690639563,2.54999869703009,2.5499947940309227,2.549980432752968,2.549931183690137,2.5497743862706534,2.5493123362717234,2.5480551928740645,2.544903055931482,2.5376286593505,2.522185235071494,2.4920093259588656,2.4376462386486133,2.347054395855637,2.2066914930897528,2.0028733167483574,1.7217339990295268
1000.0,2.549999997920474,2.549999995803747,2.5499999836314577,2.549999928269649,2.5499996866908545,2.5499986820500133,2.549994740501825,2.549980254241064,2.5499306316283663,2.549772810724991,2.5493082035334576,2.5480452644642604,2.544881278647285,2.5375851657812505,2.522106323432694,2.491879507907041,2.4374528994578943,2.3467941625171864,2.2063757501411296,2.002529681712876,1.7214018547559236
1001.0,2.5499999978833885,2.5499999957329766,2.5499999833788976,2.5499999272612306,2.549999682698596,2.549998666923833,2.5499946865160537,2.549980074414168,2.549930076109606,2.5497712269518917,2.5493040532283637,2.5480353027685276,2.544859446208686,2.5375415941013686,2.522027321257313,2.4917496131109758,2.4372595350303525,2.346533989788217,2.2060601643694424,2.002186274125179,1.721069950630309
1002.0,2.5499999978457057,2.5499999956611337,2.5499999831228735,2.549999926240374,2.549999678662388,2.5499986516504007,2.5499946320705855,2.5499798932651583,2.5499295171190757,2.549769634925089,2.5492998853183355,2.5480253077467863,2.544837558599607,2.537497944356765,2.5219482286808677,2.4916196417785916,2.437066145565291,2.346273877740966,2.205744735635929,2.001843093673238,1.7207382862344482
1003.0,2.5499999978074164,2.5499999955882027,2.549999982863343,2.5499999252069485,2.5499996745818296,2.549998636228561,2.5499945771623898,2.549979710786891,2.5499289546419694,2.549768034618304,2.54929569976531,2.5480152793590904,2.544815615804183,2.5374542165935314,2.5218690458388213,2.4914895941173993,2.4368727312613623,2.3460138264471726,2.205429463802004,2.001500140045488,1.7204068611528494
1004.0,2.549999997768513,2.5499999955141694,2.549999982600265,2.549999924160822,2.549999670456516,2.549998620657151,2.5499945217884195,2.5499795269722005,2.5499283886634547,2.5497664260052475,2.549291496531266,2.548005217565629,2.5447936178067625,2.5374104108579365,2.5217897728665895,2.4913594703344955,2.4366792923165663,2.345753835978085,2.2051143487292557,2.0011574129308287,1.7200756749726736
1005.0,2.5499999977289853,2.5499999954390202,2.549999982333598,2.5499999231018626,2.5499996662860385,2.549998604935003,2.549994465945614,2.549979341813898,2.5499278191686763,2.549764809059621,2.5492872755782257,2.5479951223267245,2.5447715645919087,2.5373665271964283,2.521710409899532,2.491229270636567,2.436485828928256,2.3454939064044598,2.20479939027945,2.00081491201862,1.7197447272836457
1006.0,2.549999997688825,2.5499999953627395,2.5499999820632993,2.549999922029936,2.549999662069987,2.549998589060941,2.549994409630901,2.5499791553047753,2.549927246142749,2.5497631837551173,2.5492830368682555,2.5479849936028334,2.5447494561443977,2.5373225656556317,2.521630957072959,2.4910989952298896,2.4362923412931368,2.3452340377965624,2.204484588314526,2.000472636998679,1.7194140176779706
1007.0,2.549999997648024,2.5499999952853125,2.5499999817893255,2.549999920944907,2.549999657807948,2.549998573033783,2.5499943528411944,2.5499789674376,2.549926669570764,2.5497615500654174,2.549278780363466,2.5479748313545487,2.5447272924492155,2.537278526282348,2.5215514145221243,2.4909686443203296,2.4360988296072703,2.344974230224179,2.204169942696597,2.0001305875612805,1.7190835457502547
1008.0,2.5499999976065726,2.549999995206724,2.5499999815116334,2.5499999198466394,2.5499996534995053,2.549998556852341,2.5499942955733927,2.549978778205119,2.5499260894377875,2.549759907964192,2.54927450602601,2.5479646355425953,2.5447050734915626,2.5372344091235517,2.521471782382228,2.4908382181133435,2.435905294066076,2.344714483756607,2.2038554532879515,1.9997887633971565,1.718753311097431
1009.0,2.549999997564461,2.549999995126958,2.5499999812301795,2.549999918734996,2.54999964914424,2.5499985405154195,2.5499942378243845,2.549978587600058,2.5499255057288597,2.5497582574251045,2.549270213818086,2.5479544061278356,2.5446827992568495,2.537190214226393,2.521392060788416,2.490707716813977,2.4357117348643316,2.344454798462668,2.20354111995105,1.9994471641974942,1.7184233133186864
1010.0,2.5499999975216805,2.5499999950459995,2.5499999809449196,2.5499999176098385,2.549999644741729,2.5499985240218166,2.549994179591043,2.5499783956151196,2.549924918428996,2.5497565984218085,2.549265903701936,2.547944143071262,2.544660469730697,2.537145941638194,2.5213122498757756,2.4905771406268684,2.4355181521961775,2.3441951744107055,2.203226942548526,1.9991057896539386,1.7180935520153962
1011.0,2.54999999747822,2.549999994963833,2.5499999806558087,2.549999916471027,2.549999640291547,2.5499985073703226,2.549994120870228,2.5499782022429858,2.5499243275231853,2.549754930927949,2.5492615756398473,2.5479338463340047,2.544638084898937,2.537101591406448,2.5212323497793387,2.4904464897562475,2.4353245462551185,2.343935611668589,2.202912920943183,1.9987646394585907,1.7177640267910592
1012.0,2.5499999974340732,2.549999994880442,2.5499999803628026,2.5499999153184216,2.549999635793267,2.5499984905597226,2.549994061658787,2.5499780074763168,2.5499237329963935,2.5497532549171615,2.549257229594152,2.547923515877327,2.54461564474761,2.53705716357882,2.521152360634078,2.4903157644059357,2.4351309172340247,2.3436761103037167,2.202599054997997,1.99842371330401,1.7174347372512373
1013.0,2.5499999973892282,2.549999994795811,2.549999980065855,2.5499999141518788,2.549999631246457,2.549998473588794,2.5499940019535523,2.54997781130775,2.5499231348335596,2.549751570363074,2.5492528655272273,2.547913151662627,2.5445931492629654,2.5370126582031447,2.521072282574909,2.4901849647793486,2.434937265325134,2.3434166703830175,2.2022853445761146,1.998083010883216,1.7171056830034983
1014.0,2.549999997343676,2.549999994709924,2.54999997976492,2.549999912971256,2.5499996266506844,2.5499984564563083,2.5499939417513446,2.549977613729903,2.549922533019599,2.549749877239305,2.5492484834014952,2.5479027536514383,2.544570598431461,2.5369680753274233,2.5209921157366866,2.4900540910794944,2.434743590720053,2.3431572919729526,2.201971789540849,1.9977425318896878,1.7167768636573597
1015.0,2.5499999972974066,2.549999994622763,2.5499999794599515,2.54999991177641,2.5499996220055117,2.549998439161029,2.549993881048971,2.5499774147353698,2.5499219275394016,2.5497481755194666,2.5492440831794236,2.5478923218054264,2.544547992239764,2.536923414999828,2.5209118602542055,2.489923143508974,2.434549893609763,2.3428979751395227,2.2016583897556834,1.9974022760173675,1.7164482788242383
1016.0,2.5499999972504095,2.549999994534313,2.549999979150902,2.5499999105671938,2.549999617310498,2.549998421701713,2.5499938198432233,2.5499772143167228,2.5499213183778333,2.549746465177161,2.5492396648235274,2.547881856086392,2.544525330674745,2.536878677268694,2.5208315162622013,2.489792122269985,2.4343561741846176,2.3426387199482646,2.201345145084267,1.9970622429606626,1.7161199281174009
1017.0,2.549999997202675,2.5499999944445566,2.5499999788377252,2.549999909343461,2.5499996125652005,2.5499984040771118,2.5499937581308822,2.5499770124665155,2.549920705519734,2.549744746185984,2.549235228296365,2.547871356456271,2.544502613723486,2.5368338621825246,2.520751083895345,2.489661027564318,2.4341624326343467,2.342379526464259,2.201032055390417,1.9967224324144466,1.7157918111519157
1018.0,2.5499999971541927,2.549999994353477,2.5499999785203737,2.549999908105064,2.549999607769173,2.5499983862859676,2.5499936959087135,2.5499768091772763,2.549920088949921,2.549743018519524,2.5492307735605437,2.5478608228771322,2.5444798413732723,2.5367889697899857,2.520670563288247,2.489529859593359,2.433968669148058,2.342120394752131,2.200719120538111,1.9963828440740614,1.7154639275446095
1019.0,2.5499999971049525,2.549999994261057,2.5499999781987985,2.5499999068518546,2.549999602921967,2.549998368327018,2.5499936331734694,2.5499766044415138,2.549919468653186,2.5497412821513614,2.549226300578716,2.5478502553111806,2.544457013611596,2.536744000139907,2.520589954575454,2.4893986185580905,2.4337748839142392,2.341861324876051,2.2004063403914937,1.9960434776353213,1.7151362769140237
1020.0,2.5499999970549436,2.5499999941672793,2.5499999778729507,2.549999905583681,2.5499995980231307,2.5499983501989933,2.5499935699218894,2.5499763982517165,2.5499188446142975,2.5497395370550704,2.5492218093135817,2.547839653720753,2.5444341304261524,2.536698953281281,2.5205092578914474,2.489267304659092,2.433581077120761,2.3416023168997397,2.200093714814873,1.9957043327945132,1.7148088588803758
1021.0,2.549999997004155,2.5499999940721265,2.549999977542782,2.5499999043003925,2.549999593072208,2.5499983319006163,2.549993506150699,2.549976190600348,2.5499182168179986,2.5497377832042174,2.549217299727886,2.5478290180683216,2.5444111918048424,2.536653829263261,2.5204284733706466,2.489135918096538,2.4333872489548782,2.3413433708864693,2.1997812436727164,1.9953654092484434,1.7144816767885278
1022.0,2.5499999969525766,2.5499999939755806,2.5499999772082425,2.5499999030018357,2.549999588068741,2.549998313430601,2.5499934418566097,2.5499759814798533,2.5499175852490072,2.5497360205723636,2.5492127717844233,2.5478183483164942,2.544388197735772,2.5366086281351614,2.520347601147403,2.489004459070203,2.4331933996032307,2.341084486899069,2.1994689268296543,1.9950267066953202,1.7141547348598587
1023.0,2.549999996900197,2.549999993877624,2.549999976869282,2.549999901687857,2.549999583012268,2.549998294787658,2.549993377036321,2.5499757708826536,2.5499169498920207,2.549734249133062,2.5492082254460335,2.547807644428011,2.5443651482072487,2.536563349946455,2.5202666413560033,2.4888729277794575,2.432999529251846,2.340825664999922,2.1991567641504735,1.9946882248359705,1.7138280324284354
1024.0,2.5499999968470055,2.549999993778238,2.5499999765258496,2.5499999003583,2.549999577902325,2.549998275970488,2.5499933116865168,2.5499755588011497,2.5499163107317093,2.5497324688598604,2.549203660675606,2.5477969063657455,2.5443420432077843,2.5365179947467746,2.5201855941306652,2.4887413244232723,2.432805638086143,2.3405669052509728,2.198844755500122,1.9943499633738069,1.7135015688446564
1025.0,2.549999996792991,2.5499999936774045,2.5499999761778946,2.5499998990130095,2.5499995727384444,2.549998256977786,2.549993245803869,2.5499753452277214,2.549915667752723,2.5497306797263004,2.549199077436076,2.5477861340927084,2.544318882726092,2.536472562585907,2.5201044596055406,2.4886096492002157,2.4326117262909333,2.3403082077137283,2.198532900743707,1.9940119220146018,1.7131753434743848
1026.0,2.549999996738142,2.549999993575105,2.5499999758253655,2.5499998976518268,2.5499995675201546,2.5499982378082415,2.549993179385035,2.5499751301547264,2.5499150209396837,2.5497288817059176,2.5491944756904283,2.5477753275720416,2.5442956667510854,2.5364270535137994,2.5200232379147134,2.488477902308456,2.4324177940504206,2.34004957244926,2.1982211997464973,1.9936741004662808,1.712849355698131
1027.0,2.549999996682446,2.549999993471321,2.5499999754682103,2.5499998962745933,2.5499995622469815,2.5499982184605336,2.5499931124266584,2.5499749135745002,2.5499143702771927,2.549727074772242,2.5491898554016945,2.547764486767022,2.5442723952718818,2.536381467580551,2.5199419291921967,2.4883460839457614,2.4322238415482054,2.3397909995182053,2.1979096523739234,1.9933364984387338,1.7125236049102825
1028.0,2.5499999966258944,2.5499999933660327,2.5499999751063767,2.549999894881148,2.5499995569184493,2.5499981989333365,2.54999304492537,2.5499746954793583,2.5499137157498275,2.5497252588987998,2.5491852165329565,2.547753611641061,2.5442490682777974,2.5363358048364177,2.5198605335719346,2.488214194309503,2.4320298689672866,2.339532488980772,2.197598258491578,1.9929991156436417,1.71219809051838
1029.0,2.549999996568473,2.549999993259222,2.5499999747398103,2.54999989347133,2.549999551534077,2.5499981792253172,2.549992976877786,2.5499744758615943,2.549913057342141,2.549723434059109,2.5491805590473415,2.5477427021577035,2.5442256857583496,2.536290065331807,2.5197790511878004,2.48808223359665,2.4318358764900623,2.3392740408967394,2.197287017965221,1.9926619517943174,1.7118728119424373
1030.0,2.5499999965101714,2.5499999931508692,2.5499999743684594,2.5499998920449753,2.549999546093382,2.5499981593351353,2.5499929082805104,2.5499742547134803,2.549912395038665,2.5497216002266834,2.5491758829080307,2.5477317582806274,2.5442022477032538,2.5362442491172787,2.5196974821735973,2.487950202003775,2.4316418642983337,2.339015655325462,2.1969759306607775,1.9923250066055598,1.7115477686142984
1031.0,2.549999996450977,2.549999993040955,2.5499999739922696,2.549999890601921,2.549999540595876,2.549998139261443,2.5499928391301325,2.5499740320272672,2.549911728823905,2.5497197573750334,2.5491711880782493,2.5477207799736465,2.544178754102424,2.5361983562435455,2.5196158266630553,2.487818099727053,2.4314478325733053,2.3387573323258715,2.196664996444345,1.991988279793523,1.7112229599770337
1032.0,2.5499999963908784,2.5499999929294592,2.549999973611187,2.549999889142001,2.54999953504107,2.5499981190028853,2.549992769423227,2.5499738077951846,2.5499110586823464,2.549717905477665,2.549166474521274,2.5477097672007063,2.544155204945975,2.53615238676147,2.519534084789831,2.4876859269622615,2.4312537814955877,2.3384990719564756,2.1963542151821893,1.9916517710755948,1.7108983854843702
1033.0,2.549999996329862,2.5499999928163617,2.5499999732251553,2.549999887665048,2.5499995294284705,2.549998098558101,2.5499926991563564,2.5499735820094416,2.5499103845984505,2.5497160445080778,2.5491617422004316,2.5476987199258887,2.5441316002242167,2.536106340722063,2.5194522566875097,2.487553683904781,2.431059711245198,2.3382408742753666,2.196043586740753,1.991315480170286,1.7105740446001565
1034.0,2.549999996267915,2.5499999927016423,2.549999972834119,2.5499998861708937,2.5499995237575823,2.5499980779257205,2.5499926283260694,2.549973354662224,2.549909706556656,2.549714174439768,2.5491569910790974,2.5476876381134073,2.5441079399276587,2.5360602181764853,2.519370342489602,2.4874213707495962,2.430865622001565,2.3379827393402204,2.195733110986651,1.9909794067971296,1.710249936797857
1035.0,2.549999996205027,2.5499999925852803,2.549999972438023,2.5499998846593694,2.5499995180279047,2.549998057104368,2.5499925569289004,2.549973125745698,2.5499090245413774,2.549712295246229,2.5491522211206967,2.5476765217276087,2.5440842240470047,2.5360140191760436,2.5192883423295447,2.487288987691297,2.430671513943528,2.3377246672082976,2.1954227877866797,1.9906435506765914,1.7099260615600758
1036.0,2.549999996141184,2.5499999924672565,2.5499999720368103,2.5499998831303032,2.5499995122389354,2.5499980360926595,2.5499924849613693,2.5499728952520084,2.5499083385370085,2.549710406900948,2.5491474322887058,2.547665370732974,2.544060452573156,2.535967743772192,2.519206256340698,2.4871565349240785,2.430477387249341,2.337466657936448,2.195112617007814,1.990307911529986,1.7096024183781076
1037.0,2.5499999960763735,2.5499999923475487,2.5499999716304234,2.549999881583524,2.5499995063901673,2.549998014889205,2.5499924124199844,2.549972663173278,2.5499076485279195,2.5497085093774103,2.5491426245466497,2.54765418509412,2.544036625497209,2.5359213920165318,2.5191240846563465,2.48702401264174,2.4302832420966722,2.337208711581113,2.1948025985172097,1.9899724890794015,1.7092790067515162
1038.0,2.549999996010583,2.5499999922261356,2.5499999712188055,2.549999880018857,2.5499995004810914,2.5499979934926063,2.5499923393012383,2.5499724295016075,2.549906954498459,2.5497066026490987,2.549137797858106,2.547642964775795,2.5440127428104558,2.5358749639608047,2.519041827409699,2.4868914210376882,2.430089078662608,2.336950828198325,2.194492732182207,1.9896372830476323,1.708955826187735
1039.0,2.5499999959437996,2.5499999921029963,2.549999970801898,2.5499998784361293,2.5499994945111957,2.549997971901458,2.5499922656016105,2.54997219422908,2.5499062564329518,2.5497046866894895,2.5491329521867008,2.5476317097428796,2.543988804504382,2.5358284596568996,2.5189594847338865,2.4867587603049355,2.4298948971236545,2.3366930078437145,2.1941830178703317,1.989302293158118,1.7086328762016905
1040.0,2.549999995876009,2.5499999919781104,2.5499999703796425,2.549999876835162,2.5499994884799633,2.5499979501143475,2.5499921913175667,2.549971957347754,2.549905554315702,2.54970276147206,2.5491280874961117,2.5476204199603907,2.5439648105706674,2.5357818791568474,2.5188770567619616,2.4866260306361023,2.4297006976557385,2.336435250572508,2.193873455449295,1.9889675191348866,1.708310156315449
1041.0,2.549999995807198,2.5499999918514553,2.5499999699519798,2.5499998752157795,2.5499994823868755,2.549997928129855,2.549992116445561,2.549971718849669,2.549904848130991,2.549700826970281,2.5491232037500673,2.5476090953934762,2.5439407610011853,2.53573522251282,2.5187945436268997,2.486493232223417,2.4295064804342106,2.336177556439533,2.193564044786998,1.9886329607025064,1.7079876660578817
1042.0,2.549999995737353,2.5499999917230087,2.5499999695188498,2.549999873577801,2.549999476231409,2.549997905946554,2.549992040982028,2.549971478726842,2.5499041378630776,2.549698883157623,2.5491183009123484,2.5475977360074182,2.543916655788001,2.535688489777131,2.5187119454615954,2.4863603652587156,2.4293122456338465,2.3359199254992182,2.193254785751528,1.988298617586041,1.7076654049643483
1043.0,2.5499999956664605,2.5499999915927476,2.5499999690801927,2.5499998719210466,2.549999470013037,2.54999788356301,2.5499919649233935,2.54997123697127,2.549903423496198,2.5496969300075527,2.549113378946786,2.5475863417676323,2.5438924949233725,2.5356416810022315,2.5186292623988655,2.486227429933444,2.429117993428849,2.3356623578055977,2.192945678211163,1.987964489511009,1.7073433725763998
1044.0,2.549999995594507,2.5499999914606515,2.549999968635947,2.549999870245335,2.5499994637312304,2.549997860977781,2.5499918882660686,2.5499709935749277,2.54990270501457,2.5496949674935356,2.5491084378172633,2.547574912639668,2.54386827839975,2.5355947962407153,2.5185464945714457,2.486094426438657,2.42892372399285,2.335404853412313,2.1926367220343734,1.9876305762033482,1.7070215684414989
1045.0,2.5499999955214774,2.549999991326697,2.549999968186051,2.549999868550483,2.549999457385456,2.549997838189418,2.5499918110064494,2.549970748529771,2.5499019824023863,2.5496929955890346,2.549103477487715,2.5475634485892056,2.5438440062097745,2.535547835545311,2.5184636421119895,2.4859613549650184,2.428729437498912,2.3351474123726117,2.1923279170898198,1.987296877389385,1.7066999921127521
1046.0,2.5499999954473584,2.5499999911908606,2.549999967730444,2.5499998668363073,2.549999450975179,2.5499978151964644,2.5499917331409176,2.549970501827732,2.549901255643819,2.5496910142675118,2.549098497922128,2.5475519495820613,2.543819678346277,2.5355007989688856,2.5183807051530698,2.4858282157028055,2.42853513411953,2.334890034739357,2.192019263246353,1.9869633927958055,1.7063786431486605
1047.0,2.549999995372135,2.5499999910531197,2.549999967269063,2.549999865102619,2.5499994444998584,2.5499977919974564,2.549991654665843,2.5499702534607236,2.549900524723019,2.5496890235024257,2.5490934990845417,2.547540415584181,2.5437952948022797,2.5354536865644426,2.518297683827178,2.485695008841905,2.428340814026633,2.3346327205650215,2.1917107603730175,1.9866301221496305,1.7060575211128841
1048.0,2.549999995295794,2.54999999091345,2.5499999668018445,2.549999863349232,2.549999437958951,2.549997768590922,2.549991575577581,2.549970003420637,2.5498997896241153,2.549687023267234,2.549088480939047,2.547528846561647,2.5437708555709917,2.53540649838512,2.518214578266721,2.4855617345718155,2.4281464773915897,2.3343754699016976,2.1914024083390506,1.986297065178195,1.7057366255740158
1049.0,2.5499999952183194,2.549999990771829,2.5499999663287247,2.5499998615759565,2.5499994313519103,2.5499977449753826,2.5499914958724714,2.549969751699344,2.5498990503312164,2.549685013535395,2.549083443449788,2.547517242480671,2.543746360645813,2.5353592344841895,2.518131388604025,2.485428393081648,2.4279521243852034,2.3341182828010916,2.191094207013879,1.9859642216091284,1.7054159561053739
1050.0,2.549999995139697,2.5499999906282316,2.5499999658496404,2.5499998597826035,2.549999424678186,2.549997721149352,2.5499914155468426,2.549969498288694,2.5498983068284082,2.549682994280363,2.5490783865809608,2.547505603307602,2.5437218100203327,2.5353118949150577,2.5180481149713287,2.4852949845601255,2.427757755177719,2.333861159314533,2.1907861562671247,1.9856315911703382,1.7050955122847988
1051.0,2.549999995059911,2.5499999904826347,2.5499999653645262,2.5499998579689804,2.549999417937224,2.549997697111336,2.5499913345970064,2.549969243180515,2.549897559099758,2.5496809654755936,2.5490733102968157,2.5474939290089167,2.5436972036883256,2.5352644797312633,2.517964757500789,2.4851615091955876,2.4275633699388255,2.3336040994929714,2.190478255968599,1.9852991735899959,1.704775293694467
1052.0,2.5499999949789474,2.5499999903350132,2.5499999648733165,2.549999856134894,2.5499994111284683,2.5499976728598335,2.5499912530192637,2.549968986366616,2.5498968071293096,2.5496789270945412,2.5490682145616557,2.547482219551228,2.543672541643755,2.535216988986476,2.5178813163244764,2.4850279671759834,2.427368968837653,2.3333471033869824,2.1901705059883043,1.9849669685965259,1.704455299920711
1053.0,2.5499999948967904,2.549999990185343,2.549999964375945,2.54999985428015,2.5499994042513583,2.5499976483933353,2.5499911708098995,2.549968727838784,2.549896050901087,2.549676879110659,2.549063099339835,2.5474704749012798,2.5436478238807703,2.5351694227344956,2.5177977915743757,2.4848943586888805,2.4271745520427794,2.3330901710467677,2.189862906196435,1.9846349759185942,1.7041355305538526
1054.0,2.5499999948134238,2.549999990033599,2.549999963872345,2.54999985240455,2.5499993973053297,2.549997623710326,2.549991087965185,2.549968467588786,2.549895290399093,2.5496748214974,2.5490579645957636,2.547458695025949,2.543623050393707,2.5351217810292535,2.517714183382386,2.484760683921461,2.426980119722229,2.332833302522157,2.189555456463374,1.984303195285101,1.7038159851880417
1055.0,2.5499999947288328,2.549999989879756,2.5499999633624513,2.5499998505078985,2.549999390289815,2.5499975988092802,2.549991004481377,2.549968205608368,2.5498945256073102,2.5496727542282174,2.549052810293905,2.5474468798922447,2.5435982211770867,2.5350740639248084,2.517630491880319,2.48462694306052,2.4267856720434766,2.332576497862614,2.189248156659694,1.9839716264251737,1.703496663421106
1056.0,2.549999994643002,2.5499999897237884,2.5499999628461945,2.549999848589996,2.549999383204242,2.549997573688668,2.5499909203547197,2.5499679418892534,2.5498937565097006,2.549670677276565,2.5490476363987744,2.5474350294673087,2.543573336225615,2.5350262714753464,2.5175467171998998,2.484493136292473,2.426591209173448,2.3323197571172307,2.1889410066561554,1.983640269068162,1.7031775648544085
1057.0,2.5499999945559138,2.5499999895656704,2.549999962323507,2.549999846650641,2.5499993760480364,2.549997548346949,2.5499908355814433,2.5499676764231487,2.5498929830902055,2.5496685906158967,2.549042442874944,2.547423143718414,2.5435483955341835,2.534978403735183,2.5174628594727637,2.48435926380335,2.426396731278522,2.332063080334738,2.188634006323706,1.9833091229436333,1.7028586890927127
1058.0,2.5499999944675524,2.5499999894053764,2.549999961794318,2.5499998446896313,2.5499993688206217,2.549997522782577,2.5499907501577628,2.549967409201737,2.5498922053327466,2.549666494219666,2.5490372296870367,2.5474112226129666,2.5435233990978663,2.5349304607587584,2.5173789188304583,2.4842253257787985,2.4262022385245334,2.3318064675635037,2.1883271555334796,1.9829781877813701,1.7025400357440528
1059.0,2.549999994377902,2.54999998924288,2.54999996125856,2.549999842706764,2.5499993615214143,2.549997496993998,2.5499906640798797,2.5499671402166806,2.549891423221224,2.5496643880613274,2.549031996799733,2.547399266118504,2.543498346911921,2.534882442600638,2.517294895404443,2.4840913224040855,2.4260077310767727,2.331549918851533,2.188020454156794,1.9826474633113684,1.702221604419614
1060.0,2.5499999942869453,2.549999989078155,2.5499999607161623,2.5499998407018327,2.549999354149829,2.5499974709796493,2.5499905773439817,2.549966869459624,2.5498906367395193,2.5496622721143365,2.5490267441777656,2.5473872742026975,2.543473238971788,2.534834349315513,2.5172107893260884,2.483957253864096,2.42581320909999,2.331293434246474,2.1877139020651506,1.9823169492638377,1.7019033947336177
1061.0,2.5499999941946663,2.549999988911174,2.5499999601670535,2.549999838674631,2.549999346705277,2.549997444737962,2.549990489946243,2.549966596922187,2.549889845871492,2.54966014635215,2.5490214717859234,2.547375246833348,2.5434480752730906,2.5347861809581964,2.5171266007266717,2.483823120343334,2.4256186727583953,2.331037013795618,2.1874074991302335,1.9819866453691986,1.7015854063032119
1062.0,2.5499999941010474,2.5499999887419103,2.5499999596111627,2.549999836624951,2.5499993391871665,2.549997418267358,2.549990401882822,2.549966322595972,2.549889050600984,2.5496580107482254,2.5490161795890485,2.5473631839783897,2.543422855811634,2.5347379375836248,2.5170423297373814,2.4836889220259244,2.4254241222156607,2.330780657545903,2.1871012452239076,1.9816565513580866,1.7012676387483687
1063.0,2.5499999940060722,2.5499999885703373,2.5499999590484177,2.549999834552584,2.549999331594899,2.549997391566251,2.549990313149864,2.5499660464725613,2.549888250911816,2.5496558652760215,2.5490108675520378,2.547351085605888,2.5433975805834033,2.5346896192468558,2.516957976489314,2.4835546590956104,2.425229557634925,2.3305243655439134,2.1867951402182157,1.9813266669613518,1.7009500916917861
1064.0,2.549999993909722,2.5499999883964266,2.5499999584787463,2.5499998324573157,2.549999323927877,2.549997364633051,2.549990223743502,2.549965768543513,2.549887446787789,2.5496537099089993,2.5490055356398456,2.54733895168404,2.5433722495845648,2.5346412260030693,2.5168735411134753,2.4834203317357586,2.4250349791787897,2.3302681378358834,2.186489183985379,1.9809969919100614,1.7006327647587962
1065.0,2.5499999938119804,2.54999998822015,2.5499999579020742,2.5499998303389355,2.549999316185495,2.549997337466157,2.5499901336598527,2.5499654888003693,2.549886638212685,2.549651544620621,2.54900018381748,2.5473267821811745,2.543346862811466,2.5345927579075647,2.516789023740778,2.483285940129356,2.4248403870093265,2.3300119744676993,2.1861833763977945,1.9806675259355015,1.7003156575772762
1066.0,2.5499999937128304,2.5499999880414803,2.549999957318328,2.549999828197227,2.549999308367146,2.54999731006396,2.5499900428950206,2.5499652072346484,2.549885825170266,2.5496493693843507,2.5489948120500037,2.5473145770657504,2.543321420260631,2.5345442150157593,2.516704424502043,2.4831514844590123,2.4246457812880737,2.329755875484901,2.1858777173280344,1.9803382687691828,1.6999987697775654
1067.0,2.5499999936122526,2.5499999878603887,2.5499999567274334,2.549999826031975,2.5499993004722197,2.5499972824248447,2.5499899514450934,2.5499649238378495,2.5498850076442756,2.5496471841736557,2.548989420302537,2.5473023363063603,2.5432959219287663,2.534495597383191,2.5166197435279973,2.4830169649069593,2.4244511621760445,2.3294998409326833,2.1855722066488426,1.9800092201428412,1.6996821009923853
1068.0,2.5499999935102298,2.5499999876768467,2.549999956129315,2.5499998238429615,2.5499992925001016,2.549997254547186,2.5499898593061476,2.5499646386014523,2.549884185618436,2.5496449889620036,2.548984008540254,2.5472900598717265,2.5432703678127537,2.5344469050655136,2.5165349809492725,2.482882381655054,2.4242565298337224,2.3292438708558985,2.185266844233134,1.9796803797884428,1.6993656508567656
1069.0,2.5499999934067428,2.549999987490825,2.5499999555238966,2.549999821629967,2.549999284450173,2.549997226429353,2.549989766474244,2.549964351516915,2.5498833590764525,2.549642783722867,2.548978576728386,2.5472777477307025,2.543244757909655,2.534398138118499,2.516450136896408,2.482747734884775,2.424061884421067,2.3289879652990595,2.1849616299539947,1.9793517474381879,1.6990494190079721
1070.0,2.549999993301774,2.549999987302294,2.5499999549111014,2.5499998193927707,2.549999276321812,2.549997198069707,2.54998967294543,2.5499640625756754,2.5498825280020108,2.5496405684297194,2.5489731248322194,2.547265399852274,2.5432190922167095,2.5343492965980325,2.516365211499847,2.482613024777227,2.423867226097516,2.3287321243063404,2.184656563684675,1.979023322824516,1.6987334050854388
1071.0,2.549999993195304,2.5499999871112244,2.549999954290853,2.5499998171311495,2.5499992681143913,2.549997169466601,2.549989578715739,2.5499637717691517,2.549881692378776,2.549638343056037,2.5489676528170984,2.5472530162055564,2.543193370731331,2.5343003805601176,2.516280204889939,2.4824782515131405,2.423672555021981,2.3284763479215784,2.184351645298595,1.9786951056801099,1.6984176087307032
1072.0,2.5499999930873147,2.5499999869175873,2.5499999536630735,2.5499998148448806,2.549999259827283,2.5499971406183786,2.54998948378119,2.5499634790887424,2.5498808521903973,2.5496361075753016,2.5489621606484216,2.547240596759798,2.5431675934511118,2.534251390060869,2.5161951171969354,2.48234341527287,2.4234778713528593,2.328220636188276,2.1840468746693364,1.9783670957379,1.6981020295873461
1073.0,2.5499999929777872,2.5499999867213514,2.549999953027683,2.5499998125337373,2.5499992514598517,2.5499971115233775,2.5499893881377864,2.549963184525825,2.549880007420503,2.549633861960994,2.5489566482916453,2.5472281414843745,2.543141760373819,2.534202325156517,2.516109948550994,2.482208516236397,2.4232831752480277,2.327964989149602,2.183742251670644,1.9780392927310704,1.697786667300931
1074.0,2.549999992866702,2.549999986522486,2.5499999523846038,2.5499998101974923,2.5499992430114626,2.549997082179928,2.5499892917815203,2.5499628880717564,2.5498791580527023,2.549631606186603,2.5489511157122826,2.5472156503487953,2.543115871497394,2.5341531859034023,2.5160246990821737,2.4820735545833315,2.4230884668648467,2.327709406848396,2.183437776176422,1.9777116963930637,1.6974715215189518
1075.0,2.5499999927540378,2.549999986320961,2.549999951733755,2.549999807835916,2.549999234481473,2.54999705258635,2.549989194708368,2.549962589717875,2.5498783040705866,2.549629340225617,2.548945562875903,2.5472031233226997,2.543089926819955,2.5341039723579786,2.515939368920437,2.4819385304929082,2.4228937463601614,2.327453889327168,2.1831334480607354,1.9773843064575858,1.697156591890777
1076.0,2.5499999926397776,2.549999986116745,2.549999951075057,2.5499998054487785,2.5499992258692386,2.5499970227409565,2.5499890969142927,2.5499622894554963,2.549877445457731,2.5496270640515304,2.5489399897481326,2.5471905603758556,2.543063926339792,2.534054684576811,2.515853958195648,2.481803444143993,2.422699013890305,2.3271984366280996,2.182829267197806,1.9770571226586107,1.6968418780676013
1077.0,2.5499999925238996,2.5499999859098073,2.549999950408428,2.549999803035847,2.5499992171741104,2.5499969926420545,2.549988998395243,2.5499619872759185,2.5498765821976894,2.549624777637842,2.5489343962946553,2.547177961478163,2.5430378700553686,2.5340053226165726,2.5157684670375735,2.481668295715079,2.4225042696111005,2.3269430487930483,2.1825252334620084,1.976730144730388,1.6965273797023968
1078.0,2.549999992406385,2.5499999857001154,2.549999949733786,2.5499998005968876,2.549999208395437,2.5499969622879406,2.549988899147152,2.5499616831704186,2.549875714273999,2.5496224809580528,2.548928782481213,2.5471653265996523,2.5430117579653237,2.5339558865340472,2.5156828955758814,2.4815330853842896,2.4223095136778605,2.326687725863546,2.1822213467278737,1.976403372407445,1.696213096449868
1079.0,2.549999992287213,2.5499999854876374,2.549999949051047,2.5499997981316636,2.5499991995325613,2.549996931676904,2.549988799165942,2.549961377130254,2.5498748416701775,2.54962017398567,2.548923148273603,2.5471526557104833,2.542985590068466,2.533906376386126,2.5155972439401393,2.481397813329376,2.4221147462453905,2.3264324678808044,2.181917606870084,1.976076805424594,1.6958990279664088
1080.0,2.5499999921663625,2.549999985272341,2.5499999483601306,2.5499997956399385,2.5499991905848236,2.5499969008072276,2.549988698447517,2.5499610691466614,2.5498739643697266,2.549617856694203,2.5489174936376817,2.547139948780946,2.542959366363778,2.5338567922298085,2.5155115122598173,2.481262479727724,2.42191996746799,2.326177274885714,2.1816140137634705,1.9757504435169384,1.6955851739100596
1081.0,2.549999992043814,2.549999985054195,2.5499999476609507,2.549999793121473,2.5499991815515592,2.549996869677184,2.54998859698777,2.549960759210859,2.5498730823561284,2.549615529057169,2.548911818539363,2.547127205781461,2.542933086850412,2.5338071341222013,2.515425700664283,2.481127084756346,2.4217251774994546,2.3259221469188485,2.1813105672830138,1.9754242864198015,1.6952715274248888
1082.0,2.5499999919195444,2.549999984833165,2.5499999469534225,2.5499997905760265,2.5499991724321007,2.5499968382850398,2.549988494782578,2.549960447314043,2.5498721956128487,2.5496131910480884,2.5489061229446173,2.5471144266825783,2.5429067515276906,2.533757402120515,2.515339809282806,2.480991628591889,2.4215303764930773,2.3256670840204623,2.1810072673038405,1.9750983338672086,1.6949580801236213
1083.0,2.549999991793534,2.5499999846092174,2.5499999462374614,2.549999788003357,2.549999163225776,2.5499968066290517,2.549988391827806,2.549960133447392,2.5498713041233345,2.5496108426404853,2.548900406819475,2.547101611454977,2.54288036039511,2.533707596282068,2.5152538382445533,2.480856111410631,2.421335564601649,2.3254120862304966,2.180704113701223,1.9747725855897906,1.6946448321756318
1084.0,2.5499999916657607,2.5499999843823202,2.549999945512981,2.5499997854032195,2.5499991539319105,2.5499967747074685,2.5499882881193026,2.549959817602063,2.549870407871016,2.549608483807891,2.5488946701300232,2.547088760069465,2.5428539134523316,2.5336577166642806,2.515167787678591,2.480720533388485,2.4211407419774646,2.3251571535885796,2.180401106350574,1.9744470413148492,1.6943317837261611
1085.0,2.5499999915362035,2.5499999841524383,2.549999944779894,2.5499997827753673,2.5499991445498207,2.549996742518533,2.549988183652903,2.5499594997691943,2.5498695068393054,2.5496061145238422,2.548888912842408,2.5470758724969826,2.5428274106991897,2.533607763324678,2.515081657713884,2.4805848947009967,2.4209459087723184,2.3249022861340265,2.180098245127443,1.9741217007667529,1.6940189348977261
1086.0,2.5499999914048406,2.5499999839195375,2.5499999440381136,2.5499997801195535,2.549999135078827,2.5499967100604786,2.5499880784244278,2.5499591799399046,2.549868601011598,2.5496037347618796,2.5488831349228342,2.547062948708596,2.5428008521356857,2.533557736320887,2.514995448479294,2.4804491955233456,2.420751065137513,2.324647483905843,2.179795529907512,1.9737965636673054,1.6937062857914433
1087.0,2.549999991271649,2.549999983683583,2.549999943287551,2.549999777435528,2.549999125518241,2.5499966773315306,2.5499879724296854,2.5499588581052914,2.549867690371271,2.5496013444955516,2.548877336337564,2.547049988675504,2.5427742377619897,2.5335076357106376,2.5149091601035805,2.480313436030346,2.4205562112238526,2.3243927469427264,2.179492960566591,1.9734716297360797,1.6933938364882757
1088.0,2.5499999911366062,2.5499999834445406,2.549999942528116,2.5499997747230405,2.54999911586737,2.5499966443299056,2.549987865664468,2.5499585342564344,2.549866774901686,2.54959894369841,2.5488715170529197,2.5470369923690326,2.5427475675784383,2.5334574615517615,2.5148227927153983,2.4801776163964475,2.4203613471816525,2.3241380752830687,2.1791905369806064,1.973146898690728,1.6930815870502036
1089.0,2.54999999099969,2.5499999832023748,2.54999994175972,2.549999771981837,2.549999106125519,2.549996611053813,2.5499877581245545,2.549958208384393,2.5498658545861868,2.549596532344015,2.548865677035281,2.5470239597606366,2.542720841585535,2.5334072139021893,2.5147363464433017,2.4800417367957364,2.420166473160735,2.3238834689649543,2.178888259025601,1.9728223702472636,1.6927695375213305
1090.0,2.549999990860879,2.5499999829570497,2.5499999409822727,2.5499997692116643,2.549999096291989,2.5499965775014535,2.5499876498057086,2.5499578804802057,2.549864929408098,2.549594110405932,2.548859816251087,2.5470108908218996,2.5426940597839516,2.5333568928199504,2.514649821415739,2.479905797401936,2.4199715893104363,2.3236289280261664,2.1785861265777244,1.972498044120322,1.6924576879289168
1091.0,2.5499999907201483,2.54999998270853,2.549999940195682,2.549999766412264,2.5499990863660758,2.5499965436710204,2.5499875407036803,2.5499575505348933,2.549863999350732,2.5495916778577326,2.5488539346668357,2.546997785524535,2.542667222174524,2.5333064983631757,2.5145632177610544,2.4797697983884066,2.419776695779603,2.3233744525041846,2.1782841395132237,1.9721739200233974,1.6921460382843598
1092.0,2.549999990577475,2.5499999824567783,2.5499999393998554,2.5499997635833798,2.549999076347071,2.549996509560698,2.5499874308142068,2.549957218539456,2.549863064397382,2.5495892346729963,2.5488480322490856,2.546984643840384,2.5426403287582544,2.5332560305900915,2.514476535607488,2.4796337399281447,2.4195817927165977,2.3231200424361873,2.17798229770844,1.9718499976690613,1.691834588584111
1093.0,2.5499999904328363,2.5499999822017587,2.5499999385947008,2.5499997607247504,2.549999066234264,2.5499964751686632,2.549987320133009,2.549956884484874,2.5498621245313244,2.549586780825307,2.548842108964453,2.546971465741416,2.5426133795363106,2.533205489559023,2.514389775083173,2.4794976221937888,2.4193868802692973,2.322865697859056,2.1776806010398,1.9715262767691613,1.691523338810542
1094.0,2.5499999902862083,2.5499999819434342,2.5499999377801252,2.549999757836113,2.5499990560269383,2.549996440493084,2.549987208655796,2.5499565483621103,2.5498611797358204,2.54958431628826,2.5488361647796136,2.5469582511997313,2.5425863745100226,2.5331548753283912,2.5143029363161404,2.479361445357614,2.419191958585099,2.3226114188093736,2.1773790493838105,1.971202757035003,1.6912122889327572
1095.0,2.5499999901375663,2.549999981681768,2.549999936956033,2.5499997549172058,2.5499990457243755,2.54999640553212,2.54998709637826,2.549956210162107,2.549860229994113,2.549581841035452,2.548830199661304,2.5469450001875544,2.542559313680887,2.5331041879567135,2.5142160194343117,2.479225209591535,2.4189970278109167,2.322357205323427,2.177077642617047,1.970879438177515,1.6909014389073629
1096.0,2.5499999899868864,2.549999981416722,2.5499999361223287,2.5499997519677624,2.5499990353258504,2.549996370283924,2.5499869832960798,2.5499558698757867,2.5498592752894305,2.54957935504049,2.5488242135763186,2.546931712677241,2.5425321970505608,2.5330534275026024,2.514129024565505,2.479088915067108,2.418802088093186,2.322103057437208,2.176776380616154,1.970556319907402,1.6905907886791882
1097.0,2.5499999898341437,2.549999981148258,2.549999935278918,2.5499997489875152,2.5499990248306355,2.549996334746639,2.549986869404922,2.5499555274940513,2.549858315604984,2.549576858276989,2.5488182064915144,2.5469183886412736,2.5425050246208665,2.533002594024764,2.5140419518374273,2.4789525619555297,2.418607139577867,2.321848975186416,2.176475263257833,1.9702334019352818,1.6902803381819635
1098.0,2.549999989679314,2.549999980876338,2.5499999344257036,2.549999745976195,2.5499990142379994,2.5499962989184004,2.5499867547004365,2.549955183007787,2.5498573509239693,2.5495743507185717,2.548812178373806,2.546905028052263,2.542477796393787,2.532951687581996,2.513954801377684,2.478816150427638,2.4184121824104423,2.321594958606457,2.1761742904188415,1.9699106839718092,1.689970087338963
1099.0,2.5499999895223726,2.549999980600923,2.5499999335625874,2.5499997429335313,2.5499990035472053,2.5499962627973356,2.5499866391782606,2.5499548364078577,2.5498563812295663,2.549571832338866,2.5488061291901682,2.546891630882947,2.5424505123714662,2.5329007082331922,2.5138675733137683,2.4786796806539146,2.4182172167359206,2.3213410077324474,2.175873461975982,1.9695881657277905,1.6896600360636074
1100.0,2.549999989363293,2.549999980321974,2.549999932689472,2.5499997398592495,2.5499989927575126,2.5499962263815625,2.549986522834016,2.549954487685109,2.549855406504939,2.549569303111511,2.548800058907637,2.546878197106191,2.542423172556212,2.5328496560373366,2.513780267773068,2.478543152804482,2.418022242698838,2.3210871225992133,2.1755727778061016,1.9692658469142863,1.6893501842600303
1101.0,2.549999989202051,2.549999980039452,2.549999931806257,2.5499997367530773,2.549998981868177,2.549996189669193,2.549986405663312,2.5499541368303675,2.5498544267332366,2.5495667630101515,2.548793967493309,2.546864726694989,2.5423957769504915,2.5327985310535044,2.5136928848828632,2.478406567049108,2.417827260443261,2.3208333032412933,2.175272237786085,1.9689437272427046,1.6890405318236155
1102.0,2.54999998903862,2.5499999797533155,2.549999930912844,2.549999733614736,2.54999897087845,2.549996152658329,2.549986287661742,2.5499537838344404,2.5498534418975902,2.5495642120084425,2.5487878549143392,2.5468512196224617,2.542368325556931,2.532747333340862,2.5136054247703234,2.478269923557202,2.4176322701127857,2.3205795496929396,2.17497184179285,1.9686218064248846,1.6887310786415013
1103.0,2.549999988872974,2.549999979463526,2.5499999300091316,2.549999730443948,2.5499989597875796,2.5499961153470636,2.5499861688248857,2.5499534286881156,2.549852451981118,2.549561650080046,2.5487817211379453,2.5468376758618567,2.5423408183783174,2.5326960629586646,2.51351788756251,2.4781332224978208,2.417437271850541,2.3203258619881173,2.174671589703341,1.9683000841731721,1.6884218245930547
1104.0,2.549999988705087,2.549999979170042,2.549999929095018,2.5499997272404333,2.5499989485948085,2.5499960777334825,2.5499860491483086,2.5499530713821623,2.549851456966921,2.549559077198633,2.548775566131405,2.5468240953865497,2.5423132554175965,2.5326447199662563,2.513430273386374,2.4779964640396646,2.4172422657991883,2.3200722401605076,2.1743714813945294,1.9679785602004884,1.6881127695503209
1105.0,2.5499999885349314,2.5499999788728234,2.549999928170401,2.5499997240039094,2.5499989372993745,2.549996039815663,2.5499859286275623,2.549952711907331,2.5498504568380853,2.549556493337884,2.548769389862056,2.5468104781700416,2.542285636677872,2.5325933044230706,2.513342582368758,2.477859648351081,2.4170472521009265,2.31981868424351,2.174071516743408,1.9676572342203889,1.6878039133784448
1106.0,2.549999988362482,2.5499999785718277,2.5499999272351785,2.549999720734091,2.549998925900513,2.5499960015916736,2.5499858072581842,2.5499523502543515,2.5498494515776833,2.549553898471487,2.5487631922972986,2.5467968241859618,2.542257962162407,2.5325418163886275,2.5132548146363947,2.4777227756000637,2.4168522308974913,2.319565194270239,2.1737716956269866,1.9673361059471202,1.6874952559360703
1107.0,2.549999988187711,2.5499999782670137,2.5499999262892454,2.5499997174306936,2.5499989143974537,2.5499959630595757,2.5499856850356966,2.549951986413938,2.549848441168771,2.5495512925731405,2.548756973404591,2.546783133408065,2.5422302318746213,2.5324902559225344,2.513166970315905,2.477585845954253,2.4166572023301556,2.319311770273528,2.1734720179222906,1.9670151750956666,1.6871867970757144
1108.0,2.549999988010591,2.549999977958339,2.549999925332498,2.5499997140934276,2.5499989027894245,2.54999592421742,2.549985561955608,2.549951620376782,2.5498474255943893,2.5495486756165526,2.548750733151457,2.5467694058102337,2.54220244581809,2.532438623084485,2.5130790495338005,2.4774488595809356,2.4164621665397337,2.3190584122859317,2.1731724835063595,1.9666944413817928,1.6868785366441226
1109.0,2.549999987831093,2.5499999776457614,2.5499999243648297,2.5499997107220036,2.549998891075646,2.549995885063251,2.5499854380134153,2.5499512521335586,2.549846404837565,2.549546047575441,2.5487444715054774,2.5467556413664756,2.5421746039965485,2.5323869179342573,2.51299105241648,2.4773118166470507,2.4162671236665823,2.3188051203397255,2.1728730922562414,1.966373904522083,1.6865704744826029
1110.0,2.5499999876491914,2.5499999773292386,2.549999923386135,2.5499997073161307,2.5499988792553365,2.549995845595104,2.5499853132045955,2.549950881674924,2.54984537888131,2.54954340842353,2.548738188434297,2.5467418400509256,2.5421467064138845,2.5323351405317145,2.512902979090232,2.4771747173191834,2.4160720738505996,2.318551894466905,2.172573844048995,1.9660535642339731,1.686262610427341
1111.0,2.549999987464857,2.5499999770087265,2.5499999223963052,2.5499997038755144,2.5499988673277088,2.5499958058110055,2.5499851875246162,2.5499505089915138,2.549844347708622,2.5495407581345577,2.5487318839056203,2.546728001837844,2.5421187530741434,2.532283290936804,2.512814829681232,2.477037561763569,2.4158770172312307,2.318298734699191,2.1722747387616854,1.96573342023578,1.6859549443096968
1112.0,2.5499999872780603,2.5499999766841817,2.549999921395233,2.5499997003998582,2.549998855291972,2.5499957657089736,2.549985060968929,2.549950134073945,2.5498433113024834,2.549538096682269,2.5487255578872143,2.546714126701616,2.5420907439815243,2.532231369209555,2.512726604315544,2.4769003501460936,2.4156819539474657,2.3180456410680255,2.1719757762713847,1.9654134722467258,1.685647475956486
1113.0,2.5499999870887744,2.54999997635556,2.5499999203828096,2.549999696888865,2.54999884314733,2.5499957252870176,2.549984933532971,2.54994975691282,2.5498422696458625,2.54953542404042,2.548719210346908,2.5467002146167563,2.5420626791403804,2.532179375410081,2.512638303119121,2.476763082632293,2.415486884137843,2.3177926136045772,2.1716769564551703,1.9650937199869618,1.685340205190244
1114.0,2.5499999868969683,2.5499999760228165,2.5499999193589247,2.5499996933422344,2.549998830892985,2.54999568454314,2.549984805212167,2.5499493774987174,2.549841222721713,2.549532740182779,2.548712841252592,2.5466862655579012,2.5420345585552195,2.532127309598577,2.5125499262178006,2.476625759387357,2.4152918079404504,2.3175396523397396,2.171378279190123,1.9647741631775824,1.6850331318294776
1115.0,2.5499999867026144,2.5499999756859073,2.549999918323467,2.549999689759665,2.549998818528132,2.549995643475333,2.549984676001925,2.5499489958221995,2.549840170512976,2.5495300450831233,2.548706450572219,2.546672279499814,2.5420063822307024,2.532075171835318,2.5124614737373085,2.476488380576124,2.415096725492927,2.3172867573041325,2.171079744353329,1.964454801540645,1.6847262556888984
1116.0,2.5499999865056817,2.5499999753447864,2.549999917276326,2.549999686140853,2.549998806051963,2.549995602081582,2.5499845458976407,2.54994861187381,2.549839113002576,2.5495273387152397,2.5487000382738008,2.546658256417384,2.541978150171643,2.53202296218066,2.5123729458032567,2.4763509463630897,2.414901636932465,2.317033928528103,2.1707813518218786,1.964135634799179,1.6844195765796484
1117.0,2.5499999863061418,2.549999974999408,2.5499999162173883,2.5499996824854936,2.549998793463665,2.5499955603598603,2.549984414894694,2.5499482256440724,2.5498380501734252,2.5495246210529263,2.5486936043254156,2.546644196285625,2.541949862383007,2.5319706806950384,2.512284342541143,2.4762134569123995,2.4147065423958103,2.3167811660417277,2.1704831014728656,1.963816662677198,1.6841130943095075
1118.0,2.5499999861039626,2.549999974649726,2.549999915146542,2.549999678793277,2.549998780762422,2.5499955183081378,2.5499842829884507,2.5499478371234945,2.549836982008422,2.549521892069993,2.5486871486952007,2.5466300990796764,2.5419215188699122,2.5319183274389676,2.5121956640763523,2.476075912387853,2.4145114420192635,2.31652846987481,2.1701849931833888,1.9634978848997078,1.6838068086830948
1119.0,2.5499999858991154,2.549999974295693,2.5499999140636707,2.5499996750638947,2.549998767947412,2.549995475924372,2.5499841501742653,2.549947446302564,2.5498359084904507,2.5495191517402604,2.5486806713513577,2.5466159647748032,2.5418931196376278,2.531865902473042,2.512106910534154,2.475938312952907,2.4143163359386826,2.3162758400568855,2.169887026830553,1.9631793011927106,1.6835007195020555
1120.0,2.5499999856915685,2.549999973937264,2.549999912968661,2.5499996712970354,2.5499987550178096,2.5499954332065142,2.549984016447474,2.5499470531717496,2.549834829602383,2.549516400037559,2.548674172262148,2.546601793346393,2.5418646646915732,2.53181340585793,2.512018082039703,2.475800658770671,2.414121224289485,2.3160232766172184,2.1695892022914673,1.9628609112832096,1.6831948265652366
1121.0,2.54999998548129,2.5499999735743892,2.5499999118613963,2.549999667492384,2.5499987419727845,2.549995390152504,2.5499838818034006,2.549946657721503,2.5498337453270734,2.5495136369357336,2.5486676513958995,2.5465875847699593,2.541836154037318,2.5317608376543808,2.5119291787180384,2.4756629500039122,2.4139261072066476,2.3157707795848057,2.1692915194432483,1.9625427148992125,1.6828891296688573
1122.0,2.54999998526825,2.5499999732070227,2.54999991074176,2.549999663649625,2.5499987288115022,2.549995346760276,2.5499837462373556,2.5499462599422573,2.549832655647368,2.549510862408638,2.5486611087209985,2.54657333902114,2.5418075876805823,2.531708197923217,2.511840200694086,2.4755251868150525,2.4137309848247077,2.3155183489883773,2.168993978163021,1.9622247117697313,1.682583628606665
1123.0,2.549999985052416,2.549999972835116,2.5499999096096335,2.5499996597684413,2.5499987155331234,2.5499953030277545,2.5499836097446344,2.549945859824427,2.549831560546095,2.549508076430139,2.5486545442058968,2.5465590560756977,2.5417789656272354,2.531655486725337,2.5117511480926527,2.475387369366174,2.4135358572777674,2.315265984856393,2.168696578327919,1.9619069016247817,1.6822783231700869
1124.0,2.5499999848337565,2.549999972458619,2.5499999084648985,2.5499996558485125,2.5499987021368047,2.5499952589528543,2.549983472320518,2.5499454573584077,2.5498304600060737,2.549505278974114,2.5486479578191075,2.5465447359095186,2.5417502878832945,2.531602704121715,2.5116620210384335,2.475249497819012,2.413340724699492,2.3150136872170495,2.168399319815087,1.9615892841953817,1.6819732131483693
1125.0,2.5499999846122385,2.549999972077484,2.5499999073074364,2.5499996518895154,2.5499986886216983,2.549995214533483,2.549983333960273,2.549945052534578,2.5498293540101082,2.5495024700144535,2.5486413495292064,2.546530378498614,2.5417215544549254,2.5315498501734006,2.5115728196560037,2.475111572334965,2.413145587223113,2.314761456098277,2.1681022025016805,1.9612718592135485,1.6816682983287137
1126.0,2.549999984387829,2.5499999716916606,2.5499999061371255,2.5499996478911275,2.5499986749869525,2.549995169767539,2.549983194659152,2.549944645343297,2.5498282425409884,2.549499649525061,2.5486347193048333,2.5465159838191167,2.5416927653484414,2.5314969249415142,2.511483544069824,2.474973593075088,2.412950444981429,2.3145092915277417,2.1678052262648717,1.960954626412295,1.6813635784964016
1127.0,2.549999984160496,2.5499999713010997,2.5499999049538444,2.549999643853022,2.5499986612317094,2.5499951246529133,2.5499830544123943,2.5499442357749076,2.5498271255814933,2.54949681747985,2.5486280671146906,2.5465015518472853,2.5416639205703024,2.5314439284872505,2.511394194404236,2.4748355602000953,2.412755298106807,2.3142571935328435,2.1675083909818444,1.9606375855256248,1.681059053434916
1128.0,2.549999983930205,2.5499999709057493,2.549999903757471,2.5499996397748705,2.549998647355108,2.5499950791874855,2.5499829132152234,2.5499438238197314,2.5498260031143882,2.5494939738527482,2.548621392927543,2.546487082559502,2.5416350201271167,2.5313908608718774,2.5113047707834673,2.474697473870363,2.412560146731186,2.314005162140722,2.1672116965298036,1.9603207362885267,1.6807547229260518
1129.0,2.5499999836969236,2.5499999705055605,2.549999902547882,2.5499996356563424,2.5499986333562825,2.5499950333691292,2.5499827710628504,2.5499434094680766,2.549824875122426,2.549491118617696,2.5486146967122196,2.5464725759322704,2.541606064025636,2.531337722156731,2.5112152733316266,2.4745593342459267,2.412364990986074,2.313753197378253,2.166915142785972,1.9600040784369677,1.6804505867500263
1130.0,2.5499999834606175,2.54999997010048,2.5499999013249517,2.549999631497104,2.5499986192343624,2.5499949871957086,2.5499826279504703,2.5499429927102297,2.549823741588348,2.5494882517486444,2.5486079784376128,2.54645803194222,2.541577052272761,2.531284512403222,2.511125702172704,2.4744211414864843,2.412169831002553,2.31350129927205,2.166618729627593,1.9596876117078885,1.6801466446855782
1131.0,2.549999983221252,2.5499999696904574,2.5499999000885567,2.549999627296823,2.5499986049884735,2.5499949406650773,2.549982483873265,2.54994257353646,2.549822602494881,2.549485373219561,2.5486012380726772,2.546443450566101,2.5415479848755353,2.531231231672829,2.5110360574305743,2.4742828957513963,2.4119746669112807,2.3132494678484656,2.166322456931934,1.9593713358391942,1.679842896510064
1132.0,2.5499999829787927,2.549999969275439,2.5499998988385704,2.549999623055161,2.5499985906177343,2.549994893775083,2.5499823388264025,2.549942151937019,2.549821457824741,2.549482483004424,2.548594475586432,2.5464288317807884,2.5415188618411464,2.531177880027102,2.5109463392289904,2.4741445971996847,2.411779498842489,2.312997703133594,2.1660263245762894,1.9590552505697465,1.6795393419995497
1133.0,2.5499999827332047,2.5499999688553734,2.549999897574865,2.549999618771779,2.5499985761212622,2.549994846523563,2.5499821928050355,2.5499417279021426,2.549820307560632,2.549479581077224,2.54858769094796,2.546414175563279,2.5414896831769287,2.531124457527657,2.51085654769159,2.474006245990036,2.4115843269259876,2.3127460051532682,2.165730332437981,1.9587393556393562,1.679235980928895
1134.0,2.5499999824844535,2.549999968430207,2.5499998962973125,2.5499996144463366,2.5499985614981684,2.549994798908346,2.5499820458043043,2.549941301422045,2.5498191516852446,2.5494766674119678,2.548580884126406,2.5463994818906928,2.5414604488903576,2.53107096423618,2.51076668294189,2.4738678422808005,2.411389151291164,2.3124943739330615,2.1654344803943593,1.9584236507887747,1.6789328130718375
1135.0,2.549999982232503,2.549999967999886,2.5499998950057843,2.54999961007849,2.5499985467475597,2.549994750927253,2.549981897819332,2.5499408724869266,2.5498179901812574,2.5494737419826747,2.5485740550909814,2.546384750740271,2.5414311589890533,2.531017400214425,2.510676745103289,2.4737293862299925,2.4111939720669873,2.3122428094982905,2.1651387683228105,1.9581081357596846,1.6786298382010667
1136.0,2.5499999819773174,2.5499999675643568,2.54999989370015,2.5499996056678933,2.549998531868539,2.5499947025780947,2.5499817488452314,2.549940441086967,2.5498168230313394,2.5494708047633763,2.5485672038109586,2.5463699820893786,2.5414018134807783,2.530963765524213,2.510586734299066,2.4735908779952926,2.410998789382007,2.3119913118740145,2.1648431961007533,1.9577928102946915,1.6783270560882988
1137.0,2.5499999817188597,2.5499999671235627,2.5499998923802787,2.5499996012142,2.5499985168602017,2.5499946538586746,2.549981598877098,2.5499400072123284,2.5498156502181453,2.549467855728118,2.5485603302556754,2.5463551759155014,2.541372412373436,2.53091006022743,2.510496650652381,2.4734523177340475,2.410803603364355,2.3117398810850363,2.1645477636056456,1.9574776741373134,1.6780244665043462
1138.0,2.5499999814570944,2.5499999666774507,2.549999891046038,2.54999959671706,2.5499985017216424,2.549994604766786,2.5499814479100142,2.549939570853158,2.549814471724319,2.549464894850962,2.5485534343945333,2.5463403321962477,2.5413429556750717,2.530856284386028,2.5104064942862743,2.4733137056032692,2.4106084141417474,2.3114885171559014,2.164252470714983,1.9571627270319722,1.6777220692191817
1139.0,2.5499999811919842,2.5499999662259656,2.5499998896972955,2.5499995921761207,2.5499984864519476,2.5499945553002137,2.5499812959390478,2.549939131999582,2.5498132875324937,2.5494619221059827,2.548546516196997,2.546325450909348,2.5413134433938747,2.5308024380620253,2.5103162653236653,2.473175041759638,2.4104132218414867,2.311237220110901,2.163957317306305,1.9568479687239844,1.677419864002002
1140.0,2.549999980923492,2.54999996576905,2.5499998883339168,2.5499995875910284,2.5499984710502033,2.5499945054567346,2.5499811429592545,2.5499386906417114,2.5498120976252894,2.549458937467268,2.5485395756325975,2.5463105320326536,2.541283875538171,2.530748521317504,2.5102259638873536,2.4730363263595,2.4102180265904605,2.3109859899740712,2.163662303257196,1.9565333989595506,1.677117850621285
1141.0,2.5499999806515787,2.549999965306648,2.549999886955767,2.549999582961427,2.549998455515487,2.5499944552341165,2.549980988965674,2.549938246769639,2.549810901985316,2.5494559409089215,2.5485326126709276,2.5462955755441388,2.5412542521164276,2.5306945342146085,2.5101355901000186,2.4728975595588722,2.410022828515145,2.310734826769196,2.163367428445287,1.9562190174858298,1.676816036291577
1142.0,2.5499999803762083,2.5499999648387024,2.54999988556271,2.5499995782869562,2.5499984398468736,2.5499944046301164,2.5499808339533305,2.54993780037344,2.5498097005951723,2.549452932405062,2.5485256272816454,2.5462805814218967,2.541224573137253,2.5306404768155484,2.5100451440842186,2.4727587415134398,2.409827627741607,2.310483730519805,2.1630726927482575,1.9559048240526538,1.6765144299807355
1143.0,2.5499999800973416,2.5499999643651554,2.5499998841546088,2.549999573567257,2.5499984240434315,2.5499943536424854,2.5499806779172363,2.5499373514431727,2.549808493437445,2.5494499119298206,2.5485186194344736,2.546265549644144,2.5411948386093925,2.530586349182595,2.509954625962391,2.472619872378557,2.409632424395502,2.3102327012491766,2.1627780960438425,1.9555908184148947,1.6762130308792553
1144.0,2.5499999798149404,2.5499999638859494,2.5499998827313255,2.5499995688019648,2.5499984081042273,2.549994302268964,2.5499805208523894,2.549936899968878,2.54980728049471,2.549446879457346,2.548511589099199,2.546250480189217,2.5411650485417328,2.5305321513780803,2.509864035856851,2.4724809523092492,2.409437218602079,2.309981738980337,2.1624836382098303,1.9552770003323903,1.6759118382061182
1145.0,2.5499999795289647,2.5499999634010253,2.549999881292721,2.5499995639907147,2.5499983920283196,2.5499942505072846,2.549980362753774,2.549936445940578,2.549806061749533,2.5494438349618007,2.548504536245673,2.546235373035573,2.541135202943296,2.5304778834644,2.5097733738897947,2.4723419814602123,2.4092420104861803,2.3097308437360615,2.162189319124073,1.9549633695694906,1.675610851207216
1146.0,2.549999979239375,2.549999962910325,2.549999879838656,2.549999559133139,2.5499983758147646,2.54999419835517,2.5499802036163572,2.5499359893482803,2.5498048371844684,2.549440778417361,2.548497460843812,2.54622022816179,2.5411053018232432,2.5304235455040085,2.5096826401832937,2.4722029599858137,2.409046800172242,2.3094800155388775,2.1618951386644922,1.9546499258946433,1.6753100691538663
1147.0,2.549999978946132,2.549999962413788,2.549999878368988,2.5499995542288687,2.549998359462613,2.5499941458103352,2.5499800434350957,2.5499355301819717,2.5498036067820586,2.549437709798221,2.5484903628635966,2.5462050455465666,2.541075345190872,2.530369137559421,2.509591834859299,2.472063888040094,2.408851587784297,2.3092292544110604,2.161601096709084,1.9543366690800101,1.6750094913414173
1148.0,2.5499999786491956,2.5499999619113547,2.5499998768835757,2.549999549277531,2.54999834297091,2.5499940928704854,2.5499798822049295,2.5499350684316258,2.549802370524838,2.549434629078589,2.5484832422750716,2.546189825168721,2.541045333055618,2.5303146596932127,2.5095009580396392,2.471924765776763,2.4086563734459747,2.3089785603746407,2.161307193135927,1.9540235989011148,1.674709117087933
1149.0,2.5499999783485245,2.549999961402964,2.549999875382276,2.549999544278751,2.549998326338698,2.5499940395333165,2.549979719920786,2.549934604087196,2.5498011283953295,2.549431536232689,2.5484760990483473,2.546174567007193,2.5410152654270513,2.5302601119680155,2.5094100098460204,2.4717855933492086,2.408461157280504,2.3087279334513986,2.161013427823193,1.9537107151365196,1.6744089457329556
1150.0,2.5499999780440787,2.549999960888556,2.549999873864944,2.549999539232153,2.5499983095650123,2.5499939857965157,2.5499795565775774,2.549934137138621,2.549799880376045,2.5494284312347615,2.5484689331535977,2.5461592710410406,2.5409851423148773,2.530205494446522,2.5093189904000273,2.4716463709104906,2.408265939410713,2.3084773736628685,2.1607198006491513,1.9533980175675283,1.6741089766363428
1151.0,2.549999977735817,2.5499999603680683,2.549999872331435,2.5499995341373567,2.5499982926488842,2.5499939316577627,2.549979392170203,2.5499336675758197,2.5497986264494874,2.549425314059061,2.548461744561064,2.5461439372494428,2.5409549637289395,2.530150807191482,2.5092278998231197,2.4715070986133423,2.4080707199590297,2.3082268810303392,2.160426311492181,1.953085505977914,1.6738092091771686
1152.0,2.549999977423697,2.549999959841439,2.5499998707816025,2.5499995289939816,2.5499982755893416,2.549993877114727,2.549979226693546,2.549933195388697,2.549797366598147,2.549422184679859,2.5484545332410513,2.546128565611698,2.540924729679213,2.5300960502657013,2.509136738236636,2.4713677766101747,2.407875499047486,2.3079764555748548,2.160132960230776,1.9527731801536672,1.6735096427526939
1153.0,2.549999977107678,2.5499999593086056,2.549999869215299,2.549999523801643,2.549998258385405,2.5499938221650686,2.5499790601424785,2.5499327205671385,2.549796100804506,2.5494190430714436,2.5484472991639286,2.5461131561072237,2.540894440175808,2.5300412237320415,2.5090455057617906,2.471228405053072,2.407680276797719,2.3077260973172153,2.1598397467435575,1.9524610398827693,1.6732102767773924
1154.0,2.549999976787716,2.5499999587695035,2.5499998676323763,2.549999518559955,2.549998241036093,2.5499937668064403,2.549978892511856,2.5499322431010136,2.5497948290510357,2.5494158892081193,2.548440042300131,2.5460977087155565,2.54086409522897,2.5299863276534214,2.508954202519674,2.4710889840937975,2.407485053330966,2.3074758062779774,2.1595466709092794,1.95214908495498,1.6729111106820354
1155.0,2.549999976463769,2.5499999582240713,2.549999866032685,2.54999951326853,2.5499982235404173,2.549993711036484,2.549978723796521,2.5499317629801763,2.5497935513201995,2.549412723064207,2.54843276262016,2.5460822234163523,2.5408336948490757,2.5299313620928148,2.508862828631255,2.4709495138837894,2.407289828768074,2.3072255824774546,2.159253732606838,1.9518373151616484,1.6726121439128294
1156.0,2.5499999761357937,2.5499999576722434,2.549999864416073,2.5499995079269766,2.549998205897385,2.5499936548528335,2.549978553991301,2.549931280194462,2.5497922675944484,2.5494095446140435,2.5484254600945806,2.546066700189387,2.5408032390466357,2.52987632711325,2.5087713842173764,2.4708099945741657,2.4070946032294955,2.306975425935721,2.1589609317152774,1.9515257302955342,1.6723133759306035
1157.0,2.5499999758037455,2.5499999571139553,2.54999986278239,2.5499995025349023,2.5499981881059988,2.549993598253115,2.54997838309101,2.5499307947336893,2.549790977856226,2.549406353831982,2.548418134694023,2.5460511390145526,2.5407727278322922,2.52982122277781,2.5086798693987578,2.470670426315722,2.4068993768352924,2.3067253366726086,2.1586682681138014,1.9512143301506513,1.6720148062100426
1158.0,2.5499999754675815,2.5499999565491414,2.5499998611314827,2.549999497091911,2.5499981701652565,2.549993541234943,2.549978211090448,2.5499303065876613,2.549789682087964,2.5494031506923935,2.5484107863891836,2.5460355398718626,2.540742161216819,2.529766049149629,2.5085882842959943,2.470530809258932,2.4067041497051362,2.306475314707711,2.158375741681778,1.9509031145221192,1.6717164342389672
1159.0,2.5499999751272573,2.5499999559777358,2.549999859463198,2.5499994915976054,2.549998152074151,2.549993483795925,2.5499780379844017,2.5499298157461645,2.5497883802720875,2.5493999351696655,2.548403415150825,2.546019902741447,2.5407115392111224,2.529710806291897,2.5084966290295565,2.4703911435539485,2.4065089219583102,2.3062253600603837,2.158083352298747,1.9505920832060308,1.6714182595176517
1160.0,2.5499999747827284,2.549999955399673,2.54999985777738,2.5499994860515858,2.54999813383167,2.5499934259336574,2.5499778637676433,2.549929322198968,2.54978707239101,2.5493967072382038,2.5483960209497725,2.546004227603554,2.5406808618262384,2.529655494267854,2.5084049037197906,2.470251429350608,2.4063136937137077,2.3059754727497452,2.157791099844425,1.950281235999332,1.6711202815581845
1161.0,2.5499999744339488,2.5499999548148846,2.549999856073873,2.5499994804534474,2.549998115436796,2.5499933676457305,2.54997768843493,2.5499288259358246,2.549785758427136,2.54939346687243,2.5483886037569197,2.5459885144385517,2.540650129073334,2.5296001131407935,2.508313108486918,2.470111666798424,2.406118465089837,2.305725652794676,2.157498984198717,1.9499705726997123,1.6708224998838628
1162.0,2.5499999740808734,2.549999954223304,2.5499998543525186,2.549999474802786,2.5499980968885074,2.5499933089297233,2.549977511981006,2.5499283269464708,2.5497844383628623,2.549390214046783,2.548381163543226,2.5459727632269242,2.5406193409637057,2.5295446629740597,2.5082212434510343,2.4699718560465938,2.405923236204821,2.3054759002138225,2.157207005241715,1.949660093105504,1.6705249140286234
1163.0,2.5499999737234567,2.5499999536248628,2.5499998526131606,2.549999469099195,2.549998078185777,2.5499932497832063,2.5499773344006,2.549927825220626,2.549783112180576,2.54938694873572,2.5483737002797144,2.545956973949273,2.5405884975087787,2.5294891438310456,2.5081293087321113,2.469831997243994,2.4057280071763985,2.3052262150255975,2.1569151628537093,1.949349797015594,1.6702275235365038
1164.0,2.5499999733616514,2.549999953019493,2.549999850855637,2.549999463342265,2.549998059327573,2.5499931902037414,2.5499771556884285,2.549927320747994,2.549781779862655,2.5493836709137154,2.5483662139374745,2.545941146586318,2.5405575987201092,2.5294335557751966,2.508037304449994,2.469692090539187,2.405532778121924,2.3049765972481806,2.1566234569151894,1.9490396842293407,1.669930327961136
1165.0,2.5499999729954097,2.5499999524071244,2.5499998490797893,2.549999457531583,2.549998040312859,2.5499931301888807,2.549976975839194,2.5499268135182627,2.549780441391469,2.549380380555262,2.5483587044876623,2.5459252811188975,2.54052664460938,2.529377898870006,2.5079452307244026,2.4695521360804165,2.4053375491583706,2.30472704689952,2.156331887306854,1.9487297545465025,1.6696333268652679
1166.0,2.5499999726246863,2.549999951787688,2.549999847285455,2.549999451666734,2.549998021140593,2.5499930697361686,2.5499767948475833,2.5499263035211017,2.549779096749378,2.5493770776348708,2.548351171901499,2.5459093775279653,2.540495635188402,2.529322173179017,2.5078530876749308,2.469412134015612,2.405142320402333,2.304477563997332,2.1560404539096076,1.9484200077671703,1.669336519820313
1167.0,2.549999972249432,2.5499999511611118,2.5499998454724695,2.5499994457473005,2.549998001809728,2.5499930088431384,2.5499766127082704,2.5499257907461663,2.549777745918734,2.54937376212707,2.5483436161502713,2.545893435794592,2.5404645704691142,2.5292663787658207,2.507760875421047,2.469272084492386,2.404947091970022,2.3042281485591043,2.1557491566045717,1.9481104436917096,1.6690399064059225
1168.0,2.5499999718695996,2.5499999505273263,2.549999843640671,2.5499994397728627,2.5499979823192125,2.5499929475073158,2.5499764294159153,2.5499252751830945,2.549776388881882,2.549370434006405,2.548336037205333,2.5458774558999657,2.5404334504635817,2.5292105156940554,2.507668594082094,2.4691319876580358,2.4047518639772756,2.3039788006020983,2.1554579952730823,1.9478010621207071,1.668743486209585
1169.0,2.54999997148514,2.5499999498862596,2.5499998417898935,2.549999433742999,2.54999796266799,2.5499928857262164,2.549976244965164,2.5499247568215084,2.5497750256211558,2.549367093247442,2.5483284350381026,2.5458614378253905,2.540402275183997,2.5291545840274083,2.507576243777287,2.468991843659545,2.4045566365395503,2.3037295201433468,2.1551669697966984,1.9474918628549236,1.6684472588262464
1170.0,2.5499999710960046,2.5499999492378405,2.549999839919971,2.5499994276572844,2.5499979428549975,2.5499928234973472,2.5499760593506475,2.549924235651015,2.5497736561188824,2.5493637398247646,2.5483208096200647,2.5458453815522883,2.5403710446426793,2.529098583829611,2.507483824625716,2.4688516526435835,2.404361409771928,2.3034803071996572,2.1548760800571998,1.9471828456952516,1.668151223857951
1171.0,2.5499999707021437,2.5499999485819944,2.5499998380307347,2.5499994215152926,2.5499979228791685,2.5499927608182062,2.5499758725669848,2.5499237116612035,2.5497722803573817,2.5493603737129744,2.5483131609227727,2.5458292870621957,2.540339758852071,2.529042515164442,2.5073913367463425,2.468711414756508,2.404166183789116,2.303231161787612,2.1545853259365932,1.94687401044268,1.6678553809135048
1172.0,2.549999970303508,2.5499999479186495,2.5499998361220175,2.5499994153165937,2.5499979027394315,2.549992697686282,2.5499756846087784,2.5499231848416493,2.5497708983189633,2.5493569948866925,2.5483054889178414,2.5458131543367664,2.5403084178247415,2.5289863780957247,2.5072987802580036,2.4685711301443645,2.4039709587054485,2.3029820839235726,2.1542947073171117,1.9465653568982602,1.6675597296081541
1173.0,2.5499999699000466,2.5499999472477306,2.549999834193648,2.5499994090607556,2.5499978824347096,2.549992634099054,2.549975495470619,2.549922655181909,2.5497695099859317,2.5493536033205584,2.5482977935769555,2.5457969833577683,2.5402770215733854,2.52893017268733,2.507206155279407,2.468430798952884,2.4037757346348854,2.3027330736236764,2.154004224081217,1.9462568848630768,1.6672642695632844
1174.0,2.5499999694917093,2.549999946569164,2.5499998322454567,2.5499994027473436,2.5499978619639196,2.549992570053994,2.549975305147083,2.5499221226715263,2.549768115340581,2.5493501989892304,2.5482900748718653,2.5457807741070875,2.5402455701108195,2.5288738990031714,2.5071134619291366,2.4682904213274885,2.403580511691018,2.302484130903843,2.1537138761116017,1.945948594138225,1.6669690004061355
1175.0,2.5499999690784443,2.549999945882875,2.54999983027727,2.54999939637592,2.549997841325976,2.5499925055485617,2.549975113632732,2.549921587300026,2.549766714365198,2.5493467818673867,2.548282332774386,2.545764526566723,2.540214063449986,2.5288175571072062,2.507020700325646,2.4681499974132888,2.4033852899870642,2.302235255779771,2.1534236632911887,1.9456404845247877,1.666673921769532
1176.0,2.5499999686601997,2.5499999451887874,2.5499998282889154,2.5499993899460462,2.5499978205197844,2.5499924405802097,2.549974920922115,2.5499210490569197,2.5497653070420636,2.5493433519297235,2.5482745672564007,2.5457482407187912,2.540182501603949,2.5287611470634355,2.506927870587262,2.4680095273550857,2.4031900696358757,2.301986448266943,2.153133585503133,1.9453325558238168,1.666379033291628
1177.0,2.5499999682369245,2.5499999444868244,2.5499998262802173,2.5499993834572785,2.5499977995442484,2.54999237514638,2.5499747270097655,2.5499205079317027,2.5497638933534486,2.5493399091509583,2.548266778289858,2.545731916545522,2.5401508845858967,2.5287046689359025,2.506834972832185,2.4678690112973705,2.4029948507499346,2.3017377083806236,2.1528436426308226,1.9450248078363193,1.6660843346156662
1178.0,2.5499999678085654,2.54999994377691,2.5499998242510005,2.5499993769091733,2.549997778398266,2.5499923092445083,2.5499745318902045,2.5499199639138532,2.5497624732816178,2.549336453505826,2.5482589658467725,2.545715554029262,2.540119212409137,2.528648122788694,2.5067420071784867,2.467728449384325,2.4027996334413566,2.301489036135864,2.1525538345578763,1.944717240363242,1.6657898253897503
1179.0,2.5499999673750704,2.5499999430589657,2.549999822201088,2.549999370301283,2.549997757080729,2.5499922428720163,2.5499743355579376,2.549919416992835,2.5497610468088294,2.5493329849690833,2.5482511298992256,2.5456991531524706,2.540087485087105,2.528591508685938,2.5066489737441118,2.4675878417598245,2.402604417821893,2.301240431547502,2.1522641611681466,1.944409853205464,1.6654955052666307
1180.0,2.5499999669363858,2.549999942332914,2.5499998201303007,2.549999363633158,2.549997735590525,2.5499921760263216,2.5499741380074585,2.549918867158095,2.5497596139173337,2.5493295035155032,2.5482432704193667,2.545682713897724,2.5400557026333512,2.5285348266918035,2.506555872646876,2.4674471885674345,2.402409204002928,2.300991894630164,2.151974622345717,1.9441026461637854,1.665201373903499
1181.0,2.5499999664924564,2.5499999415986756,2.5499998180384593,2.549999356904345,2.5499977139265355,2.549992108704829,2.5499739392332454,2.549918314399067,2.5497581745893743,2.549326009119883,2.5482353873794104,2.5456662362477096,2.54002386506155,2.5284780768705,2.5064627040044676,2.4673064899504147,2.4022139920954846,2.300743425398263,2.151685217974903,1.9437956190389227,1.6649074309617962
1182.0,2.549999966043229,2.5499999408561704,2.5499998159253834,2.5499993501143896,2.549997692087638,2.549992040904936,2.5499737392297632,2.5499177587051673,2.5497567288071865,2.549322501757036,2.5482274807516365,2.5456497201852324,2.539991972385497,2.528421259286277,2.506369467934445,2.467165746051719,2.402018782210223,2.3004950238660067,2.1513959479402516,1.9434887716315026,1.6646136761070307
1183.0,2.5499999655886487,2.5499999401053195,2.5499998137908904,2.5499993432628334,2.5499976700727043,2.5499919726240288,2.549973537991463,2.549917200065798,2.549755276553,2.5493189814017985,2.5482195505083935,2.5456331656932085,2.5399600246191056,2.528364374003425,2.50627616455424,2.4670249570139946,2.4018235744574414,2.3002466900473935,2.1511068121265375,1.9431821037420611,1.6643201090086044
1184.0,2.54999996512866,2.5499999393460415,2.5499998116347977,2.5499993363492175,2.5499976478806,2.549991903859488,2.549973335512782,2.549916638470344,2.5497538178090364,2.5493154480290254,2.5482115966220964,2.5456165727546707,2.53992802177641,2.528307421086273,2.5061827939811563,2.4668841229795837,2.4016283689470797,2.299998423956214,2.150817810418766,1.9428756151710382,1.6640267293396507
1185.0,2.5499999646632068,2.5499999385782552,2.5499998094569203,2.549999329373077,2.549997625510187,2.5499918346086807,2.5499731317881436,2.5499160739081774,2.5497523525575128,2.549311901613593,2.5482036190652257,2.5455999413527635,2.5398959638715644,2.528250400599187,2.506089356332367,2.4667432440905235,2.4014331657887173,2.2997502256060547,2.150528942702168,1.9425693057187807,1.6637335367768789
1186.0,2.5499999641922337,2.5499999378018776,2.549999807257073,2.549999322333948,2.549997602960322,2.549991764868968,2.5499729268119573,2.5499155063686523,2.549750880780637,2.549308342130397,2.54819561781033,2.5455832714707447,2.539863850918839,2.5281933126065734,2.505995851724918,2.4666023204885477,2.4012379650915765,2.2995020950103,2.1502402088622015,1.9422631751855415,1.6634405310004274
1187.0,2.549999963715683,2.549999937016828,2.5499998050350685,2.549999315231361,2.5499975802298547,2.5499916946377,2.5499727205786185,2.549914935841109,2.549749402460612,2.5493047695543543,2.5481875928300237,2.5455665630919855,2.539831682932624,2.528136157172876,2.5059022802757247,2.4664613523150867,2.401042766964523,2.299254032182132,2.149951608784548,1.9419572233714808,1.6631477116937254
1188.0,2.5499999632334975,2.5499999362230215,2.549999802790718,2.5499993080648475,2.5499975573176306,2.549991623912218,2.54997251308251,2.5499143623148726,2.5497479175796345,2.549301183860403,2.548179544096988,2.5455498161999714,2.539799459927427,2.5280789343625747,2.505808642101574,2.466320339711267,2.4008475715160666,2.299006037134531,2.1496631423551125,1.9416514500766702,1.6628550785433605
1189.0,2.54999996274562,2.5499999354203746,2.5499998005238327,2.549999300833932,2.5499975342224905,2.549991552689854,2.5499723043180005,2.549913785779253,2.549746426119895,2.5492975850235013,2.5481714715839714,2.5455330307782997,2.539767181917874,2.528021644240186,2.5057149373191243,2.4661792828179148,2.400652378854362,2.2987581098802794,2.14937480946002,1.9413458551010954,1.6625626312389552
1190.0,2.5499999622519907,2.5499999346088025,2.549999798234221,2.5499992935381393,2.5499975109432707,2.5499914809679303,2.5499720942794433,2.549913206223545,2.5497449280635767,2.5492939730186284,2.5481633752637896,2.54551620681068,2.5397348489187053,2.5279642868702625,2.505621166044904,2.466038181775552,2.4004571890872133,2.29851025043196,2.149086609985614,1.94104043824466,1.6622703694730483
1191.0,2.549999961752553,2.5499999337882198,2.549999795921692,2.54999928617699,2.5499974874787985,2.54999140874376,2.5499718829611795,2.5499126236370286,2.5497434233928575,2.5492903478207847,2.548155255109324,2.5454993442809357,2.5397024609447794,2.5279068623173937,2.5055273283953126,2.4658970367244013,2.4002620023220698,2.2982624588019616,2.1487985438184576,1.940735199307191,1.661978292940982
1192.0,2.549999961247247,2.5499999329585403,2.5499997935860512,2.5499992787500028,2.549997463827901,2.549991336014649,2.5499716703575364,2.5499120380089675,2.5497419120899094,2.549286709404993,2.5481471110935234,2.545482443173002,2.539670018011071,2.527849370646203,2.5054334244866188,2.4657558478043855,2.4000668186660294,2.298014735002477,2.148510610845326,1.940430138088444,1.6616864013407957
1193.0,2.549999960736012,2.549999932119679,2.5499997912271035,2.5499992712566932,2.5499974399893963,2.5499912627778905,2.549971456462827,2.549911449328612,2.5497403941368986,2.5492830577462953,2.5481389431894046,2.545465503470925,2.539637520132668,2.527791811921347,2.5053394544349628,2.4656146151551255,2.3998716382258425,2.297767079045505,2.1482228109532078,1.9401252543881082,1.661394694373126
1194.0,2.5499999602187895,2.5499999312715467,2.549999788844654,2.5499992636965754,2.5499974159620984,2.5499911890307705,2.5499712412713507,2.549910857585198,2.549738869515985,2.5492793928197566,2.5481307513700497,2.545448525158864,2.539604967324776,2.527734186207519,2.505245418356354,2.465473338915944,2.399676461107908,2.297519490942854,2.1479351440293013,1.9398205480058144,1.6611031717411107
1195.0,2.549999959695518,2.5499999304140553,2.5499997864385042,2.5499992560691584,2.549997391744816,2.5499911147705654,2.5499710247773937,2.5499102627679453,2.549737338209323,2.5492757146004625,2.5481225356086097,2.5454315082210903,2.5395723596027135,2.5276764935694436,2.5051513163666734,2.465332019225866,2.3994812874182783,2.297271970706139,2.1476476099610133,1.9395160187411409,1.6608118331502972
1196.0,2.5499999591661355,2.5499999295471163,2.5499997840084565,2.5499992483739504,2.5499973673363527,2.549991039994542,2.549970806975227,2.5499096648660586,2.549735800199063,2.549272023063522,2.548114295878301,2.545414452641985,2.5395396969819144,2.5276187340718814,2.5050571485816704,2.4651906562236165,2.3992861172626574,2.2970245183467877,2.147360208635958,1.9392116663936196,1.6605206783085567
1197.0,2.5499999586305813,2.5499999286706414,2.54999978155431,2.5499992406104566,2.549997342735505,2.549990964699957,2.5499705878591112,2.549909063868729,2.5497342554673477,2.5492683181840645,2.5481060321524076,2.5453973584060416,2.5395069794779244,2.5275609077796233,2.504962915116966,2.465049250047624,2.3990909507464067,2.2967771338760397,2.1470729399419497,1.9389074907627455,1.6602297069260024
1198.0,2.549999958088792,2.5499999277845395,2.549999779075864,2.5499992327781795,2.549997317941067,2.5499908888840586,2.5499703674232888,2.549908459765133,2.5497327039963147,2.5492645999372403,2.548097744404281,2.5453802254978655,2.539474207106404,2.527503014757492,2.504868616088049,2.4649078008360212,2.3988957879745403,2.2965298173049464,2.1467858037670062,1.9386034916479815,1.6599389187149116
1199.0,2.5499999575407055,2.5499999268887192,2.549999776572916,2.549999224876618,2.5499972929518258,2.549990812544087,2.549970145661992,2.5499078525444303,2.5497311457680976,2.549260868298224,2.5480894326073398,2.5453630539021725,2.5394413798831263,2.5274450550703427,2.504774251610279,2.4647663087266407,2.3987006290517305,2.2962825686443757,2.1464987999993426,1.9382996688487673,1.6596483133896518
1200.0,2.5499999569862584,2.5499999259830908,2.549999774045261,2.5499992169052694,2.549997267766562,2.54999073567727,2.549969922569438,2.549907242195769,2.549729580764824,2.5492571232422105,2.548081096735069,2.545345843603789,2.5394084978239757,2.5273870287830618,2.5046798217988844,2.4646247738570235,2.3985054740823064,2.296035387905011,2.1462119285273715,1.9379960221645283,1.6593578906666102
1201.0,2.5499999564253866,2.549999925067561,2.549999771492695,2.5499992088636274,2.549997242384053,2.5499906582808287,2.5499696981398308,2.5499066287082806,2.5497280089686174,2.549253364744418,2.548072736761022,2.545328594587651,2.539375560944949,2.5273289359605666,2.504585326768963,2.4644831963644127,2.3983103231702563,2.295788275097352,2.1459251892396973,1.9376925513945902,1.6590676421188906
1202.0,2.5499999558580257,2.5499999241420364,2.5499997689150105,2.549999200751183,2.5499972168030705,2.549990580351974,2.5499694723673603,2.5499060120710832,2.5497264303615945,2.549249592780088,2.548064352658818,2.5453113068388062,2.539342569262155,2.527270776667804,2.504490766635484,2.4643415763857583,2.3981151764192283,2.2955412302317186,2.145638582025116,1.9373892563363235,1.6587775574009769
1203.0,2.5499999552841106,2.549999923206424,2.5499997663119993,2.5499991925674244,2.549997191022379,2.5499905018879057,2.549969245246203,2.54990539227328,2.54972484492587,2.549245807324482,2.5480559444021447,2.5452939803424117,2.5393095227918137,2.5272125509697507,2.504396141513283,2.4641999140577155,2.3979200339325306,2.295294253318251,2.145352106772612,1.937086136782577,1.6584876368620567
1204.0,2.5499999547035768,2.5499999222606284,2.549999763683452,2.5499991843118384,2.5499971650407396,2.5499904228858172,2.549969016770522,2.5499047693039607,2.5497232526435503,2.5492420083528855,2.548047511964756,2.545276615083736,2.539276421550254,2.5271542589314127,2.504301451517067,2.464058209516647,2.3977248958131336,2.2950473443669073,2.1450657633713526,1.9367831925217514,1.6581978808216884
1205.0,2.5499999541163567,2.549999921304555,2.5499997610291585,2.549999175983907,2.549997138856906,2.54999034334289,2.5499687869344667,2.5499041431521996,2.5497216534967397,2.549238195840607,2.548039055320474,2.545259211048155,2.5392432655539166,2.5270959006178253,2.50420669676141,2.4639164628986214,2.3975297621636713,2.2948005033874725,2.1447795517106836,1.9364804233382875,1.6579082895714945
1206.0,2.5499999535223847,2.549999920338109,2.5499997583489065,2.54999916758311,2.549997112469629,2.5499902632562983,2.5499685557321734,2.549903513807058,2.549720047467538,2.5492343697629773,2.548030574443188,2.5452417682211568,2.5392100548193515,2.5270374760940513,2.5041118773607565,2.4637746743394158,2.3973346330864427,2.2945537303895516,2.1444934716801223,1.9361778290131118,1.6576188633767537
1207.0,2.5499999529215946,2.549999919361193,2.549999755642482,2.5499991591089244,2.5499970858776515,2.5499901826232043,2.5499683231577643,2.549902881257581,2.5497184345380397,2.54923053009535,2.5480220693068527,2.5452242865883363,2.5391767893632173,2.5269789854251816,2.5040169934294196,2.4636328439745157,2.3971395086834097,2.294307025382577,2.144207523169348,1.9358754093240456,1.6573296024778998
1208.0,2.5499999523139176,2.54999991837371,2.5499997529096703,2.5499991505608253,2.549997059079712,2.549990101440764,2.5499680892053482,2.549902245492802,2.549716814690335,2.5492266768131024,2.5480135398854937,2.5452067661354003,2.5391434692022816,2.5269204286763345,2.503922045081581,2.4634909719391147,2.396944389056202,2.2940603883758053,2.143921706068198,1.9355731640461833,1.6570405070919356
1209.0,2.5499999516992853,2.5499999173755614,2.549999750150255,2.549999141938284,2.549997032074544,2.5499900197061214,2.5499678538690196,2.5499016065017392,2.5497151879065094,2.5492228098916345,2.548004986153201,2.5451892068481623,2.539110094353421,2.5268618059126555,2.503827032431291,2.4633490583681175,2.3967492743061163,2.293813819378322,2.143636020266654,1.9352710929522388,1.656751577413758
1210.0,2.549999951077629,2.549999916366649,2.549999747364018,2.5499991332407688,2.5499970048608747,2.549989937416412,2.5499676171428605,2.5499009642733967,2.5497135541686444,2.5492189293063703,2.5479964080841326,2.545171608712544,2.53907666483362,2.5268031171993153,2.503731955592468,2.463207103396137,2.396554164534119,2.2935673183990413,2.143350465654838,1.9349691958128645,1.6564628136174127
1211.0,2.54999995044888,2.5499999153468726,2.54999974455074,2.549999124467746,2.549996977437426,2.5499898545687625,2.5499673790209396,2.549900318796764,2.54971191345882,2.5492150350327556,2.5479878056525154,2.545153971714579,2.53904318065997,2.526744362601513,2.5036368146789005,2.4630651071574974,2.3963590598408437,2.293320885446706,2.1430650421229993,1.9346674723969446,1.6561742158572699
1212.0,2.549999949812968,2.5499999143161323,2.5499997417102,2.549999115618678,2.549996949802914,2.5499897711602886,2.5499671394973107,2.5498996700608183,2.5497102657591086,2.549211127046261,2.5479791788326427,2.5451362958404067,2.5390096418496704,2.5266855421844707,2.503541609804244,2.462923069786233,2.396163960326596,2.293074520529892,2.1427797495615084,1.9343659224718603,1.6558857842691341
1213.0,2.549999949169822,2.549999913274328,2.5499997388421773,2.549999106693025,2.54999692195605,2.549989687188098,2.549966898566016,2.5498990180545205,2.549708611051581,2.549207205322381,2.547970527598874,2.545118581076276,2.538976048420026,2.5266266560134367,2.5034463410820234,2.462780991416094,2.3959688660913536,2.292828223657002,2.1424945878608455,1.934064545803739,1.6555975189712904
1214.0,2.549999948519371,2.549999912221357,2.5499997359464484,2.549999097690245,2.5499968938955395,2.5499896026492883,2.549966656221083,2.5498983627668204,2.5497069493183044,2.5492032698366325,2.547961851925639,2.5451008274085423,2.5389424003884487,2.526567704153684,2.5033510086256308,2.4626388721805377,2.3957737772347665,2.2925819948362762,2.1422095569115926,1.9337633421576759,1.6553094200654865
1215.0,2.5499999478615445,2.5499999111571157,2.549999733022788,2.549999088609791,2.5499968656200824,2.549989517540948,2.549966412456527,2.5498977041866526,2.54970528054134,2.5491993205645573,2.5479531517874308,2.54508303482367,2.538908697772455,2.5265086866705095,2.5032556125483265,2.462496712212736,2.3955786938561565,2.292335834075787,2.1419246566044228,1.93346231129794,1.6550214876378617
1216.0,2.549999947196269,2.549999910081502,2.5499997300709696,2.549999079451115,2.5499968371283734,2.549989431860156,2.549966167266348,2.549897042302938,2.549703604702747,2.5491953574817203,2.5479444271588134,2.545065203308231,2.5388749405896682,2.5264496036292337,2.503160152963241,2.4623545116455774,2.3953836160545237,2.2920897413834416,2.141639886830098,1.933161452988164,1.6547337217598206
1217.0,2.5499999465234726,2.5499999089944114,2.549999727090766,2.549999070213666,2.549996808419101,2.5499893456039806,2.549965920644533,2.5498963771045844,2.5497019217845818,2.5491913805637103,2.547935678014418,2.5450473328489043,2.5388411288578165,2.526390455095201,2.5030646299833705,2.4622122706116603,2.3951885439285423,2.291843716766983,2.1413552474794515,1.9328607669915128,1.6544461224888556
1218.0,2.5499999458430813,2.549999907895739,2.549999724081947,2.549999060896889,2.549996779490948,2.549989258769483,2.5499656725850572,2.5498957085804856,2.5497002317688975,2.549187389786142,2.5479269043289423,2.545029423432476,2.538807262594732,2.526331241133778,2.50296904372158,2.462069989243299,2.394993477576564,2.291597760233992,2.1410707384433874,1.9325602530708406,1.6541586898693228
1219.0,2.5499999451550215,2.54999990678538,2.549999721044282,2.549999051500227,2.5499967503425913,2.549989171353713,2.549965423081881,2.549895036719522,2.5496985346377428,2.5491833851246515,2.547918106077152,2.54501147504584,2.5387733418183505,2.5262719618103535,2.5028733942906025,2.4619276676725246,2.394798417096618,2.291351871791887,2.1407863596128687,1.9322599109888325,1.6538714239331742
1220.0,2.549999944459219,2.5499999056632268,2.5499997179775398,2.5499990420231184,2.549996720972705,2.549989083353711,2.549965172128951,2.54989436151056,2.5496968303731635,2.549179366554902,2.547909283233879,2.544993487675996,2.5387393665467126,2.5262126171903394,2.5027776818030394,2.4617853060310817,2.3946033625864107,2.2911060514479233,2.140502110878913,1.931959740508134,1.6535843247006465
1221.0,2.549999943755597,2.5499999045291726,2.549999714881486,2.549999032465001,2.5499966913799534,2.54998899476651,2.5499649197202023,2.549893682942453,2.5496951189572035,2.54917533405258,2.5479004357740247,2.54497546131005,2.5387053367979617,2.526153207339167,2.502681906371359,2.461642904450433,2.3944083141433334,2.2908602992091964,2.140217992132584,1.931659741391467,1.6532973921809129
1222.0,2.5499999430440807,2.5499999033831093,2.5499997117558864,2.549999022825309,2.5499966615629983,2.549988905589131,2.5499646658495556,2.549893001004042,2.549693400371902,2.549171287593395,2.547891563672557,2.544957395935217,2.538671252590343,2.526093732322291,2.5025860681078984,2.4615004630617574,2.394213271864454,2.2906146150826427,2.1399340032649845,1.9313599134017354,1.6530106263726914
1223.0,2.549999942324594,2.5499999022249273,2.549999708600503,2.549999013103472,2.5499966315204956,2.5499888158185864,2.5499644105109183,2.549892315684153,2.5496916745992966,2.5491672271530845,2.547882666904512,2.5449392915388143,2.538637113942206,2.5260341922051865,2.502490167124862,2.4613579819959512,2.394018235846526,2.2903689990750378,2.1396501441672533,1.9310602563021226,1.6527240272648276
1224.0,2.5499999415970596,2.549999901054518,2.549999705415099,2.5499990032989186,2.5499966012510935,2.549988725451879,2.5499641536981836,2.5498916269715997,2.5496899416214216,2.5491631527074077,2.5478737454449925,2.544921148108269,2.538602920872001,2.525974587053347,2.5023942035343194,2.461215461383629,2.3938232061859837,2.2901234511929998,2.139366414730557,1.9307607698561768,1.6524375948368388
1225.0,2.5499999408614,2.54999989987177,2.5499997021994343,2.5499989934110743,2.5499965707534367,2.549988634486003,2.549963895405233,2.5498909348551826,2.54968820142031,2.54915906423215,2.5478647992691683,2.544902965631112,2.538568673398279,2.525914916932287,2.5022981774482127,2.4610729013551227,2.3936281829789476,2.2898779714429898,2.139082814846087,1.9304614538278866,1.6521513290594267
1226.0,2.5499999401175373,2.5499998986765733,2.5499996989532683,2.5499989834393597,2.5499965400261635,2.549988542917942,2.549963635625934,2.5498902393236884,2.54968645397799,2.5491549617031217,2.5478558283522785,2.544884744094979,2.5385343715396935,2.525855181907541,2.5022020889783465,2.4609303020404854,2.393433166321222,2.289632559831311,2.138799344405054,1.9301623079817538,1.6518652298949636
1227.0,2.549999939365392,2.549999897468815,2.549999695676357,2.549998973383194,2.549996509067906,2.549988450744671,2.549963374354142,2.5498895403658906,2.549684699276488,2.549150845096159,2.5478468326696286,2.5448664834876134,2.538500015314999,2.5257953820446604,2.502105938236396,2.4607876635694894,2.3932381563083,2.28938721636411,2.1385160032986814,1.9298633320828538,1.6515792972979502
1228.0,2.5499999386048837,2.5499998962483823,2.5499996923684582,2.549998963241993,2.5499964778772917,2.5499883579631537,2.5499631115836965,2.5498888379705513,2.5496829372978302,2.5491467143871205,2.547837812196593,2.544848183796862,2.5384656047430494,2.5257355174092178,2.502009725333903,2.4606449860716273,2.393043153035358,2.289141941047376,2.1382327914182064,1.9295645258968914,1.6512935312154482
1229.0,2.549999937835934,2.5499998950151608,2.549999689029325,2.549998953015169,2.5499964464529414,2.549988264570347,2.549962847308426,2.5498881321264184,2.549681168024038,2.549142569551894,2.5478287669086117,2.544829845010678,2.538431139842799,2.525675588066801,2.501913450382276,2.460502269676111,2.392848156597265,2.2888967338869457,2.1379497086548724,1.9292658891902503,1.651007931587487
1230.0,2.5499999370584603,2.5499998937690367,2.549999685658711,2.549998942702133,2.549996414793471,2.549988170563196,2.5499625815221445,2.549887422822226,2.549679391437131,2.549138410566389,2.547819696781194,2.544811467117117,2.5383966206332995,2.525615594083018,2.5018171134927916,2.460359514511876,2.392653167088577,2.288651594888499,2.13766675489993,1.9289674217300372,1.6507224983474496
1231.0,2.549999936272383,2.549999892509894,2.549999682256367,2.5499989323022914,2.54999638289749,2.549988075938637,2.5499623142186545,2.5498867100466964,2.5496776075191274,2.549134237406543,2.5478106017899167,2.5447930501043423,2.5383620471337047,2.525555535523493,2.5017207147765923,2.460216720707579,2.3924581846035418,2.2884065240575624,2.13738393004463,1.9286691232841189,1.650437231422435
1232.0,2.5499999354776186,2.5499998912376167,2.5499996788220423,2.549998921815048,2.5499963507636014,2.549987980693597,2.5499620453917444,2.5498859937885396,2.549675816252044,2.549130050048317,2.5478014819104224,2.5447745939606197,2.5383274193632652,2.525495412453866,2.5016242543446903,2.4600738883915994,2.392263209236098,2.2881615213995072,2.137101233980224,1.9283709936211564,1.6501521307336027
1233.0,2.5499999346740863,2.5499998899520877,2.5499996753554854,2.5499989112398023,2.549996318390405,2.5499878848249944,2.5499617750351886,2.549885274036452,2.549674017617894,2.5491258484676984,2.5477923371184232,2.5447560986743185,2.5382927373413318,2.525435224939796,2.501527732307962,2.459931017692039,2.392068241079877,2.287916586919553,2.136818666597962,1.9280730325106334,1.6498671961964966
1234.0,2.5499999338617005,2.5499998886531894,2.549999671856443,2.549998900575952,2.549996285776493,2.5499877883297355,2.5499615031427494,2.549884550779118,2.54967221159869,2.5491216326407025,2.547783167389697,2.5447375642339143,2.5382580010873506,2.5253749730469552,2.501431148777154,2.4597881087367237,2.3918732802282046,2.287671720622764,2.136536227789092,1.9277752397228842,1.6495824277213502
1235.0,2.5499999330403798,2.5499998873408027,2.5499996683246606,2.5499988898228927,2.549996252920452,2.54998769120472,2.5499612297081753,2.549883824005207,2.5496703981764433,2.549117402543367,2.547773972700092,2.544718990627985,2.538223210620867,2.5253146568410334,2.5013345038628767,2.459645161653204,2.391678326774099,2.2874269225140536,2.1362539174448574,1.9274776150291124,1.649297825213377
1236.0,2.5499999322100373,2.5499998860148074,2.5499996647598806,2.549998878980014,2.549996219820864,2.549987593446835,2.5499609547252025,2.5498830937033796,2.549668577333162,2.5491131581517563,2.5477647530255223,2.5447003778452113,2.538188365961522,2.525254276387735,2.5012377976756093,2.4595021765687552,2.391483380810277,2.2871821925981823,2.1359717354564953,1.9271801582014094,1.6490133885730422
1237.0,2.549999931370589,2.549999884675083,2.5499996611618454,2.549998868046706,2.549996186476303,2.5499874950529606,2.5499606781875532,2.5498823598622806,2.5496667490508553,2.549108899441964,2.547755508341968,2.5446817258743804,2.5381534671290544,2.5251938317527785,2.5011410303256976,2.459359153610378,2.39128844242915,2.2869375308797584,2.1356896817152395,1.92688286901277,1.648729117696323
1238.0,2.5499999305219476,2.549999883321509,2.5499996575302966,2.549998857022353,2.54999615288534,2.549987396019967,2.549960400088938,2.5498816224705445,2.5496649133115286,2.5491046263901054,2.5477462386254808,2.544663034704379,2.538118514143299,2.5251333230018975,2.5010442019233565,2.4592160929047986,2.391093511722826,2.2866929373632394,2.1354077561123157,1.9265857472371042,1.648445012474951
1239.0,2.5499999296640286,2.549999881953962,2.5499996538649716,2.5499988459063374,2.5499961190465372,2.5499872963447134,2.5499601204230524,2.5498808815167915,2.5496630700971865,2.5491003389723246,2.5477369438521764,2.5446443043241986,2.5380835070241847,2.5250727502008408,2.5009473125786643,2.4590729945784697,2.390898588783113,2.2864484120529287,2.135125958538946,1.926288792649248,1.6481610727966454
1240.0,2.5499999287967428,2.54999988057232,2.5499996501656077,2.5499988346980373,2.5499960849584538,2.5499871960240506,2.54995983918358,2.5498801369896302,2.5496612193898325,2.5490960371647917,2.54772762399824,2.544625534722933,2.5380484457917385,2.525012113415368,2.5008503624015668,2.458929858757571,2.3907036737015197,2.286203954952982,2.1348442888863444,1.925992005024969,1.6478772985453272
1241.0,2.5499999279200027,2.549999879176458,2.5499996464319397,2.54999882339683,2.5499960506196415,2.549987095054819,2.5499595563641915,2.549879388877658,2.5496593611714697,2.5490917209437036,2.547718279039923,2.5446067258897793,2.5380133304660806,2.5249514127112542,2.5007533515018787,2.4587866855680103,2.3905087665692535,2.285959566067402,2.134562747045723,1.925695384140972,1.647593689601329
1242.0,2.5499999270337197,2.5499998777662514,2.5499996426637033,2.5499988120020864,2.549996016028647,2.549986993433851,2.549959271958545,2.549878637169458,2.549657495424101,2.549087390285283,2.547708908953546,2.5445878778140374,2.5379781610674255,2.5248906481542868,2.50065627998928,2.4586434751354243,2.3903138674772233,2.285715245400041,2.1342813329082873,1.9253989297749043,1.6473102458415887
1243.0,2.5499999261378044,2.549999876341574,2.549999638860629,2.549998800513177,2.549995981184011,2.5499868911579675,2.549958985960285,2.5498778818536025,2.549655622129726,2.5490830451657787,2.547699513715496,2.544568990485107,2.537942937616084,2.5248298198102646,2.5005591479733185,2.4585002275851755,2.3901189765160415,2.2854709929546027,2.1340000463652413,1.9251026417053552,1.6470269671398343
1244.0,2.5499999252321666,2.5499998749023,2.5499996350224485,2.5499987889294684,2.549995946084268,2.5499867882239804,2.549958698363043,2.549877122918652,2.5496537412703444,2.5490786855614673,2.5476900933022284,2.5445500638924923,2.5379076601324586,2.5247689277450007,2.500461955563406,2.4583569430423595,2.3899240937760236,2.28522680873464,2.133718887307785,1.924806519711856,1.6467438533667584
1245.0,2.5499999243167153,2.549999873448301,2.549999631148891,2.5499987772503228,2.5499959107279464,2.5499866846286947,2.5499584091604377,2.549876360353153,2.549651852827955,2.5490743114486514,2.5476806476902656,2.5445310980257974,2.5378723286370453,2.524707972024317,2.5003647028688243,2.458213621631798,2.3897292193471893,2.284982692743554,2.1334378556271187,1.92451056357488,1.6464609043901837
1246.0,2.5499999233913604,2.5499998719794488,2.549999627239683,2.5499987654751015,2.54999587511357,2.549986580368901,2.5499581183460744,2.549875594145642,2.5496499567845574,2.549069922803661,2.5476711768561984,2.544512092874729,2.5378369431504346,2.524646952714048,2.5002673899987213,2.4580702634780462,2.3895343533192634,2.2847386449845986,2.133156951214442,1.9242147730758397,1.6461781200752195
1247.0,2.5499999224560086,2.549999870495614,2.5499996232945517,2.54999875360316,2.549995839239655,2.5499864754413837,2.5499578259135465,2.5498748242846414,2.5496480531221493,2.549065519602852,2.547661680776683,2.5444930484290937,2.5378015036933075,2.524585869880039,2.50017001706211,2.457926868705388,2.389339495781678,2.2844946654608758,2.132876173960959,1.9239191479970812,1.6458955002844087
1248.0,2.5499999215105675,2.549999868996665,2.549999619313219,2.5499987416338525,2.549995803104713,2.5499863698429173,2.5499575318564336,2.5498740507586644,2.5496461418227283,2.54906110182261,2.547652159428446,2.5444739646788017,2.537766010286439,2.524524723588146,2.5000725841678717,2.4577834374378407,2.389144646823572,2.284250754175342,2.1325955237578755,1.923623688121882,1.6456130448778696
1249.0,2.549999920554943,2.5499998674824718,2.549999615295409,2.54999872956653,2.5499957667072493,2.549986263570265,2.5499572361683023,2.5498732735562104,2.5496442228682916,2.549056669439344,2.5476426127882794,2.544454841613863,2.5377304629506945,2.5244635139042346,2.4999750914247523,2.457639969799153,2.388949806533791,2.284006911130801,2.1323150004964035,1.9233283932344434,1.6453307537134276
1250.0,2.549999919589042,2.5499998659529024,2.5499996112408425,2.549998717400539,2.549995730045764,2.549986156620182,2.549956938842708,2.5498724926657665,2.5496422962408354,2.5490522224294936,2.5476330408330434,2.544435679224387,2.537694861707031,2.5244022408941813,2.4998775389413654,2.4574964659128047,2.388754975000893,2.2837631363299087,2.132034604067765,1.9230332631198859,1.645048626646741
1251.0,2.5499999186127686,2.5499998644078232,2.549999607149238,2.5499987051352226,2.5499956931187504,2.549986048989414,2.5499566398731908,2.54987170807581,2.5496403619223567,2.5490477607695237,2.547623443539666,2.5444164775005857,2.5376592065764987,2.5243409046238714,2.499779926826192,2.45735292590201,2.388560152313143,2.2835194297751737,2.1317543343631886,1.9227382975642406,1.6447666635314204
1252.0,2.5499999176260273,2.5499998628471,2.5499996030203134,2.549998692769923,2.549995655924696,2.5499859406746963,2.5499563392532805,2.5498709197748046,2.5496384198948525,2.5490432844359265,2.5476138208851444,2.5443972364327707,2.5376234975802365,2.5242795051591975,2.4996822551875786,2.457209349889717,2.3883653385585197,2.2832757914689563,2.131474191273917,1.922443496354441,1.6444848642191414
1253.0,2.549999916628722,2.549999861270598,2.549999598853783,2.549998680303977,2.549995618462082,2.5499858316727555,2.549956036976493,2.5498701277512037,2.5496364701403196,2.5490387934052237,2.54760417284654,2.544377956011353,2.537587734739472,2.5242180425660625,2.499584524133739,2.4570657379986076,2.388170533824711,2.283032221413466,2.1311941746912058,1.9221488592783162,1.6442032285597512
1254.0,2.5499999156207545,2.549999859678181,2.549999594649363,2.549998667736719,2.5499955807293855,2.549985721980307,2.5499557330363305,2.5498693319934485,2.549634512640755,2.5490342876539627,2.5475944994009825,2.5443586362268453,2.537551918075526,2.524156516910378,2.499486733772753,2.456922090351099,2.387975738199119,2.2827887196107666,2.1309142845063276,1.921854386124582,1.6439217564013706
1255.0,2.549999914602027,2.549999858069712,2.549999590406765,2.5499986550674802,2.5499955427250747,2.5499856115940576,2.549955427426283,2.5498685324899686,2.5496325473781556,2.549029767158719,2.5475848005256707,2.5443392770698576,2.537516047609806,2.5240949282580623,2.4993888842125656,2.4567784070693435,2.3877809517688613,2.2825452860627733,2.130634520610576,1.9215600766828296,1.6436404475904887
1256.0,2.5499999135724427,2.5499998564450532,2.5499995861256997,2.5499986422955874,2.5499955044476152,2.5499855005107053,2.549955120139829,2.549867729229182,2.5496305743345187,2.5490252318960964,2.54757507619787,2.5443198785311014,2.5374801233638102,2.5240332766750413,2.499290975560991,2.4566346882752272,2.387586174620768,2.2823019207712525,2.130354882895264,1.9212659307435187,1.6433593019720565
1257.0,2.5499999125319,2.5499998548040663,2.549999581805875,2.549998629420365,2.5499954658954636,2.549985388726937,2.5499548111704327,2.5498669221994956,2.549628593491842,2.549020681842725,2.5475653263949134,2.544300440601385,2.537444145359124,2.523971562227248,2.4991930079257085,2.456490934090377,2.3873914068413837,2.2820586237378255,2.1300753712517286,1.9209719480979668,1.6430783193895706
1258.0,2.5499999114803003,2.549999853146611,2.5499995774469992,2.5499986164411355,2.5499954270670733,2.5499852762394304,2.5499545005115465,2.5498661113893046,2.5496266048321234,2.549016116975266,2.5475555510942,2.5442809632716186,2.537408113617423,2.523909784980623,2.4990949814142636,2.456347144636153,2.387196648516973,2.2818153949639646,2.129795985571334,1.9206781285383383,1.6427974996851562
1259.0,2.5499999104175415,2.549999851472547,2.549999573048778,2.5499986033572157,2.5499953879608896,2.549985163044855,2.54995418815661,2.549865296786993,2.5496246083373624,2.5490115372704047,2.5475457502731986,2.54426144653281,2.537372028160469,2.5238479450011124,2.4989968961340683,2.456203320033654,2.387001899733514,2.281572234450995,2.1295167257454723,1.9203844718576357,1.642516842699646
1260.0,2.549999909343523,2.5499998497817318,2.5499995686109145,2.5499985901679203,2.5499953485753517,2.549985049139869,2.5499538740990495,2.5498644783809343,2.549622603989558,2.549006942704857,2.5475359239094444,2.5442418903760657,2.5373358890101114,2.523786042354669,2.498898752192401,2.4560594604037176,2.386807160576707,2.281329142200096,2.1292375916655684,1.9200909778496875,1.6422363482726525
1261.0,2.5499999082581417,2.549999848074023,2.549999564133111,2.54999857687256,2.549995308908894,2.549984934521122,2.54995355833228,2.54986365615949,2.54962059177071,2.549002333255367,2.54752607198054,2.544222294792591,2.5372996961882888,2.5237240771072504,2.498800549696407,2.4559155658669187,2.386612431131969,2.281086118212299,2.1289585832230804,1.919797646309165,1.6419560185699527
1262.0,2.5499999071612955,2.5499998463492775,2.5499995596150677,2.5499985634704436,2.5499952689599468,2.549984819185253,2.5499532408497028,2.5498628301110102,2.5496185716628204,2.548997708898706,2.547516194464155,2.5442026597736898,2.5372634497170226,2.5236620493248205,2.498702288753098,2.4557716365435733,2.3864177114844374,2.28084316248849,2.128679700309504,1.9195044770320977,1.6416758563055633
1263.0,2.54999990605288,2.54999984460735,2.549999555056483,2.549998549960876,2.549995228726929,2.5499847031288922,2.549952921644706,2.5498620002238344,2.54961654364789,2.548993069611674,2.547506291338027,2.544182985310762,2.5372271496184253,2.5235999590733473,2.498603969469352,2.4556276725537343,2.3862230017189705,2.2806002750294097,2.1284009428163753,1.9192114698165927,1.6413958611375141
1264.0,2.54999990493279,2.549999842848095,2.549999550457054,2.5499985363431565,2.549995188208258,2.5499845863486597,2.5499526007106668,2.549861166486291,2.5496145077079233,2.5489884153710993,2.547496362579959,2.544163271395308,2.5371907959146918,2.523537806418804,2.498505591951914,2.4554836740171977,2.3860283019201485,2.2803574558356505,2.1281223106352694,1.918918624462804,1.641116032731759
1265.0,2.549999903800921,2.5499998410713656,2.5499995458164753,2.549998522616585,2.549995147402343,2.5499844688411666,2.5499522780409487,2.5498603288866977,2.5496124638249245,2.5489837461538394,2.547486408167826,2.544143518018924,2.537154388628103,2.523475591427167,2.4984071563073935,2.4553396410534973,2.385833612172274,2.2801147049076618,2.1278438036578113,1.9186259407727881,1.64083637076174
1266.0,2.549999902657166,2.5499998392770142,2.549999541134441,2.5499985087804546,2.5499951063075894,2.5499843506030135,2.549951953628903,2.5498594874133604,2.549610411980897,2.54897906193678,2.547476428079565,2.5441237251733053,2.537117927781028,2.5234133141644195,2.4983086626422693,2.455195573781912,2.3856389325593734,2.2798720222457445,2.127565421775675,1.9183334185503698,1.6405568749079777
1267.0,2.5499999015014185,2.5499998374648927,2.5499995364106414,2.549998494834057,2.549995064922394,2.549984231630793,2.549951627467869,2.5498586420545744,2.5496083521578488,2.548974362696835,2.547466422293184,2.544103892850243,2.537081413395916,2.523350974696545,2.498210111062884,2.4550514723214585,2.3854442631651973,2.2796294078500563,2.1272871648805864,1.9180410576010183,1.640277544857688
1268.0,2.5499999003335705,2.549999835634851,2.549999531644766,2.54999848077668,2.549995023245149,2.549984111921086,2.5499512995511724,2.5498577927986252,2.5496062843377882,2.5489696484109463,2.5474563907867567,2.544084021041625,2.5370448454953047,2.5232885730895314,2.4981115016754485,2.4549073367908987,2.3852496040732225,2.27938686172061,2.1270090328643327,1.9177488577317319,1.6399983803044187
1269.0,2.549999899153513,2.549999833786739,2.5499995268365043,2.5499984666076077,2.5499949812742404,2.549983991470465,2.5499509698721274,2.5498569396337873,2.5496042085027244,2.548964919056088,2.5474463335384234,2.5440641097394385,2.5370082241018137,2.52322610940937,2.498012834586039,2.454763167308736,2.385054955366651,2.279144383857274,2.1267310256187613,1.9174568187509324,1.6397193809477086
1270.0,2.5499998979611376,2.549999831920404,2.5499995219855407,2.5499984523261214,2.549994939008047,2.549983870275493,2.5499506384240345,2.5498560825483225,2.5496021246346685,2.5489601746092596,2.5474362505263937,2.5440441589357645,2.5369715492381473,2.523163583722053,2.4979141099005986,2.4546189639932177,2.384860317128409,2.278901974259772,2.126453143035786,1.9171649404683675,1.6394405464927677
1271.0,2.5499998967563333,2.549999830035693,2.5499995170915604,2.549998437931498,2.549994896444944,2.549983748332723,2.5499503052001846,2.549855221530484,2.549600032715633,2.5489554150474913,2.547426141728943,2.544024168622782,2.5369348209270925,2.5231009960935777,2.4978153277249366,2.454474726962336,2.3846656894411558,2.278659632927683,2.1261753850073926,1.9168732226950191,1.6391618766501745
1272.0,2.5499998955389893,2.5499998281324543,2.5499995121542454,2.5499984234230126,2.5499948535832972,2.549983625638698,2.549949970193853,2.549854356568515,2.5495979327276324,2.5489506403478415,2.5474160071244136,2.544004138792765,2.5368980391915206,2.5230383465899404,2.4977164881647282,2.4543304563338255,2.384471072387275,2.2784173598604434,2.125897751425642,1.9165816652430203,1.6388833711355932
1273.0,2.5499998943089937,2.549999826210531,2.5499995071732764,2.549998408799935,2.5499948104214685,2.549983502189952,2.549949633398304,2.549853487650646,2.5495958246526835,2.5489458504873985,2.5474058466912157,2.5439840694380846,2.5368612040543828,2.52297563527714,2.4976175913255165,2.454186152225167,2.38427646604888,2.2781751550573466,2.1256202421826735,1.916290267925578,1.6386050296695043
1274.0,2.549999893066234,2.5499998242697672,2.549999502148333,2.5499983940615323,2.549994766957814,2.5499833779830094,2.5499492948067886,2.5498526147650984,2.549593708472804,2.54894104544328,2.5473956604078274,2.543963960551208,2.536824315538715,2.522912862221176,2.49751863731271,2.4540418147535887,2.3840818705078166,2.2779330185175417,2.125342857170712,1.915999030556901,1.638326851976954
1275.0,2.549999891810597,2.549999822310007,2.549999497079091,2.549998379207069,2.549994723190682,2.549983253014384,2.5499489544125478,2.5498517379000836,2.549591584170016,2.548936225192632,2.547385448252792,2.543943812124696,2.536787373667634,2.522850027488051,2.497419626231584,2.4538974440360612,2.3838872858456592,2.2776909502400358,2.12506559628207,1.9157079529521355,1.6380488377873181
1276.0,2.549999890541968,2.5499998203310916,2.549999491965226,2.5499983642358055,2.5499946791184156,2.549983127280582,2.5499486122088078,2.549850857043801,2.5495894517263396,2.5489313897126302,2.547375210204722,2.5439236241512075,2.536750378464338,2.5227871311437653,2.4973205581872806,2.453753040189306,2.383692712143716,2.2774489502236945,2.124788459409154,1.9154170349273028,1.6377709868340773
1277.0,2.5499998892602314,2.5499998183328625,2.5499994868064113,2.549998349146999,2.5499946347393525,2.5499830007780977,2.549948268188783,2.5498499721844414,2.5495873111238008,2.5489265389804796,2.5473649462422943,2.5439033966234947,2.5367133299521076,2.5227241732543195,2.497221433284809,2.453608603329788,2.383498149483026,2.2772070184672404,2.124511446444462,1.9151262762992447,1.6374932988546071
1278.0,2.5499998879652717,2.54999981631516,2.5499994816023186,2.5499983339399015,2.549994590051823,2.549982873503417,2.5499479223456762,2.549849083310184,2.5495851623444263,2.5489216729734165,2.5473546563442566,2.5438831295344038,2.536676228154302,2.522661153885716,2.497122251629043,2.4534641335737217,2.3833035979443626,2.276965154969256,2.1242345572805954,1.9148356768855708,1.6372157735899808
1279.0,2.5499998866569733,2.549999814277822,2.5499994763526166,2.5499983186137642,2.5499945450541515,2.5499827454530166,2.5499475746726783,2.5498481904091985,2.549583005370245,2.548916791668704,2.547344340489421,2.54386282287688,2.536639073094362,2.5225980731039557,2.4970230133247227,2.4533196310370684,2.383109057608233,2.2767233597281824,2.1239577918102595,1.914545236504612,1.6369384107847822
1280.0,2.549999885335217,2.5499998122206864,2.5499994710569744,2.549998303167834,2.549994499744657,2.5499826166233626,2.5499472251629673,2.5498472934696452,2.549580840183288,2.548911895043638,2.547333998656667,2.543842476643958,2.536601864795808,2.5225349309750387,2.4969237184764577,2.4531750958355416,2.382914528554879,2.2764816327423194,2.123681149926267,1.9142549549753767,1.636661210186931
1281.0,2.549999883999886,2.5499998101435906,2.549999465715056,2.5499982876013525,2.5499944541216513,2.5499824870109116,2.5499468738097093,2.549846392479673,2.5495786667655906,2.54890698307554,2.547323630824942,2.54382209082877,2.5365646032822395,2.522471727564964,2.4968243671887222,2.4530305280845996,2.3827200108642783,2.276239974009828,2.1234046315215394,1.9139648321175098,1.6363841715475147
1282.0,2.549999882650859,2.5499998080463695,2.549999460326526,2.549998271913561,2.549994408183441,2.5499823566121105,2.5499465206060568,2.5498454874274206,2.5495764850991893,2.548902055741765,2.5473132369732587,2.543801665424541,2.536527288577338,2.522408462939729,2.4967249595658565,2.4528859278994535,2.3825255046161464,2.2759983835287274,2.1231282364891126,1.913674867751257,1.6361072946206365
1283.0,2.549999881288017,2.549999805928858,2.5499994548910467,2.549998256103694,2.5499943619283254,2.5499822254233986,2.549946165545152,2.549844578301018,2.5495742951661238,2.5488971130196973,2.547302817080698,2.5437812004245908,2.5364899207048603,2.52234513716533,2.4966254957120686,2.452741295395064,2.3823310098899344,2.275756861296902,2.122851964722141,1.91338506169743,1.635830579163265
1284.0,2.549999879911238,2.5499998037908895,2.5499994494082787,2.5499982401709844,2.5499943153545983,2.549982093441202,2.549945808620124,2.5498436650885847,2.549572096948436,2.54889215488675,2.547292371126407,2.543760695822333,2.536452499688645,2.5222817503077595,2.4965259757314326,2.452596630686142,2.3821365267648327,2.2755154073120933,2.1225758161138986,1.913095413777375,1.635554024935097
1285.0,2.5499998785204014,2.5499998016322962,2.5499994438778795,2.5499982241146615,2.5499942684605488,2.5499819606619396,2.5499454498240897,2.549842747778231,2.549569890428172,2.548887181320366,2.5472818990896013,2.543740151611273,2.5364150255526052,2.52221830243301,2.4964263997278895,2.452451933887151,2.3819420553197697,2.275274021571908,2.1222997905577805,1.9128059238129458,1.635277631698427
1286.0,2.5499998771153845,2.549999799452909,2.549999438299506,2.5499982079339496,2.549994221244457,2.5499818270820205,2.549945089150156,2.549841826358056,2.549567675587379,2.5488821922980196,2.5472714009495605,2.5437195677850117,2.5363774983207357,2.522154793607069,2.4963267678052463,2.452307205112305,2.3817475956334144,2.275032704073812,2.122023887947309,1.912516591626476,1.6350013992180237
1287.0,2.5499998756960633,2.5499997972525588,2.5499994326728115,2.549998191628072,2.5499941737045977,2.549981692697844,2.5499447265914137,2.549840900816151,2.5495654524081095,2.5488771877972147,2.547260876685634,2.5436989443372413,2.5363399180171062,2.5220912238959223,2.496227080067179,2.4521624444755714,2.3815531477841736,2.2747914548151376,2.121748108176134,1.9122274170407554,1.6347253272610136
1288.0,2.5499998742623133,2.5499997950310744,2.54999942699745,2.5499981751962464,2.54999412583924,2.549981557505799,2.5499443621409443,2.549839971140596,2.5495632208724177,2.548872167795486,2.5472503262772372,2.543678281261749,2.5363022846658647,2.522027593365552,2.4961273366172265,2.4520176520906696,2.381358711850199,2.2745502737930785,2.121472451138035,1.9119383998790083,1.6344494155967733
1289.0,2.5499998728140088,2.5499997927882823,2.549999421273071,2.5499981586376874,2.5499940776466468,2.5499814215022663,2.5499439957918177,2.5498390373194613,2.5495609809623603,2.5488671322703977,2.5472397497038513,2.5436575785524123,2.536264598291235,2.521963902081936,2.4960275375587977,2.451872828071074,2.3811642879093813,2.274309161004694,2.1211969167269253,1.9116495399648736,1.6341736639968234
1290.0,2.5499998713510235,2.549999790524011,2.549999415499324,2.5499981419516065,2.5499940291250756,2.549981284683615,2.54994362753709,2.5498380993408087,2.549558732659999,2.548862081199545,2.547229146945024,2.543636836203203,2.536226858917519,2.5219001501110503,2.4959276829951675,2.451727972530012,2.3809698760393556,2.274068116446908,2.1209215048368506,1.9113608371223865,1.633898072234733
1291.0,2.5499998698732305,2.5499997882380847,2.5499994096758543,2.549998125137211,2.5499939802727742,2.549981147046207,2.5499432573698066,2.54983715719269,2.5495564759473988,2.5488570145605527,2.5472185179803706,2.5436160542081843,2.5361890665690927,2.521836337518863,2.495827773029476,2.4515830855804652,2.3807754763174995,2.273827140116508,2.120646215361994,1.9110722911759601,1.6336226400860272
1292.0,2.5499998683805014,2.549999785930329,2.5499994038023064,2.5499981081937038,2.5499939310879887,2.5499810085863923,2.5499428852830004,2.5498362108631474,2.549554210806627,2.548851932331077,2.547207862789574,2.5435952325615117,2.5361512212704094,2.5217724643713413,2.495727807764731,2.451438167335171,2.3805810888209353,2.27358623201015,2.120371048196676,1.9107839019503738,1.6333473673281007
1293.0,2.5499998668727075,2.5499997836005655,2.5499993978783255,2.549998091120287,2.5499938815689562,2.549980869300513,2.549942511269691,2.549835260340214,2.5495519372197553,2.5488468344888044,2.547197181352381,2.5435743712574337,2.536113323045996,2.5217085307344456,2.4956277873038086,2.451293217906621,2.380386713626529,2.273345392124355,2.1200960032353584,1.9104956692707555,1.633072253740136
1294.0,2.549999865349719,2.5499997812486184,2.5499993919035497,2.5499980739161563,2.549993831713908,2.5499807291849015,2.5499421353228904,2.549834305611914,2.549549655168859,2.5488417210114522,2.5471864736486074,2.5435534702902887,2.536075371920457,2.521644536674131,2.4955277117494497,2.451148237407064,2.3801923508108933,2.2731046204555128,2.119821080372642,1.910207592962571,1.6327972991030257
1295.0,2.5499998638114056,2.549999778874308,2.549999385877619,2.549998056580506,2.5499937815210694,2.5499805882358793,2.549941757435593,2.549833346666262,2.549547364636017,2.548836591876769,2.5471757396581345,2.5435325296545073,2.536037367918469,2.5215804822563475,2.495427581204264,2.4510032259485053,2.379998000450388,2.27286391699988,2.1195462795032713,1.9099196728516132,1.6325225031992996
1296.0,2.5499998622576356,2.5499997764774536,2.54999937980017,2.5499980391125243,2.5499937309886587,2.549980446449758,2.5499413776007853,2.5498323834912613,2.549545065603312,2.5488314470625326,2.547164979360911,2.543511549344611,2.5359993110647836,2.5215163675470396,2.495327395770726,2.450858183642707,2.379803662621118,2.272623281753582,2.119271600522134,1.9096319087639897,1.632247865813056
1297.0,2.549999860688275,2.5499997740578753,2.5499993736708384,2.5499980215113975,2.5499936801148895,2.5499803038228426,2.549940995811441,2.5498314160749094,2.54954275805283,2.5488262865465536,2.547154192736952,2.5434905293552132,2.535961201384227,2.5214521926121445,2.49522715555118,2.4507131106011877,2.3796093373989367,2.2723827147126148,2.1189970433242618,1.9093443005261144,1.631973386729897
1298.0,2.549999859103191,2.5499997716153895,2.549999367489256,2.549998003776308,2.549993628897967,2.549980160351425,2.5499406120605217,2.549830444405193,2.5495404419666627,2.548821110306672,2.547143379766338,2.543469469681017,2.5359230389016982,2.5213879575175953,2.495126860647834,2.450568006935226,2.3794150248594472,2.2721422158728424,2.1187226078048336,1.9090568479646999,1.6316990657368668
1299.0,2.5499998575022507,2.549999769149813,2.549999361255054,2.5499979859064346,2.549993577336092,2.54998001603179,2.5499402263409765,2.5498294684700906,2.5495381173269047,2.5488159183207597,2.547132540429217,2.5434483703168174,2.5358848236421703,2.521323662329316,2.4950265111627656,2.450422872755857,2.3792207250780004,2.271901785230001,2.1184482938591738,1.9087695509067486,1.6314249026223935
1300.0,2.549999855885317,2.5499997666609597,2.549999354967861,2.549997967900952,2.5499935254274573,2.549979870860211,2.549939838645745,2.5498284882575697,2.5495357841156543,2.5488107105667184,2.5471216747058025,2.543427231257498,2.5358465556306884,2.521259307113225,2.4949261071979185,2.4502777081738785,2.3790264381296993,2.2716614227796974,2.118174101382754,1.908482409179546,1.6311508971762345
1301.0,2.5499998542522535,2.5499997641486454,2.549999348627305,2.5499979497590317,2.5499934731702507,2.549979724832953,2.5499394489677525,2.5498275037555915,2.5495334423150147,2.548805487022483,2.547110782576376,2.543406052498036,2.535808234892372,2.521194891935233,2.494825648855104,2.4501325132998435,2.3788321640893955,2.271421128517412,2.117900030271194,1.908195422610655,1.6308770491894249
1302.0,2.5499998526029235,2.5499997616126824,2.5499993422330087,2.549997931479841,2.5499934205626533,2.5499795779462717,2.549939057299913,2.549826514952107,2.5495310919070935,2.548800247666018,2.547099864021283,2.5433848340334952,2.53576986145241,2.5211304168612436,2.4947251362359992,2.4499872882440665,2.3786379030316924,2.2711809024384957,2.1176260804202625,1.9079085910279099,1.630603358454228
1303.0,2.549999850937189,2.549999759052881,2.5499993357845967,2.549997913062544,2.5499933676028395,2.5499794301964114,2.5499386636351304,2.5498255218350585,2.5495287328740024,2.5487949924753206,2.547088919020937,2.543363575859029,2.535731435336065,2.5210658819571514,2.494624569442151,2.449842033116623,2.3784436550309462,2.2709407445381746,2.117352251725877,1.907621914259412,1.6303298247640905
1304.0,2.54999984925491,2.549999756469054,2.5499993292816883,2.549997894506301,2.5499933142889777,2.5499792815796085,2.549938267966295,2.5498245243923785,2.5495263651978592,2.548789721428417,2.547077947555817,2.543342277969884,2.535692956568672,2.521001287288844,2.4945239485749715,2.449696748027351,2.378249420161266,2.2707006548115496,2.1170785440841042,1.9073353921335243,1.630056447913595
1305.0,2.5499998475559473,2.549999753861009,2.5499993227239033,2.549997875810268,2.54999326061923,2.549979132092089,2.5499378702862874,2.5498235226119927,2.549523988860783,2.548784434503368,2.54706694960647,2.543320940361393,2.5356544251756348,2.5209366329221985,2.4944232737357397,2.449551433085847,2.3780551984965155,2.270460633253595,2.116804957391161,1.9070490244788685,1.6297832276984245
1306.0,2.549999845840159,2.549999751228554,2.5499993161108576,2.549997856973599,2.5499932065917523,2.549978981730069,2.5499374705879743,2.5498225164818176,2.5495216038449,2.5487791316782618,2.5470559251535057,2.543299563028979,2.5356158411824294,2.520871918923087,2.4943225450256032,2.449406088401472,2.377860990110309,2.2702206798591624,2.116531491543415,1.9067628111243216,1.6295101639153173
1307.0,2.5499998441074037,2.549999748571496,2.5499993094421667,2.5499978379954413,2.5499931522046926,2.5499788304897573,2.549937068864213,2.5498215059897595,2.54951921013234,2.5487738129312216,2.547044874177603,2.5432781459681544,2.5355772046146017,2.5208071453573697,2.494221762545577,2.4492607140833496,2.37766679507602,2.269980794622978,2.116258146437382,1.9064767518990113,1.6292372563620345
1308.0,2.5499998423575376,2.549999745889641,2.5499993027174415,2.549997818874941,2.5499930974561953,2.5499786783673497,2.549936665107848,2.5498204911237177,2.549516807705239,2.5487684782404005,2.5470337966595062,2.54325668917452,2.5355385154977688,2.520742312290899,2.494120926396543,2.449115310240364,2.3774726134667756,2.269740977539647,2.1159849219697286,1.9061908466323152,1.6289645048373216
1309.0,2.5499998405904174,2.5499997431827928,2.5499992959362934,2.5499977996112393,2.5499930423443966,2.549978525359035,2.5499362593117127,2.5498194718715834,2.5495143965457374,2.548763127583985,2.5470226925800254,2.543235192643765,2.535499773857616,2.5206774197895174,2.49402003667925,2.4489698769811654,2.3772784453554596,2.269501228603652,2.1157118180372736,1.9059050951538574,1.6286919091408776
1310.0,2.549999838805898,2.549999740450755,2.5499992890983307,2.549997780203476,2.549992986867426,2.5499783714609907,2.549935851468628,2.549818448221239,2.54951197663598,2.5487577609401906,2.5470115619200357,2.5432136563716674,2.535460979719901,2.5206124679190567,2.493919093494316,2.4488244144141675,2.377084290814714,2.2692615478093527,2.1154388345369832,1.9056194972935072,1.6284194690733231
1311.0,2.549999837003834,2.5499997376933288,2.54999928220316,2.5499977606507835,2.5499929310234073,2.5499782166693863,2.5499354415714044,2.5498174201605575,2.549509547958116,2.5487523782872663,2.547000404660481,2.5431920803540926,2.5354221331104467,2.5205474567453376,2.493818096942225,2.4486789226475487,2.3768901499169366,2.269021935150993,2.1151659713659776,1.9053340528813767,1.6281471844361706
1312.0,2.549999835184077,2.5499997349103145,2.5499992752503853,2.5499977409522927,2.5499928748104583,2.5499780609803806,2.5499350296128407,2.5498163876774043,2.5495071104943015,2.548746979603493,2.546989220782367,2.5431704645869946,2.5353832340551476,2.5204823863341734,2.4937170471233285,2.4485334017892506,2.376696022734286,2.2687823906226927,2.1148932284215234,1.9050487617478198,1.627875055031795
1313.0,2.54999983334648,2.5499997321015124,2.549999268239608,2.5499977211071294,2.54999281822669,2.549977904390123,2.549934615585723,2.5498153507596375,2.549504664226697,2.548741564867181,2.5469780102667694,2.543148809066416,2.535344282579967,2.520417256751367,2.493615944137847,2.4483878519469835,2.3765019093386788,2.268542914218454,2.114620605601039,1.9047636237234307,1.6276030806634092
1314.0,2.549999831490894,2.5499997292667205,2.549999261170428,2.5499977011144166,2.549992761270206,2.549977746894754,2.549934199482829,2.549814309395105,2.549502209137469,2.5487361340566776,2.546966773094828,2.5431271137884854,2.535305278710934,2.5203520680627065,2.4935147880858684,2.448242273228221,2.3763078098017916,2.268303505932161,2.1143481028020923,1.9044786386390435,1.6273312611350366
1315.0,2.549999829617169,2.5499997264057352,2.549999254042444,2.549997680973273,2.5499927039391057,2.549977588490404,2.5499337812969216,2.549813263571648,2.549499745208788,2.5487306871503574,2.5469555092477485,2.5431053787494196,2.535266222474148,2.520286820333971,2.4934135790673477,2.4480966657402043,2.376113724195061,2.2680641657575795,2.1140757199223996,1.9041938063257302,1.627059596251489
1316.0,2.5499998277251534,2.5499997235183525,2.5499992468552515,2.549997660682815,2.5499926462314795,2.549977429173193,2.549933361020753,2.5498122132770997,2.549497272422831,2.5487252241266294,2.5469442187068023,2.543083603945522,2.5352271138957745,2.5202215136309287,2.493312317182107,2.4479510295899414,2.375919652589688,2.267824893688361,2.1138034568598285,1.903909126614801,1.626788085818343
1317.0,2.5499998258146963,2.5499997206043665,2.549999239608444,2.549997640242153,2.5499925881454124,2.5499772689392337,2.549932938647066,2.5498111584992844,2.5494947907617793,2.5487197449639334,2.5469329014533257,2.5430617893731826,2.5351879530020454,2.520156148019335,2.493211002529838,2.447805364884208,2.375725595056632,2.267585689718039,2.113531313512393,1.9036245993378034,1.626516729641918
1318.0,2.5499998238856434,2.54999971766357,2.549999232301613,2.549997619650394,2.5499925296789843,2.549977107784627,2.549932514168591,2.5498100992260198,2.5494923002078216,2.5487142496407427,2.546921557468723,2.543039935028879,2.5351487398192623,2.5200907235649344,2.4931096352101,2.447659671729547,2.3755315516666164,2.267346553840032,2.113259289778258,1.9033402243265223,1.6262455275292578
1319.0,2.5499998219378415,2.549999714695755,2.5499992249343477,2.5499975989066432,2.5499924708302673,2.549976945705466,2.549932087578045,2.5498090354451137,2.5494898007431526,2.548708738135562,2.5469101867344617,2.543018040909176,2.5351094743737907,2.520025240333458,2.4930082153223196,2.447513950232272,2.3753375224901285,2.2671074860476437,2.112987385555734,1.9030560014129798,1.6259744792881081
1320.0,2.5499998199711356,2.5499997117007123,2.5499992175062354,2.54999757801,2.549992411597326,2.5499767826978323,2.5499316588681378,2.5498079671443676,2.54948729234997,2.548703210426928,2.546898789232077,2.5429961070107243,2.5350701566920626,2.5199596983906254,2.492906742965791,2.447368200498463,2.3751435075974188,2.2668684863340656,2.1127156007432806,1.9027719304294335,1.6257035847269006
1321.0,2.54999981798537,2.549999708678231,2.5499992100168614,2.5499975569595605,2.549992351978222,2.5499766187577997,2.5499312280315647,2.549806894311575,2.549484775010479,2.5486976664934105,2.546887364943168,2.5429741333302585,2.535030786800577,2.5198940978021427,2.4928052182396776,2.44722242263397,2.374949507058504,2.2666295546923756,2.112443935239504,1.9024880112084501,1.6254328501715076
1322.0,2.5499998159803865,2.549999705628098,2.549999202465808,2.5499975357544176,2.5499922919710074,2.549976453881431,2.54993079506101,2.5498058169345206,2.5494822487068913,2.5486921063136108,2.5468759138494006,2.5429521198646015,2.534991364725896,2.5198284386337026,2.4927036412430095,2.4470766167444147,2.374755520943165,2.2663906911155394,2.112172388943158,1.9022042435843656,1.625162283488209
1323.0,2.5499998139560267,2.5499997025501004,2.5499991948526555,2.549997514393658,2.5499922315737273,2.5499762880647805,2.54993035994915,2.549804735000983,2.549479713421425,2.548686529866164,2.546864435932506,2.542930066610661,2.534951890494651,2.519762720950985,2.4926020120746872,2.4469307829351865,2.3745615493209495,2.266151895596411,2.111900961753143,1.9019206273953067,1.624891883990408
1324.0,2.5499998119121328,2.5499996994440237,2.549999187176983,2.5499974928763676,2.5499921707844244,2.549976121303893,2.5499299226886447,2.5498036484987328,2.549477169136302,2.548680937129736,2.5468529311742794,2.542907973565431,2.5349123641335347,2.519696944819657,2.492500330833477,2.4467849213114476,2.374367592261172,2.2659131681277342,2.1116296535685053,1.901637162483138,1.624621651016762
1325.0,2.549999809848543,2.549999696309652,2.549999179438367,2.549997471201627,2.5499921096011304,2.549975953594805,2.5499294832721473,2.5498025574155316,2.549474615833752,2.548675328083027,2.5468413995565835,2.5428858407259907,2.534872785669306,2.51963111030537,2.492398597618016,2.44663903197813,2.3741736498329145,2.265674508702142,2.111358464288443,1.901353848693096,1.624351583929812
1326.0,2.5499998077650967,2.5499996931467668,2.549999171636381,2.5499974493685116,2.549992048021872,2.5499757849335394,2.549929041692297,2.549801461739135,2.549472053496011,2.548669702704769,2.546829841061344,2.542863668089503,2.5348331551287884,2.5195652174737635,2.492296812526807,2.4464931150399396,2.373979722105027,2.265435917312159,2.1110873938123045,1.9010706858734436,1.6240816821146902
1327.0,2.5499998056616313,2.5499996899551505,2.5499991637705968,2.5499974273760957,2.5499919860446703,2.549975615316113,2.5499285979417246,2.5498003614572906,2.5494694821053216,2.548664060973725,2.546818255670554,2.542841455653217,2.534793472538868,2.5194992663904605,2.4921949756582227,2.446347170601352,2.37378580914613,2.2651973939502015,2.110816442039596,1.900787673875161,1.6238119449779034
1328.0,2.5499998035379834,2.549999686734582,2.549999155840585,2.5499974052234475,2.5499919236675392,2.549975444738533,2.549928152013048,2.549799256557739,2.5494669016439317,2.5486584028686954,2.546806643366271,2.5428192034144663,2.534753737926495,2.5194332571210705,2.4920930871105043,2.4462011987666177,2.37359191102461,2.2649589386085784,2.1105456088699817,1.900504812551655,1.6235423719461837
1329.0,2.5499998013939886,2.5499996834848417,2.5499991478459125,2.5499973829096323,2.5499918608884866,2.5499752731967944,2.5499277038988737,2.5497981470282127,2.5494643120940963,2.548652728368508,2.5467950041306184,2.5427969113706688,2.5347139513186816,2.519367189731189,2.4919911469817615,2.4460551996397593,2.373398027808628,2.2647205512794906,2.110274894203291,1.9002221017584977,1.6232729624654099
1330.0,2.5499997992294805,2.549999680205705,2.5499991397861446,2.5499973604337116,2.549991797705514,2.5499751006868863,2.549927253591797,2.5497970328564374,2.549461713438077,2.5486470374520263,2.5467833379457834,2.5427745795193264,2.534674112742507,2.5193010642863944,2.491889155369972,2.445909173324574,2.373204159566112,2.2644822319550326,2.1100042979395197,1.8999395413531823,1.6230037159995865
1331.0,2.549999797044294,2.549999676896949,2.5499991316608437,2.5499973377947422,2.549991734116615,2.549974927204786,2.5499268010844047,2.549795914030131,2.5494591056581424,2.5486413300981465,2.5467716447940196,2.5427522078580256,2.534634222225109,2.519234880852251,2.491787112372984,2.445763119924632,2.3730103063647654,2.264243980627196,2.1097338199788367,1.8996571311949022,1.6227346320298834
1332.0,2.5499997948382593,2.549999673558348,2.549999123469571,2.549997314991778,2.5499916701197773,2.5499747527464613,2.54992634636927,2.549794790537006,2.549456488736567,2.548635606285797,2.546759924657645,2.542729796384436,2.5345942797936885,2.5191686394943082,2.4916850180885115,2.4456170395432792,2.3728164682720614,2.264005797287863,2.109463460221589,1.899374871144346,1.6224657100537307
1333.0,2.5499997926112092,2.5499996701896737,2.5499991152118855,2.5499972920238676,2.5499916057129832,2.5499745773078715,2.5499258894389567,2.5497936623647655,2.5494538626556325,2.5486298659939406,2.546748177519043,2.5427073450963134,2.5345542854755094,2.519102340278098,2.491582872614139,2.445470932283636,2.3726226453552464,2.2637676819288157,2.109193218568306,1.8990927610635147,1.622196949583963
1334.0,2.5499997903629716,2.5499996667907,2.549999106887343,2.549997268890057,2.5499915408942067,2.5499744008849663,2.549925430286016,2.5497925295011075,2.549451227397628,2.5486241092015707,2.5467364033606605,2.542684853991492,2.5345142392978968,2.519035983269137,2.4914806760473196,2.445324798248598,2.372428837681341,2.2635296345417313,2.1089230949197035,1.8988108008155484,1.6219283501480146
1335.0,2.5499997880933774,2.5499996633611963,2.549999098495498,2.549997245589388,2.549991475661417,2.549974223473685,2.54992496890299,2.549791391933721,2.5494485829448483,2.548618335887716,2.546724602165012,2.5426623230678955,2.5344741412882374,2.518969568532925,2.4913784284853757,2.445178637540839,2.3722350453171415,2.263291655118185,2.108653089176688,1.8985289902645741,1.6216599112871608
1336.0,2.549999785802253,2.5499996599009322,2.5499990900359024,2.5499972221208966,2.549991410012576,2.5499740450699586,2.549924505282409,2.5497902496502896,2.5494459292795963,2.5486125460314373,2.546712773914675,2.5426397523235256,2.5344339914739793,2.518903096134947,2.4912761300254984,2.4450324502628065,2.3720412683292165,2.263053743649652,2.1083832012403647,1.898247329275562,1.6213916325557995
1337.0,2.549999783489426,2.5499996564096747,2.549999081508105,2.5499971984836174,2.5499913439456376,2.549973865669707,2.5499240394167932,2.5497891026384893,2.549443266384182,2.5486067396118286,2.5467009185922915,2.542617141756469,2.53439378988263,2.5188365661406698,2.4911737807647487,2.444886236516727,2.371847506783911,2.262815900127503,2.1081134310120344,1.8979658177141987,1.6211235135207758
1338.0,2.549999781154721,2.54999965288719,2.549999072911653,2.5499971746765797,2.5499912774585525,2.549973685268843,2.5499235712986503,2.54978795088599,2.5494405942409215,2.548600916608018,2.5466890361805694,2.542594491364896,2.53435353654176,2.5187699786155426,2.491071380800055,2.4447399964046026,2.371653760747348,2.262578124543012,2.1078437783932036,1.897684455446769,1.6208555537607428
1339.0,2.5499997787979627,2.5499996493332437,2.5499990642460917,2.5499971506988097,2.549991210549261,2.549973503863267,2.549923100920479,2.549786794380454,2.549437912832139,2.5485950769991654,2.546677126662282,2.5425718011470564,2.5343132314789965,2.518703333624999,2.490968930228215,2.4445937300282163,2.371460030285427,2.2623404168873518,2.1075742432855877,1.8974032423400495,1.6205877528655617
1340.0,2.5499997764189746,2.5499996457475995,2.5499990555109635,2.549997126549328,2.5499911432156996,2.5499733214488725,2.549922628274766,2.5497856331095368,2.5494352221401666,2.5485892207644656,2.546665190020265,2.542549071101286,2.5342728747220296,2.518636631234453,2.490866429145898,2.4444474374891256,2.371266315463824,2.262102777151596,2.107304825591111,1.897122178261215,1.6203201104357312
1341.0,2.549999774017579,2.549999642130018,2.5499990467058087,2.549997102227153,2.5499910754557966,2.5499731380215427,2.5499221533539886,2.549784467060889,2.5494325221473417,2.5485833478831452,2.54665322623742,2.5425263012259993,2.534232466298607,2.5185698715093014,2.4907638776496395,2.4443011188886703,2.3710726163479943,2.261865205326723,2.107035525211912,1.8968412630777485,1.6200526260818515
1342.0,2.549999771593596,2.5499996384802617,2.549999037830166,2.5499970777312977,2.549991007267476,2.5499729535771496,2.549921676150612,2.5497832962221514,2.5494298128360118,2.5485774583344654,2.5466412352967134,2.5425034915196942,2.5341920062365357,2.518503054514924,2.4906612758358477,2.4441547743279672,2.370878933003172,2.261627701403612,2.106766342050347,1.896560496657364,1.6197852994241175
1343.0,2.549999769146846,2.5499996347980893,2.5499990288835703,2.549997053060772,2.5499909386486515,2.549972768111559,2.5499211966570923,2.549782120580961,2.54942709418853,2.5485715520977203,2.546629217181176,2.542480641980951,2.534151494563683,2.518436180316683,2.490558623800797,2.4440084039079144,2.370685265494371,2.261390265373047,2.1064972760089913,1.8962798788679363,1.6195181300918406
1344.0,2.5499997666771477,2.549999631083258,2.5499990198655555,2.5499970282145807,2.5499908695972335,2.549972581620626,2.549920714865873,2.549780940124947,2.549424366187258,2.548565629152237,2.546617171873902,2.5424577526084295,2.5341109313079744,2.5183692489799197,2.490455921640633,2.4438620077291886,2.3704916138863856,2.261152897225717,2.1062283269906428,1.8959994095774364,1.6192511177229987
1345.0,2.549999764184318,2.549999627335523,2.5499990107756525,2.549997003191726,2.5499908001111242,2.5499723941001937,2.5499202307693873,2.5497797548417327,2.5494216288145655,2.548559689477378,2.5466050993580525,2.5424348234008725,2.534070316497393,2.5183022605699588,2.4903531694513714,2.443715585892249,2.370297978243791,2.2609155969522163,2.1059594948983213,1.8957190886538766,1.618984261963805
1346.0,2.549999761668174,2.5499996235546427,2.54999900161339,2.549996977991205,2.5499907301882203,2.549972205546099,2.5499197443600594,2.549778564718935,2.549418882052829,2.5485537330525374,2.5465929996168497,2.5424118543571024,2.5340296501599795,2.518235215152105,2.4902503673288976,2.4435691384973346,2.3701043586309436,2.2606783645430477,2.1056907796352724,1.8954389159652574,1.6187175624683097
1347.0,2.5499997591285304,2.549999619740368,2.5499989923782937,2.5499969526120108,2.5499906598264097,2.549972015954168,2.5499192556303014,2.549777369744165,2.549416125884433,2.548547759857145,2.546580872633582,2.5423888454760237,2.5339889323238336,2.518168112791644,2.490147515368965,2.443422665644466,2.369910755111983,2.2604411999886174,2.105422181104969,1.8951588913795248,1.6184510188980143
1348.0,2.5499997565652017,2.549999615892451,2.5499989830698895,2.549996927053133,2.549990589023577,2.549971825320218,2.549918764572515,2.549776169905025,2.549413360291771,2.5485417698706616,2.546568718391603,2.5423657967566204,2.533948163017112,2.5181009535538443,2.4900446136671985,2.4432761674334476,2.369717167750832,2.260204103279244,2.1051536992111117,1.8948790147645287,1.6181846309215155
1349.0,2.549999753978,2.549999612010643,2.549998973687697,2.5499969013135577,2.5499905177775966,2.549971633640056,2.549918271179093,2.549774965189114,2.549410585257242,2.5485357630725844,2.546556536874327,2.542342708197958,2.5339073422680265,2.518033737503951,2.489941662319092,2.4431296439638643,2.369523596611196,2.2599670744051528,2.104885333857629,1.8945992859879885,1.6179183982141627
1350.0,2.5499997513667374,2.549999608094693,2.549998964231237,2.5499968753922646,2.549990446086339,2.5499714409094807,2.549917775442415,2.549773755584024,2.549407800763256,2.548529739442443,2.5465443280652367,2.542319579799183,2.5338664701048494,2.5179664647071913,2.4898386614200096,2.442983095335084,2.3693300417565655,2.2597301133564796,2.1046170849486794,1.8943197049174625,1.617652320457736
1351.0,2.549999748731224,2.549999604144349,2.549998954700026,2.5499968492882314,2.5499903739476673,2.54997124712428,2.5499172773548526,2.5497725410773393,2.5494050067922296,2.5485236989598006,2.546532091947877,2.5422964115595192,2.5338255465559065,2.517899135228773,2.489735611065187,2.4428365216462593,2.369136503250216,2.259493220123272,2.1043489523886496,1.8940402714203208,1.6173863973401432
1352.0,2.54999974607127,2.5499996001593566,2.549998945093578,2.5499968230004315,2.5499903013594376,2.5499710522802337,2.5499167769087663,2.5497713216566416,2.549402203326587,2.548517641604255,2.546519828505855,2.542273203478272,2.5337845716495817,2.5178317491338817,2.489632511349727,2.4426899229963266,2.3689429811552083,2.2592563946954876,2.1040809360821564,1.893760985363722,1.6171206285551316
1353.0,2.549999743386682,2.5499995961394615,2.5499989354114057,2.549996796527833,2.549990228319499,2.549970856373112,2.5499162740965047,2.5497700973095028,2.549399390348763,2.5485115673554377,2.546507537722845,2.5422499555548264,2.5337435454143127,2.517764306487685,2.489529362368605,2.442543299484006,2.3687494755343907,2.2590196370629987,2.1038130359340452,1.8934818466145935,1.6168550138020148
1354.0,2.549999740677268,2.549999592084406,2.5499989256530187,2.5499967698694017,2.5499901548256942,2.549970659398675,2.5499157689104077,2.549768868023491,2.5493965678411983,2.5485054761930135,2.5464952195825825,2.542226667788646,2.5337024678785944,2.517696807355329,2.4894261642166664,2.4423966512078015,2.368555986450397,2.2587829472155905,2.1035452518493907,1.8932028550396143,1.6165895527854168
1355.0,2.549999737942833,2.549999587993931,2.5499989158179246,2.549996743024098,2.549990080875861,2.5499704613526735,2.549915261342805,2.5497676337861686,2.5493937357863428,2.5484993680966825,2.5464828740688703,2.5422033401792747,2.5336613390709775,2.517629251801938,2.4893229169886246,2.442249978266004,2.36836251396565,2.258546325142963,2.1032775837334956,1.8929240105052028,1.6163242452150273
1356.0,2.549999735183183,2.5499995838677783,2.549998905905627,2.5499967159908774,2.549990006467827,2.5499702622308487,2.5499147513860136,2.549766394585091,2.5493908941666557,2.5484932430461775,2.54647050116557,2.5421799727263354,2.5336201590200655,2.517561639892615,2.489219620779069,2.4421032807566885,2.36816905814236,2.2583097708347313,2.103010031491889,1.8926453128775016,1.616059090805371
1357.0,2.5499997323981183,2.5499995797056862,2.5499988959156297,2.5499966887686947,2.549989931599417,2.5499700620289336,2.549914239032342,2.5497651504078087,2.5493880429646043,2.5484871010212653,2.5464581008566114,2.542156565429529,2.5335789277545193,2.517493971692443,2.4891162756824534,2.441956558777717,2.367975619042525,2.2580732842804268,2.102742595030326,1.8923667620223725,1.6157940892755895
1358.0,2.549999729587442,2.5499995755073925,2.5499988858474327,2.5499966613564955,2.5499898562684464,2.549969860742651,2.54991372427409,2.5497639012418656,2.549385182162663,2.548480942001749,2.546445673125985,2.5421331182886346,2.5335376453030523,2.517426247266483,2.489012881793106,2.441809812426739,2.367782196727936,2.2578368654694994,2.102475274254788,1.8920883578053866,1.6155292403492356
1359.0,2.5499997267509555,2.5499995712726324,2.5499988757005334,2.5499966337532247,2.5499897804727256,2.5499696583677136,2.5499132071035446,2.5497626470748016,2.5493823117433174,2.5484747659674647,2.5464332179577482,2.542109631303512,2.533496311694431,2.5173584666797733,2.488909439205222,2.4416630418011893,2.3675887912601725,2.2576005143913154,2.102208069071478,1.8918101000918215,1.615264543754076
1360.0,2.5499997238884577,2.5499995670011395,2.5499988654744277,2.5499966059578227,2.5499897042100566,2.549969454899828,2.5499126875129825,2.5497613878941485,2.54937943168906,2.5484685728982814,2.546420735336019,2.5420861044740977,2.5334549269574795,2.517290629997331,2.4888059480128715,2.4415162469982903,2.367395402700604,2.2573642310351607,2.1019409793868213,1.8915319887466542,1.6149999992219066
1361.0,2.549999720999747,2.549999562692647,2.5499988551686075,2.549996577969226,2.549989627478237,2.5499692503346867,2.549912165494672,2.5497601236874354,2.5493765419823933,2.5484623627741025,2.546408225244979,2.542062537800406,2.5334134911210726,2.517222737284152,2.488702408309994,2.4413694281150526,2.3672020311103936,2.257128015390244,2.1016740051074634,1.8912540236345639,1.6147356064883778
1362.0,2.549999718084621,2.5499995583468857,2.5499988447825634,2.5499965497863655,2.549989550275056,2.5499690446679764,2.5499116410408695,2.5497588544421834,2.549373642605829,2.548456135574868,2.5463956876688756,2.542038931282529,2.5333720042141388,2.5171547886052075,2.488598820190399,2.4412225852482767,2.367008676550494,2.256891867445692,2.101407146140267,1.8909762046199277,1.6144713652928264
1363.0,2.549999715142874,2.5499995539635854,2.5499988343157836,2.5499965214081683,2.5499894725982957,2.5499688378953733,2.5499111141438227,2.549757580145909,2.5493707335418847,2.5484498912805504,2.5463831225920175,2.5420152849206374,2.5333304662656597,2.5170867840254485,2.488495183747767,2.44107571849455,2.3668153390816546,2.2566557871905535,2.1011404023923124,1.8906985315668237,1.6142072753781194
1364.0,2.5499997121743014,2.549999549542474,2.5499988237677536,2.549996492833559,2.549989394445733,2.5499686300125446,2.549910584795768,2.5497563007861253,2.549367814773092,2.548443629871156,2.5463705299987778,2.5419915987149784,2.533288877304671,2.5170187236098003,2.488391499075652,2.4409288279502492,2.366622018764414,2.256419774613801,2.100873773770894,1.8904210043390317,1.6139433364905031
1365.0,2.549999709178696,2.549999545083278,2.5499988131379565,2.5499964640614556,2.549989315815138,2.5499684210151465,2.549910052988933,2.5497550163503364,2.549364886281987,2.548437351326727,2.546357909873591,2.5419678726658765,2.533247237360258,2.5169506074231687,2.4882877662674767,2.4407819137115414,2.3664287156591093,2.2561838297043306,2.100607260183516,1.8901436228000363,1.613679548379463
1366.0,2.5499997061558504,2.549999540585723,2.549998802425872,2.549996435090774,2.549989236704273,2.5499682108988284,2.549909518715534,2.5497537268260437,2.5493619480511183,2.5484310556273395,2.5463452622009584,2.5419441067737347,2.5332055464615597,2.516882435530434,2.488183985416536,2.4406349758743837,2.3662354298258697,2.255947952450962,2.1003408615378945,1.8898663868130323,1.6134159107975874
1367.0,2.549999703105554,2.5499995360495316,2.549998791630979,2.5499964059204236,2.549989157110894,2.549967999659229,2.5499089819677785,2.549752432200743,2.549359000063043,2.5484247427531037,2.546332586965441,2.54192030103903,2.533163804637767,2.5168142079964526,2.4880801566159967,2.440488014534523,2.366042161324622,2.2557121428424414,2.100074577741951,1.8895892962409273,1.6131524235004424
1368.0,2.5499997000275965,2.5499995314744255,2.549998780752753,2.549996376549312,2.5499890770327505,2.5499677872919775,2.549908442737862,2.549751132461925,2.549356042300325,2.5484184126841654,2.546319884151666,2.5418964554623193,2.5331220119181235,2.5167459248860595,2.487976279958895,2.4403410297874983,2.3658489102150866,2.2554764008674413,2.0998084087038116,1.8893123509463488,1.6128890862464484
1369.0,2.5499996969217666,2.549999526860126,2.5499987697906663,2.5499963469763403,2.5499889964675853,2.5499675737926943,2.549907901017973,2.549749827597074,2.549353074745541,2.548412065400703,2.5463071537443205,2.541872570044234,2.533080168331921,2.516677586264065,2.487872355538141,2.4401940217286393,2.365655676556784,2.2552407265145598,2.0995423543318052,1.889035550791648,1.6126258987967668
1370.0,2.5499996937878504,2.5499995222063516,2.5499987587441897,2.5499963172004074,2.5499889154131345,2.5499673591569905,2.5499073568002872,2.5497485175936707,2.549350097381274,2.548405700882932,2.5462943957281565,2.541848644785482,2.5330382739085042,2.5166091921952534,2.4877683834465145,2.4400469904530673,2.3654624604090295,2.2550051197723255,2.0992764145344616,1.8887588956389096,1.6123628609151912
1371.0,2.549999690625634,2.549999517512819,2.5499987476127903,2.549996287220407,2.549988833867127,2.5499671433804676,2.549906810076972,2.5497472024391903,2.54934711019012,2.5483993191110996,2.5462816100879886,2.5418246796868464,2.5329963286772683,2.5165407427443873,2.487664363776668,2.4398999360556965,2.365269261830939,2.2547695806291945,2.099010589220504,1.888482385349956,1.6120999723680425
1372.0,2.549999687434901,2.549999512779243,2.549998736395935,2.5499962570352293,2.5499887518272857,2.549966926458718,2.5499062608401846,2.5497458821211034,2.5493441131546826,2.54839292006549,2.5462687968086932,2.541800674749189,2.53295433266766,2.516472237976205,2.4875602966211265,2.439752858631234,2.365076080881425,2.2545341090735525,2.0987448782988523,1.8882060197863566,1.6118372329240716
1373.0,2.5499996842154347,2.5499995080053384,2.5499987250930856,2.5499962266437586,2.5499886692913263,2.549966708387325,2.549905709082072,2.549744556626875,2.5493411062575757,2.5483865037264204,2.546255955875211,2.5417766299734437,2.5329122859091724,2.516403677955417,2.487456182072285,2.4396057582741797,2.364882917619201,2.2542987050937153,2.0984792816786166,1.887929798809435,1.6115746423543669
1374.0,2.5499996809670162,2.549999503190817,2.5499987137037032,2.549996196044876,2.5499885862569585,2.5499664891618634,2.549905154794773,2.5497432259439647,2.549338089481421,2.5483800700742445,2.546243087272546,2.5417525453606222,2.532870188431354,2.516335062746713,2.4873520202224118,2.4394586350788265,2.3646897721027806,2.2540633686779312,2.098213799269096,1.8876537222802767,1.6113122004322646
1375.0,2.5499996776894265,2.5499994983353895,2.5499987022272452,2.549996165237459,2.549988502721884,2.5499662687778972,2.549904597970413,2.54974189005983,2.5493350628088525,2.5483736190893493,2.5462301909857623,2.541728420911812,2.5328280402637993,2.5162663924147552,2.487247811163648,2.4393114891392624,2.364496644390478,2.2538280998143803,2.097948430979775,1.8873777900597386,1.6110499069332636
1376.0,2.549999674382444,2.5499994934387655,2.549998690663167,2.5499961342203794,2.549988418683799,2.5499660472309813,2.549904038601111,2.549740548961921,2.549332026222513,2.5483671507521577,2.5462172669999883,2.5417042566281736,2.532785841436152,2.5161976670241804,2.487143554988004,2.4391643205493696,2.364303534540408,2.253592898491174,2.0976831767203223,1.887102002008457,1.6107877616349477
1377.0,2.549999671045846,2.549999488500651,2.5499986790109217,2.5499961029925062,2.5499883341403917,2.549965824516663,2.549903476678974,2.5497392026376846,2.549328979705056,2.5483606650431265,2.5462043153004155,2.5416800525109426,2.532743591978105,2.5161288866396023,2.487039251787366,2.439017129402825,2.3641104426104897,2.253357764696361,2.0974180364005863,1.8868263579868558,1.6105257643169077
1378.0,2.5499996676794088,2.549999483520753,2.5499986672699584,2.549996071552703,2.549988249089344,2.54996560063048,2.549902912196103,2.5497378510745627,2.5493259232391425,2.548354161942748,2.546191335872296,2.541655808561431,2.532701291919402,2.5160600513256073,2.4869349016534894,2.438869915793101,2.363917368658443,2.253122698417921,2.0971530099305915,1.8865508578551575,1.6102639147606692
1379.0,2.5499996642829075,2.5499994784987754,2.5499986554397256,2.5499960398998285,2.549988163528332,2.549965375567957,2.5499023451445844,2.5497364942599927,2.5493228568074473,2.5483476414315485,2.5461783287009454,2.5416315247810233,2.5326589412898324,2.5159911611467565,2.4868305046780037,2.438722679813466,2.3637243127417933,2.25288769964377,2.096888097220539,1.8862755014733894,1.6100022127496245
1380.0,2.5499996608561153,2.5499994734344207,2.5499986435196673,2.549996008032739,2.5499880774550236,2.5499651493246143,2.5499017755164983,2.5497351321814063,2.5493197803926524,2.548341103490091,2.5461652937717423,2.5416072011711797,2.532616540119236,2.5159222161675845,2.4867260609524102,2.4385754215569837,2.363531274917868,2.2526527683617603,2.0966232981808006,1.8860002887013947,1.6097406580689657
1381.0,2.549999657398805,2.54999946832739,2.549998631509227,2.549995975950287,2.549987990867082,2.5499649218959615,2.549901203303914,2.549733764826232,2.5493166939774516,2.548334548098971,2.546152231070127,2.5415828377334333,2.532574088437499,2.5158532164525993,2.486621570568084,2.438428141116514,2.3633382552438,2.2524179045596813,2.0963586127219185,1.8857252193987246,1.609479239799034
1382.0,2.549999653910746,2.549999463177383,2.5499986194078446,2.5499959436513167,2.549987903762161,2.5499646932774978,2.549900628498891,2.549732392181894,2.549313597544548,2.5483279752388217,2.5461391405816003,2.5415584344693936,2.5325315862745557,2.5157841620662853,2.486517033616271,2.4382808385847166,2.3631452537765294,2.2521831082252586,2.096094040754599,1.8854502934222714,1.6092179444895773
1383.0,2.54999965039171,2.549999457984096,2.549998607214957,2.5499959111346713,2.5499878161379095,2.5499644634647147,2.5499000510934806,2.5497310142358125,2.549310491076655,2.5483213848903077,2.546126022291729,2.5415339913807413,2.5324890336603887,2.5157150530730967,2.4864124501880913,2.438133514054046,2.3629522705727983,2.2519483793461563,2.095829582189712,1.8851755106229886,1.6089567727435365
1384.0,2.5499996468414623,2.549999452747225,2.549998594929998,2.54999587839919,2.5499877279919687,2.549964232453094,2.5498994710797227,2.549729630975402,2.5493073745564976,2.5483147770341326,2.5461128761861396,2.5415095084692307,2.5324464306250265,2.5156458895374643,2.4863078203745377,2.4379861676167573,2.3627593056891603,2.2517137179099787,2.095565236938285,1.8849008708459813,1.6086957251253364
1385.0,2.549999643259771,2.549999447466466,2.5499985825523996,2.5499958454437044,2.549987639321973,2.5499640002381083,2.549898888449649,2.5497282423880736,2.54930424796681,2.5483081516510335,2.54609970225052,2.54148498573669,2.532403777198544,2.51557667152379,2.486203144266476,2.4378387993649007,2.362566359181974,2.251479123904266,2.095301004911498,1.8846263739311149,1.6084348021630308
1386.0,2.5499996396464018,2.5499994421415093,2.549998570081592,2.549995812267045,2.5499875501255516,2.5499637668152206,2.5498983031952807,2.549726848461234,2.5493011112903377,2.548301508721782,2.5460865004706212,2.541460423185021,2.532361073411066,2.515507399096449,2.4860984219546447,2.4376914093903266,2.362373431107407,2.2512445973165023,2.0950368860206714,1.8843520197135761,1.6081740043503248
1387.0,2.549999636001118,2.549999436772047,2.5499985575170028,2.5499957788680376,2.549987460400325,2.549963532179886,2.5498977153086306,2.549725449182287,2.5492979645098353,2.548294848227185,2.546073270832256,2.541435820816198,2.532318319292759,2.51543807231979,2.4859936535296545,2.4375439977846853,2.362180521521433,2.25101013813411,2.094772880177261,1.8840778080243912,1.6079133321484789
1388.0,2.5499996323236824,2.549999431357767,2.5499985448580538,2.549995745245502,2.5499873701439078,2.5499632963275487,2.549897124781701,2.5497240445386304,2.5492948076080704,2.5482881701480853,2.5460600133213,2.5414111786322673,2.532275514873838,2.5153686912581334,2.4858888390819915,2.437396564639426,2.3619876304798386,2.2507757463444533,2.094508987292847,1.8838037386909,1.6076527859881053
1389.0,2.549999628613855,2.5499994258983585,2.5499985321041674,2.549995711398255,2.549987279353908,2.549963059253644,2.5498965316064868,2.5497226345176585,2.549291640567819,2.54828147446536,2.546046727923688,2.5413864966353494,2.5322326601845635,2.5152992559757728,2.485783978702014,2.4372491100457987,2.361794758038219,2.250541421934839,2.0942452072791222,1.8835298115371955,1.60739236627086
1390.0,2.5499996248713965,2.5499994203935064,2.549998519254763,2.5499956773251076,2.5499871880279255,2.5499628209536,2.5498959357749706,2.549721219106763,2.5492884633718704,2.5482747611599224,2.546033414625418,2.5413617748276356,2.532189755255242,2.5152297665369723,2.4856790724799525,2.437101634094852,2.3616019042519794,2.2503071648925164,2.093981540047885,1.883256026384526,1.6071320733710355
1391.0,2.5499996210960654,2.549999414842894,2.5499985063092554,2.549995643024869,2.5499870961635547,2.5499625814228337,2.5498953372791284,2.5497197982933293,2.5492852760030216,2.5482680302127196,2.5460200734125507,2.5413370132113897,2.532146800116225,2.515160223005971,2.4855741205059143,2.4369541368774374,2.361409069176338,2.2500729752046755,2.0937179855110237,1.8829823830516632,1.6068719076370652
1392.0,2.549999617287618,2.549999409246204,2.54999849326706,2.54999560849634,2.549987003758383,2.5499623406567546,2.5498947361109248,2.549718372064742,2.549282078444083,2.5482612816047365,2.546006704271206,2.5413122117889486,2.5321037947979064,2.515090625446977,2.485469122869876,2.436806618484207,2.361216252866323,2.2498388528584523,2.0934545435805094,1.8827088813552444,1.606611869392938
1393.0,2.5499996134458103,2.549999403603119,2.549998480127586,2.5499955737383218,2.5499869108099915,2.549962098650761,2.5498941322623163,2.5497169404083793,2.5492788706778753,2.548254515316991,2.5459933071875676,2.541287370562719,2.5320607393307295,2.5150209739241722,2.485364079661692,2.4366590790056155,2.3610234553767766,2.2496047978409273,2.093191214168382,1.8824355211100814,1.6063519589395368
1394.0,2.549999609570395,2.5499993979133166,2.549998466890243,2.549995538749607,2.5499868173159532,2.5499618554002446,2.5498935257252504,2.5497155033116163,2.54927565268723,2.5482477313305365,2.5459798821478796,2.541262489535181,2.5320176337451783,2.514951268501709,2.4852589909710887,2.4365115185319186,2.360830676762353,2.2493708101391223,2.0929279971867416,1.8821623021294465,1.6060921765558955
1395.0,2.549999605661126,2.5499993921764723,2.549998453554435,2.5499955035289865,2.5499867232738347,2.549961610900585,2.549892916491665,2.549714060761825,2.54927242445499,2.5482409296264628,2.545966429138447,2.541237568708884,2.531974478071783,2.5148815092437102,2.4851538568876665,2.4363639371531742,2.3606379170775216,2.2491368897400057,2.0926648925477362,1.8818892242253336,1.605832522500388
1396.0,2.5499996017177544,2.549999386392264,2.549998440119565,2.5499954680752452,2.5499866286811965,2.5499613651471544,2.549892304553488,2.5497126127463745,2.549269185964008,2.5482341101858954,2.5459529481456373,2.541212608086452,2.531931272341117,2.514811696214273,2.485048677500899,2.4362163349592456,2.360445176376566,2.248903036630492,2.0924019001635523,1.8816162872086952,1.6055729970118486
1397.0,2.5499995977400287,2.5499993805603647,2.549998426585033,2.5499954323871634,2.5499865335355922,2.5499611181353163,2.5498916899026396,2.5497111592526287,2.5492659371971502,2.548227272989994,2.545939439155878,2.541187607670577,2.531888016583796,2.5147418294774626,2.484943452900135,2.436068712039797,2.3602524547135864,2.2486692507974393,2.092139019946406,1.881343490889663,1.6053136003106276
1398.0,2.549999593727698,2.549999374680445,2.5499984129502367,2.54999539646352,2.549986437834567,2.549960869860426,2.5498910725310293,2.5497097002679476,2.5492626781372913,2.5482204180199544,2.5459259021556595,2.5411625674640206,2.531844710830482,2.5146719090973155,2.4848381831745985,2.435921068484298,2.360059752142494,2.2484355322276532,2.0918762518085314,1.8810708350777452,1.6050543325995885
1399.0,2.549999589680509,2.5499993687521756,2.54999839921457,2.5499953603030856,2.549986341575661,2.549960620317827,2.549890452430559,2.5497082357796903,2.549259408767321,2.5482135452570063,2.545912337131531,2.5411374874696198,2.5318013551118774,2.5146019351378395,2.4847328684133854,2.435773404382022,2.3598670687170227,2.2482018809078834,2.091613595662171,1.8807983195820075,1.6047951940650491
1400.0,2.549999585598207,2.549999362775225,2.5499983853774255,2.5499953239046294,2.549986244756408,2.549960369502855,2.5498898295931203,2.549706765775209,2.549256129070137,2.548206654682419,2.5458987440701044,2.5411123676902783,2.53175794945873,2.5145319076630135,2.484627508705468,2.435625719822046,2.35967440449072,2.247968296824828,2.091351051419569,1.8805259442112379,1.6045361848776685
1401.0,2.5499995814805354,2.5499993567492605,2.549998371438193,2.5499952872669134,2.5499861473743333,2.549960117410838,2.549889204010597,2.549705290241856,2.5492528390286497,2.548199746277493,2.545885122958053,2.5410872081289706,2.5317144939018283,2.514461826736785,2.484522104139691,2.4354780148932536,2.3594817595169517,2.2477347799651306,2.0910886189929627,1.8802537087740967,1.6042773051932848
1402.0,2.549999577327237,2.549999350673947,2.549998357396257,2.549995250388697,2.549986049426955,2.5499598640370924,2.549888575674863,2.5497038091669775,2.5492495386257823,2.548192820023566,2.545871473782109,2.5410620087887423,2.531670988472005,2.5143916924230743,2.484416654804776,2.4353302896843343,2.3592891338489017,2.247501330315382,2.0908262982945756,1.8799816130792522,1.6040185551537054
1403.0,2.5499995731380523,2.549999344548946,2.549998343251003,2.549995213268734,2.5499859509117866,2.549959609376928,2.5498879445777836,2.5497023225379185,2.549246227844467,2.548185875902012,2.5458577965290665,2.5410367696727074,2.531627433200131,2.5143215047857685,2.484311160789319,2.4351825442837822,2.359096527539574,2.2472679478621176,2.090564089236607,1.8797096569355027,1.6037599348874536
1404.0,2.54999956891272,2.5499993383739197,2.549998329001811,2.5499951759057753,2.549985851826333,2.5499593534256437,2.5498873107112145,2.5497008303420197,2.549242906667649,2.5481789138942395,2.545844091185781,2.5410114907840504,2.531583828117124,2.514251263888727,2.484205622181789,2.4350347787798987,2.3589039406417913,2.247034632591824,2.0903019917312298,1.879437840151889,1.6035014445104734
1405.0,2.5499995646509794,2.5499993321485275,2.549998314648059,2.5499951382985655,2.549985752168093,2.5499590961785312,2.549886674067004,2.5496993325666186,2.5492395750782864,2.548171933981692,2.545830357739167,2.540986172126026,2.53154017325394,2.514180969795778,2.484100039070532,2.434886993260792,2.3587113732081977,2.2468013844909303,2.0900400056905792,1.879166162537792,1.6032430841267948
1406.0,2.5499995603525667,2.549999325872428,2.549998300189122,2.549995100445846,2.549985651934559,2.5499588376308724,2.549886034636989,2.549697829199051,2.5492362330593465,2.548164936145851,2.5458165961762016,2.540960813701956,2.531496468641578,2.514110622570719,2.4839944115437675,2.4347391878143774,2.358518825291257,2.246568203545815,2.089778131026754,1.8788946239030242,1.6029848538291616
1407.0,2.549999556017215,2.549999319545276,2.5499982856243735,2.5499950623463534,2.549985551123215,2.54995857777794,2.5498853924130014,2.549696320226647,2.5492328805938107,2.548157920368231,2.5458028064839215,2.540935415515234,2.5314527143110777,2.5140402222773184,2.4838887396895917,2.434591362528377,2.3583262969432544,2.2463350897428023,2.089516367651806,1.8786232240579097,1.6027267536996264
1408.0,2.5499995516446594,2.5499993131667256,2.5499982709531825,2.5499950239988194,2.54998544973154,2.549958316614997,2.5498847473868604,2.549694805636736,2.5492295176646707,2.5481508866303857,2.5457889886494245,2.5409099775693207,2.5314089102935204,2.513969768979311,2.4837830235959752,2.4344435174903216,2.358133788216298,2.2461020430681646,2.0892547154777383,1.8783519628133556,1.6024687838101095
1409.0,2.549999547234632,2.5499993067364293,2.5499982561749164,2.549994985401971,2.5499853477570045,2.5499580541372997,2.549884099550377,2.549693285416643,2.549226144254931,2.548143834913901,2.545775142659867,2.540884499867746,2.531365056620025,2.513899262740403,2.4836772633507627,2.4342956527875512,2.35794129916232,2.245869063508119,2.0889931744165002,1.8780808399809161,1.6022109442229295
1410.0,2.549999542786862,2.5499993002540364,2.5499982412889404,2.549994946554532,2.549985245197073,2.549957790340093,2.5498834488953555,2.5496917595536917,2.5492227603476088,2.5481367652004003,2.545761268502467,2.540858982414107,2.531321153321755,2.51382870362427,2.483571459041676,2.4341477685072146,2.357748829833073,2.245636151048832,2.088731744379983,1.8778098553728508,1.6019532349913048
1411.0,2.549999538301078,2.5499992937191966,2.549998226294615,2.5499949074552215,2.549985142049203,2.549957525218614,2.54988279541359,2.5496902280352014,2.5492193659257314,2.5481296774715414,2.5457473661645045,2.5408334252120723,2.5312772004299116,2.513758091694554,2.483465610756313,2.433999864736268,2.3575563802801356,2.2454033056764136,2.088470425280021,1.877539008802172,1.6016956561598241
1412.0,2.549999533777008,2.5499992871315564,2.549998211191299,2.5499948681027518,2.5499850383108464,2.549957258768091,2.5498821390968667,2.54968869084849,2.549215960972339,2.5481225717090203,2.545733435633317,2.540807828265376,2.5312331979757348,2.5136874270148666,2.4833597185821454,2.4338519415614797,2.3573639505549107,2.245170527376922,2.088209217028384,1.877268300082691,1.6014382077648972
1413.0,2.5499995292143773,2.5499992804907605,2.549998195978348,2.5499948284958327,2.549984933979446,2.5499569909837416,2.5498814799369627,2.549687147980871,2.549212545470484,2.548115447894567,2.545719476896304,2.5407821915778204,2.5311891459905067,2.513616709648788,2.4832537826065217,2.4337039990694267,2.3571715407086256,2.244937816136361,2.0879481195367786,1.8769977290290552,1.6011808898351745
1414.0,2.54999952461291,2.549999273796452,2.5499981806551153,2.5499947886331698,2.5499848290524385,2.5499567218607786,2.549880817925646,2.5496855994196563,2.5492091194032325,2.5481083060099468,2.5457054899409224,2.540756515153276,2.5311450445055472,2.5135459396598674,2.4831478029166654,2.4335560373464964,2.356979150792335,2.2447051719406788,2.0876871327168445,1.8767272954567809,1.6009237023919487
1415.0,2.549999519972329,2.5499992670482716,2.5499981652209507,2.549994748513462,2.5499847235272552,2.5499564513944017,2.549880153054677,2.5496840451521554,2.549205682753661,2.5481011460369625,2.5456914747546926,2.5407307989956815,2.5311008935522157,2.513475117111621,2.483041779599677,2.4334080564788882,2.3567867808569187,2.244472594775771,2.087426256480155,1.8764569991822835,1.600666645449532
1416.0,2.549999515292355,2.549999260245859,2.5499981496752016,2.5499947081354075,2.5499846174013188,2.5499561795798042,2.5498794853158055,2.5496824851656745,2.5492022355048585,2.5480939679574512,2.545677431325191,2.5407050431090425,2.5310566931619114,2.513404242067533,2.482935712742533,2.433260056552613,2.356594430953084,2.244240084627478,2.087165490738215,1.8761868400228991,1.6004097190156148
1417.0,2.5499995105727082,2.5499992533888527,2.549998134017213,2.549994667497695,2.549984510672046,2.5499559064121686,2.549878814700776,2.549680919447518,2.5491987776399267,2.548086771753288,2.545663359640058,2.540679247497431,2.5310124433660706,2.5133333145910566,2.4828296024320853,2.4331120376534923,2.356402101131365,2.2440076414815846,2.08690483540246,1.875916817796907,1.6001529230916018
1418.0,2.5499995058131053,2.549999246476886,2.549998118246325,2.549994626599012,2.549984403336845,2.549955631886669,2.549878141201322,2.5496793479849877,2.5491953091419806,2.5480795574063824,2.5456492596869915,2.540653412164987,2.530968144196169,2.5132623347456113,2.4827234487550633,2.4329639998671593,2.356209791442127,2.243775265323822,2.0866442903842595,1.875646932323545,1.5998962576729348
1419.0,2.549999501013263,2.5499992395095945,2.549998102361878,2.549994585438041,2.54998429539312,2.5499553559984727,2.5498774648091684,2.5496777707653826,2.5491918299941467,2.5480723248986785,2.5456351314537486,2.540627537115917,2.5309237956837194,2.513191302594586,2.4826172517980716,2.432815943279063,2.3560175019355607,2.243542956139862,2.0863838555949124,1.8753771834230226,1.5996397227493933
1420.0,2.549999496172897,2.5499992324866088,2.549998086363208,2.549994544013459,2.549984186838267,2.549955078742736,2.549876785516033,2.549676187775999,2.5491883401795645,2.548065074212159,2.5456209749281475,2.540601622354494,2.5308793978602746,2.513120218201335,2.4825110116475924,2.4326678679744624,2.3558252326616866,2.243310713915326,2.0861235309456507,1.8751075709165324,1.5993833183053814
1421.0,2.549999491291719,2.549999225407559,2.549998070249647,2.54999450232394,2.549984077669674,2.549954800114606,2.549876103313624,2.549674599004131,2.549184839681386,2.5480578053288405,2.5456067900980637,2.540575667885057,2.530834950757423,2.5130490816291795,2.4824047283899833,2.4325197740384312,2.3556329836703567,2.243078538635774,2.0858633163476403,1.8748380946262557,1.5991270443202004
1422.0,2.5499994863694413,2.5499992182720725,2.549998054020526,2.549994460368151,2.5499839678847236,2.549954520109223,2.549875418193643,2.5496730044370723,2.549181328482776,2.5480505182307778,2.5455925769514356,2.540549673712013,2.53079045440679,2.5129778929414104,2.482298402111479,2.432371661555856,2.355440755011252,2.2428464302867104,2.0856032117119807,1.8745687543753702,1.598870900768305
1423.0,2.549999481405774,2.549999211079776,2.549998037675171,2.5499944181447556,2.5499838574807914,2.5499542387217167,2.5498747301477813,2.549671404062112,2.549177806566912,2.548043212900059,2.5455783354762587,2.540523639839833,2.530745908840041,2.512906652201283,2.482192032898192,2.4322235306114375,2.3552485467338853,2.2426143888535837,2.0853432169497066,1.8742995499880504,1.5986148876195472
1424.0,2.549999476400425,2.5499992038302945,2.549998021212908,2.5499943756524135,2.5499837464552457,2.5499539559472093,2.5498740391677224,2.5496697978665366,2.549174273916984,2.548035889318811,2.545564065660588,2.5404975662730553,2.530701314088876,2.512835359472021,2.4820856208361115,2.4320753812896925,2.3550563588876017,2.242382414321784,2.0850833319717887,1.8740304812894701,1.5983590048394045
1425.0,2.549999471353101,2.54999919652325,2.549998004633058,2.5499943328897787,2.5499836348054474,2.549953671780814,2.549873345245142,2.549668185837634,2.5491707305161952,2.5480285474691953,2.5455497674925383,2.5404714530162833,2.530656670185033,2.512764014816814,2.4819791660111017,2.4319272136749532,2.3548641915215773,2.2421505066766443,2.0848235566891407,1.8737615481058008,1.5981032523892014
1426.0,2.5499994662635075,2.54999918915826,2.549997987934939,2.5499942898555013,2.549983522528752,2.5499533862176342,2.5498726483717062,2.549666567962687,2.549167176347762,2.5480211873334087,2.545535440960284,2.540445300074187,2.530611977160285,2.5126926182988196,2.481872668508906,2.431779027851365,2.3546720446848215,2.241918665903438,2.0845638910126136,1.873492750264209,1.597847630226313
1427.0,2.549999461131347,2.549999181734945,2.5499979711178673,2.549994246548227,2.5499834096225062,2.549953099252764,2.549871948539075,2.5496649442289767,2.5491636113949125,2.548013808893685,2.545521086052056,2.5404191074514992,2.530567235046442,2.51262116998116,2.4817661284151455,2.43163082390289,2.3544799184261764,2.2416868919873805,2.0843043348530026,1.8732240875928519,1.5975921383043639
1428.0,2.549999455956322,2.5499991742529216,2.549997954181155,2.5499942029665963,2.5499832960840516,2.5499528108812908,2.549871245738899,2.549663314623784,2.5491600356408894,2.5480064121322945,2.545506702756148,2.54039287515302,2.530522443875351,2.512549669926923,2.481659545815318,2.431482601913308,2.3542878127943188,2.2414551849136277,2.0840448881210496,1.8729555599208731,1.5973367765734123
1429.0,2.5499994507381336,2.549999166711803,2.5499979371241124,2.549994159109245,2.5499831819107213,2.5499525210982923,2.549870539962819,2.549661679134387,2.5491564490689473,2.547998997031543,2.54549229106091,2.5403666031836134,2.530477603678893,2.5124781181991653,2.4815529207947966,2.431334361966213,2.3540957278377603,2.2412235446672764,2.083785550727445,1.872687167078395,1.5970815449801252
1430.0,2.5499994454764785,2.5499991591112026,2.549997919946046,2.549994114974804,2.5499830670998436,2.549952229898838,2.5498698312024715,2.549660037748059,2.549152851662355,2.5479915635737718,2.545477850954752,2.54034029154821,2.530432714488986,2.512406514860907,2.4814462534388357,2.43118610414502,2.3539036636048456,2.240991971233362,2.0835263225828284,1.872418908896511,1.5968264434679476
1431.0,2.549999440171055,2.5499991514507316,2.549997902646259,2.549994070561901,2.5499829516487384,2.549951937277987,2.549869119449481,2.549658390452077,2.5491492434043934,2.5479841117413597,2.545463382426143,2.540313940251803,2.5303877763375824,2.5123348599751356,2.481339543832565,2.4310378285329577,2.353711620143757,2.2407604645968604,2.0832672035977953,1.8721507852072776,1.5965714719772595
1432.0,2.549999434821557,2.549999143729997,2.5499978852240544,2.549994025869158,2.5499828355547183,2.549951643230791,2.549868404695467,2.549656737233712,2.5491456242783572,2.547976641516721,2.54544888546361,2.5402875492994506,2.530342789256669,2.5122631536048026,2.4812327920609927,2.4308895352130735,2.3535195975025105,2.2405290247426874,2.0830081936828955,1.8718827958437052,1.5963166304455256
1433.0,2.549999429427679,2.549999135948606,2.5499978676787283,2.54999398089519,2.5499827188150905,2.5499513477522937,2.5498676869320382,2.549655078080235,2.5491419942675537,2.547969152882305,2.5454343600557383,2.5402611186962747,2.5302977532782696,2.512191395812827,2.4811259982090057,2.4307412242682345,2.353327595728961,2.2402976516556974,2.0827492927486397,1.871614940639747,1.5960619188074394
1434.0,2.5499994239891124,2.5499991281061627,2.5499978500095764,2.5499939356386125,2.549982601427154,2.549951050837527,2.5498669661507973,2.5496534129789152,2.5491383533553047,2.5479616458205996,2.545419806191174,2.5402346484474627,2.530252668434441,2.5121195866620916,2.4810191623613673,2.4305928957811256,2.353135614870798,2.2400663453206815,2.0824905007055015,1.8713472194302891,1.5958073369950572
1435.0,2.5499994185055486,2.5499991202022705,2.549997832215891,2.5499938900980323,2.5499824833882028,2.5499507524815184,2.5498662423433376,2.54965174191702,2.5491347015249453,2.547954120314127,2.5454052238586184,2.5402081385582647,2.5302075347572752,2.512047726215447,2.4809122846027205,2.43044454983425,2.35294365497555,2.239835105722371,2.0822318174639216,1.8710796320511394,1.5955528849379255
1436.0,2.549999412976675,2.5499991122365295,2.5499978142969617,2.5499938442720533,2.5499823646955213,2.5499504526792833,2.5498655155012457,2.5496500648818157,2.5491310387598234,2.547946576345447,2.545390613046834,2.5401815890339945,2.530162352278897,2.511975814535706,2.480805365017586,2.4302961865099326,2.352751716090584,2.239603932845433,2.0819732429343074,1.8708121783390148,1.5952985625632052
1437.0,2.5499994074021792,2.549999104208539,2.549997796252074,2.549993798159273,2.549982245346389,2.5499501514258296,2.5498647856160988,2.5496483818605657,2.5491273650433,2.547939013897153,2.5453759737446413,2.5401549998800306,2.530117121031467,2.511903851685648,2.4806984036903628,2.430147805890315,2.3525597982631044,2.239372826674472,2.081714777027042,1.8705448581315298,1.595044369795786
1438.0,2.549999401781745,2.5499990961178938,2.5499977780805105,2.549993751758288,2.549982125338077,2.5499498487161567,2.549864052679468,2.5496466928405344,2.5491236803587496,2.547931432951879,2.545361305940917,2.540128371101813,2.530071841047178,2.5118318377280175,2.480591400705328,2.4299994080573635,2.352367901540155,2.2391417871940305,2.0814564196524827,1.870277671267185,1.5947903065583948
1439.0,2.5499993961150573,2.5499990879641907,2.549997759781552,2.5499937050676853,2.549982004667852,2.549949544545256,2.5498633166829143,2.549644997808983,2.5491199846895625,2.547923833492291,2.545346609624598,2.540101702704846,2.530026512358257,2.511759772725521,2.4804843561466385,2.429850993092861,2.3521760259686193,2.2389108143885856,2.081198170720965,1.870010617585352,1.5945363727717028
1440.0,2.5499993904017977,2.549999079747021,2.549997741354476,2.5499936580860503,2.5499818833329715,2.549949238908108,2.5498625776179935,2.549643296753171,2.54911627801914,2.5479162155010933,2.5453318847846793,2.5400749946946966,2.529981134996963,2.511687656740834,2.4803772700983293,2.429702561078413,2.351984171595219,2.2386799082425544,2.0809400301428105,1.8697436969262624,1.5942825683544224
1441.0,2.5499993846416458,2.549999071465976,2.5499977227985555,2.5499936108119625,2.5499817613306863,2.5499489317996877,2.5498618354762517,2.5496415896603586,2.5491125603308986,2.547908578961027,2.5453171314102128,2.5400482470769945,2.5299357089955907,2.511615489836594,2.4802701426443137,2.4295541120954462,2.3517923384665194,2.2384490687402847,2.0806819978283237,1.8694769091310584,1.5940288990424494
1442.0,2.54999937883428,2.5499990631206435,2.549997704113062,2.5499935632439974,2.5499816386582417,2.5499486232149584,2.549861090249228,2.5496398765178037,2.5491088316082693,2.547900923854867,2.5453023494903095,2.540021459857432,2.5298902343864644,2.5115432720754027,2.480162973868384,2.429405646225211,2.3516005266289253,2.2382182958660626,2.080424073687801,1.8692102540430544,1.5937753719475656
1443.0,2.549999372979377,2.549999054710611,2.549997685297264,2.5499935153807254,2.5499815153128744,2.549948313148877,2.5498603419284525,2.5496381573127604,2.549105091834694,2.547893250165427,2.5452875390141383,2.539994633041765,2.5298447112019433,2.5114710035198278,2.4800557638542142,2.4292571635487783,2.351408736128682,2.2379875896041095,2.080166257631532,1.868943731509498,1.5935219865434769
1444.0,2.5499993670766115,2.5499990462354614,2.549997666350427,2.5499934672207116,2.5499813912918166,2.549948001596391,2.5498595905054486,2.5496364320324876,2.549101340993631,2.547885557875557,2.5452726999709245,2.5399677666358085,2.529799139474418,2.511398684232399,2.4799485126853535,2.429108664147041,2.3512169670118785,2.2377569499385817,2.0799085495698035,1.8686773413815128,1.5932687423238627
1445.0,2.549999361125656,2.549999037694777,2.549997647271813,2.5499934187625186,2.5499812665922894,2.549947688552439,2.549858835971733,2.549634700664237,2.5490975790685515,2.5478778469681402,2.5452578323499533,2.539940860645442,2.529753519236311,2.511326314275611,2.479841220445233,2.4289601481007175,2.3510252193244443,2.2375263768535683,2.079650949412907,1.8684110835137635,1.5930156388012744
1446.0,2.5499993551261833,2.5499990290881396,2.5499976280606793,2.5499933700047013,2.549981141211511,2.549947374011952,2.549858078318813,2.549632963195264,2.5490938060429413,2.5478701174261014,2.545242936140566,2.5399139150766077,2.5297078505200776,2.511253893711922,2.479733887217162,2.428811615490348,2.350833493112152,2.2372958703330936,2.0793934570711445,1.868144957764148,1.5927626755060986
1447.0,2.549999349077862,2.549999020415126,2.5499976087162834,2.5499933209458114,2.5499810151466935,2.549947057969852,2.5498573175381893,2.54963121961282,2.5490900219003,2.5478623692323965,2.545228011332162,2.5398869299353066,2.5296621333582032,2.511181422603756,2.4796265130843307,2.428663066396297,2.3506417884206185,2.237065430361118,2.079136072454834,1.8678789639935094,1.5925098519855814
1448.0,2.5499993429803607,2.5499990116753137,2.549997589237877,2.5499932715843965,2.5499808883950372,2.549946740421052,2.549856553621354,2.5496294699041555,2.549086226624141,2.5478546023700206,2.5452130579141987,2.539859905227604,2.5296163677832055,2.511108901013497,2.479519098129807,2.4285145008987525,2.3504501052953044,2.236835056921533,2.078878795474318,1.8676131020653728,1.5922571678029076
1449.0,2.549999336833345,2.549999002868275,2.5499975696247104,2.5499932219189976,2.549980760953738,2.549946421360456,2.549855786559793,2.549627714056523,2.5490824201979922,2.547846816822005,2.5451980758761894,2.5398328409596242,2.529570553827634,2.511036329003494,2.479411642436541,2.428365919077728,2.350258443781515,2.236604749998166,2.07862162603997,1.8673473718457028,1.5920046225363338
1450.0,2.549999330636479,2.549998993993583,2.549997549876031,2.5499931719481514,2.5499806328199877,2.549946100782961,2.549855016344983,2.54962595205717,2.5490786026053947,2.5478390125714165,2.545183065207707,2.539805737137555,2.5295246915240694,2.5109637066360615,2.4793041460873613,2.4282173210130624,2.3500668039243973,2.2363745095747762,2.078364564062204,1.8670817732026779,1.5917522157783706
1451.0,2.5499993243894257,2.549998985050808,2.5499975299910815,2.5499931216703926,2.549980503990967,2.5499457786834543,2.5498542429683946,2.549624183893347,2.5490747738299055,2.5478311896013586,2.5451680258983798,2.539778593767643,2.529478780905122,2.510891033973475,2.4791966091649758,2.4280687067844196,2.349875185768946,2.236144335635057,2.078107609451481,1.866816306006484,1.5914999471350129
1452.0,2.5499993180918463,2.549998976039517,2.5499975099691032,2.5499930710842467,2.5499803744638507,2.5499454550568146,2.54985346642149,2.5496224095523017,2.5490709338550945,2.547823347894972,2.545152957937894,2.5397514108561974,2.5294328220034332,2.5108183110779745,2.479089031751974,2.427920076471289,2.34968358936,2.2359142281626334,2.0778507621183153,1.8665509701291239,1.5912478162250143
1453.0,2.5499993117433997,2.549998966959276,2.5499974898093325,2.549993020188238,2.549980244235809,2.549945129897914,2.549852686695725,2.5496206290212817,2.549067082664546,2.5478154874354333,2.545137861315993,2.5397241884095862,2.529386814851674,2.51074553801176,2.4789814139308257,2.427771430152986,2.3494920147422436,2.235684187141066,2.077594021973286,1.866285765444241,1.5909958226792023
1454.0,2.549999305343742,2.5499989578096485,2.549997469511005,2.5499929689808836,2.5499801133040023,2.549944803201613,2.5498519037825487,2.549618842287533,2.5490632202418584,2.547807608205954,2.5451227360224777,2.539696926434239,2.529340759482547,2.510672714836998,2.4788737557838796,2.4276227679086535,2.34930046196021,2.2354542125538472,2.077337388927041,1.8660206918269593,1.5907439661398335
1455.0,2.549999298892529,2.5499989485901966,2.5499974490733504,2.5499929174606977,2.549979981665586,2.5499444749627673,2.5498511176733993,2.5496170493383032,2.549059346570647,2.547799710189784,2.545107582047205,2.5396696249366464,2.529294655928784,2.510599841615818,2.478766057393366,2.4274740898172604,2.349108931058277,2.2352243043844013,2.0770808628903072,1.8657557491537333,1.590492246259985
1456.0,2.5499992923894155,2.549998939300479,2.5499974284955984,2.5499928656261885,2.549979849317709,2.549944145176221,2.549850328359711,2.5496152501608367,2.5490554616345387,2.5477917933702092,2.5450923993800885,2.5396422839233566,2.5292485042231467,2.5105269184103083,2.4786583188413958,2.4273253959576024,2.3489174220806697,2.2349944626160867,2.0768244437738965,1.865490937302213,1.5902406627029806
1457.0,2.549999285834052,2.549998929940053,2.549997407776973,2.549992813475861,2.5499797162575106,2.549943813836811,2.5498495358329096,2.5496134447423793,2.549051565417176,2.5477838577305514,2.5450771880111014,2.5396149034009796,2.5292023043984253,2.510453945282523,2.4785505402099597,2.4271766864083064,2.348725935071461,2.234764687232195,2.076568131488715,1.8652262561511173,1.5899892151418498
1458.0,2.5499992792260886,2.5499989205084734,2.5499973869166963,2.5499927610082134,2.5499795824821256,2.549943480939366,2.549848740084414,2.549611633070176,2.549047657902216,2.5477759032541694,2.5450619479302707,2.5395874833761853,2.529156056487441,2.5103809222944786,2.478442721580931,2.427027961247823,2.3485344700745725,2.234534978215949,2.076311925945765,1.8649617055801206,1.5897379032588186
1459.0,2.5499992725651746,2.5499989110052934,2.549997365913987,2.549992708221739,2.5499794479886813,2.549943146478707,2.549847941105634,2.5496098151314714,2.5490437390733307,2.5477679299244578,2.5450466791276805,2.539560023855702,2.529109760523043,2.510307849508152,2.478334863036062,2.4268792205544347,2.3483430271337724,2.234305335550506,2.076055827056157,1.864697285469747,1.5894867267448258
1460.0,2.549999265850955,2.549998901430064,2.5499973447680606,2.5499926551149272,2.5499793127742976,2.5499428104496444,2.5498471388879747,2.5496079909135094,2.5490398089142055,2.5477599377248485,2.5450313815934713,2.5395325248463183,2.5290634165381087,2.510234726985483,2.4782269646569874,2.426730464406251,2.348151606292679,2.234075759218956,2.0757998347311153,1.864432995701274,1.5892356852990714
1461.0,2.5499992590830756,2.5499988917823333,2.54999732347813,2.5499926016862635,2.549979176836088,2.5499424728469813,2.5498463334228325,2.5496061604035334,2.5490358674085423,2.547751926638809,2.545016055317842,2.5395049863548813,2.529017024565546,2.5101615547883753,2.4781190265252238,2.4265816928812107,2.3479602075947597,2.233846249204321,2.075543948881979,1.8641688361566444,1.5889847786285856
1462.0,2.5499992522611774,2.5499988820616477,2.549997302043405,2.549992547934227,2.549979040171159,2.549942133665513,2.5498455247015963,2.5496043235887864,2.549031914540056,2.547743896649845,2.545000700291046,2.539477408388298,2.5289705846382904,2.5100883329786923,2.4780110487221667,2.4264329060570824,2.3477688310833305,2.2336168054895578,2.075288169420214,1.863904806718386,1.5887340064478266
1463.0,2.5499992453849027,2.549998872267553,2.5499972804630904,2.5499924938572924,2.5499789027766098,2.549941792900026,2.5498447127156503,2.5496024804565134,2.5490279502924778,2.547735847741496,2.544985316503394,2.539449790953533,2.5289240967893036,2.5100150616182604,2.4779030313290957,2.4262841040114664,2.3475774768015576,2.2333874280575556,2.075032496257416,1.8636409072695388,1.5884833684782969
1464.0,2.5499992384538896,2.5499988623995895,2.54999725873639,2.5499924394539306,2.5499787646495338,2.549941450545299,2.5498438974563697,2.549600630993956,2.549023974649553,2.5477277798973406,2.544969903945253,2.539422134057611,2.528877561051579,2.509941740768868,2.4777949744271703,2.42613528682179,2.3473861447924587,2.2331581168911385,2.0747769293053153,1.8633771376935866,1.588232864448185
1465.0,2.549999231467775,2.5499988524572976,2.5499972368625032,2.549992384722606,2.5499786257870163,2.549941106596101,2.549843078915121,2.549598775188358,2.5490199875950417,2.5477196931009907,2.544954462607046,2.5393944377076134,2.5288309774581355,2.509868370492265,2.4776868780974333,2.4259864545653147,2.347194835098901,2.2329288719730624,2.0745214684757807,1.8631134978743973,1.587982494092023
1466.0,2.5499992244261946,2.549998842440215,2.549997214840627,2.549992329661779,2.549978486186137,2.549940761047193,2.549842257083267,2.5495969130269627,2.549015989112719,2.5477115873360985,2.5449389924792514,2.539366701910682,2.5287843460420194,2.509794950850161,2.477578742420807,2.4258376073191315,2.347003547763605,2.232699693286019,2.074266113680827,1.8628499876961677,1.5877322571503678
1467.0,2.5499992173287813,2.549998832347878,2.549997192669954,2.5499922742699046,2.5499783458439667,2.5499404138933293,2.549841431952162,2.549595044497013,2.5490119791863752,2.5477034625863495,2.544923493552404,2.539338926674015,2.5287376668363053,2.509721481904231,2.477470567478097,2.4256887451601634,2.3468122828291387,2.2324705808126337,2.0740108648326157,1.8625866070433734,1.587482153369496
1468.0,2.5499992101751676,2.5499988221798193,2.549997170349675,2.5499922185454342,2.5499782047575716,2.5499400651292548,2.549840603513153,2.549593169585751,2.5490079577998155,2.5476953188354674,2.5449079658170963,2.5393111120048695,2.528690939874095,2.509647963716108,2.4773623533499904,2.4255398681651648,2.3466210403379244,2.232241534535467,2.0737557218434604,1.8623233558007224,1.5872321825011184
1469.0,2.5499992029649823,2.5499988119355703,2.5499971478789774,2.5499921624868134,2.5499780629240085,2.549939714749706,2.54983977175758,2.5495912882804217,2.5490039249368612,2.547687156067213,2.5448924092639733,2.539283257910561,2.528644165188517,2.5095743963473875,2.4772541001170585,2.425390976410722,2.3464298203322373,2.232012554437015,2.07350068462583,1.8620602338531158,1.5869823443021096
1470.0,2.5499991956978523,2.549998801614659,2.5499971252570446,2.5499921060924837,2.54997792034033,2.5499393627494107,2.5498389366767777,2.5495894005682675,2.548999880581347,2.547678974265383,2.5448768238837394,2.5392553643984606,2.5285973428127266,2.5095007798596254,2.477145807859753,2.425242069973255,2.3462386228542034,2.231783640499707,2.0732457530923525,1.8617972410856094,1.5867326385342508
1471.0,2.549999188373405,2.549998791216613,2.549997102483057,2.5499920493608803,2.549977777003579,2.549939009123089,2.5498380982620716,2.5495875064365316,2.548995824717124,2.547670773413809,2.544861209667152,2.5392274314759984,2.5285504727799055,2.5094271143143394,2.477037476658408,2.425093148929016,2.3460474479458027,2.2315547927059103,2.072990927155817,1.8615343773833806,1.5864830649639907
1472.0,2.5499991809912625,2.5499987807409568,2.549997079556193,2.5499919922904346,2.549977632910794,2.5499386538654525,2.5498372565047824,2.5495856058724584,2.548991757328057,2.5476625534963615,2.5448455666050256,2.539199459150662,2.528503555123262,2.509353399773008,2.476929106593241,2.4249442133540917,2.345856295648868,2.231326011037928,2.0727362067291786,1.8612716426316993,1.5862336233622152
1473.0,2.549999173551048,2.5499987701872118,2.5499970564756254,2.5499919348795728,2.549977488059006,2.5499382969712054,2.549836411396222,2.549583698863292,2.5489876783980288,2.547654314496945,2.544829894688229,2.5391714474299945,2.5284565898760305,2.509279636297071,2.4768206977443517,2.424795263324401,2.3456651660050873,2.231097295477998,2.072481591725557,1.861009036715902,1.5859843135040337
1474.0,2.5499991660523813,2.549998759554899,2.5499970332405257,2.549991877126716,2.5499773424452377,2.5499379384350425,2.5498355629276968,2.5495817853962763,2.548983587910935,2.547646056399503,2.5448141939076883,2.539143396321598,2.5284095770714705,2.509205823947928,2.4767122501917225,2.4246462989156976,2.3454740590560004,2.2308686460083,2.072227082058241,1.8607465595213664,1.5857351351685731
1475.0,2.54999915849488,2.5499987488435356,2.5499970098500615,2.5499918190302817,2.549977196066507,2.5499375782516513,2.549834711090507,2.549579865458656,2.548979485850686,2.5476377791880145,2.5447984642543835,2.5391153058331293,2.5283625167428703,2.509131962786939,2.4766037640152194,2.4244973202035696,2.3452829748430024,2.2306400626109446,2.0719726776406904,1.8604842109334907,1.5854860881387867
1476.0,2.5499991508781608,2.549998738052637,2.5499969863033973,2.54999176058868,2.549977048919823,2.5499372164157106,2.5498338558759452,2.5495779390376763,2.5489753722012116,2.5476294828464954,2.5447827057193493,2.5390871759723033,2.528315408923539,2.509058052875426,2.4764952392945916,2.42434832726344,2.345091913407345,2.2304115452679842,2.071718378386536,1.860221990837676,1.5852371722012706
1477.0,2.549999143201839,2.5499987271817166,2.549996962599694,2.5499917018003186,2.5499769010021893,2.5499368529218915,2.549832997275297,2.5495760061205823,2.548971246946453,2.5476211673589972,2.5447669182936785,2.5390590067468906,2.5282682536468144,2.5089840942746693,2.4763866761094704,2.424199320170567,2.344900874790132,2.230183093961411,2.0714641842095842,1.8599598991193094,1.5849883871460937
1478.0,2.5499991354655247,2.549998716230285,2.5499969387381096,2.5499916426635982,2.549976752310602,2.5499364877648554,2.549832135279841,2.549574066694622,2.548967110070369,2.5476128327096084,2.5447511019685165,2.539030798164718,2.5282210509460596,2.5089100870459125,2.4762780745393704,2.424050299000045,2.3447098590323243,2.2299547086731537,2.0712100950238126,1.8596979356637486,1.5847397327666317
1479.0,2.5499991276688294,2.549998705197851,2.5499969147177994,2.5499915831769173,2.5499766028420496,2.549936120939258,2.5498312698808507,2.549572120747041,2.5489629615569336,2.5476044788824543,2.5447352567350645,2.5390025502336693,2.5281738008546606,2.508836031250356,2.4761694346636918,2.423901263826803,2.3445188661747394,2.2297263893850823,2.0709561107433765,1.859436100356312,1.5844912088594147
1480.0,2.549999119811361,2.5499986940839223,2.549996890537914,2.549991523338667,2.549976452593515,2.549935752439745,2.549830401069593,2.5495701682650878,2.5489588013901354,2.5475961058616976,2.5447193825845793,2.5389742629616836,2.52812650340603,2.508761926949163,2.476060756561715,2.423752214725606,2.344327896258049,2.229498136079006,2.0707022312826067,1.8591743930822657,1.5842428152239816
1481.0,2.5499991118927263,2.549998682888001,2.549996866197601,2.5499914631472342,2.549976301561974,2.5499353822609545,2.5498295288373263,2.5495682092360092,2.5489546295539793,2.547587713631536,2.5447034795083714,2.5389459363567553,2.528079158633604,2.508687774203456,2.4759520403126074,2.423603151771058,2.3441369493227837,2.229269948736675,2.0704484565560106,1.858912813726816,1.58399455166274
1482.0,2.5499991039125303,2.5499986716095906,2.5499968416960064,2.5499914026010004,2.5499761497443947,2.5499350103975167,2.5498286531753043,2.549566243647054,2.548950446032487,2.5475793021762048,2.544687547497807,2.5389175704269333,2.528031766570843,2.5086135730743164,2.475843285995418,2.4234540750375975,2.3439460254093296,2.2290418273397803,2.0701947864782726,1.8586513621751009,1.5837464179808376
1483.0,2.549999095870375,2.5499986602481894,2.549996817032271,2.5499913416983433,2.549975997137739,2.549934636844054,2.5498277740747732,2.549564271485473,2.5489462508096934,2.5475708714799747,2.544671586544306,2.5388891651803247,2.5279843272512332,2.508539323622786,2.47573449368908,2.423304984599501,2.343755124557931,2.2288137718699566,2.0699412209642536,1.8583900383121843,1.5834984139860377
1484.0,2.5499990877658605,2.5499986488032955,2.5499967922055333,2.5499912804376352,2.5499758437389612,2.5499342615951797,2.5498268915269735,2.5495622927385155,2.5489420438696513,2.5475624215271537,2.544655596639345,2.53886072062509,2.527936840708283,2.5084650259098673,2.475625663472413,2.423155880530884,2.3435642468086884,2.2285857823087794,2.0696877599289913,1.8581288420230506,1.5832505394886025
1485.0,2.5499990795985856,2.549998637274403,2.549996767214928,2.5499912188172433,2.5499756895450094,2.5499338846454997,2.5498260055231383,2.5495603073934334,2.548937825196428,2.5475539523020867,2.5446395777744537,2.538832236769445,2.527889306975525,2.5083906799965217,2.475516795424117,2.423006762905698,2.3433733922015616,2.2283578586377684,2.0694344032877017,1.8578677731926008,1.5830027943011813
1486.0,2.5499990713681466,2.549998625661005,2.5499967420595873,2.54999115683553,2.549975534552826,2.5499335059896118,2.5498251160544947,2.549558315437479,2.5489335947741076,2.547545463789154,2.5446235299412154,2.5388037136216615,2.5278417260865154,2.5083162859436694,2.4754078896227796,2.422857631797735,2.343182560776369,2.2281300008383864,2.069181150955776,1.8576068317056498,1.582755178238706
1487.0,2.549999063074139,2.549998613962592,2.5499967167386384,2.549991094490853,2.5499753787593424,2.549933125622105,2.549824223112264,2.5495563168579043,2.54892935258679,2.5475369559727743,2.5446074531312703,2.5387751511900647,2.527794098074835,2.5082418438121916,2.475298946146872,2.4227084872806244,2.342991752572787,2.2279022088920413,2.0689280028487804,1.857346017446924,1.5825076911182911
1488.0,2.549999054716154,2.5499986021786514,2.5499966912512066,2.5499910317815635,2.5499752221614878,2.5499327435375605,2.54982332668766,2.549554311641964,2.5489250986185903,2.5475284288374014,2.5445913473363113,2.5387465494830335,2.527746422974085,2.508167353662927,2.4751899650747484,2.422559329427834,2.3428009676303514,2.227674482780085,2.0686749588824607,1.85708533030106,1.5822603327591411
1489.0,2.5499990462937827,2.549998590308669,2.5499966655964137,2.5499909687060094,2.5499750647561825,2.549932359730553,2.549822426771892,2.5495522997769124,2.5489208328536397,2.547519882367526,2.5445752125480854,2.5387179085090024,2.5276987008178926,2.5080928155566764,2.475080946484649,2.422410158312673,2.342610205988457,2.227446822483816,2.0684220189727323,1.856824770152604,1.5820131029824591
1490.0,2.549999037806613,2.5499985783521275,2.549996639773378,2.549990905262533,2.5499749065403403,2.5499319741956477,2.549821523356162,2.549550281250008,2.5489165552760857,2.5475113165476757,2.544559048758395,2.5386892282764615,2.527650931639906,2.5080182295541977,2.474971890454699,2.4222609740082888,2.342419467686359,2.227219227984479,2.0681691830356876,1.8565643368860125,1.581766001611363
1491.0,2.549999029254232,2.5499985663085085,2.549996613781215,2.5499908414494725,2.549974747510867,2.549931586927402,2.5498206164316644,2.549548256048507,2.548912265870092,2.5475027313624135,2.544542855959095,2.5386605087939524,2.527603115473797,2.507943595716207,2.474862797062908,2.42211177658767,2.342228752763173,2.2269916992632663,2.067916450987592,1.8563040303856526,1.5815190284708052
1492.0,2.5499990206362244,2.5499985541772903,2.5499965876190345,2.5499907772651604,2.549974587664663,2.5499311979203663,2.54981970598959,2.5495462241596667,2.548907964619838,2.547494126796341,2.5445266341420965,2.538631750070073,2.5275552523532587,2.5078689141033816,2.474753666387172,2.4219625661236446,2.3420380612578744,2.2267642363013174,2.067663822744883,1.856043850535803,1.5812721833874968
1493.0,2.5499990119521723,2.5499985419579483,2.549996561285946,2.5499907127079227,2.5499744269986206,2.549930807169082,2.5498187920211213,2.5495441855707486,2.5489036515095203,2.5474855028340944,2.544510383299362,2.5386029521134716,2.527507342312009,2.5077941847763574,2.47464449850527,2.421813342688882,2.341847393209299,2.2265368390797184,2.067411298224168,1.8557837972206566,1.5810254661898349
1494.0,2.549999003201655,2.5499985296499568,2.549996534781054,2.5499906477760836,2.5499742655096256,2.5499304146680823,2.5498178745174354,2.5495421402690135,2.5488993265233497,2.5474768594603474,2.5444941034229087,2.5385741149328522,2.527459385383783,2.5077194077957268,2.474535293494868,2.421664106355893,2.341656748656146,2.226309507579507,2.067158877342226,1.855523870324321,1.580778876707834
1495.0,2.5499989943842523,2.5499985172527864,2.5499965081034595,2.5499905824679603,2.5499741031945584,2.549930020411893,2.549816953469704,2.549540088241724,2.548894989645555,2.54746819665981,2.544477794504809,2.538545238536973,2.5274113816023434,2.5076445832220444,2.4744260514335155,2.42151485719703,2.3414661276369744,2.2260822417816692,2.0669065600160033,1.8552640697308234,1.580532414773062
1496.0,2.549998985499539,2.5499985047659077,2.5499964812522613,2.5499905167818646,2.5499739400502905,2.5499296243950313,2.549816028869091,2.549538029476143,2.54889064086038,2.5474595144172283,2.544461456537188,2.5385163229346435,2.5273633310014705,2.5075697111158206,2.4743167723986517,2.4213655952844864,2.341275530190205,2.225855041667142,2.066654346162613,1.8550043953241113,1.5802860802185774
1497.0,2.5499989765470903,2.549998492188787,2.5499964542265543,2.5499904507161046,2.5499737760736867,2.549929226612008,2.5498151007067555,2.549535963959536,2.548886280152085,2.547450812717386,2.5444450895122235,2.538487368134727,2.527315233614968,2.507494791537526,2.4742074564675978,2.421216320690298,2.3410849563541225,2.225627907216813,2.0664022356993366,1.8547448469880574,1.5800398728788718
1498.0,2.5499989675264776,2.5499984795208883,2.5499964270254294,2.5499903842689835,2.5499736112616067,2.5499288270573257,2.5498141689738514,2.5495338916791694,2.548881907504948,2.5474420915451024,2.544428693422147,2.53845837414614,2.5272670894766605,2.50741982454759,2.474098103717561,2.421067033486344,2.3408944061668735,2.225400838411521,2.0661502285436195,1.854485424606462,1.5797937925898131
1499.0,2.549998958437271,2.549998466761673,2.549996399647974,2.549990317438798,2.5499734456109016,2.549928425725478,2.5498132336615247,2.549531812622312,2.548877522903262,2.5474333508852336,2.544412268259246,2.5384293409778516,2.527218898620393,2.507344810206398,2.4739887142256367,2.420917733744345,2.340703879666467,2.225173835232058,2.06589832461307,1.8542261280630563,1.579547839188594
1500.0,2.549998949279038,2.549998453910601,2.549996372093272,2.549990250223841,2.5499732791184164,2.54992802261095,2.5498122947609163,2.549529726776233,2.548873126331337,2.547424590722674,2.5443958140158576,2.538400268638883,2.5271706610800333,2.5072697485742963,2.4738792880688045,2.420768421535867,2.340513376890776,2.2249468976591684,2.065646523825459,1.8539669572415076,1.5793020125136819
1501.0,2.5499989400513456,2.549998440967129,2.5499963443604057,2.5499901826224,2.549973111780989,2.549927617708222,2.5498113522631614,2.549527634128204,2.5488687177734994,2.54741581104235,2.5443793306843747,2.538371157138308,2.5271223768894675,2.5071946397115883,2.4737698253239317,2.4206190969323167,2.3403228978775377,2.2247200256735495,2.0653948260987165,1.8537079120254036,1.5790563105425963
1502.0,2.549998930753757,2.549998427930712,2.549996316448453,2.549990114632757,2.54997294359545,2.549927211011763,2.5498104061593883,2.549525534665499,2.548864297214091,2.5474070118292302,2.5443628182572424,2.538342006485252,2.5270740460826033,2.5071194836785358,2.4736603260677703,2.4204697600049467,2.3401324426643537,2.2244932192558533,2.0651432313509317,1.853448992297849,1.57881073081274
1503.0,2.5499989213858343,2.5499984148008012,2.5499962883564877,2.54999004625319,2.549972774558625,2.549926802516037,2.5498094564407214,2.54952342837539,2.5488598646374725,2.547398193068316,2.544346276726959,2.5383128166888946,2.5270256686933705,2.5070442805353585,2.4735507903769602,2.4203204108248535,2.339942011288688,2.2242664783866877,2.064891739500352,1.8531901979409104,1.5785652733061908
1504.0,2.5499989119471356,2.549998401576847,2.54999626008358,2.549989977481971,2.549972604667331,2.549926392215498,2.5498085030982773,2.549521315245155,2.5488554200280187,2.5473893547446456,2.5443297060860766,2.538283587758465,2.526977244755716,2.5069690303422343,2.473441218328027,2.420171049462978,2.3397516037878723,2.224039803046614,2.0646403504653787,1.8529315288356336,1.5783199379992825
1505.0,2.549998902437219,2.549998388258296,2.549996231628798,2.5499899083173676,2.5499724339183776,2.5499259801045935,2.5498075461231675,2.5495191952620706,2.5488509633701217,2.547380496843295,2.544313106327199,2.538254319703245,2.526928774303609,2.5068937331592984,2.473331609997384,2.4200216759901054,2.3395612201991014,2.223813193216151,2.0643890641645664,1.8526729848621484,1.5780747248629374
1506.0,2.54999889285564,2.549998374844594,2.5499962029912058,2.5499898387576425,2.549972262308569,2.549925566177763,2.5498065855064973,2.549517068413419,2.5488464946481915,2.547371619349375,2.5442964774429835,2.5382250125325676,2.526880257371038,2.506818389046645,2.473221965461331,2.4198722904768672,2.3393708605594368,2.2235866488757736,2.0641378805166215,1.8524145658997684,1.5778296338629794
1507.0,2.5499988832019524,2.5499983613351827,2.5499961741698636,2.5499897688010527,2.5499720898347027,2.5499251504294373,2.5498056212393676,2.549514934686482,2.548842013846653,2.5473627222480353,2.5442798194261402,2.5381956662558167,2.5268316939920106,2.5067429980643263,2.473112284796054,2.419722892993739,2.339180524905806,2.2233601700059156,2.0638867994403958,1.8521562718270799,1.5775846649604284
1508.0,2.5499988734757055,2.5499983477295016,2.549996145163828,2.54998969844585,2.5499719164935675,2.5499247328540413,2.549804653312873,2.5495127940685416,2.54883752094995,2.5473538055244607,2.5442631322694322,2.5381662808824292,2.5267830842005536,2.5066675602723487,2.4730025680776273,2.4195734836110443,2.338990213275003,2.2231337565869667,2.0636358208548877,1.8518981025220256,1.5773398181117806
1509.0,2.549998863676449,2.549998334026989,2.5499961159721534,2.5499896276902825,2.5499717422819472,2.5499243134459912,2.549803681718102,2.5495106465468846,2.5488330159425407,2.547344869163872,2.5442464159656746,2.538136856421892,2.526734428030716,2.506592075730681,2.472892815382012,2.4194240623989502,2.3387999257036864,2.222907408599277,2.063384944679237,1.851640057861984,1.5770950932692682
1510.0,2.5499988538037295,2.5499983202270795,2.5499960865938887,2.5499895565325916,2.549971567196618,2.5499238921996943,2.5498027064461364,2.549508492108798,2.548828498808901,2.5473359131515285,2.5442296705077347,2.5381073928837425,2.526685725516562,2.506516544499246,2.472783026785057,2.419274629427472,2.338609662228385,2.2226811260231525,2.0631341708327233,1.851382137723839,1.5768504903811087
1511.0,2.5499988438570917,2.549998306329205,2.54999605702808,2.549989484971015,2.5499713912343496,2.5499234691095527,2.549801727488055,2.5495063307415724,2.548823969533524,2.547326937472723,2.5442128958885335,2.5380778902775694,2.5266369766921764,2.5064409666379257,2.4726732023624973,2.4191251847664716,2.3384194228854938,2.222454908838861,2.062883499234762,1.8511243419840464,1.576606009391734
1512.0,2.5499988338360784,2.5499982923327957,2.5499960272737727,2.5499894130037846,2.5499712143919044,2.5499230441699585,2.549800744834929,2.549504162432499,2.5488194281009204,2.547317942112787,2.544196092101044,2.538048348613011,2.5265881815916633,2.5063653422065593,2.4725633421899573,2.4189757284856577,2.338229207711275,2.2222287570266324,2.0626329298049004,1.8508666705186945,1.5763616502420135
1513.0,2.5499988237402293,2.5499982782372794,2.5499959973300057,2.549989340629127,2.5499710366660384,2.549922617375297,2.549799758477825,2.549501987168872,2.5488148744956156,2.5473089270570877,2.5441792591382897,2.538018767899757,2.526539340249145,2.5062896712649425,2.472453446342948,2.4188262606545874,2.3380390167418597,2.222002670566655,2.0623824624628164,1.8506091232035604,1.5761174128694586
1514.0,2.5499988135690823,2.5499982640420806,2.5499959671958146,2.5499892678452647,2.5499708580535008,2.5499221887199464,2.5497987684078036,2.5494998049379873,2.548810308702154,2.5472998922910297,2.5441623969933485,2.537989148147548,2.5264904526987615,2.5062139538728285,2.4723435148968695,2.4186767813426644,2.3378488500132475,2.221776649439078,2.0621320971283152,1.8503516999141627,1.5758732972084177
1515.0,2.5499988033221737,2.5499982497466216,2.5499959368702325,2.5499891946504145,2.5499706785510323,2.549921758198276,2.5497977746159197,2.5494976157271436,2.5488057307050966,2.5472908378000523,2.5441455056593485,2.5379594893661728,2.5264415189746723,2.5061381900899287,2.4722335479270092,2.418527290619141,2.3376587075613076,2.221550693624014,2.0618818337213254,1.8500944005258075,1.5756293031902613
1516.0,2.549998792999037,2.5499982353503223,2.5499959063522883,2.549989121042788,2.5499704981553704,2.5499213258046485,2.5497967770932237,2.549495419523642,2.54880114048902,2.5472817635696323,2.5441285851294726,2.5379297915654724,2.5263925391110535,2.50606237997591,2.4721235455085417,2.418377788553118,2.3374685894217775,2.2213248031015365,2.061631672161896,1.8498372249136321,1.5753854307435526
1517.0,2.5499987825992037,2.549998220852601,2.549995875641008,2.5499890470205915,2.549970316863242,2.5499208915334184,2.5497957758307597,2.549493216314784,2.548796538038519,2.547272669585283,2.5441116353969533,2.5379000547553354,2.5263435131421006,2.5059865235903973,2.472013507716533,2.4182282752135458,2.337278495630266,2.221098977851684,2.061381612370196,1.8495801729526467,1.5751416797942133
1518.0,2.549998772122202,2.549998206252872,2.549995844735413,2.549988972582027,2.5499701346713706,2.5499204553789334,2.5497947708195654,2.5494910060878766,2.5487919233382064,2.5472635558325547,2.544094656455076,2.5378702789457015,2.5262944411020265,2.505910620992972,2.471903434625933,2.418078750669222,2.33708842622225,2.2208732178544563,2.061131654266507,1.8493232445177703,1.574898050265675
1519.0,2.5499987615675606,2.549998191550548,2.549995813634523,2.54998889772529,2.5499699515764696,2.5499200173355323,2.5497937620506756,2.5494887888302267,2.5487872963727103,2.547254422297033,2.544077648297177,2.537840464146559,2.5262453230250603,2.5058346722431715,2.4717933263115848,2.4179292149887956,2.336898381233078,2.220647523089819,2.060881797771225,1.8490664394838658,1.5746545420790272
1520.0,2.5499987509348037,2.5499981767450377,2.549995782337352,2.5499888224485727,2.5499697675752464,2.5499195773975476,2.549792749515118,2.5494865645291442,2.548782657126677,2.54724526896434,2.544060610916645,2.5378106103679463,2.52619615894545,2.5057586774004923,2.4716831828482175,2.4177796682407644,2.3367083606979686,2.2204218935377003,2.060632042804855,1.8488097577257694,1.5744111551531523
1521.0,2.5499987402234536,2.54999816183575,2.549995750842911,2.549988746750062,2.5499695826644033,2.549919135559304,2.5497917332039166,2.549484333171942,2.54877800558477,2.547236095820135,2.5440435443069194,2.5377807176199494,2.5261469488974586,2.5056826365243863,2.471573004310449,2.417630110493475,2.336518364652014,2.2201963291779934,2.0603823892880095,1.84855319911832,1.574167889404855
1522.0,2.549998729433031,2.5499981468220887,2.5499957191502087,2.549988670627938,2.5499693968406345,2.5499186918151175,2.549790713108089,2.5494820947459367,2.5487733417316694,2.5472269028501136,2.5440264484614925,2.5377507859127038,2.52609769291537,2.505606549674261,2.471462790772787,2.417480541815127,2.3363283931301746,2.219970829990557,2.0601328371414054,1.8482967635363852,1.5739247447489846
1523.0,2.549998718563053,2.549998131703455,2.5499956872582503,2.5499885940803777,2.5499692101006284,2.5499182461592986,2.5497896892186467,2.549479849238444,2.548768665552073,2.547217690040008,2.544009323373907,2.537720815256396,2.5260483910334823,2.5055304169094814,2.4713525423096283,2.417330962273769,2.3361384461672854,2.2197453959552167,2.0598833862858634,1.848040450854886,1.57368172109855
1524.0,2.5499987076130375,2.549998116479249,2.5499956551660365,2.5499885171055516,2.5499690224410645,2.5499177985861485,2.549788661526598,2.5494775966367844,2.548763977030696,2.5472084573755867,2.5439921690377574,2.5376908056612586,2.525999043286111,2.5054542382893707,2.4712422589952587,2.4171813719373008,2.335948523798053,2.219520027051762,2.059634036642305,1.8477842609488178,1.5734388183648282
1525.0,2.5499986965824966,2.549998101148868,2.5499956228725633,2.5499884397016257,2.5499688338586184,2.5499173490899616,2.549787630022944,2.5494753369282823,2.5487592761522717,2.5471992048426526,2.5439749854466887,2.5376607571375738,2.525949649707586,2.5053780138732056,2.4711319409038537,2.417031770873474,2.3357586260570558,2.2192947232599503,2.059384788131747,1.8475281936932695,1.5731960364574658
1526.0,2.549998685470943,2.5499980857117066,2.549995590376826,2.54998836186676,2.549968644349956,2.549916897665025,2.549786594698683,2.549473070100262,2.548754562901549,2.547189932427048,2.5439577725943985,2.537630669695672,2.525900210332258,2.5053017437202207,2.4710215881094766,2.4168821591498917,2.3355687529787477,2.219069484559505,2.0591356406753056,1.8472722489634432,1.5729533752845761
1527.0,2.549998674277885,2.5499980701671565,2.5499955576778137,2.549988283599111,2.5499684539117373,2.5499164443056173,2.5497855555448057,2.5494707961400525,2.5487498372632955,2.5471806401146493,2.543940530474635,2.5376005433459303,2.525850725194489,2.5052254278896062,2.4709112006860816,2.416732536834008,2.3353789045974533,2.2188443109301175,2.05888659419419,1.8470164266346698,1.5727108347528325
1528.0,2.5499986630028295,2.5499980545146066,2.5499955247745136,2.5499882048968283,2.5499682625406166,2.5499159890060112,2.549784512552299,2.549468515034986,2.548745099222296,2.5471713278913706,2.5439232590811964,2.537570378098777,2.5258011943286602,2.5051490664405094,2.4708007787075146,2.4165829039931315,2.335189080947374,2.2186192023514457,2.0586376486097024,1.8467607265824235,1.5724684147675505
1529.0,2.5499986516452817,2.5499980387534436,2.549995491665909,2.549988125758058,2.549968070233241,2.549915531760471,2.549783465712145,2.5494662267723958,2.5487403487633524,2.5471619957431617,2.543905958407932,2.537540173964685,2.525751617769168,2.5050726594320336,2.470690322247509,2.4164332606944208,2.334999282062583,2.2183941588031177,2.0583888038432345,1.8465051486823365,1.5722261152327712
1530.0,2.549998640204744,2.549998022883051,2.5499954583509785,2.5499880461809403,2.54996787698625,2.549915072563253,2.54978241501532,2.5494639313396186,2.5487355858712846,2.54715264365601,2.5438886284487436,2.5375099309541773,2.5257019955504236,2.5049962069232365,2.470579831379687,2.4162836070048876,2.3348095079770297,2.218169180264727,2.058140059816269,1.8462496928102097,1.5719839360513388
1531.0,2.549998628680715,2.5499980069028108,2.5499954248286993,2.54998796616361,2.5499676827962774,2.5499146114086084,2.549781360452796,2.549461628723994,2.54873081053093,2.5471432716159375,2.5438712691975827,2.5374796490778233,2.525652327706854,2.504919708973135,2.470469306177564,2.4161339429913986,2.3346197587245383,2.217944266715838,2.057891416450375,1.8459943588420253,1.5717418771249716
1532.0,2.549998617072694,2.549997990812102,2.549995391098041,2.5499878857041973,2.549967487659949,2.5499141482907794,2.54978030201554,2.5494593189128665,2.5487260227271435,2.547133879609003,2.5438538806484505,2.5374493283462396,2.525602614272903,2.5048431656407,2.4703587467145436,2.4159842687206727,2.3344300343388085,2.2177194181359816,2.0576428736672097,1.845739146653956,1.5714999383543322
1533.0,2.5499986053801753,2.5499979746103003,2.5499953571579748,2.549987804800827,2.5499672915738856,2.5499136832039992,2.5497792396945136,2.5494570018935807,2.548721222444797,2.547124467621302,2.543836462795399,2.537418968770091,2.525552855283028,2.5047665769848577,2.47024815306392,2.4158345842592834,2.334240334853415,2.2174946345046602,2.057394431388513,1.8454840561223735,1.5712581196390887
1534.0,2.5499985936026537,2.549997958296779,2.549995323007465,2.5499877234516193,2.5499670945346993,2.549913216142497,2.5497781734806737,2.549454677653485,2.548716409668781,2.5471150356389667,2.543819015632533,2.5373885703600885,2.525503050771701,2.5046899430644918,2.4701375252988798,2.415684889673659,2.3340506603018105,2.217269915801345,2.0571460895361087,1.845229087123857,1.5710164208779802
1535.0,2.5499985817396187,2.5499979418709096,2.549995288645473,2.5499876416546874,2.5499668965389963,2.5499127471004925,2.5497771033649728,2.549452346179933,2.548711584384003,2.547105583648165,2.5438015391540056,2.537358133126989,2.5254532007734114,2.5046132639384404,2.470026863492498,2.4155351850300795,2.3338610107173223,2.2170452620054757,2.0568978480319053,1.8449742395352,1.5707748419688707
1536.0,2.5499985697905596,2.5499979253320597,2.5499952540709554,2.5499875594081423,2.5499666975833764,2.5499122760721997,2.549776029338358,2.549450007460279,2.5487067465753888,2.547096111635101,2.5437840333540214,2.5373276570816,2.5254033053226603,2.504536539665499,2.469916167717741,2.415385470394682,2.333671386133155,2.2168206730964624,2.0566497067978915,1.8447195132334169,1.5705333828088064
1537.0,2.549998557754962,2.549997908679595,2.549995219282867,2.5499874767100867,2.549966497664431,2.549911803051822,2.549774951391772,2.54944766148188,2.5487018962278816,2.547086619586015,2.5437664982268333,2.537297142234772,2.5253533644539643,2.504459770304416,2.4698054380474663,2.4152357458334577,2.3334817865823925,2.2165961490536863,2.0564016657561357,1.8444649080957485,1.5702920432940652
1538.0,2.549998545632311,2.5499978919128785,2.549995184280159,2.5499873935586206,2.5499662967787473,2.5499113280335584,2.549773869516152,2.5494453082320994,2.5486970333264414,2.547077107487184,2.5437489337667474,2.5372665885974035,2.5253033782018557,2.504382955913898,2.469694674554423,2.415086011412253,2.333292212097995,2.2163716898565,2.0561537248287873,1.8442104239996673,1.5700508233202068
1539.0,2.5499985334220856,2.5499978750312713,2.5499951490617776,2.5499873099518378,2.549966094922904,2.5499108510115995,2.549772783702431,2.549442947698301,2.548692157856048,2.5470675753249212,2.543731339968116,2.537235996180438,2.5252533466008797,2.5043060965526056,2.46958387731125,2.4149362671967705,2.333102662712801,2.2161472954842254,2.0559058839380753,1.84395606082288,1.5698097227821182
1540.0,2.549998521123768,2.54999785803413,2.5499951136266663,2.5499872258878264,2.549965892093474,2.549910371980131,2.5497716939415374,2.5494405798678543,2.5486872698016985,2.5470580230855755,2.5437137168253448,2.537205364994867,2.5252032696855955,2.5042291922791566,2.4694730463904793,2.4147865132525697,2.3329131384595274,2.215922965916156,2.055658143006304,1.843701818443333,1.5695687415740567
1541.0,2.549998508736833,2.549997840920809,2.549995077973764,2.5499871413646704,2.549965688287022,2.5499098909333275,2.549770600224396,2.549438204728129,2.548682369148407,2.547048450755532,2.5436960643328885,2.5371746950517258,2.5251531474905766,2.5041522431521224,2.4693621818645326,2.4146367496450654,2.3327236393707693,2.2156987011315543,2.055410501955858,1.8434476967392148,1.569327879589692
1542.0,2.5499984962607547,2.5499978236906613,2.549995042102007,2.5499870563804476,2.5499654835001064,2.5499094078653592,2.5497695025419236,2.5494358222665,2.548677455881205,2.5470388583212142,2.543678382485251,2.5371439863620977,2.52510298005041,2.504075249230031,2.4692512838057246,2.4144869764395267,2.3325341654790033,2.2154745011096573,2.0551629607091977,1.8431936955889596,1.569087136722144
1543.0,2.549998483695007,2.5499978063430353,2.549995006010327,2.5499869709332326,2.5499652777292807,2.5499089227703875,2.5497684008850356,2.5494334324703467,2.5486725299851445,2.547029245769079,2.5436606712769856,2.5371132389371103,2.5250527673996976,2.5039982105713636,2.46914035228626,2.4143371937010834,2.332344716816584,2.2152503658296725,2.054915519188859,1.8429398148712484,1.56884651286402
1544.0,2.5499984710390597,2.5499977888772793,2.549994969697654,2.549986885021092,2.5499650709710897,2.5499084356425676,2.549767295244642,2.5494310353270495,2.5486675914452928,2.5470196130856193,2.543642930702697,2.537082452787938,2.5250025095730533,2.5039211272345594,2.469029387378237,2.4141874014947198,2.3321552934157457,2.215026295270779,2.0546681773174544,1.8426860544650103,1.5686060079074509
1545.0,2.549998458292379,2.5499977712927366,2.5499949331629117,2.5499867986420894,2.549964863222072,2.549907946476048,2.5497661856116487,2.549428630823994,2.5486626402467367,2.5470099602573675,2.543625160757037,2.537051627925799,2.524952206605103,2.5038439992780117,2.468918389153645,2.414037599885279,2.3319658953086035,2.214802289412126,2.054420935017672,1.8424324142494268,1.5683656217441209
1546.0,2.54999844545443,2.5499977535887486,2.5499948964050208,2.549986711794282,2.5499646544787593,2.549907455264967,2.5497650719769553,2.5494262189485695,2.5486576763745803,2.54700028727089,2.5436073614347086,2.5370207643619582,2.524901858530488,2.503766826760069,2.468807357684365,2.413887788937463,2.331776522527154,2.2145783482328385,2.054173792212273,1.8421788941039297,1.5681253542653015
1547.0,2.5499984325246765,2.549997735764655,2.5499948594228994,2.5499866244757223,2.5499644447376766,2.54990696200346,2.5497639543314583,2.5494237996881677,2.5486526998139465,2.5469905941127884,2.5435895327304645,2.536989862107725,2.5248514653838625,2.503689609739034,2.4686962930421728,2.413737968715829,2.3315871751032744,2.214354471712012,2.0539267488240958,1.8419254939082033,1.5678852053618806
1548.0,2.5499984195025767,2.5499977178197897,2.549994822215462,2.549986536684458,2.549964233995343,2.5499064666856524,2.5497628326660497,2.5494213730301842,2.5486477105499756,2.546980880769702,2.543571674639106,2.536958921174453,2.5248010271998926,2.503612348273165,2.468585195298732,2.4135881392847947,2.331397853068724,2.214130659828714,2.053679804776051,1.8416722135421857,1.5676451749243885
1549.0,2.5499984063875902,2.5499976997534874,2.549994784781617,2.5499864484185304,2.54996402224827,2.5499059693056636,2.5497617069716174,2.5494189389620194,2.5486427085678263,2.5469711472283065,2.5435537871554836,2.536927941573542,2.5247505440132563,2.503535042420676,2.4684740645256036,2.4134383007086355,2.3312085564551435,2.2139069125619852,2.0534329599911247,1.841419052886068,1.567405262843026
1550.0,2.549998393179172,2.5499976815650776,2.549994747120272,2.549986359675977,2.549963809492962,2.5499054698576056,2.549760577239043,2.5494164974710767,2.5486376938526747,2.546961393475312,2.543535870274497,2.536896923316436,2.524700015858645,2.5034576922397354,2.4683629007942374,2.413288453051486,2.3310192852940554,2.21368322989084,2.053186214392376,1.8411660118202948,1.5671654690076884
1551.0,2.549998379876774,2.549997663253889,2.5499947092303294,2.5499862704548297,2.549963595725918,2.5499049683355834,2.549759443459207,2.549414048544762,2.5486326663897167,2.5469516194974657,2.543517923991095,2.5368658664146224,2.524649442770763,2.503380297788465,2.4682517041759775,2.4131385963773404,2.3308300396168655,2.213459611794264,2.0529395679029365,1.8409130902255646,1.566925793307991
1552.0,2.549998366479848,2.5499976448192463,2.549994671110687,2.549986180753115,2.549963380943629,2.5499044647336935,2.5497583056229827,2.549411592170487,2.548627626164165,2.5469418252815506,2.5434999483002754,2.5368347708796337,2.524598824784325,2.5033028591249433,2.4681404747420617,2.4129887307500524,2.330640819454863,2.213236058251217,2.0526930204460148,1.840660287982828,1.5666862356332885
1553.0,2.5499983529878407,2.5499976262604718,2.549994632760241,2.549986090568853,2.549963165142581,2.5499039590460275,2.54975716372124,2.5494091283356672,2.5486225731612513,2.546932010814387,2.5434819431970856,2.536803636723047,2.5245481619340597,2.5032253763072045,2.468029212563618,2.412838856233335,2.3304516248392195,2.2130125692406315,2.0524465719448894,1.8404076049732883,1.566446795872699
1554.0,2.5499983394001995,2.5499976075768847,2.5499945941778823,2.5499859999000605,2.549962948319251,2.5499034512666685,2.549756017744845,2.5494066570277196,2.548617507366225,2.5469221760828296,2.54346390867662,2.5367724639564835,2.524497454254707,2.5031478493932346,2.4679179177116706,2.412688972890763,2.330262455800992,2.212789144741414,2.0522002223229134,1.8401550410784007,1.566207473915121
1555.0,2.5499983257163676,2.549997588767802,2.5499945553625,2.5499859087447487,2.5499627304701113,2.5499029413896945,2.5497548676846598,2.549404178234067,2.548612428764355,2.5469123210737696,2.5434458447340234,2.536741252591607,2.5244467017810184,2.5030702784409744,2.467806590257136,2.4125390807857703,2.3300733123711193,2.2125657847324436,2.0519539715035147,1.839902596179872,1.5659682696492554
1556.0,2.5499983119357843,2.549997569832537,2.5499945163129762,2.5499858171009233,2.549962511591626,2.5499024294091743,2.54975371353154,2.549401691942137,2.548607337340927,2.5469024457741347,2.5434277513644887,2.536710002640126,2.524395904547755,2.5029926635083233,2.467695230270824,2.4123891799816515,2.3298841945804267,2.2123424891925736,2.0517078194101916,1.8396502701596589,1.565729182963622
1557.0,2.549998298057889,2.5499975507704002,2.5499944770281924,2.549985724966585,2.5499622916802527,2.549901915319171,2.5497525552763403,2.5493991981393584,2.5486022330812457,2.5468925501708886,2.5434096285632575,2.5366787141137928,2.524345062589693,2.502915004653131,2.4675838378234376,2.412239270541562,2.3296951024596244,2.2121192581006315,2.051461765966518,1.839398062899967,1.5654902137465774
1558.0,2.5499982840821174,2.5499975315807024,2.549994437507025,2.549985632339728,2.5499620707324437,2.5499013991137396,2.54975139290991,2.549396696813167,2.5485971159706344,2.546882634251031,2.543391476325619,2.5366473870244026,2.524294175941619,2.502837301933203,2.4674724129855727,2.4120893525285205,2.329506036039306,2.2118960914354178,2.051215811096139,1.8391459742832508,1.5652513618863286
1559.0,2.549998270007903,2.5499975122627467,2.5499943977483466,2.5499855392183424,2.549961848744644,2.5499008807869297,2.5497502264230922,2.5493941879510005,2.5485919859944346,2.546872698001598,2.5433732946469125,2.536616021383794,2.524243244638327,2.5027595554063,2.4673609558277203,2.411939426005404,2.329316995349953,2.2116729891757085,2.0509699547227753,1.8388940041922106,1.5650126272709524
1560.0,2.549998255834678,2.5499974928158373,2.549994357751026,2.5499854456004134,2.549961625713292,2.5499003603327823,2.5497490558067297,2.5493916715403016,2.548586843138006,2.54686274140966,2.5433550835225236,2.536584617203849,2.5241922687146254,2.502681765130136,2.4672494664202653,2.411789491034956,2.3291279804219314,2.2114499513002515,2.05072419677022,1.8386421525097933,1.564774009788406
1561.0,2.5499982415618683,2.549997473239274,2.5499943175139284,2.549985351483921,2.549961401634818,2.549899837745332,2.5497478810516587,2.5493891475685166,2.548581687386727,2.5468527644623244,2.543336842947887,2.5365531744964924,2.5241412482053334,2.50260393116238,2.4671379448334863,2.4116395476797785,2.328938991285493,2.2112269777877698,2.0504785371623386,1.838390419119197,1.564535510024887
1562.0,2.549998227188901,2.549997453532353,2.5499942770359145,2.549985256866838,2.549961176505647,2.549899313018608,2.5497467021487115,2.549386616023097,2.5485765187259957,2.546842767146735,2.543318572918486,2.5365216932736923,2.5240901831452796,2.5025260535606546,2.467026391137556,2.4114895960023373,2.328750027970778,2.2110040686169623,2.0502329758230733,1.8381388039040214,1.5642971287321548
1563.0,2.5499982127152,2.5499974336943696,2.5499942363158428,2.5499851617471347,2.549960950322197,2.549898786146631,2.5497455190887175,2.5493840768914993,2.5485713371412264,2.546832749450072,2.5433002734298515,2.536490173547458,2.5240390735693037,2.502448132382539,2.466914805402541,2.4113396360649615,2.3285610905078125,2.2107812237665003,2.0499875126764366,1.8378873067484727,1.5640588657456018
1564.0,2.5499981981401856,2.549997413724615,2.5499941953525664,2.5499850661227748,2.5499607230808796,2.549898257123415,2.5497443318625015,2.549381530161181,2.548566142617853,2.5468227113595496,2.5432819444775623,2.536458615329843,2.523987919512256,2.5023701676855628,2.4668031876984036,2.411189667929843,2.3283721789265104,2.2105584432150303,2.049742147646517,1.8376359275373597,1.563820720903096
1565.0,2.549998183463277,2.5499973936223777,2.549994154144936,2.549984969991715,2.5499604947781,2.549897725942967,2.549743140460884,2.5493789758196073,2.548560935141329,2.546812652862419,2.543263586057246,2.536427018632942,2.5239367210089965,2.5022921595272134,2.4666915380949996,2.411039691659036,2.328183293256673,2.2103357269411736,2.049496880657477,1.8373846661560544,1.5635826940448547
1566.0,2.54999816868389,2.5499973733869434,2.549994112691797,2.5499848733519115,2.5499602654102547,2.5498971925992877,2.549741944874683,2.5493764138542447,2.548555714697125,2.5468025739459677,2.5432451981645765,2.5363953834688937,2.5238854780943956,2.50221410796493,2.46657985666208,2.4108897073144604,2.327994433527991,2.2101130749235267,2.0492517116335542,1.8371335224904548,1.563344785013324
1567.0,2.5499981538014374,2.5499973530175946,2.5499940709919935,2.5499847762013106,2.549960034973736,2.549896657086371,2.549740745094711,2.5493738442525666,2.548550481270731,2.5467924745975172,2.543226780795276,2.5363637098498772,2.523834190803333,2.502136013056106,2.466468143469289,2.4107397149578995,2.327805599770042,2.2098904871406595,2.049006640499061,1.8368824964269517,1.5631069936530682
1568.0,2.5499981388153308,2.549997332513612,2.549994029044362,2.5499846785378555,2.549959803464929,2.5498961193982033,2.5497395411117774,2.549371267002051,2.5485452348476554,2.5467823548044284,2.543208333945115,2.5363319977881145,2.5237828591706997,2.5020578748580897,2.4663563985861687,2.410589714651,2.327616792012293,2.2096679635711185,2.0487616671783853,1.8366315878523989,1.5628693198106633
1569.0,2.549998123724979,2.5499973118742734,2.549993986847739,2.549984580359484,2.549959570880213,2.5498955795287657,2.549738332916687,2.549368682090178,2.5485399754134255,2.546772214554094,2.5431898576099106,2.5363002472958684,2.5237314832313946,2.501979693428183,2.466244622082154,2.4104397064552736,2.3274280102841,2.2094455041934253,2.0485167915959934,1.8363807966540835,1.5626317633345974
1570.0,2.5499981085297883,2.5499972910988515,2.549993944400955,2.549984481664128,2.5499593372159572,2.5498950374720306,2.5497371205002426,2.5493660895044337,2.5485347029535874,2.546762053833945,2.543171351785527,2.536268458385444,2.5236800630203264,2.5019014688236414,2.466132814026576,2.410289690432098,2.3272392546147094,2.2092231089860754,2.048272013676428,1.8361301227196996,1.5623943240751756
1571.0,2.5499980932291604,2.5499972701866196,2.549993901702836,2.5499843824497153,2.5499591024685273,2.5498944932219643,2.549735903853242,2.549363489232308,2.5485294174537056,2.546751872631448,2.5431528164678774,2.5362366310691886,2.523628598572414,2.5018232011016757,2.4660209744886608,2.4101396666427135,2.327050525033256,2.2090007779275393,2.04802733334431,1.8358795659373237,1.562157001884433
1572.0,2.5499980778224973,2.5499972491368457,2.549993858752207,2.5499842827141666,2.5499588666342823,2.549893946772528,2.54973468296648,2.549360881261298,2.5485241188993633,2.5467416709341046,2.5431342516529214,2.5362047653594897,2.523577089922585,2.5017448903194484,2.465909103537529,2.4099896351482286,2.3268618215687655,2.208778510996265,2.0477827505243402,1.8356291261953939,1.5619197966160492
1573.0,2.549998062309196,2.5499972279487952,2.5499938155478863,2.5499841824553995,2.5499586297095727,2.5498933981176726,2.549733457830747,2.5493582655789018,2.5485188072761624,2.546731448729452,2.5431156573366644,2.5361728612687764,2.523525537105777,2.501666536534077,2.4657972012421996,2.4098395960096166,2.3266731442501545,2.208556308170675,2.047538265141296,1.8353788033826874,1.5616827081252695
1574.0,2.549998046688653,2.5499972066217307,2.54999377208869,2.5499840816713255,2.5499583916907445,2.5498928472513462,2.5497322284368296,2.549355642172624,2.5485134825697253,2.5467212060050652,2.5430970335151617,2.5361409188095196,2.523473940156934,2.5015881398026325,2.4656852676715855,2.4096895492877164,2.3264844931062307,2.2083341694291665,2.0472938771200377,1.8351285973883018,1.561445736268832
1575.0,2.54999803096026,2.549997185154913,2.54999372837343,2.549983980359849,2.549958152574136,2.5498922941674875,2.5497309947755116,2.549353011029973,2.548508144765691,2.546710942748552,2.5430783801845136,2.5361089379942308,2.5234222991110125,2.5015097001821403,2.4655733028944944,2.4095394950432327,2.3262958681656913,2.208112094750114,2.0470495863855063,1.834878508101637,1.5612088809048958
1576.0,2.5499980151234096,2.549997163547599,2.5499936844009135,2.5499838785188724,2.5499579123560796,2.5498917388600293,2.549729756837573,2.549350372138463,2.5485027938497185,2.5467006589475574,2.5430596973408677,2.536076918835462,2.5233706140029737,2.5014312177295785,2.465461306979632,2.409389433336739,2.326107269457129,2.207890084111866,2.0468053928627237,1.8346285354123804,1.560972141892974
1577.0,2.5499979991774886,2.549997141799042,2.5499936401699452,2.5499837761462905,2.549957671032899,2.5498911813228986,2.5497285146137907,2.549347725485614,2.548497429807485,2.5466903545897623,2.5430409849804185,2.536044861345806,2.5233188848677894,2.5013526925018796,2.4653492799955985,2.4092393642286734,2.3259186970090227,2.2076681374927487,2.0465612964767943,1.8343786792104895,1.5607355190938732
1578.0,2.549997983121882,2.549997119908494,2.549993595679325,2.549983673239994,2.5499574286009143,2.5498906215500154,2.5497272680949368,2.5493450710589474,2.5484920526246877,2.5466800296628835,2.5430222430994083,2.536012765537896,2.52326711174044,2.5012741245559296,2.465237222010892,2.409089287779343,2.3257301508497488,2.207446254871064,2.0463172971529047,1.8341289393861808,1.560499012369632
1579.0,2.549997966955973,2.5499970978752033,2.5499935509278497,2.5499835697978677,2.5499571850564364,2.549890059535292,2.5497260172717797,2.5493424088459915,2.5484866622870426,2.5466696841546717,2.543003471694124,2.535980631424406,2.5232152946559143,2.5011955139485664,2.465125133093906,2.408939204048921,2.3255416310075727,2.207224436225089,2.046073394816327,1.8338793158299158,1.5602626215834667
1580.0,2.549997950679142,2.5499970756984154,2.5499935059143115,2.549983465817791,2.5499569403957714,2.5498894952726348,2.5497247621350865,2.549339738834279,2.5484812587802823,2.546659318052915,2.542984670760901,2.5359484590180497,2.523163433649208,2.501116860736584,2.465013013312931,2.4087891130974493,2.3253531375106546,2.2070026815330777,2.0458295893924157,1.8336298084323897,1.5600263465997175
1581.0,2.549997934290766,2.549997053377372,2.549993460637499,2.549983361297639,2.549956694615218,2.5498889287559443,2.5497235026756195,2.5493370610113493,2.548475842090162,2.5466489313454383,2.5429658402961204,2.5359162483315805,2.523111528755325,2.5010381649767286,2.464900862736154,2.4086390149848365,2.325164670387048,2.206780990773261,2.0455858808066107,1.8333804170845203,1.5597901872837996
1582.0,2.54999791779022,2.5499970309113134,2.549993415096197,2.5499832562352798,2.549956447711069,2.5498883599791125,2.5497222388841374,2.5493343753647455,2.548470412202454,2.546638524020098,2.542946980296209,2.5358839993777935,2.523059580009277,2.5009594267256996,2.4647886814316577,2.4084889097708606,2.3249762296646987,2.2065593639238443,2.045342268984438,1.833131141677438,1.5595541435021556
1583.0,2.549997901176877,2.5499970082994756,2.549993369289186,2.549983150628577,2.54995619967961,2.5498877889360276,2.549720970751397,2.5493316818820144,2.54846496910295,2.54662809606479,2.542928090757641,2.535851712169523,2.523007587446084,2.5008806460401507,2.464676469467423,2.4083387975151687,2.324787815371448,2.2063378009630124,2.0450987538515077,1.8328819821024789,1.5593182151222114
1584.0,2.549997884450106,2.549996985541092,2.549993323215243,2.54998304447539,2.54995595051712,2.549887215620569,2.549719698268149,2.54932898055071,2.54845951277746,2.5466176474674436,2.542909171676937,2.5358193867196417,2.5229555511007735,2.500801822976687,2.4645642269113277,2.4081886782772757,2.32459942753503,2.2061163018689247,2.044855335333518,1.8326329382511737,1.5590824020123326
1585.0,2.5499978676092736,2.5499969626353938,2.549993276873141,2.549982937773573,2.5499557002198716,2.54988664002661,2.549718421425144,2.5493262713583893,2.548454043211814,2.546607178216024,2.5428902230506636,2.535787023041063,2.5229034710083793,2.5007229575918695,2.464451953831147,2.408038552116566,2.3244110661830746,2.2058948666197193,2.044612013356252,1.8323840100152424,1.558846704041788
1586.0,2.5499978506537446,2.5499969395816082,2.549993230261648,2.5499828305209724,2.549955448784131,2.549886062148018,2.5497171402131262,2.549323554292616,2.548448560391861,2.5465966882985325,2.5428712448754327,2.5357546211467388,2.522851347203944,2.5006440499422102,2.464339650294552,2.407888419092294,2.324222731343106,2.20567349519351,2.044368787845581,1.8321351972865865,1.5586111210807088
1587.0,2.5499978335828803,2.54999691637896,2.5499931833795313,2.5499827227154315,2.5499551962061577,2.5498854819786545,2.549715854622839,2.549320829340959,2.548443064303469,2.546586177703005,2.542852237147903,2.5357221810496613,2.522799179722516,2.500565100084176,2.464227316369112,2.407738279263583,2.3240344230425434,2.205452187568388,2.044125658727465,1.8318864999572821,1.5583756530000554
1588.0,2.549997816396041,2.5499968930266714,2.5499931362255506,2.549982614354788,2.5499549424822057,2.5498848995123726,2.549714564645021,2.5493180964909903,2.548437554932525,2.5465756464175153,2.5428331998647793,2.535689702762861,2.522746968599152,2.5004861080741865,2.4641149521222947,2.407588132689427,2.3238461413087017,2.2052309437224213,2.0438826259279503,1.8316379179195768,1.5581402996715819
1589.0,2.5499977990925813,2.5499968695239614,2.549993088798463,2.549982505436873,2.54995468760852,2.5498843147430206,2.5497132702704097,2.549315355730291,2.5484320322649365,2.5465650944301697,2.542814133022811,2.5356571862994075,2.5226947138689146,2.500407073968614,2.464002557621465,2.4074379794286904,2.323657886168792,2.2050097636336563,2.0436396893731708,1.831389451065881,1.5579050609678062
1590.0,2.549997781671856,2.5499968458700444,2.549993041097023,2.549982395959514,2.5499544315813414,2.5498837276644384,2.5497119714897365,2.5493126070464434,2.548426496286628,2.5465545217291115,2.542795036618794,2.53562463167241,2.5226424155668727,2.5003279978237845,2.4638901329338854,2.4072878195401066,2.323469657649921,2.2047886472801173,2.0433968489893504,1.8311410992887658,1.557669936761979
1591.0,2.5499977641332165,2.5499968220641342,2.5499929931199796,2.549982285920533,2.5499541743969023,2.549883138270462,2.549710668293732,2.5493098504270364,2.548420946983545,2.546543928302518,2.54277591064957,2.5355920388950155,2.5225900737281033,2.500248879695976,2.4637776781267164,2.4071376530822826,2.3232814557790924,2.2045675946398053,2.0431541047028006,1.8308928624809584,1.557434926928056
1592.0,2.54999774647601,2.5499967981054406,2.5499929448660783,2.5499821753177456,2.5499539160514306,2.54988254655492,2.549709360673123,2.549307085859666,2.54841538434165,2.5465333141386046,2.5427567551120274,2.53555940798041,2.522537688387688,2.500169719641421,2.4636651932670164,2.406987480113694,2.3230932805832074,2.2043466056906995,2.0429114564399224,1.8306447405353368,1.5572000313406704
1593.0,2.549997728699584,2.54999677399317,2.549992896334061,2.549982064148963,2.5499536565411463,2.549881952511635,2.5497080486186325,2.5493043133319304,2.5484098083469284,2.5465226792256197,2.5427375700030974,2.535526738941818,2.5224852595807157,2.5000905177163046,2.4635526784217423,2.4068373006926898,2.322905132089063,2.204125680410756,2.0426689041272055,1.8303967333449274,1.556965249875107
1594.0,2.5499977108032796,2.5499967497265255,2.549992847522665,2.549981952411991,2.5499533958622633,2.5498813561344225,2.5497067321209816,2.5493015328314366,2.548404218985381,2.546512023551848,2.5427183553197588,2.535494031792502,2.5224327873422827,2.5000112739767646,2.4634401336577487,2.406687114877488,2.322717010323353,2.203904818777911,2.042426447691228,1.830148840802902,1.5567305824072806
1595.0,2.549997692786438,2.5499967253047076,2.549992798430623,2.549981840104629,2.5499531340109893,2.5498807574170907,2.549705411170889,2.549298744345794,2.5483986162430305,2.546501347105609,2.5426991110590342,2.5354612865457624,2.5223802717074895,2.499931988478892,2.4633275590417902,2.4065369227261817,2.322528915312672,2.2036840207700776,2.0421840870586596,1.829901062802575,1.5564960288137104
1596.0,2.5499976746483974,2.5499967007269153,2.5499927490566656,2.5499817272246728,2.5499528709835237,2.5498801563534435,2.549704085759068,2.5492959478626216,2.548393000105919,2.546490649875257,2.5426798372179937,2.5354285032149377,2.5223277127114425,2.4998526612787315,2.463214954640519,2.4063867242967345,2.322340847083509,2.203463286365148,2.0419418221562573,1.8296533992374002,1.5562615889715001
1597.0,2.5499976563884914,2.5499966759923427,2.5499926993995192,2.5499816137699125,2.5499526067760634,2.5498795529372766,2.5497027558762313,2.5492931433695385,2.5483873705601066,2.546479931849184,2.542660533793749,2.535395681813405,2.5222751103892564,2.4997732924322786,2.4631023205204854,2.406236519646984,2.322152805662255,2.2032426155409928,2.0416996529108684,1.8294058500009687,1.5560272627583167
1598.0,2.5499976380060527,2.549996651100181,2.5499926494579053,2.549981499738131,2.549952341384794,2.5498789471623815,2.5497014215130873,2.5492903308541734,2.5483817275916736,2.546469193015815,2.5426412007834607,2.535362822354579,2.522222464776048,2.4996938819954835,2.4629896567481393,2.406086308834638,2.3219647910751973,2.203022008275461,2.0414575792494296,1.8291584149870073,1.5557930500523713
1599.0,2.549997619500411,2.5499966260496194,2.5499925992305412,2.549981385127109,2.5499520748058977,2.5498783390225412,2.549700082660342,2.549287510304159,2.548376071186719,2.5464584333636116,2.5426218381843317,2.5353299248519106,2.522169775906942,2.4996144300242484,2.4628769633898298,2.405936091917279,2.321776803348522,2.20280146454638,2.0412156010989677,1.828911094089376,1.5555589507324021
1600.0,2.5499976008708924,2.5499966008398434,2.5499925487161414,2.5499812699346194,2.54995180703555,2.549877728511534,2.5496987393086994,2.5492846817071335,2.548370401331362,2.5464476528810693,2.542602445993611,2.5352969893188892,2.522117043817068,2.499534936574429,2.4627642405118046,2.405785868952364,2.321588842508316,2.202580984331558,2.0409737183865975,1.8286638872020673,1.555324964677655
1601.0,2.5499975821168213,2.5499965754700344,2.549992497913415,2.5499811541584303,2.549951538069919,2.549877115623133,2.5496973914488588,2.5492818450507415,2.54836471801174,2.54643685155672,2.542583024208591,2.5352640157690427,2.522064268541561,2.499455401701832,2.4626514881802115,2.405635639997221,2.3214009085805665,2.202360567608781,2.0407319310395255,1.8284167942192044,1.5550910917678682
1602.0,2.5499975632375187,2.5499965499393733,2.5499924468210686,2.549981037796306,2.549951267905166,2.5498765003511012,2.549696039071517,2.5492790003226333,2.5483590212140133,2.546426029379131,2.5425635728266123,2.535231004215934,2.522011450115561,2.49937582546222,2.4625387064610966,2.405485405109054,2.321213001591157,2.2021402143558144,2.040490238985046,1.8281698150350398,1.5548573318832564
1603.0,2.549997544232303,2.5499965242470344,2.549992395437803,2.5499809208460036,2.549950996537447,2.549875882689199,2.54969468216737,2.549276147510464,2.548353310924358,2.546415186336903,2.5425440918450555,2.535197954673164,2.521958588574213,2.4992962079113044,2.462425895420406,2.4053351643449394,2.3210251215658753,2.2019199245504035,2.0402486421505435,1.8279229495439542,1.5546236849044963
1604.0,2.5499975251004905,2.549996498392193,2.5499923437623173,2.5499808033052758,2.549950723962912,2.5498752626311787,2.5496933207271097,2.549273286601896,2.5483475871289696,2.5464043224186734,2.5425245812613486,2.5351648671543705,2.521905683952666,2.4992165491047524,2.4623130551239867,2.4051849177618303,2.320837268530407,2.2016996981702737,2.0400071404634916,1.8276761976404554,1.5543901507127122
1605.0,2.549997505841393,2.5499964723740174,2.5499922917933042,2.54998068517187,2.5499504501777013,2.549874640170788,2.5496919547414256,2.5492704175845953,2.5483418498140664,2.5463934376131148,2.542505041072964,2.535131741673229,2.5218527362860756,2.499136849098183,2.462200185637582,2.405034665416553,2.3206494425103386,2.2014795351931284,2.039765733851453,1.8274295592191783,1.5541567291894631
1606.0,2.549997486454322,2.5499964461916758,2.5499922395294545,2.5499805664435278,2.5499501751779534,2.5498740153017665,2.5496905842010036,2.5492675404462353,2.5483360989658843,2.5463825319089337,2.5424854712774185,2.5350985782434496,2.5217997456096013,2.499057107947167,2.462087287026839,2.40488440736581,2.32046164353116,2.2012594355966533,2.0395244222420787,1.8271830341748831,1.5539234202167296
1607.0,2.549997466938584,2.5499964198443315,2.5499921869694533,2.5499804471179863,2.549949898959797,2.549873388017849,2.5496892090965284,2.5492646551744955,2.5483303345706774,2.546371605294873,2.5424658718722717,2.5350653768787814,2.5217467119584067,2.4989773257072287,2.461974359357302,2.404734143666177,2.320273871618262,2.2010393993585122,2.039283205563111,1.8269366224024561,1.553690223676902
1608.0,2.5499974472934843,2.549996393331145,2.5499921341119833,2.5499803271929755,2.549949621519356,2.549872758312764,2.5496878294186813,2.5492617617570597,2.5483245566147223,2.54636065775971,2.542446242855128,2.535032137593008,2.5216936353676602,2.4988975024338456,2.461861402694417,2.404583874374107,2.3200861267969337,2.2008194264563516,2.0390420837423804,1.8266903237969077,1.5534571394527696
1609.0,2.549997427518324,2.5499963666512757,2.5499920809557213,2.5499802066662225,2.549949342852747,2.5498721261802335,2.549686445158141,2.54925886018162,2.5483187650843133,2.5463496892922577,2.5424265842236378,2.5349988603999485,2.521640515872534,2.498817638182446,2.4617484171035304,2.404433599545928,2.3198984090923713,2.200599516867795,2.038801056707804,1.8264441382533734,1.5532241674275091
1610.0,2.5499974076124032,2.549996339803877,2.5499920274993415,2.5499800855354464,2.54994906295608,2.5498714916139744,2.549685056305584,2.5492559504358723,2.548312959965765,2.546338699881362,2.542406895975493,2.5349655453134607,2.521587353508205,2.49873773300841,2.4616354026498874,2.4042833192378437,2.31971071852967,2.2003796705704506,2.038560124387389,1.8261980656671117,1.5529913074846746
1611.0,2.5499973875750173,2.549996312788101,2.549991973741514,2.549979963798363,2.5499487818254596,2.5498708546076956,2.5496836628516837,2.5492530325075196,2.548307141245411,2.546327689515907,2.5423871781084304,2.534932192347437,2.521534148309855,2.4986577869670743,2.4615223593986366,2.4041330335059357,2.3195230551338284,2.200159887541904,2.0383192867092306,1.8259521059335067,1.5527585595081876
1612.0,2.5499973674054597,2.549996285603095,2.5499919196809038,2.549979841452683,2.5499484994569834,2.5498702151551016,2.549682264787112,2.54925010638427,2.548301308909604,2.546316658184809,2.542367430620231,2.534898801515805,2.521480900312667,2.4985778001137238,2.4614092874148246,2.40398274240616,2.3193354189297484,2.199940167759723,2.0380785436015127,1.8257062589480648,1.5525259233823283
1613.0,2.5499973471030204,2.5499962582480045,2.549991865316173,2.54997971849611,2.5499482158467424,2.5498695732498904,2.5496808621025377,2.5492471720538394,2.54829546294472,2.546305605877021,2.54234765350872,2.5348653728325297,2.521427609551831,2.498497772503598,2.4612961867634,2.403832445994352,2.319147809942234,2.199720511201457,2.0378378949925064,1.8254605246064166,1.5522933989917271
1614.0,2.549997326666989,2.5499962307219723,2.5499918106459796,2.549979594926344,2.5499479309908213,2.5498689288857546,2.5496794547886266,2.5492442295039486,2.5482896033371505,2.5462945325815296,2.5423278467717645,2.5348319063116103,2.5213742760625384,2.4984177041918882,2.4611830575092113,2.403682144326223,2.3189602281959942,2.199500917844636,2.0375973408105708,1.8252149028043163,1.5520609862213544
1615.0,2.5499973060966488,2.549996203024137,2.549991755668976,2.54997947074108,2.5499476448853,2.5498682820563796,2.5496780428360437,2.549241278722325,2.5482837300733094,2.5462834382873574,2.5423080104072775,2.5347984019670813,2.5213208998799845,2.498337595233738,2.461069899717009,2.4035318374573613,2.3187726737156407,2.199281387666772,2.0373568809841536,1.8249693934376416,1.5518286849565144
1616.0,2.5499972853912825,2.5499961751536344,2.549991700383812,2.5499793459380045,2.5499473575262495,2.5498676327554444,2.5496766262354496,2.5492383196967014,2.548277843139629,2.546272322983561,2.5422881444132144,2.5347648598130132,2.521267481039369,2.4982574456842435,2.460956713451445,2.4033815254432334,2.318585146525691,2.199061920645357,2.037116515441788,1.824723996402394,1.5515964950828374
1617.0,2.5499972645501696,2.549996147109597,2.549991644789133,2.549979220514802,2.549947068909736,2.5498669809766237,2.549675204977504,2.549235352414817,2.548271942522561,2.5462611866592333,2.5422682487875736,2.5347312798635127,2.5212140195758943,2.498177255598453,2.460843498777072,2.4032312083391827,2.3183976466505642,2.198842516757868,2.036876244112095,1.8244787115946985,1.5513644164862712
1618.0,2.5499972435725864,2.5499961188911544,2.549991588883582,2.549979094469149,2.549946779031819,2.5498663267135857,2.5496737790528643,2.549232376864418,2.5482660282085785,2.5462500293035,2.542248323528398,2.534697662132719,2.5211605155247656,2.4980970250313677,2.460730255758346,2.403080886200433,2.3182101741145855,2.198623175981761,2.036636066923782,1.8242335389108042,1.551132449053077
1619.0,2.549997222457807,2.5499960904974333,2.549991532665794,2.5499789677987192,2.5499464878885507,2.5498656699599924,2.549672348452185,2.549229393033256,2.5482601001841734,2.546238850905523,2.5422283686337734,2.5346640066348085,2.5211069689211913,2.4980167540379394,2.4606169844596204,2.402930559082085,2.318022728941986,2.1984038982944756,2.0363959838056447,1.8239884782470832,1.5509005926698192
1620.0,2.549997201205101,2.549996061927556,2.549991476134403,2.5499788405011796,2.5499461954759783,2.5498650107095004,2.549670913166118,2.549226400909091,2.5482541584358573,2.546227651454499,2.542208384101826,2.5346303133839907,2.521053379800384,2.4979364426730757,2.460503684945155,2.4027802270391185,2.3178353111569003,2.198184683673432,2.0361559946865637,1.8237435295000326,1.5506688472233618
1621.0,2.5499971798137366,2.5499960331806433,2.549991419288039,2.5499787125741924,2.5499459017901422,2.5498643489557606,2.549669473185315,2.549223400479686,2.548248202950162,2.5462164309396593,2.5421883699307313,2.534596582394512,2.5209997481975575,2.497856090991632,2.460390357279107,2.402629890126392,2.31764792078337,2.1979655320960347,2.035916099495505,1.8234986925662688,1.5504372121352807
1622.0,2.549997158282979,2.549996004255812,2.549991362125326,2.549978584015413,2.549945606827076,2.5498636846924154,2.549668028500423,2.5492203917328125,2.5482422337136392,2.546205189350269,2.5421683261187025,2.5345628136806506,2.520946074147929,2.497775699048418,2.4602770015255406,2.4024795483986434,2.317460557845341,2.1977464435396685,2.035676298161522,1.8232539673424282,1.5502056867168958
1623.0,2.549997136612091,2.549995975152174,2.549991304644885,2.549978454822494,2.5499453105828067,2.5498630179131045,2.549666579102088,2.5492173746562488,2.54823625071286,2.5461939266756293,2.5421482526639974,2.53452900725672,2.5208923576867184,2.497695266898197,2.4601636177484174,2.4023292019104905,2.317273222366667,2.197527417981703,2.035436590613753,1.82300935372503,1.54997427089064
1624.0,2.549997114800331,2.5499959458688415,2.5499912468453343,2.5499783249930807,2.5499450130533576,2.5498623486114598,2.549665124980953,2.549214349237778,2.548230253934416,2.5461826429050745,2.5421281495649173,2.5344951631370702,2.520838598849148,2.497614794595682,2.4600502060116045,2.4021788507164303,2.317085914371107,2.19730845539949,2.0351969767814206,1.822764851610479,1.549742964577545
1625.0,2.549997092846955,2.5499959164049213,2.549991188725284,2.549978194524813,2.5499447142347433,2.5498616767811084,2.5496636661276626,2.5492113154651905,2.5482242433649187,2.5461713380279756,2.542108016819805,2.534461281336082,2.520784797670442,2.4975342821955397,2.459936766378869,2.402028494870841,2.3168986338823268,2.1970895557703654,2.034957456593834,1.8225204608950911,1.5495117676973238
1626.0,2.5499970707512176,2.549995886759518,2.549991130283345,2.549978063415327,2.5499444141229706,2.5498610024156725,2.5496622025328537,2.5492082733262835,2.5482182189909994,2.546160012033736,2.542087854427047,2.534427361868172,2.520730954185827,2.497453729752387,2.4598232989138826,2.4018781344279794,2.3167113809239006,2.1968707190716468,2.0347180299803864,1.822276181475116,1.5492806801684529
1627.0,2.549997048512369,2.5499958569317314,2.5499910715181207,2.549977931662253,2.549944112714044,2.549860325508767,2.549660734187164,2.5492052228088613,2.5482121807993092,2.546148664911796,2.542067662385072,2.5343934047477896,2.5206770684305324,2.4973731373207957,2.4597098036802176,2.401727769441984,2.3165241555193066,2.196651945280634,2.0344786968705524,1.8220320132467585,1.5490497019082492
1628.0,2.5499970261296556,2.5499958269206586,2.5499910124282112,2.5499777992632144,2.549943810003958,2.549859646054001,2.549659261081231,2.549202163900733,2.5482061287765188,2.5461372966516276,2.5420474406923517,2.53435940998942,2.520623140439789,2.497292504955288,2.4595962807413505,2.401577399966874,2.316336957691933,2.196433234374612,2.034239457193892,1.821787956106198,1.5488188328329389
1629.0,2.549997003602323,2.549995796725394,2.5499909530122142,2.54997766621583,2.549943505988703,2.549858964044978,2.5496577832056864,2.549199096589716,2.548200062909319,2.546125907242741,2.5420271893474,2.5343253776075803,2.52056917024883,2.4972118327103394,2.4594827301606608,2.4014270260565502,2.316149787465075,2.196214586330851,2.034000310880048,1.821544009949606,1.5485880728577268
1630.0,2.5499969809296137,2.5499957663450297,2.549990893268721,2.549977532517715,2.549943200664262,2.549858279475296,2.5496563005511623,2.549196020863633,2.5481939831844223,2.5461144966746776,2.542006908348773,2.5342913076168214,2.5205151578928895,2.4971311206403746,2.4593691520014294,2.4012766477647927,2.3159626448619366,2.1959960011266015,2.033761257858745,1.8213001746731643,1.548357421896861
1631.0,2.549996958110766,2.5499957357786522,2.54999083319632,2.549977398166477,2.5499428940266133,2.549857592338548,2.549654813108289,2.5491929367103143,2.548187889588559,2.5461030649370153,2.5419865976950686,2.5342572000317283,2.520461103407204,2.497050368799773,2.459255546326842,2.4011262651452654,2.3157755299056286,2.1957774787390996,2.0335222980597876,1.8210564501730788,1.5481268798636902
1632.0,2.5499969351450162,2.5499957050253474,2.549990772793595,2.549977263159718,2.5499425860717277,2.5498569026283207,2.5496533208676935,2.5491898441175973,2.54818178210848,2.546091612019366,2.541966257384928,2.534223054866917,2.5204070068270115,2.496969577242865,2.459141913199986,2.400975878251514,2.3155884426191715,2.1955590191455663,2.0332834314130617,1.820812836345594,1.5478964466707223
1633.0,2.549996912031597,2.5499956740841956,2.5499907120591256,2.5499771274950374,2.549942276795569,2.549856210338195,2.5496518238200023,2.5491867430733253,2.5481756607309567,2.546080137911377,2.541945887417033,2.53418887213704,2.520352868187552,2.4968887460239335,2.4590282526838547,2.4008254871369648,2.3154013830254945,2.1953406223232066,2.033044657848534,1.820569333087006,1.5476661222296777
1634.0,2.5499968887697384,2.5499956429542747,2.549990650991487,2.549976991170027,2.5499419661940963,2.5498555154617457,2.5496503219558395,2.5491836335653475,2.5481695254427805,2.5460686426027266,2.5419254877901087,2.53415465185678,2.5202986875240647,2.4968078751972125,2.458914564841342,2.4006750918549273,2.3152143511474366,2.195122288249208,2.0328059772962512,1.8203259402936742,1.5474359064515395
1635.0,2.549996865358668,2.5499956116346607,2.549990589589252,2.5499768541822743,2.549941654263261,2.5498548179925424,2.5496488152658277,2.5491805155815217,2.548163376230763,2.546057126083131,2.5419050585029233,2.534120394040855,2.5202444648717908,2.4967269648168897,2.458800849735248,2.400524692458594,2.315027347007745,2.1949040169007445,2.032567389686339,1.820082657862032,1.5472057992466013
1636.0,2.5499968417976087,2.549995580124424,2.5499905278509867,2.5499767165293608,2.549941340999009,2.54985411792415,2.5496473037405867,2.5491773891097127,2.548157213081735,2.54604558834234,2.5418845995542836,2.5340860987040146,2.5201902002659757,2.496646014937102,2.4586871074282746,2.40037428900104,2.314840370629077,2.1946858082549747,2.0323288949489995,1.8198394856885975,1.546975800524511
1637.0,2.5499968180857833,2.549995548422633,2.5499904657752555,2.5499765782088626,2.5499410263972813,2.549853415250125,2.549645787370736,2.549174254137791,2.548151035982549,2.546034029370137,2.541864110943041,2.5340517658610384,2.5201358937418625,2.4965650256119396,2.4585733379830286,2.4002238815352235,2.314653422034001,2.1944676622890404,2.0320904930145143,1.819596423669982,1.546745910194314
1638.0,2.5499967942224084,2.5499955165283534,2.549990403360617,2.549976439218351,2.54994071045401,2.5498527099640214,2.5496442661468923,2.549171110653634,2.5481448449200768,2.5460224491563404,2.5418435926680862,2.5340173955267415,2.520081545334694,2.4964839968954453,2.4584595414620205,2.4000734701139854,2.3144665012449934,2.19424957898007,2.0318521838132426,1.8193534717028974,1.5465161281644941
1639.0,2.5499967702066995,2.5499954844406463,2.5499903406056257,2.5499762995553916,2.549940393165123,2.549852002059386,2.5496427400596704,2.549167958645126,2.5481386398812096,2.5460108476908028,2.541823044728354,2.533982987715972,2.5200271550797173,2.496402928841614,2.4583457179276653,2.3999230547900514,2.3142796082844437,2.1940315583051753,2.031613967275618,1.819110629684166,1.5462864543430106
1640.0,2.5499967460378694,2.5499954521585706,2.549990277508832,2.5499761592175436,2.549940074526541,2.549851291529761,2.5496412090996845,2.54916479810016,2.548132420852859,2.5459992249634102,2.5418024671228188,2.533948542443608,2.5199727230121782,2.4963218215043907,2.4582318674422816,2.3997726356160305,2.3140927431746494,2.193813600241455,2.031375843332152,1.8188678975107246,1.5460568886373323
1641.0,2.5499967217151274,2.5499954196811805,2.549990214068783,2.549976018202363,2.549939754534179,2.549850578368682,2.5496396732575475,2.5491616290066323,2.5481261878219583,2.5459875809640837,2.5417818598504978,2.533914059724561,2.5199182491673238,2.4962406749376735,2.458117990068095,2.399622212644416,2.3139059059378235,2.1935957047659924,2.031137811913432,1.818625275079634,1.5458274309544737
1642.0,2.5499966972376793,2.5499953870075287,2.5499901502840214,2.5499758765073994,2.549939433183945,2.5498498625696797,2.5496381325238695,2.5491584513524503,2.548119940775459,2.5459759156827793,2.541761222910448,2.533879539573774,2.519863733580401,2.4961594891953114,2.4580040858672314,2.3994717859275863,2.3137190965960848,2.1933778718558568,2.0308998729501195,1.8183827622880813,1.5455980812010255
1643.0,2.549996672604729,2.5499953541366627,2.549990086153085,2.5499757341301965,2.5499391104717417,2.54984914412628,2.5496365868892585,2.5491552651255263,2.548113679700335,2.545964229109486,2.541740556301769,2.533844982006221,2.5198091762866577,2.4960782643311052,2.4578901549017242,2.3993213555178023,2.313532315171467,2.193160101488101,2.0306620263729513,1.8181403590333882,1.5453688392831837
1644.0,2.5499966478154765,2.5499953210676276,2.5499900216745077,2.5499755910682937,2.5499387863934655,2.549848423032001,2.5496350363443234,2.54915207031378,2.548107404583578,2.5459525212342276,2.541719860023602,2.53381038703691,2.5197545773213426,2.495997000398809,2.457776197233511,2.399170921467212,2.313345561685916,2.1929423936397665,2.030424272112738,1.8178980652130132,1.5451397051067806
1645.0,2.549996622869119,2.5499952877994665,2.5499899568468196,2.5499754473192247,2.549938460945006,2.549847699280358,2.549633480879668,2.5491488669051385,2.5481011154122015,2.545940792047061,2.541699134075128,2.533775754680878,2.5196999367197015,2.4959156974521277,2.4576622129244337,2.3990204838278477,2.313158836161287,2.192724748287879,2.0301866101003645,1.8176558807245569,1.5449106785773083
1646.0,2.549996597764852,2.5499952543312165,2.5499898916685457,2.549975302880516,2.549938134122247,2.5498469728648594,2.5496319204858984,2.5491456548875355,2.5480948121732396,2.5459290415380784,2.5416783784555688,2.5337410849531974,2.519645254516983,2.4958343555447167,2.4575482020362402,2.3988700426516285,2.31297213861935,2.1925071654094492,2.029949040266789,1.8174138054657663,1.544681759599947
1647.0,2.5499965725018643,2.549995220661914,2.5499898261382086,2.5499751577496923,2.549937805921067,2.5498462437790073,2.549630355153617,2.5491424342489126,2.5480884948537437,2.545917269697405,2.5416575931641887,2.5337063778689677,2.5195905307484354,2.495752974730186,2.4574341646305844,2.398719597990356,2.312785469081788,2.192289644981476,2.0297115625430404,1.8171718393345366,1.5444529480795863
1648.0,2.549996547079345,2.54999518679059,2.549989760254324,2.54997501192427,2.549937476337336,2.5498455120163013,2.5496287848734247,2.5491392049772186,2.548082163440789,2.5459054765152014,2.5416367782002913,2.5336716334433214,2.519535765449306,2.4956715550620956,2.457320100769023,2.3985691498957205,2.3125988275701954,2.192072186980943,2.029474176860225,1.8169299822289153,1.5442242439208498
1649.0,2.5499965214964804,2.549995152716274,2.549989694015406,2.5499748654017615,2.549937145366921,2.5498447775702333,2.5496272096359225,2.5491359670604092,2.54807581792147,2.5458936619816614,2.541615933563222,2.5336368516914214,2.5194809586548423,2.4955900965939564,2.4572060105130205,2.3984186984192974,2.3124122141060792,2.1918547913848205,2.0292368831495184,1.816688234047105,1.5439956470281146
1650.0,2.5499964957524504,2.5499951184379896,2.549989627419964,2.5499747181796732,2.54993681300568,2.5498440404342904,2.549625629431709,2.5491327204864476,2.5480694582829013,2.545881826087013,2.5415950592523666,2.5336020326284627,2.519426110400291,2.4955085993792334,2.4570918939239457,2.398268243612549,2.312225628710863,2.1916374581700655,2.028999681342168,1.816446594687466,1.543767157305533
1651.0,2.5499964698464357,2.549995083954759,2.5499895604665017,2.5499745702555074,2.549936479249466,2.549843300601954,2.54962404425138,2.549129465243303,2.548063084512216,2.5458699688215183,2.5415741552671514,2.5335671762696714,2.519371220720897,2.49542706347134,2.456977751063073,2.398117785526823,2.3120390714058803,2.1914201873136205,2.0287625713694935,1.8162050640485172,1.5435387746570506
1652.0,2.549996443777612,2.549995049265602,2.5499894931535185,2.5499744216267595,2.5499361440941266,2.549842558066701,2.5496224540855335,2.549126201318955,2.548056696596571,2.5458580901754737,2.5415532216070433,2.533532282630303,2.5193162896519095,2.4953454889236446,2.4568635819915836,2.3979673242133557,2.3118525422123812,2.191202978792416,2.0285255531628863,1.8159636420289385,1.5433104989864248
1653.0,2.5499964175451515,2.549995014369532,2.5499894254795117,2.5499742722909198,2.549935807535502,2.5498418128220015,2.5496208589247624,2.5491229287013875,2.5480502945231414,2.5458461901392084,2.541532258271549,2.5334973517256447,2.5192613172285707,2.495263875789466,2.456749386770564,2.397816859723269,2.31166604115153,2.1909858325833698,2.0282886266538087,1.8157223285275734,1.543082330197241
1654.0,2.549996391148224,2.549994979265561,2.5499893574429744,2.549974122245474,2.5499354695694274,2.549841064861323,2.549619258759662,2.5491196473785926,2.548043878279122,2.545834268703086,2.5415112652602168,2.533462383571013,2.5192063034861256,2.4951822241220736,2.456635165461007,2.3976663921075736,2.311479568244403,2.1907687486633822,2.0280517917737946,1.8154811234434292,1.5428542681929291
1655.0,2.549996364585997,2.549994943952697,2.5499892890423927,2.549973971487902,2.549935130191731,2.549840314178124,2.549617653580824,2.5491163573385713,2.54803744785173,2.5458223258575052,2.541490242572634,2.5334273781817562,2.519151248459817,2.4951005339746897,2.4565209181238115,2.3975159214171677,2.3112931235119936,2.190551727009346,2.027815048454447,1.8152400266756779,1.5426263128767796
1656.0,2.549996337857634,2.5499949084299467,2.5499892202762497,2.549973820015679,2.549934789398235,2.549839560765861,2.5496160433788395,2.5491130585693305,2.5480310032282016,2.545810361592895,2.54146919020843,2.533392335573252,2.5190961521848876,2.4950188054004876,2.4564066448197823,2.397365447702835,2.3111067069752087,2.190334767598137,2.0275783966274408,1.8149990381236587,1.5423984641519568
1657.0,2.549996310962295,2.5499948726963098,2.5499891511430257,2.5499736678262725,2.5499344471847567,2.549838804617983,2.5496144281442983,2.549109751058885,2.548024544395794,2.545798375899723,2.5414481081672724,2.533357255760908,2.5190410146965774,2.494937038452593,2.456292345609632,2.3972149710152513,2.3109203186548726,2.1901178704066213,2.027341836224522,1.8147581576868779,1.5421707219215126
1658.0,2.5499962838991386,2.5499948367507854,2.549989081641195,2.5499735149171476,2.549934103547105,2.5498380457279355,2.549612807867789,2.5491064347952572,2.548018071341785,2.545786368768487,2.5414269964488696,2.533322138760164,2.518985836030127,2.4948552331840808,2.4561780205539794,2.3970644914049775,2.310733958571723,2.1899010354116486,2.0271053671775054,1.8145173852650087,1.5419430860883996
1659.0,2.5499962566673187,2.5499948005923665,2.5499890117692288,2.549973361285763,2.549933758481085,2.5498372840891577,2.549611182539899,2.5491031097664774,2.5480115840534707,2.5457743401897197,2.54140585505297,2.5332869845864865,2.518930616220775,2.494773389647981,2.4560636697133487,2.396914008922464,2.310547626746414,2.1896842625900583,2.0268689894182765,1.8142767207578931,1.5417155565554825
1660.0,2.5499962292659877,2.549994764220046,2.549988941525593,2.5499732069295713,2.5499334119824946,2.5498365196950847,2.5496095521512157,2.549099775960583,2.548005082518171,2.545762290153988,2.54138468397936,2.533251793255374,2.5188753553037575,2.4946915078972736,2.455949293148172,2.3967635236180507,2.3103613231995164,2.1894675519186775,2.0266327028787905,1.8140361640655422,1.541488133225551
1661.0,2.549996201694291,2.549994727632812,2.549988870908751,2.549973051846021,2.549933064047125,2.549835752539145,2.549607916692324,2.549096433365619,2.5479985667232232,2.5457502186518917,2.5413634832278684,2.5332165647823537,2.51882005331431,2.49460958798489,2.455834890918788,2.3966130355419657,2.3101750479515157,2.1892509033743193,2.0263965074910724,1.8137957150881356,1.5412608160013292
1662.0,2.5499961739513757,2.549994690829648,2.549988799917159,2.5499728960325534,2.5499327146707644,2.549834982614762,2.549606276153808,2.5490930819696382,2.547992036655988,2.5457381256740645,2.541342252798364,2.533181299182983,2.5187647102876665,2.494527629963713,2.455720463085444,2.396462544744328,2.3099888010228153,2.189034316933785,2.0261604031872156,1.8135553737260222,1.5410336047854871
1663.0,2.549996146036383,2.5499946538095357,2.5499887285492724,2.5499727394866065,2.5499323638491904,2.549834209915356,2.549604630526252,2.5490897217607014,2.547985492303844,2.545726011211174,2.541320992690752,2.533145996472848,2.5187093262590596,2.494445633886577,2.4556060097082923,2.396312051275144,2.3098025824337354,2.1888177925738646,2.025924389899386,1.8133151398797198,1.5408064994806494
1664.0,2.5499961179484525,2.549994616571452,2.54998865680354,2.549972582205611,2.549932011578179,2.549833434434339,2.549602979800238,2.549086352726876,2.547978933654191,2.5457138752539206,2.541299702904981,2.5331106566675645,2.518653901263718,2.494363599806268,2.455491530847394,2.396161555184312,2.309616392204512,2.188601330271333,2.025688467559817,1.8130750134499156,1.5405794999894047
1665.0,2.549996089686719,2.549994579114372,2.5499885846784074,2.5499724241869948,2.5499316578534956,2.549832656165121,2.549601323966347,2.5490829748562387,2.5479723606944504,2.5457017177930403,2.5412783834410355,2.533075279782778,2.5185984353368718,2.494281527775524,2.4553770265627173,2.3960110565216195,2.309430230355299,2.1883849300029565,2.025452636100812,1.8128349943374662,1.5403526062143151
1666.0,2.5499960612503156,2.549994541437266,2.5499885121723156,2.5499722654281776,2.549931302670904,2.5498318751011047,2.5495996630151616,2.549079588136873,2.547965773412063,2.5456895388193006,2.541257034298942,2.533039865834162,2.5185429285137455,2.4941994178470357,2.4552624969141372,2.395860555336743,2.3092440969061685,2.188168591745487,2.0252168954547423,1.8125950824433967,1.540125818057924
1667.0,2.549996032638372,2.5499945035391014,2.5499884392837,2.5499721059265754,2.5499309460261586,2.54983109123569,2.54959799693726,2.5490761925568695,2.5479591717944907,2.5456773383235034,2.5412356554787645,2.5330044148374196,2.5184873808295642,2.494117270073442,2.455147941961438,2.395710051679251,2.309057991877109,2.1879523154756657,2.0249812455540503,1.8123552776689003,1.5398991354227636
1668.0,2.549996003850014,2.5499944654188416,2.549988366010994,2.5499719456795984,2.5499305879150103,2.549830304562269,2.5495963257232215,2.5490727881043287,2.547952555829215,2.5456651162964836,2.541214246980607,2.532968926808283,2.5184317923195487,2.4940350845073356,2.455033361764311,2.3955595455986027,2.3088719152880284,2.1877361011702203,2.0247456863312485,1.812115579915339,1.5396725582113615
1669.0,2.549995974884364,2.5499944270754478,2.5499882923526247,2.5499717846846512,2.549930228333203,2.5498295150742303,2.5495946493636237,2.549069374767357,2.547945925503739,2.54565287272911,2.5411928088046127,2.532933401762512,2.5183761630189188,2.4939528612012607,2.454918756382355,2.395409037144148,2.308685867158752,2.187519948805869,2.024510217718917,1.8118759890842429,1.5394460863262505
1670.0,2.549995945740543,2.5499943885078755,2.5499882183070173,2.5499716229391343,2.5499298672764734,2.549828722764958,2.5495929678490445,2.5490659525340695,2.5479392808055854,2.5456406076122837,2.541171340950965,2.5328978397158974,2.518320492962891,2.4938706002077122,2.4548041258750786,2.3952585263651285,2.3084998475090246,2.187303858359315,2.024274839649704,1.8116365050773093,1.539219719669971
1671.0,2.5499959164176667,2.5499943497150794,2.5499881438725907,2.5499714604404415,2.549929504740554,2.5498279276278297,2.5495912811700596,2.5490625213925893,2.547932621722299,2.545628320936941,2.541149843419883,2.5328622406842554,2.5182647821866797,2.493788301579137,2.454689470301897,2.395108013310676,2.3083138563585064,2.187087829807253,2.024039552056329,1.8113971277964023,1.5389934581450821
1672.0,2.549995886914849,2.549994310696009,2.54998806904776,2.549971297185962,2.5499291407211713,2.5498271296562187,2.5495895893172444,2.5490590813310474,2.5479259482414425,2.5456160126940515,2.5411283162116267,2.5328266046834322,2.518209030725497,2.493705965367934,2.454574789722135,2.3949574980298163,2.3081278937267813,2.186871863126365,2.02380435487158,1.811157857143553,1.5387673016541634
1673.0,2.5499958572312016,2.5499942714496098,2.549987993830937,2.5499711331730786,2.5499287752140436,2.5498263288434946,2.5495878922811754,2.5490556323375824,2.5479192603506022,2.545603682874616,2.5411067593264955,2.532790931729302,2.5181532386145506,2.4936235916264518,2.454460084195024,2.3948069805714636,2.3079419596333497,2.1866559582933207,2.0235692480283127,1.8109186930209586,1.5385412500998223
1674.0,2.5499958273658296,2.549994231974827,2.5499879182205256,2.5499709683991703,2.549928408214886,2.54982552518302,2.549586190052426,2.5490521744003414,2.5479125580373836,2.5455913314696703,2.5410851727648276,2.532755221837768,2.5180974058890486,2.493541180406993,2.454345353779706,2.3946564609844287,2.307756054097632,2.18644011528478,2.0233342314594545,1.810679635330981,1.5383153033847001
1675.0,2.5499957973178375,2.549994192270599,2.549987842214931,2.5499708028616093,2.5499280397194064,2.549824718668154,2.5495844826215697,2.549048707507479,2.547905841289413,2.545578958470283,2.541063556526998,2.53271947502476,2.5180415325841934,2.493458731761809,2.454230598535232,2.394505939317412,2.3075701771389685,2.1862243340773904,2.023099305098,1.8104406839761478,1.5380894614114748
1676.0,2.549995767086327,2.549994152335861,2.54998776581255,2.5499706365577635,2.549927669723307,2.5498239092922503,2.5495827699791795,2.5490452316471575,2.5478991100943365,2.5455665638675575,2.5410419106134214,2.5326836913062367,2.517985618735185,2.4933762457431046,2.45411581852056,2.394355415619006,2.3073843287766183,2.186008614647787,2.022864468877014,1.81020183885915,1.537863724082868
1677.0,2.5499957366703954,2.5499941121695473,2.549987689011776,2.549970469484994,2.5499272982222823,2.549823097048657,2.5495810521158284,2.549041746807548,2.547892364439821,2.5455541476526276,2.5410202350245514,2.532647870698184,2.5179296643772204,2.493293722403035,2.4540010137945583,2.394204889937698,2.307198509029762,2.1857929569725965,2.022629722729629,1.8099630998828427,1.5376380913016492
1678.0,2.5499957060691365,2.5499940717705853,2.5499876118109985,2.5499703016406587,2.5499269252120236,2.5498222819307195,2.5495793290220874,2.54903825297683,2.547885604313555,2.545541709816662,2.540998529760879,2.532612013216617,2.517873669545494,2.493211161793708,2.453886184416004,2.3940543623218686,2.3070127179175004,2.185577361028433,2.0223950665890476,1.8097244669502432,1.5374125629706383
1679.0,2.549995675281642,2.5499940311379015,2.549987534208603,2.549970133022108,2.549926550688215,2.5498214639317767,2.5495776006885285,2.5490347501431914,2.5478788297032477,2.5455292503508615,2.540976794822934,2.5325761188775755,2.517817634275196,2.493128563967181,2.4537713304435833,2.39390383281979,2.3068269554588547,2.185361826791899,2.022160500388541,1.8094859399645322,1.5371871389927123
1680.0,2.5499956443069998,2.5499939902704165,2.5499874562029694,2.5499699636266886,2.549926174646535,2.5498206430451624,2.5495758671057223,2.549031238294825,2.5478720405966278,2.545516769246462,2.5409550302112835,2.532540187697129,2.517761558601513,2.493045928975464,2.4536564519358923,2.393753301479628,2.306641221672767,2.185146354239587,2.0219260240614503,1.809247518829051,1.5369618192708063
1681.0,2.5499956131442953,2.5499939491670505,2.549987377792475,2.549969793451741,2.549925797082656,2.549819819264205,2.5495741282642386,2.5490277174199356,2.5478652369814463,2.5455042664947305,2.540933235926535,2.532504219691374,2.5177054425596292,2.492963256870519,2.453541548951436,2.3936027683494445,2.306455516578101,2.184930943348079,2.021691637541186,1.8090092034473098,1.5367366044063184
1682.0,2.5499955817926083,2.5499939078267175,2.5499872989754913,2.5499696224946007,2.5499254179922435,2.5498189925822317,2.5495723841546476,2.549024187506736,2.5478584188454723,2.545491742086968,2.540911411969333,2.5324682148764333,2.517649286184725,2.492880547704259,2.453426621548629,2.3934522334771926,2.3062698401936403,2.184715594093945,2.0214573407612275,1.8087709937231329,1.5365114951666892
1683.0,2.549995550251018,2.5499938662483284,2.5499872197503852,2.5499694507525974,2.5499250373709588,2.549818162992561,2.5495706347675178,2.5490206485434452,2.5478515861764977,2.545479196014509,2.540889558340357,2.5324321732684583,2.5175930895119762,2.492797801528548,2.4533116697857964,2.393301696910722,2.3060841925380924,2.184500306453745,2.021223133655121,1.808532889560864,1.5362864914032184
1684.0,2.549995518518599,2.549993824430792,2.5499871401155216,2.5499692782230565,2.549924655214456,2.5498173304885086,2.549568880093419,2.5490171005182916,2.547844738962335,2.545466628268719,2.5408676750403294,2.532396094883626,2.517536852576556,2.492715018395201,2.453196693721174,2.393151158697776,2.3058985736300834,2.1842850804040275,2.0209890161564856,1.8082948908653615,1.5360615929697756
1685.0,2.549995486594423,2.5499937823730114,2.5499870600692587,2.5499691049032958,2.549924271518385,2.549816495063384,2.549567120122919,2.549013543419511,2.5478378771908163,2.545454038840999,2.5408457620700076,2.5323599797381413,2.5174805754136327,2.492632198355986,2.4530816934129054,2.393000618885992,2.3057129834881644,2.1840699159213326,2.020754988199009,1.8080569975419598,1.5358367997226687
1686.0,2.549995454477559,2.549993740073888,2.5499869796099515,2.549968930790631,2.5499238862783886,2.5498156567104946,2.5495653548465858,2.5490099772353494,2.5478310008497953,2.545441427722782,2.5408238194301873,2.5323238278482343,2.5174242580583717,2.4925493414626203,2.452966668919046,2.392850077522903,2.305527422130808,2.183854812982188,2.0205210497164474,1.8078192094964367,1.5356121115205212
1687.0,2.5499954221670715,2.5499936975323196,2.549986898735949,2.54996875588237,2.549923499490104,2.549814815423141,2.549563584254988,2.54900640195406,2.547824109927146,2.5454287949055328,2.540801847121701,2.532287639230164,2.5173679005459326,2.4924664477667746,2.45285162029756,2.392699534655937,2.30534188957641,2.1836397715631115,2.020287200642628,1.80758152663498,1.5353875282241565
1688.0,2.549995389662023,2.5499936547471997,2.549986817445599,2.549968580175816,2.549923111149161,2.5498139711946184,2.549561808338693,2.5490028175639035,2.547817204410763,2.54541614038075,2.540779845145419,2.5322514139002146,2.517311502911472,2.492383517320071,2.4527365476063236,2.3925489903324193,2.305156385843287,2.1834247916406113,2.0200534409114503,1.807343948864159,1.5351630496964852
1689.0,2.5499953569614715,2.549993611717417,2.549986735737242,2.549968403668267,2.5499227212511872,2.549813124018219,2.5495600270882677,2.54899922405315,2.5478102842885626,2.545403464139966,2.540757813502252,2.5322151518746967,2.5172550651901426,2.492300550174082,2.4526214509031226,2.392398444599567,2.3049709109496788,2.1832098731911835,2.0198197704568837,1.8071064760908966,1.5349386758024044
1690.0,2.549995324064473,2.5499935684418586,2.5499866536092157,2.5499682263570156,2.5499223297918006,2.5498122738872304,2.549558240494279,2.5489956214100773,2.547803349548481,2.5453907661747444,2.540735752193143,2.532178853169947,2.5171985874170932,2.4922175463803304,2.452506330245653,2.3922478975044967,2.3047854649137496,2.1829950161913168,2.01958618921297,1.8068691082224457,1.5347144064086982
1691.0,2.5499952909700796,2.549993524919409,2.549986571059853,2.5499680482393483,2.5499219367666153,2.5498114207949345,2.5495564485472944,2.5489920096229737,2.5477964001784734,2.545378046476682,2.5407136612190757,2.5321425178023302,2.5171420696274667,2.492134505990292,2.452391185691523,2.392097349094218,2.3046000477535866,2.182780220617487,2.019352697113823,1.8066318451663648,1.5344902413839456
1692.0,2.5499952576773395,2.5499934811489453,2.5499864880874825,2.5499678693125483,2.549921542171239,2.5498105647346105,2.5495546512378793,2.548988388680134,2.547789436166519,2.5453653050374094,2.5406915405810717,2.5321061457882346,2.517085511856403,2.492051429055395,2.452276017298251,2.3919467994156403,2.3044146594872017,2.182565486446162,2.01911929409363,1.8063946868304979,1.534266180598433
1693.0,2.5499952241852992,2.549993437129345,2.549986404690428,2.549967689573891,2.5499211460012745,2.54980970569953,2.5495528485566004,2.548984758569862,2.5477824575006167,2.545352541848589,2.540669390280187,2.532069737144076,2.517028914139035,2.491968315627016,2.4521608251232667,2.3917962485155666,2.304229300132528,2.1823508136537995,2.0188859800866505,1.806157633122954,1.5340422239240723
1694.0,2.5499951904929996,2.5499933928594793,2.5499863208670095,2.5499675090206484,2.549920748252318,2.549808843682963,2.5495510404940243,2.5489811192804703,2.547775464168786,2.5453397569019156,2.5406472103175166,2.5320332918862962,2.5169722765104945,2.4918851657564858,2.4520456092239096,2.3916456964406976,2.304043969707425,2.1821362022168462,2.0186527550272193,1.8059206839520905,1.5338183712343216
1695.0,2.54999515659948,2.5499933483382167,2.5499862366155424,2.5499673276500867,2.5499203489199602,2.549807978678173,2.5495492270407167,2.548977470800279,2.547768456159066,2.545326950189117,2.5406250006941913,2.531996810031362,2.516915599005906,2.4918019794950856,2.451930369657432,2.3914951432376315,2.303858668229676,2.181921652111741,2.018419618849745,1.8056838392264953,1.5335946224041146
1696.0,2.5499951225037756,2.5499933035644227,2.5499861519343368,2.5499671454594646,2.549919947999785,2.54980711067842,2.549547408187244,2.5489738131176187,2.547761433459519,2.5453141217019537,2.5406027614113804,2.531960291595765,2.516858881660388,2.491718756894048,2.451815106480997,2.391344588952864,2.303673395716988,2.1817071633149117,2.018186571488712,1.8054470988549727,1.5333709773097872
1697.0,2.5499950882049185,2.549993258536958,2.5499860668217007,2.5499669624460393,2.549919545487372,2.5498062396769585,2.5495455839241723,2.5489701462208267,2.547754396058226,2.5453012714322183,2.540580492470289,2.531923736596026,2.5168021245090584,2.491635498004557,2.45169981975168,2.3911940336327873,2.3034881521869948,2.1814927358027756,2.0179536128786784,1.8052104627465295,1.5331474358290147
1698.0,2.549995053701939,2.5499932132546803,2.5499859812759356,2.5499667786070592,2.5499191413782945,2.5498053656670394,2.549543754242066,2.5489664700982506,2.5477473439432896,2.5452883993717377,2.5405581938721578,2.531887145048687,2.516745327587026,2.4915522028777475,2.4515845095264663,2.3910434773236915,2.3033029376572527,2.181278369551743,2.0177207429542805,1.8049739308103618,1.5329239978407485
1699.0,2.5499950189938616,2.549993167716445,2.5499858952953396,2.5499665939397693,2.5499187356681197,2.5498044886419096,2.549541919131493,2.548962784738245,2.5477402771028332,2.5452755055123686,2.5405358656182675,2.5318505169703185,2.516688490929397,2.4914688715647064,2.451469175862255,2.3908929200717646,2.303117752145244,2.181064064538213,2.017487961650229,1.8047375029558441,1.5327006632251583
1700.0,2.5499949840797083,2.5499931219211005,2.5499858088782057,2.54996640844141,2.549918328352409,2.54980360859481,2.5495400785830187,2.5489590901291743,2.547733195525,2.545262589846002,2.540513507709932,2.531813852377513,2.51663161457127,2.491385504116472,2.4513538188158552,2.390742361923093,2.302932595668378,2.1808498207385774,2.0172552689013137,1.8045011790925172,1.532477431863576
1701.0,2.5499949489584983,2.549993075867495,2.5499857220228233,2.549966222109214,2.5499179194267194,2.5498027255189784,2.5495382325872087,2.5489553862594123,2.5477260991979565,2.545249652364562,2.5404911201485034,2.5317771512868914,2.51657469854774,2.4913021005840332,2.4512384384439896,2.3905918029236624,2.3027474682439872,2.1806356381292167,2.0170226646424,1.804264959130081,1.5322543036384433
1702.0,2.5499949136292477,2.5499930295544715,2.5499856347274767,2.54996603494041,2.5499175088865997,2.5498018394076474,2.5495363811346285,2.5489516731173394,2.547718988109887,2.545236693060003,2.5404687029353705,2.5317404137150987,2.5165177428938974,2.4912186610183324,2.4511230348032926,2.390441243119354,2.3025623698893325,2.180421516686503,2.0167901488084317,1.8040288429783835,1.5320312784332621
1703.0,2.549994878090967,2.5499929829808696,2.5499855469904467,2.5499658469322215,2.5499170967275964,2.549800950254046,2.5495345242158454,2.5489479506913453,2.547711862249,2.545223711924315,2.5404462560719576,2.5317036396788026,2.516460747644825,2.4911351854702612,2.4510076079503103,2.3902906825559516,2.3023773006215986,2.1802074563868,2.0165577213344292,1.803792830547414,1.5318083561325484
1704.0,2.5499948423426666,2.5499929361455242,2.5499854588100095,2.5499656580818657,2.5499166829452466,2.5498000580513973,2.549532661821425,2.548944218969832,2.547704721603521,2.545210708949516,2.540423779559726,2.531666829194698,2.516403712835602,2.4910516739906625,2.4508921579415017,2.3901401212791353,2.3021922604578964,2.1799934572064616,2.0163253821554923,1.8035569217472947,1.5315855366217868
1705.0,2.549994806383351,2.549992889047269,2.549985370184436,2.549965468386556,2.5499162675350844,2.5497991627929206,2.549530793941934,2.5489404779412057,2.5476975661616987,2.54519768412766,2.5404012734001724,2.531629982279503,2.5163466385013,2.4909681266303325,2.4507766848332375,2.3899895593344853,2.3020072494152664,2.179779519121834,2.0160931312068,1.8033211164882756,1.5313628197873899
1706.0,2.5499947702120234,2.549992841684932,2.549985281111993,2.549965277843499,2.549915850492637,2.5497982644718324,2.549528920567938,2.5489367275938832,2.5476903959118036,2.5451846374508307,2.5403787375948292,2.531593098949963,2.516289524676987,2.4908845434400173,2.4506611886818033,2.3898389967674816,2.3018222675106714,2.179565642109253,2.0158609684236084,1.8030854146807271,1.5311402055166565
1707.0,2.5499947338276807,2.5499927940573386,2.549985191590943,2.5499650864498964,2.549915431813426,2.5497973630813435,2.5495270416900047,2.548932967916291,2.5476832108421243,2.5451715689111474,2.540356172145267,2.531556179222844,2.516232371397724,2.4908009244704155,2.450545669543395,2.3896884336235034,2.3016373147610056,2.1793518261450466,2.0156288937412525,1.8028498162351354,1.5309176936977371
1708.0,2.5499946972293195,2.54999274616331,2.5499851016195447,2.5499648942029447,2.5499150114929674,2.5497964586146606,2.549525157298701,2.548929198896862,2.5476760109409726,2.5451584785007575,2.540333577053091,2.531519223114939,2.516175178698566,2.4907172697721762,2.4504301274741223,2.3895378699478287,2.3014523911830875,2.1791380712055357,2.0153969070951474,1.8026143210620966,1.530695284219596
1709.0,2.5499946604159316,2.5499926980016627,2.549985011196051,2.549964701099836,2.5499145895267716,2.5497955510649857,2.5495232673845947,2.5489254205240415,2.547668796196681,2.545145366211844,2.5403109523199414,2.5314822306430638,2.5161179466145627,2.4906335793959005,2.450314562530008,2.389387305785638,2.3012674967936633,2.1789243772670317,2.0151650084207877,1.8023789290723142,1.5304729769719785
1710.0,2.549994623386505,2.5499926495712124,2.549984920318712,2.549964507137756,2.549914165910344,2.5497946404255183,2.5495213719382526,2.548921632786281,2.5476615665975992,2.5451322320366208,2.540288297947496,2.53144520182406,2.5160606751807566,2.49054985339214,2.450198974766988,2.3892367411820103,2.3010826316094066,2.1787107443058376,2.0149331976537472,1.8021436401765933,1.5302507718453786
1711.0,2.549994586140025,2.549992600870768,2.549984828985773,2.5499643123138847,2.549913740639182,2.5497937266894506,2.549519470950242,2.548917835672043,2.5476543221321037,2.5451190759673326,2.540265613937467,2.5314081366747927,2.516003364432185,2.490466091811399,2.4500833642409114,2.3890861761819266,2.300897795646921,2.1784971722982487,2.014701474729678,1.8019084542858372,1.5300286687310098
1712.0,2.5499945486754734,2.5499925518991367,2.5499847371954742,2.5499641166253975,2.5499133137087813,2.549792809849973,2.549517564411132,2.548914029169797,2.5476470627885885,2.545105897996258,2.5402429002916023,2.5313710352121497,2.5159460144038803,2.4903822947041325,2.4499677310075407,2.3889356108302664,2.300712988922735,2.178283661220551,2.014469839584313,1.801673371311046,1.529806667520776
1713.0,2.5499945109918283,2.549992502655121,2.5499846449460515,2.549963920069465,2.549912885114628,2.5497918899002707,2.5495156523114915,2.548910213268023,2.547639788555468,2.5450926981157087,2.540220157011686,2.5313338974530426,2.515888625130866,2.4902984621207476,2.449852075122552,2.388785045171812,2.3005282114533085,2.1780702110490253,2.0142382921534634,1.8014383911633116,1.5295847681072434
1714.0,2.5499944730880646,2.5499924531375204,2.5499845522357365,2.5499637226432514,2.549912454852205,2.549790966833526,2.549513734641889,2.548906387955209,2.5476324994211788,2.5450794763180253,2.5401973840995384,2.531296723414409,2.515831196648161,2.4902145941116007,2.449736396641536,2.388634479251247,2.3003434632550257,2.177856821759941,2.0140068323730214,1.8012035137538163,1.5293629703836178
1715.0,2.5499944349631534,2.54999240334513,2.5499844590627556,2.5499635243439163,2.5499120229169896,2.549790040642915,2.549511811392893,2.5489025532198526,2.547625195374178,2.5450662325955826,2.540174581557013,2.5312595131132083,2.515773728990777,2.490130690727002,2.4496206956199944,2.3884839131131548,2.300158744344203,2.1776434933295636,2.013775460178957,1.8009687389938314,1.5291412742437165
1716.0,2.5499943966160634,2.549992353276742,2.549984365425333,2.5499633251686133,2.5499115893044513,2.5497891113216116,2.5495098825550744,2.548898709050462,2.5476178764029447,2.545052966940786,2.540151749386,2.5312222665664237,2.515716222193719,2.4900467520172125,2.449504972113345,2.388333346802022,2.299974054737085,2.1774302257341476,2.0135441755073216,1.8007340667947136,1.5289196795819484
1717.0,2.5499943580457587,2.5499923029311438,2.5499842713216854,2.549963125114492,2.549911154010055,2.549788178862783,2.549507948119003,2.54889485543555,2.547610542495976,2.5450396793460754,2.540128887588426,2.5311849837910607,2.5156586762919853,2.4899627780324454,2.4493892261769195,2.3881827803622353,2.2997893944498435,2.177217018949942,2.013312978294245,1.800499497067904,1.5286981862932907
1718.0,2.5499943192512005,2.549992252307121,2.5499841767500278,2.5499629241786947,2.5499107170292623,2.549787243259596,2.54950600807525,2.5488909923636442,2.5476031936417933,2.545026369803919,2.54010599616625,2.531147664804151,2.5156010913205695,2.489878768822863,2.4492734578659636,2.388032213838086,2.2996047634985817,2.177003872953188,2.0130818684759366,1.8002650297249276,1.528476794273268
1719.0,2.5499942802313456,2.5499922014034526,2.5499840817085695,2.549962722358361,2.5499102783575265,2.5497863045052096,2.5495040624143854,2.5488871198232776,2.5475958298289374,2.5450130383068195,2.540083075121469,2.531110309622747,2.5155434673144557,2.489794724438582,2.449157667235635,2.387881647273765,2.299420161899331,2.1767907877201202,2.0128508459886847,1.8000306646773911,1.5282555034179341
1720.0,2.549994240985149,2.5499921502189173,2.5499839861955147,2.549962519650622,2.549909837990297,2.54978536259278,2.549502111126982,2.5488832378029938,2.547588451045969,2.5449996848473107,2.540060124456113,2.5310729182639253,2.5154858043086223,2.489710644929668,2.44904185434101,2.387731080713366,2.2992355896680525,2.1765777632269647,2.0126199107688576,1.7997964018369819,1.5280343136238523
1721.0,2.549994201511562,2.5499920987522873,2.549983890209065,2.549962316052606,2.549909395923016,2.5497844175154616,2.549500154203613,2.5488793462913457,2.5475810572814717,2.544986309417958,2.540037144172247,2.5310354907447854,2.5154281023380416,2.489626530346139,2.4489260192370765,2.3875805142008883,2.2990510468206384,2.1763647994499418,2.0123890627529017,1.7995622411154673,1.527813224788077
1722.0,2.549994161809531,2.5499920470023323,2.549983793747415,2.5499621115614355,2.54990895215112,2.5497834692664014,2.5494981916348505,2.548875445276894,2.5475736485240486,2.5449729120113593,2.540014134271972,2.53099802708245,2.515370361437678,2.489542380737965,2.4488101619787375,2.38742994778023,2.2988665333729097,2.1761518963652646,2.0121583018773426,1.7993281824246943,1.5275922368081392
1723.0,2.549994121878,2.549991994967818,2.5499836968087575,2.5499619061742265,2.549908506670043,2.5497825178387434,2.5494962234112677,2.5488715347482103,2.547566224762325,2.5449594926201433,2.5399910947574225,2.5309605272940625,2.5153125816424886,2.4894581961550672,2.44869428262081,2.387279381495195,2.2986820493406173,2.1759390539491394,2.011927628078785,1.7990942256765885,1.5273713495820287
1724.0,2.54999408171591,2.5499919426475053,2.549983599391279,2.5499616998880916,2.5499080594752104,2.5497815632256295,2.5494942495234403,2.5488676146938745,2.5475587859849456,2.5449460512369706,2.5399680256307695,2.5309229913967917,2.515254762987423,2.489373976647318,2.4485783812180286,2.3871288153894894,2.2984975947394437,2.1757262721777653,2.0116970412939104,1.798860370783154,1.5271505630081799
1725.0,2.5499940413221966,2.5499918900401535,2.549983501493161,2.5499614927001373,2.5499076105620437,2.549780605420195,2.5494922699619416,2.5488636851024764,2.547551332180577,2.5449325878545332,2.5399449268942162,2.5308854194078285,2.515196905507425,2.4892897222645427,2.4484624578250402,2.386978249506723,2.2983131695850014,2.175513551027336,2.0114665414594803,1.7986266176564734,1.5269298769854567
1726.0,2.549994000695795,2.5499918371445176,2.549983403112584,2.5499612846074635,2.549907159925958,2.5497796444155716,2.549490284717348,2.548859745962615,2.547543863337908,2.5449191024655557,2.5399217985500027,2.5308478113443846,2.5151390092374295,2.4892054330565156,2.4483465124964074,2.3868276838904094,2.298128773892835,2.175300890474038,2.0112361285123335,1.7983929662087061,1.5267092914131402
1727.0,2.549993959835634,2.549991783959347,2.549983304247721,2.5499610756071664,2.5499067075623625,2.5497786802048887,2.549488293780236,2.548855797262899,2.547536379445645,2.5449055950627937,2.5398986406004016,2.5308101672236956,2.5150810742123655,2.4891211090729644,2.448230545286608,2.3866771185839664,2.2979444076784192,2.1750882904940516,2.011005802389386,1.7981594163520909,1.5264888061909139
1728.0,2.5499939187406406,2.5499917304833897,2.54998320489674,2.5499608656963364,2.5499062534666628,2.54977771278127,2.549486297141182,2.5488518389919457,2.5475288804925182,2.544892065639035,2.539875453047722,2.5307724870630186,2.5150231004671544,2.489036750363567,2.4481145562500366,2.386526553630715,2.2977600709571586,2.174875751063552,2.0107755630276336,1.7979259679989432,1.526268421218853
1729.0,2.5499938774097366,2.549991676715388,2.5499831050578075,2.549960654872059,2.5499057976342576,2.5497767421378374,2.5494842947907643,2.5488478711383817,2.5475213664672776,2.5448785141870975,2.539852235894306,2.5307347708796337,2.5149650880367083,2.4889523569779537,2.447998545441001,2.386375989073882,2.2975757637443923,2.1746632721587065,2.010545410364148,1.7976926210616566,1.5260481363974128
1730.0,2.5499938358418417,2.5499916226540824,2.549983004729082,2.549960443131413,2.54990534006054,2.5497757682677067,2.5494822867195617,2.548843893690844,2.547513837358695,2.5448649406998327,2.539828989142529,2.530697018690841,2.514907036955932,2.4888679289657065,2.4478825129137265,2.3862254249565966,2.297391486055388,2.1744508537556775,2.010315344336077,1.797459375452703,1.5258279516274162
1731.0,2.5499937940358715,2.549991568298208,2.5499829039087207,2.549960230471475,2.5499048807408977,2.54977479116399,2.5494802729181534,2.548839906637979,2.5475062931555628,2.5448513451701213,2.5398057127948026,2.5306592305139652,2.5148489472597255,2.4887834663763595,2.4477664587223518,2.3860748613218954,2.297207237905348,2.1742384958306222,2.0100853648806467,1.7972262310846325,1.5256078668100443
1732.0,2.549993751990739,2.549991513646496,2.549982802594873,2.5499600168893117,2.549904419670714,2.549773810819798,2.5494782533771208,2.5488359099684414,2.5474987338466946,2.544837727590877,2.5397824068535715,2.530621406366352,2.514790818982979,2.488698969259396,2.4476503829209344,2.3859242982127173,2.297023019309406,2.1740261983596905,2.00985547193516,1.7969931878700736,1.5253878818468263
1733.0,2.549993709705354,2.5499914586976744,2.5499827007856877,2.5499598023819887,2.5499039568453656,2.5497728272282343,2.5494762280870433,2.548831903670896,2.547491159420924,2.544824087955044,2.5397590713213134,2.530583546265369,2.514732652160573,2.4886144376642534,2.447534285563445,2.385773735671909,2.2968388302826255,2.173813961319029,2.0096256654369946,1.7967602457217333,1.525167996639629
1734.0,2.54999366717862,2.5499914034504694,2.5499825984793056,2.5499595869465645,2.549903492260224,2.5497718403824012,2.5494741970385046,2.5488278877340176,2.5474835698671057,2.544810426255598,2.5397357062005415,2.530545650228404,2.5146744468273825,2.488529871640319,2.447418166703773,2.3856231737422204,2.2966546708400055,2.1736017846847764,2.009395945323605,1.7965274045523982,1.5249482110906485
1735.0,2.54999362440944,2.5499913479035983,2.549982495673866,2.5499593705800923,2.549903025910655,2.549770850275396,2.549472160222087,2.5488238621464894,2.5474759651741166,2.5447967424855475,2.539712311493802,2.5305077182728684,2.514616203018274,2.488445271236932,2.4473020263957217,2.3854726124663075,2.2964705409964767,2.1733896684330682,2.009166311532522,1.7962946642749344,1.524728525102402
1736.0,2.549993581396711,2.5499912920557795,2.5499823923675007,2.5499591532796204,2.549902557792021,2.549769856900312,2.5494701176283745,2.548819826897005,2.547468345330854,2.54478303663793,2.5396888872036754,2.530469750416194,2.514557920768107,2.488360636503384,2.4471858646930116,2.3853220518867335,2.296286440766903,2.173177612540033,2.0089367640013505,1.7960620248022883,1.5245089385777189
1737.0,2.5499935381393284,2.549991235905727,2.5499822885583385,2.549958935042191,2.5499020878996754,2.5497688602502384,2.5494680692479528,2.5488157819742683,2.5474607103262357,2.5447693087058147,2.539665433332775,2.5304317466758337,2.514499600111731,2.4882759674889163,2.447069681649281,2.3851714920459655,2.29610237016608,2.1729656169817955,2.0087073026677715,1.7958294860474855,1.5242894514197332
1738.0,2.5499934946361833,2.5499911794521477,2.549982184244505,2.549958715864843,2.549901616228969,2.5497678603182625,2.549466015071408,2.548811727366992,2.547453060149201,2.5447555586823047,2.539641949883749,2.530393707069263,2.5144412410839863,2.488191264242724,2.4469534773180825,2.3850209329863774,2.295918329208738,2.172753681734475,2.0084779274695412,1.795597047923634,1.5240700635318754
1739.0,2.5499934508861632,2.549991122693748,2.5499820794241197,2.5499584957446078,2.549901142775246,2.549766857097466,2.5494639550893257,2.5488076630638976,2.547445394788711,2.5447417865605306,2.539618436859279,2.530355631613977,2.5143828437197078,2.488106526813954,2.4468372517528856,2.3848703747502507,2.2957343179095404,2.172541806774185,2.0082486383444897,1.795364710343923,1.5238507748178662
1740.0,2.549993406888153,2.5499910656292286,2.5499819740952967,2.549958274678513,2.5499006675338456,2.549765850580928,2.549461889292295,2.5488035890537177,2.5474377142337454,2.544727992333657,2.5395948942620783,2.530317520327493,2.514324408053721,2.4880217552517023,2.446721005007078,2.384719817379771,2.295550336283085,2.172329992077037,2.00801943523052,1.795132473221623,1.523631585181709
1741.0,2.5499933626410325,2.5499910082572876,2.5499818682561477,2.5499580526635803,2.5499001905001015,2.5497648407617235,2.549459817670906,2.5487995053251944,2.547430018473307,2.5447141759948773,2.5395713220948957,2.5302793732273483,2.514265934120842,2.487936949605018,2.4466047371339634,2.3845692609170333,2.295366384343902,2.1721182376191344,2.007790318065612,1.7949003364700915,1.5234124949933026
1742.0,2.5499933181436782,2.5499909505766194,2.549981761904778,2.549957829696826,2.549899711669343,2.549763827632924,2.549457740215746,2.548795411867078,2.547422307496419,2.5447003375374164,2.539547720360512,2.530241190331102,2.5142074219558803,2.487852109922903,2.446488448186763,2.3844187054040384,2.295182462106456,2.1719065433765774,2.007561286787816,1.7946683000028725,1.5231935047335716
1743.0,2.549993273394964,2.5499908925859116,2.5499816550392906,2.549957605775261,2.549899231036893,2.549762811187597,2.5494556569174094,2.54879130866813,2.547414581292125,2.5446864769545323,2.5395240890617408,2.5302029716563337,2.5141488715936346,2.4877672362543084,2.446372138218615,2.3842681508826953,2.294998569585146,2.171694909325464,2.0073323413352586,1.79443636373383,1.5229746142729235
1744.0,2.549993228393759,2.549990834283853,2.5499815476577825,2.5499573808958917,2.549898748598068,2.549761791418806,2.5494535677664887,2.548787195717121,2.5474068398494913,2.544672594239513,2.539500428201431,2.5301647172206425,2.5140902830688963,2.4876823286481384,2.4462558072825753,2.3841175973948188,2.2948147067943054,2.1714833354418848,2.0071034816461384,1.7942045275771483,1.5227558234836742
1745.0,2.5499931831389295,2.549990775669124,2.5499814397583456,2.5499571550557194,2.549898264348182,2.5497607683196133,2.549451472753576,2.5487830730028316,2.5473990831576043,2.5446586893856766,2.5394767377824623,2.5301264270416506,2.5140316564164484,2.487597387153249,2.446139455431616,2.3839670449821315,2.2946308737482046,2.171271821701927,2.0068747076587257,1.793972791447306,1.5225371322399552
1746.0,2.5499931376293383,2.5499907167404032,2.549981331339069,2.5499569282517394,2.549897778282541,2.549759741883074,2.5494493718692666,2.5487789405140515,2.5473913112055704,2.544644762386372,2.539453017807749,2.530088101136999,2.5139729916710642,2.4875124118184475,2.4460230827186273,2.383816493686264,2.294447070461044,2.171060368081673,2.0066460193113653,1.793741155259056,1.5223185404176256
1747.0,2.5499930918638443,2.5499906574963656,2.5499812223980367,2.5499567004809416,2.549897290396448,2.5497587121022414,2.549447265104156,2.548774798239582,2.5473835239825178,2.544630813234981,2.539429268280237,2.530049739524349,2.513914288867508,2.4874274026924925,2.4459066891964185,2.3836659435487557,2.294263296946964,2.1708489745572033,2.006417416542474,1.7935096189274053,1.522100047894188
1748.0,2.549993045841303,2.5499905979356816,2.5499811129333265,2.5499564717403116,2.5498968006851985,2.549757678970165,2.5494451524488437,2.5487706461682325,2.547375721477596,2.5446168419249147,2.5394054892029057,2.530011342221382,2.5138555480405356,2.4873423598240945,2.4457902749177145,2.3835153946110537,2.2940795532200364,2.1706376411045936,2.006188899290542,1.793278182367596,1.5218816545487108
1749.0,2.549992999560566,2.5499905380570183,2.5499810029430137,2.5499562420268287,2.549896309144084,2.549756642479892,2.549443033893927,2.5487664842888225,2.547367903679975,2.5446028484496135,2.5393816805787677,2.5299729092458008,2.5137967692248937,2.487257283261916,2.445673839935158,2.3833648469145134,2.29389583929427,2.1704263676999154,2.0059604674941327,1.7930468454950899,1.5216633602617533
1750.0,2.549992953020482,2.5499904778590383,2.5499808924251686,2.549956011337467,2.54989581576839,2.5497556026244648,2.549440909430007,2.548762312590182,2.547360070578846,2.5445888328025528,2.539357842410867,2.5299344406153277,2.5137379524553203,2.487172173054572,2.445557384301313,2.3832143005003985,2.2937121551836093,2.1702151543192367,2.005732121091881,1.7928156082255517,1.5214451649152958
1751.0,2.5499929062198947,2.5499904173404007,2.5499807813778568,2.549955779669195,2.5498953205533974,2.5497545593969213,2.5494387790476836,2.5487581310611507,2.5473522221634215,2.5445747949772346,2.539333974702283,2.529895936347705,2.513679097766544,2.4870870292506284,2.445440908068657,2.3830637554098826,2.2935285009019344,2.1700040009386212,2.0055038600224955,1.7925844704748353,1.5212270683926723
1752.0,2.549992859157646,2.549990356499761,2.549980669799139,2.5499555470189796,2.5498948234943812,2.5497535127902977,2.54943664273756,2.5487539396905774,2.547344358422936,2.5445607349671953,2.5393100774561237,2.5298573964606934,2.513620205193284,2.4870018518986012,2.445324411289589,2.382913211684046,2.293344876463061,2.1697929075341302,2.0052756842247565,1.7923534321589707,1.52100907057851
1753.0,2.5499928118325723,2.5499902953357703,2.549980557687072,2.549955313383778,2.5498943245866124,2.549752462797627,2.5494345004902406,2.5487497384673223,2.547336479346642,2.5445466527659986,2.539286150675532,2.5298188209720767,2.5135612747702494,2.486916641046961,2.4452078940164252,2.382762669363881,2.293161281880742,2.169581874081821,2.00504759363752,1.7921224931941533,1.5207911713586666
1754.0,2.5499927642435067,2.5499902338470757,2.549980445039707,2.549955078760543,2.5498938238253546,2.549751409411937,2.549432352296331,2.5487455273802544,2.547328584923816,2.54453254836724,2.5392621943636837,2.5297802098996556,2.5135023065321422,2.486831396744129,2.4450913563013996,2.3826121284902873,2.2929777171686667,2.169370900557748,2.004819588199712,1.7918916534967306,1.5205733706201778
1755.0,2.549992716389281,2.549990172032321,2.549980331855092,2.5499548431462244,2.549893321205868,2.5497503526262526,2.549430198146438,2.5487413064182527,2.547320675143754,2.544518421764547,2.5392382085237855,2.529741563261252,2.5134433005136527,2.4867461190384774,2.444974798196667,2.382461589104074,2.292794182340459,2.169159986937963,2.0045916678503346,1.7916609129831949,1.5203556682512016
1756.0,2.5499926682687195,2.5499901098901465,2.549980218131269,2.5499546065377645,2.5498928167234074,2.5497492924335967,2.549428038031169,2.5487370755702057,2.5473127499957733,2.5445042729515763,2.5392141931590766,2.5297028810747055,2.513384256749463,2.486660807978332,2.4448582197542996,2.382311051245962,2.292610677409681,2.1689491331985122,2.004363832528461,1.791430271570173,1.5201380641409687
1757.0,2.5499926198806473,2.5499900474191866,2.5499801038662775,2.5499543689321014,2.5498923103732216,2.5497482288269873,2.5494258719411347,2.5487328348250142,2.5473048094692126,2.5444901019220163,2.5391901482728283,2.5296641633578774,2.5133251752742463,2.4865754636119677,2.444741621026288,2.3821605149565808,2.2924272023898324,2.1687383393154405,2.0041360821732375,1.7911997291744175,1.5199205581797357
1758.0,2.549992571223882,2.5499899846180734,2.549979989058151,2.5499541303261672,2.5498918021505546,2.5497471617994396,2.549423699866946,2.5487285841715863,2.5472968535534313,2.5444759086695847,2.5391660738683446,2.5296254101286473,2.5132660561226645,2.486490085987614,2.4446250020645413,2.38200998027647,2.2922437572943486,2.1685276052647904,2.0039084167238843,1.7909692857128012,1.5197031502587406
1759.0,2.549992522297238,2.5499899214854356,2.5499798737049177,2.5499538907168895,2.5498912920506442,2.549746091343965,2.549421521799217,2.5487243235988424,2.5472888822378095,2.5444616931880297,2.539141969948961,2.529586621404914,2.513206899329371,2.4864046751534503,2.4445083629208892,2.381859447246079,2.292060342136603,2.168316931022602,2.0036808361196945,1.7907389411023078,1.5194858402701585
1760.0,2.5499924730995285,2.5499898580198974,2.549979757804604,2.5499536501011915,2.5498907800687247,2.5497450174535716,2.5494193377285597,2.5487200530957117,2.5472808955117494,2.544447455471131,2.5391178365180447,2.5295477972045943,2.513147704929008,2.48631923115761,2.4443917036470797,2.3817089159057683,2.291876956929906,2.168106316564911,2.003453340300035,1.7905086952600275,1.5192686281070629
1761.0,2.5499924236295612,2.549989794220078,2.549979641355229,2.549953408475989,2.5498902662000242,2.5497439401212647,2.5494171476455922,2.548715772651133,2.547272893364673,2.5444331955126973,2.5390936735789964,2.5295089375456263,2.5130884729562104,2.486233754048175,2.44427502429478,2.381558386295809,2.2916936016875056,2.16789576186775,2.0032259292043464,1.7902785481031522,1.5190515136633866
1762.0,2.5499923738861403,2.549989730084594,2.549979524354809,2.5499531658381933,2.5498897504397666,2.549742859340046,2.5494149515409306,2.548711482254056,2.5472648757860243,2.5444189133065693,2.5390694811352468,2.5294700424459653,2.5130292034456,2.486148243873183,2.4441583249155783,2.3814078584563836,2.291510276422589,2.167685266907151,2.00299860277214,1.7900484995489683,1.518834496833887
1763.0,2.5499923238680675,2.549989665612058,2.549979406801353,2.5499529221847133,2.5498892327831695,2.5497417751029143,2.5494127494051955,2.548707181893441,2.5472568427652673,2.5444046088466172,2.539045259190258,2.5294311119235866,2.5129698964317906,2.4860627006806206,2.444041605560979,2.381257332427586,2.2913269811482806,2.167474831659144,2.0027713609430036,1.7898185495148529,1.51861757751411
1764.0,2.549992273574138,2.549989600801078,2.54997928869287,2.5499526775124486,2.549888713225446,2.5497406874028643,2.549410541229006,2.5487028715582576,2.5472487942918884,2.5443902821267415,2.5390210077475257,2.5293921459964834,2.5129105519493864,2.4859771245184277,2.4439248662824102,2.381106808249421,2.291143715877641,2.1672644560997534,2.0025442036565946,1.7895886979182714,1.5184007556003594
1765.0,2.5499922230031475,2.5499895356502575,2.54997917002736,2.5499524318182956,2.549888191761803,2.549739596232888,2.549408327002986,2.548698551237486,2.5472407303553934,2.5443759331408726,2.5389967268105753,2.5293531446826685,2.51285117003298,2.485891515434495,2.4438081071312165,2.380956285961804,2.290960480623674,2.167054140205005,2.0023171308526457,1.7893589446767717,1.518184030989666
1766.0,2.5499921721538836,2.549989470158198,2.5499790508028215,2.5499521850991447,2.549887668387443,2.549738501585974,2.5494061067177594,2.5486942209201158,2.5472326509453103,2.5443615618829716,2.5389724163829652,2.5293141080001726,2.5127917507171547,2.4858058734766666,2.4436913281586636,2.380805765604563,2.2907772753993165,2.1668438839509196,2.002090142470963,1.7891292897079822,1.5179674035797575
1767.0,2.5499921210251335,2.5499894043234965,2.5499789310172467,2.5499519373518824,2.549887143097565,2.5497374034551075,2.5494038803639514,2.548689880595149,2.5472245560511872,2.5443471683470302,2.538948076468283,2.529275035967045,2.5127322940364842,2.4857201986927375,2.4435745294159386,2.380655247217438,2.2905941002174486,2.1666336873135177,2.001863238451424,1.7888997329296095,1.5177508732690324
1768.0,2.549992069615679,2.549989338144745,2.5499788106686236,2.5499516885733895,2.549886615887361,2.549736301833271,2.54940164793219,2.5486855302515954,2.547216445662595,2.5443327525270694,2.538923707070149,2.529235928601354,2.5126728000255314,2.485634491130455,2.443457710954146,2.3805047308400797,2.2904109550908864,2.1664235502688176,2.0016364187339786,1.788670274259434,1.5175344399565327
1769.0,2.549992017924299,2.5499892716205315,2.549978689754936,2.5499514387605413,2.549886086752018,2.5497351967134447,2.549399409413105,2.548681169878476,2.547208319769123,2.544318314417141,2.538899308192216,2.529196785921185,2.5126132687188476,2.485548750837519,2.443340872824313,2.3803542165120533,2.2902278400323874,2.1662134727928355,2.00140968325865,1.78844091361531,1.5173181035419199
1770.0,2.5499919659497676,2.5499892047494406,2.549978568274163,2.5499511879102066,2.5498855556867177,2.549734088088603,2.5493971647973273,2.5486767994648214,2.5472001783603844,2.5443038540113254,2.5388748798381666,2.5291576079446423,2.512553700150976,2.4854629778615798,2.4432240150773854,2.380203704272835,2.290044755054647,2.166003454861585,2.0011830319655335,1.7882116509151618,1.517101863925452
1771.0,2.5499919136908558,2.5499891375300545,2.549978446224279,2.5499509360192514,2.5498850226866376,2.549732975951719,2.5493949140754895,2.5486724189996743,2.5471920214260115,2.5442893713037353,2.538850422011715,2.529118394689849,2.5124940943564473,2.485377172250241,2.443107137764231,2.3800531941618135,2.2898617001703014,2.1657934964510788,2.000956464794798,1.787982486076983,1.5168857210079603
1772.0,2.549991861146333,2.5499890699609487,2.5499783236032547,2.549950683084536,2.549884487746949,2.5497318602957626,2.549392657238227,2.5486680284720857,2.5471838489556577,2.5442748662885126,2.5388259347166042,2.529079146174944,2.5124344513697836,2.4852913340510576,2.4429902409356363,2.37990268621829,2.289678675391924,2.1655835975373283,2.0007299816866833,1.7877534190188356,1.516669674690828
1773.0,2.54999180831496,2.5499890020406957,2.549978200409054,2.549950429102915,2.54988395086282,2.5497307411137005,2.549390394276177,2.548663627871117,2.547175660938998,2.544260338959828,2.5388014179566123,2.529039862418087,2.5123747712254945,2.4852054633115364,2.44287332464231,2.3797521804814803,2.2894956807320304,2.1653737580963432,2.0005035825814996,1.7875244496588472,1.5164537248759717
1774.0,2.5499917551954994,2.549988933767866,2.549978076639638,2.549950174071236,2.5498834120294123,2.549729618398495,2.549388125179976,2.5486592171858424,2.547167457365729,2.5442457893118844,2.538776871735545,2.5290005434374545,2.5123150539580794,2.4851195600791383,2.442756388934882,2.379601676990512,2.289312716203075,2.1651639781041316,2.0002772674196327,1.7872955779152118,1.5162378714658218
1775.0,2.549991701786706,2.5499888651410223,2.5499779522929646,2.549949917986345,2.5498828712418837,2.5497284921431076,2.549385849940266,2.5486547964053434,2.547159238225566,2.5442312173389126,2.53875229605724,2.5289611892512407,2.512255299602028,2.485033624401274,2.4426394338639024,2.379451175784427,2.2891297818174534,2.1649542575367002,2.000051036141537,1.7870668037061876,1.516022114363304
1776.0,2.549991648087332,2.5499887961587273,2.549977827366983,2.5499496608450807,2.5498823284953844,2.549727362340496,2.549383568547689,2.5486503655187143,2.5471510035082474,2.5442166230351737,2.5387276909255654,2.5289217998776565,2.5121955081918186,2.4849476563253066,2.442522459479841,2.3793006769021803,2.288946877587501,2.164744596370054,1.9998248886877381,1.786838126950097,1.5158064534718227
1777.0,2.5499915940961273,2.549988726819538,2.5499777018596417,2.549949402644276,2.5498817837850627,2.549726228983614,2.5493812809928897,2.548645924515059,2.5471427532035325,2.544202006394959,2.5387030563444206,2.5288823753349305,2.512135679761919,2.484861655898552,2.4424054658330916,2.3791501803826405,2.2887640035254937,2.1645349945801984,1.9995988249988341,1.786609547565326,1.5155908886952445
1778.0,2.5499915398118356,2.549988657122006,2.549977575768882,2.549949143380761,2.5498812371060597,2.5497250920654126,2.5493789872665134,2.5486414733834906,2.5471344873012005,2.544187367412589,2.5386783923177347,2.5288429156413104,2.5120758143467854,2.484775623168277,2.4422884529739664,2.37899968626459,2.2885811596436483,2.1643254521431357,1.999372845015493,1.7863810654703238,1.515375419937883
1779.0,2.549991485233199,2.549988587064681,2.5499774490926423,2.5499488830513584,2.549880688453512,2.5497239515788417,2.549376687359209,2.548637012113134,2.5471262057910535,2.5441727060824157,2.538653698849469,2.528803420815061,2.5120159119808636,2.484689558181702,2.442171420952702,2.378849194586726,2.288398345954123,2.1641159690348686,1.9991469486784532,1.7861526805836025,1.5151600471044846
1780.0,2.549991430358954,2.549988516646107,2.549977321828856,2.549948621652887,2.549880137822551,2.5497228075168445,2.549374381261628,2.548632540693123,2.547117908662912,2.544158022398819,2.5386289759436127,2.5287638908744627,2.511955972698587,2.4846034609859995,2.442054369819454,2.37869870538766,2.288215562469017,2.1639065452313995,1.9989211359285242,1.7859243928237365,1.5149447701002132
1781.0,2.5499913751878363,2.549988445864826,2.5499771939754527,2.5499483591821597,2.5498795852083043,2.5497216598723647,2.5493720689644217,2.548628059112604,2.5471095959066195,2.5441433163562093,2.5386042236041875,2.528724325837815,2.5118959965343803,2.4845173316282936,2.4419372996243003,2.3785482187059173,2.288032809200369,2.1636971807087275,1.9986954067065856,1.7856962021093632,1.514729588830638
1782.0,2.5499913197185737,2.549988374719374,2.549977065530354,2.549948095635984,2.5498790306058945,2.549720508638342,2.5493697504582444,2.5486235673607327,2.5471012675120397,2.544128587949025,2.5385794418352443,2.528684725723433,2.5118359835226554,2.48443117015566,2.441820210417242,2.378397734579938,2.2878500861601636,2.163487875442853,1.9984697609535862,1.7854681083591841,1.5145145032017213
1783.0,2.549991263949893,2.5499883032082846,2.549976936491481,2.5499478310111647,2.549878474010438,2.5497193538077116,2.5493674257337537,2.548619065426676,2.5470929234690574,2.5441138371717367,2.5385546306408644,2.5286450905496505,2.511775933697813,2.4843449766151284,2.4417031022482,2.378247253048077,2.287667393360322,2.163278629409775,1.9982441986105448,1.7852401114919612,1.5142995131198054
1784.0,2.5499912078805176,2.549988231330087,2.5499768068567485,2.5499475653044983,2.5498779154170466,2.5497181953734076,2.549365094781607,2.5486145532996107,2.547084563767579,2.5440990640188446,2.5385297900251595,2.5286054203348174,2.5117158470942433,2.484258751053678,2.441585975167019,2.378096774148606,2.2874847308127104,2.1630694425854937,1.9980187196185488,1.785012211426521,1.5140846184916024
1785.0,2.5499911515091647,2.5499881590833047,2.549976676624067,2.5499472985127776,2.5498773548208273,2.5497170333283603,2.5493627575924656,2.548610030968724,2.5470761883975315,2.544084268484875,2.538504919992271,2.5285657150972995,2.5116557237463257,2.4841724935182428,2.441468829223465,2.3779462979197086,2.2873020985291355,2.1628603149460064,1.9977933239187546,1.7847844080817532,1.5138698192241826
1786.0,2.54999109483455,2.5499880864664597,2.5499765457913415,2.5499470306327896,2.5498767922168826,2.5497158676654994,2.5493604141569914,2.5486054984232145,2.5470677973488627,2.544069450564387,2.5384800205463707,2.528525974855481,2.511595563688427,2.484086204055707,2.441351664467225,2.3777958243994872,2.287119496521347,2.162651246467311,1.997568011452388,1.784556701376611,1.5136551152249638
1787.0,2.5499910378553836,2.5499880134780684,2.5499764143564736,2.5499467616613174,2.5498762276003104,2.5497146983777483,2.549358064465851,2.54860095565229,2.547059390611541,2.5440546102519677,2.538455091691661,2.5284861996277614,2.5115353669549023,2.483999882712909,2.4412344809479105,2.377645353625957,2.286936924801036,2.162442237125404,1.9973427821607432,1.7843290912301117,1.5134405064017027
1788.0,2.5499909805703727,2.5499879401166443,2.5499762823173593,2.5499464915951378,2.5498756609662014,2.54971352545803,2.5493557085097103,2.548596402645171,2.547050968175557,2.544039747542235,2.538430133432371,2.528446389432559,2.5114751335800958,2.4839135295366375,2.4411172787150544,2.3774948856370512,2.286754383379838,2.162233286896284,1.9971176359851814,1.784101577561337,1.5132259926624854
1789.0,2.5499909229782216,2.549987866380695,2.5499761496718913,2.5499462204310226,2.549875092309644,2.549712348899264,2.54935334627924,2.5485918393910856,2.547042530030921,2.5440248624298336,2.538405145772765,2.528406544288307,2.5114148635983407,2.483827144573636,2.4410000578181124,2.3773444204706173,2.2865718722693296,2.1620243957559486,1.9968925728671334,1.7838741602894337,1.5130115739157177
1790.0,2.5499908650776293,2.5499877922687264,2.549976016417956,2.5499459481657394,2.5498745216257213,2.5497111686943668,2.5493509777651115,2.548587265879276,2.5470340761676655,2.544009954909441,2.5383801287171313,2.5283666642134532,2.5113545570439575,2.483740727870598,2.4408828183064615,2.37719395816442,2.28638939148103,2.161815563680394,1.9966675927480952,1.7836468393336142,1.5127972500701168
1791.0,2.5499908068672923,2.5499877177792385,2.549975882553437,2.5499456747960494,2.54987394890951,2.549709984836251,2.549348602957999,2.548582682098992,2.547025606575842,2.5439950249757604,2.5383550822697916,2.5283267492264656,2.5112942139512553,2.483654279474171,2.4407655602294036,2.3770434987561404,2.2862069410264025,2.1616067906456173,1.9964426955696324,1.783419614613156,1.5125830210347042
1792.0,2.549990748345902,2.5499876429107275,2.549975748076211,2.549945400318709,2.5498733741560833,2.5497087973178294,2.549346221848579,2.548578088039497,2.5470171212455246,2.5439800726235267,2.538330006435096,2.5282867993458265,2.5112338343545333,2.4835677994309533,2.4406482836361625,2.3768930422833745,2.286024520916854,2.161398076627616,1.9962178812733757,1.7831924860474044,1.5123688867187968
1793.0,2.5499906895121462,2.5499875676616868,2.5499756129841518,2.54994512473047,2.549872797360509,2.549707606132009,2.54934383442753,2.548573483690062,2.54700862016681,2.543965097847504,2.538304901217425,2.5282468145900334,2.5111734182880756,2.4834812877874963,2.4405309885758846,2.376742588783637,2.285842131163733,2.1611894216023875,1.9959931498010237,1.782965453555771,1.5121548470319992
1794.0,2.5499906303647095,2.549987492030605,2.54997547727513,2.54994484802808,2.54987221851785,2.5497064112716967,2.5493414406855326,2.5485688690399715,2.5470001033298115,2.5439501006424856,2.538279766621186,2.528206794977602,2.5111129657861575,2.4833947445903046,2.440413675097641,2.3765921382943587,2.285659771778333,2.160980825545929,1.9957685010943402,1.7827385170577346,1.5119409018842
1795.0,2.5499905709022728,2.5499874160159663,2.549975340947008,2.549944570208279,2.5498716376231654,2.5497052127297946,2.549339040613271,2.548564244078519,2.5469915707246673,2.543935081003292,2.538254602650818,2.5281667405270625,2.511052476883041,2.483308169885835,2.440296343250424,2.3764416908528867,2.285477442771892,2.160772288434238,1.9955439350951565,1.782511676472843,1.5117270511855603
1796.0,2.5499905111235126,2.549987339616252,2.5499752039976458,2.549944291267803,2.5498710546715078,2.549704010499203,2.5493366342014316,2.548559608795008,2.546983022341535,2.543920038924775,2.5382294093107896,2.5281266512569625,2.510991951612975,2.4832215637204933,2.4401789930831517,2.376291246496485,2.285295144155588,2.1605638102433136,1.995319451745368,1.7822849317207128,1.5115132948465115
1797.0,2.5499904510271025,2.549987262829937,2.5499750664248975,2.549944011203385,2.549870469657927,2.5497028045728194,2.549334221440701,2.548554963178755,2.5469744581705926,2.5439049744018143,2.538204186605596,2.528086527185863,2.5109313900101986,2.483134926140644,2.4400616246446627,2.3761408052623376,2.2851128759405483,2.1603553909491535,1.9950950509869365,1.782058282721029,1.5112996327777464
1798.0,2.54999039061171,2.549987185655495,2.5499749282266153,2.5499437300117487,2.549869882577466,2.549701594943539,2.549331802321769,2.5485503072190876,2.546965878202041,2.543889887429319,2.5381789345397645,2.5280463683323426,2.510870792108938,2.4830482571925985,2.4399442379837217,2.3759903671875438,2.284930638137842,2.160147030527758,1.9948707327618889,1.7818317293935486,1.511086064890215
1799.0,2.549990329876001,2.5499871080913943,2.5499747894006437,2.549943447689616,2.549869293425164,2.5497003816042536,2.549329376835331,2.5485456409053397,2.5469572824261,2.543874778002227,2.5381536531178495,2.528006174714995,2.5108101579434066,2.4829615569226235,2.439826833149016,2.375839932309121,2.284748430758481,2.1599387289551255,1.9946464970123166,1.7816052716580981,1.5108725910951182
1800.0,2.5499902688186364,2.5499870301360983,2.549974649944825,2.5499431642337025,2.549868702196055,2.549699164547853,2.5493269449720817,2.548540964226861,2.5469486708330114,2.543859646115506,2.538128342344436,2.52796594635243,2.5107494875478062,2.4828748253769386,2.439709410189156,2.3756895006640057,2.2845662538134244,2.1597304862072573,1.9944223436803756,1.7813789094345756,1.5106592113039032
