time_s,r_0.0_cm,r_0.1_cm,r_0.2_cm,r_0.3_cm,r_0.4_cm,r_0.5_cm,r_0.6_cm,r_0.7_cm,r_0.8_cm,r_0.9_cm,r_1.0_cm,r_1.1_cm,r_1.2_cm,r_1.3_cm,r_1.4_cm,r_1.5_cm,r_1.6_cm,r_1.7_cm,r_1.8_cm,r_1.9_cm,r_2.0_cm
0.0,28.0,28.0,28.0,28.0,28.0,28.0,28.0,28.0,28.0,28.0,28.0,28.0,28.0,28.0,28.0,28.0,28.0,28.0,28.0,28.0,28.0
1.0,28.0,28.0,28.0,28.0,28.0,28.0,28.0,28.0,28.0,28.0,28.0,28.0,28.0,28.0,28.0,28.0,28.0,28.000000000002565,28.00000000758298,28.000002218011055,28.000135438145143
2.0,28.0,28.0,28.0,28.0,28.0,28.0,28.0,28.0,28.0,28.0,28.0,28.0,28.0,28.0,28.0,28.000000000000135,28.00000000006345,28.00000001133938,28.000000867574663,28.00002944954379,28.00044964693104
3.0,28.0,28.0,28.0,28.0,28.0,28.0,28.0,28.0,28.0,28.0,28.0,28.0,28.0,28.0,28.000000000000437,28.000000000065153,28.00000000540378,28.000000253474784,28.000006735878316,28.000101208153005,28.000868882325282
4.0,28.0,28.0,28.0,28.0,28.0,28.0,28.0,28.0,28.0,28.0,28.0,28.0,28.0,28.000000000000394,28.000000000034206,28.00000000190356,28.000000068406965,28.000001581480777,28.000023409356622,28.000221968297417,28.00136955481537
5.0,28.0,28.0,28.0,28.0,28.0,28.0,28.0,28.0,28.0,28.0,28.0,28.0,28.00000000000022,28.00000000001365,28.000000000591065,28.000000017905865,28.00000037774869,28.000005521539208,28.000055779106713,28.000391231663627,28.001939069993995
6.0,28.0,28.0,28.0,28.0,28.0,28.0,28.0,28.0,28.0,28.0,28.0,28.000000000000096,28.00000000000474,28.0000000001722,28.000000004625658,28.000000091387864,28.000001321613713,28.000013942311366,28.000107324470978,28.000607182223142,28.002569204010257
7.0,28.0,28.0,28.0,28.0,28.0,28.0,28.0,28.0,28.0,28.0,28.000000000000036,28.000000000001517,28.000000000048423,28.000000001188546,28.00000002233788,28.00000032003968,28.0000034828589,28.000028746046258,28.00018037109556,28.000867736466102,28.003254027903125
8.0,28.0,28.0,28.0,28.0,28.0,28.0,28.0,28.0,28.0,28.000000000000014,28.000000000000462,28.000000000013333,28.000000000305004,28.000000005508483,28.00000007825801,28.00000087147053,28.000007589532746,28.000051694300925,28.00027642339827,28.00117086074204,28.003989002044282
9.0,28.0,28.0,28.0,28.0,28.0,28.0,28.0,28.0,28.0,28.000000000000135,28.000000000003627,28.000000000078362,28.00000000136932,28.00000001930031,28.000000218680682,28.000001986637844,28.000014454695602,28.00008433750564,28.00039642146955,28.001514665084922,28.004770505121083
10.0,28.0,28.0,28.0,28.0,28.0,28.0,28.0,28.0,28.00000000000004,28.000000000000984,28.000000000020194,28.000000000343004,28.00000000479749,28.000000055073254,28.000000517489706,28.0000039733138,28.00002492435184,28.000128001923642,28.00054091918447,28.001897422586588,28.005595560759744
11.0,28.0,28.0,28.0,28.0,28.0,28.0,28.0,28.000000000000014,28.000000000000266,28.000000000005226,28.000000000086583,28.000000001201578,28.000000013928467,28.00000013448416,28.000001079356597,28.000007193871554,28.000039839118582,28.00018380321947,28.00071020459954,28.002317563221307,28.006461666255568
12.0,28.0,28.0,28.0,28.0,28.0,28.0,28.0,28.000000000000075,28.00000000000136,28.000000000022034,28.000000000303256,28.00000000353958,28.000000034933958,28.000000290873928,28.000002040255044,28.00001205112067,28.00006000885391,28.000252670097797,28.000904381414102,28.00277365958096,28.007366678990223
13.0,28.0,28.0,28.0,28.0,28.0,28.0,28.00000000000002,28.00000000000036,28.000000000005656,28.00000000007715,28.000000000904443,28.000000009084452,28.000000077989014,28.000000571207647,28.000003565801336,28.00001897459529,28.00008619743218,28.00033537001371,28.001123424644813,28.00326441102535,28.008308737701164
14.0,28.0,28.0,28.0,28.0,28.0,28.000000000000004,28.000000000000096,28.00000000000147,28.000000000019803,28.00000000023257,28.000000002368257,28.00000002085293,28.000000158438038,28.00000103726751,28.00000584811836,28.000028408525537,28.000119114758633,28.000432533438794,28.001367219166855,28.00378862863941,28.00928620594073
15.0,28.0,28.0,28.0,28.0,28.0,28.00000000000003,28.000000000000384,28.00000000000514,28.000000000060258,28.000000000619796,28.000000005571692,28.000000043667715,28.00000029784541,28.000001766094865,28.000009101877584,28.000040801935995,28.00015941365436,28.000544675372737,28.001635586743607,28.004345221774514,28.010297630273342
16.0,28.0,28.0,28.0,28.0,28.000000000000004,28.000000000000103,28.000000000001354,28.00000000001576,28.0000000001631,28.000000001490488,28.00000001198949,28.00000008470736,28.0000005248518,28.000002849772144,28.000013560033903,28.00005660086843,28.00020768986705,28.00067221382031,28.00192830521312,28.004933186310005,28.011341708608597
17.0,28.0,28.0,28.0,28.0,28.00000000000003,28.00000000000036,28.000000000004174,28.000000000043247,28.000000000400007,28.000000003287013,28.000000023930486,28.00000015405149,28.00000087579298,28.000004394680676,28.000019469612724,28.000076242510026,28.000264483990975,28.000815485400302,28.002245122253388,28.00555159452674,28.012417265712482
18.0,28.0,28.0,28.0,28.000000000000004,28.000000000000096,28.000000000001123,28.00000000001159,28.000000000107953,28.00000000090198,28.000000006733654,28.000000044801094,28.000000265187868,28.000001395069763,28.00000652037968,28.00002708777416,28.00010015092982,28.00033028447624,28.000974758419375,28.002585765347728,28.00619958640464,28.01352323393034
19.0,28.0,28.0,28.0,28.00000000000003,28.000000000000313,28.00000000000315,28.00000000002939,28.000000000248395,28.00000000189226,28.00000001294744,28.000000079383433,28.0000004354553,28.000002135280614,28.000009358240476,28.000036678277297,28.00012873411979,28.00040553118916,28.001150243779577,28.002949949052017,28.006876362144737,28.01465863777641
20.0,28.0,28.0,28.000000000000004,28.00000000000009,28.000000000000878,28.000000000008104,28.00000000006888,28.00000000053261,28.000000003729184,28.000000023566074,28.000000134114995,28.00000068640509,28.000003157143947,28.0000130499481,28.000048508396002,28.00016238206517,28.000490619178837,28.00134210406816,28.003337380323064,28.007581175730813,28.015822581446447
21.0,28.0,28.0,28.00000000000003,28.000000000000256,28.000000000002284,28.000000000019323,28.000000000150692,28.000000001073833,28.000000006959272,28.00000004088895,28.000000217357933,28.00000104407213,28.000004529244304,28.00001774595878,28.00006284629138,28.00020146560932,28.000585902435567,28.001550461136677,28.00374776243878,28.00831332936922,28.01701423857672
22.0,28.0,28.000000000000007,28.000000000000078,28.00000000000067,28.000000000005528,28.000000000043062,28.000000000310298,28.000000002051117,28.000000012380035,28.000000068026626,28.000000339647627,28.000001539153565,28.00000632763926,28.00002360397822,28.000079958818265,28.000246335920338,28.0006916975126,28.001775402430514,28.004180797885848,28.009072168669462,28.01823284375523
23.0,28.000000000000004,28.00000000000003,28.00000000000021,28.000000000001638,28.000000000012527,28.00000000009043,28.0000000006057,28.000000003735163,28.000000021111532,28.000000109053836,28.000000513912802,28.000002207098625,28.00000863536238,28.0000307875065,28.000100109727786,28.000297324405278,28.00080828693967,28.002016986286645,28.004636190483726,28.009857078450533,28.019477685417428
24.0,28.000000000000032,28.000000000000075,28.000000000000515,28.000000000003766,28.00000000002679,28.00000000018014,28.00000000112749,28.000000006519617,28.000000034675146,28.000000169161193,28.000000755661656,28.0000030881166,28.000011541854306,28.000039464478796,28.000123558221695,28.00035474295065,28.000935922392852,28.00227524637922,28.00511364693993,28.01066747907688,28.020748099849055
25.0,28.00000000000007,28.000000000000192,28.0000000000012,28.000000000008182,28.000000000054385,28.000000000342315,28.000000002011724,28.000000010957503,28.00000005507779,28.00000025480115,28.000001083130986,28.000004227112555,28.000015142349447,28.000049806019295,28.000150557812635,28.000418884395092,28.00107482760845,28.00255019546053,28.005612877979,28.0115028232444,28.02204346608369
26.0,28.00000000000017,28.00000000000046,28.00000000000266,28.000000000016904,28.000000000105373,28.000000000623587,28.000000003455675,28.00000001780262,28.000000084899455,28.000000373824573,28.000001517397077,28.000005673561315,28.000019537241265,28.000061985316144,28.000181355446422,28.00049002316212,28.001225201042896,28.0028418285179,28.006133599150328,28.012362593149973,28.02336320153034
27.0,28.0000000000004,28.000000000001034,28.000000000005592,28.000000000033364,28.000000000195765,28.00000000109359,28.000000005736624,28.000000028055176,28.00000012738217,28.000000535604766,28.000002082448958,28.000007481330524,28.000024831444314,28.000076176618826,28.000216190845936,28.000568415997936,28.001387218288958,28.003150125445437,28.006675531393043,28.013246297989312,28.02470675820211
28.0,28.00000000000091,28.00000000000221,28.000000000011227,28.000000000063146,28.00000000035013,28.000000001853063,28.000000009233634,28.000000043010978,28.000000186518204,28.00000075114682,28.000002805225662,28.000009708463324,28.00003113376726,28.000092554354904,28.000255296040418,28.00065430277314,28.001561034263275,28.00347505331135,28.007238401416696,28.014153471736858,28.026073619443714
29.0,28.000000000001936,28.000000000004515,28.000000000021632,28.00000000011508,28.000000000605027,28.00000000304367,28.0000000144522,28.00000006431334,28.000000267135864,28.00000103318074,28.00000371562018,28.00001241693025,28.00003855630745,28.000111292360025,28.000298895048402,28.000747907317425,28.001746785182416,28.00381656828743,28.007821941942,28.015083671168973,28.027463297076068
30.0,28.000000000003958,28.00000000000886,28.000000000040146,28.00000000020262,28.000000001013206,28.00000000485958,28.00000002205159,28.000000094006747,28.000000374981102,28.00000139623755,28.000004846453347,28.000015672359197,28.000047213874534,28.000132563213356,28.000347203686992,28.000849438264737,28.00194459034535,28.004174617295135,28.00842589183521,28.01603647409789,28.028875328892045
31.0,28.00000000000776,28.000000000016744,28.000000000071985,28.00000000034569,28.000000001648925,28.00000000756086,28.00000003287448,28.000000134591424,28.000000516793733,28.000001856708067,28.000006233421086,28.000019543750955,28.000057223448238,28.0001565376698,28.000400429483943,28.000959089892337,28.00215455374002,28.00454913941339,28.009049996161846,28.01701147778876,28.030309276449742
32.0,28.000000000014662,28.000000000030575,28.00000000012506,28.000000000573056,28.000000002614197,28.000000011488645,28.000000047978652,28.000000189077817,28.000000700376965,28.000002432884703,28.00000791501877,28.00002410318693,28.00006870367334,28.000183384179792,28.000458771672726,28.001077042942168,28.002376765490776,28.004940067085393,28.009694006179505,28.018008297536543,28.031764723119352
33.0,28.000000000026784,28.00000000005409,28.000000000211074,28.000000000925176,28.000000004046157,28.000000017081994,28.000000068670243,28.000000261040235,28.000000934659663,28.000003144986817,28.00000993244622,28.00002942553449,28.00008177439336,28.00021326848791,28.000522421253972,28.001203465416395,28.002611303162478,28.005347327155302,28.01035767928475,28.01902656538281,28.033241272347325
34.0,28.000000000047432,28.000000000092943,28.000000000346894,28.000000001457792,28.000000006125642,28.000000024896384,28.000000096538177,28.000000354668757,28.00000122975052,28.000004015170617,28.00001232949682,28.000035588154315,28.0000965562234,28.000246353301474,28.000591561109214,28.001338513341743,28.00285823293564,28.005770841760558,28.01104077892596,28.020065928955482,28.034738546107725
35.0,28.00000000008162,28.000000000155485,28.00000000055629,28.000000002246104,28.000000009086826,28.000000035623565,28.000000133489262,28.00000047481881,28.000001596984006,28.000005067524675,28.000015152434006,28.000042670613517,28.00011317016136,28.00028279802118,28.00066636615538,28.001482331499318,28.00311761066598,28.006210529101356,28.011743074491058,28.021126050416942,28.03625618351562
36.0,28.000000000136772,28.000000000253753,28.000000000872078,28.000000003389726,28.00000001322802,28.000000050112746,28.00000018178358,28.00000062705778,28.000002048957846,28.00000632805241,28.00001844985801,28.000050754407162,28.00013173723659,28.000322758526256,28.00074700353051,28.001635054118065,28.003389482840138,28.00666630410528,28.012464341177232,28.02220660550795,28.037793839581308
37.0,28.000000000223626,28.00000000040471,28.0000000013387,28.00000000501839,28.000000018923583,28.000000069392783,28.000000244069703,28.00000081770823,28.000002599562084,28.000007824642765,28.000022272565595,28.00005992269039,28.0001523781941,28.000366387007258,28.000833632802593,28.001796805531175,28.003673887438442,28.007138079002186,28.01320435984803,28.023307282676573,28.039351184087568
38.0,28.0000000003574,28.00000000063186,28.000000002015312,28.000000007298425,28.000000026636854,28.000000094695245,28.000000323419318,28.000001053887242,28.000003263999965,28.000009587030554,28.000026673405067,28.000070260022714,28.000175213212575,28.000413831840316,28.000926406195227,28.00196770079556,28.00397085471436,28.007625763822176,28.0139629168821,28.024427782282732,28.040927900574722
39.0,28.000000000559208,28.000000000967123,28.000000002979373,28.000000010440015,28.00000003693403,28.000000127478025,28.00000042336093,28.00000134354171,28.00000405880093,28.00001164674778,28.000031707128674,28.00008185212552,28.000200361653864,28.00046523749738,28.00102546882465,28.002147846275044,28.004280407899238,28.008129266827357,28.014739804016834,28.02556781587015,28.042523685420523
40.0,28.000000000857856,28.000000001453152,28.00000000433083,28.00000001470527,28.000000050498933,28.000000169449365,28.000000547912254,28.000001695479362,28.000005001826075,28.00001403706721,28.00003743024412,28.00009478565346,28.000227941841946,28.000520744487325,28.001130958943953,28.002337340188372,28.00460256384004,28.008648494886565,28.015534818189447,28.026727105498676,28.044138247003854
41.0,28.000000001291955,28.000000002146074,28.00000000619685,28.000000020417048,28.00000006814852,28.00000022259201,28.000000701611057,28.000002119395322,28.000006112266657,28.000016792939526,28.00004390086672,28.000109147980062,28.00025807086898,28.000580489323678,28.00124300819088,28.002536273123457,28.004937333577054,28.009183353800864,28.01634776137745,28.027905383130655,28.045771304942612
42.0,28.000000001912497,28.00000000311867,28.000000008737164,28.000000027968504,28.000000090849042,28.000000289187273,28.00000088954421,28.000002625894364,28.000007410636005,28.000019950925157,28.000051178573436,28.000125026997647,28.000290864426393,28.000644604514974,28.001361741836526,28.002744728519286,28.005284722867565,28.009733748586374,28.01717844043996,28.02910239006595,28.04742258939756
43.0,28.00000000278583,28.000000004464066,28.000000012150064,28.00000003783338,28.000000119732718,28.00000037183881,28.000001117374666,28.00000322650867,28.00000891875557,28.00002354912192,28.00005932425986,28.000142510931468,28.00032643665875,28.000713218574372,28.001487279032673,28.002962783117184,28.00564473266114,28.01029958372012,28.01802666696107,28.030317876420753,28.049091840435
44.0,28.000000003997098,28.000000006299928,28.00000001667896,28.000000050576908,28.000000156114826,28.000000473495902,28.00000139136626,28.000003933711373,28.0000106597355,28.000027627089384,28.00006840000094,28.00016168816766,28.000364900038456,28.000786456045525,28.001619733056014,28.003190507383138,28.006017359531267,28.010880763353782,28.018892257096002,28.031551600645983,28.050778807441976
45.0,28.000000005654243,28.000000008773217,28.000000022619584,28.000000066867326,28.00000020151101,28.000000597476102,28.000001718406274,28.0000047609259,28.00001265795044,28.000032225770955,28.000078468916143,28.000182647094743,28.00040636525941,28.000864437542027,28.001759211547895,28.003427965902738,28.006402596067804,28.011477191499488,28.0197750314208,28.03280332908149,28.052483248588633
46.0,28.0000000078925,28.000000012065474,28.00000003032778,28.000000087487937,28.000000257654776,28.00000074748699,28.00000210602552,28.000005722531316,28.000014939010974,28.000037387414405,28.000089595039572,28.000205475958087,28.000450941147676,28.000947279798204,28.0019058167486,28.003675217750523,28.006800431234016,28.012088772191177,28.020674814785863,28.034072835542688,28.05420493033292
47.0,28.000000010879404,28.000000016398705,28.00000004022789,28.00000011334962,28.000000326514957,28.000000927647026,28.00000256241603,28.000006833863907,28.000017529731426,28.00004315549158,28.00010184319538,28.000230262726724,28.000498734587676,28.00103509572924,28.002059645725303,28.003932316835193,28.007210850691816,28.01271540962477,28.02159143617377,28.035359900936786,28.05594362696345
48.0,28.000000014820426,28.00000002204177,28.000000052821665,28.000000145503748,28.000000410313117,28.00000114250524,28.0000030964463,28.000008111215152,28.00002045809433,28.000049574617886,28.000115278878802,28.000257094972046,28.000549850462185,28.001127994498844,28.002220790593224,28.00419931222232,28.007633837098172,28.01335700827969,28.022524728561457,28.036664312905785,28.057699120176846
49.0,28.000000019965107,28.000000029317423,28.00000006869773,28.000000185155386,28.00000051154069,28.000001397059812,28.000003717674048,28.000009571826403,28.0000237532122,28.00005669047216,28.000129968142904,28.000286059757595,28.00060439160479,28.001226081593106,28.00238933872954,28.004476248436,28.008069370375548,28.014013473024047,28.023474528786988,28.037985865494075,28.059471198686268
50.0,28.00000002661379,28.000000038609812,28.000000088541505,28.000000233676772,28.000000632975826,28.00000169677528,28.000004436356587,28.000011233880436,28.00002744528704,28.000064549717326,28.000145977491186,28.00031724353941,28.000662458763486,28.001329458899068,28.002565372979834,28.004763165740794,28.008517427958797,28.014684709205657,28.024440677420866,28.039324358838392,28.061259657858223
51.0,28.000000035124884,28.000000050372574,28.000000113145582,28.000000292620953,28.000000777699803,28.000002047598482,28.00000526345882,28.000013116490187,28.000031565567937,28.000073199922248,28.00016337377609,28.000350732076225,28.000724150574193,28.001438224787016,28.00274897185693,28.005060100405363,28.008977985020785,28.015370622730433,28.02542301864194,28.040679598878253,28.063064299375164
52.0,28.00000004592266,28.000000065137414,28.00000014342049,28.000000363735488,28.000000949112923,28.000002455973068,28.000006210658945,28.000015239684895,28.000036146307224,28.000082689485158,28.000182224103227,28.000386610348937,28.000789563543083,28.00155247419551,28.002940209732092,28.005367084948922,28.00945101467871,28.01607112012984,28.026421400117826,28.04205139708525,28.064884930921437
53.0,28.000000059505634,28.00000008352319,28.0000001804058,28.000000448976177,28.00000115094984,28.000002928852588,28.000007290351974,28.000017624393905,28.000041220715534,28.000093067558876,28.000202595741467,28.00042496248865,28.000858792036738,28.0016722987183,28.003139157018612,28.005684148371785,28.00993648818289,28.01678610861865,28.027435672889787,28.043439570209554,28.066721365890665
54.0,28.00000007645534,28.000000106245423,28.00000022528154,28.000000550520735,28.00000138729422,28.000003473712162,28.000008515651093,28.000020292428353,28.000046822916058,28.00010438397811,28.00022455603856,28.000465871712763,28.00093192827925,28.001797786692467,28.003345880347908,28.00601131637101,28.01043437508968,28.01751549614417,28.028465691261985,28.04484394004233,28.06857342311266
55.0,28.000000097445636,28.000000134126264,28.000000279379826,28.000000670782338,28.00000166259266,28.000004098558676,28.000009900387088,28.000023266461035,28.000052987898325,28.000116689188975,28.00024817234227,28.000509420268457,28.001009062355372,28.001929023287154,28.003560442738188,28.006348611542197,28.010944643419897,28.01825919142802,28.029511312694957,28.046264333192774,28.070440926598224
56.0,28.000000123252462,28.00000016810477,28.000000344196696,28.000000812422982,28.000001981667886,28.000004811939547,28.000011459105817,28.00002657000461,28.000059751471802,28.00013003418091,28.0002735119268,28.00055568938314,28.001090282219067,28.002066090592397,28.003782903755948,28.006696053568394,28.011467259804135,28.019017104001257,28.030572397703242,28.047700580878654,28.072323705300402
57.0,28.00000015476389,28.000000209247585,28.000000421404067,28.000000978366547,28.00000234973112,28.000005622950095,28.00001320706396,28.000030227388386,28.00006715021947,28.000144470421006,28.00030064192432,28.00060475922119,28.0011756737067,28.002209067707685,28.004013319670417,28.007053659396938,28.012002189616066,28.019789144233755,28.031648809756952,28.04915251872928,28.074221592890787
58.0,28.000000192990658,28.000000258759858,28.00000051286175,28.00000117181166,28.000002772393575,28.00000654123948,28.000015160223075,28.000034263733887,28.00007522145164,28.000160049791,28.000329629261408,28.000656708846563,28.00126532055434,28.00235803082977,28.004251743601266,28.007421443405118,28.01254939709483,28.02057522335839,28.032740415187234,28.050619986600072,28.076134427549725
59.0,28.000000239076897,28.000000317996413,28.000000620629525,28.000001396244073,28.00000325567714,28.000007577015307,28.00001733524212,28.000038704929427,28.000084003160236,28.000176824526772,28.000360540600237,28.00071161619086,28.001359304418585,28.002513053339538,28.004498225659653,28.007799417555415,28.013108845457477,28.021375253490714,28.033847083095402,28.05210282839775,28.078062051769354
60.0,28.00000029431118,28.000000388473104,28.000000746979133,28.000001655448713,28.000003806024125,28.00000874104693,28.000019749468596,28.0000435776038,28.000093533973605,28.000194847160547,28.00039344228418,28.000769558026274,28.00145770490041,28.002674205887644,28.004752813082987,28.008187591540967,28.013680497002284,28.022189147644696,28.03496868526568,28.05360089191546,28.080004312168356
61.0,28.00000036013777,28.000000471878323,28.000000894406245,28.00000195352127,28.000004430306156,28.000010044667448,28.000022420928385,28.000048909099334,28.000103853112073,28.00021417046569,28.000428400287728,28.00083060994317,28.001560599571665,28.002841556478735,28.00501555036359,28.008585972922035,28.014264313203768,28.02301681974556,28.03610509803454,28.055114599982957,28.081995944900587
62.0,28.000000438167998,28.000000570084577,28.000001065642238,28.000002294879287,28.000005135832133,28.0000114997745,28.000025368314372,28.00005472744438,28.000115000344348,28.000234847404123,28.00046548017048,28.00089484633173,28.001668064003745,28.00301517055407,28.00528647937149,28.008994567253957,28.014860254816462,28.0238581875563,28.037256415910377,28.056649679278657,28.08404796572558
63.0,28.000000530191805,28.00000068516011,28.000001263665848,28.000002684272758,28.00000593035531,28.000013118829948,28.00002861097406,28.00006106132546,28.000127015944862,28.000256931076347,28.000504747034963,28.00096234036751,28.00178017179816,28.003195111072447,28.005565639471683,28.009413378223865,28.015468283265488,28.024713223375908,28.03842358869597,28.058211014573132,28.08614123796084
64.0,28.000000638189338,28.00000081938053,28.00000149171456,28.000003126794148,28.0000068220795,28.00001491485835,28.000032168896183,28.000067940059168,28.000139940652147,28.000280474674017,28.000546265488104,28.00103316400038,28.001896994618626,28.003381438589344,28.005853067644207,28.00984240817017,28.01608837154464,28.025582064150484,28.03960799123217,28.059799620243083,28.088269546999552
65.0,28.00000076434249,28.00000097524037,28.000001753295766,28.00000362788789,28.000007819664336,28.000016901444504,28.000036062696505,28.000075393563915,28.0001538156283,28.00030553143503,28.000590099606104,28.001107387946668,28.002018602224496,28.003574211337167,28.006148798700107,28.010281660516423,28.016720527239006,28.02646502061963,28.040810767351804,28.061415232987482,28.090429513656645
66.0,28.000000911046527,28.00000115546452,28.000002052197598,28.000004193359267,28.00000893222976,28.000019092729932,28.000040313602852,28.000083452331687,28.000168682419606,28.00033215460102,28.000636312902607,28.001185081684177,28.0021450625061,28.00377348532828,28.00645286590036,28.01073114508496,28.01736480887158,28.027362492669177,28.042032699480394,28.06305725316329,28.0926188877151
67.0,28.000001080921525,28.000001363019575,28.00000239249945,28.000004829382686,28.00001016935957,28.000021503408483,28.00004494343952,28.00009214739985,28.0001845829184,28.000360397377268,28.00068496829988,28.001266313450103,28.002276441526867,28.003979314546747,28.006765302284233,28.011190884230263,28.018021324715292,28.02827488976657,28.04327427503971,28.064725015187847,28.09483601316104
68.0,28.000001276823753,28.000001601124932,28.000002778582108,28.00000554250938,28.00001154110423,28.00002414872106,28.000049974611056,28.000101510323148,28.00020155932611,28.000390312894947,28.000736128102933,28.00135115024269,28.002412803586957,28.00419175131665,28.0070861425868,28.01166091693077,28.01869022010142,28.029202586067537,28.044535772019923,28.066417869171467,28.097079594817103
69.0,28.000001501856843,28.00000187326368,28.000003215137504,28.00000633967445,28.00001305798281,28.000027044449535,28.00005543008567,28.000111573145947,28.000219654117586,28.00042195417555,28.000789853976688,28.001439657830037,28.002554211332193,28.004410846883673,28.007415425242016,28.012141299754774,28.019371661967938,28.03014590226949,28.045817325089953,28.06813520498305,28.099348576908955
70.0,28.000001759382798,28.00000218319324,28.000003707178045,28.000007228203287,28.0000147309842,28.00003020690998,28.00006133337816,28.00012236837476,28.000238910006704,28.00045537409765,28.00084620692686,28.001531900772093,28.002700725929703,28.004636652156766,28.007753193967268,28.012632105255317,28.0200658254935,28.03110510224726,28.047118971416023,28.069876457143792,28.101642072544816
71.0,28.000002053032702,28.000002534955694,28.000004260045475,28.000008215817438,28.000016571567574,28.000033652945135,28.000067708532573,28.000133928951197,28.000259369913284,28.00049062536599,28.000905247286042,28.0016279424636,28.00285240731615,28.00486921849628,28.008099498667544,28.013133418897368,28.020772884266073,28.032080396541645,28.04844068161638,28.071641103144714,28.103959319500536
72.0,28.00000238671719,28.000002932887767,28.00000487941932,28.000009310639737,28.000018591662098,28.000037399916334,28.000074580104595,28.000146288225327,28.00028107693134,28.00052776048331,28.00096703470739,28.00172784520405,28.003009314504865,28.00510859843053,28.008454395644588,28.01364533547829,28.021493003786357,28.03307194844098,28.04978238068935,28.07342865968494,28.10629965086852
73.0,28.00000276463657,28.00000338163047,28.00000557132478,28.000010521198895,28.00002080366602,28.000041465694807,28.000081973143775,28.00015947992953,28.00030407429881,28.000566831725575,28.00103162816844,28.001831670296735,28.003171505923895,28.00535484621677,28.008817947242516,28.01416795566088,28.02222633758191,28.03407988059563,28.051143962301307,28.075238678505897,28.1086624746883
74.0,28.000003191290638,28.000003886138334,28.000006342140228,28.00001185643348,28.000023220445048,28.000045868652506,28.000089913175625,28.00017353815293,28.000328405368965,28.000607891121536,28.001099085987228,28.001939478173867,28.003339039752785,28.00560801820782,28.00919022110982,28.01470138293621,28.022973025183095,28.035104281259827,28.05252529866347,28.077070742437154,28.111047259297063
75.0,28.000003671488063,28.000004451688255,28.00000719860409,28.000013325695257,28.00002585533016,28.000050627652445,28.000098426183687,28.000188497316515,28.00035411358374,28.000650990437492,28.001169465851785,28.00205132854071,28.00351197422932,28.005868173023345,28.00957128924643,28.015245721130874,28.023733191351027,28.03614520982355,28.053926247445467,28.07892446185397,28.11345352248041
76.0,28.000004210355442,28.000005083887906,28.0000081478213,28.000014938751946,28.000028722114788,28.00005576203865,28.000107538591568,28.000204392148984,28.00038124244949,28.000696181168287,28.00124282486258,28.002167280529193,28.0036903679059,28.00613537154929,28.00996122696865,28.01580107245805,28.024506946108247,28.03720270156228,28.055346656670487,28.080799471581308,28.11588082323778
77.0,28.00000481334587,28.00000578868366,28.0000091972692,28.00001670578942,28.000031835051477,28.000061291625745,28.000117277245142,28.0002212576636,28.000409835515466,28.000743514535003,28.00131921958616,28.00228739285119,28.00387427984442,28.00640967680046,28.010360111884594,28.01636753605632,28.025294385258988,28.038276771647638,28.056786368215672,28.082695428216336,28.118328755400366
78.0,28.000005486247122,28.000006572368097,28.000010354802896,28.000018637413323,28.000035208847983,28.000067236688224,28.00012766939486,28.00023912913618,28.00043993635554,28.0007930414895,28.001398706117197,28.002411723942725,28.004063769746498,28.006691153683803,28.01076802293836,28.016945206939777,28.026095591188053,28.039367418504785,28.058245220335472,28.084612007820752,28.120796942594882
79.0,28.000006235189332,28.000007441587044,28.000011628660122,28.000020744650126,28.000038858662943,28.000073617949514,28.000138742678402,28.000258042084447,28.00047158855343,28.00084481272552,28.00148134014565,28.002540332092266,28.004258898022222,28.006979868696888,28.011185039554526,28.017534175281508,28.02691063379968,28.040474626611534,28.05972304949152,28.086548903931345,28.123285034206503
80.0,28.000007066652262,28.000008403346033,28.00001302746558,28.00002303894766,28.00004280010105,28.000080456570796,28.000150525103685,28.000278032248982,28.00050483569159,28.000898878695523,28.001567177025553,28.002673275548656,28.00445972580409,28.007275889590534,28.011611240896507,28.018134525959603,28.027739571507933,28.041598368829074,28.06121969168458,28.088505825841118,28.125792702097687
81.0,28.000007987472006,28.000009465016383,28.00001456023472,28.00002553217514,28.000047049207833,28.000087774139775,28.000163045032444,28.000299135575922,28.00053972134388,28.00095528963225,28.001656271842247,28.002810612606183,28.004666314915156,28.00757928501848,28.01204670524018,28.0187463383054,28.028582452223244,28.042738608343413,28.062734983425266,28.09048249710912,28.128319637908533
82.0,28.0000090048473,28.00001063434068,28.000016236377032,28.00002823662267,28.00005162246406,28.00009559265937,28.00017633116443,28.000321388201634,28.000576289071795,28.001014095573712,28.001748679475345,28.002952401666313,28.004878727800637,28.007890124190805,28.012491509457025,28.019369686004513,28.029439314302415,28.043895300284834,28.064268762440072,28.09247865426356,28.130865550811123
83.0,28.000010126345224,28.00001191943784,28.00001806569885,28.00003116500029,28.000056536779827,28.000103934536437,28.000190412522393,28.000344826439356,28.00061458242397,28.001075346390287,28.001844454655316,28.003098701276812,28.005097027432218,28.008208476542947,28.012945728597124,28.02000463711097,28.030310187443526,28.045068393081543,28.065820868182126,28.094494045668316,28.13343016562304
84.0,28.000011359906534,28.00001332880759,28.00002005840557,28.000034330436584,28.000061809488344,28.00011282257066,28.000205318438002,28.00036948676796,28.000654644938603,28.001139091812554,28.001943652012237,28.003249570150103,28.005321277193186,28.00853441142797,28.013409435560764,28.02065125414347,28.03119509351684,28.0462578295937,28.067391142196588,28.096528430528192,28.136013221208437
85.0,28.000012713850364,28.000014871334507,28.000022225103486,28.00003774647681,28.00006745833954,28.000122279943582,28.000221078538665,28.000395405822644,28.000696520148168,28.0012053814588,28.002046326115796,28.00340506716323,28.005551540751558,28.00886799783649,28.01388270084685,28.02130959423952,28.032094047328616,28.04746354806599,28.068979428377546,28.098581578012,28.138614469111918
86.0,28.000014196878496,28.000016556291502,28.000024576801064,28.00004142708071,28.00007350149344,28.00013233020796,28.00023772273548,28.000422620387635,28.000740251586024,28.00127426486102,28.002152531506223,28.003565251342053,28.00578788192703,28.00920930414637,28.014365592367003,28.021979709349036,28.033007057318382,28.048685482929724,28.070585573143237,28.1006532664765,28.141233672382523
87.0,28.000015818079117,28.00001839334283,28.00002712490976,28.000045386619917,28.00007995751343,28.00014299727748,28.000255281212205,28.000451167390555,28.0007858827942,28.00134579148872,28.00226232271621,28.003730181832488,28.00603036455647,28.009558397902673,28.014858175314927,28.02266164645337,28.033934126192428,28.049923565479986,28.072209425549893,28.10274328277675,28.14387060455461
88.0,28.000017586930067,28.000020392546645,28.00002988124446,28.000049639875,28.00008684535949,28.000154305416824,28.00027378441536,28.00048108389843,28.000833457331968,28.00142001076978,28.002375754284202,28.0038999178614,28.006279052361606,28.009915345626947,28.01536051208189,28.023355447799194,28.034875251497485,28.05117772444868,28.07385083735911,28.104851421650825,28.146525048759212
89.0,28.000019513301595,28.000022564357025,28.000032858023392,28.000054202032292,28.000094184381386,28.000166279232293,28.000293263045403,28.000512407114936,28.00088301878453,28.001496972108022,28.002492880759664,28.004074518689617,28.0065340088216,28.0102802126545,28.01587266221015,28.024061151139446,28.03583042613904,28.052447886490565,28.07550966307025,28.10697748516895,28.14919679694458
90.0,28.000021607458653,28.000024919625545,28.00003606786773,28.00005908868038,28.00010199431189,28.000178943662878,28.000313748048896,28.000545174378857,28.000934610771523,28.001576724897152,28.00261375670115,28.00425404355931,28.0067952970525,28.010653062997562,28.016394682377424,28.02477878997554,28.036799638848972,28.05373397659642,28.077185759926376,28.109121282238476,28.15188564918898
91.0,28.000023880062706,28.000027469602415,28.00003952380072,28.000064315806455,28.0001102952601,28.000192323971863,28.00033527061168,28.00057942316325,28.000988276954864,28.00165931853103,28.002738436667975,28.00443855163762,28.00706297969481,28.011033959232236,28.016926626406356,28.02550839379673,28.037782874607156,28.055035918444855,28.078878987900367,28.111282628157525,28.15459141309178
92.0,28.000026342173054,28.000030225937177,28.000043239246533,28.000069899792376,28.00011910770487,28.000206445738986,28.00035786215284,28.00061519107529,28.001044061045654,28.00174480241027,28.002866975206427,28.004628101958254,28.007337118810046,28.011422962406815,28.017468545294015,28.02624998831364,28.038780115021343,28.056353634702493,28.08058920966622,28.113461344211323,28.157313903231373
93.0,28.000029005247782,28.00003320067896,28.000047228028734,28.000075857410685,28.00012845248838,28.000221334853144,28.000381554319535,28.000652515856444,28.00110200680989,28.001833225945244,28.002999426831398,28.00482275336232,28.00761777578664,28.01182013196934,28.018020487257147,28.027003595684004,28.03979133866949,28.057687047280417,28.08231629055939,28.115657257305877,28.160052940680636
94.0,28.00003188114422,28.00003640627638,28.000051504368482,28.00008220582045,28.000138350809948,28.000237017505587,28.000406378982376,28.00069143538278,28.00116215807284,28.001924638555767,28.003135846004252,28.005022564439685,28.00790501125523,28.012225525712104,28.01858249778961,28.02776923472926,28.040816521408292,28.059036077553518,28.084060098529218,28.11787019963466,28.162808352571975
95.0,28.00003498211902,28.000039855576993,28.00005608288241,28.000088962563034,28.000148824219952,28.00025352018362,28.000432368231454,28.00073198766525,28.001224558721898,28.00201908966761,28.003276287107784,28.005227593471602,28.008198885013343,28.012639199731115,28.019154619729203,28.02854692114121,28.041855636651317,28.060400646548374,28.085820504085614,28.120100008374468,28.165579971705487
96.0,28.000038320827844,28.000043561826505,28.000060978580315,28.000096145557812,28.000159894614043,28.000270869664774,28.000459554372686,28.00077421084976,28.001289252707924,28.00211662870627,28.00342080441893,28.005437898375455,28.008499455959,28.01306120839862,28.01973689333128,28.029336667678322,28.042908655619943,28.06178067510418,28.08759738024193,28.122346525407142,28.16836763619469
97.0,28.000041910324693,28.000047538667513,28.00006620686256,28.000103773097877,28.00017158422754,28.000289093011382,28.00048796992459,28.000818143216858,28.001356284045016,28.002217305088188,28.003569452079937,28.005653536652,28.00880678203297,28.013491604346942,28.020329356347315,28.030138484351593,28.043975547569836,28.06317608401076,28.089390602455282,28.124609597064328,28.171171189145156
98.0,28.0000457640609,28.000051800138085,28.000071783517356,28.000111863845703,28.000183915630057,28.000308217565514,28.000517647615148,28.000863823181,28.00142569680873,28.002321168209757,28.003722284068544,28.00587456533564,28.009120920169067,28.013930438462054,28.0209320441067,28.030952378599956,28.045056279995517,28.06458679412684,28.09120004856541,28.12688907389279,28.173990478362086
99.0,28.000049895883787,28.00005636066994,28.00007772471781,28.000120436828848,28.00019691172035,28.00032827094424,28.000548620378915,28.00091128928926,28.001497535132867,28.00242826743452,28.003879354167672,28.006101040947893,28.009441926252038,28.014377759885566,28.02154498960054,28.03177835545559,28.046150818815256,28.06601272648144,28.093025598732932,28.129184810438183,28.176825356083434
100.0,28.00005432003505,28.00006123508645,28.000084047018863,28.000129511435667,28.000210595721356,28.000349281035174,28.000580921354025,28.000960580219385,28.00157184320478,28.002538652078744,28.004040715935055,28.006333019454278,28.009769855082446,28.0148336160238,28.022168223566283,28.032616417699344,28.047259128538357,28.067453802360717,28.0948671353776,28.13149666504525,28.179675678735684
101.0,28.000059051148853,28.000066438600353,28.0000907673541,28.000139107411076,28.00022499117541,28.00037127599217,28.00061458387923,28.001011734777258,28.001648665259463,28.00265237139575,28.004206422673217,28.006570556224627,28.01010476034801,28.015298052562894,28.022801774572443,28.03346656600669,28.04838117241658,28.068909943382234,28.096724543116967,28.133824499673032,28.182541306709755
102.0,28.000064104249727,28.00007198681134,28.000097903032444,28.000149244852356,28.000240121939697,28.00039428423122,28.000649641490767,28.001064791893636,28.00172804557235,28.002769474559265,28.00437652740002,28.006813705996912,28.010446694600766,28.015771113488917,28.023445669102628,28.03432879908472,28.04951691258131,28.070381071558423,28.09859770870593,28.136168179723427,28.185422104154853
103.0,28.000069494750193,28.000077895703374,28.000105471734788,28.00015994420498,28.00025601218173,28.000418334426488,28.00068612791909,28.001119790620223,28.00181002845111,28.002890010645977,28.004551082820107,28.007062522844507,28.010795709239652,28.016252841112237,28.024099931638432,28.035203113800513,28.050666310167998,28.071867109350645,28.10048652097736,28.13852757388192,28.18831793878843
104.0,28.00007523844823,28.000084181641885,28.00011349151054,28.000171226258534,28.00027268637509,28.00044345550631,28.000724077085305,28.001176770125056,28.00189465822647,28.003014028617645,28.004730141297365,28.007317060146818,28.011151854497886,28.016743276095266,28.02476458474072,28.036089505301465,28.051829325428983,28.073367979715137,28.102390870784028,28.140902553969347,28.191228681720524
105.0,28.00008135152454,28.00009086137084,28.00012198077411,28.000183112142647,28.000290169295184,28.000469676649328,28.000763523097426,28.001235769687252,28.001981979242146,28.003141577302834,28.004913754828653,28.007577370563123,28.01151517943474,28.017242457483043,28.025439649129027,28.036987967127942,28.05300591783604,28.074883606141885,28.104310650941937,28.14329299480368,28.19415420729116
106.0,28.000087850539703,28.000097952009654,28.00013095830136,28.00019562332298,28.000308486015097,28.00049702728049,28.000804500246268,28.001296828691114,28.002072035844147,28.003272705378603,28.005101975018803,28.00784350600959,28.011885731931176,28.017750422736025,28.026125143758808,28.037898491318796,28.05419604617349,28.076413912687393,28.106245756175223,28.145698774070937,28.197094392919364
107.0,28.000094752431167,28.00010547105004,28.000140443226016,28.000208781597262,28.000327661901512,28.00052553706709,28.000847043001073,28.00135998661965,28.00216487236944,28.003407461352168,28.00529485305708,28.008115517639222,28.012263558689,28.01826720776463,28.026821085896373,28.0388210685101,28.055399668622922,28.07795882400209,28.108196083062627,28.148119772204403,28.200049118962916
108.0,28.000102074510135,28.000113436352724,28.000150455036056,28.00022260909133,28.00034772261065,28.00055523591467,28.000891186004793,28.001425283047553,28.002260533134155,28.00354589354279,28.005492439695068,28.008393455824606,28.012648705233094,28.01879284696509,28.027527491191442,28.039755688027622,28.05661674284025,28.07951826535309,28.110161529985557,28.15055587227153,28.20301826858761
109.0,28.00010983445833,28.000121866144102,28.000161013570057,28.000237128255232,28.00036869408424,28.000586153962796,28.000936964069044,28.001492757633674,28.00235906242139,28.003688050063957,28.005694785226083,28.00867737014334,28.013041215916417,28.019327373256274,28.0282443737472,28.040702337973357,28.057847226025903,28.081092162642943,28.112141997077835,28.15300695986776,28.206001727645326
110.0,28.00011805032474,28.000130779012846,28.000172139013547,28.00025236185929,28.00039060254545,28.00061832158076,28.000984412168766,28.001562450113074,28.002460504468775,28.003833978805986,28.00590193946607,28.008967309365886,28.01344113392737,28.01987081811712,28.028971746187775,28.041661005306537,28.05909107498873,28.082680442424795,28.114137386177045,28.155472923016802,28.208999384560077
111.0,28.0001267405222,28.000140193906432,28.00018385189529,28.000268332990238,28.00041347449478,28.00065176936307,28.001033565436526,28.001634400288623,28.002564903455877,28.00398372741908,28.00611395173604,28.009263321445804,28.013848501299318,28.02042321162449,28.02970961972329,28.042631675919505,28.060348246204285,28.08428303191448,28.116147600777484,28.157953652076824,28.2120111302213
112.0,28.000135923824008,28.000150130127647,28.000196173083626,28.000285065047258,28.00043733670596,28.000686528124838,28.001084459156562,28.001708648022323,28.002672303491437,28.004137343297014,28.006330870845932,28.009565453512028,28.014263358921937,28.02098458249115,28.03045800421226,28.04361433470873,28.061618695867963,28.08589985899998,28.118172545984727,28.160449039652015,28.215036857883838
113.0,28.000145619360403,28.000160607330997,28.00020912378273,28.000302581738115,28.000462216221713,28.000722628896913,28.001137128758476,28.00178523322627,28.002782748600694,28.00429487356139,28.00655274508,28.009873751863235,28.01468574655414,28.0215549581037,28.03121690822165,28.04460896564138,28.062902379943488,28.087530852248424,28.12021212847171,28.162958980509263,28.218076463074038
114.0,28.00015584661506,28.000171645519163,28.000222725528864,28.00032090707515,28.000488140349514,28.00076010292095,28.001191609810714,28.001864195853443,28.002896282712676,28.004456365046586,28.006779622183537,28.010188261963968,28.015115702838397,28.022134364560348,28.031986339084384,28.045615551817598,28.06419925420713,28.089175940911137,28.122266256436355,28.16548337149939,28.221129843501444
115.0,28.000166625421503,28.00018326503935,28.00023700018661,28.000340065371326,28.000515136657192,28.000798981644188,28.00124793801376,28.001945575888254,28.003012949647665,28.004621864285433,28.007011549351038,28.010509028442485,28.01555326531624,28.022722826708286,28.032766302954506,28.046634075528967,28.065509274288114,28.090835054926814,28.12433483956063,28.16802211148274,28.224196898975666
116.0,28.000177975959527,28.000195486579628,28.00025196994507,28.00036008123619,28.00054323296849,28.00083929671413,28.001306149193105,28.00202941333694,28.003132793104825,28.00479141749556,28.007248573215637,28.010836095090117,28.0159984704447,28.023320368180656,28.033556804860073,28.047664518313244,28.066832395705514,28.092508124923196,28.12641778897107,28.170575101258695,28.227277531328024
117.0,28.00018991875153,28.000208331165272,28.000267657314055,28.000380979571776,28.00057245735849,28.000881079973002,28.00136627929203,28.002115748217907,28.00325585665001,28.00496507056656,28.00749073983983,28.011169504862075,28.01645135361363,28.023927011432963,28.034357848753714,28.048706861005705,28.06816857390192,28.094195082217336,28.12851501720067,28.17314224349897,28.230371644337556
118.0,28.000202474658852,28.000221820155016,28.0002840851202,28.000402785568493,28.00060283814893,28.00092436345206,28.00142836436417,28.002204620551968,28.00338218370392,28.005142869047805,28.007738094707364,28.011509299879506,28.016911949163678,28.024542777778883,28.03516943756105,28.04976108378731,28.06951776427424,28.095895858814693,28.130626438152067,28.17572344268428,28.233479143661153
119.0,28.000215664878073,28.00023597523731,28.00030127650307,28.000425524700866,28.000634403903415,28.000969179365722,28.001492440565947,28.002296070352582,28.003511817530462,28.005324858137165,28.007990682716336,28.011855521432743,28.017380290404834,28.025167687425352,28.035991573227065,28.050827166229872,28.070879922201804,28.097610387407183,28.13275196706207,28.17831860504424,28.23659993676742
120.0,28.00022951093728,28.00025081842653,28.0003192549112,28.000449222723308,28.000667183422507,28.00101556010558,28.001558544148867,28.00239013761609,28.003644801225523,28.005511082670314,28.008248548173334,28.01220820998557,28.01785640963537,28.025801759506983,28.036824256760383,28.051905087338465,28.07225500307204,28.099338601370356,28.134891520467374,28.18092763850024,28.239733932874024
121.0,28.000244034692287,28.000266372059162,28.000338044098104,28.00047390566572,28.0007012057387,28.001063538234195,28.0016267114517,28.002486862312036,28.00378117770604,28.0057015871109,28.008511734788623,28.012567405180487,28.018340338161188,28.026445012119662,28.03766748827563,28.052994825591224,28.073642962303964,28.10108043475891,28.137045013701293,28.183549730077242,28.242836922886546
122.0,28.000259258322828,28.000282658789917,28.000357668118223,28.000499599829073,28.000736500111277,28.001113146478836,28.001696978892557,28.00258628437351,28.003920989699473,28.00589641554141,28.008780285672273,28.012933145844784,28.01883210631529,28.027097462353396,28.03852126703396,28.054096358976704,28.075043755348922,28.102835818612697,28.139212090593833,28.18617736510956,28.245894703457004
123.0,28.000275204328712,28.000299701587856,28.000378151322796,28.00052633178087,28.000773096021046,28.001164417725043,28.001769382960948,28.002688443687653,28.004064279733687,28.006095611654743,28.009054243331246,28.013305469997427,28.019331743477544,28.02775912632432,28.0393855914816,28.055209665007986,28.0764573360532,28.104604616841595,28.141391317570477,28.18880409958996,28.248931211383223
124.0,28.00029189552594,28.000317523732406,28.00039951835571,28.00055412835054,28.000811023164975,28.00121738501012,28.001843960209744,28.00279338008627,28.004211090127203,28.006299218746488,28.009333649667305,28.01368441485657,28.019839278094402,28.02843001920577,28.040260459276432,28.05633472024126,28.07788364298671,28.106386486966915,28.14358072767602,28.191428390100146,28.2519540467771
125.0,28.000309355042766,28.000336148809367,28.000421794149243,28.000583016624756,28.000850311450726,28.00127208151647,28.00192074724717,28.002901133336604,28.004361462979908,28.006507279707908,28.009618545975716,28.014070016847718,28.0203547376987,28.029110155254823,28.04114586718509,28.05747149736256,28.07932257042872,28.108180868550495,28.14577865016076,28.194050314584654,28.254967229492237
126.0,28.000327606315718,28.000355600706857,28.000445003919776,28.000613023942623,28.000890990991053,28.001328540564916,28.001999780728752,28.00301174313227,28.00451544016413,28.006719837019546,28.009908972944736,28.014462311612377,28.020878148928198,28.02979954780668,28.042041810462635,28.058619958622558,28.080773947788504,28.10998709024235,28.147983875282517,28.196670381645475,28.257973357074718
127.0,28.000346673085556,28.0003759036112,28.000469173163406,28.00064417789083,28.000933092098133,28.001386795607907,28.002081097349315,28.003125249084363,28.00467306331619,28.006936932745482,28.01020497065572,28.014861334016864,28.021409537536503,28.030498209153475,28.042948281327593,28.059780048225278,28.082237541194612,28.11180447039804,28.150195570215292,28.19928918837953,28.26097428088319
128.0,28.0003665793932,28.000397082002742,28.000494327651502,28.000676506298642,28.000976645277817,28.001446880222666,28.002164733834995,28.00324169071286,28.004834373828356,28.007158608528222,28.01050657858387,28.015267118159663,28.02194892837744,28.031206150196446,28.043865266684797,28.06095168729009,28.083713069625816,28.113632373844855,28.15241317071935,28.201907316963364,28.26397140103905
129.0,28.000387349575572,28.00041916065162,28.00052049342619,28.00071003723291,28.00102168122374,28.001508828104303,28.00225072693532,28.003361107438124,28.00499941284124,28.007384905584125,28.010813835599045,28.01567969737292,28.022496345332517,28.03192337982501,28.044792745733194,28.062134772758935,28.085200224526385,28.115470234819536,28.15463629742869,28.20452530405143,28.26696581982368
130.0,28.00040900826138,28.00044216461347,28.000547696795728,28.000744798992894,28.001068230811423,28.001572673058895,28.002339113415346,28.003483538572716,28.00516822123656,28.007615864699293,28.0111267799657,28.016099104209875,28.02305181115414,28.032649904089993,28.045730688096572,28.063329179547534,28.086698686777762,28.11731756120912,28.156864697805474,28.20714363442916,28.269958430694746
131.0,28.000431580366865,28.000466119225052,28.000575964329883,28.000780820105067,28.001116325092255,28.001638448996534,28.002429930047867,28.003609023313423,28.005340839630367,28.007851526225636,28.01144544933964,28.016525370408335,28.023615347217,28.03338572531478,28.046679052808546,28.064534764545638,28.088208139194535,28.1191739301237,28.159098206896346,28.209762742990225,28.27294997404198
132.0,28.000455091091457,28.000491050099804,28.00060532285514,28.000818129317825,28.001165995287423,28.001706189924366,28.002523213605752,28.003737600733505,28.005517308366517,28.00809193007651,28.01176988075847,28.016958526822094,28.02418697319478,28.034130841293702,28.04763778817073,28.065751371251526,28.089728274797917,28.121038980188533,28.16133672077307,28.212383019350433,28.275941074152552
133.0,28.000479565913384,28.000516983123358,28.0006357994499,28.000856755596114,28.00121727278181,28.001775929939654,28.002619000854345,28.003869309775215,28.005697667510365,28.008337115721016,28.0121001106223,28.017398603317517,28.02476670669731,28.03488524468392,28.048606832317965,28.066978834257853,28.09125880178286,28.122912403161266,28.163580178374165,28.215004812979195,28.27893226482461
134.0,28.000505030585163,28.000543944448943,28.000667421439562,28.000896728115972,28.001270189117808,28.0018477032228,28.002717328544,28.00400418924246,28.0058819568423,28.008587122175616,28.012436174661573,28.01784562863881,28.025354562908923,28.035648922639943,28.049586114263466,28.068216983188048,28.092799446126257,28.12479393601955,28.165828548928527,28.217628438069422,28.281924007753716
135.0,28.000531511129093,28.000571960492742,28.000700216391586,28.000938076259065,28.001324775989143,28.001921544030456,28.00281823340272,28.004142277793626,28.006070215850798,28.0088419879918,28.01277810789074,28.01829963025079,28.025950554264096,28.036421856692076,28.050575555210674,28.0694656459388,28.094349952607864,28.126683353945975,28.168081823129718,28.220254177892585,28.284916706119564
136.0,28.000559033832623,28.000601057929167,28.000734212110423,28.000980829607077,28.001381065234604,28.001997486688595,28.00292175212888,28.00428361393439,28.0062624837244,28.00910175123846,28.0131259445479,28.018760634170945,28.0265546901861,28.037204022839123,28.051575069964166,28.07072465122953,28.095910084812356,28.12858046430142,28.170340006865857,28.222882288594516,28.287910714872158
137.0,28.000587625243647,28.000631263686056,28.000769436632403,28.00102501793611,28.001439088831773,28.00207556558567,28.003027921384046,28.004428236010327,28.006458799342077,28.009366449478236,28.01347971802259,28.01922866480303,28.027166976902677,28.03799539181116,28.052584568322683,28.071993830530285,28.097479624508892,28.130485101532845,28.172603116716143,28.225513002467153,28.290906348680757
138.0,28.00061731216578,28.00066260493983,28.000805918220557,28.00107067121101,28.001498878890786,28.002155815165768,28.003136777785766,28.00457618219917,28.006659201261385,28.009636119737454,28.01383946077495,28.01970374478312,28.0277874173425,28.03879592945506,28.053603956380925,28.07327301946481,28.09905837067525,28.132397122906756,28.17487117668583,28.228146530757446,28.293903888186254
139.0,28.0006481216535,28.00069510911053,28.00084368535938,28.00111781957959,28.001560467647984,28.002238269921786,28.003248357900347,28.00472749050235,28.006863727704044,28.009910798470063,28.014205204250388,28.020185894846605,28.028416011108565,28.03960559719907,28.054633137700176,28.07456205878789,28.100646138342,28.13431640494851,28.177144215820693,28.230783066078303,28.296903584994958
140.0,28.00068008100725,28.000728803856827,28.000882766749502,28.001166493366917,28.001623887459616,28.00232296438861,28.003362698235428,28.00488219873566,28.007072416538524,28.010190521516297,28.014576978793972,28.020675133721642,28.02905275451983,28.040424352559942,28.055672014331062,28.0758607950266,28.102242757368998,28.136242840473738,28.17942226645367,28.233422784481835,28.299905665721283
141.0,28.000713217768475,28.00076371707094,28.000923191302338,28.00121672306946,28.001689170795522,28.002409933136246,28.003479835232316,28.00504034451875,28.00728530525968,28.01047532405742,28.014954813568377,28.021171478052075,28.02969764070981,28.041252149663848,28.056720487686725,28.077169080862014,28.103848071224192,28.13817633611195,28.181705362910744,28.236065847247364,28.30291033529949
142.0,28.000747559714558,28.000799876873486,28.00096498813466,28.001268539349248,28.00175635023275,28.002499210762917,28.00359980525789,28.005201965263264,28.007502430965506,28.01076524056799,28.015338736478746,28.021674942350348,28.030350659770257,28.04208893975989,28.057778459273923,28.078486775314246,28.105461935806456,28.140116810237235,28.183993540553704,28.23871240242899,28.305917779725615
143.0,28.00078313485375,28.00083731160831,28.001008186563098,28.001321973027977,28.001825458449172,28.00259083188796,28.003722644596024,28.0053670981595,28.007723830331333,28.01106030476725,28.015728774107036,28.022185538979333,28.03101179892838,28.042934671711365,28.058845831294335,28.079813743781013,28.10708421833602,28.142064191235168,28.186286835072146,28.241362586200076,28.308928168349226
144.0,28.00081997141995,28.00087604983718,28.001052816098632,28.001377055081072,28.001896528217042,28.00268483114461,28.00384838943833,28.005535780161622,28.007949539581958,28.011360549571187,28.016124951657478,28.022703278160744,28.031681042747074,28.043789292455173,28.059922507130683,28.081149857969347,28.108714796323838,28.14401841604733,28.18858528196122,28.244016524025948,28.311941655805317
145.0,28.00085809786751,28.000916120334473,28.001098906441005,28.001433816631703,28.001969592396463,28.00278124317246,28.00397707587424,28.005708047971336,28.00817959446231,28.011666007046724,28.01652729291427,28.023228168006984,28.032358373339363,28.04465274742394,28.06100839173247,28.082494995751073,28.110353556624105,28.1459794289455,28.190888916138718,28.24667433169076,28.314958383655583
146.0,28.000897542865918,28.000957552081818,28.001146487473072,28.00149228894477,28.002044683928744,28.00288010260969,28.00410873988025,28.005883938020247,28.008414030207227,28.011976708369176,28.016935820211796,28.023760214573002,28.0330437705894,28.04552498092802,28.062103391915812,28.083849040965628,28.112000394569208,28.147947180496118,28.193197771667183,28.24933611620006,28.317978481792522
147.0,28.000938335294464,28.001000374262617,28.001195589255122,28.00155250342079,28.002121835829648,28.00298144408487,28.00424341730839,28.006063486451062,28.0086528815111,28.012292683784008,28.017350554417217,28.024299421924642,28.033737212374263,28.046405936497248,28.063207416590448,28.085211883188173,28.113655213183794,28.149921626682946,28.195511881555646,28.25200197657706,28.32100206964855
148.0,28.000980504236782,28.001044616256568,28.00124624201914,28.00161449158972,28.002201081182438,28.003085302208376,28.00438114387388,28.006246729097807,28.008896182497946,28.01261396257356,28.01777151492483,28.02484579222005,28.034438674781804,28.047295557183215,28.064320376925846,28.08658341747638,28.115317922473107,28.151902728161488,28.197831277621656,28.254672004567695,28.32402925724319
149.0,28.001024078975455,28.001090307634136,28.001298476163,28.00167828510472,28.002282453130746,28.003191711563353,28.004521955142007,28.00643370146548,28.00914396669251,28.012940573029223,28.018198719661342,28.025399325800922,28.03514813232119,28.048193785824242,28.06544218646668,28.087963544106056,28.116988438779984,28.153890449623592,28.200155990399434,28.25734628526696,28.32706014609508
150.0,28.00106908898642,28.00113747815089,28.001352322244603,28.001743915735748,28.002365984871183,28.0033007066962,28.004665886514346,28.006624438709217,28.009396266992958,28.013272542429384,28.018632185100973,28.025960021290846,28.035865558123636,28.049100565275474,28.066572761206665,28.089352168302913,28.11866668420471,28.15588475925448,28.20248604908293,28.260024897677216,28.330094830020204
151.0,28.001115563933425,28.001186157741905,28.001407810975913,28.00181141536308,28.00245170964574,28.003412322106627,28.004812973214335,28.0068189756135,28.00965311564553,28.013609897023066,28.019071926289307,28.02652787569815,28.036590924131726,28.05001583860707,28.06771201962841,28.090749199975953,28.12035258608199,28.1578856282674,28.20482148149558,28.26270791520737,28.333133395833777
152.0,28.001163533662385,28.001236376515966,28.001464973216965,28.00188081597065,28.00253966073384,28.00352659223717,28.004963250272382,28.007017346571494,28.009914544221562,28.01395266201934,28.019517956874573,28.027102884521177,28.037324201276267,28.050939549273377,28.068859882715774,28.09215455345623,28.12204607650956,28.15989303050398,28.207162314080268,28.265395406120515,28.336175923970067
153.0,28.001213028195682,28.00128816474982,28.001523839969717,28.001952149639273,28.002629871444164,28.00364355146234,28.005116752510656,28.007219585564894,28.010180583597087,28.01430086158214,28.019970289145277,28.027685041854223,28.038065359640303,28.05187164125605,28.070016273944166,28.093568147243655,28.12374709192338,28.161906942089956,28.209508571904525,28.268087433936493,28.339222489031982
154.0,28.00126407772638,28.00134155288228,28.001584442371843,28.00202544853962,28.002722375106135,28.00376323407736,28.00527351452759,28.007425726144554,28.0104512639352,28.014654518830305,28.020428934072996,28.0282743404926,28.038814368609998,28.052812059183946,28.07118111925336,28.094989903763654,28.125455572714625,28.163927341138145,28.211860278677193,28.27078405779488,28.342273160280183
155.0,28.001316712612407,28.00139657150828,28.001646811690385,28.002100744925063,28.002817205061117,28.003885674286522,28.00543357068241,28.007635801412,28.010726614671334,28.015013655842335,28.020893901359287,28.02887077203577,28.03957119701277,28.053760748432428,28.07235434700664,28.096419749134725,28.12717146288426,28.165954207491428,28.214217456773582,28.273485332783157,28.34532800206989
156.0,28.00137096337063,28.001453251372833,28.00171097931527,28.00217807112428,28.002914394653313,28.004010906191244,28.005596955079653,28.007849844002124,28.011006664501412,28.015378293665563,28.021365199485768,28.0294743269875,28.04033581324296,28.054717655204534,28.073535887939432,28.097857612947596,28.12889470973126,28.167987522500052,28.216580127266774,28.276191310234086,28.348387074242318
157.0,28.001426860670858,28.00151162336489,28.001776976752726,28.002257459533695,28.00301397722039,28.00413896377799,28.00576370155396,28.008067886067174,28.011291441372904,28.0157484523292,28.021842835766453,28.030084994852487,28.041108185375585,28.05568272659626,28.07472567509993,28.09930342805606,28.130625263571005,28.170027268828235,28.21894830996335,28.278902037995806,28.35145043247641
158.0,28.001484435329726,28.001571718511094,28.00184483561852,28.002338942609633,28.00311598608385,28.004269880905944,28.005933843655157,28.008289959262104,28.0115809724787,28.01612415086086,28.022326816401577,28.030702764228796,28.041888281268857,28.056655910647983,28.075923643783998,28.10075713037972,28.13236307748074,28.172073430285927,28.221322023442145,28.281617560677752,28.354518128605978
159.0,28.00154371830453,28.001633567969417,28.001914587631042,28.00242255286033,28.00322045453914,28.00440369129465,28.006107414633842,28.008516094731473,28.011875284253673,28.01650540730611,28.022817146532297,28.031327622895898,28.042676068656167,28.05763715638385,28.077129731465956,28.102218658718144,28.134108107069245,28.174125991682217,28.223701285094865,28.284337919874943,28.357590210906267
160.0,28.001604740686872,28.001697203022665,28.001986264604234,28.00250832283771,28.00332741584562,28.004540428511657,28.006284447427504,28.00874632309785,28.012174402373837,28.01689223875053,28.023313830295592,28.031959557898023,28.043471515228184,28.05862641384073,28.078343877726738,28.10368795457636,28.135860310268228,28.17618493869745,28.226086111167902,28.28706315437304,28.360666724353685
161.0,28.001667533696274,28.001762655071882,28.002059898440336,28.00259628512894,28.00343690321631,28.004680125960224,28.006464974647322,28.008980674451845,28.012478351757892,28.017284661344025,28.023816870878946,28.032598555622677,28.044274588705893,28.05962363408823,28.07956602418054,28.105164962001073,28.13761964714324,28.178250257771435,28.228476516804513,28.289793300336104,28.36374771086171
162.0,28.001732128673574,28.00182995562955,28.002135521122483,28.002686472347854,28.00354894980756,28.00482281686717,28.006649028565676,28.00921917834365,28.012787156571008,28.017682690326843,28.02432627057433,28.033244601874408,28.045085256905242,28.06062876924101,28.080796114400933,28.10664962742718,28.139386079722048,28.180321936005676,28.230872516087025,28.29252839147889,28.366833209495688
163.0,28.001798557074252,28.001899136312705,28.002213164707126,28.00277891712613,28.003663588708605,28.00496853427096,28.00683664110445,28.009461863776217,28.01310084023067,28.018086340057025,28.024842030831262,28.03389768194376,28.045903487794103,28.061641772464522,28.082034093847067,28.108141899534107,28.141159571838777,28.182399961077717,28.233274122078605,28.29526845922519,28.36992325666881
164.0,28.00186685046158,28.001970228835855,28.002292861316253,28.002873652104377,28.00378085293111,28.00511731101004,28.00702784382422,28.009708759199935,28.01341942541434,28.01849562403897,28.02536415230848,28.034557780671545,28.04672924954218,28.062662597975194,28.083279909790665,28.109641729111342,28.142940088992145,28.184484321166046,28.235681346864332,28.29801353285361,28.3730178863213
165.0,28.00193704049963,28.00204326500377,28.002374643129524,28.00297070992306,28.003900775398677,28.005269179711505,28.00722266791429,28.009959892508782,28.01374293406884,28.018910554952736,28.025892634924194,28.035224882508615,28.047562510564603,28.063691201035898,28.084533511244203,28.111149068932715,28.144727598216445,28.18657500488422,28.238094201591366,28.300763639631985,28.37611713008462
166.0,28.00200915894612,28.00211827670412,28.002458542376157,28.003070123213313,28.004023388936464,28.00542417278019,28.00742114418364,28.010215291037916,28.014071387421183,28.019331144683935,28.02642747790464,28.0358989715712,28.048403239559626,28.06472753794746,28.085794848890604,28.112663873638862,28.146522067963968,28.18867200122298,28.24051269650806,28.30351880494154,28.37922101743211
167.0,28.002083237645113,28.00219529589992,28.00254459132673,28.003171924587676,28.00414872626081,28.005582322388154,28.007623303052785,28.0104749815626,28.014404805990697,28.01975740435383,28.026968679830848,28.036580031692104,28.04925140554115,28.065771566036858,28.087063875014785,28.114186099627346,28.148323467997788,28.190775299499414,28.242936841001885,28.30627905239168,28.382329575817593
168.0,28.002159308519587,28.00227435462185,28.002632822284834,28.003276146630757,28.00427681996905,28.00574366046462,28.007829174546607,28.010738990298425,28.01474320960232,28.020189344349607,28.027516238683504,28.037268046467865,28.050106977866502,28.066823243642762,28.088340543437145,28.11571570494999,28.150131769293864,28.192884889312257,28.24536664363618,28.30904440392635,28.385442830802926
169.0,28.002237403563786,28.002355484960432,28.002723267578595,28.003382821889886,28.004407702529484,28.005908218686486,28.00803878828802,28.01100734290271,28.01508661740083,28.020626974354474,28.028070151885895,28.037962999302184,28.050969926259913,28.06788253009875,28.089624809449255,28.11725264921689,28.15194694395155,28.195000760502587,28.24780211218555,28.311814879922633,28.388560806175796
170.0,28.002317554835493,28.002438719058052,28.0028159595521,28.003491982865736,28.004541406271517,28.006076028469266,28.008252173492597,28.011280064477017,28.01543504786587,28.02107030337753,28.028630416344896,28.03866487344574,28.05184022083219,28.068949385714838,28.090916629751693,28.118796893506715,28.15376896511178,28.19712290311925,28.250243253669986,28.31459049928235,28.391683524058415
171.0,28.002399794448085,28.002524089100838,28.00291093055673,28.003603662002977,28.00467796337604,28.006247120958673,28.008469358964096,28.011557179570666,28.015788518827684,28.021519339783246,28.02919702848991,28.039373652032644,28.052717832096977,28.070023771757477,28.09221596239423,28.12034840028285,28.155597806882106,28.199251307388458,28.252690074387704,28.317371279517186,28.39481100500825
172.0,28.002484154562556,28.002611627310454,28.003008212942422,28.003717891680957,28.004817405866078,28.00642152702266,28.00869037309076,28.011838712185227,28.016147047483347,28.02197409132043,28.02976998430994,28.040089318113786,28.053602730983894,28.07110565042853,28.093522766718262,28.121907133315005,28.157433444268033,28.20138596368703,28.25514257994667,28.32015723682798,28.39794326811124
173.0,28.002570667379278,28.00270136593571,28.00310783904886,28.003834704204486,28.00495976559772,28.00659927724413,28.008915243842512,28.012124685779828,28.01651065041342,28.022434565150608,28.030349279388624,28.040811854687192,28.054494888848993,28.072194984843396,28.09483700330154,28.123473057605853,28.15927585311,28.203526862518913,28.257600775294843,28.32294838617857,28.401080331068396
174.0,28.002659365129755,28.002793337244167,28.003209841196657,28.00395413179468,28.005105074251354,28.006780401914153,28.009143998768916,28.01241512327725,28.01687934359891,28.022900767875704,28.030934908937432,28.041541244725646,28.055394277482723,28.07329173900848,28.096158633905176,28.125046139322446,28.161125010025554,28.205673994494493,28.260064664749166,28.325744741364744,28.40422221027614
175.0,28.002750280068227,28.002887573513576,28.003314251678507,28.004076206579946,28.00525336332321,28.006964931025763,28.00937666499789,28.012710047070698,28.017253142438456,28.023372705565027,28.031526867826976,28.042277471201768,28.05630086911578,28.07439587779839,28.09748762142292,28.126626345732035,28.16298089235619,28.207827350312463,28.262534252023347,28.328546315078576,28.40736892090116
176.0,28.00284344446319,28.00298410702329,28.003421102750345,28.00420096058709,28.00540466411728,28.007152894268362,28.00961326923512,28.013009479031187,28.01763206176555,28.023850383781408,28.032125150616505,28.043020517110683,28.057214636422994,28.075507366932797,28.09882392983254,28.128213645141937,28.16484347811846,28.209986920743926,28.265009540254454,28.33135311896863,28.41052047695006
177.0,28.002938890588833,28.003082970045632,28.003530426622515,28.004328425732616,28.005559007737556,28.007344321022618,28.00985383776418,28.013313440515464,28.018016115865873,28.02433380760657,28.032729751581712,28.043770365490516,28.058135552525542,28.07662617295326,28.10016752414941,28.12980800684329,28.166712745958957,28.212152696618435,28.267490532028358,28.334165163696284,28.413676891334326
178.0,28.003036650716428,28.003184194837182,28.003642255451016,28.004458633814153,28.00571642508066,28.00753924035599,28.010098396447237,28.013621952374393,28.01840531849453,28.024822981665622,28.0333406647408,28.044526999440837,28.05906359099165,28.077752263200132,28.10151837038212,28.131409401058306,28.16858867511288,28.214324668811802,28.26997722940407,28.336982458988484,28.416838175930934
179.0,28.003136757105683,28.0032878136301,28.003756621328755,28.00459161650212,28.00587694682882,28.00773768101871,28.010346970726356,28.013935034961733,28.018799682893196,28.02531791015066,28.03395788387899,28.04529040213922,28.05999872583601,28.07888560578955,28.10287643549009,28.133017798890897,28.170471245365796,28.21650282823544,28.272469633937032,28.33980501368721,28.42000434163908
180.0,28.00323924199602,28.003393858623415,28.00387355627695,28.0047274053316,28.006040603443264,28.007939671440358,28.010599585625393,28.014252708143278,28.019199221807117,28.02581859684356,28.034581402571447,28.04606055685604,28.060940931518026,28.080026169590717,28.104241687343094,28.13463317228031,28.172360437018384,28.21868716582708,28.27496774670136,28.342632835795914,28.42317539843313
181.0,28.00334413759794,28.00350236197435,28.00399309223655,28.00486603169442,28.006207425157935,28.008145239726883,28.010856265752306,28.014574991306233,28.01960394750185,28.026325045137806,28.03521121420481,28.046837446967714,28.06189018293905,28.081173924203426,28.1056140946827,28.13625549395769,28.174256230853846,28.220877672542045,28.277471566314862,28.3454653486149,28.42631570029449
182.0,28.003451476084294,28.003613355789664,28.004115261059844,28.005007526831474,28.00637744197364,28.00835441365814,28.01111703530202,28.01490190336886,28.020013871779806,28.026837258059487,28.035847311997212,28.047621055968403,28.062846455438756,28.082328839936032,28.10699362708539,28.137884737405287,28.176158608091143,28.223074336364427,28.279980870545142,28.348296557507876,28.429413847885943
183.0,28.003561289581658,28.00372687211707,28.004240094502155,28.005151921825316,28.006550683652552,28.008567220685894,28.01138191805966,28.015233462790277,28.02042900599646,28.02735523828741,28.03648968901707,28.04841136748042,28.06380972479078,28.083490887783743,28.108380254927347,28.13952087680118,28.178067549018067,28.225277090491065,28.282494565073275,28.35112133112292,28.43248926236815
184.0,28.0036736101617,28.00384294293671,28.004367624213693,28.005299247592987,28.0067271797131,28.008783687932226,28.011650937404145,28.015569687580406,28.020849361076262,28.02787898817236,28.037138338200585,28.049208365263333,28.064779967197662,28.08466003940733,28.109773949342557,28.141163886567604,28.179983021902736,28.227485700790304,28.285011123183665,28.353938496585002,28.435548160600383
185.0,28.003788469832646,28.00396160015272,28.004497881731567,28.005449534879098,28.0069069594252,28.00900384218843,28.011924116312244,28.01591059530998,28.021274947528223,28.028408509755508,28.037793252368,28.05001203322195,28.06575715928524,28.085836267109297,28.111174682079124,28.142813738957813,28.181904959508977,28.22969975645136,28.28752925622643,28.356748189494176,28.43859386419162
186.0,28.003905900530825,28.0040828755849,28.004630898471977,28.00560281424922,28.007090051805914,28.00922770991426,28.012201477362783,28.016256203120616,28.021705775461058,28.028943804785975,28.038454424238783,28.05082235541325,28.066741278095634,28.087019543785253,28.112582424940225,28.144470398695102,28.183833242431245,28.231918756495,28.290048046839853,28.359550891736365,28.441628543499373
187.0,28.004025934112263,28.004206800960507,28.00476670572258,28.00575911608353,28.007276485615396,28.00945531723756,28.012483042741263,28.016606527734925,28.022141854598047,28.02948487473762,28.03912184644573,28.051639316052064,28.067732301073715,28.088209842783048,28.113997148496637,28.146133816769826,28.18576770034751,28.234142191088445,28.292566881030755,28.362347155031824,28.44465376409873
188.0,28.004148602344472,28.004333407906167,28.00490533463505,28.005918470570744,28.00746628935323,28.00968668995426,28.012768834244646,28.016961585466596,28.02258319429142,28.03003172082501,28.039795511547972,28.05246289951442,28.068730206031898,28.08940713757999,28.115418820193856,28.147803926319007,28.187708125026315,28.23636958742321,28.295085360665322,28.365137517421527,28.447670725209235
189.0,28.004273936898258,28.004462727939963,28.00504681621786,28.006080907702295,28.007659491255094,28.009921853528734,28.013058873286415,28.017321392230414,28.023029803536396,28.03058434401862,28.040475412042664,28.053293090335018,28.06973497106881,28.090611401240523,28.116847402368716,28.149480641697153,28.189654286151946,28.238600528255404,28.297603235852787,28.36792247859415,28.450680383723927
190.0,28.004401969339778,28.00459479246366,28.005191181329266,28.006246457266844,28.007856119289794,28.010160833094417,28.013353180901756,28.017685963552232,28.023481690984752,28.031142745059217,28.04116154037458,28.0541298731924,28.070746574419854,28.091822605708774,28.118282850690814,28.151163860171344,28.191605945015237,28.24083465533692,28.30012035807029,28.370702494811532,28.45368352620643
191.0,28.00453273112267,28.004729632755087,28.0053384606705,28.006415148845058,28.00805620115652,28.010403653454762,28.013651777752965,28.018055314578874,28.023938864957984,28.03170692447121,28.041853888941933,28.054973232873888,28.071764994233526,28.0930407210521,28.119725113296536,28.15285346511314,28.193562864589346,28.24307166584207,28.30263664848107,28.373477980558718,28.456680814005935
192.0,28.004666253580396,28.004867279960756,28.00548868477924,28.006587011804655,28.00825976428255,28.010650339084457,28.013954684134944,28.018429460087862,28.024401333459984,28.032276882574546,28.042552450095922,28.055823154213805,28.072790208287504,28.094265714776295,28.121174130630802,28.154549329705358,28.19552481619486,28.24531130614345,28.305152076502075,28.376249312322244,28.459672813184174
193.0,28.004802567918745,28.005007765088635,28.00564188402323,28.00676207529573,28.00846683582111,28.01090091413087,28.01426191998083,28.018808414497066,28.02486910418908,28.032852619494502,28.043257216131227,28.0566796220029,28.073822193672846,28.09549755129834,28.12262983586216,28.156251320531027,28.19749158349464,28.2475533650427,28.307666645159667,28.379016832784473,28.462660015265914
194.0,28.00494170520852,28.0051511190011,28.005798088594236,28.00694036824636,28.008677442649656,28.011155402415763,28.014573504867695,28.01919219187412,28.025342184549263,28.033434135168264,28.043968179265253,28.057542620871835,28.074860926479403,28.096736191616333,28.124092155687634,28.15795930072027,28.199462964583688,28.249797667381763,28.310180380955206,28.38178085480434,28.465642852146477
195.0,28.005083696378417,28.00529737240816,28.005957328502166,28.007121919358536,28.00889161136832,28.011413827437217,28.01488945802234,28.01958080594558,28.025820581660287,28.034021429347327,28.04468533160482,28.05841213515593,28.07590638151154,28.097981593177686,28.125561011354904,28.159673132538426,28.201438772797793,28.252044068379494,28.31269332676065,28.384541664980034,28.46862170711825
196.0,28.005228572208143,28.005446555860875,28.00611963356948,28.00730675710425,28.009109368298684,28.011676212371714,28.015209798327053,28.019974270105724,28.02630430236616,28.03461450159475,28.04540866510076,28.05928814875085,28.07695853205503,28.099233709921528,28.127036319766244,28.161392679415922,28.203418836699996,28.25429244876732,28.315205536778432,28.387299526757793,28.47159692322756
197.0,28.00537636332172,28.00559869974494,28.006285033425808,28.007494909721952,28.009330739482788,28.01194258007644,28.01553454432538,28.020372597424775,28.026793353241686,28.035213351276578,28.046138171492032,28.060170644969038,28.078017349706496,28.10049249245966,28.128517994569616,28.16311780747751,28.20540299956519,28.25654271068019,28.317717072928055,28.390054683115384,28.47456880974087
198.0,28.00552710018099,28.005753834274582,28.006453557502876,28.007686405213214,28.00955575068237,28.012212953091698,28.015863714227805,28.020775800656455,28.027287740596524,28.035817977547342,28.046873842242185,28.061059606405944,28.079082804268396,28.101757888357636,28.13000594717761,28.164848386649037,28.207391118578585,28.25879477421495,28.320228002232586,28.392807358869796,28.477537647237966
199.0,28.005680813079397,28.005911989486656,28.006625235029595,28.007881271339674,28.009784427378342,28.012487353643465,28.016197325917236,28.02118389224459,28.027787470476465,28.03642837932981,28.047615668471487,28.061955014822807,28.080154863706586,28.103029842480854,28.131500087681854,28.1665842914216,28.209383063889764,28.26104857455924,28.322738394915024,28.395557762661813,28.480503691686177
200.0,28.005837532135963,28.00607319523495,28.006800095027483,28.008079535620194,28.01001679477046,28.01276580364601,28.016535396954268,28.02159688432854,28.02829254866166,28.03704455528978,28.048363640888113,28.06285685105064,28.0812334941633,28.10430829737593,28.133000325649284,28.168325401345562,28.21137871761296,28.263304059598976,28.325248323004747,28.39830608866602,28.483467177744284
201.0,28.005997287289496,28.006237481184765,28.006978166306265,28.008281225328297,28.0102528777772,28.01304832470453,28.01687794458204,28.022014788747335,28.0288029806619,28.03766650380696,28.049117749721702,28.063765094917713,28.082318660016554,28.10559319366419,28.134506570798962,28.17007160131612,28.213377972830067,28.26556118792369,28.327757859314165,28.401052518068937,28.486428321474225
202.0,28.006160108293027,28.006404876807714,28.00715947745976,28.008486367489798,28.010492701035787,28.01333493811784,28.017224985730593,28.022437617042275,28.029318771708844,28.03829422294318,28.04987798466193,28.06467972520123,28.083410323976373,28.106884470430106,28.136018733565237,28.171822781701223,28.21538073263007,28.267819927160847,28.330267076686987,28.40379722035145,28.48938732259066
203.0,28.006326024708546,28.00657541137677,28.007344056861978,28.008694988880677,28.010736288902343,28.013625664880887,28.017576537020688,28.02286538045796,28.029839926745673,28.038927710409215,28.050644334804204,28.065600719602138,28.08450844720845,28.108182065592622,28.13753672555733,28.173578838352256,28.21738690920378,28.27008025258192,28.332776047447016,28.406540354405845,28.49234436634537
204.0,28.006495065901902,28.006749113961554,28.007531932663472,28.00890711602515,28.010983665452226,28.013920525687205,28.017932614766867,28.023298089941704,28.030366450414483,28.039566963531602,28.051416788603934,28.066528054741344,28.08561298947685,28.109485916251664,28.139060459926885,28.1753396725295,28.219396423003143,28.272342145932843,28.33528484299647,28.40928206951274,28.495299625119504
205.0,28.006667261037965,28.00692601342385,28.00772313278791,28.009122775193934,28.011234854480342,28.014219540931105,28.018293234979772,28.023735756141356,28.03089834704193,28.0402119792205,28.052195333840245,28.067461706174818,28.08672390929851,28.11079595900522,28.140589851655616,28.17710519076703,28.22140920196831,28.274605594449998,28.337793533526096,28.412022506199026,28.49825325977959
206.0,28.00684263907605,28.00710613841336,28.007917684928884,28.009341992402685,28.011489879501568,28.01452273070965,28.018658413367614,28.024178389401616,28.031435620623633,28.040862753939756,28.052979957589418,28.068401648424775,28.087841164103526,28.112112130235015,28.14212481777446,28.178875304696046,28.223425180821938,28.27687059003004,28.34030218780962,28.414761796994256,28.501205420840826
207.0,28.007021228765556,28.00728951736371,28.008115616546903,28.00956479341059,28.011748763751147,28.014830114824257,28.019028165336785,28.024625999759067,28.031978274807948,28.041519283679836,28.053770646207994,28.06934785502422,28.0889647103964,28.113434366360227,28.143665277524946,28.180649930841028,28.225444300428002,28.279137128527474,28.342810873061783,28.417500067100057,28.504156249471425
208.0,28.00720305864186,28.007476178488687,28.008316954866626,28.009791203719093,28.01201153018508,28.01514171278197,28.019402505991607,28.025078596936023,28.03252631287959,28.042181563934335,28.054567385325043,28.07030029857195,28.09009450391455,28.11476260406022,28.145211152472292,28.182428990399618,28.227466507211123,28.281405209158674,28.345319654844648,28.42023743498484,28.50710587836521
209.0,28.007388157022397,28.007666149778625,28.008521726874246,28.010021248570734,28.01227820148037,28.015457543796263,28.01978145013324,28.025536190333476,28.033079737743666,28.042849589680444,28.055370159842997,28.071258950795634,28.09123049978126,28.116096780467775,28.146762366578454,28.184212409014215,28.229491752631837,28.283674833994944,28.34782859701047,28.422974012913933,28.5100544325038
210.0,28.007576552003005,28.00785945899712,28.008729959315122,28.010254952948067,28.01254880003524,28.01577762678747,28.02016501225781,28.0259987890234,28.03363855191043,28.043523355363565,28.05617895394613,28.07222378262056,28.092372652651147,28.1174368333349,28.148318846242425,28.186000116541305,28.231519992713146,28.285946007530157,28.350337761672286,28.425709907423833,28.513002029825913
211.0,28.00776827145451,28.00805613367788,28.008941678691468,28.010492341572636,28.01282334796914,28.016101980382714,28.020553206553814,28.02646640174061,28.034202757481292,28.044202854886265,28.056993751115886,28.073194764242132,28.093520916846735,28.118782701173483,28.14988052031388,28.187792046822768,28.233551187613596,28.288218736311144,28.35284720919552,28.428445219747836,28.515948781817826
212.0,28.00796334301942,28.008256201121768,28.00915691126031,28.010733438903976,28.013101867122618,28.016430622915376,28.02094604689893,28.026939036874445,28.034772356136248,28.04488808160136,28.057814534151994,28.07417186520039,28.094675246485412,28.120134323373218,28.151447320085378,28.189588137462245,28.2355853012425,28.290493028621007,28.3553569982054,28.431180046199117,28.51889479403672
213.0,28.00816179410895,28.00845968839409,28.009375683031454,28.01097826913867,28.013384379056994,28.016763572424182,28.02134354685632,28.02741670246049,28.03534734912303,28.045579028309124,28.058641285198522,28.075155054455085,28.09583559559633,28.121491640299066,28.1530191792675,28.191388329608678,28.237622300913134,28.292768894207224,28.35786718560622,28.433914478516705,28.521840166576293
214.0,28.008363651900165,28.00866662232197,28.009598019765672,28.01122685620932,28.01367090505378,28.017100846651804,28.021745719670477,28.027899406172587,28.03592773724808,28.046275687258294,28.059473985773938,28.07614430046021,28.09700191822711,28.12285459337059,28.154596033950565,28.193192567748387,28.239662157030054,28.29504634404776,28.360377826609355,28.436648604178654,28.52478499448281
215.0,28.00856894333329,28.008877029491984,28.00982394697291,28.01147922378353,28.013961466113948,28.01744246304313,28.02215257826289,28.028387155315233,28.036513520869523,28.046978050150685,28.060312616804328,28.07713957123701,28.0981741685406,28.124223125125233,28.156177822555964,28.195000799506573,28.241704842807085,28.297325390149506,28.36288897476771,28.43938250668637,28.527729368128032
216.0,28.008777695109213,28.009090936247812,28.010053489910582,28.01173539526284,28.014256082956916,28.01778843874317,28.022564135227448,28.02887995681664,28.037104699892105,28.047686108148934,28.06115715865906,28.078140834444714,28.099352300901934,28.125597179267523,28.157764485779666,28.1968129754587,28.243750334012773,28.299606045374343,28.36540068201469,28.442116265823397,28.530673373544758
217.0,28.00898993368714,28.009308368688156,28.010286673581952,28.011995393781554,28.01455477601935,28.018138790594694,28.022980402825848,28.02937781722247,28.03770127376413,28.048399851887243,28.06200759118814,28.079148057448528,28.100536269956304,28.126976700705974,28.159355966529905,28.198629048951904,28.24579860874054,28.301888323288775,28.367912998706327,28.444849957891478,28.533617092729614
218.0,28.009205685282367,28.009529352664657,28.010523522734506,28.012259242205523,28.014857565453724,28.018493535135615,28.023401392983047,28.02988074269045,28.038303241476374,28.049119271484564,28.06286389376069,28.08016120738436,28.101726030698053,28.12836163557935,28.160952209860742,28.200448975936446,28.247849647200866,28.304172238033864,28.370425973665405,28.447583655926486,28.536560603917234
219.0,28.009424975864192,28.009753913779978,28.0107640618584,28.012526963130814,28.015164471126734,28.01885268859621,28.023827117282842,28.03038873898586,28.03891060156285,28.049844356560044,28.06372604530399,28.0811802512201,28.10292153853154,28.129751931273685,28.162553162902945,28.20227271480691,28.249903431533344,28.306457804212542,28.372939654226794,28.450317429896277,28.539503981829004
220.0,28.009647831153913,28.009982077385914,28.011008315184863,28.012798578882315,28.015475512617485,28.01921626689621,28.02425758696372,28.030901811478028,28.039523352103373,28.050575096250284,28.064594024342703,28.082205155813263,28.10412274932439,28.131147536431406,28.16415877479328,28.20410022625294,28.251959945636465,28.30874503679192,28.375454086283252,28.45305134688239,28.542447297899624
221.0,28.00987427662289,28.010213868581616,28.01125630668465,28.013074111512207,28.01579070921556,28.01958428564184,28.024692812914992,28.031419965137772,28.040141490727787,28.051311479228175,28.065467809037767,28.08323588796485,28.105329619453787,28.132548400953663,28.16576899660305,28.205931473119126,28.254019175013386,28.311033951018583,28.377969314331274,28.455785471247278,28.54539062048377
222.0,28.010104337490755,28.01044931221182,28.01150806006643,28.01335358279837,28.016110079918924,28.019956760122852,28.02513280567333,28.031943204535942,28.040765014621723,28.052053493722923,28.066347377224727,28.084272414469513,28.10654210584624,28.133954475996944,28.167383781266718,28.207766420273572,28.256081106631992,28.313324562345077,28.38048538151654,28.4585198647885,28.548334015045132
223.0,28.01033803872359,28.010688432865134,28.011763598775172,28.013637014242683,28.01643364343178,28.02033370530958,28.02557757541975,28.03247153384285,28.041393920533768,28.052801127541084,28.067232706451236,28.085314702161945,28.10776016601153,28.135365713964784,28.1690030835111,28.209605034484767,28.258145728797842,28.315616886366097,28.383002329678682,28.46125458688112,28.55127754432976
224.0,28.010575405032185,28.010931254872336,28.01202294599053,28.01392442706927,28.016761418162318,28.020715135850143,28.02602713197704,28.033004956828787,28.042028204783893,28.0535543680883,28.06812377401347,28.086362717959705,28.10898375807122,28.13678206849545,28.17062685978561,28.211447284306267,28.26021303103872,28.317910938763156,28.385520199395202,28.463989694609516,28.55422126852534
225.0,28.010816460870352,28.011177802304694,28.012286124625142,28.014215842222615,28.017093422220416,28.021101066067736,28.02648148480773,28.033543476865454,28.04266786327299,28.054313202391487,28.069020556991305,28.087416428902426,28.110212840782374,28.13820349444619,28.172255068193888,28.213293139968766,28.26228300399957,28.32020673525656,28.38803903002432,28.466725242889506,28.557165245407774
226.0,28.011061230433192,28.01142809897228,28.012553157322913,28.0145112803657,28.017429673415382,28.02149150995814,28.026940643012583,28.034087096928324,28.043312891493397,28.055077617121352,28.069923032282148,28.088475802187713,28.111447373556885,28.139629947874713,28.173887668427106,28.21514257327909,28.264355639346885,28.32250429156379,28.390558859746648,28.469461284581794,28.560109530476474
227.0,28.011309737655424,28.011682168422247,28.01282406645728,28.014810761878007,28.017770189253646,28.021886481187437,28.02740461532965,28.034635819599856,28.04396328454028,28.055847598614978,28.070831176633302,28.08954080520376,28.11268731647678,28.14106138601837,28.175524621699125,28.216995557525706,28.266430929681515,28.324803623363493,28.393079725605674,28.47219787059737,28.56305417707935
228.0,28.011562006209676,28.011940033937172,28.013098874129422,28.01511430685357,28.018114986936556,28.022285993089977,28.02787341013387,28.03518964707352,28.044619037123706,28.05662313289837,28.071744966672806,28.090611405558903,28.113932630306092,28.142497767271546,28.177165890683604,28.218852067390326,28.268508868459183,28.327104746264332,28.39560166354694,28.474935049995725,28.56599923652858
229.0,28.0118180595048,28.01220171853327,28.013377602166422,28.01542193509893,28.018464083358214,28.02269005866661,28.02834703543723,28.03574858115863,28.04528014358133,28.057404205708796,28.072664378938722,28.091687571108263,28.115183276499472,28.14393905116155,28.178811439453245,28.220712078865176,28.270589449917903,28.329407675778075,28.398124708455907,28.477672870076418,28.568944758207905
230.0,28.012077920684124,28.012467244958696,28.013660272119456,28.015733666131172,28.01881749510343,28.02309869058323,28.02882549888946,28.03631262328579,28.045946597891543,28.058190802516812,28.073589389906846,28.092769269977637,28.11643921720803,28.145385198323456,28.18046123342114,28.222575569175618,28.272672669011648,28.33171242729647,28.400648894194536,28.48041137646457,28.571890789672405
231.0,28.01234161262373,28.01273663569174,28.01394690526189,28.016049519175876,28.01917523844577,28.02351190116964,28.02930880777931,28.036881774513056,28.046618393687027,28.05898290854791,28.074519976016823,28.093856470584853,28.117700415282645,28.14683617047411,28.182115239284315,28.224442516707757,28.274758521349728,28.334019016071405,28.40317425363655,28.483150613190844,28.57483737674122
232.0,28.012609157930676,28.013009912939058,28.01423752258743,28.01636951316522,28.019537329345777,28.02392970241871,28.029796969036276,28.037456035532585,28.047295524268524,28.05978050880364,28.075456113696703,28.09494914165869,28.118966834275056,28.148291930385525,28.183773424969424,28.22631290094062,28.27684700314126,28.336327457197886,28.405700818701384,28.485890622766266,28.57778456358403
233.0,28.01288057894125,28.01328709863384,28.014532144808214,28.016693666736003,28.019903783449337,28.024352105985887,28.03028998923291,28.038035406677878,28.047977982618864,28.060583588082185,28.076397779385964,28.096047252255612,28.120238438437013,28.149752441857995,28.185435759580578,28.228186702382718,28.27893811114437,28.33863776559959,28.408228620386915,28.488631446252395,28.580732392801703
234.0,28.013155897719123,28.013568214434,28.014830792352942,28.01702199822782,28.020274616086216,28.02477912318905,28.030787874587507,28.03861988793142,28.048665761417023,28.061392130998307,28.07734494955701,28.097150771774363,28.121515192717645,28.151217669692954,28.187102213349363,28.230063902512622,28.281031842619587,28.340949956016622,28.4107576888009,28.491373123327183,28.583680905501673
235.0,28.01343513605357,28.013853281720326,28.01513348536499,28.017354525681274,28.020649842268778,28.025210765008687,28.031290630967327,28.039209478932705,28.049358853052265,28.062206122002664,28.078297600735237,28.098259669968712,28.122797062759382,28.152687579665827,28.188772757586854,28.23194448372329,28.283128195287127,28.343264042995248,28.41328805319123,28.494115692346828,28.586630141368474
236.0,28.01371831545761,28.014142321594647,28.015440243700585,28.01769126683629,28.02102947669096,28.02564704208843,28.031798263892195,28.039804178986635,28.050057249638215,28.063025545400386,28.079255709517643,28.099373916958356,28.12408401489251,28.154162138499,28.190447364637738,28.23382842926989,28.28522716728767,28.345580040879298,28.41581974197507,28.496859190403963,28.589580138729758
237.0,28.014005457166178,28.014435354877964,28.015751086926976,28.01803223913051,28.021413533727355,28.02608796473589,28.032310778538502,28.040403987072175,28.050760943026855,28.063850385369005,28.080219252590098,28.100493483238225,28.1253760161286,28.155641313834984,28.192126007836357,28.235715723220924,28.287328757146334,28.34789796380314,28.418352782766757,28.49960365338243,28.5925309346183
238.0,28.01429658213428,28.014732402108642,28.016066034320666,28.018377459697813,28.02180202743261,28.02653354292383,28.03282817974356,28.04100890185123,28.05146992482237,28.064680625975566,28.081188206743295,28.101618339686283,28.126673034152965,28.157125074209866,28.193808661464672,28.237606350412342,28.289432963739607,28.350217825685917,28.420887202404703,28.50234911600893,28.595482564830167
239.0,28.014591711035166,28.01503348354058,28.01638510486569,28.018726945366993,28.02219497154099,28.026983786291677,28.03335047201031,28.04161892167774,28.05218418639478,28.065516251193074,28.08216254888748,28.1027484575699,28.12797503731623,28.158613389027128,28.195495300712107,28.239500296404547,28.29153978626489,28.352539640227036,28.423423026977215,28.5050956119017,28.598435063979423
240.0,28.014890864258504,28.015338619141406,28.016708317251986,28.019080712660507,28.02259237946619,28.027438704147297,28.033877659512303,28.042234044606865,28.05290371889338,28.06635724491613,28.083142256065926,28.10388380855101,28.12928199462521,28.160106228531927,28.197185901637123,28.24139754744202,28.293649224212515,28.354863420902614,28.425960281847292,28.507843173616553,28.601388465549576
241.0,28.015194061908566,28.015647828590737,28.017035689873786,28.019438777793386,28.02299426430136,28.027898305469076,28.034409746098987,28.04285426840433,28.053628513259884,28.0672035909759,28.08412730546734,28.105024364690077,28.130593875733176,28.1616035637858,28.198880441130544,28.24329809041542,28.295761277339956,28.35718918096504,28.42849899805307,28.510593697835972,28.604456693109626
242.0,28.015501323802468,28.015961131278434,28.01736724082813,28.01980115667235,28.023400638819354,28.0283625989083,28.03494673530122,28.04347959055576,28.054358560241294,28.068055273154286,28.085117674437146,28.106170098449002,28.131910650929612,28.163105366641954,28.200578896880504,28.245201912826058,28.297875945701467,28.359516942965726,28.431039909999157,28.51336638407106,28.607676216714214
243.0,28.015812669468424,28.01627854630297,28.017702987913466,28.020167864894972,28.023811515473213,28.028831592791775,28.03548863033698,28.0441100082761,28.05509385040245,28.068912275197366,28.08611334048777,28.10732098269307,28.133232291129545,28.16461160972104,28.20228124733935,28.247109002806756,28.299993233903493,28.361846904247923,28.433586535748823,28.516177671067524,28.610985054708145
244.0,28.016128118144078,28.016600092469787,28.018042948628345,28.0205389177491,28.024226906396876,28.0293052951247,28.036035434117327,28.04474551851899,28.055834374138247,28.069774580828202,28.08711428130797,28.108476990692036,28.134558767862558,28.166122266387873,28.203987471718584,28.249019350418237,28.302113186421714,28.364179796413787,28.436143772627638,28.519031350156425,28.614363399875586
245.0,28.016447688774843,28.01692578828979,28.01838714017021,28.020914330212392,28.024646823406098,28.029783713593783,28.036587149252426,28.04538611798615,28.056580121685492,28.070642173758866,28.088120474771234,28.10963809612039,28.135890053261708,28.167637310738225,28.20569755031528,28.25093295521996,28.30423596252185,28.366516915178543,28.43871575567962,28.521927030152554,28.617800689970828
246.0,28.01677140001238,28.01725565197786,28.018735579434306,28.021294116952017,28.025071277999565,28.030266855570552,28.03714377805782,28.04603180313662,28.057331083134407,28.071515037701808,28.089131898943346,28.110804273056978,28.13722612005513,28.169156717667107,28.20741146617145,28.25284984326504,28.306361889404275,28.368859844022705,28.441305432195875,28.524863210958266,28.62129003711152
247.0,28.01709927021306,28.01758970145151,28.019088283012756,28.021678292324545,28.025500281360248,28.03075472811491,28.037705322560736,28.046682570196044,28.05808724843977,28.072393156380603,28.09014853208916,28.11197549598482,28.13856694157707,28.17068046323384,28.209129209066134,28.254770086792593,28.308491458120713,28.37121019444313,28.443914778737145,28.527838166746136,28.624826482366363
248.0,28.017431317436582,28.017927954329586,28.019445267193674,28.022066870375987,28.02593384435693,28.031247337978822,28.038271784506506,28.047338415165708,28.058848607431635,28.07327651354002,28.091170352678862,28.113151739795025,28.139912491847067,28.1722085256106,28.21085078144675,28.25669381727482,28.31062528195106,28.373569459400944,28.446545080727137,28.530850212843685,28.62840623429668
249.0,28.017767559444646,28.0182704279311,28.01980654796049,28.022459864842027,28.026371977545953,28.03174469161024,28.038843165365076,28.04799933383156,28.05961514982576,28.074165092955568,28.09219733939466,28.114332979806385,28.141262745795554,28.17374088673455,28.212576204655054,28.258621228277377,28.3127640457842,28.375938954093822,28.449197148500318,28.533897784660187,28.63202627290498
250.0,28.018108013699724,28.01861713927414,28.020172140991352,28.022857289148362,28.026814691173104,28.0322467951571,28.039419466337538,28.048665321773047,28.060386865233564,28.07505887844269,28.093229471140727,28.11551919182143,28.142617679706305,28.175277534489695,28.21430552380106,28.260552569943457,28.31490846232118,28.378319804992234,28.451871467094584,28.536979454005127,28.6356841197795
251.0,28.01845269736395,28.01896810507494,28.020542061658723,28.02325915641131,28.027261995175753,28.032753654471545,28.040000688362717,28.04933637437181,28.061163743171846,28.075957853866402,28.094266727061928,28.116710352244684,28.143977271895555,28.176818465047617,28.216038810429577,28.262488138702498,28.31705923983064,28.380712961251255,28.45456829751015,28.54009392392108,28.639377694099924
252.0,28.01880162729811,28.01932334174701,28.02091632502906,28.023665479438485,28.027713899185063,28.033265275114207,28.040586832123758,28.050012486820226,28.061945773072352,28.07686200315272,28.095309086579416,28.11790643828375,28.145341503583214,28.17836368498162,28.217776162930775,28.26442826533962,28.31921706080277,28.383119214590938,28.457287745226697,28.543240016712907,28.643105217151348
253.0,28.01915482006073,28.019682865400455,28.02129494586268,28.024076270729697,28.028170412528446,28.033781662358642,28.041177898054727,28.050693654129844,28.062732944291543,28.077771310304392,28.09635652945221,28.119107428240483,28.146710359865594,28.17991321287992,28.219517705123515,28.266373303446883,28.321382569136915,28.385539220918847,28.460029807035415,28.546416660643125,28.646865146144446
254.0,28.01951229190733,28.020046691841358,28.02167793861376,28.02449154247797,28.02863154423213,28.03430282119585,28.041773886347208,28.051379871139794,28.06352524612136,28.078685759424125,28.09740903587219,28.120313301883034,28.148083830684396,28.18146708033119,28.221263583598112,28.268323619291017,28.323556363417516,28.38797352073823,28.462794403463068,28.549622877304678,28.650656126693864
255.0,28.01987405878977,28.020414836571344,28.022065317430457,28.024911306570747,28.029097303023864,28.034828756338886,28.042374796956917,28.052071132525352,28.06432266780191,28.079605334748802,28.098466586596388,28.121524040876018,28.149461911698832,28.18302533227908,28.223013964368764,28.270279583470835,28.32573899428625,28.390422557240054,28.465581401515283,28.552857770324835,28.65447695768895
256.0,28.020240136355735,28.020787314787256,28.022457096155225,28.025335574591242,28.029567697335775,28.035359472227555,28.042980629610362,28.05276743280701,28.065125198537494,28.08053002069784,28.09952916311574,28.12273962923829,28.15084460499439,28.184588026822393,28.224769029268543,28.27224156436175,28.32793096444332,28.392886691843287,28.468390630823993,28.556120515514625,28.658326564686707
257.0,28.020610539948333,28.021164141380975,28.022853288325223,28.025764357819906,28.030042735307354,28.03589497303319,28.043591383811666,28.053468766360425,28.065932827517443,28.081459801937818,28.10059674785495,28.123960053796672,28.152231919592154,28.18615523457488,28.226528972389126,28.274209923163635,28.330132730254782,28.39536621732358,28.4712218952356,28.559410352372982,28.662203979339942
258.0,28.020985284605885,28.021545330939368,28.02325390717291,28.026197667236094,28.030522424788543,28.036435262663556,28.044207058849658,28.054175127427957,28.066745543943124,28.08239466346412,28.10166932439483,28.125185304607413,28.153623871748895,28.18772703770714,28.228293996754342,28.27618501030175,28.332344704276466,28.397861368810126,28.47407498120336,28.56272657678746,28.666108323207023
259.0,28.021364385061787,28.021930897744397,28.02365896562677,28.026635513519818,28.031006773342963,28.03698034476785,28.044827653805438,28.054886510132295,28.06756333706234,28.08333459069865,28.102746877706544,28.12641537532354,28.155020485057825,28.189303528783054,28.230064311330914,28.278167162925516,28.33456725824178,28.40037233296098,28.476949663910368,28.566068534763808,28.670038794812264
260.0,28.021747855744547,28.022320855773337,28.02406847631216,28.027077907053677,28.031495788251274,28.037530222741978,28.045453167560712,28.05560290849296,28.068386196211762,28.084279569601513,28.103829394386945,28.127650263493614,28.156421790372672,28.19088480948538,28.23184012841949,28.28015670327354,28.336800726223423,28.40289925560982,28.47984571176177,28.56943561702908,28.673994659163373
261.0,28.022135710777956,28.022715218699187,28.02448245155234,28.027524857924888,28.03198947651469,28.03808489973406,28.046083598807147,28.056324316446254,28.069214110867666,28.085229586793385,28.104916862884778,28.128889970784392,28.15782782558382,28.19247098930451,28.23362166143053,28.2821539377074,28.3390454077886,28.405442248142435,28.48276288969239,28.57282725437239,28.67797523915721
262.0,28.022527963981396,28.023113999891166,28.02490090336961,28.027976375927494,28.032487844858625,28.03864437865039,28.046718946057076,28.057050727869072,28.070047070704483,28.08618462968467,28.106009273709272,28.13013450312571,28.159238635277543,28.194062184245414,28.235409123025626,28.284159156252063,28.341301571039796,28.40800139282239,28.485700961605673,28.57624291360796,28.681979908458214
263.0,28.022924628870324,28.023517212415374,28.02532384348658,28.028432470564695,28.03299089973662,28.03920866216193,28.047359207655923,28.057782136607017,28.070885065660487,28.087144686607274,28.107106619614523,28.13138387078055,28.160654270308022,28.19565851559083,28.237202723592635,28.286172632513342,28.34356945548078,28.41057674724913,28.488659692170152,28.57968209406369,28.686008085540337
264.0,28.02332571865681,28.023924869035625,28.025751283327644,28.028893151051342,28.033498647334476,28.039777752711515,28.048004381796545,28.05851853650675,28.071728086009212,28.088109746944966,28.108208895755084,28.132638088346294,28.162074787309116,28.197260108745645,28.23900267001711,28.288194623870186,28.345849274678027,28.41316834809948,28.49163884813727,28.583144324514496,28.690059228659337
265.0,28.023731246250325,28.024336982214347,28.02618323402052,28.029358426316616,28.03401109357478,28.040351652521945,28.048654466535808,28.05925992145261,28.072576122435148,28.08907980125868,28.109316099810236,28.133897174695154,28.163500248169015,28.198867092176798,28.24080916471158,28.29022537186285,28.3481412187073,28.41577621427655,28.49463819930038,28.586629160493526,28.694132831576717
266.0,28.024141224258585,28.024753564113713,28.026619706397998,28.029828305006923,28.034528244121805,28.040930363605106,28.04930945981349,28.060006285407074,28.073429166112042,28.09005484140358,28.11042823207592,28.13516115286267,28.164930719487085,28.200479596455367,28.242622404865678,28.292265102716048,28.35044545638681,28.418400349567605,28.497657519183353,28.590136181925292,28.698228419897042
267.0,28.024555664988583,28.02517462659684,28.027060710999827,28.03030279548901,28.035050104386944,28.041513887772272,28.049969359473593,28.060757622454645,28.07428720878203,28.091034860635382,28.11154529552482,28.13643004989338,28.1663662720282,28.20209775340206,28.24444258188314,28.29431402795099,28.35276213730586,28.42104074489382,28.5006965855246,28.593664991034373,28.702345547910106
268.0,28.02497458044776,28.025600181229194,28.027506258074794,28.030781905853374,28.035576679534707,28.04210222664572,28.050634163288116,28.061513926848534,28.075150242834006,28.09201985370405,28.11266729583608,28.137703896652532,28.167806980186494,28.203721695333414,28.24626988097515,28.296372345051548,28.355091393661347,28.423697380220055,28.503755180605893,28.59721521049084,28.70648379585201
269.0,28.025397982345297,28.026030239280118,28.027956357582973,28.031265643917987,28.03610797448944,28.04269538167176,28.051303868983066,28.062275193059406,28.07601826137958,28.09300981693363,28.113794241396814,28.138982727611957,28.16925292146747,28.205351554403634,28.248104480883395,28.29844023815862,28.357433341916735,28.4263702261804,28.506833091463182,28.600786481759737,28.710642767516447
270.0,28.025825882093606,28.02646481172453,28.02841101919824,28.03175401723244,28.036643993942786,28.043293354135173,28.051978474266615,28.063041415825452,28.076891258325468,28.094004748287578,28.114926143278236,28.14026658061746,28.17070417599468,28.206987462035435,28.249946553709744,28.300517878773604,28.359788084298454,28.429059245465435,28.509930110007733,28.60437846362735,28.714822088160854
271.0,28.026258290809942,28.026903909244826,28.028870252310977,28.03224703308247,28.037184742361973,28.04389614517519,28.05265797685913,28.063812590202986,28.077769228440918,28.095004647419294,28.116063015189265,28.141555496644187,28.172160826045392,28.20862954843262,28.2517962648328,28.30260542645721,28.362155710144545,28.431764394009132,28.51304603307915,28.60799083088104,28.719021402662207
272.0,28.02669521931821,28.027347542232956,28.029334066031105,28.03274469849498,28.037730223999016,28.04450375580286,28.053342374524743,28.064588711616842,28.078652167419495,28.096009515708186,28.11720487341078,28.14284951954538,28.173622955617702,28.21027794216665,28.253653772894662,28.30470302951362,28.36453629711972,28.434485622006605,28.516180662446924,28.61162327312307,28.723240373885623
273.0,28.027136678150974,28.027795720792696,28.029802469191385,28.033247020243653,28.038280442900863,28.04511618691982,28.054031665104148,28.06536977590982,28.0795400719344,28.097019356281763,28.118351736713507,28.14414869579921,28.175090650030413,28.211932769829783,28.25551922984382,28.3068108256534,28.36692991231002,28.437222874788826,28.519333804773137,28.61527549370166,28.727478681235354
274.0,28.02758267755163,28.028248454742197,28.030275470351107,28.03375400485507,28.038835402920487,28.04573343933834,28.054725846548248,28.066155779390566,28.080432939686908,28.09803417402451,28.11950362626248,28.145453074257386,28.176563995555988,28.21359415574742,28.257392781022464,28.30892894263033,28.369336613209274,28.43997609357594,28.52250527154625,28.61894720874509,28.73173601936268
275.0,28.02803322747685,28.028705753616755,28.03075307780012,28.03426565861551,28.039395107728964,28.04635551380255,28.05542491695229,28.066946718879294,28.08133076944763,28.09905397557456,28.12066056551074,28.14676270589857,28.178043079086034,28.215262221742876,28.25927456528835,28.311057498849618,28.371756448608412,28.44274521612714,28.525694878993612,28.62263814628655,28.73601209700972
276.0,28.028488337599246,28.029167626671914,28.03123529956331,28.03478198757837,28.03995956082848,28.0469824110106,28.056128874590055,28.06774259175086,28.08223356109047,28.100078769309256,28.121822580084903,28.148077643589005,28.179527987828408,28.216937086948313,28.26116471516324,28.313196603945745,28.37418945939768,28.44553017730243,28.52890244797854,28.626348045469218,28.74030663597134
277.0,28.028948017310338,28.029634082886847,28.031722143405513,28.035302997572312,28.04052876556626,28.04761413163773,28.056837717947843,28.06854339597478,28.083141315619407,28.101108565320608,28.122989697664664,28.149397941852072,28.181018809034413,28.218618867656005,28.263063357001148,28.315346359329443,28.37663567929079,28.448330909548844,28.532127803886603,28.63007665582252,28.744619370160105
278.0,28.0294122757238,28.030105130968096,28.032213616836923,28.03582869421004,28.041102725149365,28.048250676359892,28.05755144575781,28.069349130151902,28.08405403518819,28.102143375381985,28.124161947858326,28.150723656648164,28.182515629754587,28.220307677204758,28.26497061117098,28.317506858703876,28.37909513547913,28.451147343321903,28.5353707765047,28.633823736601652,28.74895004476158
279.0,28.02988112167905,28.03058077935373,28.03270972711899,28.03635908289782,28.041681442660288,28.048892045877867,28.058270057030445,28.07015979354749,28.084971723113195,28.10318321290706,28.1253393620761,28.15205484516572,28.184018536621195,28.222003625896814,28.266886592249076,28.319678188550487,28.381567849223277,28.453979407451435,28.538631199895587,28.637589056183458,28.753298415469082
280.0,28.030354563745238,28.031061036217835,28.033210481270892,28.036894168845684,28.042264921073226,28.04953824094161,28.058993551085784,28.07097538612054,28.08589438387991,28.104228092902165,28.126521973402618,28.153391565624002,28.185527615655616,28.223706820940965,28.268811409217964,28.32186042858556,28.384053836388283,28.456827029459333,28.54190891227013,28.64137239151285,28.757664247788558
281.0,28.030832610225563,28.031545909475504,28.03371588607648,28.03743395707829,28.042853163271026,28.050189262374648,28.05972192758329,28.07179590854929,28.08682202314332,28.105278031913105,28.127709816469917,28.154733877087928,28.18704295209872,28.225417366418352,28.270745165668522,28.32405365218852,28.386553107928528,28.459690135835864,28.545203755858832,28.64517352759437,28.76204731640558
282.0,28.03131526916205,28.03203540678827,28.034225948091883,28.037978452446417,28.0434461720626,28.050845111098308,28.060455186549984,28.072621362252853,28.087754647722708,28.10633304796745,28.12890292733207,28.15608183929499,28.18856463026244,28.227135363267454,28.272687960003044,28.326257926803297,28.389065670327305,28.46256865228009,28.548515576783895,28.64899225702439,28.766447404607565
283.0,28.0318025483408,28.032529535570017,28.034740673653584,28.038527659639126,28.04404395020079,28.051505788155698,28.061193328406866,28.073451749409042,28.08869226559132,28.107393160513134,28.130101343342194,28.157435512494185,28.19009273340066,28.228860909285547,28.27463988563743,28.32847331431409,28.391591525995732,28.46546250390914,28.551844224932847,28.65282837955991,28.770864303755097
284.0,28.032294455297652,28.03302830299337,28.035260068887137,28.03908158319638,28.04464650040052,28.052171294735142,28.061936353993318,28.074287072968463,28.089634885861354,28.108458390354315,28.131305103032624,28.158794957296678,28.191627343597855,28.230594099144028,28.27660103120098,28.330699871396945,28.394130673635097,28.468371615440418,28.55518955383435,28.656681701720427,28.77529781279729
285.0,28.032790997324373,28.033531715996645,28.03578413971638,28.039640227522288,28.045253825357126,28.052841632193026,28.062684264589517,28.075127336664973,28.09058251876479,28.10952875958518,28.132514245998824,28.160160234537912,28.19316854167368,28.232335024415363,28.27857148073266,28.332937649848557,28.396683108566247,28.47129591135026,28.558551420536823,28.66055203641961,28.77974773782648
286.0,28.033292181475346,28.03403978129129,28.03631289187321,28.040203596898714,28.0458659277648,28.053516802075837,28.063437061936707,28.075972545022665,28.091535175630494,28.110604291522385,28.13372881278742,28.16153140515066,28.194716407102188,28.2340837736098,28.280551313872948,28.335186696893576,28.399248823029367,28.474235316012074,28.561929685490146,28.664439202624123,28.784213891668315
287.0,28.033798014574767,28.034552505369863,28.036846330907878,28.040771695499338,28.046482810335,28.05419680614136,28.064194748255314,28.076822703359547,28.092492868858077,28.111685010636723,28.13494884478875,28.162908530048636,28.196271017944124,28.23584043222008,28.282540606050592,28.33744705547192,28.401827806457,28.477189753816496,28.565324212430827,28.66834302503703,28.788696093503717
288.0,28.03430850322438,28.035069894514507,28.037384462199817,28.04134452740403,28.04710447581472,28.05488164637884,28.064957326260917,28.077677817788096,28.09345561188891,28.112770942484595,28.13617438413405,28.16429167002005,28.19783245079102,28.23760508277276,28.28453942866381,28.339718764507207,28.404420045722922,28.480159149275888,28.568734868270713,28.67226333380359,28.793194168519623
289.0,28.0348236538117,28.03559195480598,28.03792729096883,28.041922096613455,28.04773092700456,28.05557132502812,28.06572479917805,28.078537895212943,28.0944234191748,28.113862113639698,28.137405473597553,28.165680885630678,28.199400780719923,28.239377804884807,28.28654784925559,28.342001859157648,28.40702552536924,28.483143427115095,28.57216152298937,28.676199964237505,28.797707947585728
290.0,28.035343472518804,28.036118692133158,28.038474822286833,28.042504407063937,28.048362166776503,28.05626584459758,28.06649717075187,28.0794029433258,28.09539630614457,28.114958551625328,28.13864215650345,28.167076237135824,28.20097608125761,28.241158675324453,28.288565931682896,28.344296371050504,28.40964422781371,28.486142512350163,28.575604049530213,28.680152756565757,28.802237266954844
291.0,28.03586796533155,28.03665011220302,28.039027061089875,28.043091462642405,28.048998198091216,28.056965207880914,28.06727444525777,28.08027297059793,28.096374289169077,28.11606028484769,28.139884476637825,28.168477784400654,28.202558424353256,28.242947768075247,28.290593736279632,28.346602328501245,28.412276133539255,28.489156330356437,28.57906232370036,28.684121555690552,28.80678196798474
292.0,28.03639713804938,28.037186220551142,28.03958401219058,28.0436832672014,28.049639024014986,28.05766941797266,28.06805662750896,28.081147986270363,28.09735738552485,28.11716734253043,28.1411324781655,28.169885586828407,28.20414788035871,28.24474515440264,28.292631320013356,28.348919756718434,28.414921221267253,28.49218480692742,28.582536224074097,28.688106210966904,28.81134189687941
293.0,28.036930996295506,28.037727022552556,28.040145680290852,28.044279824574126,28.050284647736067,28.058378478282453,28.068843722862095,28.082028000342,28.09834561335675,28.118279754650672,28.14238620555168,28.171299703295915,28.205744518015415,28.246550902922277,28.294678736635724,28.35124867799526,28.41757946811617,28.495227868325408,28.586025631900103,28.692106575994522,28.815916904448247
294.0,28.03746954552762,28.038272523433058,28.040712069994864,28.04488113858939,28.050935072580423,28.059092392548006,28.069635737221073,28.082913023555932,28.099338991639907,28.119397551876784,28.14364570348844,28.17272019209591,28.20734840444731,28.248365079669494,28.296736036826783,28.353589111888745,28.420250849746836,28.498285441324974,28.589530431012122,28.696122508422974,28.820506845881443
295.0,28.03801279104895,28.038822728280884,28.0412831858222,28.045487213086425,28.05159030202683,28.059811164846803,28.070432677039037,28.08380306738405,28.100337540141165,28.120520765507916,28.14491101682569,28.174147110885688,28.208959605159,28.250187748169427,28.298803268333184,28.355941075387317,28.422935340495627,28.50135745325007,28.593050507743115,28.700153869768908,28.82511158054027
296.0,28.038560738019747,28.039377642058692,28.041859032221204,28.04609805192957,28.052250339721347,28.060534799606526,28.071234549318703,28.084698144010257,28.101341279380325,28.121649427415576,28.146182190506767,28.17558051664166,28.210578184038464,28.252018969507404,28.300880476100474,28.35830458306769,28.425632913496592,28.504443832005553,28.596585750842824,28.70420052524456,28.829730971761023
297.0,28.039113391469098,28.039937269615862,28.042439613582435,28.046713659022668,28.05291518949095,28.061263301614208,28.07204136161117,28.085598266312328,28.10235023059128,28.12278356998724,28.147459269508236,28.177020465619254,28.21220420336392,28.253858802399154,28.302967702399602,28.36067964724169,28.42834354079356,28.507544506103805,28.60013605139852,28.708262343596544,28.834364886671516
298.0,28.039670756307075,28.04050161570105,28.043024934252145,28.047334038323218,28.05358485535652,28.061996676024165,28.072853122013182,28.086503447842762,28.103364415683355,28.123923226072094,28.148742298783905,28.178467013317906,28.21383772381414,28.25570730326061,28.305064986947862,28.36306627809375,28.431067193443074,28.51065940468695,28.603701302758918,28.712339196954236,28.83901319601912
299.0,28.04023283733711,28.04107068497491,28.043614998545806,28.047959193856176,28.054259341544984,28.06273492836472,28.07366983916309,28.087413702808664,28.104383857202926,28.125068428928934,28.150031323212797,28.1799202144506,28.215478804481915,28.257564526276997,28.307172367024364,28.36546448380972,28.433803841608988,28.51378845754529,28.60728140046114,28.716430960686992,28.843675774009377
300.0,28.040799639268645,28.041644482023024,28.044209810761583,28.04858912972743,28.05493865250072,28.063478064543727,28.07449152223553,28.088329046050816,28.105408578295446,28.126219212176288,28.151326387550927,28.18138012291769,28.21712750289013,28.259430523471014,28.30928987758036,28.367874270697584,28.436553454649424,28.516931595132302,28.610876242160547,28.72053751326957,28.848352498154462
301.0,28.041371166729924,28.042223011368936,28.044809375193747,28.049223850136805,28.055622792896095,28.064226090853015,28.075318180934918,28.089249493022173,28.106438602668096,28.12737560974472,28.15262753638674,28.182846791784595,28.218783875010196,28.26130534476995,28.311417551344494,28.37029564330056,28.439316001196772,28.52008874857503,28.614485722709123,28.724657316292046,28.852956548196868
302.0,28.04194742428096,28.04280627748724,28.045413696145935,28.04986335939071,28.056311767641287,28.064979013971726,28.076149825487942,28.090175059765812,28.107473954553022,28.12853765583133,28.153934814099898,28.18432027326307,28.220447975282383,28.263189038071577,28.313555418923272,28.37272860450318,28.44209144919067,28.523259842432772,28.618109202982843,28.728775661485532,28.857460068480208
303.0,28.04252841642657,28.04339428481673,28.046022777944273,28.050507661914253,28.05700558189322,28.065736840968576,28.07698646663503,28.091105762892543,28.10851465867141,28.129705384856415,28.155248264823438,28.185800618695737,28.22211985663786,28.265081649308666,28.3157035088966,28.375173155589522,28.444879762689663,28.526444668720032,28.62174392619048,28.732879944275396,28.86191015296849
304.0,28.04311414762948,28.04398703777352,28.04663662495028,28.05115676226291,28.05770424106375,28.06649957930322,28.07782811562101,28.092041619558202,28.109560740198308,28.13087883142228,28.156567932408958,28.18728787854361,28.223799570522118,28.266983222511918,28.317861847888686,28.377629295325768,28.4476808750328,28.52964261326275,28.625386086942598,28.736967190025233,28.866321791918303
305.0,28.043704622323425,28.044584540764085,28.047255241573556,28.051810665133676,28.05840775082707,28.0672672368266,28.07867478418494,28.09298264744085,28.110612224728403,28.13205803027416,28.157893860394722,28.18878210237636,28.225487166919418,28.268893799864077,28.320030460383506,28.380097014262056,28.45049463184866,28.532852632974738,28.629032461484098,28.741037609962845,28.87070293972495
306.0,28.04429984492621,28.04518679819827,28.047878632284167,28.052469375375683,28.059116117126305,28.068039821780413,28.07952648454931,28.093928864717817,28.111669138242686,28.133243016263158,28.159226091976564,28.190283338864965,28.227182694375994,28.270813421690992,28.322209367522515,28.382576281856082,28.45332075063845,28.536073466232505,28.632680731548973,28.745092261293824,28.875058755531107
307.0,28.044899819852738,28.045793814502094,28.04850680162475,28.05313289800029,28.059829346179363,28.068817342795832,28.080383229408554,28.094880290042852,28.112731507076134,28.134433824311234,28.160564669981323,28.191791635776013,28.228886200009104,28.272742126225587,28.32439858412371,28.385067031539577,28.45615882392125,28.53930383061293,28.636329319110825,28.749132374801686,28.87939293186736
308.0,28.04550455152786,28.046405594130412,28.04913975422227,28.053801238190605,28.060547444484083,28.069599808891336,28.081245031917142,28.09583694252329,28.113799357886382,28.135630489378052,28.16190963684256,28.19330703996448,28.23059772946475,28.274679948926554,28.326598114221657,28.387569150840047,28.459008350954118,28.54254253445766,28.639977173502274,28.753159151615165,28.883708274250914
309.0,28.04611404439908,28.04702214157938,28.049777494799457,28.054474401310497,28.0612704188226,28.07038722946988,28.08211190567711,28.096798841697442,28.114872717623413,28.13683304642977,28.163261034577687,28.194829597356,28.232317326764317,28.27662692126028,28.328807946380664,28.390082479253998,28.461868776297862,28.54578852195991,28.643623606910513,28.75717370306385,28.88800700261773
310.0,28.046728302949138,28.047643461398657,28.05042002818579,28.05515239291297,28.061998276265058,28.071179614315383,28.082983864725282,28.097766007512128,28.1159516135003,28.138041530409343,28.164618904764282,28.196359352902718,28.23404503398643,28.278583069078365,28.331028050034725,28.39260681249372,28.464739523186758,28.54904088150914,28.647268180311734,28.761177038198166,28.892290926239674
311.0,28.047347331708274,28.04826955820333,28.05106735932816,28.055835218748058,28.062731024172653,28.071976973588594,28.083860923520152,28.098738460300567,28.11703607296497,28.13925597620787,28.16598328851123,28.197896350492982,28.23578089076888,28.28054841087302,28.333258373505455,28.39514191036646,28.467620018101762,28.55229883700135,28.650910626353717,28.76517006766835,28.89656155328212
312.0,28.047971135266312,28.04890043668557,28.05171949330107,28.05652288477012,28.063468670199995,28.07277931782236,28.08474309692848,28.099716220760513,28.118126123672763,28.140476418635853,28.167354226418535,28.19944063279906,28.237524933664428,28.28252295620389,28.33549884373526,28.397687505898872,28.470509707045014,28.55556173270205,28.654550797164784,28.76915361278542,28.900820163437114
313.0,28.048599718284404,28.049536101625947,28.0523764353164,28.05721539714457,28.064211222296887,28.073586657916376,28.085630400211738,28.10069930993274,28.119221793459655,28.141702892392345,28.168731758518607,28.200992241057232,28.239277195419422,28.284506704505027,28.337749367409245,28.40024331416836,28.473408065316157,28.558829016782514,28.658188628671905,28.77312841560013,28.90506785824984
314.0,28.049233085506494,28.05017655790436,28.053038190732753,28.057912762254062,28.06495868870948,28.074399005131482,28.086522849012322,28.101687749179792,28.120323110315496,28.142935432029653,28.170115924193468,28.202551214787196,28.241037704255223,28.286499644368625,28.340009833019597,28.402809040053707,28.476314602652003,28.56210022578004,28.66182411588821,28.777095148468494,28.909305597243776
315.0,28.049871241770436,28.05082181051066,28.05370476506432,28.05861498670415,28.065711077980904,28.075216371083478,28.08742045933973,28.102681560164882,28.1214301023565,28.144174071910697,28.17150676206467,28.204117591468027,28.242806483223365,28.28850175330797,28.34228011345347,28.405384384621183,28.479228865246426,28.565374970820976,28.66545729557124,28.781054422606275,28.913534224614747
316.0,28.050514192018728,28.05147186455481,28.05437616398929,28.059322077328385,28.066468398951287,28.076038767736566,28.08832324755649,28.10368076483078,28.122542797795948,28.145418846156765,28.172904309856616,28.20569140619379,28.24458354968489,28.290512997941388,28.344560068775046,28.407969050148065,28.482150435767174,28.56865292578605,28.66908823390339,28.785006795545026,28.917754489439545
317.0,28.05116194130893,28.052126725276725,28.0550523933578,28.060034041192896,28.067230660757357,28.07686620739641,28.089231230364042,28.10468538537823,28.123661224912002,28.14666978858383,28.174308604237183,28.20727269133286,28.24636891494148,28.292533334510342,28.346849548971775,28.41056274392377,28.485078932148745,28.571933817311248,28.672717017644125,28.78895277755891,28.921967061292516
318.0,28.051814494823603,28.05278639805561,28.05573345919939,28.06075088560045,28.067997872831462,28.07769870270282,28.090144424788313,28.105695444243636,28.124785412011516,28.147926932626984,28.17571968064222,28.208861476212395,28.248162584025632,28.29456270963851,28.349148396520953,28.413165181019114,28.48801400568621,28.575217416411327,28.676343747716018,28.792892837182393,28.92617254252856
319.0,28.052471857879897,28.05345088841891,28.05641936772999,28.061472618094,28.068770044900187,28.078536266622116,28.091062848164935,28.10671096407541,28.125915387388915,28.149190311253502,28.177137573091816,28.210457786844447,28.249964555642325,28.296601061246278,28.351456448698055,28.415776086218116,28.490955338774736,28.57850353148979,28.67996853451933,28.79682740594642,28.930371478093587
320.0,28.053134035938683,28.054120202050818,28.057110125358445,28.06219924645979,28.069547186982494,28.079378912439097,28.091986518123925,28.10773196770855,28.12705117927966,28.150459956866175,28.17856231400664,28.212061645704736,28.251774822245064,28.298648319548683,28.353773539593945,28.418395195288824,28.493902642515597,28.581792002512376,28.683591494488844,28.800756882451353,28.934564363466336
321.0,28.053801034613283,28.054794344800317,28.05780573869254,28.06293077872988,28.0703293093874,28.08022665374858,28.092915452573664,28.10875847813692,28.128192815808124,28.151735901199373,28.179993934031952,28.213673071569744,28.253593370224177,28.30070440808035,28.35609950183786,28.421022255743516,28.496855654326126,28.585082696147367,28.687212747553374,28.804681635879795,28.93875165116436
322.0,28.054472859677688,28.055473322688773,28.05850621454458,28.063667223184268,28.07111642271123,28.081079504446443,28.09384966968385,28.10979051848298,28.12934032493005,28.153018175210743,28.18143246187571,28.21529207941333,28.255420180183904,28.302769244705786,28.35843416804066,28.42365702721184,28.499814135635887,28.58837550170575,28.690832415257365,28.808602009037237,28.94293375613065
323.0,28.055149517074412,28.05615714191709,28.05921155993644,28.064408588352546,28.071908537834428,28.08193747872017,28.094789187867285,28.11082811196466,28.130493734370372,28.154306808971697,28.182877924165837,28.216918680360585,28.257255227285558,28.304842742585848,28.360777371982778,28.426299281525637,28.50277786971497,28.59167032774178,28.69445061937233,28.812518320994005,28.947111060236004
324.0,28.055831012921836,28.05684580887236,28.05992178210424,28.06515488301504,28.072705665917816,28.082800591038637,28.09573402576031,28.11187128185929,28.13165307155714,28.15560183155964,28.18433034532994,28.21855288169431,28.259098481636254,28.306924811081615,28.363128949575344,28.428948802593276,28.505746659657248,28.594967099198936,28.698067480873426,28.816430869389905,28.951283916074622
325.0,28.056517353521077,28.0575393301341,28.060636888502454,28.06590611620351,28.073507818398422,28.083668856141184,28.09668420220163,28.11292005146477,28.13281836355291,28.156903270954796,28.18578974749948,28.22019468690803,28.260949908705573,28.309015356584702,28.365488739623807,28.431605386123763,28.508720326526486,28.59826575500698,28.701683119189852,28.820339932452498,28.955452650188896
326.0,28.057208545362464,28.05823771247999,28.06135688680761,28.066662297201376,28.07431500698471,28.084542289025777,28.09763973620949,28.113974444058133,28.13398963698469,28.158211153943945,28.187256150439058,28.221844095798698,28.262809469755464,28.31111428326889,28.367856584422377,28.43426883924698,28.511698707664113,28.601566246052794,28.705297651661795,28.82424577077146,28.9596175658285
327.0,28.05790459513148,28.058940962891143,28.062081784921507,28.067423435543397,28.075127243651174,28.08542090493622,28.098600646957202,28.11503448285187,28.13516691797378,28.159525506032956,28.188729571500456,28.223501104592092,28.26467712227174,28.313221493762352,28.37023233020511,28.436938980065197,28.51468165515216,28.60486853346186,28.708911193153746,28.828148628864245,28.963778945326457
328.0,28.05860550971428,28.05964908855695,28.062811590973926,28.068189541014927,28.075944540632335,28.08630471934833,28.09956695374693,28.11610019094854,28.136350232066807,28.160846351369493,28.19021002560019,28.225165706094284,28.26655282038805,28.315336889742404,28.372615827476984,28.439615637162497,28.517669034421804,28.60817258713858,28.712523855786607,28.8320487365627,28.967937052157414
329.0,28.05931129620272,28.0603620968794,28.06354631332491,28.068960623650543,28.076766910415973,28.087193747954963,28.10053867598193,28.11717159129416,28.137539604169017,28.162173712676836,28.191697525218977,28.226837889862768,28.268436515295573,28.317460372456722,28.375006931245228,28.44229864909177,28.520660722996514,28.611478384522936,28.71613574876018,28.835946310245212,28.972092132730456
330.0,28.060021961898943,28.06107999547697,28.064285960566504,28.069736693732168,28.07759436573562,28.088088006649922,28.10151583313731,28.11824870663093,28.138735058480947,28.163507611199314,28.193192080420904,28.228517642391765,28.27032815563361,28.31959184317608,28.37740550116864,28.444987863853907,28.523656609358472,28.614785909528596,28.719746978244537,28.83984155393531,28.976244417958466
331.0,28.06073751431947,28.061802792188022,28.06503054152403,28.070517761786565,28.07842691956227,28.088987511510766,28.10249844472957,28.119331559449964,28.139936618439172,28.164848066659413,28.194693698890042,28.23020494730672,28.272227687857846,28.321731203584214,28.379811401639806,28.44768313837981,28.526656591926976,28.618095151633575,28.723357647323734,28.84373466028425,28.980394124638465
332.0,28.061457961198823,28.062530495073705,28.065780065256803,28.071303838582253,28.07926458509521,28.089892278780482,28.10348653028514,28.120420171944478,28.141144306661964,28.16619509722643,28.196202385982133,28.231899785563858,28.274135056584292,28.323878356110647,28.38222450181313,28.45038433802267,28.529660578138074,28.621406105099652,28.726967855979304,28.847625811452488,28.98454145667081
333.0,28.062183310492674,28.063263112420398,28.066534541058353,28.072094935125737,28.080107375752057,28.09080232484812,28.104480109308142,28.121514565964066,28.142358144900257,28.16754871949617,28.197718144789068,28.23360213565119,28.276050204907932,28.32603320421225,28.38464467558927,28.45309133606588,28.532668483615474,28.62471876830076,28.73057770110376,28.85151517990263,28.988686606140583
334.0,28.062913570380502,28.064000652741605,28.06729397845604,28.072891062657057,28.080955305157886,28.091717666228483,28.105479201247714,28.122614762970535,28.14357815399426,28.168908948481107,28.19924097621376,28.23531197378821,28.27797307469591,28.328195652609107,28.38707180156509,28.455804013249942,28.535680231423434,28.62803314314384,28.734187276536613,28.85540292911487,28.99282975428021
335.0,28.063648749267735,28.064743124779373,28.068058387210147,28.073692232644703,28.08180838713355,28.092638319540974,28.106483825465176,28.123720783995672,28.14480435383602,28.170275797610262,28.200770879053483,28.23702927412185,28.27990360685557,28.330365607479806,28.38950576295647,28.458522257320645,28.538695751393227,28.631349234568436,28.737796673117064,28.859289214233943,28.99697107232956
336.0,28.064388855787406,28.06549053750518,28.06882777731237,28.07449845677977,28.082666635683157,28.09356430148769,28.107494001201264,28.124832649601384,28.146036763337843,28.171649278737885,28.202307850089664,28.23875400891693,28.281841741578134,28.33254297662113,28.39194644750035,28.461245962599726,28.5417149795156,28.634667050113492,28.741405978748855,28.863174182655793,29.001110722306844
337.0,28.06513389880129,28.066242900120244,28.069602158983663,28.075309746969424,28.083530064980764,28.094495628830977,28.108509747543795,28.12595037984244,28.14727540040666,28.173029402160157,28.203851884182427,28.240486148739798,28.28378741855912,28.33472766957639,28.3943937473409,28.46397502957844,28.544737857392338,28.63798659954167,28.745015278473772,28.867057974560694,29.005248857701805
338.0,28.06588388740046,28.067000222055317,28.070381542671537,28.076126115329657,28.084398689356338,28.0954323183705,28.109531083395964,28.127073994232116,28.14852028192409,28.174416176638918,28.20540297436836,28.242225662634016,28.2857405771967,28.336919597736536,28.396847558904224,28.466709364534076,28.5477643317408,28.64130789451303,28.748624654551083,28.8709407233989,29.009385624100794
339.0,28.06663883090536,28.067762512969896,28.071165939046637,28.07694757417734,28.085272523281045,28.0963743869201,28.110558027445535,28.12820351171085,28.149771423732034,28.17580960943157,28.206961111960137,28.24397251828751,28.287701156769412,28.339118674417502,28.399307782764872,28.46944887916902,28.5507943539459,28.644630948301177,28.752234186540758,28.87482255633392,29.013521159752116
340.0,28.067398738865258,28.06852978275085,28.07195535899877,28.07777413602158,28.08615158135193,28.09732185128448,28.11159059813512,28.129338950618042,28.15102884062352,28.177209706326305,28.20852628664691,28.245726682190693,28.289669096594587,28.34132481491711,28.40177432350708,28.47219349027167,28.553827879654655,28.647955775546016,28.755843951388854,28.878703594647995,29.017655596078516
341.0,28.06816362105715,28.069302041510422,28.072749813632235,28.07860581355443,28.08703587827608,28.098274728235918,28.112628813633712,28.13048032866706,28.152292546338476,28.1786164716818,28.2100984865944,28.247488119785356,28.29164433616901,28.343537936554274,28.40424708958287,28.47494311939837,28.556864868408876,28.651282392038134,28.759454023513804,28.882583954113734,29.021789058143035
342.0,28.06893348748407,28.070079299583682,28.07354931426052,28.07944261964094,28.087925428854337,28.099233034491185,28.113672691809715,28.13162766292345,28.15356255356402,28.180029908470626,28.211677698543927,28.249256795604232,28.293626815293116,28.34575795869305,28.406725993168966,28.477697692575468,28.55990528331213,28.654610814530596,28.76306447489262,28.8864637453353,29.025921665073408
343.0,28.069708348372792,28.070861567525313,28.074353872400398,28.08028456730866,28.088820247964673,28.100196786688773,28.114722250205475,28.132780969786324,28.154838873939006,28.181450018325656,28.21326390790969,28.251032673401394,28.295616474180196,28.347984802753786,28.40921095002385,28.480457140020405,28.56294909072745,28.65794106057452,28.76667537514629,28.89034307406232,29.030053530449585
344.0,28.070488214170943,28.071648856105828,28.075163499765353,28.08113166973653,28.089720350545303,28.10116600136654,28.11577750601351,28.13394026497284,28.1561215180624,28.18287680158884,28.214857098873726,28.252815716273528,28.297613253551848,28.350218392213268,28.41170187934622,28.48322139588089,28.56599626000271,28.661273148375304,28.77028679162378,28.894222041479086,29.034184762658295
345.0,28.071273095543468,28.07244117630712,28.075978208258444,28.081983940243326,28.09062575157759,28.10214069493996,28.11683847605445,28.135105563505697,28.157410495505022,28.184310257361716,28.216457254478108,28.254605886772488,28.299617094720908,28.35245865259557,28.41419870363566,28.485990397991014,28.56904676322085,28.664607096666877,28.773898789484253,28.898100744471503,29.038315465218133
346.0,28.072063003368534,28.073238539317444,28.07679800996454,28.082841392275594,28.091536466068963,28.103120883680987,28.117905176756793,28.136276879703534,28.158705814824465,28.18575038355715,28.218064356714056,28.256403147009344,28.30162793966309,28.35470551145512,28.416701348556238,28.48876408764338,28.572100574972612,28.667942924601668,28.777511431777192,28.901979275873835,29.042445737078182
347.0,28.072857948732736,28.074040956525742,28.077622917142033,28.083704039395233,28.092452509035713,28.10410658369776,28.118977624138452,28.13745422717405,28.160007483582653,28.187197176951837,28.21967838660771,28.25820745875036,28.303645731078312,28.35695889835326,28.41920974280362,28.491542409376148,28.575157672149352,28.671280651654268,28.78112477952023,28.90585772469719,29.04657567289287
348.0,28.073657942925813,28.074848439515442,28.078452942213985,28.084571895266713,28.093373895485996,28.10509781091506,28.120055833790122,28.138637618809724,28.1613155083658,28.188650633239146,28.221299324302347,28.260018783505213,28.30567041244283,28.359218744829462,28.42172381797597,28.494325310774148,28.578218033754194,28.67462029753716,28.784738891774527,28.9097361763413,29.050705363275295
349.0,28.074462997434622,28.0756610000576,28.079288097758806,28.085444973644016,28.094300640402928,28.106094581055743,28.12113982086048,28.139827066785983,28.16262989480642,28.190110747081924,28.222927149136975,28.261837082607926,28.307701928053,28.361484984368097,28.424243508448992,28.497112742283043,28.581281640729582,28.677961882126954,28.7883538257176,28.91361471279125,29.054834895031206
350.0,28.07527312393667,28.076478650103518,28.08012839650043,28.08632328835734,28.09523275872794,28.107096909623078,28.122229600043134,28.14102258256163,28.16395064760706,28.19157751216498,28.2245618397212,28.263662317290887,28.309740223061556,28.363757552361697,28.42676875125528,28.499904657035703,28.584348475799796,28.681305425399856,28.7919696367136,28.917493412800265,29.058964351375398
351.0,28.076088334292958,28.077301401776822,28.080973851298083,28.087206853299655,28.096170265344465,28.10810481188415,28.123325185565335,28.142224176881353,28.165277770565474,28.193050921246975,28.226203374006356,28.265494448752357,28.311785243507256,28.36603638607139,28.429299485968045,28.502701010690007,28.58741852332687,28.684650947375292,28.795586378381003,28.921372352059986,29.063093812132156
352.0,28.07690864054034,28.078129267365036,28.08182447513568,28.08809568241312,28.09711317506198,28.109118302854256,28.124426591178395,28.143431859780172,28.166611266600995,28.194530966211445,28.227851729352906,28.267333438217957,28.31383693633846,28.368321424585137,28.431835654589307,28.505501761277255,28.590491769178815,28.68799846806668,28.799204102657697,28.925251603359094,29.067223353921236
353.0,28.07773405488334,28.07896225931063,28.082680281110854,28.088989789675473,28.098061502600444,28.11013739728236,28.1255338301497,28.144645640589626,28.167951137781863,28.196017638116817,28.229506882594205,28.26917924699637,28.315895249431403,28.37061260877435,28.43437720144251,28.508306869060462,28.59356820060885,28.691348007438478,28.802822859863603,28.929131236731397,29.07135305033059
354.0,28.07856458968549,28.07980039020166,28.083541282423685,28.089889189086414,28.09901526257526,28.111162109637636,28.126646915256337,28.145865527945578,28.169297385353236,28.197510927245258,28.231168810096598,28.271031836529826,28.31796013160375,28.372909881249303,28.436924073069576,28.511116296401898,28.596647806144738,28.694699585368788,28.806442698760748,28.933011319594176,29.075482972077094
355.0,28.079400257460158,28.080643672761962,28.08440749236518,28.090793894654006,28.09997446948271,28.11219245409706,28.12776585878019,28.147091529797393,28.170650009765744,28.199010823150182,28.232837487816052,28.272891168439617,28.320031532623894,28.375213186313758,28.439476218132274,28.513930007639168,28.59973057548725,28.698053221616885,28.810063666610958,28.93689191687758,29.079613187156234
356.0,28.08024107086099,28.081492119841,28.085278924305538,28.091703920381228,28.100939137685977,28.113228444534073,28.128890672504408,28.148323653418466,28.17200901070437,28.20051731470239,28.234512891351347,28.274757204567017,28.322109403216533,28.37752246991917,28.442033587317827,28.516747968969312,28.602816499416942,28.701408935795044,28.813685809231178,28.94077309114578,29.083743760981722
357.0,28.081087042671935,28.082345744403302,28.086155591682257,28.092619280252634,28.101909281401703,28.114270094508285,28.130021367711294,28.149561905417794,28.173374387117498,28.202030390134688,28.236194995993976,28.276629907009998,28.32419369506496,28.379837679618717,28.44459613324866,28.519570148340343,28.60590556970852,28.704766747344202,28.81730917104654,28.944654902710564,29.08787475651586
358.0,28.081938185796897,28.083204559517682,28.087037507988086,28.093539988221185,28.10288491468721,28.115317417256243,28.131157955181386,28.150806291752602,28.174746137245993,28.203550037084952,28.237883776774854,28.278509238155998,28.326284360810483,28.382158764521407,28.44716381039617,28.522396515349694,28.608997779052082,28.708126675513,28.82093379514121,28.948537409737902,29.092006234391363
359.0,28.082794513249098,28.08406857834613,28.08792468675892,28.09446605819535,28.103866051428295,28.116370425683147,28.132300445193728,28.152056817741805,28.17612425865219,28.205076242637666,28.23957920850803,28.280395160711052,28.32838135404923,28.384485675246466,28.449736574998365,28.52522704114913,28.6120931209807,28.711488739339828,28.82455972330715,28.95242066834802,29.096138253025483
360.0,28.083656038140106,28.0849378141325,28.08881714156166,28.09539750402644,28.10485270532768,28.11742913235561,28.133448847527223,28.153313488080173,28.177508748248655,28.206608993363783,28.241281265831415,28.282287637725624,28.33048462932681,28.38681836387821,28.452314384981253,28.528061698355632,28.615191589803693,28.714852957637493,28.828186996090807,28.956304732709523,29.100270868726813
361.0,28.084522773668684,28.085812280191025,28.08971488598203,28.09633433949622,28.105844889894126,28.118493549495334,28.13460317146301,28.154576306853162,28.178899602326602,28.208148275359015,28.242989923244785,28.28418663261731,28.33259414213099,28.38915678392148,28.45489719988385,28.530900460967917,28.618293180545216,28.718219348980597,28.83181565381448,28.960189940780857,29.10442157858694
362.0,28.0853947331094,28.086691989894693,28.0906179336125,28.097276578304864,28.106842618432168,28.119563688973685,28.13576342578772,28.15584527755221,28.180296816583994,28.209694074280478,28.2447051551451,28.286092109190758,28.33470984888271,28.391500890257802,28.4574849807866,28.53374330428816,28.621397888895775,28.721587933153337,28.835445843469323,28.9640792788733,29.10859601569188
363.0,28.08627192980106,28.0875769566635,28.091526298040222,28.098224234059263,28.10784590403252,28.120639562307183,28.13692961879765,28.157120403090488,28.18170038615307,28.21124637538177,28.246426935859333,28.288004031654964,28.33683170692567,28.393850639102364,28.460077690243246,28.536590204856868,28.624505711815083,28.72495875648639,28.83907813735637,28.967975308920895,29.112784733264036
364.0,28.08715437713509,28.08846719395267,28.092439992835082,28.099177320261663,28.10885475956313,28.12172118065378,28.138101758303662,28.15840168581893,28.183110305627412,28.212805163546406,28.24815523967493,28.2899223646382,28.33895967451465,28.396205987961903,28.462675292219892,28.539441140587353,28.62761665289585,28.728331946903072,28.842713318034953,28.971878654377484,29.11698474207727
365.0,28.088042088543745,28.089362715240824,28.09335903153797,28.100135850298734,28.109869197660874,28.12280855480999,28.139279851636783,28.159689127542546,28.184526569088376,28.214370423319743,28.24989004086794,28.291847073200756,28.34109371080284,28.398566895594975,28.465277752087662,28.542296091865058,28.630730733796476,28.731707718485588,28.8463520503731,28.975789296707223,29.121194467277263
366.0,28.08893507748834,28.09026353401819,28.09428342764911,28.101099837431008,28.110889230723867,28.123901695208733,28.140463905654464,28.160982729536837,28.18594917013094,28.215942138939354,28.251631313729117,28.293778122845694,28.34323377582869,28.40093332198565,28.467885036822217,28.545155044093917,28.633848002341836,28.735086329146725,28.849994816418455,28.979707046177772,29.125412895293714
367.0,28.0898333574475,28.091169663774853,28.09521319461666,28.102069294782744,28.11191487090444,28.1250006119179,28.14165392674738,28.16228249256435,28.18737810188882,28.217520294363897,28.253379032587937,28.295715479527924,28.345379830505056,28.40330522836354,28.470497115563077,28.548017990659233,28.636968531862305,28.738468040844765,28.85364194866773,28.983631677180263,29.1296393065892
368.0,28.09073694190533,28.09208111798906,28.096148345825547,28.103044235332227,28.11294613010268,28.126105314639602,28.142849920846736,28.163588416891276,28.188813357058965,28.21910487330055,28.255133171834792,28.297659109662327,28.347531836618188,28.405682577314135,28.47311396047244,28.550884934876017,28.64009241478616,28.7418530971358,28.85729367291779,28.987562969158148,29.133873159100133
369.0,28.091645844339762,28.092997910115695,28.097088894586506,28.10402467190251,28.113983019960603,28.12721581271004,28.14405189343203,28.16490050230394,28.190254927925274,28.220695859231057,28.25689370594156,28.299608980132845,28.34968975684863,28.408065332997865,28.475735547641413,28.5537558903802,28.643219754856617,28.745241714100843,28.86095014138324,28.991500718746778,29.138114027637446
370.0,28.092560078210976,28.09392005357486,28.09803485412543,28.10501061715255,28.11502555185687,28.128332115099983,28.145259849539183,28.166218748125296,28.191702806381624,28.222293235436403,28.258660609481115,28.30156505830585,28.351853554824995,28.41045346145129,28.478361857791455,28.556630880239762,28.64635066039605,28.74863407866554,28.864611455665653,28.995444742321638,29.142361568737698
371.0,28.09347965694991,28.09484756174063,28.098986237572994,28.106002083568853,28.11607373690209,28.129454230415767,28.146473793768997,28.16754315323127,28.19315698395414,28.22389698502037,28.260433857146687,28.30352731205188,28.354023195213664,28.412846930913542,28.48099287663982,28.55950993533711,28.649485239341523,28.752030350347322,28.86827768228855,28.999394875253394,29.14661549866104
372.0,28.09440459394697,28.09578044793003,28.0999430579546,28.106999083457502,28.117127585934654,28.130582166900844,28.14769373029592,28.168873716066937,28.194617451822783,28.225507090932147,28.262213423772426,28.305495709778935,28.356198643837683,28.41524571211904,28.483628594921548,28.562393092502848,28.652623595951425,28.75543066430022,28.87194886321674,29.003350970118603,29.150875578815704
373.0,28.095334902540895,28.096718725392222,28.10090532818063,28.10800162893668,28.118187109517088,28.131715932437753,28.148919662877052,28.170210434662508,28.196084200842268,28.22712353598848,28.263999284356643,28.30747022047864,28.358379867811117,28.417649778514498,28.486269008133522,28.565280392710264,28.655765828820773,28.758835134626885,28.875625023053548,29.007312894703876,29.155141605668266
374.0,28.096270596007876,28.097662407297932,28.101873061037047,28.10900973192961,28.119252317932915,28.1328555345506,28.150151594861306,28.171553306649123,28.197557221562423,28.228746302895846,28.265791414088945,28.309450813783904,28.360566835672646,28.420059106380666,28.488914116090335,28.568171879488947,28.658912029830667,28.762243857505172,28.879306174030333,29.011280530111677,29.15941340350904
375.0,28.097211687550868,28.098611506729156,28.102846269176343,28.11002340415793,28.120323221183988,28.134000980407873,28.151389529198774,28.172902329274432,28.199036504248184,28.230375374273265,28.267589788381965,28.311437460034654,28.362759517504383,28.422473674858427,28.491563922376205,28.571067597614444,28.66206228372655,28.76565691396034,28.882992319512464,29.015253769068067,29.163690819113153
376.0,28.098158190289187,28.099566036669152,28.103824965108835,28.111042657135517,28.1213998289883,28.135152276825664,28.152633468450205,28.17425749941802,28.200522038899418,28.23201073267627,28.26939438290757,28.31343013034712,28.36495788502564,28.424893465890886,28.49421843375908,28.57396759207352,28.665216668100552,28.769074372246795,28.886683456494218,29.019232514449946,29.167973717704783
377.0,28.099110117248333,28.100526009992706,28.104809161194343,28.112067502162752,28.1224821507782,28.136309430271226,28.153883414796613,28.175618813606665,28.20201381527079,28.233652360622393,28.271205173636876,28.31542879668182,28.367161911656197,28.427318464098914,28.496877659613194,28.576871907276697,28.66837525362109,28.772496289860758,28.890379577394512,29.023216678018038,29.172261979843682
378.0,28.100067481350194,28.101491439456744,28.105798869634224,28.11309795032116,28.123570195699074,28.137472446866834,28.155139370048953,28.1769862680296,28.203511822891954,28.23530024061833,28.273022136882748,28.317433431906075,28.369371572547642,28.42974865660891,28.499541611378895,28.579780586479725,28.671538104404018,28.775922715226745,28.894080671362364,29.02720617933151,29.1765554989809
379.0,28.101030295403444,28.102462337691264,28.106794102463763,28.11413401246851,28.12466397260838,28.13864133239395,28.156401335657975,28.178359858553748,28.205016051088172,28.23695435518869,28.27484524934328,28.31944400984763,28.371586844584282,28.432184032849907,28.502210302075568,28.58269367137463,28.67470527845597,28.779353689105243,28.897786725234035,29.031200944818625,29.18085417951066
380.0,28.101998572094377,28.10343871719058,28.107794871544982,28.115175699234317,28.125763490075105,28.13981609229764,28.15766931272413,28.17973958073913,28.206526489001586,28.23861468690604,28.27667448814462,28.32146050533741,28.37380770635716,28.43462458433458,28.50488374587415,28.585611201814988,28.6778768281453,28.7827892457665,28.90149772423961,29.03520090697971,29.18515793519687
381.0,28.102972323977948,28.104420590304933,28.108801188559784,28.116223021015692,28.126868756379544,28.140996731691303,28.15894330200766,28.181125429854468,28.208043125613106,28.240281218421764,28.278509830881642,28.32348289424014,28.376034138115543,28.4370703044354,28.50756195772983,28.588533215644894,28.68105280067303,28.786229413969934,28.905213652527486,29.03920600370176,29.189466687887325
382.0,28.10395156346927,28.105407969232463,28.109813065003515,28.117275987973652,28.12797977951348,28.14218325536159,28.160223303938867,28.182517400893044,28.209565949764883,28.241953932497214,28.280351255655216,28.325511153472725,28.378266121700744,28.439521188164406,28.51024495307199,28.59145974860684,28.684233238527124,28.789674217782732,28.908934493555087,29.043216177667002,29.193780366452003
383.0,28.104936302835387,28.1064008660115,28.11083051217885,28.11833461002975,28.129096567180657,28.14337566777364,28.161509318628585,28.18391548858891,28.211094950183313,28.243632812034548,28.28219874110515,28.327545261010826,28.380503640466785,28.441977231962305,28.512932747546387,28.594390834308523,28.687418179910797,28.7931236772657,28.912660230380528,29.047231375840788,29.198098905898156
384.0,28.105926554187416,28.107399292513257,28.11185354119013,28.119398896863107,28.1302191267976,28.144573973076533,28.162801345878883,28.185319687433374,28.21263011550233,28.245317840106594,28.284052266438074,28.32958519588464,28.382746679191985,28.444438433500803,28.515625356803834,28.597326504232843,28.690607659140277,28.796577809049456,28.91639084588039,29.051251549026407,29.20242224662664
385.0,28.10692232947305,28.10840326043487,28.112882162937954,28.120468857907795,28.13134746549475,28.145778175109044,28.164099385194007,28.186729991691866,28.214171434286783,28.24700899998536,28.285911811449985,28.331630938165098,28.38499522398521,28.446904791500252,28.51832279632944,28.60026678777902,28.693801707010326,28.80003662681993,28.920126322911873,29.055276651476706,29.20675033380217
386.0,28.10792364046944,28.109412781292797,28.11391638811428,28.121544502350584,28.132481590117965,28.146988277405637,28.165403435791628,28.18814639542102,28.21571889505571,28.248706275168615,28.287777356543316,28.333682468941912,28.38724926218953,28.449376305563668,28.521025081306636,28.60321171232531,28.697000351127773,28.80350014172878,28.923866644433026,29.059306640553956,29.211083116816322
387.0,28.108930498776427,28.110427866416593,28.114956227197787,28.122625839129032,28.13362150723025,28.148204283202766,28.166713496614314,28.189568892485923,28.217272486305156,28.250409649404226,28.28964888273865,28.335739770294865,28.3895087822858,28.45185297602726,28.52373222651079,28.6061613033063,28.700203616214278,28.80696836274126,28.927611793591062,29.063341476431003,29.21542054882682
388.0,28.109942915810105,28.111448526943054,28.11600169044964,28.12371287692992,28.134767223113872,28.14942619544542,28.16802956634126,28.190997476577525,28.218832196530443,28.25211910671202,28.291526371681332,28.337802825259764,28.39177377379791,28.454334803827045,28.52644424622765,28.60911558429937,28.703411524380286,28.81044129693213,28.931361753786362,29.067381121827676,29.219762586359913
389.0,28.11096090279683,28.112474773810707,28.11705278790962,28.12480562418803,28.13591874377273,28.15065401679401,28.169351643400294,28.192432141229958,28.22039801424753,28.25383463140298,28.293409805643325,28.33987161779029,28.394044227201118,28.45682179038071,28.52916115419255,28.612074577116317,28.706624095372245,28.81391894973804,28.93511650871796,29.071425541777625,29.224109188965485
390.0,28.111984470767524,28.113506617754684,28.11810952939259,28.125904089085306,28.137076074935113,28.151887749631438,28.17067972597997,28.193872879837805,28.221969928013348,28.255556208095705,28.295299167520835,28.341946132716917,28.396320133834404,28.459313937483774,28.531882963546717,28.615038301897098,28.709841346795496,28.817401325173407,28.93887604241476,29.075474703421406,29.22846031891634
391.0,28.113013630552352,28.114544069301967,28.119171924485336,28.127008279550232,28.13823922205667,28.15312739607052,28.172013812041936,28.19531968567308,28.22354792644496,28.25728382173014,28.297194440828093,28.34402635570389,28.398601485817526,28.461811247218808,28.53460968680768,28.618006777203668,28.713063294314896,28.82088842601566,28.942640339255867,29.079528575822266,29.23281594094492
392.0,28.114048392775818,28.115587138766955,28.120239982543737,28.1281182032577,28.139408190323763,28.1543729579616,28.17335389933329,28.19677255190185,28.225131998237416,28.259017457578633,28.29909560968787,28.34611227320514,28.40088827597314,28.46431372187657,28.537341335851178,28.62098002011223,28.716289951835485,28.824380253964534,28.94640938398265,29.083587129801703,29.237176022011745
393.0,28.115088767852132,28.116635836247408,28.1213137126903,28.129233867629058,28.140582984657055,28.15562443690042,28.174699985399013,28.19823147160045,28.226722132180136,28.260757101254416,28.301002658819183,28.34820387241985,28.403180497754256,28.466821363887917,28.540077921902363,28.62395804630286,28.719521331665046,28.827876809779475,28.950183161704366,29.08765033779232,29.241540531101045
394.0,28.11613476598102,28.11769017162077,28.12239312381204,28.130355279832607,28.141763609715447,28.156881834236188,28.176052067594387,28.199696437771113,28.228318317171915,28.26250273871768,28.30291557352264,28.35030114124823,28.40547814517692,28.469334175765272,28.542819455534456,28.62694087014579,28.722757444660473,28.83137809339842,28.953961657898972,29.09171817370573,29.24590943903968
395.0,28.117186397143836,28.11875015454082,28.123478224558706,28.131482446784332,28.14295006990024,28.15814515107979,28.177410143097326,28.201167443356958,28.229920542234378,28.26425435627936,28.304834339663945,28.35240406824805,28.40778121275828,28.47185216005265,28.54556594667337,28.629928504783887,28.72599830035964,28.834884104040743,28.957744858410315,29.09579061281377,29.250282718336155
396.0,28.118243671100064,28.119815794434675,28.124569023341312,28.132615375148994,28.14414236935958,28.15941438831219,28.17877420892053,28.20264448125632,28.231528796523975,28.266011940602905,28.30675894365583,28.354512642592226,28.41008969545961,28.474375319283254,28.548317404606973,28.63292096221101,28.729243907100187,28.83839484029664,28.961532749442558,29.099867631641338,29.254660343037095
397.0,28.119306597384146,28.120887100500155,28.125665528331055,28.133754071341492,28.145340511993165,28.1606895465929,28.180144261923463,28.204127544336306,28.2331430693425,28.26777547870411,28.308689372438923,28.35662685402781,28.41240358863433,28.47690365594373,28.551073837998004,28.635918253346166,28.73249427212668,28.84191030020495,28.965325317552626,29.10394920786961,29.25904228859882
398.0,28.120375185302663,28.121964081703467,28.12676774745852,28.134898541528596,28.14654450145715,28.161970626368536,28.1815202988241,28.2056166254455,28.234763350146203,28.269544957949336,28.310625613461795,28.358746692836526,28.414722887980528,28.47943717244422,28.553835254899703,28.63892038810344,28.735749401687336,28.84543048132102,28.969122549641188,29.108035320248344,29.263428531772224
399.0,28.12144944393188,28.123046746777263,28.127875688413244,28.13604879163087,28.147754341169303,28.16325762788142,28.182902316210317,28.207111717425978,28.236389628553486,28.271320366052194,28.31256765466043,28.360872149797096,28.417047589497965,28.481975871093592,28.556601662773506,28.641927375457744,28.73900930112138,28.84895538077599,28.97292443294262,29.112125948516322,29.26781905049919
400.0,28.12252938211562,28.12413510421903,28.128989358643597,28.137204827324975,28.148970034314306,28.164550551178152,28.18429031055097,28.20861281312433,28.23802189435135,28.273101691068966,28.314515484437493,28.36300321614935,28.41937768944901,28.48451975407905,28.55937306850819,28.644939223506512,28.742273974938072,28.85248499532871,28.97673095501429,29.11622107332903,29.272213823819254
401.0,28.12361500846348,28.12522916228977,28.130108765356937,28.138366654046155,28.15019158384927,28.16584939611815,28.185684278206597,28.210119905401932,28.239660137500564,28.274888921392893,28.31646909164145,28.36513988356023,28.421713184323433,28.48706882344965,28.562149478440006,28.647955939527485,28.745543426888172,28.856019321411246,28.980542103725483,29.120320676192758,29.276612831785236
402.0,28.124706331349383,28.126328929013102,28.131233915520134,28.139534276991053,28.15141899250933,28.167154162382168,28.187084215439697,28.21163298714435,28.241304348139717,28.276682045747524,28.318428465545875,28.367282144091693,28.42405407080662,28.489623081103176,28.564930898373433,28.650977530032733,28.748817660028745,28.85955835516886,28.984357867246057,29.12442473940448,29.281016055386825
403.0,28.12580335891049,28.127434412174576,28.132364815860342,28.1407077011207,28.152652262813437,28.168464849480642,28.188490118424543,28.21315205126991,28.242954516588206,28.27848105317925,28.320393595828907,28.369429990170485,28.426400345751023,28.49218252877587,28.567717333602204,28.6540040008192,28.752096676781886,28.863102092495165,28.988178234035104,29.12853324599692,29.28542347648129
404.0,28.126906099046355,28.12854561932142,28.1335014728661,28.141886931163768,28.153891397070158,28.169781456761957,28.189901983256597,28.214677090737464,28.24461063334822,28.28028593304921,28.322364472553176,28.371583414559797,28.42875200615055,28.49474716803469,28.57050878893038,28.65703535701579,28.755380478988037,28.86665052906309,28.99200319282966,29.132646179688233,29.28983507773038
405.0,28.128014559418517,28.12966255776249,28.13464389278867,28.14307197162003,28.155136397383647,28.171103983420547,28.191319805961395,28.21620809855335,28.24627268910585,28.282096675024675,28.32434108614612,28.373742410332703,28.43110904911758,28.497317000271664,28.57330526869329,28.66007160312739,28.75866906795446,28.870203660352235,28.995832732633588,29.136763524835896,29.294250842542912
406.0,28.129128747450324,28.130785234568602,28.135792081643686,28.144262826763985,28.156387265659543,28.172432428504795,28.192743582502995,28.21774506777764,28.24794067473138,28.28391326907,28.32632342738091,28.375906970847353,28.43347147186252,28.499892026700135,28.57610677677818,28.663112743075843,28.76196244449927,28.873761481672947,28.999666842706716,29.140885266394356,29.298670755022346
407.0,28.13024867032708,28.13191365657314,28.13694604521303,28.145459500648684,28.15764400361103,28.173766790924763,28.194173308791925,28.21928799152962,28.249614581278866,28.285735705437286,28.328311487357947,28.37807708972383,28.4358392716755,28.502472248352493,28.57891331664442,28.666158780238213,28.765260608991575,28.87732398818767,29.003505512554224,29.14501138987607,29.30309479991886
408.0,28.13137433499653,28.133047830372927,28.13810578904696,28.146661997109693,28.15890661276478,28.175107069459678,28.19560898069263,28.220836862992595,28.251294399985024,28.28756397465685,28.330305257487016,28.38025276082264,28.438212445910146,28.50505766607927,28.581724891343207,28.6692097174824,28.76856356138803,28.88089117492983,29.00734873191638,29.149141881315686,29.3075229625854
409.0,28.132505748169567,28.134187762329415,28.139271318466484,28.147870319769215,28.160175094466975,28.176453262765182,28.197050594030493,28.222391675418084,28.25298012226758,28.28939806752756,28.33230472947009,28.382433978224658,28.440590991969138,28.507648280549354,28.584541503536716,28.67226555720034,28.771871301266184,28.88446303682054,29.011196490758635,29.15327672723693,29.31195522893749
410.0,28.133642916321307,28.135333458570088,28.140442638565933,28.149084472040315,28.161449449889215,28.177805369380373,28.198498144598304,28.22395242212933,28.254671739723108,28.291237975107073,28.334309895284896,28.38462073621259,28.442974907291475,28.51024409225111,28.58736315551659,28.675326301338966,28.775183827854924,28.888039568683467,29.015048779262017,29.157415914622128,29.316391585416216
411.0,28.134785845692345,28.13648492499018,28.141619754215736,28.150304457131273,28.16272968003446,28.17916338773456,28.199951628162342,28.225519096524334,28.256369244124368,28.29308368870215,28.336320747169125,28.386813029253755,28.445364189341195,28.512845101494317,28.59018984922182,28.67839195142903,28.77850114006231,28.891620765257944,29.018905587813975,29.161559430883994,29.320832018954178
412.0,28.13593454229035,28.1376421672546,28.14280267006539,28.151530278049975,28.16401578574281,28.180527316153757,28.20141104046798,28.22709169207828,28.25807262741736,28.294935199858976,28.338337277605408,28.38901085198413,28.44775883559744,28.515451308412707,28.5930215862559,28.681462508612007,28.781823236501026,28.895206621210693,29.022766906999514,29.165707263839508,29.325276516944204
413.0,28.13708901189185,28.13880519080008,28.14399139054663,28.15276193760845,28.165307767697303,28.181897152866902,28.20287637724484,28.228670202345494,28.259781881717945,28.2967925003536,28.340359479306922,28.39121419919362,28.45015884354578,28.518062712967097,28.595858367903368,28.684537973665112,28.785150115511662,28.898797131146203,29.026632727592776,29.169859401685766,29.32972506721041
414.0,28.138249260044297,28.13997400083759,28.145185919876713,28.153999438427398,28.166605626429558,28.18327289601184,28.204347634211537,28.230254620960988,28.26149699930827,28.298655582182526,28.34238734520379,28.39342306581245,28.452564210670577,28.52067931494888,28.598700195145575,28.687618347024696,28.788481775184106,28.902392289615968,29.03050304054892,29.174015832977528,29.334177657981503
415.0,28.13941529206833,28.141148602354885,28.146386262061878,28.1552427829408,28.167909362325293,28.184654543641003,28.205824807080035,28.23184494164152,28.263217972632916,28.300524437553452,28.344420868430092,28.395637446898583,28.454974934448366,28.523301113983912,28.60154706867584,28.690703628808027,28.79181821337708,28.9059920911267,29.034377836996384,29.17817654660642,29.3386342778661
416.0,28.14058711306026,28.14232900011933,28.14759242090094,28.15649197340052,28.169218975629807,28.18604209372683,28.2073078915596,28.23344115818633,28.26494479429488,28.302399058876244,28.346460042311563,28.397857337626156,28.457391012342093,28.525928109536647,28.60439898891391,28.693793818833594,28.79515942773614,28.90959653014764,29.038257108229523,29.182341531781578,29.343094915829862
417.0,28.141764727894746,28.14351519868082,28.14880439998896,28.157747011880975,28.17053446645327,28.18743554416692,28.208796883360417,28.23504326447751,28.266677457051397,28.30427943875409,28.34850486035394,28.40008273327478,28.459812441796167,28.528560300914464,28.607255956019788,28.696888916640077,28.798505415710185,28.913205601117074,29.04214084570154,29.186510778011666,29.347559561174343
418.0,28.142948141227674,28.144707202374924,28.150022202721097,28.15900790028374,28.1718558347759,28.188834892788922,28.210291778196794,28.23665125448004,28.26841595380967,28.30616556997494,28.350555316231947,28.40231362921971,28.46223922023219,28.531197687272154,28.61011796990687,28.699988921504065,28.801856174566606,28.916819298448132,29.046029041017757,29.190684275088106,29.352028203517314
419.0,28.144137357499176,28.145905015326157,28.15124583229646,28.160274640342198,28.173183080453036,28.190240137355165,28.211792571790124,28.23826512224159,28.270160277622463,28.308057445503167,28.352611403778834,28.40455002092283,28.46467134504534,28.53384026761652,28.612985030254514,28.703093832456553,28.805211701405277,28.920437616533942,29.04992168592921,29.194862013069496,29.356500832774525
420.0,28.14533238093685,28.147108641451393,28.152475291722105,28.161547233626138,28.17451620322002,28.19165127556703,28.21329925987147,28.23988486189201,28.271910421683735,28.30995505847146,28.354673116976574,28.406791903924304,28.4671088136013,28.536488040811005,28.615857136519995,28.706203648298395,28.8085719931714,28.924060549752213,29.053818772326558,29.199043982267007,29.360977439142726
421.0,28.14653321555906,28.148318084463366,28.153710583817038,28.162825681546327,28.175855202696972,28.19306830506908,28.214811838183895,28.24151046764264,28.273666379324148,28.311858402173044,28.35674044994655,28.409039273834967,28.46955162323371,28.53914100558039,28.618734287949852,28.70931836761472,28.811937046667367,28.927688092468262,29.057720288988495,29.20322922385488,29.36540004145357
422.0,28.14773986517843,28.14953334787437,28.15495171121634,28.16410998535906,28.177200078393398,28.19449122345296,28.2163303024845,28.2431419337854,28.275428144006604,28.31376747005415,28.358813396940768,28.411292126329293,28.47199977124206,28.541799160515442,28.621616483590746,28.71243798878835,28.815306858536477,28.931320234190533,29.06162586645668,29.207407971440276,29.369750082798316
423.0,28.148952333405425,28.150754434999953,28.15619867637527,28.165400146170647,28.178550829712652,28.195920028261046,28.21785464854623,28.24477925469168,28.27719570932181,28.31568225570672,28.360891952333645,28.413550457138985,28.474453254889966,28.544462504077583,28.624503722299504,28.7155625099848,28.818681423095875,28.93495687533594,29.065533718154235,29.211571863621323,29.374059118806755
424.0,28.15017062365204,28.151981348962757,28.1574514815734,28.166696164941825,28.17990745595627,28.197354716989878,28.219384872159424,28.246422424811126,28.27896906898385,28.317602752861433,28.362976110614195,28.415814262047046,28.476912071403795,28.54713103460331,28.627396002739232,28.71869192848816,28.8220607143589,28.938597644260525,29.069441355241864,29.215718976388313,29.37833723767836
425.0,28.151394739135572,28.153214092696423,28.15871012891882,28.16799804249216,28.181269956328116,28.198795287093393,28.220920969133132,28.24807143867026,28.280748216825813,28.319528955380974,28.365065866378725,28.418083536882417,28.47937621797157,28.549804750303753,28.630293323206917,28.72182623684346,28.825444647898827,28.94224188206601,29.073346676688534,29.219849514421604,29.3825898215864
426.0,28.152624682882458,28.154452668949528,28.15997462035228,28.169305779504324,28.18263832993841,28.20024173598593,28.222462935296292,28.249726290870964,28.28253314679544,28.32146085725356,28.367161214323936,28.420358277514975,28.481845691740585,28.55248364922294,28.633195680782762,28.724965414202252,28.82883305379703,28.94588878326582,29.07724818584561,29.223964246606688,29.386820382174488
427.0,28.153860457732225,28.15569708028959,28.16124495765141,28.17061937652834,28.18401257580761,28.201694061045064,28.224010766498633,28.251386976088895,28.28432385295091,28.323398452586776,28.36926214924046,28.422638479850548,28.484320489805388,28.555167729045237,28.636103069292414,28.7281094162954,28.832225678720672,28.949537528002132,29.081144879985708,29.228064056493196,29.39103144899422
428.0,28.155102066341442,28.156947329107123,28.162521142434837,28.17193883398572,28.185392692870114,28.203152259614214,28.22556445861147,28.253053489071835,28.286120329456597,28.325341735601622,28.37136866600662,28.424924139823933,28.486800609161197,28.557856986606033,28.63901547628226,28.73125816878847,28.83562220710871,28.953187356644666,29.08503610799217,29.232149806454842,29.39522495710135
429.0,28.156349511187756,28.158203417619685,28.16380317616636,28.173264152173548,28.18677867997785,28.20461632900513,28.227124007528303,28.254725824637895,28.287922570579042,28.32729070062679,28.373480759582012,28.427215253384038,28.489286046582958,28.56055141704446,28.64193287984502,28.734411565822484,28.839022286936885,28.956837599940492,29.088921460393777,29.236222297521422,29.39940244865619
430.0,28.157602794573908,28.159465347875976,28.165091060159064,28.174595331268456,28.188170535903712,28.206086266500133,28.228689409165284,28.256403977673756,28.28973057068286,28.329245342093035,28.375598424999456,28.42951181646051,28.491776798394188,28.563251012686706,28.64485524613369,28.737569472818354,28.842425552010237,28.96048768459704,29.09280069312365,29.24028226107879,29.40356518992855
431.0,28.158861918631846,28.1607331217599,28.166384795579393,28.175932371330514,28.189568259344878,28.20756206935428,28.23026065946157,28.258087943132796,28.29154432422682,28.33120565452734,28.377721657352424,28.43181382489885,28.494272860115508,28.56595576184861,28.64778252799931,28.74073173171223,28.84583163837543,28.96413712747569,29.09667367598223,29.244330361505025,29.407714244598367
432.0,28.160126885326747,28.16200674099468,28.167684383451224,28.17727527230705,28.190971848925948,28.20904373479731,28.23183775437952,28.25977771603322,28.293363825759833,28.33317163254604,28.37985045177399,28.4341212743534,28.496774226015546,28.568665647753864,28.650714664777183,28.74389816702536,28.849240195185683,28.967785525474753,29.100540357765894,29.24836720226951,29.411850522364933
433.0,28.16139769646115,28.16328620714691,28.168989824659842,28.178624034036353,28.192381303202,28.210531260035463,28.233420689904786,28.261473291456095,28.295189069916777,28.33514327084573,28.381984803402506,28.43643416013461,28.499280888610304,28.57138064770729,28.65365158300334,28.74706859173972,28.85265089122206,28.97143254452558,29.104400742433405,29.252393332710753,29.415974812638932
434.0,28.16267435367902,28.164571521630638,28.170301119955894,28.179978656251297,28.193796620661473,28.212024642253194,28.235009462046328,28.263174664543328,28.297020051413714,28.337120564190386,28.38412470733033,28.43875247701519,28.50179283816459,28.574100732587816,28.656593197762692,28.750242812452797,28.856063418315777,28.97507790920683,29.108254872605983,29.256409254469226,29.4200878087369
435.0,28.16395685846979,28.165862685711364,28.171618269959307,28.181339138582867,28.195217799728958,28.213523878614712,28.236604066836282,28.264881830495433,28.298856765042046,28.339103507392753,28.386270158533545,28.441076219006813,28.504310062242908,28.57682586666282,28.659539414388657,28.753420633621495,28.85947749268557,28.978721393537565,29.112102817994884,29.260415427242492,29.424190125767847
436.0,28.16524521217241,28.16715970051007,28.172941275163076,28.182705480563584,28.196644838767867,28.215028966265418,28.238204500329697,28.266594784568955,28.300699205660905,28.341092095288577,28.388421151783213,28.44340537912279,28.50683254534357,28.57955600768479,28.662490130294035,28.756601860896538,28.86289285493682,28.98236281306917,29.11594466718619,29.264412273804314,29.428282314181704
437.0,28.166539415979376,28.168462567007158,28.174270135937068,28.18407768163084,28.198077736082954,28.216539902333217,28.239810758604158,28.268313522073335,28.30254736818703,28.34308632270247,28.39057768154077,28.44573994914293,28.50936026863453,28.582291107212296,28.665445236779227,28.759786303640812,28.866309269243228,28.98600201820479,29.119780521746193,29.268400184334133,29.432364870245735
438.0,28.16783947094068,28.169771286046373,28.175604852531716,28.185455741130156,28.199516489922747,28.218056683929674,28.24142283775908,28.2700380383669,28.304401247581403,28.34508618440517,28.392739741842,28.448079919394893,28.51189320979585,28.58503111109295,28.668404620721596,28.76297377675915,28.869726522061974,28.989638888603814,29.123610491953368,29.272379520137246,29.436438244290397
439.0,28.169145377967762,28.171085858338675,28.176945425081655,28.18683965831831,28.200961098481866,28.21957930815105,28.24304073391476,28.27176832885169,28.306260838832085,28.3470916750625,28.394907326175026,28.45042527856319,28.514431342963668,28.58777596005104,28.67136816609334,28.766164101969327,28.873144420612824,28.993273328513506,29.12743469368535,29.27635061684116,29.440502847300532
440.0,28.170457137837378,28.172406284466053,28.17829185360927,28.188229432366374,28.202411559903176,28.221107772079137,28.244664443210866,28.27350438896671,28.308126136932906,28.349102789177252,28.39708042735773,28.45277601353315,28.516974638764324,28.590525590331808,28.674335755285874,28.769357108632267,28.876562791268668,28.996905262878638,29.131253246135927,29.2803137871472,29.444559056255706
441.0,28.171774751195464,28.173732564885274,28.17964413802818,28.189625062362687,28.20386787227987,28.222642072781866,28.24629396180439,28.275246214179415,28.30999713685784,28.351119521025613,28.399259037419885,28.455132109273727,28.519523064423844,28.593279934364524,28.677307270238526,28.77255263424194,28.879981477949464,29.000534634097683,29.135066270134853,29.284269323206455,29.448607218509217
442.0,28.173098218560895,28.17506469993156,28.18100227814666,28.191026547315694,28.20533003365736,28.224182207313618,28.24792928586678,28.27699379997503,28.311873833531386,28.353141864590103,28.40144314749426,28.457493548759935,28.522076583937057,28.59603892141652,28.680282593381257,28.77575052465739,28.883400340574433,29.004161399313812,29.138873886909774,29.288217498678872,29.452647655417397
443.0,28.174427540329223,28.176402689822265,28.18236627367093,28.19243388615668,28.206798042035064,28.22572817271521,28.249570411580155,28.278747141843784,28.31375622179523,28.355169813491184,28.4036327477201,28.45986031293351,28.524635158281242,28.598802478218634,28.683261608407665,28.77895063414303,28.886819253603214,29.007785528147487,29.142676217175044,29.292158570524734,29.456680665376542
444.0,28.175762716776305,28.177746534660365,28.183736124208437,28.19384707774242,28.208271895367904,28.22727996601344,28.251217335132417,28.280506235265733,28.31564429637197,28.35720336091954,28.40582782716126,28.46223238069862,28.527198745660524,28.601570529549523,28.686244200897217,28.782152825269012,28.890238104681206,29.011407000793728,29.146473380464105,29.296092780569552,29.4607065263861
445.0,28.17710374806192,28.17909623443801,28.18511182927097,28.195266120857635,28.209751591567663,28.228837584220088,28.252870052711206,28.282271075693448,28.317538051826606,28.35924249957099,28.408028373740372,28.464609728948616,28.52976730176927,28.604342998771454,28.689230258806376,28.78535696871207,28.893656793394303,29.01502580642103,29.15026549464444,29.300020356876633,29.464725498229242
446.0,28.178450634233283,28.180451789039882,28.186493388277736,28.196691014217397,28.211237128504035,28.23040102433032,28.254528560496542,28.284041658532665,28.319437482526656,28.361287221585524,28.410234374189475,28.46699233261933,28.532340780064672,28.607119808314174,28.692219672847397,28.78856294298763,28.897075230132195,29.01864194182014,29.15405267557003,29.303941514955525,29.468737824340955
447.0,28.17980337522848,28.18181319824655,28.187880800558304,28.198121756469302,28.212728504005394,28.231970283320493,28.25619285465219,28.285817979121123,28.32134258260182,28.36333751849183,28.412445814016845,28.469380164764196,28.53491913204071,28.609900880106267,28.695212336772123,28.791770634136814,28.900493335055916,29.022255410260566,29.157835036837902,29.307856458830145,29.47274373341919
448.0,28.181161970879838,28.183180461737706,28.189274065355434,28.199558346195502,28.214225715859143,28.233545358145115,28.257862931315753,28.287600032705903,28.323253345904014,28.36539338115823,28.41466267748943,28.471773196646772,28.537502307497384,28.61268613595538,28.698208147576292,28.794979935385893,28.903911037163077,29.02586622052007,29.161612689623578,29.311765381986365,29.476743440822588
449.0,28.1825264209172,28.184553579095322,28.190673181827826,28.201000781914498,28.215728761811736,28.235126245733113,28.25953878658744,28.289387814419673,28.32516976596852,28.367454799750707,28.41688494762957,28.474171397846455,28.540090254800763,28.615475497879846,28.70120700563788,28.798190746791512,28.907328273443564,29.02947438605883,29.16538574257653,29.315668468215517,29.480737149789817
450.0,28.183896724971127,28.185932549806683,28.192078149052666,28.202449062082746,28.217237639568204,28.236712942983264,28.261220416517812,28.291181319256225,28.32709183597704,28.369521763698256,28.41911260622471,28.476574736373678,28.542682921130545,28.618268888395104,28.704208814801323,28.801402974881277,28.910744988117983,29.033079924314826,29.16915430176116,29.319565892367883,29.484725052508818
451.0,28.185272882576005,28.187317373267366,28.19348896602807,28.203903185095957,28.21875234679123,28.238305446758805,28.262907817094405,28.29298054204565,28.329019548723128,28.371594261665827,28.421345633848656,28.478983178791317,28.545280252712992,28.62106623075864,28.707213482417508,28.804616532296812,28.914161131951303,29.036682856101233,29.17291847063242,29.323457821027908,29.488707331058794
452.0,28.186654893172996,28.18870804878401,28.194905631675354,28.205363149290108,28.220272881099685,28.239903753881276,28.264600984227574,28.294785477429592,28.330952896580538,28.37367228153458,28.423584009892636,28.48139669033949,28.547882195037978,28.623867449177304,28.71022091934823,28.807831337444274,28.91757666163453,29.040283205089796,29.176678350037598,29.32734441312112,29.492684158243772
453.0,28.188042756112957,28.19010457557708,28.19632814484106,28.20682895294219,28.22179924006667,28.241507861123555,28.26629991373561,28.29659611983692,28.332891871474818,28.3757558103893,28.42582771260479,28.483815235061456,28.550488693059357,28.626672468980914,28.713231039942038,28.811047314155818,28.920991539227668,29.043880997367058,29.180434038237685,29.33122582046127,29.4966556983333
454.0,28.189436470659167,28.191506952783357,28.197756504298873,28.208300594270558,28.22333142121697,28.243117765202232,28.2680046013294,28.29841246346019,28.33483646485838,28.377844834512516,28.428076719136516,28.486238775928612,28.553099691378677,28.62948121676573,28.716243761987624,28.814264391364276,28.924405731657757,29.04747626105232,29.184185630943546,29.335102188244946,29.500622107723146
455.0,28.190836035989946,28.192915179458367,28.199190708751217,28.209778071434947,28.224869422023982,28.244733462769283,28.269715042596765,28.3002345022331,28.336786667689204,28.379939339384844,28.430331005594297,28.488667274963145,28.555715134412342,28.632293620511362,28.719259006649672,28.817482502792558,28.927819210266364,29.0510690259682,29.187933221362726,29.33897365549992,29.504583535526727
456.0,28.19224145120113,28.19432925457859,28.200630756830662,28.211261382536115,28.22641323990616,28.246354950403237,28.27143123298671,28.30206222980932,28.338742470413216,28.382039309691013,28.43259054709578,28.491100693357087,28.55833496654281,28.635109609674277,28.722276698391234,28.820701586658448,28.931231950401447,29.054659323356027,29.19167690025415,29.34284035549256,29.508540124106375
457.0,28.193652715308346,28.19574917704348,28.202076647101023,28.212750525615064,28.227962872222832,28.24798222459983,28.273153167793758,28.303895639542777,28.34070386295033,28.384144729330995,28.43485531782888,28.49353899158685,28.560959132254506,28.637929115260835,28.725296764886124,28.823921585395247,28.934643931048914,29.058247185629703,29.195416755988184,29.346702416098932,29.512492009552012
458.0,28.19506982724915,28.197174945677315,28.203528378058234,28.21424549865191,28.229518316269633,28.249615281762285,28.27488084214251,28.305734724469637,28.342670834684103,28.386255581435655,28.437125291113013,28.495982129522567,28.563587576255294,28.640752069882527,28.72831913692402,28.82714244538807,28.938055134499827,29.0618326461624,29.19915287461035,29.35055996014366,29.51643932211384
459.0,28.1964927858849,28.198606559230743,28.204985948130847,28.21574629956432,28.231079569273405,28.25125411819133,28.27661425097267,28.307579477292077,28.34464337445474,28.388371848386313,28.43940043946147,28.49843006653187,28.566220243584393,28.643578407795747,28.731343748310625,28.830364116725637,28.94146554604952,29.065415739101667,29.20288533990728,29.35441310570995,29.520382186594404
460.0,28.197921590002487,28.20004401638219,28.206449355680327,28.217252926205546,28.23264662838676,28.252898730075025,28.278353389024566,28.309429890363926,28.346621470555483,28.390493511837704,28.441680734644244,28.500882761577675,28.568857079707747,28.646408064928295,28.734370535764647,28.833586552967038,28.944875153725302,29.068996499208872,29.206614233473772,29.358261966423917,29.524320722705003
461.0,28.19935623831578,28.20148731573893,28.207918599000898,28.21876537636213,28.234219490682193,28.254549113478525,28.2800982508254,28.31128595567823,28.348605110731977,28.392620552743743,28.443966147750615,28.50334017330992,28.571498030601678,28.649240978894436,28.737399438813213,28.836809710922843,28.948283948039897,29.072574961719784,29.210339634780187,29.36210665171578,29.528255045390328
462.0,28.20079672946686,28.20293645583793,28.209393676319195,28.220283647751142,28.235798153145943,28.256205264333857,28.281848830676296,28.31314766485674,28.350594282184517,28.394752951385623,28.446256649251,28.50580226015121,28.574143042825902,28.652077089000226,28.740430399686797,28.84003355045005,28.951691921767875,29.07615116222334,29.21406162123948,29.365947267060342,29.53218526512499
463.0,28.202243062026945,28.20439143514639,28.210874585793487,28.221807738017187,28.23738261267159,28.25786717842979,28.28360512264018,28.315015009141298,28.352588971572867,28.396890687401765,28.44855220905755,28.50826898037641,28.57679206358672,28.654916336240515,28.743463363214676,28.84325803426001,28.955099069742825,29.079725136556302,29.217780268273426,29.369783914198777,29.536111488184893
464.0,28.2036952344971,28.205852252062016,28.21236132551264,28.223337644728936,28.238972866053413,28.259534851401945,28.285367120530623,28.31688797938715,28.354589165023494,28.399033739819224,28.450852796583227,28.51074029218628,28.579445040791274,28.65775866328901,28.74649827672165,28.84648312773876,28.958505388673128,29.08329692071161,29.22149564937765,29.373616691343525,29.54003381689622
465.0,28.2051532453086,28.207318904912956,28.21385389349471,28.224873365375476,28.24056890997963,28.26120827872314,28.287134817901737,28.318766566058002,28.356594848138855,28.40118208708614,28.45315838079897,28.51321615377537,28.58210192309372,28.660604014482388,28.7495350899266,28.849708798778938,28.9619108769745,29.08686655075872,29.225207836185223,29.37744569336792,29.5439523498643
466.0,28.206617092823066,28.208791391957476,28.215352287685253,28.226414897362325,28.242170741025557,28.262887455694095,28.288908208039036,28.320650759222893,28.358606006008618,28.403335707104873,28.45546893028884,28.51569652339438,28.584762659934015,28.66345233579961,28.75257375484338,28.85293501762266,28.965315534617638,29.090434062774374,29.22891689852858,29.381271011982,29.547867182184365
467.0,28.208086775332216,28.210269711383308,28.21685650595531,28.227962238007212,28.243778355646697,28.264572377434565,28.29068728395137,28.32254054855468,28.36062262322251,28.40549457726555,28.45778441330287,28.518181359407208,28.58742720157013,28.666303574837112,28.7556142256843,28.856161756714652,28.96871936298945,29.09399949278249,29.23262290449969,29.385092735895693,29.551778405636114
468.0,28.2095622910574,28.211753861306672,28.218366546099112,28.22951538453562,28.245391750171883,28.266263038874882,28.29247203836398,28.324435923330075,28.362644683884593,28.407658674479755,28.460104797807574,28.52067062034297,28.59009549910429,28.66915768078077,28.758656458766513,28.85938899056496,28.972122364766598,29.097562876701957,29.23632592050835,29.388910950970562,29.555686108863448
469.0,28.211043638148766,28.21324383977104,28.21988240583147,28.2310743340762,28.24701092079646,28.26795943474805,28.294262463712528,28.326336872431195,28.36467217162873,28.409827975214093,28.462430051534046,28.52316426494322,28.59276750450387,28.67201460437519,28.761700412421416,28.862616695620655,28.975524543800148,29.101124250301496,29.240026011338575,29.39272574036114,29.55959037754104
470.0,28.21253081468416,28.214739644745578,28.221404082784975,28.23263908365601,28.248635863575597,28.269661559582367,28.296058552138266,28.32824338434841,28.36670506963514,28.41200245552346,28.464760142023554,28.525662252204732,28.595443170617493,28.674874297890902,28.76474604690725,28.865844850145876,28.97892590501021,29.10468364916053,29.243723240203032,29.396537184646654,29.563491294528724
471.0,28.21402381866772,28.21624127412328,28.222931574506877,28.23420963019564,28.25026657441776,28.271369407694607,28.297860295484153,28.33015544718447,28.368743360647734,28.414182091083827,28.46709503667065,28.528164541417993,28.598122451186917,28.677736715089953,28.767793324324835,28.86907343410975,28.98232645428977,29.108241108635507,29.24741766879556,29.400345361954077,29.567388940014993
472.0,28.21552264802814,28.217748725718877,28.224464878455812,28.235785970504264,28.251903049078354,28.27308297318379,28.299667685292015,28.332073048659744,28.370787026992097,28.416366857224396,28.46943470276384,28.530671092201793,28.600805300855075,28.6806018111903,28.770842208536628,28.872302429081557,28.985726198416636,29.111796663830848,29.251109357341765,29.40415034807315,29.57128339165048
473.0,28.217027300616735,28.219261997266436,28.226003991998294,28.23736810127466,28.25354528315363,28.27480224992559,28.301480712800643,28.333996176118518,28.372836050594056,28.41855672895902,28.471779107523812,28.53318186453412,28.603491675170766,28.683469542829332,28.773892665088916,28.875531818132696,28.98912514497295,29.115350349574115,29.254798364647737,29.407952216564006,29.575174724672312
474.0,28.21853777420516,28.22078108641673,28.227548912405044,28.238956019078227,28.255193272074823,28.276527231567307,28.303299368944813,28.3359248165362,28.37489041299854,28.420751681016775,28.474128218139256,28.535696818779645,28.606181530590366,28.686339868026884,28.776944661137225,28.878761585744993,28.99252330227144,29.11890220039476,29.258484748146916,29.411751038858124,29.579063012020175
475.0,28.220054066482916,28.222305990734377,28.229099636847163,28.24054972035997,28.256847011102586,28.278257911523518,28.30512364435518,28.337858956527334,28.376950095388704,28.42295168787159,28.476482001800385,28.538215915713973,28.608874824476963,28.68921274614789,28.779998165374842,28.881991717724905,28.99592067928789,29.122452250506107,29.26216856394516,29.415546884352974,29.58294832444473
476.0,28.221576175054608,28.223836707694783,28.23065616239222,28.24214920143361,28.258506495321758,28.279994282972265,28.30695352935899,28.33979858235437,28.379015078605214,28.4251567237709,28.478840425730194,28.540739116545023,28.61157151509708,28.692088137865078,28.783053147964395,28.885222201123216,28.999317285599155,29.126000533790183,29.26584986686407,29.419339820500934,29.586830730609016
477.0,28.223104097436973,28.225373234680855,28.232218486000168,28.243754458476705,28.260171719636418,28.281736338851918,28.30878901398155,28.341743679937046,28.381085343165477,28.427366762763288,28.48120345721357,28.543266382931623,28.614271561615496,28.694966005121636,28.78610958047242,28.888453024159855,29.002713131326324,29.129547083784992,29.26952871048264,29.42312991289294,29.590710297183485
478.0,28.224637831055734,28.226915568979578,28.233786604519295,28.24536548752592,28.261842678765312,28.28348407185859,28.31063008794847,28.343694234862333,28.38316086928288,28.429581778725,28.48357106362428,28.545797676999637,28.61697492408823,28.69784631109427,28.789167435806757,28.89168417615346,29.006108227082567,29.13309193367401,29.273205147177244,29.426917225337185,29.59458708893505
479.0,28.22617737324225,28.22846370777844,28.235360514681997,28.246982284472367,28.263519367237638,28.285237474444155,28.312476740688503,28.34565023239479,28.385241636885798,28.431801745385442,28.48594321245,28.548332961355758,28.619681563454034,28.70072902015656,28.792226688156774,28.894915647455438,29.009502583925176,29.136635116277642,29.2768792281601,29.430701819933283,29.598461168810754
480.0,28.227722721230016,28.23001764816171,28.236940213100645,28.248604845057155,28.265201779389177,28.286996538814815,28.314328961337065,28.34761165748738,28.387327625636463,28.434026636351525,28.48831987131539,28.55087219909922,28.622391441524552,28.70361409784288,28.795287312936264,28.898147429388082,29.012896213311524,29.140176664046333,29.280551003516177,29.43448375714224,29.602332598016357
481.0,28.229273872151033,28.23157738710663,28.23852569626337,28.250233164867065,28.26688990935879,28.288761256930215,28.316186738740278,28.349578494792542,28.389418814949465,28.4362564251309,28.490701008003427,28.553415353831486,28.625104520973366,28.706501510812846,28.79834928672894,28.901379514186637,29.016289127058563,29.143716609056717,29.284220526662082,29.438264389692268,29.606280441674983
482.0,28.23083082303203,28.233142921479526,28.24011696052989,28.251867239330405,28.268583751085337,28.290531620503067,28.31805006145955,28.35155072867351,28.391515184009982,28.438491085154148,28.493086590474917,28.555962389664238,28.627820765324064,28.709391226816496,28.801412587236364,28.904611894944967,29.019681337342597,29.147254989614737,29.287888338348328,29.442057072342827,29.61033003501654
483.0,28.232393570790677,28.234714248031874,28.241714002127413,28.253507063713055,28.270283298304882,28.2923076209993,28.31991891777663,28.353528343215828,28.3936167117916,28.44073058979582,28.495476586886454,28.55851327122568,28.630540138937505,28.712283214660125,28.80447719322857,28.90784456560217,29.023072859632077,29.150791965054875,29.29155690976239,29.445873243927995,29.614438417097656
484.0,28.23396211223162,28.236291363396298,28.243316817146553,28.255152633114765,28.271988544548343,28.294089249638652,28.321793295699052,28.35551132223899,28.395723377073715,28.44297491239443,28.497870965606776,28.561067963665415,28.633262606998425,28.71517744417312,28.807543084515352,28.911077521815805,29.026463737169266,29.15432806509871,29.295229668324588,29.449715569080528,29.61859188230824
485.0,28.23553644404257,28.237874264082567,28.244925401537355,28.256803942465627,28.273699483139474,28.295876497395724,28.32367318296599,28.357499649308156,28.39783515845847,28.4452240262714,28.50026969523171,28.563626432657873,28.63598813550159,28.718073886182168,28.81061024214864,28.914310766189278,29.02985409292613,29.15786421056363,29.298909512128763,29.453583810307116,29.622783137438145
486.0,28.23711656279029,28.239462946473633,28.24653975110539,28.2584609865228,28.275416107193205,28.29766935500145,28.32555856705442,28.35949330774587,28.39995203438726,28.44747790474897,28.502672744597696,28.56618864440468,28.638716691239512,28.720972512542442,28.813678649550734,28.91754432003814,29.033244166455543,29.161401521661602,29.302598514810963,29.45747696015513,29.627007437412402
487.0,28.238702464916635,28.241057406821643,28.24815986150802,28.260123759867444,28.277138409614352,28.299467812944965,28.327449435185557,28.361492280643787,28.402073983156704,28.44973652116707,28.505080082794056,28.56875456563636,28.641448241803396,28.723873296375015,28.816748295261696,28.920778237028998,29.03663431104501,29.164941137812953,29.306298076111545,29.461393853896617,29.6312613745381
488.0,28.240294146734566,28.24265764124403,28.249785728250718,28.261792256901927,28.27886638309664,28.30127186147585,28.329345774331593,28.363496550874334,28.404200982934128,28.45199984889932,28.507491679174194,28.57132416361642,28.644182755631142,28.72677621270949,28.81981917703317,28.924012612209967,29.040024964830327,29.168484115984374,29.31000911584161,29.465333354688948,29.635542350312374
489.0,28.241891604424254,28.244263645719673,28.25141734668358,28.26346647184726,28.280600020122098,28.30308149060669,28.331247571222594,28.365506101102298,28.4063330117725,28.454267861367995,28.50990750336648,28.57389740615564,28.64692020215677,28.729681239615093,28.822891306127392,28.927247583975888,29.04341661566974,29.17203138960367,29.31373222376778,29.469294408349057,29.63984830070945
490.0,28.243494834029164,28.245875416085106,28.25305471199799,28.26514639874079,28.282339312960726,28.304896690115985,28.333154812353616,28.367520913796245,28.408470047624885,28.45654053205839,28.512327525286707,28.576474261651214,28.649660552110166,28.7325883596997,28.825964710679365,28.93048333022412,29.046809770751658,29.175583760955174,29.317467763535685,29.4732760546955,29.644177536755453
491.0,28.245103831452298,28.247492948030875,28.254697819223423,28.26683203143413,28.284084253670535,28.306717449551343,28.335067483991914,28.36954097123988,28.410612068358397,28.458817834532912,28.514751715156144,28.579054699168612,28.65240377798088,28.73549756171949,28.829039437528596,28.933720061198766,29.05020493421695,29.179141909097158,29.321215942925388,29.47727742398499,29.64852864466344
492.0,28.246718592452456,28.249116237097965,28.256346663224438,28.268523363591356,28.28583483409782,28.30854375823292,28.33698557218434,28.371566255543147,28.412759051767775,28.46109974244601,28.517180043530715,28.58163868858044,28.65514985461517,28.73840884203179,28.832115552486727,28.93695801119872,29.053602592342266,29.18270640365411,29.324976861393512,29.48129772862831,29.652900419616994
493.0,28.24833911264066,28.250745278674366,28.258001238697865,28.270220388687424,28.28759104587776,28.31037560525713,28.33890906276476,28.373596748653284,28.414910975588896,28.463386229561614,28.519612481347693,28.584226200767485,28.657898759883413,28.741322205700936,28.83519313933848,28.940197430551564,29.057003204643777,29.186277719817674,29.328750542572212,29.485336253979945,29.657291819882357
494.0,28.249965387476635,28.252380067991798,28.25966154017015,28.271923100006852,28.289352880435292,28.312212979500558,28.34083794136158,28.37563243236569,28.4170678175126,28.46567726977535,28.522048999995132,28.586817207875477,28.660650475344923,28.744237667169028,28.838272297982744,28.94343857857091,29.060407199205066,29.18985625250539,29.33253695677289,29.48939234959676,29.661701933862638
495.0,28.251597412265486,28.25402060012254,28.26132756199493,28.27363149064267,28.291120328986192,28.314055869624106,28.34277219340534,28.37767328833488,28.41922955519969,28.467972837143982,28.524489571406708,28.589411683611928,28.663404986845578,28.747155250489495,28.84135314209552,28.94668171775606,29.06381497084708,29.193442328912848,29.336336036774014,29.493465421419245,29.666129955747493
496.0,28.253235182154473,28.255666869976483,28.262999298350767,28.275345553495555,28.29289338253848,28.315904264077272,28.344711804136367,28.37971929808561,28.42139616629791,28.470272905924265,28.526934168181477,28.592009603561834,28.666162285002216,28.75007498917638,28.844435796615027,28.949927109232156,29.06722688112252,29.197036219295867,29.340147689033092,29.49755492495471,29.670575167073807
497.0,28.254878692129974,28.257318872298285,28.264676743239146,28.27706528127324,28.294672031894,28.317758151102648,28.34665675861256,28.381770443024628,28.42356762846203,28.4725774506227,28.52938276372481,28.594610945500342,28.668922365548667,28.752996925748622,28.847520395258403,28.95317500930328,29.070643259424823,29.200638146079825,29.343971801735446,29.501660359399487,29.67503692247201
498.0,28.256527937014557,28.25897660166474,28.266359890482597,28.278790666490153,28.29645626765023,28.3196175187406,28.348607041717422,28.383826704453263,28.425743919377936,28.474886446056747,28.531835332404558,28.597215689682827,28.671685229536727,28.755921111054178,28.850607078201335,28.956425666944796,29.074064404733484,29.204248291490277,29.347808250625782,29.5057812625905,29.67951463845125
499.0,28.258182911464317,28.260640052482344,28.268048733723113,28.280521701467237,28.298246080202336,28.321482354834096,28.350562638168377,28.385888063581465,28.427925016791615,28.477199867426837,28.534291849715203,28.599823819097256,28.67445088339898,28.758847603451972,28.853695989992104,28.959679322057973,29.07749058768157,29.207866803920027,29.351656903265134,29.50991720666988,29.684007784438574
500.0,28.259843609966296,28.262309218984992,28.269743266420683,28.282258378332077,28.300041459745422,28.323352647033783,28.352523532525655,28.387954501543653,28.430110898543468,28.479517690397767,28.53675229244239,28.602435319668807,28.677219338889053,28.76177646791733,28.856787277730106,28.962936204326066,29.080922052744327,29.21149380323594,29.355517622156174,29.514067794354908,29.68851587552203
501.0,28.261510026836127,28.263984095231933,28.271443481852117,28.28400068901915,28.30184239627699,28.325228382803378,28.354489709201843,28.390025999416835,28.432301542608073,28.481839891187168,28.53921663882089,28.60505018041155,28.679990612919465,28.764707775122236,28.859881089511774,28.966196532534866,29.084359020423634,29.215129385204566,29.359390267046543,29.518232655719107,29.69303846650294
502.0,28.263182156215887,28.265664675105864,28.27314937311002,28.285748625270365,28.30364887959963,28.327109549425348,28.3564611524724,28.39210253824132,28.434496927139268,28.48416644665843,28.541684868680075,28.60766839352608,28.682764727318368,28.767641600528517,28.86297757313058,28.96946051424528,29.087801689353444,29.218773625188945,29.363274696629173,29.522411445404398,29.697575146969115
503.0,28.264859992072118,28.267350952311265,28.274860933102016,28.287502178635762,28.305460899323997,28.32899613400707,28.358437846487263,28.3941840990442,28.436697030519802,28.48649733441511,28.54415696357234,28.610289954445125,28.68554170852597,28.770578023520407,28.866076875009053,28.972728345727862,29.091250238284303,29.22242658124353,29.367170769796736,29.526603840197325,29.70212553717468
504.0,28.266543528194045,28.269042920372907,28.276578154550137,28.28926134047449,28.307278444871994,28.330888123487505,28.36041977528383,28.396270662865728,28.438901831414864,28.488832532894154,28.546632906881374,28.61291486183135,28.68832158724925,28.77351712659377,28.86917913933686,28.976000212088543,29.094704827926243,29.226088296712067,29.37107834656372,29.530809536913335,29.706689284564614
505.0,28.268232758192,28.27074057263457,28.278301029990477,28.291026101955982,28.309101505480385,28.332785504644534,28.3624069228014,28.398362210788456,28.441111308828294,28.49117202145533,28.549112683908437,28.615543117532855,28.691104398091067,28.77645899461183,28.872284507388112,28.97927628753062,29.098165602642926,29.229758802414448,29.374997288739312,29.53502825054263,29.711266060820304
506.0,28.26992767549604,28.27244390225797,28.280029551773,28.292796454061385,28.31093007020467,28.33468826410306,28.364399272897213,28.400458723968953,28.443325442160393,28.493515780464705,28.551596281936057,28.618174726502623,28.69389017916701,28.779403714132204,28.875393116992356,28.982556735710833,29.101632691998013,29.233438118492852,29.37892746041251,29.539259712618968,29.715855559330038
507.0,28.271628273354786,28.274152902221896,28.281763712061633,28.294572387585262,28.312764127923472,28.336596388343924,28.366396809364087,28.40256018367174,28.44554421126616,28.495863791370446,28.55408369026947,28.620809696688223,28.69667897172066,28.782351372805874,28.878505102135588,28.985841710157445,29.105106212159882,29.23712625597489,29.382868728295016,29.543503669779177,29.7204574930092
508.0,28.27333454483445,28.275867565321544,28.283503502834535,28.29635389313761,28.314603667343345,28.338509863713757,28.36839951594972,28.404666571305018,28.447767596512747,28.49821603676968,28.556574900256766,28.623448038897862,28.699470819745486,28.785302058846344,28.88162059267007,28.989131354726254,29.108586267173315,29.240823218100818,29.386820961956268,29.547759882486442,29.725071592410732
509.0,28.27504648281809,28.277587884168074,28.285248915884637,28.298140961146146,28.316448677004157,28.340428676435852,28.370407376377507,28.406777868457745,28.44999557883509,28.50057250046551,28.55906990528944,28.626089766648537,28.7022657696196,28.788255860565396,28.88473971411451,28.992425804076518,29.11207295010818,29.24452900145365,29.39078403397635,29.552028123894818,29.72969760407802
510.0,28.27676408000502,28.27931385118838,28.28699994282042,28.29993358185899,28.318299145285046,28.34235281262201,28.372420374368765,28.408894056937445,28.45222813978884,28.50293316751377,28.56156870078505,28.628734896001305,28.70506386975775,28.791212865970884,28.887862587528566,28.995725184153496,29.115566344095583,29.24824359692392,29.394757820036496,29.55630817883598,29.734335289101924
511.0,28.278487328910543,28.281045458625112,28.288756575066984,28.301731745347716,28.32015506041104,28.34428225828542,28.374438493666197,28.411015118808297,28.45446526159976,28.505298024259385,28.564071284154274,28.63138344538824,28.707865170283462,28.79417316242147,28.890989329447905,28.999029612668064,29.119066523261683,29.25196699053543,29.39874219896217,29.560599842912172,29.7389844218507
512.0,28.280216221865807,28.28278269853691,28.290518803867386,28.30353544151083,28.322016410460282,28.346216999354578,28.37646171805837,28.413141036428947,28.45670692720894,28.507667058362486,28.566577654754326,28.63403543543478,28.710669722723154,28.79713683633293,28.894120051868317,29.002339199566485,29.122573553569016,29.255699164153704,29.40273705273014,29.56490292168175,29.743644788847103
513.0,28.281950751017963,28.284525562798883,28.29228662028428,28.305344660077672,28.323883183372036,28.348157021688092,28.37849003140498,28.415271792489534,28.458953120313442,28.510040258814666,28.56908781383099,28.636690888780702,28.71347757972317,28.800103972930902,28.89725486226906,29.00565404748563,29.126087493574424,29.259440096095155,29.40674226644852,29.569217229925773,29.74831618777167
514.0,28.28369090833052,28.286274043103408,28.294060015201936,28.307159390612842,28.32575536695534,28.350102311090453,28.380523417662634,28.417407370047496,28.46120382540197,28.512417615945967,28.57160176445116,28.639349829902415,28.716288794789776,28.80307465604491,28.90039386366724,29.008974252190466,29.129608395112097,29.263189761652008,29.41075772831652,29.573542590985756,29.752998426574592
515.0,28.285436685584024,28.288028130961116,28.29583897932856,28.30897962252109,28.327632948898394,28.352052853328505,28.38256186091089,28.41954775256179,28.463459027785433,28.51479912142324,28.574119511427956,28.64201228493853,28.719103422051955,28.806048967939013,28.90353715469652,29.012299902991824,29.13313630390934,29.266948133545508,29.41478332956924,29.57787883616408,29.75769132268149
516.0,28.287188074376925,28.28978781770228,28.297623503199024,28.310805345052742,28.32951591677861,28.35400863414866,28.384605345378304,28.42169292392511,28.46571871362233,28.517184768240636,28.576641061239982,28.644678281520502,28.721921516046173,28.809026989174665,28.906684829704457,29.015631083143425,29.13667126014206,29.27071518231791,29.418818964411646,29.58222580417983,29.762394702280872
517.0,28.2889450661268,28.29155309447843,28.29941357717796,28.312636547309655,28.331404258073366,28.355969639294628,28.386653855468236,28.423842868493967,28.467982869938965,28.519574550702995,28.57916642194641,28.647347848609442,28.724743131522224,28.81200879850177,28.909836978863872,29.018967870217626,29.140213298936192,29.274490876672076,29.422864529944828,29.586583340673705,29.767108399682755
518.0,28.290707652071877,28.293323952264345,28.30120919146331,28.314473218251706,28.333297960171336,28.35793585452559,28.38870737578414,28.425997571116213,28.47025148464461,28.521968464403052,28.58169560309922,28.650021016340123,28.72756832326896,28.81499447277434,28.91299368829438,29.022310336460038,29.14376245082075,29.27827518376613,29.426919926087148,29.590951297756575,29.77183225673972
519.0,28.29247582327283,28.295100381860394,28.303010336090292,28.31631534670384,28.33519701038446,28.359907265634643,28.390765891154196,28.428157017156057,28.472524546541912,28.524366506193136,28.584228615653817,28.652697815872788,28.730397145958722,28.817984086887453,28.916155040191054,29.025658549123314,29.147318742137436,29.28206806946946,29.430985055492076,29.595329533596935,29.77656612232283
520.0,28.29424957061498,28.296882373895237,28.30481700093576,28.318162921363626,28.337101395960307,28.36188385846738,28.392829386655013,28.430321192516338,28.4748020453326,28.526768674152198,28.586765471879062,28.655378279253107,28.73322965400912,28.820977713732656,28.919321112957622,29.029012570780747,29.150882195411388,29.285869498585367,29.43505982346429,29.599717912043147,29.781309851845947
521.0,28.29602888481083,28.298669918828914,28.306629175723113,28.32001593080934,28.33901110409502,28.36386561894051,28.394897847634283,28.43249008365806,28.47708397161897,28.52917496754891,28.58930618526763,28.658062439280517,28.73606590146089,28.823975424169184,28.922491981342173,29.03237245962048,29.154452829686974,29.289679435044956,29.43914413787512,29.60411630227681,29.78606330683289
522.0,28.297813756402963,28.30046300695633,28.308446850027565,28.321874363508506,28.34092612194654,28.365852533060313,28.396971259732226,28.4346636776171,28.47937031690135,28.531585386801535,28.591850770447394,28.660750329385017,28.73890594187058,28.82697728700876,28.925667716573756,29.035738269721165,29.158030660832317,29.293497842076043,29.44323790907828,29.608524578494126,29.790826354522725
523.0,28.299604175767374,28.302261628411173,28.31027001328193,28.32373820782696,28.34284643664816,28.3678445869409,28.39904960890174,28.43684196201826,28.481661073571864,28.533999933435158,28.59439924309448,28.663441983512286,28.741749828216744,28.829983369011927,28.928848386498483,29.039110051310043,29.16161570181565,29.2973246823505,29.44734104982649,29.612942619612436,29.795598867508886
524.0,28.30140013311714,28.304065773170226,28.312098654782822,28.325607452038277,28.344772035322265,28.369841766822052,28.401132881427095,28.439024925086578,28.483956234904916,28.53641861003693,28.596951619848483,28.666137436017063,28.74459761281852,28.83299373489417,28.93203405571422,29.042487851004346,29.165207962956355,29.30115991811272,29.45145347518955,29.617370308999487,29.8003807234086
525.0,28.303201618506602,28.30587543105811,28.313932763697334,28.32748208433364,28.346702905094286,28.37184405908661,28.403221063941135,28.441212555656012,28.486255795044652,28.53884142020981,28.59950791823025,28.66883672156439,28.74744934726546,28.836008447340298,28.93522478570293,29.045871712037062,29.168807452153256,29.305003511291797,29.455575102474164,29.62180753422327,29.805171804559514
526.0,28.30500862183586,28.307690591752475,28.315772329070118,28.329362092832017,28.34863903310661,28.37385145027732,28.405314143441046,28.44340484317569,28.488559748989765,28.541268368525326,28.602068156562492,28.6715398750386,28.750305082357524,28.83902756702568,28.938420634960153,29.049261674467935,29.172414175092378,29.308855423599343,29.45970585114591,29.62625418682045,29.809971997740586
527.0,28.30682113285577,28.309511244789622,28.317617339830882,28.331247465590664,28.35058040653256,28.375863927113024,28.407412107302424,28.44560177771373,28.490868092575944,28.543699460475704,28.604632353893507,28.674246931459603,28.753164868054327,28.842051152643247,28.94162165912109,29.052657775380666,29.17602813543624,29.31271561661489,29.463845642753363,29.630710162081716,29.81478119391498
528.0,28.308639141173366,28.31133737957051,28.319467784802296,28.33313819061589,28.35252701259023,28.377881476504093,28.409514943291903,28.447803349958857,28.49318082245632,28.546134702425807,28.60720052992414,28.676957925906134,28.756028753432595,28.845079260935155,28.94482791108301,29.056060049067188,29.17964933499641,29.316584051860357,29.467994400854682,29.635175358852514,29.81959928799268
529.0,28.310462636257665,28.31316898536723,28.321323652708234,28.335034255873985,28.354478838556204,28.37990408556713,28.411622639578145,28.450009551219903,28.49549793608015,28.548574101565183,28.609772704938084,28.679672893445666,28.758896786651174,28.848111946728288,28.94803944112365,29.059468527199844,29.18327777389103,29.320460690864962,29.472152050946566,29.639649679347762,29.824426178611102
530.0,28.312291607445903,28.315006051329856,28.323184932182382,28.336935649302376,28.35643587177904,28.381931741638812,28.413735184741338,28.452220373423355,28.497819431670017,28.551017665860492,28.61234889973562,28.682391869070493,28.76176901492266,28.851149262972807,28.951256297015554,29.062883238992278,29.186913450688674,29.32434549522173,29.47631852039575,29.644133028979407,29.829261767931836
531.0,28.314126043950253,28.316848566493693,28.325051611777162,28.338842358820823,28.358398099692444,28.383964432288877,28.415852567781187,28.454435809109114,28.50014530819786,28.553465404008577,28.61492913557073,28.685114887639727,28.764645484491,28.854191260783104,28.954478524136228,29.066304211349816,29.19055636253984,29.328238426636652,29.48049373837296,29.648625316195613,29.834105961452153
532.0,28.315965934864806,28.318696519786872,28.326923679972882,28.340754372342726,28.360365509828156,28.386002145332228,28.41797477812343,28.456655851424607,28.502475565359997,28.55591732539034,28.617513434091663,28.687841983826743,28.767526240614483,28.857237989480527,28.957706165574024,29.069731469010037,29.194206505297295,29.332139446971347,29.48467763578933,29.653126452330735,29.838958667829882
533.0,28.31781126917303,28.320549900038355,28.328801125187198,28.34267167778641,28.362338089828445,28.388044868840083,28.42010180562496,28.45888049411742,28.504810203551383,28.558373440025637,28.620101817284823,28.690573192071767,28.770411327553408,28.86028949663752,28.960939262229857,29.07316503467417,29.19786387362623,29.33604851828005,29.488870145235254,29.657636351465072,29.84381979872058
534.0,28.31966203575557,28.322408695986184,28.330683935784737,28.344594263086407,28.364315827458128,28.39009259115024,28.422233640577595,28.461109731526548,28.50714922383933,28.560833758529313,28.622694307421984,28.69330854653924,28.773300788561983,28.863345828122647,28.964177852914712,29.07660492913001,29.201528461105223,29.339965602841563,29.49307120092163,29.66215493029367,29.848689268625773
535.0,28.321518223398336,28.324272896286086,28.332572100086903,28.346522116204646,28.366298710616228,28.392145300876408,28.424370273710615,28.463343558572465,28.50949262793684,28.563298292068456,28.625290927010653,28.696048081079603,28.77619466588397,28.86640702814615,28.967421974443088,29.080051171366858,29.205200260318815,29.34389066318676,29.497280738623395,29.666682108003425,29.85356699475142
536.0,28.323379820800966,28.32614248952035,28.334465606381837,28.348455225141524,28.368286727347034,28.394202986916618,28.426511696192,28.46558197074611,28.511840418175684,28.56576705232103,28.627891698747636,28.698791829195226,28.7790930007516,28.86947313930581,28.970671661722385,29.08350377868313,29.208879262942464,29.347823662122206,29.50149869562533,29.67121780615787,29.858452896875814
537.0,28.32524681658553,28.328017464206876,28.336364442934453,28.350393577946853,28.370279865850716,28.3962656384607,28.428657899628615,28.467824964096977,28.514192597479447,28.56824005143588,28.630496645475528,28.701539824010105,28.781995833387366,28.872544202632817,28.97392694783842,29.08696276678702,29.212565459820546,29.35176456275034,29.505725010670037,29.675761948588974,29.863346897225927
538.0,28.327119199305486,28.32989780880853,28.338268597996546,28.352337162730564,28.372278114493366,28.398333244996913,28.43080887606526,28.470072535220293,28.516549169336617,28.570717301994208,28.63310579014215,28.704292098243126,28.784903203008362,28.875620257637397,28.97718786413714,29.090428149890805,29.216258841038055,29.355713328486576,29.509959623907992,29.680314461295534,29.868248920361758
539.0,28.328996957454876,28.331783511742593,28.340178059816953,28.354285967673242,28.374281461816512,28.40040579631767,28.43296461798277,28.47232468124362,28.518910137773798,28.57319881697252,28.635719155762697,28.70704868418453,28.787815147832866,28.878701342354077,28.98045444030267,29.093899940799165,29.219959395986507,29.359669923073735,29.51420247684968,29.68487527234756,29.873158893067917
540.0,28.330880079477712,28.333674561390378,28.34209281665165,28.356239981036378,28.37628989654605,28.402483282524408,28.435125118295172,28.474581399812763,28.52127550732923,28.575684609707068,28.638336765384604,28.709809613675382,28.7907317050888,28.881787493386398,28.983726704431835,29.09737815099194,29.22366711342459,29.363634310594097,29.518453512319624,29.689444311796258,29.87807674425185
541.0,28.3327685537775,28.33557094610698,28.344012856773883,28.358199191172357,28.378303407600598,28.404565694031707,28.437290370345995,28.476842689077255,28.523645283026653,28.578174693859843,28.640958642054883,28.712574918089782,28.793652911023873,28.884878745950985,28.987004683105287,29.100862790701697,29.227381981533973,29.367606455478686,29.522712672444758,29.69402093608257,29.882967262753848
542.0,28.334662368726885,28.337472654231064,28.34593816848417,28.360163586534124,28.380321984099297,28.40665302157052,28.439460367903813,28.479108547675423,28.52601947034957,28.580669083386027,28.643584808789896,28.715344628319627,28.79657880091716,28.88797513392081,28.990288401455334,29.10435386898646,29.23110398795428,29.371586319576444,29.526979683340567,29.698599164226238,29.887819137976667
543.0,28.336561512677456,28.33937967409472,28.34786874012023,28.362133155684557,28.38234561536902,28.408745256190752,28.441635105157065,28.481378974719153,28.528398075216028,28.583167792502934,28.646215288547374,28.718118774761635,28.799509409091915,28.891076689867663,28.993577883230557,29.107851393781228,29.234833118510668,29.37557381109613,29.531253413185343,29.703173868555954,29.89265143898725
544.0,28.33846597396948,28.341291994033323,28.349804560066787,28.364107887305472,28.38437429095102,28.410842389263056,28.443814576708224,28.483653969778416,28.530781103953924,28.585670835660476,28.64885010420063,28.72089738730651,28.802444768929384,28.89418344510358,28.99687315084923,29.111355371552275,29.23856934635392,29.379568673694514,29.535532305526353,29.707743825259595,29.89747022304774
545.0,28.34037574094183,28.34320960239537,28.351745616765182,28.366087770206278,28.386408000607002,28.41294441247997,28.44599877756741,28.48593353286565,28.5331685632769,28.58817822751301,28.651489278514777,28.72368049533005,28.805384912883486,28.897295429718362,29.00017422534803,29.114865805012148,29.24231260887755,29.38357047726833,29.539815040040374,29.712309102410753,29.90227869622188
546.0,28.34229080194172,28.345132487552252,28.35369189872287,28.368072793332264,28.38844673432465,28.41505131785641,28.4481877031455,28.48821766442009,28.535560460260857,28.590689982892638,28.654132834124912,28.726468127685962,28.808329872495253,28.900412672591205,29.00348112591714,29.118382687923607,29.246062791351495,29.387578703226488,29.544100663786782,29.716870111528298,29.907078932173825
547.0,28.344211145334572,28.347060637907987,28.355643394522623,28.37006294577252,28.390490482322598,28.41716309772955,28.450381349246708,28.490506365291992,28.537956802321144,28.593206116783893,28.65678079351608,28.72926031270006,28.8112796784019,28.903535201309836,29.006793868713377,29.121905999068414,29.24981972821147,29.391592824639705,29.54838852421475,29.721427335012084,29.911872410673737
548.0,28.346136759513715,28.348994041908792,28.357600092831596,28.37205821676745,28.392539235054894,28.419279744758132,28.452579712060846,28.492799636726964,28.540357597190383,28.595726644299727,28.659433179004868,28.732057078164463,28.814234360325262,28.906663041908832,29.010112465072798,29.12543569826378,29.25358321592938,29.395612351461484,29.552678182864895,29.725981243745334,29.916660252499174
549.0,28.34806763291003,28.350932688052566,28.35956198241007,28.37405859571589,28.394592983214903,28.421401251921253,28.454782788155192,28.495097480350324,28.542762852897017,28.598251580658815,28.662090012722288,28.734858451328112,28.817193947015383,28.909796218389914,29.01343691963045,29.12897172551955,29.25735302865742,29.39963684880376,29.556969348679534,29.73053227269547,29.92144334158988
550.0,28.350003754001445,28.35287656489817,28.361529052120016,28.376064072181858,28.39665171773873,28.423527612516658,28.45699057446606,28.49739989815162,28.545172577744555,28.600780941164,28.66475131659695,28.737664458877102,28.82015846612753,28.912934752077984,29.016767228855315,29.132514002777544,29.261128931765196,29.403665940319677,29.561261831757587,29.735080815835712,29.92622239592408
551.0,28.35194511132233,28.354825661074585,28.363501290933282,28.378074635900862,28.398715429808185,28.425658820158525,28.459203068290137,28.49970689246927,28.547586780291482,28.603314741181702,28.667417112336697,28.740475126896783,28.82312794402631,28.91607866092723,29.020103380264594,29.1360624371222,29.26491069181054,29.407699304681667,29.565555512085975,29.739627227698385,29.930998011904087
552.0,28.353891693472686,28.356779965289796,28.365478687939593,28.380090276785854,28.400784110853206,28.42779486877489,28.461420267275553,28.502018465975404,28.55000546933183,28.605852996121687,28.670087421406286,28.74329048080917,28.826102405530683,28.919227958896304,29.02344535233234,29.139616924494902,29.26869808314587,29.411736669446036,29.569850318374773,29.744171827029618,29.93577069377664
553.0,28.355843489127132,28.358739466339514,28.36746123235416,28.38211098493274,28.402857752553924,28.429935752604614,28.463642169412886,28.50433462166093,28.552428653876266,28.608395721416553,28.672762264998028,28.746110545283322,28.829081873627725,28.922382655477218,29.026793114960242,29.143177353288657,29.272490891889927,29.415777804379566,29.574146213584335,29.748714900857532,29.940540874012786
554.0,28.357800487043722,28.36070415311562,28.36944891352504,28.384136750625547,28.40493634684221,28.432081466194063,28.465868773025885,28.50665536282079,28.554856343133494,28.610942932499793,28.675441663993162,28.748935344121517,28.83206636918759,28.92554275541707,29.030146630329597,29.146743607503765,29.27628891801954,29.419822515160472,29.578443184899058,29.753256708353213,29.94530892793261
555.0,28.359762676072517,28.362674014614388,28.371441720940126,28.386167564341154,28.40701988590286,28.43423200439338,28.468100076762234,28.50898069303935,28.55728854649161,28.613494644781323,28.678125638912693,28.751764900128066,28.835055910708306,28.928708258633623,29.033505853964876,29.1503155693497,29.280091976196207,29.423870637793748,29.58274123668904,29.75779748428269,29.950075184508172
556.0,28.36173004516387,28.36464903994438,28.373439644233848,28.388203416753647,28.409108362174383,28.436387362352505,28.47033607958408,28.51131061617594,28.559725273499044,28.616050873619546,28.680814209857772,28.75459923497024,28.83805051411096,28.931879160301165,29.036870735875198,29.153893121293862,29.28389989578026,29.42792203381355,29.587040385507738,29.762337442014395,29.95483993453863
557.0,28.36370258337649,28.36662921833412,28.37544267319354,28.39024429873834,28.411201768349397,28.438547535516896,28.472576780758583,28.513645136350267,28.562166533844607,28.61861163428918,28.683507396441385,28.75743836904091,28.841050192596324,28.935055451071403,29.040241221680713,29.157476147614187,29.287712520348357,29.431976586229545,29.59134065649722,29.766876776110227,29.959603436964883
558.0,28.36568027988524,28.368614539139443,28.377450797765423,28.392290201375353,28.413300097374655,28.440712519623002,28.474822179848267,28.515984257927713,28.564612337336143,28.62117694194461,28.686205217713823,28.760282321331623,28.844054956565945,28.93823711739173,29.04361725366554,29.16106453553283,29.291529706927193,29.43603419613077,29.595642080780188,29.771415664548726,29.964365923833803
559.0,28.3676631239886,28.370604991850545,28.37946400806032,28.39434111595287,28.415403342450784,28.442882310693463,28.47707227670125,28.51832798550416,28.567062693877514,28.623746811579043,28.68890769208519,28.76313110932278,28.84706481360455,28.94142414188604,29.04699877172544,29.16465817600978,29.29535132508313,29.440094779851464,29.59994469355298,29.77595427063217,29.969127604260937
560.0,28.369651105115867,28.372600566098733,28.38148229435897,28.39639703397004,28.41751149703162,28.445056905032104,28.479327071441254,28.52067632389026,28.56951761344361,28.626321257980013,28.691614837248235,28.765984748895317,28.850079768516895,28.944616503769105,29.05038571419695,29.16825696426799,29.299177255957307,29.444158266608323,29.6042485326824,29.78049274462538,29.973888667636512
561.0,28.371644212834052,28.37460125166283,28.383505647117058,28.398457947139526,28.4196245548233,28.44723629921862,28.48158656445733,28.52302927809491,28.571977106053364,28.628900295682318,28.694326670104644,28.768843254266205,28.853099823409995,28.947814179271536,29.053778018566703,29.171860800110945,29.303007391301964,29.448224596529656,29.608553637668702,29.785031225168108,29.978649286250082
562.0,28.373642436854446,28.3766070384753,28.38553405696985,28.4005238473897,28.421742509782995,28.44942049010305,28.483850756393185,28.525386853307797,28.57444118174081,28.63148393891944,28.697043206697295,28.771706637948192,28.856124977811277,28.951017142058433,29.057175622066914,29.17546958808289,29.306841632551333,29.45229371900863,29.612860048877224,29.789569840496508,29.98340961746206
563.0,28.375645767038876,28.37861791662802,28.387567514736546,28.4025947268665,28.423865356117343,28.451609474799913,28.486119648136086,28.527749054880967,28.576909850524505,28.63407220157483,28.699764462150544,28.774574910732944,28.859155228813464,28.954225363630044,29.060578462166898,29.179083237511634,29.31067988994579,29.45636559132417,29.617167806968855,29.79410870950356,29.988169805517366
564.0,28.377654193405633,28.380633876377722,28.389606011424256,28.404670577935008,28.4259930882806,28.453803250682025,28.48839324080521,28.530115888309343,28.57938312237566,28.636665097134152,28.702490450619887,28.777448081695532,28.862190571237758,28.95743881369666,29.063986476972154,29.18270166246564,29.31452208171848,29.46044017748289,29.621476952478726,29.798647942663226,29.992929983073175
565.0,28.379667706135084,28.38265490815113,28.391649538231665,28.40675139318063,28.428125700972434,28.456001815373977,28.490671535739413,28.532487359210197,28.581861007185378,28.639262638639646,28.705221185251705,28.780326158217918,28.86523099780832,28.960657460523414,29.06739960554301,29.18632478164974,29.318368133347665,29.464517447243804,29.625787525506162,29.803187642838957,29.997690272495753
566.0,28.38168629557495,28.384681002549748,28.39369808655237,28.40883716541,28.430263189135438,28.45820516674517,28.492954534484372,28.534863473301776,28.58434351473159,28.64186483864759,28.70795667815347,28.78320914602866,28.868276499331987,28.963881271242983,29.070817788144293,29.18995251825841,29.32221797687437,29.46859737529455,29.63009956548857,29.80772790599376,30.00245078696902
567.0,28.38370995224527,28.386712150354317,28.395751647977878,28.410927887651535,28.432405547952268,28.460413302902474,28.495242238779067,28.537244236381152,28.586830654646164,28.64447170918951,28.710696940374095,28.786097049255854,28.871327064878507,28.96711021213568,29.074240966436474,29.193584799800746,29.326071550282624,29.472679940553505,29.634413111038945,29.81226882181614,30.007211631448314
568.0,28.385738666843,28.388748342528956,28.397810214300247,28.413023553155682,28.434552772842427,28.462626222182386,28.497534650541656,28.53962965430147,28.589322436382695,28.64708326173781,28.713441981894086,28.78898987049076,28.87438268195766,28.97034424887801,29.077669083617817,29.19722155790804,29.329928796938507,29.476765125576748,29.63872819983171,29.816810474273723,30.01197290348572
569.0,28.387772430246326,28.390789570224978,28.39987377751447,28.41512415539479,28.436704859458697,28.464843923142755,28.49983177185476,28.542019732948894,28.591818869185396,28.649699507176052,28.71619181162466,28.791887610859437,28.87744333669045,28.973583346761085,29.08110208452576,29.20086272813195,29.333789665083586,29.48085291605279,29.643044868525475,29.821352942104745,30.016734693948276
570.0,28.389811233518618,28.392835824784342,28.401942329820468,28.417229688062687,28.4388618036832,28.467066404554004,28.5021336049502,28.544414478219387,28.594319962059586,28.65232045577423,28.71894643741507,28.794790270100144,28.880509013972475,28.976827470881027,29.084539915704667,29.20450824973916,29.33765410737805,29.484943300370762,29.64736315271378,29.82589629925568,30.021497087645887
571.0,28.391855067912054,28.394887097742803,28.404015863624764,28.41934014507389,28.441023601623016,28.469293665389888,28.50444015219331,28.546813895995633,28.596825723743972,28.654946117168883,28.721705866067097,28.79769784664454,28.883579697628083,28.980076586303685,29.087982525446154,29.208158065506883,29.341522080489096,29.48903626925049,29.651683086897386,29.83044061527221,30.02626016388304
572.0,28.393903924870937,28.39694338083274,28.40609437154183,28.421455520562443,28.44319024960544,28.471525704817815,28.506751416066912,28.5492179921243,28.599336162685162,28.657576500348146,28.724470103355824,28.800610337700906,28.886655370554642,28.983330658205983,29.091429863807058,29.21181212152228,29.345393544720174,29.493131815424732,29.65600470447278,29.83498595564944,30.031023996945517
573.0,28.395957796034672,28.399004665985643,28.408177846395073,28.42357580888043,28.445361744172835,28.47376252218872,28.50906739915501,28.55162677239382,28.601851287014426,28.660211613641405,28.727239154055653,28.80352773933803,28.889736014856368,28.986589651996237,29.094881882609492,29.21547036698789,29.349268463677028,29.497229933365585,29.660328037733017,29.839532382146647,30.035788656531576
574.0,28.3980166732404,28.401070945334233,28.410266281217535,28.425701004596085,28.447538082077052,28.476004117026566,28.511388104126436,28.554040242513,28.604371104526994,28.66285146471338,28.73001302197073,28.806450046568518,28.892821611967765,28.98985353341576,29.09833853542666,29.21913275403456,29.353146803966883,29.501330619048403,29.664653117877908,29.84407995307076,30.04055420813527
575.0,28.40008054852529,28.403142211214302,28.41235966925217,28.42783110249157,28.449719260273486,28.478250489017487,28.513713533718413,28.556458408090485,28.606895622663853,28.665496060562305,28.732791709968854,28.809377253430643,28.89591214276674,28.993122268623807,29.10179977755738,29.222799237542752,29.357028534927245,29.505433869747616,29.66897997503107,29.848628723532425,30.045320713388534
576.0,28.402149414128548,28.40521845616617,28.414458003951825,28.42996609756033,28.45190527591475,28.480501637998675,28.51604369072029,28.55888127461532,28.609424848496136,28.668145407521795,28.735575220018056,28.812309353067956,28.899007587677776,28.996395824267864,29.105265565991942,29.22646977497266,29.36091362838138,29.509539683859817,29.673308638262096,29.853178745677837,30.05008823036737
577.0,28.404223262493034,28.407299672935856,28.41656127897885,28.43210598500415,28.454096126343973,28.482757563947033,28.518378577957495,28.561308847438713,28.611958788712016,28.67079951126614,28.7383635532253,28.81524633780608,28.90210792676552,28.999674167541063,29.108735859371325,29.230144326203558,29.364802058417585,29.513648060750146,29.67763913561235,29.857730068899166,30.054856813866753
578.0,28.406302086266553,28.40938585447582,28.41866948820436,28.434250760229766,28.456291809087784,28.485018266967636,28.520718198275784,28.563741131757045,28.614497449606084,28.67345837681856,28.741156709876474,28.818188199226377,28.905213139819363,29.002957266228353,29.112210617941514,29.23382285338209,29.36869380118986,29.517759000618724,29.68197149412331,29.86228274002588,30.059626515648294
579.0,28.408385878302827,28.41147699394544,28.420782625707123,28.4364004188452,28.458492321848965,28.487283747282152,28.523062554525968,28.566178132596264,28.61704083707108,28.67612200856206,28.74395468947724,28.821134928236017,28.9083232064295,29.006245088742872,29.115689803504278,29.237505320779597,29.37258883473766,29.521872504384316,29.6863057398666,29.866836803499176,30.06439738466374
580.0,28.410474631662094,28.41357308471111,28.42290068577212,28.438554956655683,28.46069766249886,28.48955400521718,28.525411649549124,28.568619854797614,28.619588956591908,28.678790410252624,28.746757490794263,28.824086515134496,28.911438106055147,29.00953760415383,29.119173379365613,29.24119169465809,29.37648713882283,29.525988573582815,29.690641897975002,29.871392301531266,30.06916946725745
581.0,28.412568339611386,28.415674120345972,28.42502366288875,28.440714369659272,28.462907829069508,28.49182904119265,28.527765486162387,28.5710663030048,28.622141813241754,28.681463585034255,28.749565111896363,28.8270429496763,28.914557818085363,29.012834782207094,29.122661310282737,29.244881943144616,29.38038869478192,29.5301072102786,29.69497999267397,29.87594927425116,30.073942807350086
582.0,28.41466699562442,28.417780094629336,28.427151551748643,28.442878654042165,28.46512281974562,28.49410885571031,28.530124067145422,28.573517481652583,28.62469941168017,28.684141535455677,28.75237755019533,28.830004221129837,28.91768232189317,29.016136593339407,29.126153562410387,29.24857603611355,29.384293485392273,29.534228416987006,29.69932004731323,29.88050775983827,30.078717446605705
583.0,28.416770593381184,28.419891001545707,28.429284347243215,28.445047806173662,28.467342632856354,28.496393449342342,28.532487395227562,28.57597339495669,28.62726175615298,28.68682426348834,28.755194802486013,28.8329703183326,28.92081159688348,29.019443008687297,29.129650103246995,29.252273945076524,29.388201494750515,29.53835219660645,29.703662084398147,29.885067794645153,30.08349342458412
584.0,28.418879126767155,28.422006835283508,28.431422044460785,28.447221822600937,28.46956726686699,28.49868282272026,28.534855473075716,28.578434046905148,28.62982885049384,28.689511770545444,28.75801686498558,28.83594122974259,28.923945622535317,29.022754000091293,29.13315090158131,29.255975643079484,29.392112708162188,29.54247855235894,29.70800612562067,29.889629413310395,30.08827077888007
585.0,28.42099258987216,28.424127590233425,28.43356463868349,28.44940070004346,28.471796720370502,28.500976976523933,28.53722830328304,28.5808994412509,28.632400698127324,28.692204057501787,28.76084373337165,28.838916943486236,28.927084378438938,29.026069540096312,29.13665592743967,29.25968110460652,29.39602711204139,29.546607487737933,29.712352191889636,29.89419264886264,30.09304954525064
586.0,28.423110976988916,28.426253260986442,28.435712125383763,28.451584435387254,28.474030992079125,28.503275911471064,28.53960588835837,28.583369581505703,28.634977302073292,28.694901124714175,28.763675402819242,28.841897447402783,28.930227844328215,29.02938960194867,29.140165152034395,29.263390305490024,29.399944693819453,29.55073900646256,29.716700303360305,29.898757532816614,30.09782975773207
587.0,28.425234282611193,28.42838384233151,28.437864500220613,28.453773025678927,28.47627008081585,28.505579628306844,28.541988230716512,28.585844470935207,28.63755866495255,28.697602972042223,28.76651186803637,28.844882729085416,28.933376000108805,29.03271415959039,29.143678547713403,29.26710322282681,29.403865441861704,29.55487311243742,29.72105047946313,29.90332409526184,30.10261144874716
588.0,28.42736250143168,28.43051932925293,28.440021759035567,28.45596646811951,28.47851398550602,28.507888127794125,28.544375332669283,28.588324112555192,28.64014478899346,28.70030959886937,28.76935312329827,28.847872775919196,28.936528825882455,29.036043187651163,29.147196087911226,29.27081983489979,29.407789345391627,29.559009809717313,29.72540273893153,29.90789236494478,30.107394649204018
589.0,28.42949562833952,28.43265971692739,28.442183897848377,28.458164760058157,28.48076270516894,28.510201410703893,28.546767196417353,28.59080850912886,28.642735676039553,28.70302100412393,28.772199162480124,28.850867575116006,28.939686301967875,29.03937666143841,29.150717747101577,29.274540121104824,29.41171639442159,29.56314910247621,29.729757099828802,29.912462369344944,30.11217938858719
590.0,28.43163365841749,28.43480500072072,28.444350912852443,28.460367898985726,28.48301623890958,28.51251947780619,28.549163824042914,28.59329766316514,28.645331327557845,28.70573718630008,28.775049979088365,28.853867113746674,28.94284840891846,29.042714556925798,29.154243500751548,29.278264061882464,29.415646579689597,29.567290994980024,29.734113579574057,29.917034134745563,30.11696569504172
591.0,28.43377658693892,28.43695517618434,28.446522800410037,28.462575882528235,28.485274585910457,28.514842329861484,28.551565217503068,28.59579157691791,28.64793174464791,28.70845814347867,28.777905566290414,28.856871378770432,28.94601512753726,29.046056850740488,29.157773325277443,29.281991638654183,29.419579892601448,29.57143549156269,29.738472194967162,29.921607686299254,30.121753595450972
592.0,28.435924409364276,28.43911023905145,28.448699557047302,28.46478870844026,28.487537745423577,28.517169967612503,28.55397137862398,28.59829025238609,28.65053692805142,28.71118387334774,28.780765916942975,28.859880357061886,28.9491864388894,29.049403520149387,29.16130719800229,29.28572283376283,29.423516325177797,29.575582596605145,29.742832962212763,29.926183048089076,30.12654311550861
593.0,28.4380771213375,28.441270185232923,28.450881179449087,28.467006374598295,28.48980571676264,28.51950239177647,28.55638230909575,28.600793691314482,28.653146878162193,28.71391437322266,28.783631023618845,28.862894035435616,28.95236232431229,29.05275454304462,29.16484509711508,29.289457630416997,29.427455870005684,29.57973231451692,29.74719589694331,29.93076024318547,30.13133427978543
594.0,28.440234718682042,28.44343501081302,28.453067664453563,28.469228878994052,28.492078499295403,28.52183960303788,28.55879801046797,28.603301895195372,28.655761595036594,28.716649640065896,28.786500878632264,28.865912400668627,28.955542765423825,29.056109897928444,29.168387001631633,29.293196012639044,29.431398520194072,29.583884649719955,29.75156101424121,29.93533929369933,30.136127111791364
595.0,28.44239719739666,28.445604712044776,28.455259009046735,28.471456219727802,28.49435609243622,28.524181602041683,28.561218484145968,28.605814865270744,28.65838107840419,28.719389670506178,28.789375474062844,28.86893543952074,28.958727744128794,29.059469563897707,29.171932891357162,29.296937965216554,29.435344269333108,29.588039606634435,29.755928328660005,29.939920220831542,30.140921634033134
596.0,28.444564553650995,28.44777928534531,28.4574552103568,28.473688395001695,28.496638495638877,28.526528389386968,28.563643731387636,28.608332602535082,28.66100532767861,28.722134460857266,28.792254801778142,28.871963138753124,28.961917242623723,29.06283352062806,29.17548274685044,29.30068347365688,29.439293111456657,29.59219718966643,29.760297854244723,29.944503044919333,30.145717868067983
597.0,28.44673678378092,28.44995872729078,28.459656265648427,28.475925403113145,28.498925708389624,28.528879965621076,28.56607375330089,28.610855107738715,28.663634341968546,28.72488400713607,28.795138853454883,28.874995485145032,28.965111243400287,29.066201748358,29.17903654938956,29.304432524144694,29.44324504100793,29.59635740319706,29.764669604551322,29.949087785479573,30.150515834553673
598.0,28.448913884283655,28.452143034611332,28.46186217231691,28.478167242448272,28.501217730200494,28.531236331234187,28.568508550841667,28.61338238139158,28.666268120088805,28.72763830508021,28.798027620598912,28.878032465508973,28.96830972924752,29.06957422787287,29.182594280939206,29.308185103502268,29.447200052807858,29.600520251573087,29.769043592665348,29.953674461249385,30.15531555329523
599.0,28.451095851812752,28.454332204185782,28.46407292788228,28.480413911475413,28.50351456060285,28.53359748665434,28.570948124812467,28.615914423767443,28.6689066605714,28.730397350164925,28.800921094563897,28.8810740667043,28.97151268325288,29.07295094048884,29.186155924119433,29.311941199152265,29.451158142025992,29.604685739098706,29.77341983121978,29.958263090224193,30.16011704328852
600.0,28.453282683172905,28.456526233036186,28.466288529983384,28.482665408738722,28.505816199141208,28.535963432242877,28.573392475861343,28.618451234908424,28.671549961676533,28.733161137619458,28.803819266568873,28.884120275649497,28.974720088802385,29.07633186803709,29.189721462175903,29.315700799082936,29.4551193041537,29.608853870028458,29.777798332412097,29.962853689693432,30.16492032276107
601.0,28.45547437531458,28.45872511832235,28.468508976371886,28.484921732851898,28.50812264536738,28.5383341682903,28.57584160448141,28.62099281462985,28.67419802140361,28.735929662442693,28.80672212771464,28.887171079333115,28.9779319295799,29.079716992848027,29.193290878951426,29.31946389181555,29.4590835349795,29.613024648562092,29.782179110964794,29.967447137433652,30.169777994096147
602.0,28.457670925328582,28.46092885733617,28.470734264906312,28.487182882492025,28.510433898834812,28.54070969501256,28.578295511010726,28.623539162525365,28.676850837502023,28.73870291941825,28.809629668999097,28.890226464823566,28.98114818956566,29.08310629773583,29.19686415885894,29.323230466373833,29.463050830590905,29.617198083236897,29.786562506262683,29.972052299950583,30.174706898266443
603.0,28.459872330440458,28.463137447495956,28.472964393546054,28.48944885639351,28.51274995909326,28.543090012547673,28.580754195632572,28.626090277972256,28.679508407481872,28.741480903128924,28.812541881331565,28.893286419277832,28.98436885303415,29.086499765983174,29.20044128685584,29.327000512280442,29.46702118932833,29.62137426333368,29.79095014285299,29.976676768894468,30.1796784197349
604.0,28.462078588004875,28.465350886340662,28.475199360345453,28.49171965334223,28.515070825683733,28.545475120952776,28.5832176583761,28.62864616013696,28.682170728624463,28.744263607970495,28.81545875554609,28.896350929949143,28.98759390455148,29.089897381326395,29.204022248431833,29.3307740201432,29.470994628081282,29.625553524843326,29.79534428202364,29.981322296289203,30.184683415207484
605.0,28.46428969549986,28.46756917152408,28.47743916344784,28.49399527216979,28.51739649813369,28.54786502020149,28.585685899117305,28.631206807980707,28.68483779799261,28.74705102816495,28.81838028241391,28.899419984193802,28.990823328972276,29.093299127945425,29.207607029750314,29.334550985139067,29.474971216870873,29.629736464247586,29.79974683303171,29.985988702885233,30.189717009723374
606.0,28.46650565052105,28.46979230080903,28.479683801079727,28.496275711747938,28.519726975952512,28.55025971018162,28.5881589175803,28.63377222026526,28.687509612440746,28.749843157773075,28.821306452654976,28.90249356947711,28.994057111437563,29.0967049904913,29.211195618405668,29.338331414850163,29.478951103378655,29.633923810923104,29.8041591566624,29.990675297287922,30.194776024651564
607.0,28.468726450775907,28.472020272061545,28.481933271544964,28.49856097098317,28.522062258627273,28.552659190693213,28.59063671333883,28.63634239555877,28.69018616862476,28.75263999070648,28.824237256948702,28.905571673378986,28.997295237381294,29.10011495425086,29.214788005258054,29.342115338345792,29.482934511053344,29.638116307209685,29.808582165434775,29.9953812837422,30.199858171823806
608.0,28.470952094077873,28.474253083245035,28.48418757321906,28.50085104881148,28.524402345618732,28.555063461446863,28.593119285818066,28.638917332241657,28.692867463011623,28.75544152073905,28.82717268594403,28.908654283601052,29.000537692568116,29.103529005580867,29.218384187164045,29.345902812197025,29.486921719885494,29.642314640743052,29.813016452696942,30.00010588536465,30.204961701969914
609.0,28.473182578340573,28.47649073241451,28.48644670454353,28.50314594419331,28.526747236357593,28.557472522062362,28.595606634296587,28.64149702851251,28.69555349188872,28.75824774151788,28.830112730269324,28.911741387980467,29.003784463198485,29.106947132667084,29.221984169843637,29.349693921788486,29.490913043029146,29.6465194171066,29.817462392381326,30.004848380592698,30.210085221865096
610.0,28.475417901572037,28.478733217710815,28.48871066402037,28.50544565610869,28.52909693024105,28.559886372067552,28.598098757908584,28.64408148239402,28.698244251372955,28.76105864657375,28.83305738054332,28.91483297452033,29.007035536113726,29.11036932652803,29.225587970123478,29.353488778763293,29.494908806573953,29.650731154767318,29.821920208168997,30.009608110726294,30.215227588211327
611.0,28.477658061868897,28.480980537354945,28.490979450206662,28.507750183552506,28.531451426629516,28.56230501089749,28.600595655646213,28.646670691738898,28.700939737419567,28.763874229331584,28.83600662738984,28.917929031448377,29.010290899110203,29.11379558209219,29.229195617161224,29.357287516263664,29.498909334651554,29.654950290343002,29.826390020245217,30.014384477548983,30.22038784116129
612.0,28.479903057410702,28.48323268964241,28.493253061709236,28.510059525530025,28.533810724843644,28.564728437893816,28.60309732636209,28.64926465423572,28.70363994583087,28.766694483121473,28.838960461459898,28.921029547313683,29.01355054134198,29.1172258991707,29.232807152628673,29.36109028341514,29.502914939574342,29.65917718777965,29.830871876937557,30.01917693780721,30.225565160238663
613.0,28.48215288645425,28.485489672937675,28.495531497179517,28.512373681052544,28.536174824161535,28.567156652304337,28.605603768771942,28.65186336741483,28.706344872264882,28.769519401191445,28.841918873465524,28.924134511124578,29.016814453770287,29.12066028319884,29.236422630051596,29.36489723998755,29.506925915914728,29.663412148333407,29.835365776341607,30.023984997073367,30.2307588337889
614.0,28.484407547328015,28.487751485668692,28.497814755308475,28.514692649133277,28.538543723816186,28.56958965328284,28.608114981457383,28.65446682865422,28.709054512244382,28.772348976723435,28.844881854228657,28.92724391252373,29.020082629611068,29.124098745687846,29.240042113577054,29.368708551710395,29.51094253739578,29.6676554199919,29.8398716812942,30.02880820392129,30.235968237044357
615.0,28.486667038426617,28.490018126321537,28.500102834821718,28.51701642878336,28.54091742299316,28.572027439889073,28.610630962868733,28.657075035185464,28.71176886116671,28.775183202854137,28.847849394747026,28.930357741989706,29.02335506473775,29.127541304385495,29.24366567642231,29.372524386414945,29.514965055673485,29.67190720582641,29.844389529876747,30.033646144715917,30.241192815910647
616.0,28.488931358205424,28.492289593435128,28.502395734474725,28.519345019008124,28.543295920828427,28.57447001108892,28.613151711328083,28.659687984099943,28.714487914315,28.778022072702147,28.850821486276576,28.933475991051175,29.02663175800849,29.130987983180802,29.247293399205187,29.376344911001848,29.51899370033319,29.67616767116589,29.848919242873116,30.03849843907012,30.24643207468748
617.0,28.491200505175243,28.494565885596103,28.504693453048223,28.52167841880347,28.54567921640643,28.576917365754735,28.615677225032393,28.662305672355455,28.717211666871528,28.78086557940241,28.853798120427967,28.936598652498912,29.029912711501243,29.134438811805534,29.250925368295295,29.380170289149326,29.5230286796279,29.68043694965765,29.853460729122258,30.043364735926698,30.251685566575638
618.0,28.493474477897113,28.496847001433743,28.50699598934371,28.52401662715247,28.54806730875835,28.579369502665884,28.618207502056862,28.66492809678354,28.71994011393379,28.78371371614831,28.856779289273277,28.93972572058279,29.033197930652147,29.137893825389057,29.254561674273543,29.38400067964644,29.527070181639992,29.68471514834386,29.858013889395206,30.048244710192535,30.256952886206665
619.0,28.495753274977226,28.499132939615134,28.50930334217917,28.52635964302213,28.550460196860513,28.581826420509422,28.62074254035859,28.667555254097792,28.722673250533894,28.786566476241006,28.85976498545792,28.942857191183588,29.03648742430188,29.141353063918388,29.2582024105475,29.387836235233564,29.531118375657343,29.689002351897084,29.862578619224145,30.053138059847587,30.262233663673126
620.0,28.49803689506196,28.501423698840334,28.51161551038487,28.52870746536034,28.552857879633034,28.58428811788102,28.623282337780633,28.670187140903444,28.725411071661537,28.78942385314501,28.862755202312883,28.94599306195293,29.0397812046603,29.144816571647198,29.26184767214265,29.391677101843054,29.535173413630044,29.693298626150167,29.867154810978462,30.05804450345688,30.267527559693036
621.0,28.500325336833058,28.503719277837778,28.513932492799384,28.531060093092997,28.5552603559386,28.586754593286106,28.62582689205658,28.67282375370852,28.728153572290708,28.79228584054853,28.865749933962526,28.94913333241797,29.043079287202836,29.148284396487902,29.2654975546715,29.395523418148965,29.539235431624224,29.697604021039638,29.871742355393707,30.062963778022922,30.272834261645873
622.0,28.50261859900291,28.50601967535978,28.516254288265717,28.533417525121266,28.5576676245815,28.5892258451413,28.62837620081583,28.675465088936804,28.730900747409898,28.795152432426775,28.86874917542409,28.952278004050047,29.04638169051277,29.15175658941224,29.269152153471662,29.399375315350994,29.54330455122331,29.701918573064056,29.876341142699406,30.067895637125176,30.278153480288257
623.0,28.50491668031004,28.508324890178194,28.51858089562764,28.53577976031908,28.560079684306807,28.591701871776213,28.630930261589693,28.678111142942686,28.733652592055506,28.798023623106296,28.8717529226958,28.955427080298588,29.0496884360833,29.15523320387792,29.2728115628982,29.40323291713261,29.547380880848728,29.706242307341792,29.880951063450144,30.07283984930198,30.283484947006716
624.0,28.507219579514633,28.510634921080182,28.52091231372615,28.538146797530786,28.562496533799866,28.59418267143562,28.63348907181841,28.680761912027993,28.73640910134775,28.8008994073285,28.874761172831583,28.958580566593206,29.05299954809172,29.158714295292857,29.276475875753025,29.40709633974642,29.5514645169863,29.710575239338038,29.885572009135565,30.07779619663769,30.288828411499633
625.0,28.509527295394328,28.512949766864228,28.523248541396114,28.540518635568965,28.56491817168597,28.596668242282178,28.636052628859233,28.683417392460733,28.73917027052848,28.80377978031075,28.877773924001072,28.961738470317567,29.056315053156467,29.16219992052357,29.28014518283349,29.4109656921901,29.555555545313634,29.71491737631824,29.890203872624614,30.08276447352399,30.294183639806178
626.0,28.511839826740065,28.51526942633619,28.525589577463066,28.542895273212505,28.567344596530365,28.599158582399614,28.638620929995604,28.68607758049556,28.7419360950001,28.8066647378034,28.88079117553462,28.964900800759132,29.059634980085917,29.165690137450902,29.28381957258312,29.41484107644486,29.55965404172911,29.71926871857484,29.89484654848486,30.087744485569836,30.29955041261819
627.0,28.51415717235213,28.517593898305616,28.527935420740185,28.545276709204813,28.569775806838575,28.60165368979662,28.641193972447507,28.688742472395838,28.74470657036475,28.809554276141824,28.883812927953414,28.96806756903913,29.062959359626003,29.169185004573503,29.287499130828778,29.41872258775511,29.563760073286538,29.723629260465632,29.8994999332073,30.092736048638333,30.304928523824973
628.0,28.51647933103635,28.51992318158212,28.530286070025458,28.54766294225233,28.5722118010571,28.60415356241134,28.643771753382918,28.691412064456888,28.747481692463058,28.81244839229246,28.886839182985458,28.971238788026664,29.06628822421222,29.17268458065795,29.29118394059018,29.42261031493334,29.56787369904126,29.727998991295216,29.9041639253594,30.09773898799287,30.310317779251374
629.0,28.518806301600446,28.52225727497201,28.53264152409901,28.55005397102324,28.574652577574504,28.60665819811663,28.646354269930352,28.69408635303019,28.750261457411682,28.81534708389232,28.889869943568385,28.9744144722409,29.069621607730006,29.176188924433063,29.29487408194942,29.426504340678093,29.571994970814394,29.732377896065163,29.908838425683633,30.102753137537267,30.315717995557407
630.0,28.521138082850538,28.524596177275036,28.535001781720663,28.55244979414649,28.577098134722952,28.60916759472599,28.648941519192373,28.69676533454814,28.75304586163909,28.818250349281655,28.892905213840493,28.977594637744556,29.072959545286604,29.17969809432542,29.298569631969873,29.430404741896343,29.576123933882105,29.736765956114308,29.91352333715452,30.107778339137457,30.321128999273775
631.0,28.523474673587835,28.52693988728135,28.537366841627687,28.55485041021108,28.57954847078019,28.611681750000244,28.65153349826002,28.69944900554903,28.755834901919002,28.82115818752974,28.895944999121195,28.980779302031852,29.07630207299617,29.183212148232656,29.302270664655317,29.43431159002384,29.580260627596758,29.74116314966642,29.918218565004167,30.11281444201394,30.326550625952695
632.0,28.5258160726055,28.52928840376859,28.539736702532764,28.557255817765668,28.582003583972067,28.614200661654976,28.654130204227908,28.70213736270186,28.758628575401122,28.824070598453808,28.89898930588248,28.983968483913294,29.07964922777947,29.186731143331027,29.305977250941638,29.438224951338846,29.584405085946525,29.745569452299932,29.922924016724,30.117861302195966,30.331982719416725
633.0,28.528162278685674,28.531641725499238,28.542111363122213,28.559666015318548,28.584463472475505,28.61672432736859,28.65673163420994,28.704830402830677,28.761426879638783,28.826987582631446,28.90203814171273,28.987162203399528,29.083001047178737,29.190255135913752,29.309689458714498,29.442144887266117,29.588557338059406,29.749984837351562,29.927639602048473,30.12291878202981,30.337425131091678
634.0,28.53051329059671,28.533999851218113,28.544490822054456,28.56208100133792,28.586928134422035,28.619252744791048,28.65933778535539,28.707528122938204,28.76422981261336,28.82990914140681,28.905091515274183,28.990360481585967,29.086357569187726,29.193784181256763,29.313407352847666,29.446071454669042,29.592717408657474,29.75440927626392,29.93236523292541,30.127986749734422,30.342877719411952
635.0,28.53286910709061,28.536362779650137,28.546875077958752,28.56450077425258,28.58939756790179,28.62178591155313,28.66194865486521,28.710230520228315,28.76703737275527,28.832835276891085,28.908149436255425,28.993563340539588,29.089718832096874,29.197318333508754,29.31713099525738,29.45000470612861,29.596885318466267,29.75884273888541,29.937100823476474,30.133065078998985,30.348340349288435
636.0,28.535229726900667,28.538730509498276,28.549264129434224,28.566925332453003,28.591871770968083,28.624323825276264,28.66456424000836,28.712937592127357,28.769849558961557,28.835765991957725,28.911211915319967,28.99677080318898,29.093084874353,29.200857645602543,29.320860444969103,29.45394469020848,29.601061084584053,29.763285193729388,29.941846289950444,30.13815364861735,30.35381289163087
637.0,28.537595148739303,28.541103039441747,28.55165797504917,28.569354674292804,28.594350741642373,28.626866483582702,28.667184538138063,28.715649336303972,28.77266637061006,28.83870129023295,28.914278964052013,28.99998289321854,29.096455734432954,29.20440216918518,29.324595758193496,29.45789145170591,29.605244720815143,29.767736608198543,29.946601550671485,30.143252342155318,30.35929522291771
638.0,28.53996537129619,28.543480368134496,28.55405661334069,28.57178879809055,28.596834477919767,28.62941388410604,28.669809546707736,28.718365750687315,28.775487807570233,28.841641176082135,28.917350594900277,29.00319963496733,29.099831450730452,29.207951954564287,29.328336988409102,29.461845031888497,29.609436237970954,29.772196948779328,29.95136652598404,30.148361047646972,30.36478722480756
639.0,28.542340393236586,28.545862494203885,28.55646004281465,28.57422770213208,28.599322977774907,28.631966024501992,28.672439263286506,28.721086833483618,28.77831387021077,28.84458565459247,28.92042682112073,29.006421053333074,29.103212061455263,29.211507050668576,29.332084186449727,29.465805468717097,29.613635644142164,29.77666618121075,29.9561411381956,30.15347965731706,30.37028878378728
640.0,28.544720213199916,28.548249416249742,28.558868261945953,28.5766713846731,28.60181623916824,28.63452290245929,28.67507368557418,28.72381258319093,28.78114455940421,28.847534731552596,28.92350765671888,29.009647173681568,29.106597604543904,29.21506750502047,29.335837400594762,29.469772797055203,29.617842944944993,29.781144270630925,29.960925311518366,30.158608067326554,30.375799790852327
641.0,28.547104829798695,28.55064113284362,28.561281269179165,28.57911984394223,28.604314260052643,28.63708451571061,28.67771281141553,28.7265429986121,28.78397987652865,28.850488413429556,28.926593116392265,29.01287802176158,29.109988117580915,29.2186333637193,29.339596676661102,29.473747048865388,29.622058143744237,29.785631181704602,29.965718972010546,30.163746177539007,30.381320141215767
642.0,28.54949424161764,28.553037642528405,28.563699062929466,28.581573078144405,28.606817038380317,28.6396508620435,28.680356638813826,28.729278078865903,28.78681982346683,28.85344670734356,28.92968321547361,29.016113623625337,29.11338363773001,29.22220467143335,29.343362058095618,29.477728253393405,29.626281241855455,29.790126878734014,29.970522047517882,30.168893891305682,30.386849734042652
643.0,28.551888447213155,28.555438943818213,28.566121641583955,28.584031085464606,28.60932457210993,28.642221939311124,28.68300516594352,28.732017823396365,28.78966440260277,28.8564096210411,28.93277796987503,29.019354005554522,29.11678420167408,29.225781471399618,29.34713358606723,29.48171643734049,29.63051223872839,29.79463132575544,29.97533446761586,30.174051115267414,30.39238847220705
644.0,28.55428744511308,28.557845035198625,28.568549003503282,28.58649386407192,28.61183685921396,28.64479774544288,28.685658391162015,28.734762231980373,28.792513616816255,28.859377162866565,28.935877396033668,29.022599193991667,29.120189845563452,29.229363805429966,29.350911299558014,29.485711625024603,29.63475113211357,29.799144486623238,29.980156163552895,30.179217759171753,30.397936262069333
645.0,28.55669123381676,28.560255915127197,28.57098114702363,28.588961412123904,28.614353897686136,28.647378278454674,28.688316313020486,28.737511304733502,28.795367469475217,28.86234934173302,28.938981510858987,29.02584921547678,29.123600604971525,29.232951713922702,29.35469523545265,29.48971383853115,29.638997918213764,29.803666325083004,29.984987068194787,30.1843937357038,30.403493013271575
646.0,28.559099811795438,28.56267158203433,28.57341807045898,28.591433727771253,28.616875685548976,28.649963536458905,28.690978930273733,28.740265042114267,28.7982259644265,28.86532616709216,28.942090331681936,29.029104096589073,29.12701651485711,29.236545235878722,29.358485428625947,29.493723097853927,29.643252591821746,29.808196804835312,29.989827115970577,30.189578960329545,30.409058638549205
647.0,28.561513177492944,28.56509203432448,28.57585977210375,28.593910809162622,28.61940222086138,28.652553517674015,28.693646241888985,28.743023444926756,28.801089105984953,28.86830764890396,28.945203876206143,29.032363863893472,29.130437609532887,29.240144408921353,29.36228191202805,29.4977394210268,29.647515146445766,29.812735889591078,29.994676242819974,30.19477335115048,30.414633053557374
648.0,28.56393132932676,28.567517270377625,28.578306250235663,28.59639265444975,28.62193350172615,28.655148220433627,28.69631824705374,28.745786514321846,28.803956898921225,28.871293797606103,28.94832216246122,29.03562854389174,29.133863922639307,29.243749269319313,29.366084716767126,29.501762824246754,29.651785574423915,29.817283543119803,29.999534386142397,30.199976828768516,30.42021617671053
649.0,28.566354265689334,28.569947288551102,28.580757503118974,28.59887926179271,28.62446952629748,28.657747643195183,28.698994945182566,28.748554251797014,28.806829348448407,28.87428462408349,28.951445208758308,29.038898162977958,29.137295487123392,29.247359852012124,29.36989387218943,29.505793321988893,29.65606386702844,29.821839729291366,30.004401484747717,30.20518931616033,30.425807929033958
650.0,28.56878198494975,28.57238208718173,28.583213529007867,28.601370629365313,28.62701029278834,28.66035178454809,28.701676335922915,28.75132665919484,28.809706460207675,28.877280139638014,28.954573033647794,29.042172747398137,29.14073233522194,29.250976190637537,29.373709405956493,29.50983092711389,29.660350014560983,29.826404412112336,30.00927747880864,30.210410738560206,30.431408234026183
651.0,28.571214485455723,28.57482166458821,28.5856743261502,28.60386675536062,28.629555799477707,28.66296064322128,28.704362419159985,28.754103738700415,28.812588240253167,28.880280355958718,28.957705655879344,29.045452323213613,29.14417449844864,29.254598317560447,29.377531344119586,29.513875650968416,29.664644006439598,29.83097755575736,30.01416230981485,30.21564102335079,30.437017017531247
652.0,28.57365176553585,28.577266019073857,28.58813989279138,28.606367637996552,28.632106044717577,28.66557421809024,28.70705319502061,28.756885492837554,28.81547469503615,28.88328528509247,28.960843094364126,29.048736916268158,29.147622007584708,29.258226263903026,29.381359711191248,29.51792750347902,29.66894583127833,29.835559124596312,30.01905592052879,30.220880099960986,30.442634207619946
653.0,28.576093823502163,28.579715148929562,28.5906102271785,28.608873275521514,28.634661026939813,28.66819250818346,28.709748663876265,28.75967192446414,28.81836583138877,28.88629493941535,28.963985368139245,29.052026552158342,29.151074892672625,29.26186005957567,29.385194530214033,29.52198649323986,29.67325547696003,29.840149083217575,30.023958254943125,30.226127899770464,30.448259734479237
654.0,28.578540657653008,28.582169052437006,28.593085327564626,28.611383666220068,28.637220744662713,28.670815512688307,28.712448826345177,28.762463036766512,28.821261656507346,28.8893093316047,28.96713249633436,29.05532125620711,29.15453318301259,29.265499733308513,29.389035822826422,29.52605262759482,29.677572930703047,29.84474739644812,30.028869258239844,30.231384356020236,30.453893530309163
655.0,28.580992266276084,28.58462772787214,28.59556519221325,28.613898808418575,28.639785196497296,28.67344323095628,28.71515368329364,28.765258833253093,28.824162177935445,28.892328474612057,28.970284498140384,29.058621053440273,29.157996907161486,29.269145312683282,29.392883609325935,29.530125912714254,29.681898179122307,29.84935402937059,30.033788876750883,30.236649403728777,30.459535529226596
656.0,28.583448647651824,28.587091173508863,28.59804981940286,28.616418700490804,28.642354381153353,28.67607566250773,28.7178632358365,28.768059317747305,28.827067403546813,28.895352381636922,28.97344139278024,29.061925968565625,29.1614660929339,29.27279682416527,29.39673790872959,29.53420635366684,29.68623120828538,29.853968947337815,30.038717057920362,30.241922979613342,30.465185667175245
657.0,28.585909800056974,28.589559387622906,28.6005392074316,28.618943340863463,28.644928297445123,28.678712807035964,28.720577485336964,28.77086449437989,28.82997734152824,28.898381066101468,28.976603199481584,29.065236025954647,29.164940767405092,29.276454293135288,29.40059873883169,29.538293954486804,29.69057200376389,29.85859211598504,30.04365375026823,30.24720502201601,30.470843881841425
658.0,28.588375721768323,28.59203236849587,28.603033354622056,28.62147272802167,28.647506944296673,28.681354664410815,28.723296433405665,28.77367436758067,28.83289200036248,28.90141454162619,28.979769937451426,29.06855124962646,29.168420956915554,29.28011774392141,29.4044661162591,29.5423887182369,29.694920550680706,29.863223501240213,30.048598903355412,30.252495470834084,30.47651011257517
659.0,28.590846411066696,28.594510114419446,28.60553225932606,28.624006860514267,28.65009032074697,28.684001234681638,28.726020081899104,28.7764889420699,28.835811388811248,28.904452822006512,28.982941625852558,29.071871663233882,29.17190668707705,29.283787199830456,29.408340056523997,29.546490647067372,29.69927683375334,29.867863069332397,30.0535524677503,30.257794267454603,30.482184300316167
660.0,28.593321866241062,28.59699262369975,28.60803591992953,28.62654573695905,28.652678425954523,28.686652518079793,28.728748432917527,28.779308222849163,28.838735515898378,28.907495921190414,28.986118283781728,29.075197290051534,29.175397982779863,29.28746268317904,29.41222057407429,29.550599742271213,29.703640837333793,29.872510786798724,30.0585143949966,30.26310135469261,30.487866387524218
661.0,28.595802085592794,28.599479894661776,28.610544334857337,28.629089356047803,28.655271259201815,28.68930851502057,28.73148148880219,28.78213221519204,28.841664390893293,28.91054385325702,28.98929993024946,29.078528152965582,29.178894868201112,29.291144215324174,29.41610768234172,29.554716004335944,29.70801254544521,29.877166620488463,30.06348463344624,30.268415466908674,30.49348244276196
662.0,28.598287067440083,28.601971925653928,28.613057502578158,28.63163771655123,28.65786881989923,28.69196922610469,28.73421925213221,28.78496092463445,28.844598023294658,28.91359663239617,28.99248658416145,29.08186427446529,29.182397366813994,29.294831816693286,29.42000139378778,29.55883943299213,29.712391941781004,29.881830531389262,30.068462675688053,30.273724115687436,30.49900877543043
663.0,28.60077681012239,28.604468715052636,28.61557542160929,28.634190817323603,28.660471107588762,28.694634652119248,28.736961725720892,28.787794356964845,28.847536422814397,28.916654272888998,28.995678264301453,29.085205676635926,29.185905501397816,29.2985255068137,29.423901719947224,29.562970027223738,29.716779006961442,29.88650236728297,30.073446209154827,30.279016604034037,30.50448555619023
664.0,28.60327131200501,28.606970261266984,28.618098090521418,28.636748657307336,28.66307812194729,28.69730479403827,28.739708912611672,28.79063251821422,28.85047959936207,28.91971678908942,28.99887498931556,29.08855238115318,29.18941929404864,29.302225304341174,29.42780867145245,29.56710778444957,29.721173695640836,29.891181629579723,30.07843202706949,30.284290439310514,30.509925599971652
665.0,28.605770571483713,28.609476562743392,28.620625507943295,28.63931123553727,28.665689862789524,28.699979653022794,28.742460816073702,28.793475414646068,28.853427563029626,28.922784195406646,29.002076777697845,29.091904409278694,29.192938766190398,29.305931227081718,29.43172225784178,29.571252695633405,29.72557588792448,29.89586745395459,30.0834174175415,30.28954584246711,30.515335725603812
666.0,28.608274586989364,28.6119876179703,28.623157672566403,28.641878551144774,28.668306330070646,28.702659230420576,28.745217439597067,28.796323052746256,28.856380324076568,28.92585650628852,29.005283647777233,29.095261781856824,29.196463938584532,29.30964329196015,29.435642486502196,29.575404734279918,29.729985354909704,29.90055878960122,30.088400439535757,30.294783754330687,30.52072036915612
667.0,28.610783356992613,28.61450342548279,28.62569458314941,28.644450603361637,28.670927523888583,28.70534352776541,28.747978786887785,28.799175439212906,28.859337892915548,28.928933736205867,29.008495617705556,29.09862451931178,29.19999483132735,29.31336151479586,29.43956936009809,29.57956384367971,29.73440176134652,29.90525456771831,30.093379782089098,30.300005262708154,30.5260827160739
668.0,28.6132968800085,28.617023983867252,28.628236238522618,28.647027391523714,28.67355344448594,28.70803254677608,28.75074486186248,28.80203258094627,28.862300280098406,28.93201589963762,29.011712705446563,29.101992641642752,29.203531463803362,29.317085909699795,29.443502872741178,29.583729928463594,29.738824692647643,29.909953796570726,30.098354582940885,30.30521142925181,30.531425195075073
669.0,28.615815154601144,28.619549291765903,28.63078263759221,28.649608915074356,28.676184092251678,28.71072628935499,28.753515668642866,28.804894485038734,28.86526749630267,28.93510301105681,29.014934928765253,29.10536616840932,29.207073854543825,29.32081648801469,29.447443005968545,29.587902852763463,29.743253687732842,29.914655599907515,30.10332428838276,30.310403238244355,30.536749735027136
670.0,28.61833817938827,28.622079347881307,28.63333377934436,28.652195173567605,28.678819467722423,28.713424757586456,28.756291211550064,28.807761158764794,28.86823955231849,28.938195084917194,29.01816230521559,29.108745118693697,29.210622020944758,29.3245532569114,29.45138972559688,29.592082443805424,29.747688267447124,29.919359224073315,30.108288556085114,30.315581585995755,30.54205791402263
671.0,28.62086595304577,28.624614150980786,28.635889662849237,28.65478616667114,28.681459571583478,28.716127953734777,28.759071495098734,28.81063260957126,28.871216459035992,28.941292135640026,29.021394852123155,29.112129511023074,29.214175978831594,29.32829621788179,29.455342980007764,29.59626849859953,29.752127955484895,29.924064030605617,30.113247189405357,30.320747284177582,30.54735105276185
672.0,28.623398474312115,28.627153699900727,28.638450287264824,28.657381894169013,28.684104404669625,28.718835880241965,28.761856523991092,28.813508845067496,28.874198227433,28.944394177600042,29.024632586557203,29.115519363238565,29.217735741899283,29.33204536537832,29.45930269989561,29.60046079169197,29.756572292244062,29.92876948333875,30.11820009293448,30.325901067571404,30.552630276471724
673.0,28.62593574199273,28.629697993550778,28.641015651840544,28.659982355964132,28.68675396796555,28.721548539725298,28.764646303110826,28.816389873015805,28.877184868562743,28.947501225109086,29.027875525286426,29.11891469230613,29.22130132108659,29.33580068577818,29.463268799200122,29.604659082668775,29.761020843144188,29.933475134377595,30.12314724210998,30.33104360268323,30.557896557816242
674.0,28.628477754964234,28.63224703091791,28.643585755920764,28.66258755208052,28.689408262606094,28.724265934974593,28.7674408375169,28.819275701321885,28.880176393541234,28.950613292395236,29.031123684713425,29.12231551407529,29.224872723952885,29.33956215675428,29.467241176842812,29.60886312273998,29.765473202994908,29.938180610858883,30.12808866217489,30.336175495919186,30.563150747705063
675.0,28.631024512178538,28.634800811070356,28.64616059894805,28.665197482665345,28.692067289876192,28.72698806894933,28.770240132437344,28.822166338025234,28.883172813533577,28.953730393575157,29.034377080785365,29.12572184300046,29.228449954117778,29.343329747055137,29.471219718910707,29.613072660162203,29.76992899770675,29.942885603214666,30.133024413416575,30.34129730089863,30.568393598064674
676.0,28.63357601266688,28.637359333161417,28.648740180466316,28.6678121479907,28.694731051210603,28.729714944775548,28.773044193262844,28.825061791289304,28.886174139738348,28.956852542617614,29.03763572888142,29.129133691844626,29.232033010806678,29.34710341664412,29.47520430100642,29.617287444501354,29.774387884296132,29.94758985509091,30.137954580684223,30.346409524830143,30.573625779082374
677.0,28.636132255543636,28.63992259643306,28.651324500123703,28.670431548455202,28.697399548193413,28.732446565742592,28.77585302554029,28.82796206939114,28.889180383369084,28.95997975329677,29.0408996436803,29.132551071385866,29.235621888525746,29.35088311712395,29.479194790568684,29.62150722985471,29.77884954984809,29.95229315483023,30.142879265864025,30.351512634009513,30.57884789253629
678.0,28.638693240010063,28.64249060021942,28.653913557675324,28.673055684585325,28.700072782557307,28.73518293529965,28.77866663496605,28.830867180710115,28.892191555631964,28.963112039134817,29.044168839013594,29.135973990145004,29.23921657687254,29.35466879236711,29.483191049040656,29.62573177719475,29.783313709884094,29.95699532833739,30.14779858242764,30.356607058542107,30.58406048228384
679.0,28.641258965357817,28.645063343950078,28.65650735298579,28.67568455703655,28.702750756182642,28.737924057052126,28.781485027378928,28.833777133715355,28.895207667698926,28.966249413334374,29.04744332771162,29.139402454148566,29.24281706047586,29.358460379279276,29.487192933819053,29.62996085600035,29.787780106428535,29.961696233126197,30.1527126514529,30.361693196398438,30.589264042642387
680.0,28.64382943097233,28.647640827153197,28.659105886031544,28.678318166594295,28.705433471096306,28.740669934757765,28.784308208752602,28.836691936951397,28.89822873067577,28.969391888702205,29.05072312144893,29.142836466736334,29.246423319050205,29.362257808634283,29.49120029995604,29.63419424532551,29.792248505962068,29.96639575335789,30.157621598702686,30.36677141690366,30.594459025176704
681.0,28.64640463633602,28.650223049458468,28.661709156903004,28.680956514174618,28.708120929470372,28.743420572322492,28.7871361851874,28.839611599021758,28.901254755565116,28.972539477566233,29.054008230595926,29.146276028418498,29.25003532754611,29.366061005932735,29.49521300161116,29.63843173443391,29.796718697378815,29.97109379570341,30.162525552472374,30.371842063749064,30.599645844262092
682.0,28.64898458103134,28.652810010599868,28.664317165806484,28.68359960082475,28.710813133620487,28.746175973795967,28.789968962901177,28.84253612857002,28.90428575322442,28.97569219168845,29.057298664082193,29.14972113678329,29.253653056376244,29.36986989224853,29.49923089326567,29.642673123104277,29.80119049001752,29.975790285887243,30.16742464200104,30.376905457600383,30.604824881692835
683.0,28.651569264743603,28.655401710418253,28.66692991306595,28.686247427723362,28.713510086004085,28.74893614336664,28.792806548219126,28.845465534258302,28.90732173431965,28.97885004217633,29.060594429275717,29.153171786453306,29.257276471698,29.37368438503864,29.50325383072003,29.646918221690868,29.805663711805764,29.980485165793976,30.172318996299637,30.381961898365695,30.609996490536403
684.0,28.654158687263664,28.657998148863726,28.669547399124575,28.68889999618068,28.716211789218256,28.75170108535634,28.795648947562306,28.84839982474302,28.910362709275336,28.98201303939543,29.063895531881027,29.156627969086564,29.260905535735102,29.377504398899948,29.507281671898753,29.6511668510052,29.8101382075366,29.98517839103965,30.177208743289864,30.38701166717521,30.615160998384667
685.0,28.65675284849038,28.660599325997847,28.67216962454606,28.69155730763831,28.718918245997354,28.75447080421421,28.79849616743478,28.851339008648058,28.913408688222145,28.98518119288546,29.067201975857813,29.160089673417083,29.264540207123204,29.381329846263878,29.51131427748767,29.655418842070414,29.81461383728435,29.98986992892743,30.182094009176023,30.392055028116356,30.620318710117942
686.0,28.659351748432922,28.663205241995648,28.674796590015788,28.69421936366889,28.721629459210206,28.757245304509944,28.801348214409245,28.85428309453548,28.916459680942815,28.988354511281955,29.070513763360715,29.163556885329218,29.26818044126694,29.38516063802448,29.51535151142755,29.65967403578768,29.819090474958557,29.994559756721852,30.186974917992444,30.39709222976043,30.625469910271665
687.0,28.66195538721285,28.66581589714742,28.67742829634173,28.69688616597541,28.72434543185695,28.760024590926214,28.80420509511112,28.857232090874138,28.919515696817815,28.991533002245074,29.07383089469995,29.16702958795986,29.271826190698555,29.388996684099258,29.519393241286206,29.66393228254469,29.82356800699042,29.999247860187715,30.191851591283864,30.402123506510815,30.630614865075934
688.0,28.66456376506603,28.668431291860333,28.68006474445517,28.699557716390327,28.72706616706538,28.762808668250212,28.80706681620111,28.860186006006654,28.922576744771657,28.99471667239681,29.077153368321753,29.170507761822705,29.275477405430255,29.392837893924344,29.523439338528867,29.668193441788624,29.82804633114362,30.003934232349497,30.196724147886613,30.407149079798085,30.63575382422368
689.0,28.667176882344325,28.67105142665984,28.682705935411168,28.70223401687431,28.729791668086776,28.76559754136425,28.809933384356306,28.86314484811506,28.925642833220884,28.997905527267324,29.08048118080728,29.173991384949293,29.279134033294667,29.396684176887526,29.52748967870409,29.672457381580656,29.832525355440193,30.008618872435182,30.201592703786584,30.41216915914293,30.640887022412073
690.0,28.669794739517116,28.673676302190877,28.685351870388796,28.704915069514662,28.732521938291196,28.7683912152354,28.812804806249947,28.866108625185745,28.928713970024592,29.001099571250947,29.0838143268881,29.177480433042124,29.28279602026916,29.400535442703223,29.53154414156024,29.676723978144175,29.83700499719161,30.01330178497455,30.206457372035512,30.417183943104803,30.646014680692968
691.0,28.672417337172554,28.676305919218834,28.68800255069112,28.707600876523415,28.735256981162152,28.771189694904162,28.81568108853002,28.869077344974137,28.931790162438272,29.004298807571825,29.08715279947642,29.180974879635578,29.286463310781365,29.404391601734314,29.535602611105336,29.680993115415838,29.8414851821256,30.01798297902759,30.211318262711575,30.422193620131228,30.651137007661713
692.0,28.675044676018697,28.67894027863029,28.690657977744873,28.710291440234965,28.737996800290624,28.77399298547217,28.81856223779691,28.87205101496966,28.934871417071477,29.007503238259183,29.090496589707957,29.18447469626112,29.29013584799412,29.408252565265716,29.539664975621108,29.68526468460583,29.845965843599426,30.02266246752245,30.21617548291365,30.427198369320436,30.656254200508265
693.0,28.677676756884303,28.68157938143355,28.693318153099877,28.712986763103306,28.740741399368442,28.77680109208901,28.821448260580237,28.875029642361323,28.937957739849836,29.010712864131783,29.093845686995543,29.18797985261381,29.293813574069123,29.412118245734625,29.543731127640356,29.68953858377176,29.850446921891177,30.02734026668634,30.22102913678081,30.43219836110825,30.66136644595026
694.0,28.680313580719492,28.684223228758874,28.695983078428114,28.715686847698812,28.74349078218097,28.77961401993817,28.82433916331529,28.878013234004538,28.941049135981622,29.01392768479106,29.097200079091518,29.191490316717644,29.29749643040901,29.415988556922148,29.54780096389535,29.69381471740914,29.854928363561072,30.032016395555083,30.225879325530794,30.437193757888345,30.66647392106456
695.0,28.68295514859608,28.686871821858485,28.698652755522456,28.71839169670452,28.74624495259913,28.7824317742223,28.827234952319117,28.88100179638934,28.944145609929176,29.017147698622313,29.1005597521572,29.19500605508778,29.301184357878242,29.419863414110722,29.551874385243476,29.69809299606034,29.859410120875676,30.03669087554982,30.230726147512385,30.442184714573916,30.671576794030887
696.0,28.685601461707726,28.68952516210626,28.701327186295085,28.72110131291194,28.74900391457077,28.78525436014772,28.83013563376663,28.883995335610464,28.9472471653851,29.02037290280326,29.10392469083771,29.198527032888105,29.30487729700341,29.423742734211476,29.55595129657554,29.70237333594297,29.86389215128854,30.041363730110866,30.23556969826797,30.447171379107488,30.67667522479913
697.0,28.688252521369748,28.692183250997143,28.70400637277545,28.72381569921635,28.751767672111395,28.788081782908524,28.83304121366694,28.886993857339473,28.950353805253293,29.023603293319187,29.10729487834079,29.202053214082987,29.30857518815388,29.4276264358652,29.560031606710925,29.70665565859814,29.86837441697129,30.046034984380626,30.240410070603172,30.452153892924787,30.68176936569006
698.0,28.690908329018644,28.694846090146225,28.706690317107906,28.726534858611547,28.75453622929431,28.79091404767016,28.83595169784012,28.88999736679919,28.953465531634684,29.026838864983965,29.110670296518254,29.20558456158234,29.312277971703853,29.431514439520402,29.56411522828329,29.71093989055853,29.87285688439008,30.050704664928436,30.24524735466138,30.45713239137778,30.68685936193754
699.0,28.69356888621136,28.697513681287486,28.709379021548905,28.729258794184133,28.7573095902402,28.79375115955282,28.838867091894596,28.893005868740495,28.956582345817484,29.03007961146614,29.114050925948963,29.209121037379425,29.31598558817698,29.435406667491417,29.568202077619624,29.715225963035945,29.8773395239226,30.055372799511627,30.250081638001255,30.462107004121346,30.69194535217958
700.0,28.69623419462415,28.700186026272217,28.712072488463768,28.73198750910726,28.76008775910624,28.796593123614638,28.841787401205398,28.896019367421687,28.959704248271695,29.033325525319405,29.11743674602236,29.212662602681036,29.319697978374744,29.439303043999313,29.57229207461511,29.71951381162772,29.881822309511413,30.060039416867717,30.25491300567588,30.467077855467338,30.697027468903958
701.0,28.69890425605118,28.70286312706701,28.71477072032304,28.73472100663389,28.76287074007478,28.799439944834862,28.84471263089336,28.89903786659038,28.962831238647667,29.036576598016772,29.120827735021734,29.21620921802983,29.32341508348986,29.443203495198027,29.576385142605602,29.72380337604135,29.886305218350017,30.06470454653351,30.259741540312497,30.47204506470957,30.70210583885381
702.0,28.701579072402676,28.70554498575144,28.71747371969837,28.737459290089607,28.765658537341643,28.802291628097144,28.84764278580542,28.902061369467997,28.965963315778392,29.03983281998775,29.124223870206468,29.21976084341884,29.32713684520581,29.447107949187853,29.580481208239362,29.72809459983643,29.89078823059815,30.069368218687504,30.264567322191947,30.477008746422555,30.707180583397527
703.0,28.704258645702794,28.7082316045153,28.720181489258014,28.740202362864963,28.768451155104145,28.805148178173056,28.8505778704962,28.905089878736824,28.96910047768517,29.043094180657953,29.127625127892795,29.223317438398112,29.3308632057838,29.451016336018117,29.584580201349205,29.732387430183035,29.89527132912344,30.074030464012537,30.2693904293273,30.48196901073672,30.71225181886708
704.0,28.706942978087003,28.71092298565546,28.722894031761868,28.742950228407423,28.771248597548933,28.808009599705912,28.85351788921084,28.908123396529554,28.972242721586472,29.046360668490628,29.131031483532507,29.226878962173764,29.3345941081381,29.454928587680765,29.588682054826055,29.73668181763575,29.89975449926667,30.078691313575977,30.274210937541053,30.48692596359229,30.717319656867787
705.0,28.70963207179917,28.713619131572283,28.72561135005607,28.745702890212943,28.77405086883964,28.810875897195032,28.856462845869224,28.911161924421286,28.975390043909492,29.049632271029566,29.13444291178928,29.230445373699574,29.33832949590093,29.45884463809624,29.59278670449465,29.740977715922288,29.904237728628406,30.08335079872523,30.2790289205407,30.491879706974014,30.722384204562868
706.0,28.712325929188175,28.716320044765695,28.728333447067225,28.748460351817183,28.776857973104484,28.81374707498053,28.859412744051678,28.914205463423777,28.978542440304274,29.052908974942905,29.13785938661237,29.234016631761442,29.342069313477833,29.462764423092935,29.596894088992002,29.74527508174596,29.908721006874764,30.0880089509966,30.283844449992326,30.49683033912835,30.727445564935092
707.0,28.715024552704143,28.719025727830775,28.731060325796214,28.751222616786453,28.779669914423884,28.816623137228664,28.86236758698601,28.917254013982003,28.98169990565999,29.05619076606757,29.14128088130739,29.237592695054985,29.345813506094466,29.46668788038132,29.60100414964899,29.74957387460103,29.913204325560482,30.092665802035782,30.288657595592074,30.501777954764954,30.73250383702794
708.0,28.71772794489425,28.721736183452975,28.733791989311612,28.7539896887084,28.782486696818125,28.81950408791789,28.865327377536083,28.920307575972746,28.98486243412308,29.05947762945384,29.144707368604085,29.241173522256645,29.349562019835613,29.470614949523693,29.605116830375497,29.75387405660022,29.917687677967603,30.09732138352857,30.2934684251354,30.506722645243627,30.737559116168228
709.0,28.720436108398133,28.72445141440296,28.73652844074279,28.75676157118251,28.785308324235174,28.822389930825587,28.868292118191814,28.923366148705146,28.988030019117108,29.06276954940987,29.148138820720963,29.244759072088616,29.35331480167731,29.4745455719004,29.609232077549173,29.75817559231348,29.922171058958284,30.10197572714049,30.298277004584023,30.511664498748278,30.742611494171953
710.0,28.723149045942932,28.72717142353099,28.73926968327266,28.7595382678104,28.788134800538693,28.82528066951561,28.87126181106058,28.926429730923076,28.991202653363878,29.06606650954582,29.15157520942677,29.248349303377942,29.35707179951269,29.478479690673172,29.613349839908135,29.762478448617312,29.92665446484032,30.106628864464295,30.303083398130497,30.516603600448818,30.747661059535048
711.0,28.725866760337862,28.729896213761005,28.74201572013013,28.762319782186044,28.79096612949629,28.82817630732656,28.87423645786005,28.929498320809188,28.994380328905763,29.0693684928174,29.15501650609877,29.251944175110168,29.360832962172246,29.482417250746273,29.617470068447542,29.76678259455401,29.931137893244227,30.11128082697429,30.307887668260513,30.52154003265211,30.752707897610208
712.0,28.728589254468478,28.732625788084317,28.74476655458228,28.76510611788594,28.79380231476807,28.831076847360958,28.87721605991234,28.93257191599047,28.9975630371289,29.072675481568673,29.158462681777813,29.255543646477886,29.364598239439182,29.48635819872598,29.621592716320173,29.771088001200003,29.93562134301084,30.11593164598676,30.312689875812854,30.526473874942933,30.757752090771266
713.0,28.731316531290553,28.73536014955296,28.747522189926336,28.767897278459195,28.796643359895555,28.833982292475202,28.88020061813947,28.935650513545244,29.000750768787125,29.07598745757387,29.161913707220332,29.259147676924457,29.36836758206029,29.49030248287878,29.625717738740924,29.775394641542825,29.940104814088322,30.120581352625706,30.31749008003703,30.53140520431567,30.762793718566122
714.0,28.7340485938236,28.73809930127275,28.750282629481386,28.77069326741768,28.799489268290966,28.83689264527043,28.883190133060108,28.938734110011364,29.003943514026414,29.079304402078222,29.16536955294722,29.262756226183317,29.372140941752942,29.494250053088738,29.629845092895273,29.779702490365995,29.944588307437865,30.12522997779326,30.322288338648736,30.536334095297597,30.76783285785917
715.0,28.736785445144086,28.740843246396043,28.753047876579956,28.773494088226244,28.80234004322693,28.839807908084204,28.886184604787452,28.94182270139556,29.007141262409657,29.08262629583754,29.168830189289725,29.26636925431314,29.375918271208587,29.498200860814404,29.63397473785151,29.784011524141402,29.94907182494718,30.129877552144244,30.327084707883103,30.541260620064335,30.772869582964212
716.0,28.73952708837834,28.743591988114208,28.755817934559445,28.776299744292967,28.80519568782664,28.842728082983022,28.88918403302829,28.944916283183794,29.010344002941686,29.085953119156617,29.172295586432462,29.26998672172915,29.37969952409321,29.50215485904539,29.63810663447682,29.78832172092851,29.953555369351122,30.134524106064365,30.33187924254582,30.54618484854816,30.77790396576861
717.0,28.742273526695183,28.746345529649915,28.758592806753448,28.779110238959635,28.80805620505448,28.845653171755764,28.89218841708305,28.94801485035244,29.013551724094334,29.089284851926276,29.175765714453593,29.273608589230907,29.383484655045077,29.506112002259048,29.64224074535698,29.792633060280092,29.958038944158844,30.13916966965166,30.336671996062243,30.551106848539693,30.78293607584935
718.0,28.74502476329833,28.74910387424919,28.761372496483038,28.781925575492316,28.810921597707168,28.84858317590783,28.89519775584691,28.951118397380284,29.01676441383148,29.0926214736591,29.17924054336235,29.277234818026795,29.38727361967016,29.5100722463773,29.646377034719603,29.79694552315391,29.962522553586815,30.14381427270075,30.341463020524504,30.55602668578344,30.787965980581784
719.0,28.74778080141855,28.751867025173283,28.76415700704794,28.784745757072155,28.813791868405353,28.851518096656196,28.898212047811803,28.954226918261114,29.019982059633875,29.095962963523746,29.182720043133923,29.2808653697555,29.391066374535473,29.51403554872387,29.650515468360854,29.801259091829987,29.967006202497263,30.148457944689603,30.346252366736714,30.560944424067717,30.7929937452415
720.0,28.75054164430565,28.754634985690434,28.766946341717787,28.787570786786386,28.81666701958579,28.8544579349252,28.901231291069234,28.9573404065169,29.023204648523816,29.099309300377872,29.18620418374193,29.284500206504692,29.394862877160612,29.518001867982033,29.654656013575458,29.80557374983311,29.97148989634155,30.153100714768563,30.35104008425835,30.565860125309282,30.798019433099963
721.0,28.753307295220306,28.757407759067465,28.76974050372333,28.7904006676196,28.81954705349401,28.857402691343076,28.904255483313978,28.960458855211396,29.026432167089414,29.10266046279965,29.189692935188503,29.28813929082716,29.39866308600781,29.521971164152976,29.658798639089877,29.80988948186015,29.975973641108038,30.157742611752003,30.35582622358577,30.570774475549158,30.803081325748483
722.0,28.75607775742575,28.760185348561365,28.772539496247752,28.793235402445298,28.822431972177487,28.860352366239233,28.9072846218484,28.963582256964134,29.029664601508493,29.106016429117908,29.19318626753215,29.291782585754607,29.402466960470598,29.52594339851491,29.66294331499861,29.81420627371197,29.98045744329199,30.162383667307356,30.360611070319614,30.575693966019905,30.808191711013347
723.0,28.75885303417939,28.762967757410763,28.775343322418053,28.796074994017705,28.825321777479424,28.86330695964224,28.9103187035875,28.966710603964664,29.032901937572035,29.109377177440805,29.196684150913462,29.295430054809273,29.40627446086136,29.529918533582986,29.667090012703497,29.81852411224768,29.984941311286736,30.16702397148668,30.365395843311795,30.5806241601507,30.813329836329117
724.0,28.761633128724323,28.765754988827418,28.778151985296514,28.798919444963946,28.82821647103295,28.866266471278443,28.913357725064532,28.969843887987036,29.036144160707124,29.112742685683227,29.200186555578895,29.299081662013613,29.41008554839795,29.53389653307014,29.671238704864773,29.822842985770265,29.98942526720155,30.171663793354405,30.370182223400022,30.585566375805158,30.818489100908483
725.0,28.76441804428086,28.768547045987685,28.780965487872347,28.80176875777647,28.83111605425592,28.86923090057121,28.91640168243713,28.972982100404412,29.039391255999295,29.116112931592777,29.203693451902506,29.302737371898154,29.413900185189537,29.537877361852086,29.675389365465552,29.827162886520824,29.99390937197262,30.176303591002675,30.374971634764982,30.590520526030986,30.823666005144766
726.0,28.767207784038007,28.771343932024074,28.783783833053477,28.804622934805863,28.834020528346173,28.872200246640826,28.919450571493964,28.97612523220375,29.042643208214376,29.119487892774433,29.207204810406054,29.306397149507777,29.417718334222773,29.541860985960383,29.67954197032575,29.831483816338253,29.998393743168663,30.1809439188107,30.379765102175618,30.59548615056612,30.828858281251005
727.0,28.770002351144985,28.77414565001679,28.78660702365849,28.807481978254025,28.836929894277336,28.875174508304866,28.922504387661775,28.9792732740005,29.04590000181966,29.122867546713994,29.2107206017773,29.310060960406748,29.421539959353982,29.545847372675837,29.68369649840084,29.835805793226776,30.00287855359391,30.18558534027519,30.384563323844958,30.600462712268484,30.83406430757616
728.0,28.77280174870282,28.776952202985452,28.78943506240883,28.810345890167614,28.83984415279509,28.878153684079155,28.92556312601278,28.982426216053298,29.049161621004476,29.126251870800182,29.21424079688686,29.31372877068396,29.42536502532382,29.549836490818503,29.68785293373331,29.84012885569588,30.007364017295306,30.190228378828717,30.38936676528278,30.60544968672259,30.839282853119204
729.0,28.77560597975596,28.77976359388087,28.792267951921165,28.81321467243194,28.842763304413904,28.881137772179205,28.92862678127245,28.985584048278557,29.052428049700104,29.129640842345633,29.21776536680389,29.317400546962435,29.42919349782076,29.553828311274614,29.692011267504846,29.84445306368409,30.011850372552626,30.19487349796351,30.39417573182226,30.610446588767914,30.84451294466591
730.0,28.778415047284053,28.782579825576963,28.7951056947,28.816088326765172,28.845687349414245,28.884126770522077,28.931695347827503,28.98874676026496,29.05569927159903,29.13303443860676,29.22129428281175,29.32107625642006,29.43302534361711,29.55782280770203,29.696171499636495,29.84877849667386,30.016337867159848,30.199521097552466,30.398990418911435,30.61545297801467,30.849753789696138
731.0,28.781228954193814,28.785400900862886,28.797948293130574,28.818966854712926,28.84861628784024,28.887120676728742,28.93476881973416,28.991914341287792,29.058975270173566,29.136432636802834,29.224827516425446,29.32475586683033,29.436860530784276,29.561819957289813,29.700333639649767,29.853105250206017,30.020826747584874,30.204171517679576,30.403810946116508,30.620468457147325,30.855004728102603
732.0,28.784047703311042,28.788226822435263,28.80079574947198,28.821850257643202,28.851550119497762,28.890119488126743,28.937847190726586,28.995086780323096,29.062256028693913,29.13983541413476,29.228365039413713,29.328439346630116,29.440699028972354,29.56581974144254,29.704497706772194,29.85743343184592,30.02531725178808,30.208825045312658,30.40863738013657,30.625492667943046,30.860265200186202
733.0,28.786871297372837,28.791057592890677,28.803648065850567,28.82473853674169,28.85448884395291,28.89312320175328,28.94093045422549,28.998264066061648,29.065541530245717,29.143242747804443,29.231906823828865,29.332126665016954,29.444540809723755,29.5698221462973,29.708663729431258,29.86176315727953,30.029809604906056,30.213481921561133,30.413469750540354,30.63052528684077,30.865534724483997
734.0,28.789699739019955,28.79389321471835,28.806505244253625,28.82763169300744,28.85743246053092,28.8961318143586,28.94401860334685,29.001446186922713,29.068831757747432,29.146654615035782,29.23545284204691,29.33581779207283,29.44838584678552,29.5738271630308,29.712831744333382,29.86609454688647,30.0343040169797,30.218142348526573,30.418308060667,30.635566020735936,30.870812881856857
735.0,28.792533030789418,28.79673369029305,28.80936728652338,28.830529727248894,28.860380968315415,28.899145322409723,28.947111630910733,29.00463313106773,29.07212669396779,29.15007099309863,29.23900306681936,29.3395126989069,29.452234116389157,29.5778347879555,29.717001795312672,29.870427722915238,30.03880068205807,30.222806495376286,30.423152295277415,30.640614603220417,30.876099303733945
736.0,28.795371175107327,28.799579021868254,28.812234194351255,28.833432640080247,28.863334366148056,28.902163722094386,28.95020952945021,29.007824886413875,29.07542632154389,29.15349185933666,29.242557471336493,29.343211357806965,29.456085597475706,29.581845022430418,29.721173932094498,29.874762807259607,30.0432997781857,30.227474503560792,30.42800242599133,30.645670791306024,30.881393663215505
737.0,28.798214174281885,28.802429211569542,28.815105969272444,28.83634043191817,28.8662926526285,28.90518700932528,28.953312291220357,29.011021440647745,29.078730623000357,29.156917191199998,29.246116029300268,29.346913742389102,29.459940271853988,29.58585787262493,29.725348209075392,29.87909991977437,30.047801467929762,30.232146491222217,30.432858415193742,30.65073436260135,30.88669566819946
738.0,28.801062030496702,28.805284261388294,28.817982612660806,28.839253102978873,28.869255826114713,28.908215179744563,28.956419908207412,29.014222781239354,29.08203958077004,29.16034696628283,29.249678715004126,29.350619827736097,29.46379812428865,29.58987334917656,29.729524684182515,29.88343917704652,30.05230589921579,30.236822556887457,30.437720218868133,30.6558051128888,30.892005055976956
739.0,28.803914745804367,28.808144173175616,28.82086412572404,28.84217065327549,28.87222388472357,28.911248228728514,28.95953237213805,29.017428895456522,29.085353177216742,29.163781162365783,29.253245503416164,29.354329590517317,29.467659142521583,29.59389146678051,29.73370341784745,29.887780691535976,30.056813206319898,30.241502782550185,30.44258778866756,30.660882854045713,30.897321588917325
740.0,28.80677232212023,28.81100894863658,28.82375050949918,28.845093082615797,28.875196826331788,28.914286151392506,28.96264967448891,29.020639770380058,29.08867139466013,29.167219757462306,29.25681637026204,29.35804300908528,29.471523317234062,29.597912243742687,29.737884472108664,29.89212457100817,30.061323510920165,30.246187236240075,30.447461073437797,30.66596741225747,30.90264505097645
741.0,28.809634761216536,28.813878589324748,28.826641764848404,28.848020390600247,28.87817464857711,28.91732894259616,28.96577180649649,29.02385539291977,29.091994215402895,29.17066272986806,29.260391292104252,29.361760063546356,29.475390641959507,29.60193570152105,29.742067909844096,29.896470918192083,30.06583692314652,30.250875974165798,30.45234002034245,30.671058626477063,30.907975244837463
742.0,28.81250206471678,28.81675309663694,28.829537892455136,28.850952576620294,28.881157348859833,28.920376596948824,28.96889875916737,29.02707574983159,29.0953216217602,29.174110058212,29.263970246415038,29.365480735805164,29.479261112957136,29.605961864273624,29.746253794127362,29.900819830609297,30.070353542592922,30.25556904250549,30.45722457569591,30.67615634709248,30.913311989544624
743.0,28.8153742340904,28.819632471808383,28.832438892820466,28.85388963985708,28.884144924344536,28.923429108815295,28.972030523289018,29.03030082773578,29.098653596090923,29.17756172150777,29.26755321164064,29.36920500958362,29.483134729056562,29.609990758426093,29.750442187696923,29.905171400530506,30.074873459271505,30.260266478906164,30.462114685580232,30.681260434769467,30.91865511852654
744.0,28.81825127064769,28.82251671590807,28.83534476625988,28.856831579280342,28.8871373719622,28.92648647232192,28.975167089441147,29.03353061313638,29.10199012083048,29.181017699204144,29.271140167255446,29.372932870416697,29.487011491482345,29.61402241226718,29.754633152525486,29.909525715025133,30.079396754498646,30.264968313742642,30.467010296300877,30.68637075944264,30.924004477930534
745.0,28.82113317553512,28.82540582983446,28.838255512900254,28.859778393647698,28.890134688412545,28.929548681363023,28.978308448007756,29.036765092441776,29.105331178524622,29.184477971233235,29.27473109380527,29.376664305627664,29.49089140366635,29.618056855576707,29.75882674947683,29.913882856077485,30.08392350170943,30.26967457117775,30.471911354721524,30.69148719943255,30.929359925208374
746.0,28.824019949730836,28.828299814311496,28.84117113267721,28.86273008150417,28.89313687016675,28.932615729607814,28.981454589189813,29.040004251986314,29.108676751863687,29.18794251805547,29.27832597293932,29.380399304285675,29.49477447105429,29.622094119288484,29.76302303803748,29.918242900748982,30.088453767201077,30.274385270057667,30.476817808507683,30.69660964066995,30.9347213279069
747.0,28.82691159404054,28.831198669884884,28.844091625332727,28.865686641182087,28.89614391347045,28.93568761050768,28.984605503018752,29.043248078052784,29.11202682371675,29.19141132070055,29.28192478743121,29.38413785714897,29.498660700911643,29.626134235188452,29.767222076111874,29.922605921370966,30.09298761080808,30.279100424670418,30.481729606301222,30.701737976011767,30.940088562627192
748.0,28.829808109093616,28.834102396918663,28.847016990413078,28.86864807080121,28.89915581434711,28.938764317304024,28.987761179370583,29.046496556895555,29.11538137716508,29.19488436080372,29.285527521189373,29.387879956596503,29.502550102133025,29.63017723564717,29.771423919870664,29.92697198575629,30.097525086513404,30.28382004539023,30.48664669784239,30.706872104635767,30.945461514123576
749.0,28.83270949533961,28.83701099559215,28.849947227267062,28.871614368269235,28.902172568601802,28.94184584303653,28.9909216079807,29.049749674764236,29.118740395534513,29.198361620637005,29.289134159257806,29.39162559655089,29.50644268505784,29.634223153384863,29.77562862364327,29.931341157421087,30.102066243000415,30.288544139226534,30.491569034051803,30.71201193150302,30.950840074519302
750.0,28.835615753044962,28.83992446589709,28.852882335044537,28.874585531282605,28.90519417182528,28.944932180552044,28.99408677845929,29.053007417927375,29.122103862426144,29.201843083135184,29.29274468780792,29.39537477239504,29.51033846129452,29.638272021266893,29.77983623984684,29.93571349581017,30.106611124150678,30.293272710293046,30.49649656708198,30.71715736687901,30.956224142620496
751.0,28.83852688229006,28.842842807635186,28.855822312695278,28.87756155732765,28.908220619398552,28.948023322513848,28.99725668030725,29.05626977269623,29.1254717617451,29.20532873191647,29.296359094122664,29.39912748088476,29.514237443554613,29.642323872127072,29.784046818944947,29.94008905652142,30.11115976949248,30.29800576020947,30.501429250345616,30.722308325905683,30.96161362331322
752.0,28.841442882966593,28.845766020415887,28.858767158968124,28.880542443682078,28.911251906497807,28.95111926141152,29.000431302932462,29.05953672544812,29.128844077727052,29.208818551297973,29.29997736657386,29.40288372005907,29.518139645497712,29.64637873861632,29.78826040943047,29.944467891525825,30.115712214604866,30.302743288446568,30.506367038526232,30.727464728217807,30.967008427031246
753.0,28.844363754775202,28.848694103654495,28.861716872410483,28.88352818741682,28.914288028099783,28.954219989571186,29.00361063566643,29.062808262649252,29.132220794962233,29.212312526306157,29.30359949459387,29.406643489149882,29.52204508158761,29.65043665307407,29.792477057827874,29.948850049380876,30.12026849148155,30.307485292623127,30.51130988757546,30.73262649759816,30.97240846928443
754.0,28.847289497223475,28.851627056570603,28.864671451368118,28.88651878539823,28.917328978987513,28.957325499166238,29.006794667780976,29.0660843708768,29.135601898416823,29.215810642682587,29.30722546864256,29.410406788492264,29.525953766959734,29.654497647419976,29.796696808710855,29.953235575435695,30.124828628858797,30.312231768762157,30.516257754700277,30.73779356166675,30.977813670239172
755.0,28.85022010962419,28.854564878186807,28.867630893985304,28.889514234290655,28.92037475375654,28.96043578222837,29.00998338850504,29.069365036839976,29.13898737345169,29.219312886885287,29.31085528017045,29.414173619436305,29.529865717299796,29.658561753063644,29.800919704732184,29.95762451202701,30.129392652510965,30.316982711512413,30.521210598342783,30.742965851599905,30.983223954343927
756.0,28.85315559109389,28.857507567327765,28.87059519820527,28.892514530559374,28.92342534682146,28.963550830659006,29.013176787041356,29.072650247400027,29.14237720583833,29.22281924608607,29.314488921579,29.41794398426144,29.53378094873317,29.66262900083025,29.805145786662845,29.962016898665382,30.133960585517066,30.321738114340242,30.526168378154516,30.74814330187592,30.988639249993785
757.0,28.856095940551818,28.86045512261957,28.873564361771052,28.895519670473906,28.926480752422886,28.9666706362409,29.01637485258288,29.075939989588953,29.145771381772143,29.226329708164297,29.31812638617868,29.421717886093788,29.537699477724697,29.666699420900034,29.809375093438387,29.966412772211438,30.138532448501316,30.326497969696078,30.53113105496683,30.753325850044025,30.994059489229155
758.0,28.859041156719105,28.86340754248944,28.876538382226617,28.898529650111666,28.929540964634732,28.969795190649936,29.019577574328927,29.07923425062689,29.149169887883094,29.22984426169737,29.321767668145625,29.425495328826972,29.54162132098823,29.670773042760036,29.81360766221043,29.97081216704216,30.143108259850464,30.331262269159186,30.53609859075859,30.75851343651416,30.999484607464264
759.0,28.86199123811832,28.866364825165753,28.879517256918373,28.90154446536201,28.932605977371846,28.97292448546707,29.022784941500845,29.08253301793811,29.15257271124382,29.233362895948478,29.32541276247736,29.4292763170467,29.545546495405375,29.67484989516636,29.81784352840198,29.975215115207398,30.147688035910246,30.336031003563672,30.541070948622064,30.763706004365282,31.004914543241902
760.0,28.864946183073354,28.869326968678386,28.882500982997026,28.90456411193063,28.935675784397887,28.97605851219028,29.025996943357157,29.085836279165484,29.15597983937534,29.236885600851906,29.329061664948185,29.433060855959393,29.549475017952787,29.678930006115593,29.822082725765238,29.97962164657684,30.152271791163166,30.34080416310829,30.546048092727805,30.768903499170165,31.0103492380112
761.0,28.867905989709588,28.87229397085943,28.885489557419767,28.907588585344225,28.938750379333502,28.979197262246483,29.029213569208093,29.089144022183504,29.1593912602505,29.240412366996246,29.332714372064636,29.436848951324844,29.553406905637424,29.683013402824162,29.82632528644086,29.984031788977838,30.15685953838951,30.345581737452395,30.55102998828902,30.774105868835015,31.01578863592593
762.0,28.87087065595447,28.875265829344222,28.888482976952798,28.910617880955595,28.941829755664646,28.982340727003393,29.032434808429436,29.092456235109843,29.162806962295345,29.24394318560596,29.336370881021345,29.44064060939299,29.55734217543905,29.687100111714486,29.83057124101792,29.988445568324483,30.16145128881334,30.350363715799684,30.55601660152592,30.779313063452342,31.02123268366082
763.0,28.87384017953834,28.87824254157269,28.89148123817423,28.91365199394892,28.94491390675115,28.98548889778118,29.035660650475645,29.09577290631536,29.166226934388526,29.24747804852151,29.3400311896577,29.44443583684481,29.56128084425948,29.691190158406908,29.83482061859397,29.99286300873844,30.166047052234944,30.355150086971552,30.56100789963031,30.784525035165732,31.0266813302441
764.0,28.876814557995687,28.881224104791094,28.894484337477262,28.916690919345427,28.948002825835342,28.988641765863946,29.038891084892168,29.099094024432766,29.169651165858966,29.251016948178403,29.343695296415433,29.448234640737187,29.565222928877944,29.695283567716604,29.83907344683451,29.99728413266183,30.170646837151214,30.359940839471246,30.566003850730755,30.78974173804542,31.032134526904358
765.0,28.87979378866664,28.884210516054065,28.897492271073723,28.919734652009232,28.951096506050785,28.9917993225109,29.042126101326982,29.102419578363794,29.173079646481934,29.25455987758539,29.347363200297433,29.452037028451674,29.56916844591201,29.6993803636547,29.843329752031718,30.001708960962823,30.175250650865035,30.364735961540106,30.571004423858415,30.794963127973528,31.037592226930308
766.0,28.88277786869892,28.887201772226963,28.900505034997867,28.922783186653454,28.95419494043107,28.994961558967262,29.045365689541253,29.105749557285133,29.176512366473666,29.258106830302083,29.351034900827887,29.45584300764702,29.57311741178358,29.703480569432887,29.847589559161868,30.006137513034222,30.179858499584867,30.369535441206853,30.576009588913777,30.800189162538093,31.043054385542113
767.0,28.885766795049985,28.890197869988594,28.90352262511054,28.925836517846527,28.957298121918576,28.99812846647479,29.048609839419182,29.109083950653005,29.179949316484752,29.261657800416195,29.354710398013868,29.459652586215263,29.57706984268949,29.70758420747103,29.851852891941444,30.010569806885552,30.18447038851551,30.37433926633082,30.5810193166343,30.8054198009351,31.048520959773064
768.0,28.888760564489626,28.89319880583422,28.906545037103566,28.928894640018687,28.960406043373226,29.001300036281865,29.051858540977,29.11242274820657,29.183390487592398,29.265212782520514,29.358389692308464,29.46346577224129,29.581025754576192,29.71169129940722,29.856119772881566,30.015005859229063,30.189086321940774,30.37914742463986,30.58603357856308,30.810655003877667,31.053991908360604
769.0,28.891759173602793,28.896204576078915,28.90957226650441,28.931957547468603,28.96351869758116,29.004476259653245,29.055111784371096,29.11576593997019,29.186835871291727,29.26877177168994,29.362072784575506,29.467282573965594,29.584985163118272,29.715801866109892,29.86039022334077,30.019445685560022,30.19370630329901,30.383959903763603,30.59105234701857,30.815894733511907,31.059467191645844
770.0,28.894762618792804,28.89921517686116,28.912604308681097,28.935025234370148,28.966636077263303,29.0076571278793,29.05836955990535,29.11911351625467,29.19028545948626,29.27233476345854,29.365759676055895,29.471102999750155,29.5889480837002,29.719915927691506,29.864664263575914,30.02388930023173,30.19833033525206,30.388776691262613,30.596075595065404,30.821138953338707,31.06494677148067
771.0,28.897770896284804,28.902230604146787,28.91564115884737,28.938097694779252,28.969758175083786,29.010842632284813,29.06163185803764,29.122465467657452,29.193739244477694,29.27590175379687,29.369450368335603,29.474927058047122,29.5929145314012,29.72403350352367,29.868941912791307,30.02833671652554,30.202958419748345,30.393597774653966,30.601103296486215,30.82638762814105,31.07043061114187
772.0,28.90078400212956,28.90525085373316,28.918682812068013,28.941174922640826,28.972884983658222,29.0140327642373,29.064898669385514,29.12582178506198,29.197197218955118,29.279472739089616,29.373144863315243,29.478754757370297,29.596884520982748,29.7281546122532,29.873223189185918,30.0327879467163,30.207590558080536,30.398423141433646,30.606135425754648,30.83164072391631,31.07591867525142
773.0,28.90380193220747,28.908275921253622,28.92172926326439,28.944256911795716,28.97601649556179,29.01722751515481,29.068169984731192,29.129182459636173,29.20065937598374,29.28304771611367,29.376843163181316,29.482586106269096,29.600858066878505,29.73227927181905,29.877508109998693,30.03724300213347,30.212226750938434,30.40325277909617,30.61117195800934,30.836898207813135,31.08141092970266
774.0,28.906824682232944,28.911305802182174,28.92478050722014,28.9473436559877,28.979152703337075,29.02042687651329,29.071445795025756,29.13254748283021,29.204125708993274,29.286626682016635,29.380545270378995,29.48642111330485,29.604835183186392,29.73640749946981,29.88179669155206,30.041701893218235,30.216866998457387,30.408086675151736,30.616212869028978,30.842160048072586,31.086907341591587
775.0,28.90985224775891,28.9143404918384,28.92783653858704,28.95043514887047,28.98229359950173,29.023630839853393,29.07472609139268,29.135916846373586,29.207596211766035,29.290209634295966,29.38425118758646,29.490259787029373,29.608815883662587,29.74053931178162,29.886088949293544,30.046164629576932,30.22151130026273,30.41292481714118,30.621258135208382,30.847426213973083,31.09240787915298
776.0,28.912884624181626,28.917379985392575,28.930897351890927,28.953531384014543,28.985439176555843,29.02683939678683,29.07801086513069,29.139290542271603,29.211070878424863,29.2937965707786,29.387960917690766,29.49410213596551,29.612800181717176,29.744674724676354,29.890384897835602,30.05063122003095,30.226159655510592,30.417767192649062,30.62630773353555,30.85269667577894,31.097912511700887
777.0,28.91592180674571,28.92042427787098,28.933962941537782,28.95663235491419,28.988589426989062,29.03005253900223,29.081300107715993,29.142668562801262,29.2145497034209,29.297387489601316,29.39167446376509,29.49794816858961,29.616788090411372,29.748813753439954,29.894684550993723,30.055101672663454,30.230812062925363,30.422613789314997,30.631361641569708,30.857971404692197,31.10342120957309
778.0,28.918963790549324,28.923473364161346,28.937033301819884,28.95973805499424,28.991744343287436,29.03327025827051,29.08459381080393,29.146050900506747,29.218032681521343,29.300982389191653,29.395391829047455,29.501797893315754,29.620779622456013,29.752956412740772,29.89898792182279,30.059575994863074,30.235468520834146,30.427464594843528,30.636419837420178,30.863250372807432,31.108933944079272
779.0,28.92201057054954,28.926527239018508,28.940108426921977,28.962848477616802,28.994903917939997,29.03649254644977,29.087891966230057,29.149437548194427,29.22151980779717,29.304581268249585,29.39911301692076,29.505651318481597,29.624774790211237,29.757102716647854,29.903295022651793,30.06405419336481,30.240129027198453,30.432319597012636,30.64148229972629,30.8685335530694,31.114450687452564
780.0,28.925062141567924,28.929585897070115,28.94318831092752,28.9659636160879,28.998068143445018,29.03971939548979,29.091194566010714,29.152828498927533,29.225011077610976,29.30818412572983,29.402838030894074,29.5095084523357,29.628773605687186,29.761252678649075,29.90760586511698,30.06853627428834,30.244793579643403,30.437178783681087,30.64654900763803,30.87382091923325,31.119971412804176
781.0,28.928118498296154,28.932649332822496,28.946272947824955,28.96908346366397,29.001237012315997,29.042950797435985,29.094501602343136,29.15622374602052,29.22850648660487,29.311790960824883,29.406566874585188,29.513369303026273,29.632776080545625,29.765406311669096,29.91192046019347,30.0730222431739,30.249462175484595,30.442042142793742,30.65161993789643,30.879111597269844,31.125444278729965
782.0,28.93117963530183,28.935717540666595,28.949362331513935,28.97220801355822,29.00441051708735,29.046186744433022,29.097813067605106,29.159623283033135,29.232006030688535,29.315401772948714,29.410299551704323,29.517233878591124,29.636782226102287,29.769563628087035,29.916238818225352,30.07751210501584,30.254134811728612,30.446909658053638,30.65669474740824,30.884396841435365,31.130852682010165
783.0,28.93424554703439,28.938790514883976,28.952456455811603,28.975337258946848,29.007588650319793,29.049427228727996,29.101128954354195,29.16302710376431,29.23550970602745,29.319016561721185,29.41403606603895,29.521102186948873,29.64079205332999,29.77372463975383,29.920560948954257,30.082005864269487,30.258811483149895,30.45178123363431,30.661771826799676,30.889669162287404,31.13622481082478
784.0,28.937316227831015,28.941868249652885,28.95555531445874,28.978471192975093,29.010771404605425,29.052672242673207,29.104449255326646,29.16643520224587,29.239017509031342,29.32263532695312,29.417776421439658,29.524974235891147,29.644805572862232,29.777889358009165,29.924886861534475,30.086503524276555,30.26349216623503,30.456656530641975,30.666848939346924,30.894926824650586,31.14156966617358
785.0,28.940391671922693,28.944950739054306,28.95865890112596,28.98160980876312,29.013958772572533,29.055921778728575,29.107773963435896,29.169847572736067,29.242529436342856,29.32625806863207,29.421520621807037,29.528850033075805,29.64882279499731,29.782057793693625,29.92921656439664,30.09100508383508,30.268176785108142,30.46153495353648,30.67192419527581,30.900169996455617,31.14689204328584
786.0,28.94347187344027,28.948037977078098,28.961767209419794,28.984753099411744,29.017150746890092,29.059175829463683,29.111103071770827,29.173264209713054,29.246045484826478,29.329884786908767,29.425268671079458,29.53272958602104,29.65284372970148,29.786229957123773,29.933550064504363,30.09551052948082,30.27286518736272,30.46641577585987,30.676996245326126,30.905399350375262,31.152195065980948
787.0,28.946556826420508,28.951129957629046,28.96488023288868,28.987901058007928,29.020347320271977,29.062434387559502,29.11443657359369,29.176685107868273,29.24956565155772,29.33351548208414,29.429020573221816,29.536612902099908,29.656868386603595,29.790405857931955,29.93788736554904,30.100019826540695,30.27755714592873,30.471298258412965,30.682064182010436,30.910615662004165,31.157480980738843
788.0,28.949646524812202,28.954226674532958,28.967997965028893,28.99105367763014,29.023548485480916,29.065697445809803,29.117774462337827,29.1801102620998,29.25308993381261,29.337150154597033,29.432776332214914,29.540499988533455,29.660896774959035,29.794585504640608,29.942228465261763,30.10453291320869,30.28225237801805,30.476181715932185,30.687127412406248,30.91581968842713,31.162751503116613
789.0,28.952740962482217,28.95732812154267,28.97112039929035,28.99421095135349,29.02675423533214,29.068964997122233,29.121116731605124,29.183539667505666,29.256618329057453,29.340788805012483,29.43653595204519,29.54439085237723,29.664928903547196,29.798768903916283,29.94657335259075,30.109049699255518,30.28695056816201,30.481065544037406,30.69218555985885,30.921012132300465,31.168007997922103
790.0,28.95584013322157,28.960434292344058,28.97424752908232,28.99737287225469,29.029964562696783,29.072237034519155,29.124463375163323,29.186973319377202,29.260150834938898,29.344431434010442,29.44029943669338,29.54828550049155,29.668964780470546,29.80295605958252,29.950922005493336,30.113570068548444,30.291651388144455,30.485949224221734,30.697238395827434,30.92619363441796,31.173251583776636
791.0,28.95894403075139,28.963545180561923,28.977379347778996,29.000539433416762,29.033179460505014,29.075513551138172,29.1278143869431,29.19041121319241,29.263687449274247,29.348078042374688,29.444066790119596,29.552183939483886,29.673004412846208,29.807146971560282,29.95527438973177,30.118093883743047,30.296354511678576,30.49083231866114,30.70228579381218,30.931364776052416,31.17848319861546
792.0,28.962052648728864,28.966660779765824,28.980515848724934,29.00371062793362,29.036398921748912,29.078794540232476,29.131169761035043,29.193853344609334,29.267228170042035,29.35172863098112,29.44783801624115,29.55608617561392,29.677047806410222,29.811341634911333,29.959630458694917,30.122620991720197,30.301059624124832,30.495714461171115,30.70732769817757,30.936526084393055,31.18370364311968
793.0,28.9651659807531,28.96978108347586,28.983657025240365,29.006886448914422,29.03962293948514,29.08207999517088,29.134529491686475,29.197299709459532,29.270772995372567,29.355383200784487,29.451613118898916,29.559992214657914,29.681094965075843,29.81554003910933,29.96399015405087,30.127151228848742,30.305766428326017,30.500595347370552,30.71236410284162,30.94167803859031,31.18891361081592
794.0,28.968284020370934,28.972906085168272,28.986802870626345,29.01006688948767,29.04285150683732,29.08536990943772,29.137893573298143,29.2007503037415,29.274321923538235,29.359041752801925,29.455392101808833,29.563902061736588,29.685145890493544,29.819742167596377,29.968353406963487,30.13168442560326,30.310474647671988,30.50547472539797,30.71739503652037,30.946821075492853,31.19411370968769
795.0,28.971406761082594,28.976035778280988,28.989953378169766,29.01325194280521,29.046084616998215,29.088664276632507,29.14126200042085,29.20420512361405,29.277874952943005,29.36270428809181,29.459174968496797,29.56781572111687,29.689200581655314,29.823947997626405,29.97272013962272,30.136220410367102,30.3151840273004,30.510352387681326,30.722420552376818,30.951955594779527,31.19930447814952
796.0,28.974534196347282,28.97917015621904,28.99310854114821,29.016441602045937,29.04932226323172,29.091963090469388,29.144634767751906,29.207664165389467,29.281432082110634,29.36637080772638,29.46296172221723,29.571733196001247,29.693259034573195,29.82815750036072,29.977090266891576,30.140759012421928,30.319894334100955,30.515228163868628,30.727440720670867,30.957081963433968,31.204486397144187
797.0,28.97766631958863,28.982309212359855,28.996268352834615,29.019635860419378,29.05256443887459,29.095266344776483,29.14801187013149,29.2111274255263,29.28499330967078,29.370041312757287,29.46675236585784,29.575654488319287,29.697321242048748,29.83237064116361,29.981463697932487,30.145300064207365,30.3246053559886,30.52010191485566,30.732455623483702,30.962200519603332,31.209659899494707
798.0,28.980803124200065,28.985452940058373,28.999432806501822,29.02283471116903,29.05581113733802,29.098574033494963,29.151393302538754,29.214594900621417,29.288558634342454,29.373715804173603,29.4705469018344,29.57957959853396,29.701387193537723,29.83658738004255,29.985840337726895,30.149843402964702,30.329316900759448,30.524973527783434,30.73746535089631,30.96731157591297,31.214825377263324
799.0,28.98394460355,28.988601332652078,29.002601895426928,29.026038147575537,29.059062352108977,29.10188615067802,29.154779060087687,29.21806658740119,29.292128054914276,29.37739428285274,29.474345331980363,29.583508525472855,29.705456875105398,29.840807672181626,29.990220088441163,30.154388871880727,30.33402879473537,30.529842911864336,30.74246999820056,30.97241542231336,31.219983187631957
800.0,28.987090750986898,28.99175438346586,29.00577561289546,29.02924616295966,29.0623180767514,29.105202690489573,29.15816913802257,29.221542482711374,29.295701570221194,29.38107674950527,29.478147657436246,29.587441266190698,29.709530269462434,29.84503146852533,29.99460285061915,30.158936320837125,30.338740881329144,30.53470999490354,30.747469663852407,30.977512328529958,31.225133657665193
801.0,28.990241559844232,28.994912085816697,29.008953952205417,29.03245875068508,29.065578304907124,29.10852364720276,29.16156353171291,29.2250225835055,29.29927917911761,29.384763204615062,29.481953878543383,29.591377815866718,29.713607356067985,29.849258716378916,29.99898852419942,30.16348560685529,30.34345301961238,30.539574720398356,30.75246444796416,30.982602546177713,31.23027708821447
802.0,28.993397023445215,28.99807443301823,29.01213690667108,29.035675904161014,29.068843030296705,29.111849015198143,29.164962236647728,29.228506886831486,29.302860880447007,29.388453648376576,29.4857639947459,29.59531816773751,29.717688111286026,29.853489360000324,30.003377009365913,30.168036594310315,30.348165082935253,30.544437045115536,30.757454451192086,30.987686310592782,31.23541375715266
803.0,28.99655713510746,29.001241418385142,29.01532446962674,29.038897616844594,29.072112246719907,29.115178788961558,29.16836524842901,29.231995389816426,29.306446673008544,29.39214808063112,29.489578004503933,29.59926231306408,29.72177250858138,29.85772334116644,30.007768207246553,30.17258915497323,30.352876957625515,30.549296937063247,30.762439773916434,30.992763842425397,31.24054392207954
804.0,28.99972188814743,29.00441303523739,29.01851663443014,29.04212388224313,29.07538594805606,29.11851296308156,29.171772562764296,29.235488089649426,29.310036555521155,29.395846500803966,29.493395905220083,29.603210241130327,29.725860518743165,29.861960599702222,30.01216202047672,30.177143167927852,30.35758854178043,30.554154373789007,30.767420515639365,30.99783534903063,31.245667822604297
805.0,29.00289127588475,29.00758927690428,29.02171339446582,29.045354693916114,29.078664128264084,29.121851532246403,29.175184175458206,29.238984983562617,29.313630526585772,29.399548907843936,29.497217693180342,29.607161939269293,29.7299521101251,29.866201073966273,30.01655835364526,30.18169851939832,30.362299744156257,30.559009340947195,30.77239677454622,31.00290102568749,31.250785682286327
806.0,29.006065291646344,29.01077013672833,29.024914743148287,29.04859004547706,29.081946781382253,29.125194491240464,29.178600082402884,29.24248606881041,29.317228584646596,29.403255300166904,29.501043363509883,29.61111739291318,29.73404724889394,29.87044470128978,30.020957113639774,30.18625510251499,30.367010483154626,30.563861831089913,30.777368647189917,31.007961056671743,31.25589771029721
807.0,29.009243928770417,29.013955608069047,29.028120673924935,29.051829930595087,29.085233901527616,29.12854183494006,29.182020279567347,29.24599134264732,29.32083072795202,29.406965675604358,29.504872910143487,29.615076585662898,29.738145899279015,29.874691418368304,30.025358209906685,30.190812817039625,30.371720685901842,30.56871184264348,30.78233622826854,31.013015616203596,31.261004102853253
808.0,29.01242718061025,29.017145684306435,29.031331180278833,29.055074342996267,29.088525482895047,29.131893558308597,29.1854447629857,29.249500802304492,29.32443695451607,29.41068003135783,29.508706325809957,29.619039499373176,29.74224802381748,29.878941161607603,30.02976155463998,30.1953715690658,30.376430287415445,30.573559379039594,30.787299610473607,31.01806486928786,31.266105044457657
809.0,29.01561504053786,29.020340358844408,29.034546255731293,29.05832327646476,29.09182151975592,29.13524965639107,29.18887352874435,29.253014444965455,29.328047262081014,29.41439836395983,29.51254360202946,29.623006114249517,29.746353583591244,29.883193867425877,30.034167062910768,30.19993127070625,30.38113922985141,30.57840444797574,30.79225888439217,31.023108972461475,31.271200708983518
810.0,29.01880750194743,29.023539625113948,29.037765893844217,29.061576724843604,29.095122006456318,29.13861012430779,29.192306572968196,29.25653226774122,29.33166164808177,29.41812066924149,29.516384729122567,29.626976408953595,29.750462538452602,29.887449472515357,30.038574652748142,30.204491839775926,30.385847461825154,30.583247060784007,30.79721413844975,31.02814807446075,31.276291260622948
811.0,29.02200455825861,29.02674347657613,29.040990088222262,29.06483468203528,29.098426937414793,29.141974957247427,29.195743891806007,29.260054267645284,29.335280109612633,29.42184694230706,29.520229696229674,29.63095036071424,29.75457484723678,29.89170791406665,30.042984245180374,30.209053199476966,30.390554937799685,30.58808723189105,30.80216545888436,31.033182316818902,31.281376854722733
812.0,29.025206202919584,29.02995190672493,29.044218832514733,29.0680971420019,29.101736307119637,29.14534415045935,29.19918548141511,29.263580441568717,29.338902643396686,29.425577177515155,29.52407849133932,29.63492794544143,29.758690467960058,29.895969129959276,30.047395764243955,30.21361527809016,30.395261617534395,30.592924978354958,30.807112929744058,31.038211834402823,31.286457638523352
813.0,29.02841242941,29.033164909089823,29.04745212041726,29.071364098765073,29.105050110125646,29.148717699245275,29.202631337945476,29.267110786255806,29.34252924575826,29.429311368466443,29.527931101324068,29.638909137841264,29.762809358003008,29.900233058921856,30.051809136967016,30.21817800867602,30.399967465588517,30.59776031946721,30.81205663290219,31.043236755896594,31.291533751815226
814.0,29.03162323124364,29.036382477238174,29.0506899456732,29.07463554640542,29.108368341050376,29.15209559895032,29.20608145752349,29.270645298280424,29.34615991259862,29.433049507997467,29.531787511982593,29.642893911530148,29.766931474278657,29.904499640665232,30.056224293332367,30.222741328787436,30.404672450873743,30.602593276409806,30.81699664808593,31.04825720423832,31.29660532752366
815.0,29.034838601970932,29.039604604777416,29.05393230207474,29.07791147906172,29.111690994569894,29.15547784495349,29.209535836235478,29.274183974023458,29.34979463937501,29.43679158818015,29.535647708086717,29.64688223914684,29.771056773385805,29.90876881599168,30.06064116622467,30.227305180195334,30.40937654625093,30.607423871959504,30.821933052914513,31.053273297015732,31.30167249223216
816.0,29.038058535181197,29.042831285356975,29.057179183463784,29.081191890929627,29.115018065414038,29.158864432657687,29.212994470111212,29.277726809651487,29.353433421083114,29.44053760032646,29.53951167343231,29.650874092461265,29.775185211747985,29.913040526883027,30.06505969136544,30.231869508627955,30.414079728166346,30.612252130232083,30.826865922944588,31.058285146825483,31.3067353666521
817.0,29.04128302450472,29.046062512669938,29.060430583732444,29.08447677626007,29.118349548361167,29.16225535747928,29.216457355107547,29.281273801096912,29.357076252242887,29.444287534997727,29.543379390892994,29.654869442479274,29.77931674573862,29.917314716570278,30.069479807238846,30.236434263524092,30.41878197632335,30.61707807646099,30.83179533172051,31.063292861600118,31.311794066045668
818.0,29.04451206361451,29.0492982804545,29.06368649682328,29.087766129357174,29.121685438232518,29.165650614837432,29.219924487092356,29.284824944039688,29.360723126887667,29.44804138201809,29.547250842475673,29.658868259542807,29.783451331793227,29.92159132958727,30.073901455010912,30.24099939780023,30.42348327338584,30.621901736805434,30.836721350828014,31.068296544906406,31.316848700607817
819.0,29.047745646227856,29.052538582495092,29.06694691672921,29.09105994457584,29.12502572988608,29.169050200143122,29.223395861828894,29.288380233890706,29.364374038556498,29.451799130491548,29.551126009377246,29.662870513424906,29.787588926509407,29.925870311810293,30.07832457844408,30.245564867631337,30.428183604710163,30.626723138183785,30.84164404994999,31.073296296218107,31.32189937581219
820.0,29.05098376610761,29.055783412623256,29.070211837493034,29.094358216318895,29.128370418210142,29.1724541087881,29.226871474960685,29.291939665776965,29.368028980289445,29.455560768822085,29.555004872041692,29.666876173419524,29.791729486735488,29.93015161048573,30.082749123808814,30.25013063224492,30.43288295810249,30.631542308128836,30.84656349692335,31.078292211165866,31.326946192725238
821.0,29.054226417063166,29.059032764718207,29.073481253206687,29.09766093903392,29.131719498116485,29.175862336133765,29.230351321997144,29.295503234528514,29.37168794462571,29.459326284736402,29.558887410217007,29.670885208425783,29.79587296964868,29.934435174247337,30.087175039793625,30.25469665372784,30.43758132359911,30.636359274661938,30.851479757796277,31.083284381766646,31.33198924829216
822.0,29.05747359295118,29.06228663270711,29.07675515801012,29.100968107209642,29.135072964533293,29.179274877500095,29.233835398299902,29.299070934667238,29.375350923604422,29.463095665308767,29.562773603011458,29.674897587026802,29.800019332823556,29.938720953124697,30.09160227741451,30.259262896845286,30.44227869326729,30.641174066183396,30.856392896885286,31.088272896634738,31.337028635597868
823.0,29.06072528767596,29.065545010565014,29.080033546089812,29.104279715372023,29.13843081239783,29.182691728154726,29.237323699070025,29.302642760397394,29.379017908767818,29.466868896987666,29.56666342894881,29.678913277563076,29.80416853429175,29.943008898544107,30.09603078992476,30.263829328871285,30.446975061024542,30.645986711377116,30.861302976831595,31.093257841176253,31.342064444105635
824.0,29.063981495189573,29.068807892314496,29.083316411677,29.10759575808003,29.14179303664895,29.18611288330221,29.24081621933609,29.306218705597917,29.382688891166588,29.47064596562371,29.570556866022155,29.682932248200494,29.808320532593516,29.947298963323107,30.100460532725766,30.268395919430212,30.45167042247451,30.650797239127492,30.866210058656602,31.098239297768625,31.34709675987585
825.0,29.06724220949162,29.072075272024957,29.086603749045526,29.110916229921095,29.145159632219446,29.18953833807356,29.244312953943243,29.309798763816403,29.386363861367204,29.47442685649859,29.57445389174611,29.68695446699324,29.812475286822004,29.951591101659655,30.104891463279312,30.272962640348485,30.45636477475778,30.65560567844705,30.87111420181606,31.103217345926588,31.35212566576692
826.0,29.070507424628712,29.075347143811626,29.08989555250938,29.114241125506293,29.148530594028376,29.192968087516128,29.247813897543235,29.31338292826477,29.390042809461026,29.478211554354676,29.578354483207143,29.69097990194163,29.81663275666088,29.955885269116816,30.109323541021837,30.277529465516064,30.461058116416122,30.660412058413407,30.87601546425294,31.108192062455913,31.357151241620176
827.0,29.073777134693593,29.078623501834198,29.09319181641994,29.11757043946532,29.15190591697329,29.196402126583912,29.25131904458544,29.316971191816393,29.393725725074905,29.482000043425067,29.582258617111957,29.69500852104526,29.820792902415977,29.960181422603718,30.11375672728096,30.282096370756925,30.4657504472689,30.665216408114414,30.880913902448736,31.113163521596046,31.3621735644303
828.0,29.077051333823956,29.081904340295175,29.096492535162895,29.120904166441214,29.15528559592255,29.19984045012824,29.254828389308884,29.320563547004763,29.397412597383145,29.485792307463772,29.586166269833726,29.699040292351555,29.824955685041513,29.964479520353485,30.118190985194396,30.28666333370806,30.470441768300365,30.670018756600413,30.885809571473178,31.118131795152554,31.367192708502824
829.0,29.08033001620094,29.0851896534379,29.099797703154916,29.12424230108495,29.158669625707663,29.203283052889002,29.258341925735305,29.324159986023503,29.401103415120616,29.489588329775838,29.59007741745619,29.70307518400004,29.829121066161466,29.968779521898682,30.122626279631554,30.291230333706437,30.475132081556893,30.674819132842757,30.890702525032353,31.123096952620397,31.372208745599742
830.0,29.08361317604731,29.088479435544276,29.103107314839995,29.127584838049845,29.162058001115756,29.206729929486347,29.26185964766316,29.32776050072761,29.404798166596837,29.493388093247237,29.593992035815532,29.70711316426257,29.833289008086634,29.97308138804484,30.127062577117808,30.295797351683337,30.479821390053143,30.67961756569782,30.895592815515126,31.128059061298746,31.37722174507453
831.0,29.086900807625327,29.091773680932157,29.106421364685637,29.130931771985896,29.165450716882194,29.210181074412976,29.265381548662624,29.33136508263594,29.40849683971086,29.497191580374384,29.59791010054007,29.711154201579756,29.837459473827796,29.977385080842378,30.1314998457616,30.300364370065612,30.484509697686274,30.684414083875815,30.900480494037904,31.13301818639811,31.382231773997425
832.0,29.090192905234286,29.09507238395251,29.109739847178755,29.134283097534023,29.16884776768338,29.21363648202693,29.268907622071502,29.334973722934702,29.412199421966786,29.500998773293112,29.601831587087705,29.715198264593788,29.84163242710539,29.981690563557397,30.135938055184237,30.304931372683427,30.489197009157568,30.68920871591381,30.905365610487774,31.13797439114038,31.387238897271896
833.0,29.093489463207845,29.098375538986257,29.11306275682138,29.13763880932024,29.172249148129758,29.217096146545,29.272437860992092,29.33858641248195,29.415905900489793,29.504809653807026,29.605756470781213,29.71924532217799,29.845807832356154,29.985997800641666,30.14037717645259,30.309498344683938,30.493883329900623,30.694001490152534,30.910248213563996,31.142927736852396,31.39224317774308
834.0,29.096790475910964,29.1016831404409,29.116390088126238,29.14099890194985,29.1756548527591,29.220560062036693,29.275972258288846,29.34220314181298,29.41961626204255,29.508624203415092,29.609684726841426,29.723295343463228,29.849985654737022,29.990306757701948,30.144817182014478,30.314065272450637,30.498568666015668,30.698792434716363,30.91512835081792,31.14787828305359,31.397244676298815
835.0,29.100095937736686,29.10499518274689,29.11972183561211,29.14436337000164,29.179064876030015,29.224028222418802,29.279510806586924,29.34582390114647,29.42333049304188,29.512442403338465,29.613616330418292,29.72734829786148,29.85416586012663,29.994617401469068,30.149258045636785,30.318632143527875,30.5032530242093,30.703581577496305,30.920006068691354,31.152826087538067,31.402243451964004
836.0,29.103405843102617,29.10831166035377,29.123057993799108,29.147732208022095,29.182479212315805,29.227500621450535,29.283053498271478,29.349448680391347,29.427048579575597,29.51626423454645,29.61755125661995,29.731404155086697,29.85834841512466,29.998929699766798,30.15369974234623,30.32319894655023,30.507936411739273,30.708368946135426,30.924881412553436,31.15777120645173,31.40723956198879
837.0,29.106720186447195,29.111632567726147,29.126398557203835,29.151105410519722,29.185897855898563,29.23097725272921,29.286600325487687,29.35307746915425,29.430770507419325,29.520089677781538,29.62148948053987,29.73546288517324,29.862533287049374,30.00324362148077,30.158142248372716,30.327765671176433,30.51261883636378,30.71315456801659,30.92975442673603,31.162713694364662,31.41223306193105
838.0,29.110038962225758,29.114957899339476,29.12974352033445,29.154482971959403,29.189320800963657,29.23445810968655,29.29015128014147,29.356710256747533,29.434496262053415,29.523918713583537,29.625430977282093,29.739524458492035,29.866720443933467,30.007559136527558,30.16258554109517,30.33233230802746,30.517300306294924,30.717938470252168,30.93462515456774,31.16765360433923,31.417224005733726
839.0,29.113362164906423,29.118287649675672,29.13309287768572,29.157864886756915,29.1927480415945,29.23794318558548,29.293706353900873,29.360347032197716,29.438225828679638,29.52775132231273,29.629375721984694,29.743588845764588,29.87090985451852,30.011876215824046,30.16702959898984,30.33689884862857,30.521980830155936,30.72272067967544,30.939493638406578,31.172590987994205,31.422212445797285
840.0,29.11668978896579,29.12162181321863,29.136446623733967,29.16125114927355,29.1961795717677,29.241432473517488,29.29726553819799,29.363987784254324,29.441959192237807,29.531587484172064,29.633323689841546,29.74765601807512,29.875101488248244,30.01619483125717,30.171474401580895,30.341465285355003,30.526660416941876,30.72750122283363,30.944359919671275,31.17752589556516,31.42719843304788
841.0,29.12002182888452,29.124960384449604,29.139804752932083,29.1646417538109,29.199615385348537,29.2449259664005,29.30082882423148,29.367632501399044,29.445696337422117,29.53542717922837,29.63727485612244,29.751725946880907,29.87929531526062,30.020514955654125,30.175919929393295,30.346031611381076,30.531339075983468,30.732280125982467,30.949224039532062,31.182458569197262,31.432193816536678
842.0,29.123358279142803,29.128303357842494,29.143167259704498,29.168036694605807,29.203055476086764,29.24842365697723,29.30439620296955,29.371281171855152,29.44943724869724,29.53927038743264,29.64122919619163,29.755798604021006,29.883491306379145,30.024836562753084,30.180366163907777,30.350597820632444,30.536016816919346,30.737057416068534,30.954086111220505,31.187391042499964,31.43720241960887
843.0,29.126699134215674,29.13165072785909,29.146534138442203,29.171435965825452,29.206499837612814,29.25192553781401,29.307967665153402,29.374933783597086,29.45318191031411,29.54311708863928,29.645186685524987,29.75987396172348,29.887689433103326,30.02915962717452,30.18481308751802,30.355163907746967,30.54069365010859,30.74183313787164,30.958946535580775,31.192325061933136,31.442217864467267
844.0,29.130044388568315,29.135002488944252,29.149905383497817,29.174839561562724,29.20994846343431,29.255431601300103,29.311543201301106,29.378590324360243,29.456930306325344,29.546967262624477,29.649147299725637,29.763951992611254,29.89188966759848,30.033484124393162,30.189260683492485,30.359729868170245,30.545369590263554,30.746607391244538,30.963805855593534,31.197261062558866,31.44723814159733
845.0,29.133394036651257,29.1383586355211,29.153280989180725,29.178247475831693,29.213401346932944,29.258941839647374,29.315122801711805,29.38225078165081,29.460682420600307,29.550820889103594,29.653111014538414,29.768032669706788,29.896091982685036,30.037810030711576,30.193708935972353,30.364295698903625,30.55004466418785,30.75138033420427,30.96866453452781,31.20219904507726,31.452262198202018
846.0,29.13674807289561,29.141719161986153,29.156660949752297,29.18165970256338,29.21685848136168,29.262456244890455,29.318706456470284,29.385915142755696,29.464438236839754,29.554677947747685,29.65707780586296,29.772115966435532,29.9002963518277,30.042137323242855,30.19815783010927,30.36886140023076,30.554718916260185,30.75615215430065,30.97352291188315,31.20713889430258,31.45728936111071
847.0,29.140106491708195,29.145084062704512,29.160045259421207,29.18507623560168,29.22031985984231,29.265974808887194,29.322294155451825,29.389583394752435,29.468197738590074,29.558538418199095,29.661047649765756,29.776201856628532,29.90450274912623,30.046465979924616,30.202607352446304,30.37342697772574,30.559392407990796,30.760923041704956,30.978381225895642,31.21208047070169,31.462319155989725
848.0,29.14346928746674,29.148453332005097,29.163433912338874,29.188497068699537,29.223785475363282,29.26949752331955,29.325885888327274,29.393255524519116,29.471960909257092,29.56240228008623,29.665020522491005,29.78029031452454,29.90871114931309,30.050795979594138,30.20705749150139,30.377992443574662,30.56406521369034,30.765693174026804,30.983239642525596,31.21702363807999,31.467351228491754
849.0,29.146836454515093,29.151826964175882,29.16682690259503,29.19192219551536,29.22725532077794,29.273024379694768,29.329481644568403,29.396931518744232,29.475727732119413,29.56626951303742,29.66899640047061,29.784381314772954,29.912921527765956,30.055127302137013,30.211508238382738,30.382557816843622,30.568737415208144,30.77046271017862,30.98809827786089,31.221968271792328,31.472385303260666
850.0,29.150207987158467,29.15520495345927,29.17022422421341,29.195351609609663,29.230729388802974,29.276555369346863,29.333081413453403,29.400611363936466,29.479498190341328,29.570140096694114,29.672975260333658,29.788474832439842,29.917133860542634,30.05945992869136,30.2159595872655,30.387123122880617,30.57340909737864,30.77523178924076,30.99295721365528,31.226914260465836,31.477421160152872
851.0,29.153583879658772,29.158587294047496,29.17362587114761,29.198785304441905,29.234207672017213,29.28009048343842,29.33668518407253,29.404295046434346,29.48327226698526,29.57401401072331,29.676957078915876,29.79257084301975,29.921348124440307,30.063793841869092,30.220411535641123,30.39168839222425,30.578080344665885,30.780000531645264,30.997816507837676,31.231861505495147,31.482458619352432
852.0,29.156964126229994,29.161973980078162,29.177031837277124,29.202223273367643,29.237690162860712,29.28362971296263,29.34029294533394,29.407982552415803,29.487049945023795,29.5778912348295,29.680941833270104,29.796669322455504,29.925564297074686,30.068129025954388,30.224864084334214,30.396253659344097,30.582751238938393,30.784769041237222,31.00267620162855,31.2368099198313,31.48749753151004
853.0,29.16034872103367,29.16536500562985,29.18044211640349,29.205665509635814,29.24117685363408,29.287173048745586,29.34390468596956,29.411673867907584,29.490831207351288,29.581771748766403,29.684929500678695,29.800770247166845,29.929782356969625,30.072465467050904,30.22931723733126,30.400818961422,30.587421858129087,30.789537407516956,31.007536324409017,31.241759426630974,31.492537770916684
854.0,29.16373765817448,29.16876036471792,29.183856702246675,29.209112006386345,29.24466773649809,29.29072048144881,29.347520394541082,29.415368978794497,29.494616036795176,29.58565553234883,29.68892005866872,29.804873594086928,29.934002283646365,30.07680315316456,30.233771001481983,30.405384337281426,30.59209227552702,30.7943057077566,31.01239689709658,31.24670995797467,31.49757923060886
855.0,29.16713093169598,29.172160051290373,29.187275588441587,29.212562756647937,29.24816280347354,29.294272001571933,29.351140059446024,29.419067870828535,29.498404416127045,29.58954256546507,29.692913485030374,29.808979340704475,29.938224057702804,30.081142074221564,30.23822538613026,30.409949826503436,30.596762559494344,30.7990740088769,31.017257934517232,31.251661453721525,31.502621818756282
856.0,29.170528535576413,29.175564059223927,29.190698768534816,29.216017753336082,29.25166204644135,29.297827599455623,29.354763668923777,29.422770529637866,29.502196328073673,29.593432828090148,29.696909757838537,29.81308746510836,29.942447660875864,30.08548222202965,30.24268040271937,30.414515468728954,30.60143277345655,30.80384236905987,31.02211944709366,31.25661386051274,31.507665455931203
857.0,29.173930463724695,29.178972382320193,29.19412623598155,29.21947698925133,29.255165457142866,29.30138726528464,29.358391211061782,29.426476940735743,29.505991755328143,29.597326300300217,29.700908855477035,29.81719794603148,29.946673076083332,30.089823590194225,30.247136064402888,30.419081303128227,30.60610297605981,30.80861083911168,31.026981442060528,31.26156713091426,31.512710073001774
858.0,29.17733670997656,29.18238501430205,29.19755798414265,29.222940457077765,29.25867302718043,29.30495098909104,29.362022673801665,29.430187089529404,29.50979068056118,29.60122296228817,29.70491075666472,29.821310762890985,29.950900287444114,30.094166174002208,30.251592385680727,30.423647368011416,30.610773221424004,30.81337946360487,31.031843924348117,31.266521222682396,31.517755609478197
859.0,29.180747268090812,29.18580194881016,29.20099400628198,29.226408149381655,29.262184748018075,29.308518760757543,29.365658044945448,29.43390096132894,29.51359308643292,29.605122794380414,29.708915440482258,29.82542589582261,29.955129280277973,30.098509970285097,30.256049382070973,30.42821370055392,30.61544355944449,30.818148281831903,31.03670689723031,31.271476098135075,31.522802012194585
860.0,29.184162131745822,29.189223179399676,29.204434295563885,29.229880058610373,29.26570061098249,29.312090570021027,29.369297312161823,29.437618541356336,29.517398955605067,29.609025777054615,29.712922886398612,29.82954332570772,29.959360041087077,30.10285497727115,30.260507069821994,30.432780336612307,30.62011403611243,30.822917328600468,31.041570362803153,31.276431723612657,31.527849234244304
861.0,29.187581294536106,29.192648699537134,29.20787884505088,29.23335617709149,29.26922060726411,29.31566640647613,29.372940462992453,29.441339814754578,29.521208270753583,29.61293189095804,29.71693307429617,29.83366303419223,29.9635925575224,30.107201194434268,30.264965465665213,30.437347310610328,30.624784693835085,30.827686634897216,31.04643432234024,31.28138806901431,31.532897234110035
862.0,29.19100474996916,29.196078502597505,29.211327647701513,29.23683649703206,29.272744727918436,29.31924625957898,29.37658748485844,29.445064766597035,29.525021014581814,29.616841116926214,29.720945984493635,29.83778500369732,29.967826818338157,30.111548622345254,30.269424586606483,30.44191465547826,30.6294555717447,30.832456228442737,31.051298776557573,31.28634510739805,31.537945974945483
863.0,29.194432491462415,29.19951258186145,29.214780696368486,29.240321010518112,29.276272963867477,29.32283011865108,29.38023836506685,29.448793381897005,29.52883716983399,29.620753436001422,29.72496159776609,29.841909217422256,29.972062813337413,30.11589726252944,30.273884449752813,30.446482402631972,30.634126705989804,30.83722613415665,31.05616372581152,31.291302814634456,31.542995423976723
864.0,29.1978645123404,29.202950930512745,29.21823798379689,29.24380970951435,29.279805305901366,29.32641797288332,29.38389309081741,29.452525645617545,29.532656719309024,29.624668829450645,29.72897989536171,29.846035659339925,29.97630053331155,30.120247117333193,30.27834507217043,30.45105058198118,30.63879813000575,30.84199637454851,31.061029170246705,31.296261169105698,31.548045551999223
865.0,29.201300805832105,29.206393541635933,29.221699502622673,29.247302585863984,29.283341744680182,29.33000981134008,29.387551649209346,29.45626154268149,29.53647964587435,29.62858727878263,29.733000859014975,29.850164314186006,29.980539969976164,30.124598189800807,30.282806470770257,30.45561922195865,30.64346987476339,30.846766970047323,31.065895109906347,31.301220151443037,31.553096332951835
866.0,29.20474136506851,29.2098404082141,29.225165245371308,29.250799631288793,29.286882270735877,29.333605622963553,29.391214027248388,29.46000105798168,29.54030593247979,29.632508765763706,29.737024470956186,29.854295167442643,29.984781115905232,30.128950483562413,30.287268662216867,30.460188349563968,30.64814196899605,30.851537939280224,31.070761544814204,31.306179744297047,31.558147743553757
867.0,29.20818618308029,29.213291523126898,29.22863520445661,29.254300837389366,29.290426874474413,29.337205396578156,29.39488021185395,29.46374417639133,29.544135562171117,29.636433272432203,29.7410507139175,29.858428205317654,29.98902396446526,30.13330400273307,30.291731662857412,30.46475799041711,30.652814439405674,30.85630929930888,31.07562847503497,31.311139932135703,31.563199762992966
868.0,29.211635252795748,29.216746879148733,29.232109372179767,29.257806195645482,29.293975546178,29.340809120895127,29.398550189866466,29.46749088277447,29.547968518103332,29.640360781111212,29.74507957113553,29.862563414720086,29.993268509750564,30.13765875182273,30.29619548866728,30.469328168818144,30.65748731084934,30.861081065830614,31.08049590071823,31.316100701066443,31.568252372657525
869.0,29.2150885670389,29.22020646894715,29.235587740728583,29.26131569741669,29.297528276007572,29.344416784517296,29.402223948054864,29.47124116199643,29.551804783553333,29.64429127441963,29.749111026350807,29.86670078323316,29.99751474652068,30.14201473565647,30.30066015520979,30.473898907810344,30.662160606507772,30.865853253350192,31.085363822129843,31.321062038678814,31.573305555902476
870.0,29.218546118527783,29.22367028508138,29.239070302176806,29.26482933394307,29.301085054005394,29.34802837594395,29.405901473124153,29.47499499893417,29.555644341931952,29.64822473528136,29.753145063804464,29.87084029908521,30.00176267014048,30.146371959304428,30.305125677607386,30.47847022924478,30.6668343480372,30.87062587532676,31.09023223967376,31.32602393390487,31.578359297846692
871.0,29.222007899872896,29.227138320001096,29.242557048483782,29.26834709634616,29.304645870097787,29.35164388357592,29.409582751723125,29.4787523784866,29.55948717679524,29.652161146932823,29.75718166823234,29.874981951119352,30.006012276523528,30.150730428020516,30.30959207052235,30.483042153844796,30.67150855570626,30.87539894430013,31.09510115390644,31.33098637689498,31.583413585195146
872.0,29.22547390357589,29.23061056604537,29.24604797149414,29.271868975630053,29.3082107140981,29.355263295720768,29.413267770452087,29.48251328558454,29.563333271854898,29.656100492928612,29.761220824856945,29.879125728762514,30.010263562078855,30.155090147189227,30.314059348145236,30.487614701269464,30.67618324851926,30.88017247199946,31.099970565545636,31.335949358907072,31.588468406082544
873.0,29.22894412202842,29.234087015441787,29.249543062937782,29.275394962682647,29.311779575709767,29.358886600598098,29.41695651587064,29.486277705200504,29.567182610987757,29.660042757145504,29.76526251937757,29.883271621994215,30.01451652366133,30.159451122279677,30.31852752418959,30.492187890175163,30.68085844432716,30.884946469437114,31.10484047547491,31.340912872207475,31.59352374993548
874.0,29.23241854751114,29.237567660305714,29.253042314429962,29.278925048277124,29.31535244452958,29.362513786345,29.42064897450543,29.490045622358057,29.571035178244358,29.663987923784887,29.76930673795889,29.887419621315598,30.018771158525688,30.163813358806117,30.32299661189169,30.496761738274923,30.685534159927666,30.889720946989872,31.109710884744825,31.345876909982106,31.598579607350292
875.0,29.235897172192967,29.24105249263984,29.256545717471596,29.282459223073523,29.318929310051068,29.36614484102159,29.42434513285781,29.4938170221408,29.57489095785655,29.667935977373705,29.773353467218303,29.891569717718916,30.02302746428404,30.16817686229426,30.327466624014203,30.50133626239508,30.690210411155334,30.894495914469463,31.11458179457176,31.35084146625656,31.603635969984605
876.0,29.239379988130434,29.244541504333817,29.260053263449723,29.285997477620537,29.32251016166802,29.36977975261659,29.42804497741143,29.497591889700896,29.578749934244083,29.67188690276404,29.777402694212306,29.895721902657858,30.027285438866944,30.172541638252646,30.331937572853096,30.505911478529146,30.694887212962904,30.899271381183894,31.11945320633474,31.355806535824183,31.608692830460647
877.0,29.242866987267313,29.248034687164104,29.263564943638155,29.289539802357442,29.326094988678168,29.373418509053018,29.431748494639734,29.501370210267094,29.58261209202029,29.67584068513148,29.781454406422164,29.899876168018785,30.031545080487685,30.17690769214856,30.336409470246853,30.510487401888824,30.69956457949471,30.904047355990897,31.124325121571083,31.360772114181046,31.613750182278814
878.0,29.246358161434337,29.251532032793992,29.267080749198264,29.293086187616193,29.32968378028698,29.377061098193842,29.435455671013145,29.505151969152234,29.58647741599682,29.679797309972404,29.785508591739077,29.9040325060931,30.035806387609792,30.181275029387866,30.340882327587597,30.515064046952084,30.704242524152978,30.908823847344678,31.12919754197092,31.365738197467216,31.61880801974027
879.0,29.24985350234918,29.255033532773837,29.270600671180024,29.29663662362368,29.33327652561155,29.380707507847696,29.43916649300623,29.508937151760232,29.590345891187475,29.683756763100266,29.789565238449015,29.908190909550786,30.040069358917428,30.18564365529827,30.345356155833556,30.51964142750843,30.70892105965781,30.913600863336818,31.134070469371085,31.370704782413462,31.623866337877324
880.0,29.253353001616517,29.258539178541387,29.274124700523096,29.30019110050411,29.336873213684584,29.384357725774542,29.442880947104467,29.51272574359249,29.59421750281119,29.68771903064113,29.79362433521739,29.912351371415284,30.04433399328858,30.190013575115632,30.34983096552245,30.524219556701343,30.713600198101435,30.918378411732203,31.138943905748565,31.375671866292876,31.62892513239078
881.0,29.256856650728388,29.262048961422387,29.277652828058198,29.303749608281553,29.340473833458496,29.38801173969129,29.44659901981087,29.516517730253756,29.598092236294217,29.691684099028368,29.79768587107378,29.916513885039542,30.048600289770793,30.194384793972834,30.354306766785616,30.52879844706812,30.71827995099741,30.923156500000566,31.143817853213648,31.38063944687686,31.633984399593377
882.0,29.260364441064613,29.26556287263127,29.281185044508543,29.3073121368826,29.344078373809534,29.39166953727741,29.45032069765228,29.520313097457464,29.60197007727159,29.69565195499684,29.801749835396656,29.92067844408351,30.052868247559267,30.19875731689096,30.358783569362433,30.53337811057708,30.722960329325222,30.927935135344306,31.148692314002943,31.385607522395027,31.63904413635858
883.0,29.263876363893452,29.269080903272073,29.2847213404915,29.310878676139165,29.347686823542002,29.39533110618038,29.454045967185362,29.52411183103048,29.605851011587863,29.69962258557656,29.80581621789842,29.92484504249282,30.057137865977136,30.203131148772375,30.363261382614972,30.53795855866241,30.727641343570788,30.932714324723026,31.15356729047237,31.390576091498602,31.644104340074225
884.0,29.267392410372416,29.272603044339473,29.288261706520373,29.31444921579138,29.351299171392448,29.39899643402111,29.45777481500232,29.527913916917345,29.609735025297216,29.703595978085914,29.809885008610642,29.929013674478842,30.061409144457723,30.207506294395525,30.36774021554266,30.5425398022567,30.73232300376328,30.93749407487523,31.158442785090173,31.395545153226966,31.649165008600367
885.0,29.270912571549246,29.276129286720014,29.29180613300631,29.318023745490606,29.354915406033967,29.402665508399192,29.46150722773629,29.53171934118402,29.613622104663033,29.707572120124613,29.813956197869693,29.933184334499895,30.065682082528642,30.211882758411157,30.372220076796815,30.547121851821295,30.737005319508626,30.942274392337502,31.163318800430083,31.40051470697706,31.65422614023096
886.0,29.274436838363055,29.279659621193503,29.295354610260393,29.321602254802528,29.358535516080448,29.406338316898026,29.465243192066385,29.535528090021085,29.61751223615688,29.71155099956635,29.818029776302758,29.93735701724372,30.06995667979757,30.21626054533977,30.37670097469497,30.55170471737465,30.741688300020037,30.947055283461594,31.16819533916462,31.4054847524753,31.659287733658925
887.0,29.27796520164562,29.283194038434534,29.29890712849581,29.325184733210357,29.362159490090814,29.410014847089855,29.46898269472245,29.539340149746526,29.621405406457093,29.715532604551328,29.822105734814304,29.941531717611085,30.074232935939495,30.220639659570107,30.3811829172349,30.556288408518768,30.746371954145825,30.95183675442951,31.17307240405856,31.41045528975182,31.66434978794425
888.0,29.28149765212285,29.28673252901416,29.3024636778302,29.328771170118053,29.365787316573282,29.413695086540553,29.47272572248949,29.543155506808038,29.6253016024469,29.719516923478654,29.82618406457299,29.945708430700492,30.07851085068537,30.225020105358585,30.38566591210829,30.560872934463863,30.75105629039483,30.956618811267003,31.177949997962674,31.415426319116833,31.66941230248487
889.0,29.28503418041639,29.29027508340172,29.30602424828807,29.332361554853673,29.36941898398958,29.41737902281432,29.47647226221174,29.546974147784915,29.629200811212197,29.72350394499867,29.830264756999078,29.94988715179393,30.082790423811996,30.229401886829393,30.390149966714006,30.56545830405138,30.755741316959625,30.96140145985557,31.18282812380764,31.42039784113883,31.67447527698993
890.0,29.28857477704536,29.293821691966823,29.309588829803367,29.335955876672735,29.373054480759055,29.421066643478156,29.480222300796477,29.550796059389533,29.633103020039,29.72749365800528,29.834347803752344,29.954067876343622,30.08707165513306,30.233785007975296,30.39463508817092,30.570044525775455,30.760427041737778,30.96618470594315,31.187706784598216,31.425369856624542,31.679538711455354
891.0,29.29211943242829,29.297372344981405,29.31315741222208,29.33955412476161,29.376693795262845,29.424757936106193,29.483975825217474,29.554621228468484,29.63700821641062,29.731486051628345,29.838433196720487,29.958250599959715,30.091354544491146,30.23816947265893,30.399121283330288,30.574631607802928,30.765113472351295,30.970968555153693,31.192585983407678,31.43034236660046,31.684602606141357
892.0,29.295668136885087,29.300927032621964,29.31672998530502,29.343156288240966,29.380336915847874,29.428452888283775,29.487732822518197,29.558449642003357,29.640916388004605,29.73548111522605,29.842520928008035,29.96243531839885,30.095639091750705,30.24255528461452,30.40360855878767,30.57921955799204,30.769800616164474,30.975753012995735,31.197465723372456,31.43531537229575,31.689666961551815
893.0,29.299220880639233,29.304485744971885,29.320306538730613,29.34676235616925,29.38398383083085,29.432151487611453,29.491493279814666,29.562281287111183,29.644827522689475,29.739478838377497,29.846610989925765,29.96662202755353,30.099925296791838,30.246942447449985,30.408096920894362,30.583808383909847,30.774488480300242,30.980538084870062,31.20234600768708,31.440288875126523,31.694731778415235
894.0,29.302777653820026,29.308048472023888,29.323887062097786,29.350372317546118,29.387634528502126,29.43585372170867,29.49525718429807,29.566116151044632,29.6487416085213,29.743479210875257,29.85070337498062,29.970810723442312,30.10421315950481,30.251330964649306,30.412586375768367,30.588398092848536,30.779177071655226,30.985323776076605,31.207226839599308,31.445262876681227,31.699797057667286
895.0,29.306338446464988,29.311615203682546,29.327471544928947,29.353986161315923,29.39128899712952,29.43955957821738,29.499024523237107,29.569954221191892,29.65265863374013,29.74748222271824,29.85479807586607,29.975001402200704,30.10850267978527,30.25572083957513,30.41707692930488,30.592988691840574,30.78386639691356,30.990110091820604,31.212108222405536,31.45023737870718,31.704862800434622
896.0,29.30990324852233,29.315185929766923,29.331059976672975,29.357603876371197,29.394947224962007,29.443269044805344,29.50279528398007,29.573795485076342,29.656578586766347,29.75148786410457,29.858895085453018,29.979194060072686,30.112793857530043,30.26011207547157,30.42156858718635,30.597580187672946,30.788556462559615,30.994897037218212,31.216990159446397,31.455212383098058,31.709929008019987
897.0,29.31347204985354,29.318760640013313,29.33465234670828,29.361225451556056,29.39860920023332,29.446982109169372,29.506569453956672,29.57763993035599,29.660501456196886,29.755496125424724,29.862994396781076,29.983388693402976,30.117086692633457,30.2645046754671,30.426061354892028,30.6021725869004,30.79324727488974,30.99968461730146,31.221872654102622,31.46018789188232,31.714995681888432
898.0,29.317044840236072,29.32233932407799,29.3382486443459,29.364850875669646,29.402274911165467,29.450698759038286,29.510347020679664,29.5814875448227,29.66442723080147,29.759506997254828,29.86709600305035,29.987585298629767,30.121381184984184,30.268898642577586,30.430555237707132,30.606765895857848,30.79793884002306,31.00447283702285,31.2267557097911,31.46516390721247,31.720062823654583
899.0,29.32062160936606,29.325921971540097,29.341848858832638,29.368480137469525,29.405944345972102,29.454418982175746,29.51412797174622,29.585338316401288,29.668355899518723,29.76352047035012,29.871199897613625,29.991783872278074,30.125677334462498,30.273293979709372,30.435050240731563,30.61136012067196,30.802631163911474,31.00926170125937,31.23163932996114,31.470140431355063,31.725130435070845
900.0,29.32420234686117,29.329508571904544,29.345452979354192,29.372113225675037,29.409617492861834,29.458142766382885,29.51791229483915,29.589192233148374,29.67228745145234,29.767536535638644,29.875306073968954,29.995984410953564,30.129975140937905,30.277690689662403,30.4395463688882,30.615955267272035,30.807324252348863,31.01405121481624,31.23652351809094,31.475117466681436,31.73019851801647
901.0,29.327787042263466,29.333099114604984,29.349060995038325,29.3757501289706,29.413294340041357,29.46187009950078,29.52169997772784,29.59304928325119,29.676221875867217,29.77155518421513,29.879414525752644,30.00018691133687,30.134274604267144,30.282088775133364,30.444043626930835,30.620551341400112,30.812018110979633,31.018841382431145,31.241408280341165,31.480095792803137,31.73531452914055
902.0,29.331375685042353,29.336693589006813,29.352672894958047,29.379390836008984,29.416974875718566,29.465600969412748,29.525491008269128,29.596909455026182,29.68015916218557,29.77557640733504,29.883525246732628,30.004391370178322,30.13857572429248,30.28648823871883,30.448542019451647,30.625148348620574,30.816712745328843,31.02363221274584,31.246293916246955,31.485083399339228,31.74049365333362
903.0,29.33496826459757,29.34029198441023,29.35628866813476,29.38303533541451,29.420659088105456,29.4693353640465,29.529285374407902,29.600772736917573,29.68409929998315,29.779600196408893,29.88763823080218,30.00859778429311,30.142878500840272,30.29088908291838,30.45304155088856,30.629746294351587,30.821408162591734,31.028423787264735,31.251181885494198,31.490087126061745,31.745710054452832
904.0,29.338564770262195,29.343894290053278,29.35990830354142,29.386683615786218,29.424346965420973,29.473073271376116,29.533083064177635,29.604639117495772,29.688042278985407,29.783626542996725,29.891753471973985,30.012806150556777,30.147182933719805,30.295291310137824,30.45754222554326,30.634345184426802,30.826104386364324,31.033216410135523,31.25607422274273,31.49510854343624,31.75095546952568
905.0,29.34216519130571,29.347500495114968,29.363531790105718,29.390335665700924,29.428038495893734,29.476814679423885,29.53688406570069,29.60850858545573,29.691988089063756,29.787655438802748,29.895870964374502,30.01701646590111,30.151489022722373,30.299694922696343,30.462044047736356,30.638945028269948,30.830801487874496,31.03801062059072,31.26097264530528,31.50014747964164,31.7562254881142
906.0,29.34576951693707,29.35111058871835,29.367159116713164,29.393991473716287,29.43173366776463,29.480559576262007,29.540688367188572,29.612381129615255,29.69593672023188,29.79168687567028,29.899990702238682,30.021228727310337,30.1557967676218,30.30409992286731,30.46654702251711,30.643545845995032,30.835499608138527,31.042807077804603,31.265878375857046,31.505203301218724,31.76151723120654
907.0,29.34937773630782,29.35472455993363,29.370790272210222,29.39765102837374,29.43543246928932,29.484307950014152,29.544495956942,29.616256738913197,29.69988816264211,29.795720845576763,29.904112679904962,30.025442931817977,30.160106168183276,30.308506313042393,30.471051157344224,30.648147676629208,30.840198956271813,31.04760645266602,31.270792232851598,31.510275281044056,31.766828623940953
908.0,29.352989838515136,29.358342397781286,29.374425245407362,29.401314318201386,29.439134888740632,29.488059788856877,29.548306823350895,29.620135402407687,29.703842406581796,29.79975734062907,29.908236891810617,30.029659076505943,30.16441722420075,30.31291409613854,30.47555646457389,30.65275058356587,30.844899792156983,31.052409366716223,31.275714747008298,31.51536270951424,31.77215807831165
909.0,29.35660581260499,29.361964091235137,29.37806402508211,29.404981331716815,29.442840914410816,29.491815081020953,29.55212095489425,29.624017109274234,29.70779944246986,29.803796353058956,29.912363332487896,30.03387715851062,30.168729935595497,30.317323276297735,30.480062964069752,30.657354655772185,30.84960240536293,31.057216367471597,31.280646251322885,31.52046492741531,31.777504328128753
910.0,29.360225647575213,29.365589629225447,29.381706599982046,29.408652057429826,29.446550534613742,29.49557381479254,29.55593834013991,29.62790184880389,29.711759260853338,29.807837875218837,29.916491996561977,30.038097175044566,30.17304430260521,30.32173385980717,30.48457068524883,30.661960005505605,30.854307096905703,31.0620279238561,31.28558694347213,31.525581332706185,31.782866333227563
911.0,29.363849332378578,29.369219000641962,29.385352958827735,29.412326483845135,29.450263737686967,29.49933597851427,29.55975896774429,29.63178961040131,29.715721852404076,29.81188189957815,29.920622878753118,30.042319123444557,30.177360326071696,30.326145856085308,30.48907966820698,30.666566764039842,30.8590141658222,31.066844430956667,31.290536927996456,31.53071137835066,31.788243219454333
912.0,29.36747685592588,29.372852194336975,29.389003090315672,29.416004599464912,29.453980511993695,29.50310156058622,29.563582826451963,29.635680383582883,29.7196872079156,29.815928418720855,29.924755973886285,30.046543001254424,30.18167800780879,30.330559278573155,30.49358996390369,30.67117507670689,30.863723900284214,31.071666218306987,31.295496244840535,31.535854567315315,31.793634238864698
913.0,29.37110820708897,29.376489199128304,29.392656983121114,29.41968639279132,29.457700845924656,29.506870549466786,29.567409905095236,29.639574157974845,29.723655318300306,29.819977425345147,29.928891276912033,30.05076880634585,30.185997351012535,30.334974145416574,30.498101633584895,30.675785098097492,30.86843657226764,31.07649355889699,31.300464888858794,31.541010447012386,31.799038742133817
914.0,29.37474337470378,29.380130003802297,29.396314625900878,29.423371852328962,29.461424727899878,29.51064293367345,29.571240192593628,29.64347092331145,29.72762617458728,29.824028912266595,29.933028782941726,30.05499653707305,30.19031836066984,30.33939047988666,30.502614747688277,30.68039698785103,30.873152434757905,31.081326677676227,31.30544282331786,31.54617860402558,31.804456158741644
915.0,29.37838234757331,29.383774597116716,29.399976007296107,29.42706096658721,29.465152146370393,29.514418701783505,29.575073677953355,29.647370669433307,29.731599767921185,29.828082872426293,29.937168487298653,30.059226192451987,30.194641043926808,30.343808310536946,30.507129384460356,30.685010907190478,30.877871720661645,31.08616575909206,31.310429989365737,31.551358659391205,31.809885982322367
916.0,29.382025114470576,29.387422967803673,29.403641115934935,29.43075372408251,29.468883089819805,29.518197842434645,29.578910350266725,29.65127338628601,29.735576089562798,29.83213929890518,29.941310385584718,30.063457772351345,30.19896541038901,30.348227671129276,30.51164562846575,30.68962701620137,30.882594642813437,31.091010953564517,31.31542631275295,31.556550264482173,31.81532775956547
917.0,29.3856716641415,29.391075104572447,29.407309940435134,29.43445011334056,29.47261754676582,29.52198034432551,29.582750198711675,29.65517906391926,29.73955513089169,29.836198184945523,29.945454473760428,30.067691277681966,30.20329147233857,30.352648600375954,30.516163569114575,30.694245471778206,30.887321394651263,31.09586238295615,31.320431708654333,31.56175309745705,31.820781081632123
918.0,29.38932198530781,29.39473099611229,29.41098246940667,29.438150122898463,29.47635550576168,29.525766196216214,29.586593212551335,29.659087692486693,29.7435368834118,29.840259523979736,29.94960074823451,30.071926710573106,30.207619244864084,30.357071141549056,30.52068329928677,30.698866426134153,30.89205215127346,31.10072014515365,31.32544608515945,31.56696686020824,31.82624557739782
919.0,29.392976066669814,29.398390631095157,29.414658691454203,29.441853741306755,29.480096955397507,29.529555386928777,29.590439381133795,29.662999262246757,29.747521338760244,29.84432330966624,29.953749205958843,30.076164074526247,30.211948745907456,30.36149534200392,30.525204914096417,30.703490025767614,30.896787070688664,31.105584317890347,31.330469345817747,31.57219127573936,31.831720908050062
920.0,29.396633896909194,29.402053998178406,29.418338595179524,29.445560957131402,29.4838418843016,29.533347905347657,29.594288693892246,29.66691376356484,29.751508488719722,29.848389535931425,29.957899844524054,30.08040337454054,30.216279996237038,30.36592125265611,30.529728509814095,30.708116410789287,30.901526295137803,31.11045496193175,31.335501391504444,31.577426085907025,31.837206762710323
921.0,29.400295464691727,29.40572108600743,29.42202216918394,29.449271758955692,29.487590281141692,29.53714374042025,29.598141140345472,29.67083118691695,29.755498325234598,29.85245819701632,29.96205266225161,30.084644617206628,30.220613019359064,30.37034892744282,30.53425418294917,30.7127457145274,30.906269952413094,31.115332123731772,31.340542121793057,31.5826710494705,31.842702854843324
922.0,29.4039607586699,29.409391883218206,29.42570940207056,29.452986135382098,29.49134213462613,29.54094288115757,29.601996710099012,29.67475152289519,29.75949084043043,29.85652928752633,29.966207658278773,30.08888781076822,30.224947841380345,30.37477842279154,30.538782029483922,30.717378063343673,30.9110181571291,31.120215837651035,31.345591435966266,31.587925940401014,31.848208919280403
923.0,29.407629767485552,29.413066378439837,29.429400282446547,29.456704075034043,29.495097433505112,29.544745316635037,29.605855392846994,29.67867476221502,29.76348602663668,29.860602802482372,29.970364832633674,30.093132965152574,30.229284490834527,30.379209797111937,30.543312144246357,30.722013576605885,30.91577101192062,31.125106127813694,31.350649233759203,31.593190546410483,31.853724709728127
924.0,29.4113024797724,29.416744560296994,29.43309479892532,29.46042556655764,29.49885616657187,29.548551035993615,29.609717178374815,29.682600895724548,29.76748387641199,29.864678737371584,29.974524186298652,30.097380091972408,30.23362299848317,30.383643110321287,30.547844620406178,30.726652366774683,30.920528608555152,31.130003009665607,31.355715415903607,31.598464667665887,31.85924999666494
925.0,29.414978884158497,29.42042641741229,29.436792940128637,29.464150598623394,29.502618322663967,29.55236002844116,29.613582056562812,29.68652991441555,29.771484382571483,29.868757088196194,29.978685721260657,30.101629204502554,30.237963397101314,30.38807842340949,30.55237954907777,30.731294539571604,30.92529102895558,31.134906491285562,31.360789884522603,31.6037481156615,31.864784565551474
926.0,29.418658969268694,29.424111938408625,29.44049469468868,29.46787915992788,29.50638389066463,29.556172283254256,29.617450017390887,29.690461809436368,29.775487538215256,29.87283785151916,29.982849440548424,30.105880317635044,30.242305721255512,30.392515798046414,30.556917019014918,30.73594019420301,30.930058346133723,31.13981657449193,31.365872543413023,31.609040712225557,31.87032821529675
927.0,29.42234272372695,29.427801111911457,29.444200051250085,29.471611239195397,29.510152859504267,29.559987789780475,29.621321050944246,29.69439657210624,29.779493336757472,29.876921024505524,29.98701534825647,30.110133447816388,30.246650007080735,30.396955296232125,30.561457116383043,30.740589423620758,30.93483062503844,31.14473325577919,31.370963298242675,31.614342288642096,31.875880756935082
928.0,29.42603013615868,29.431493926551017,29.447908998471892,29.475346825179653,29.513925218162118,29.563806537441167,29.625195147420126,29.698334193930968,29.783501771955265,29.8810066049587,29.99118344955664,30.114388612970796,30.250996292061156,30.401396979988792,30.565999924596316,30.745242314805132,30.93960792332355,31.14965652711281,31.376062056683097,31.61965268487168,31.881442012477873
929.0,29.429721195192965,29.435190370964456,29.45162152502951,29.479085906665496,29.517700955668165,29.567628515734807,29.629072297135576,29.70227466661954,29.787512837936827,29.885094591351162,29.995353750698033,30.11864583241265,30.255344614818423,30.40584091109233,30.570545524208498,30.749898949059247,30.944390292041525,31.1545863766057,31.381168728493318,31.62497174885751,31.887011813911723
930.0,29.433415889464754,29.43889043379798,29.455337619616632,29.482828472470707,29.521480061105247,29.571453714240967,29.632952490536134,29.706217982101425,29.79152652922813,29.889184982849276,29.999526258996433,30.122905126751302,30.259695014910164,30.410287150840826,30.575093992847947,30.75455940230697,30.949177776269376,31.15952278909537,31.3862832255664,31.6302993359054,31.89259000231955
931.0,29.437114207617004,29.442594103708913,29.459057270947167,29.486574511447873,29.52526252361152,29.575282122624856,29.63683571820536,29.710164132544172,29.795542840777795,29.893277779332095,30.00370098281456,30.127166517790922,30.26404753264044,30.414735759856896,30.579645405188575,30.75922374538868,30.953970415672725,31.16446574663757,31.391405461947798,31.63563530812803,31.89817642710617
932.0,29.44081613830275,29.44630136936773,29.462780467757163,29.490324012486376,29.529048332383187,29.579113730642465,29.64072197087504,29.71411311037111,29.799561767979718,29.89737298140433,30.007877931534285,30.131430028427598,30.268402208883188,30.41918679792066,30.584199832949807,30.763892044350705,30.95876824501414,31.1694152289295,31.396535353832306,31.64097953394528,31.903770945312687
933.0,29.444521670187218,29.45001221946009,29.466507198806774,29.494076964514537,29.532837476677624,29.5829485281463,29.644611239435978,29.718064908278645,29.80358330669316,29.90147059040359,30.012057115522175,30.135695682545638,30.272759084919297,30.423640323830224,30.588757344919678,30.768564360725613,30.963571294611175,31.17437121367337,31.40167281954508,31.64633188763363,31.909373421007206
934.0,29.448230791949808,29.453726642688828,29.470237452882262,29.49783335650192,29.536629945816813,29.586786505091645,29.648503514949205,29.72201951925314,29.807607453260104,29.905570608402282,30.016238546089514,30.139963504914657,30.277118202287298,30.428096395286747,30.593318006996224,30.77324075180153,30.96837959074915,31.17933367688943,31.406817779510657,31.651692248918692,31.91498372474118
935.0,29.45194349228614,29.45744462777599,29.47397121879807,29.501593177461817,29.540425729191156,29.590627651543297,29.652398788657408,29.7259769365869,29.81163420451976,29.909673038204566,30.020422235447967,30.144233521088637,30.2814796026476,30.432555068801097,30.597881882243072,30.777921270879265,30.97319315605339,31.18430259318586,31.41197015621329,31.657060502605823,31.920601733062533
936.0,29.45565975991006,29.461166163464835,29.477708485398978,29.50535641645393,29.544224816263664,29.594471957682735,29.65629705199647,29.729937153893168,29.81566355782015,29.913777883338756,30.024608196661866,30.148505757308044,30.285843327659748,30.437016399619626,30.60244903095588,30.78260596751665,30.978012009825054,31.189277935991974,31.417129874150927,31.66243653824433,31.92622732807829
937.0,29.459379583555677,29.464891238521897,29.481449241562338,29.5091230625873,29.548027196574473,29.598319413815656,29.660198296607,29.733900165120048,29.819695511026826,29.9178851480457,30.028796443598097,30.152780240405598,30.290209418872173,30.441480441666574,30.607019510736844,30.78729488775979,30.982836168344313,31.19425967775998,31.422296859784844,31.667820249821492,31.931860397060323
938.0,29.46310295197939,29.468619841739095,29.485193476200433,29.512893105023412,29.551832859745687,29.60217001037975,29.6641025143456,29.73786596456298,29.823730062528757,29.921994837263533,30.032986990874395,30.157056997716417,30.294577917623755,30.44594724750096,30.61159337657503,30.791988074361363,30.987665645144347,31.199247790139708,31.427471041486356,31.673211535483198,31.93750083208891
939.0,29.466829853961997,29.472351961935903,29.488941178262994,29.516666532979578,29.555641795486533,29.606023737952707,29.668009697295865,29.741834546875918,29.82776721124149,29.926106956609384,30.037179853806744,30.16133605699274,30.298948864956436,30.450416868286034,30.616170680930615,30.796685566986138,30.99250045125907,31.204242244130214,31.432652349481785,31.678610297278183,31.943148529729633
940.0,29.47056027831084,29.476087587961572,29.49269233673982,29.520443335732505,29.559453993598794,29.60988058726033,29.671919837778926,29.745805907081014,29.831806956607732,29.930221512358376,30.041375048356517,30.165617446323576,30.30332230153812,30.45488935376954,30.620751473821628,30.801387402404067,30.99734059544736,31.209243010211342,31.437840715796522,31.684016440923482,31.94880339073962
941.0,29.474294213861985,29.479826708697484,29.49644694066358,29.52422350262213,29.56326944398246,29.613740549184683,29.67583292836344,29.74978004057677,29.83584929859553,29.93433851142043,30.045572591077885,30.169901194059328,30.30769826759509,30.45936475227324,30.625335802911852,30.806093614671553,31.002186084396257,31.214250058458042,31.44303607419893,31.68942987558888,31.954465319799922
942.0,29.478031649482578,29.483569313059583,29.500204979112716,29.528007023055654,29.56708813664159,29.617603614772204,29.679748961874996,29.753756943144698,29.83989423769421,29.938457961315294,30.049772499065924,30.174187328741482,30.312076802853113,30.46384311069032,30.629923713599027,30.810804235301312,31.00703692290516,31.219263358639747,31.448238360144536,31.69485051369844,31.960134225270934
943.0,29.481772574073172,29.48731539000092,29.50396644121459,29.531793886511757,29.570910061690334,29.621469775241703,29.68366793140478,29.757736610954474,29.84394177490826,29.942579870146062,30.053974789905766,30.178475879037244,30.31645794648662,30.46832447448957,30.63451524910252,30.81551929342146,31.011893114053038,31.224282880306767,31.453447510720988,31.700278270747418,31.965810018968558
944.0,29.485516976570292,29.491064928514344,29.50773131614877,29.535584082545046,29.574735209359044,29.6253390219922,29.687589830317517,29.7617190405676,29.84799191174937,29.9467042465717,30.058179481623135,30.18276687367909,30.320841737075096,30.472808887725172,30.63911045054986,30.8202388159244,31.01675465935032,31.229308592865433,31.458663464593982,31.705713065133047,31.971492615958788
945.0,29.489264845949013,29.494817917635324,29.511499593150447,29.53937760079067,29.578563570000483,29.629211346610486,29.691514652258583,29.765704228939647,29.852044650226834,29.950831099778707,30.062386592636425,30.187060341409016,30.325228212566135,30.477296393051226,30.643709357061653,30.82496282760612,31.021621558877044,31.234340465643456,31.463886161954477,31.71115481799796,31.977181934368815
946.0,29.49301617122574,29.498574346444897,29.515271261514048,29.543174430969025,29.582395134096046,29.633086740878426,29.695442391160334,29.76969217342112,29.856099992836455,29.95496043945234,30.06659614171058,30.191356310927375,30.329617410244463,30.481787031740243,30.648312005834534,30.829691351296415,31.026493811408592,31.239378467946704,31.469115544467233,31.716603453084968,31.982877895213072
947.0,29.49677094146112,29.502334204072795,29.519046310597027,29.546974562890664,29.58622989226195,29.6369651967799,29.699373041247572,29.773682871757035,29.860157942548206,29.959092275747555,30.070808147912846,30.195654810846072,30.33400936670632,30.486280843704865,30.652918432221917,30.83442440798067,31.031371414530188,31.24442256910857,31.4743515552209,31.72205889660222,31.98858042223262
948.0,29.500529145763046,29.506097479700678,29.52282472982374,29.55077798646127,29.590067835255393,29.64084670650734,29.703306597042143,29.777676322085256,29.864218502792774,29.963226619259927,30.075022630570494,30.19995586964588,30.338404117838767,30.4907778675222,30.65752866981227,30.839162016913722,31.03625436474134,31.24947273853275,31.479594138679637,31.727521077097833,31.994289441746687
949.0,29.504290773289867,29.509864162565545,29.52660650868954,29.554584691686717,29.59390895398059,29.644731262467875,29.70724305336674,29.7816725229337,29.868281677447175,29.967363480996713,30.0792396092306,30.20425951563769,30.342801698803267,30.495278140460318,30.662142750504845,30.843904195726275,31.04114265755113,31.25452894573038,31.484843240636362,31.732989925343116,32.00000488251515
950.0,29.508055813253712,29.513634241963288,29.530391636764946,29.55839466867818,29.59775323949471,29.648618857289016,29.711182405347817,29.785671473216464,29.872347470819626,29.971502872348232,30.083459103621905,30.208565776927472,30.34720214402323,30.499781698506332,30.666760704582728,30.84865096052442,31.046036287565254,31.25959116035214,31.490098808167573,31.73846537422366,32.005726675610966
951.0,29.51182425492397,29.517407707252392,29.534180103699928,29.562207907657264,29.60160068301361,29.652509483823852,29.715124648417703,29.789673172229012,29.876415887633758,29.975644805059723,30.087681133618716,30.212874681384655,30.35160548717493,30.504288576395822,30.671382560783275,30.853402325982678,31.050935248565562,31.26465935221592,31.495360789589842,31.743947358637662,32.0114547543016
952.0,29.515596087630907,29.521184547857757,29.53797189922833,29.566024398961165,29.605451275917407,29.656403135155774,29.719069778315966,29.79367761964247,29.88048693301238,29.979789291203723,30.09190571920691,30.217186256613807,30.356011761181623,30.508798807643142,30.676008346365727,30.85815830543102,31.055839533582834,31.269733491330708,31.500629134417867,31.749435815400815,32.01718905393881
953.0,29.519371300769446,29.524964753274634,29.541767013172347,29.56984413304775,29.60930500975579,29.660299804602687,29.723017791089962,29.79768481549711,29.884560612460866,29.98393634315317,30.09613288045194,30.221500529929305,30.360420998210294,30.513312424572383,30.680638087176202,30.86291891093625,31.06074913496341,31.274813547917056,31.50590379332412,31.75493068315732,32.02292951185575
954.0,29.523149883803036,29.528748313072718,29.54556543544705,29.57366710050068,29.61316187625314,29.664199485720726,29.726968683094675,29.801694760195115,29.888636931850286,29.988085973555208,30.100362637468837,30.225817528332836,30.364833229670886,30.51782945834878,30.685271807710063,30.86768415337823,31.0656640444302,31.279899492424498,31.5111847181,31.760431902296432,32.02867606727116
955.0,29.526931826267667,29.532535216900325,29.549367156065017,29.57749329203437,29.617021867313333,29.66810217230746,29.73092245099189,29.80570745449277,29.892715897400425,29.99223819530583,30.10459501039415,30.230137278493494,30.369248486217618,30.522349939010233,30.68990953117155,30.872454042521106,31.070584253138666,31.284991295546458,31.516471861618538,31.7659394148742,32.03442866119967
956.0,29.530717117775986,29.53632545448865,29.553172165140943,29.581322698498905,29.620884975024293,29.672007858404577,29.73487909174867,29.809722899491998,29.89679751566274,29.996393021525353,30.108830019359754,30.234459806730314,30.373666797752197,30.526873895498927,30.694551279531012,30.87722858708007,31.075509751728124,31.29008892823274,31.521765177798486,31.771453164539906,32.040187236368006
957.0,29.53450574802154,29.540119015656124,29.556980452896287,29.585155310884847,29.624751191662238,29.675916538300115,29.738838602635262,29.813741096631556,29.90088179350333,30.000550465534797,30.113067684468483,30.23878513899702,30.37808819342865,30.531401355692758,30.699197073579512,30.88200779478388,31.080440530368872,31.295192361700035,31.527064621569878,31.776973096466932,32.04595173713641
958.0,29.538297706783055,29.54391589031281,29.560792009663903,29.588991120327893,29.62862050969562,29.679828206530132,29.742800981222437,29.817762047677693,29.90496873808603,30.004710540833184,30.11730802577146,30.24311330086883,30.382512701659582,30.53593234643656,30.703846932981165,30.886791672433418,31.085376578805473,31.300301567440613,31.53237014884091,31.78249915728765,32.05172210942501
959.0,29.542092983928793,29.547716068464872,29.564606825892653,29.592830118113394,29.632492921788746,29.683742857879995,29.746766225378266,29.821785754714554,29.909058356855688,30.008873261075763,30.121551063247143,30.24744431753121,30.386940350123645,30.540466893572923,30.70850087632304,30.89158022595657,31.09031788639653,31.305416517229407,31.53768171646614,31.78803129503207,32.05749830064463
960.0,29.54589156942102,29.551519540219065,29.568424892151988,29.596672295680712,29.636368420805073,29.687660487385124,29.75073433326444,29.825812220134267,29.91315065752164,30.013038640053207,30.1257968167819,30.2517782137703,30.391371165774114,30.545005021972592,30.713158921162893,30.89637346045969,31.095264442151244,31.310537183129735,31.54299928221592,31.793569459070014,32.06328025963181
961.0,29.549693453320447,29.55532629578723,29.572246199136465,29.600517644627402,29.64024699981023,29.691581090331333,29.754705303332138,29.82984144662684,29.917245648041476,30.017206691671685,30.130045306152155,30.256115013964955,30.395805174848313,30.549546755564354,30.71782108407469,30.901171380275866,31.1002162347631,31.31566353749632,31.54832280038114,31.79911232301981,32.0689899570495
962.0,29.55349862579072,29.559136325490815,29.576070737670182,29.604366156713194,29.644128652074606,29.695504662254745,29.758679134317504,29.83387343716987,29.921343336605116,30.021377429933942,30.1342965510079,30.260454742080274,30.400242402877858,30.554092117364334,30.722487380692098,30.905973989010107,31.10517325260427,31.320795546457276,31.553651744062112,31.804646714082075,32.074602395393086
963.0,29.55730707710292,29.562949619765345,29.579898498711145,29.6082178238638,29.648013371075756,29.699431198941287,29.762655825236752,29.837908195018123,29.925443731619243,30.025550868921282,30.138550570857646,30.26479742166246,30.404682874699507,30.55864112950471,30.72715782574975,30.91078128954477,31.110135480825566,31.32593305660544,31.55898368081241,31.81016135025312,32.080159986108484
964.0,29.561118797640052,29.566766169164886,29.58372947335551,29.612072638174485,29.651901150500354,29.70336069642583,29.76663537538095,29.841945723693108,29.929546841692108,30.029727022776434,30.142807385054592,30.26914307583486,30.409126614466583,30.56319381326151,30.731832433104373,30.915593283170217,31.115102877187887,31.331075548877987,31.56431523419602,31.815653609541307,32.085676264998185
965.0,29.564933777901516,29.570585964366458,29.587563652841723,29.615930591913443,29.65579198424592,29.707293150990907,29.770617784310502,29.84598602697254,29.93365267561874,30.03390590568734,30.14706701278403,30.27349172729517,30.413573645660694,30.567750189075262,30.736511215528214,30.9204099644185,31.12007532077655,31.3362221181166,31.569643550058544,31.821123734161006,32.0911584385025
966.0,29.568752008507502,29.574408996174355,29.591401028554532,29.619791677524937,29.659685866422183,29.71122855916518,29.774603051849414,29.85002910887987,29.937761242366598,30.038087531871824,30.151329473051934,30.277843398313543,30.418023991101798,30.57231027651554,30.741194183588966,30.925231309443358,31.125052575624633,31.341371662279126,31.574966587830318,31.826572726064324,32.09661119778792
967.0,29.572573480203378,29.57823525552444,29.595241592028874,29.62365588763222,29.66358279135221,29.715166917721465,29.778591178079303,29.85407497367384,29.94187255106161,30.042271915563074,30.155594784674534,30.282198110731102,30.422477672945224,30.576874094042036,30.74588134293177,30.93005726255239,31.13003429351843,31.34652306028593,31.580282971924202,31.832001742221706,32.102037913784514
968.0,29.576398183863994,29.582064733488295,29.599085334953546,29.627523215040245,29.667482753573115,29.71910822367458,29.782582163333227,29.858123625838093,29.945986610974717,30.046459070995983,30.159862966268815,30.286555885956012,30.42693471263209,30.58144165836581,30.750572690232733,30.934887727288174,31.13502004250528,31.35167527236185,31.585591800292484,31.837411911873215,32.10744115852636
969.0,29.58022611049785,29.585897421277295,29.602932249174813,29.631393652738115,29.671385747836634,29.72305247427883,29.786576008189403,29.862175070070915,29.95010343150886,30.05064901239422,30.164134036243155,30.290916744949257,30.43139513073962,30.58601298332854,30.755268208950017,30.939722564483233,31.140009341559978,31.35682738058828,31.59089249649286,31.842804282472528,32.112822976304216
970.0,29.584057251251252,29.589733310246558,29.60678232669978,29.635267193901306,29.675291769109307,29.72699966702527,29.79057271346471,29.866229311275077,29.954223022186373,30.054841753957874,30.16840801278615,30.29528070818574,30.43585894668308,30.590588078418733,30.759967865999993,30.944561596049326,31.145001690579484,31.36197859640944,31.59618470711863,31.84817980849875,32.118185041027466
971.0,29.587891597412295,29.593572391898775,29.610635559699624,29.63914383189368,29.679200812572454,29.730949799638744,29.794572280208182,29.870286354547822,29.958345392636854,30.059037309851224,30.172684913849892,30.299647795573193,30.440326178255688,30.59516694717889,30.764671609944163,30.949404612035554,31.14999659246733,31.367128252818315,31.60146823245957,31.853539354979826,32.123528754798926
972.0,29.59172914041473,29.59741465788789,29.614491940512607,29.643023560269253,29.683112873621862,29.734902870074656,29.798574709694357,29.874346205171022,29.96247055258529,30.06323569418952,30.17696475712204,30.30401802631459,30.444796841037093,30.599749585767498,30.76937937072009,30.954251378808202,31.154993567755437,31.372275790744066,31.606742979580932,31.858883705675037,32.128855313277725
973.0,29.595569871841732,29.60126010002264,29.618351461646963,29.64690637277373,29.687027947867264,29.738858876515607,29.802580003416587,29.878408868601444,29.966598511840235,30.067436921023205,30.181247559980477,30.308391418709203,30.449270947732323,30.6043359818637,30.774091060622837,30.959101646968474,31.159992163382572,31.37742074424655,31.612008930250198,31.864213572171384,32.13416575097742
974.0,29.599413783429487,29.60510871026993,29.62221411578352,29.65079226334583,29.690946031131542,29.74281781736783,29.80658816308033,29.882474350461127,29.970729280281542,30.071641004317325,30.18553333942541,30.312767989898443,30.453748507513293,30.608926114001477,30.778806576135267,30.963955158299758,31.16499195730373,31.38256272654216,31.61726611872907,31.869529602516806,32.13946097378966
975.0,29.603260867070663,29.608960480758064,29.62607989577821,29.654681226118374,29.694867119449754,29.74677969125742,29.810599190596346,29.886542656527688,29.97486286784697,30.075847957923656,30.189822111986278,30.31714775557221,30.4582295254267,30.613519951335498,30.783525800230528,30.96881165148898,31.169992560294553,31.38770141761538,31.62251461619405,31.874832388942618,32.14474178302404
976.0,29.60711111481768,29.61281540377978,29.629948794664315,29.65857325541915,29.698791209067913,29.75074449702651,29.814613088073862,29.890613792724423,29.97899928451666,30.0800577955435,30.194113893603944,30.321530729656445,30.46271400191362,30.61811745378635,30.788248604850256,30.97367086662377,31.174993615955106,31.39283655357737,31.62775451967331,31.880122474596682,32.150008893613
977.0,29.610964518885844,29.61667347179514,29.633820805654562,29.66246834577161,29.702718296441592,29.754712233729197,29.818629857813637,29.894687765109826,29.983138540294604,30.084270530679525,30.19840869949191,30.32591692400365,30.467201932465738,30.622718572486914,30.79297485335172,30.978532548591364,31.179994799613734,31.397967917675754,31.632985944105585,31.885400359349614,32.15526294818569
978.0,29.61482107165632,29.620534677434186,29.63769592214299,29.66636649189529,29.70664837823432,29.7586829006274,29.822649502300784,29.898764579866157,29.987280645185955,30.088486176576364,30.202706543982373,30.330306348105672,30.471693307424733,30.627323250446178,30.797704402794434,30.98339644955061,31.18499581660299,31.403095332763872,31.63820901658734,31.89066650478219,32.16050452814189
979.0,29.61868076567888,29.624399013499502,29.641574137706645,29.670267688706094,29.710581451315797,29.762656497186494,29.826672024197308,29.90284424328663,29.99142560916959,30.092704746150282,30.207007440364322,30.33469900884364,30.476188111918063,30.631931423353475,30.802437105995466,30.98826233065182,31.189996400217627,31.40821865501722,31.643423872174047,31.89592133846874,32.16573416250105
980.0,29.622543593674518,29.628266472968495,29.645455446107043,29.67417193131631,29.714517512759937,29.766633023070803,29.830697426334083,29.906926761760754,29.995573442165274,30.096926251909647,30.211311400721215,30.339094910284967,30.48068632591577,30.636543020458337,30.80717281332395,30.99312996316313,31.19499630955322,31.413337768696394,31.648630650798253,31.901165257662907,32.170952335069416
981.0,29.62640954853784,29.632137048995553,29.6493398412915,29.678079215034497,29.71845655984269,29.77061247813878,29.834725711702195,29.911012141757436,29.99972415399534,30.10115070586825,30.215618435775,30.343494053532613,30.485187924388352,30.641157965475287,30.811911374231787,30.997999129138552,31.199995327348983,31.41845258177977,31.653829494998927,31.90639863247877,32.17615949031477
982.0,29.630278623339326,29.63601073491397,29.653227317394183,29.68198953536513,29.722398590039692,29.774594862437898,29.838756883443313,29.915100389805456,30.003877754341183,30.1053781194542,30.219928554742463,30.347896436627636,30.489692877544773,30.645776177476026,30.816652638533665,31.002869621738768,31.20499325790868,31.42356302231559,31.659020548245802,31.911621808646256,32.181356038233204
983.0,29.63415081132733,29.639887524237718,29.65711786873703,29.685902888008062,29.72634360102367,29.77858017619909,29.842790944838967,29.919191512471187,30.00803425269508,30.10960850341727,30.22424176520828,30.35230205450307,30.494201151129964,30.650397571742776,30.821396457458317,31.007741245293452,31.209989925140988,31.428669035368078,31.66420395370382,31.91683510990712,32.18654235841976
984.0,29.638026105929924,29.643767410662978,29.66101148983046,29.6898192688578,29.73029159066158,29.78256841983068,29.84682789929849,29.923285516333443,30.01219365830819,30.113841867737303,30.228558073017986,30.356710898984975,30.498712706763605,30.65502206056587,30.82614268449644,31.01261381517508,31.2149851707397,31.43377058045414,31.669379853325456,31.922038840106712,32.19171880350234
985.0,29.641904500756564,29.647650388069536,29.664908175373853,29.69373867400253,29.734242557011473,29.786559593911715,29.850867750345504,29.92738240795558,30.01635598013582,30.1180782215364,30.23287748219249,30.36112295883519,30.503227502304192,30.65964955397569,30.83089117607188,31.017487157538294,31.21997885251085,31.438867629385822,31.674548387188956,31.92723328502743,32.19688570206152
986.0,29.64578598959955,29.651536450521935,29.66880792025589,29.697661099722943,29.738196498318967,29.79055369918449,29.85491050160281,29.93148219385496,30.020521226781067,30.122317572996806,30.237199994864902,30.365538219829705,30.507745492225194,30.66427996040443,30.83564179206122,31.022361108966603,31.224970842845742,31.443960164448974,31.679709693021874,31.93241871400196,32.202043361130514
987.0,29.649670566435265,29.655425592270472,29.67271071955463,29.701586542490794,29.742153413013337,29.794550736546327,29.858956156775672,29.935584880470273,30.024689406438007,30.12655992928639,30.241525611239318,30.369956664866372,30.512266627992894,30.668913187276853,30.8403943961852,31.027235516057907,31.229961027333903,31.449048176861293,31.684863905864805,31.9375953813382,32.20719206834995
988.0,29.65355822542529,29.659317807751954,29.676616568537405,29.705514998967196,29.746113299703147,29.798550707040366,29.863004719633476,29.939690474126973,30.028860526835587,30.13080529649289,30.245854329570463,30.374378274095907,30.51679085843765,30.67354914153191,30.845148856292784,31.032110234972734,31.23494930350736,31.454131665463187,31.690011157841646,31.94276352758238,32.21233209383608
989.0,29.65744896091723,29.66321309159029,29.68052546266048,29.70944646600062,29.75007615717136,29.802553611845454,29.867056193989885,29.943798981001454,30.033034595183267,30.13505367956779,30.25018614616277,30.378803025070624,30.52131813011254,30.678187730078665,30.8499050445562,31.036985130962925,31.23993557970635,31.459210635603228,31.695151578010698,31.947923380642713,32.217463691809535
990.0,29.66134276744541,29.667111438596866,29.684437397568495,29.713380940624543,29.754041984369856,29.80655945226495,29.871110583681556,29.94791040708437,30.0372116181193,30.139305082280305,30.254521055386977,30.383230892905804,30.52584838763505,30.68282886019108,30.85466283759268,31.04186007789386,31.244919774056257,31.464285098186746,31.7002852922774,31.953075156792284,32.222587102022445
991.0,29.66523963973137,29.671012843770693,29.6883523690936,29.717318420054724,29.75801078041334,29.810568229714594,29.875167892545637,29.95202475814368,30.041391601662482,30.14355950718159,30.258859049712168,30.387661850449355,30.53038157400887,30.687472439846704,30.85942211652656,31.046734957769644,31.249901813545513,31.469355068861667,31.705412423353803,31.958219061566993,32.227702551014865
992.0,29.66913957268406,29.674917302298336,29.692270373254388,29.721258901686106,29.76198254457262,29.814579945709355,29.879228124396246,29.956142039688004,30.04557455116787,30.14781695557899,30.26320011975122,30.39209586845597,30.534917630924035,30.692118378014456,30.864182767003005,31.05160966026812,31.25488163319487,31.474420567320095,31.710533090753437,31.963355290572018,32.232810253225736
993.0,29.673042561399917,29.678824809553625,29.69619140625447,29.725202383089254,29.76595727626717,29.818594601849306,29.88329128300017,29.960262256930605,30.04976047128715,30.152077427519995,30.26754425431749,30.39653291576263,30.53945649903457,30.69676658489675,30.868944679163164,31.056484082290318,31.259859175309018,31.479481616697896,31.715647410812934,31.968484030208213,32.2379104119793
994.0,29.67694860116267,29.682735361097073,29.700115464480785,29.729148862006365,29.769934975057005,29.822612199804677,29.88735737205201,29.964385414754638,30.05394936593372,30.156340921785315,30.271891440490762,30.40097295946287,30.543998118213384,30.70141697213083,30.873707747588696,31.061358127527438,31.26483438880215,31.484538243057422,31.720755496733517,31.97360545832816,32.24300322036424
995.0,29.680857687442877,29.686648952675096,29.704042544501522,29.733098336346746,29.773915640633877,29.826632741300095,29.891426395149075,29.9685115176799,30.05814123825286,30.16060743589043,30.27624166369064,30.40541596507775,30.548542427784824,30.706069452954104,30.87847187122242,31.066231706047414,31.269807228590007,31.489590474941004,31.72585745863721,31.9787197448303,32.24808886201992
996.0,29.68476981589725,29.6905655802189,29.70797264306373,29.737050804181838,29.777899272811794,29.830656228098118,29.895498355766232,29.9726405698315,30.062336090596954,30.164876966094894,30.28059490775559,30.409861896721914,30.55308936673547,30.710723942337733,30.8832369532706,31.071104733901986,31.274777655041387,31.494638342984853,31.730953403633766,31.983827052198283,32.25316751184208
997.0,29.68868498236767,29.694485239843058,29.71190575709051,29.741006263739678,29.781885871516874,29.834682661982313,29.899573257230998,29.9767725749107,30.066533924505816,30.16914950741856,30.284951155026146,30.41431071726347,30.557638873904274,30.715380357092403,30.88800290109154,31.075977132754833,31.27974563348307,31.499681879584685,31.736043435895027,31.988927535991788,32.25823933661812
998.0,29.69260318287992,29.698407927843842,29.715841883677825,29.744964713398865,29.785875436776575,29.838712044739804,29.9036511026991,29.980907536168132,30.07073474069186,30.173425053663944,30.28931038643089,30.418762388476832,30.562190888152976,30.720038615949942,30.892769626074088,31.080848829530634,31.28471113375257,31.50472111860569,31.741127656734403,31.994021345294218,32.263304495600664
999.0,29.69652441364213,29.702333640697116,29.719781020090913,29.74892615168197,29.789867968708407,29.842744378143593,29.9077318951307,29.98504545637954,30.074938539030114,30.177703597443983,30.29367258157404,30.423216871187908,30.566745348518246,30.724698639623913,30.897537043509274,31.085719756084735,31.289674129793706,31.509756095130623,31.746206164689486,31.99910862312188,32.26836314102697
1000.0,29.70044867104287,29.70626237505599,29.723723163760223,29.752890577248486,29.793863467508093,29.84677966393472,29.91181563726746,29.98918633782422,30.07914531855264,30.181985130214365,30.298037718823565,30.42767412541118,30.571302194346615,30.7293603508521,30.90230507245749,31.090589848892776,31.29463459929063,31.51478684524081,31.751279055606386,32.00418950679886,32.273415418590446
1001.0,29.704375951648906,29.71019412774799,29.727668312276958,29.756857988887212,29.797861933437318,29.850817903804373,29.915902331610702,29.993330182266053,30.08335507744728,30.1862696423097,30.302405775399038,30.43213411047858,30.575861365413644,30.734023674423412,30.907073635613223,31.095459048759533,31.299592523336308,31.51981340582558,31.75634642272465,32.00926412830099,32.27846146786983
1002.0,29.708306252202576,29.714128895771935,29.731616463388157,29.760828385508177,29.801863366811073,29.854859099376178,29.919991980400667,29.997476990937372,30.087567813060218,30.19055712298292,30.306776727458402,30.43659678516,30.58042280202848,30.738688537191422,30.91184265916902,31.10032730054608,31.304547886131935,31.524835814416225,31.761408356761876,32.014332614572254,32.28350142272071
1003.0,29.712239569618827,29.71806667629437,29.73556761499136,29.764801766134156,29.805867767984758,29.858903252188643,29.924084585597093,30.001626764525422,30.091783521902208,30.194847560447197,30.311150550183125,30.44106210777563,30.584986445125086,30.743354868076597,30.916612072679964,31.1051945529144,31.309500674714183,31.5298541090414,31.766464945997374,32.01939508781615,32.28853541163347
1004.0,29.716175900981856,29.72200746664558,29.739521765128764,29.768778129891697,29.809875137341045,29.862950363678017,29.928180148861195,30.005779503161484,30.09600219965804,30.199140941919847,30.315527217861206,30.445530036300145,30.5895522363413,30.7480225980589,30.9213818089296,31.110060758088427,31.314450878707376,31.534868328100973,31.771516276354408,32.02445166576466,32.29356355806139
1005.0,29.720115243541283,29.725951264315235,29.743478911981036,29.772757476001818,29.813885475276567,29.86700043516155,29.93227867153902,30.009935206412543,30.100223841198915,30.203437253667644,30.31990670396763,30.450000528459128,30.594120118086835,30.75269166016231,30.926151803798188,31.114925871630597,31.319398490098262,31.539878510256084,31.77656243148058,32.029502461926846,32.2985859807218
1006.0,29.72405759470803,29.729898066947605,29.74743905386067,29.776739803770337,29.817898782188593,29.871053467821355,29.936380154646393,30.014093873275407,30.104448440597494,30.20773648105319,30.32428898124205,30.454473541817897,30.59869003360126,30.757361989432564,30.93092199613392,31.119789852233005,31.3243435030309,31.544884694333284,31.78160349282622,32.034547585819034,32.303602793873246
1007.0,29.72800295204968,29.73384787233632,29.75140218920492,29.78072511257791,29.821915058461695,29.87510946268884,29.940484598855285,30.018255502173133,30.108675991145155,30.212038608581803,30.328674021763394,30.458949033863124,30.6032619270029,30.76203352290932,30.935692327627425,31.124652661522244,31.329285913619977,31.549886919240905,31.78663953972042,32.039587143178224,32.30861410757079
1008.0,29.731951313285485,29.737800678418765,29.75536831656839,29.78471340186982,29.8259343044545,29.87916842062989,29.944592004481787,30.022420090953652,30.112906485371315,30.216343619948603,30.33306179702127,30.463426962077573,30.607835743329606,30.7667061995937,30.94046274269005,31.129514263876963,31.33422571978048,31.55488522389631,31.79167064944479,32.04462123616032,32.313620027901926
1009.0,29.735902676280944,29.741756483270038,29.75933743461523,29.788704671145553,29.829956520486576,29.88323034233078,29.94870237147556,30.026587636890447,30.117139915064385,30.2206514980855,30.337452277984045,30.46790728400836,30.612411428572187,30.771379960412105,30.94523318833602,31.134374626257486,31.339162921072344,31.559879647162468,31.796696897304706,32.04964996352445,32.31862065720464
1010.0,29.739857039041958,29.745715285096555,29.763309542111042,29.792698919948247,29.833981706825558,29.887295228284874,29.952815699410777,30.030758136685147,30.121376271294206,30.224962225207783,30.341845435163634,30.472389957329018,30.61698892970129,30.776054748177092,30.950003614068756,31.139233718046494,31.34409751855855,31.564870227792845,31.801718356698103,32.05467342080468,32.323616094269475
1011.0,29.743814399708615,29.749677082229226,29.767284637914443,29.79669614785398,29.838009863674497,29.891363078780252,29.956931987478576,30.03493158647184,30.12561554443565,30.22927578286008,30.3462412386768,30.476874939895858,30.62156819468838,30.780730507545872,30.954773971771278,31.14409151090022,31.349029514675415,31.56985700438355,31.806735099181758,32.05969170047005,32.32860643452701
1012.0,29.747774756548583,29.7536418731163,29.77126272096839,29.80069635446104,29.842040991159624,29.895433893888093,29.96105123448088,30.039107981823022,30.129857724193158,30.233592151961464,30.350639658303223,30.48136218979889,30.62614917252151,30.7854071849771,30.959544215600925,31.14894797860927,31.353958913113967,31.574840015331855,31.81174719453516,32.06470489207402,32.33359177022207
1013.0,29.751738107950125,29.757609656315875,29.775243790291235,29.804699539379182,29.846075089318376,29.899507673452042,29.965173438825644,30.04328731775702,30.134102799626024,30.237911312849615,30.355040663540144,30.48585166540771,30.630731813216464,30.790084728686317,30.96431430188815,31.153803096968563,31.35888571871128,31.579819298800338,31.816754710821904,32.06971308239427,32.338572190575775
1014.0,29.755704452414758,29.761580430488063,29.77922784496761,29.80870570221888,29.850112158087892,29.903584417078445,29.96929859852335,30.047469588746676,30.138350759174227,30.24223324532383,30.359444223653856,30.4903433254127,30.635316067823688,30.79476308860058,30.969084189039567,31.158656843655653,31.363809937350997,31.584794892685988,31.821757714448747,32.074716355563424,32.343547781936664
1015.0,29.759673788549627,29.76555419438689,29.78321488413911,29.812714842580665,29.854152197293967,29.907664124127454,29.973426711184807,30.051654788729252,30.14260159068462,30.246557928686766,30.36385030772796,30.49483712886185,30.639901888431655,30.799442216312507,30.97385383744499,31.163509198116934,31.368731575872076,31.589766834593632,31.826756270222347,32.07971479319156,32.348518627921635
1016.0,29.76364611505953,29.769530946851937,29.787204906994862,29.816726960044605,29.858195206640453,29.911746793705095,29.9775577740201,30.055842911117377,30.146855281437315,30.2508853417849,30.36825888470861,30.49933303519355,30.644489228167,30.804122065034157,30.97862320938855,31.168360141461132,31.373650641985087,31.59473516181326,31.831750441403713,32.08470847448124,32.353484809547545
1017.0,29.767621430738686,29.773510686799717,29.791197912761994,29.820742054159872,29.862241185699155,29.915832424656152,29.981691783838667,30.06003394881086,30.151111818172158,30.255215463047595,30.37266992344673,30.50383100426564,30.649078041191764,30.80880258955087,30.983392268963616,31.173209656359653,31.378567144195355,31.599699911300696,31.836740289760563,32.089697476335346,32.35844640535449
1018.0,29.77159973446227,29.77749341321487,29.79519390069604,29.824760124434572,29.866290133900307,29.919921015557975,29.985828737050426,30.06422789420935,30.155371187115108,30.259548270524686,30.377083392737475,30.508330996380966,30.653668282698224,30.813483746175383,30.98816098199153,31.178057726953206,31.383481091732364,31.604661119661294,31.8417258756175,32.09468187345863,32.36340349152104
1019.0,29.775581025177722,29.781479125141193,29.799192870071295,29.8287811703257,29.870342050523526,29.924012564715117,29.989968629667807,30.068424739225637,30.159633374004496,30.263883741922644,30.381499261356876,30.512832972309816,30.65825990890153,30.81816549270235,30.99292931594396,31.182904338764402,31.388392494484854,31.609618823136277,31.846707257904225,32.09966173845315,32.368356141972434
1020.0,29.779565301895826,29.785467821672512,29.803194820171225,29.83280519122941,29.87439693468934,29.928107070154766,29.994111457308787,30.072624475299527,30.16389836411696,30.268221854639247,30.385917498095935,30.517336893309352,30.662852877030502,30.82284778836341,30.99769723986879,31.187749478615814,31.39330136294115,31.6145730575914,31.851684494201795,32.10463714190818,32.37330442848215
1021.0,29.783552563681724,29.789459501943462,29.807199750278834,29.836832186471547,29.87845478535128,29.932204529623046,29.99825721520065,30.07682709341221,30.168166142293057,30.272562585796756,30.390338071792186,30.521842721140388,30.66744714531674,30.827530593782953,31.00246472431936,31.19259313455318,31.398207708134187,31.619523858509908,31.856657647249744,32.10961004283531,32.37836385100451
1022.0,29.787542809645736,29.793454165120185,29.8112076596672,29.84086215529841,29.882515601288503,29.936304940581987,30.00240589818456,30.08103258410097,30.17243669296244,30.276905912273556,30.394760951358958,30.526350418081712,30.672042672982407,30.83221387093465,31.007231741286976,31.197435295773534,31.403111541645043,31.624471270638367,31.861627492085088,32.114599936039845,32.38357140839395
1023.0,29.791536038934108,29.797451810390978,29.815218547590007,29.844895096867937,29.886579381099036,29.940408300207316,30.00655750072082,30.08524093747421,30.176710000168544,30.28125181073444,30.399186105812316,30.53085994694207,30.676639420226806,30.836897583098818,31.0119982641369,31.20227595261254,31.40801287989145,31.62941551571119,31.86659762446512,32.11962351743313,32.38886431649082
1024.0,29.795532250719713,29.801452436956964,29.81923241327227,29.848931010241117,29.89064612319348,29.944514605386882,30.010712016894725,30.089452143226698,30.180986047592754,30.285600257659297,30.403613504295944,30.535371271070165,30.681237348211926,30.841581694821123,31.016764267574224,31.207115097827007,31.412911779899535,31.634357356771478,31.87157303751051,32.12468466381408,32.3942225346622
1025.0,29.799531444192716,29.80545604402272,29.82324925590121,29.85296989437381,29.894715825789365,29.948623852719777,30.014869440423006,30.09366619065492,30.185264818577938,30.289951229370494,30.408043116103993,30.539884354362695,30.685836419047376,30.84626617188177,31.02152972794704,31.211952734238388,31.417808415216342,31.639298128425434,31.876557951238745,32.129783012189996,32.399635391375845
1026.0,29.803533618551256,29.809462630787035,29.827269074617234,29.857011748108917,29.898788486905964,29.952736038516058,30.01902976466074,30.097883068672534,30.189546296151413,30.29430470205879,30.41247491070203,30.54439916127079,30.690436595777534,30.85095098134776,31.026294624901993,31.216788891929703,31.42270312975347,31.644239456757628,31.881555381359465,32.13491707494603,32.40509593834881
1027.0,29.807538772992128,29.813472196433665,29.831291868505218,29.86105657016889,29.90286410435969,29.95685115879712,30.02319298260875,30.10210276582585,30.193830463047213,30.298660651807904,30.416908857746233,30.54891565680566,30.695037842387947,30.855636091926364,31.031058945405224,31.221623648177946,31.42759643363093,31.64918299606993,31.88656735924543,32.140085134991295,32.41059918158037
1028.0,29.811546906701576,29.817484740122236,29.835317636585938,29.86510435914867,29.906942675759982,29.960969209296525,30.027359086921344,30.106325270309256,30.198117301727738,30.3030190546178,30.421344927101142,30.553433806547666,30.699640123880503,30.8603214749103,31.035822689730097,31.226457140653146,31.432488960975206,31.6541302803475,31.891595215319153,32.14528551627723,32.4161413096338
1029.0,29.81555801884614,29.8215002609793,29.839346377807736,29.86915511350896,29.91102419850572,29.96509018546141,30.031528069914405,30.11055056998054,30.20240679440467,30.307379886426688,30.425783088856992,30.557953576670396,30.704243406496637,30.865007105836547,31.040585877744586,31.231289570294464,31.437381418600932,31.659082663229682,31.896639798034663,32.15051666381662,32.421719292261265
1030.0,29.819572108563648,29.825518758089466,29.843378091038506,29.87320883156989,29.915108669782093,29.969214082454403,30.035699923573784,30.11477865237613,30.206698923059236,30.311743123132143,30.430223313349515,30.562474934001116,30.708847658160167,30.869692966682422,31.045348553829513,31.23612119569823,31.442274541608352,31.664041306897385,31.901701625708224,32.155777160246856,32.427330647469034
1031.0,29.823589174954304,29.829540230486792,29.847412775057865,29.87726551150512,29.919196086557967,29.973340895155907,30.03987463956392,30.119009504726158,30.21099366946182,30.316108740611945,30.43466557118789,30.56699784614355,30.713452849159726,30.874379048223172,31.050110789560566,31.24095232266743,31.447169060690154,31.669007193638812,31.906780989158836,32.16106572061598,32.43297329560275
1032.0,29.827609217072006,29.833564677146327,29.85145042854967,29.88132515133625,29.92328644558372,29.97747061816686,30.04405220923667,30.123243113969316,30.215291015191134,30.32047671474622,30.439109833299067,30.57152228168406,30.718058953025764,30.879065352160307,31.05487268410486,31.245783292100903,31.45206568048508,31.67398114599847,31.911878021164,32.16638118027192,32.438645462595105
1033.0,29.83163223391579,29.837592096975886,29.855491050094788,29.885387748927695,29.927379743389462,29.98160324581185,30.048232623640285,30.127479466767582,30.219590941653287,30.324847021443354,30.443556070997772,30.576048210488608,30.722665947510325,30.883751892742733,31.05963436276654,31.25061446827074,31.45696506658147,31.678963848692156,31.916992743936863,32.171722481398774,32.44434561291435
1034.0,29.835658224421515,29.84162248880803,29.85953463816421,29.889453301981874,29.931475976283725,29.985738772142593,30.05241587352854,30.131718549520812,30.22389343010147,30.3292196366729,30.44800425608971,30.580575604081197,30.727273815562953,30.888438697752093,31.06439597427591,31.255446228536314,31.461867838692154,31.68395586929138,31.922125102000148,32.177088660238695,32.45007240142206
1035.0,29.839687187453762,29.845655851392337,29.86358119111244,29.893521808034833,29.935575140352537,29.989877190941698,30.05660194937,30.135960348381484,30.228198461657342,30.333594536509143,30.452454361012006,30.585104436080776,30.73188254620831,30.89312580884914,31.069157687379793,31.260278954873186,31.466774567981687,31.688957676560634,31.92727498524806,32.18247883566168,32.45582463778964
1036.0,29.84371912179797,29.84969218338791,29.86763070717121,29.89759326445222,29.939677231458855,29.99401849572677,30.06079084135743,30.140204849269757,30.232506017335453,30.337971697188514,30.456906359010038,30.589634682665775,30.736492135258324,30.897813281358502,31.073919687171763,31.265113027214202,31.471685777059033,31.69396965620854,31.93244224532275,32.1878921991998,32.461601259551074
1037.0,29.847754026152835,29.853731483356157,29.871683184443533,29.901667668425596,29.943782245242407,29.998162679754792,30.06498253941743,30.14445203788943,30.23681607807217,30.342351095182945,30.461360224345288,30.59416632303413,30.74110258582205,30.90250118360778,31.07868217146847,31.26994881841647,31.476601941598556,31.698992124194973,31.93762670736946,32.193328006453385,32.46740131127151
1038.0,29.85179189912295,29.857773749753868,29.875738620898073,29.905745016969174,29.94789017711984,30.00230973602676,30.069177033220434,30.14870189974527,30.241128624760638,30.346732707290016,30.46581593252548,30.598699339830333,30.74571390860356,30.907189595944633,31.08344534742372,31.274786690600536,31.48152349289066,31.704025337877717,31.942828178552332,32.19878556970922,32.473223928155726
1039.0,29.85583273921179,29.86181898092659,29.879797014363824,29.90982530691687,29.952001022285263,30.006459657292687,30.073374312191238,30.15295442016246,30.24544363829282,30.351116510738972,30.470273460546355,30.60323371951731,30.75032612199784,30.911878609546207,31.088209428484944,31.27962699260294,31.486450820863073,31.70906950531308,31.94804645426973,32.204264251600755,32.47906832295027
1040.0,29.859876544814895,29.865867175102267,29.883858362525157,29.913908534919663,29.95611477571104,30.01061243605692,30.077574365520334,30.157209584308745,30.24976109960944,30.355502483310467,30.474732787134098,30.60776945267856,30.754939252007638,30.916568325116486,31.092974631735856,31.28447005830754,31.491384277278996,31.71412479300742,31.953281322716403,32.209763459652876,32.484933775335094
1041.0,29.86392331421342,29.869918330385243,29.887922662917166,29.917994697443415,29.960231432149055,30.01476806458391,30.0817771821763,30.161467377219964,30.254080989758027,30.359890603466738,30.479193892978135,30.612306534242897,30.75955333201042,30.921258851546806,31.097741175629633,31.28931620565521,31.496324178929036,31.719191332381264,31.958532568244724,32.21528264157367,32.49081962322828
1042.0,29.86797304556795,29.873972444750525,29.891989912921346,29.922083790766905,29.964350986132207,30.01892653490455,30.085982750919577,30.16572778382937,30.258403289958594,30.364280850488218,30.483656760945696,30.61684496363021,30.764168402406938,30.925950304595062,31.102509278093226,31.294165736167763,31.50127081070771,31.72426922516855,31.963799973845106,32.22082128117627,32.49672525558253
1043.0,29.872025736912665,29.878029516038392,29.89606010976162,29.92617581098029,29.968473431976392,30.023087838823148,30.090191060318002,30.16999078900114,30.262727981676232,30.3686732046125,30.488121376271536,30.621384744821142,30.76878451018147,30.930642805622377,31.107279154970467,31.299018934854463,31.506224428513114,31.729358547936595,31.96908332297502,32.22637889483261,32.50265010636031
1044.0,29.876081386149757,29.882089541949338,29.900133250500694,29.93027075398388,29.97259876378291,30.027251967925253,30.094402098764252,30.17425637756806,30.267055046699266,30.373067647171492,30.492587726718114,30.625925886356935,30.773401708401053,30.93533648041238,31.112051018766024,31.30387607039779,31.511185261939726,31.734459355879867,31.97438240090256,32.23195502837754,32.50859364945122
1045.0,29.88013999104423,29.88615252003927,29.904209332036697,29.934368615487305,29.97672697544133,30.031418913586464,30.098615854495577,30.178524534373363,30.27138446722148,30.37746416072312,30.497055802703766,30.63046840127742,30.778020055677267,30.940031458087592,31.116825077651246,31.308737395538138,31.51615351675373,31.7395716860132,31.979696995686016,32.237549254395326,32.514555394350616
1046.0,29.884201549218968,29.89021844771512,29.908288351100264,29.938469391009065,29.980858060632986,30.035588666982328,30.102832315615803,30.182795244316328,30.27571622592669,30.381862729174358,30.5015255973978,30.63501230700628,30.782639615609952,30.944727870129782,31.121601534694285,31.313603147595863,31.52112937715246,31.744695559867335,31.985026898879184,32.24316116983185,32.52053488245937
1047.0,29.88826605815017,29.894287322230703,29.91237030425187,29.942573075876496,29.984992012835093,30.03976121909959,30.107051470119846,30.18706849240122,30.280050306073957,30.386263337893045,30.505997106783077,30.639557625192797,30.787260456228584,30.94942584950539,31.126380587280085,31.31847354908389,31.526113007816754,31.74983098577092,31.99037190602903,32.24879039388575,32.52653168389463
1048.0,29.892333515163045,29.898359140682977,29.916455187879567,29.946679665226196,29.98912882532562,30.043936560748758,30.111273305920566,30.191344263788856,30.284386691581698,30.390665973806676,30.510470329687557,30.644104381519053,30.791882649443252,30.954125529893368,31.131162426689265,31.323348808375588,31.53110455576897,31.754977960787905,31.995731817015766,32.25443656613889,32.53254539472478
1049.0,29.896403917427953,29.90243390000859,29.920542998197117,29.95078915400493,29.993268491188935,30.048114682578195,30.115497810877958,30.19562254385017,30.288725367109237,30.39507062548685,30.514945267787077,30.648652605480898,30.796506270514335,30.958827045010178,31.1359472378089,31.32822912040162,31.53610415205124,31.760136472366934,32.00110643627315,32.26009934489335,32.53857563455889
1050.0,29.900477261956752,29.906511596980817,29.92463373124248,29.95490153697114,29.997411003322416,30.052295575089705,30.1197249728304,30.19990331822095,30.293066318134358,30.399477283218715,30.519421925582126,30.653202330150098,30.80113139754726,30.96353052802542,31.14073519895173,31.33311466735649,31.541111913239256,31.76530649974922,32.00649557291761,32.2657784056871,32.54462204443441
1051.0,29.904553545599583,29.910592228206845,29.92872738287676,29.959016808696937,30.001556354443956,30.056479228655665,30.12395477962778,30.20418657285696,30.29740953102575,30.403885939055247,30.523900310351696,30.65775359192421,30.80575811101665,30.968236111060413,31.14552648176385,31.338005619400594,31.546127942806493,31.77048801517332,32.011899040808174,32.271473439964964,32.550684284957626
1052.0,29.908632765041983,29.914675790125386,29.932823948783604,29.96313496357087,30.005704537100538,30.060665633537678,30.12818721916613,30.208472294088704,30.30175499310944,30.4082965868566,30.528380432087264,30.66230643026974,30.810386493322547,30.97294392476218,31.150321251203824,31.342902135347927,31.55115233235328,31.775680984908576,32.01731665855391,32.27718415388496,32.55676203465931
1053.0,29.912714916802354,29.91876227900479,29.936923424469036,29.967255995801267,30.00985554367781,30.064854779906607,30.132422279423448,30.21276046867514,30.306102692728494,30.412709222315048,30.532862303410088,30.666860887463304,30.81501662837992,30.977654097945063,31.155119665579168,31.34780436333239,31.55618516271405,31.780885370143512,32.0227482494819,32.28291026724323,32.56285498853482
1054.0,29.916799997229862,29.92285169094145,29.941025805261887,29.97137989942038,30.01400936641076,30.069046657863986,30.13665994849631,30.21705108385558,30.310452619295514,30.417123842966404,30.53734593947467,30.671417008334526,30.819648601241795,30.982366757292628,31.159921876627998,31.352712441448162,31.56122650495506,31.786101127751177,32.028193641575655,32.288651512502945,32.56896285674296
1055.0,29.920888002502657,29.926944021858738,29.94513108631467,29.97550666828924,30.018165997395464,30.073241257464574,30.140900214636897,30.22134412739932,30.314804763337712,30.421540448188804,30.541831357861263,30.675974840013836,30.824282497755494,30.987082027112994,31.164728029636173,31.357626498361167,31.566276421273866,31.791328210949732,32.03365266739182,32.29440763391497,32.57508536344217
1056.0,29.924978928626633,29.931039267506353,29.94923926260512,29.979636296103344,30.022325428601835,30.07743856873997,30.145143066290117,30.225639587652452,30.319159116534404,30.42595903919003,30.546318578459946,30.680534431687473,30.828918404251027,30.991800029141086,31.169538263581575,31.36254665389018,31.571334965810678,31.79656656987361,32.039125163960996,32.30017838671952,32.58122224574611
1057.0,29.929072771434527,29.935137423460173,29.953350328938313,29.98376877639916,30.0264876518874,30.081638581723052,30.1493884921303,30.229937453581417,30.323515671746993,30.430379618984546,30.550807623348426,30.685095834361622,30.8335564072601,30.99652088238207,31.174352711298752,31.36747301955685,31.57640218538073,31.8018161520682,32.044610972677496,32.30596353641963,32.58737325278334
1058.0,29.93316952658559,29.93923848512261,29.957464279949395,29.987904102561398,30.03065265901205,30.08584128647307,30.1536364810973,30.234237714813062,30.327874423041653,30.43480219236133,30.555298516665793,30.689659100636927,30.838196593264197,31.001244702990583,31.179171499658437,31.372405699104664,31.581478120135888,31.807076902918812,32.05010993918163,32.311762858118534,32.59353814484837
1059.0,29.937269189565704,29.94334244772355,29.961581110106998,29.99204226783115,30.034820441653576,30.09004667310118,30.1578870224316,30.23854036167092,30.33223536570495,30.43922676584381,30.559791284483783,30.69422428449434,30.84283904846985,31.005971604181067,31.183994749757332,31.37734478898755,31.58656280416289,31.81234876602329,32.05562191323724,32.31757613591385,32.59971669263283
1060.0,29.941371755688024,29.947449306321776,29.96570081371734,29.99618326531481,30.038990991424097,30.09425473179626,30.162140105708087,30.242845385207566,30.33659849625275,30.443653347642886,30.564285954677253,30.698791441092883,30.847483858609237,31.010701696164947,31.18882257711446,31.38229037882891,31.59165626602466,31.81763168351585,32.06114674860668,32.32340316234285,32.6059086765276
1061.0,29.945477220094222,29.95155905580709,29.969823384928986,30.000327087993792,30.043164299887046,30.09846545285071,30.166395720868373,30.24715277723296,30.340963812432896,30.448081947604305,30.568782556795053,30.7033606265796,30.852131108764247,31.015435086110845,31.193655091871168,31.3872425518522,31.59675852925066,31.822925596348927,32.06668430292507,32.329243737873085,32.61211388598746
1062.0,29.94958557775627,29.955671690902964,29.973948817738332,30.004473728734975,30.047340358574857,30.102678826686198,30.17065385825136,30.251462530338785,30.34533131322204,30.452512577151197,30.573281121932396,30.707931897911802,30.856780883212004,31.020171878124575,31.19849239899226,31.392201385284483,31.601869612781453,31.828230444538622,32.072234437574835,32.33509767043416,32.61833211895164
1063.0,29.953696823478822,29.959787206169857,29.978077105995762,30.008623180301882,30.05151915900701,30.10689484387896,30.174914508621924,30.255774637918794,30.34970099881712,30.45694524922288,30.577781682605654,30.712505312691473,30.861433265290234,31.024912173245944,31.20333459846652,31.397166950734142,31.606989531372133,31.833546167378543,32.077797017561736,32.34096477498623,32.62456318131387
1064.0,29.957810951902278,29.963905596009187,29.982208243412526,30.01277543536647,30.05570069270852,30.11111349518471,30.17917766319751,30.260089094185258,30.354072870621998,30.461379978210672,30.58228427263028,30.71708092901161,30.866088337280573,31.029656069459733,31.2081817855049,31.402139314544282,31.612118295958787,31.838872703626226,32.083371911392966,32.346844873121924,32.6308068864367
1065.0,29.9619279575064,29.968026854667947,29.986342223568265,30.0169304865216,30.059884951228565,30.115334771562846,30.183443313672672,30.264405894181625,30.358446931229768,30.465816779891547,30.586788927002434,30.721658805314142,30.870746180308284,31.034403661718724,31.21303405073542,31.407118538123182,31.61725591399166,31.84420999166564,32.08895899095801,32.352737792698214,32.63706305470571
1066.0,29.966047834614635,29.97215097624395,29.990479039919215,30.02108832629397,30.06407192615933,30.119558664199847,30.187711452241334,30.26872503379157,30.362823184401094,30.47025567136029,30.59129568178479,30.726239000259017,30.87540687425676,31.039155041976695,31.217891480393675,31.412104678253176,31.622402389738344,31.849557969648878,32.0945581314125,32.35864336749569,32.643331513119264
1067.0,29.970170577399074,29.9762779546918,29.994618685807048,30.025248947157564,30.06826160915479,30.1237851645318,30.191982071616852,30.273046509744567,30.36720163503924,30.47469667096084,30.59580457399678,30.73082157260394,30.880070497695474,31.043910299229733,31.222754156508444,31.41709778737932,31.627557724559978,31.85491657561961,32.10016921106542,32.364561436902484,32.649612094910324
1068.0,29.97429617988607,29.980407783829456,29.99876115446829,30.0294123415475,30.072453991949438,30.128014264265865,30.196255165049788,30.27737031961825,30.371582289162077,30.479139798217226,30.60031564150959,30.73540658109429,30.88473712781995,31.048669519564342,31.227622157081775,31.42209791387914,31.63272191716298,31.860285747620672,32.10579211126985,32.37049184562084,32.65590463919743
1069.0,29.9784246359625,29.98454045734546,30.002906439044324,30.033578501874192,30.076649066376795,30.132245955400663,30.200530726343445,30.28169646183769,30.375965153871565,30.48358507376475,30.604828922946023,30.739994084362632,30.889406840402604,31.053432786211097,31.232495556263277,31.427105102314687,31.63789496382882,31.865665423787622,32.111426716317325,32.376434443394075,32.662208990661675
1070.0,29.982555939382692,29.988675968806767,30.007054532591933,30.037747420537844,30.08084682438763,30.136480230245464,30.20480874986722,30.286024935671858,30.38035023732111,30.488032519281656,30.609344457585323,30.744584140837325,30.89407970975328,31.058200179602668,31.237374424518347,31.4321193936681,31.643076858623797,31.871055542430142,32.11707291333584,32.382389084752425,32.668524999247616
1071.0,29.98669008377592,29.992814311667214,30.01120542809431,30.04191908994301,30.085047258067824,30.140717081438133,30.20908923056771,30.29035574122749,30.38473754868114,30.492482157421744,30.61386228527295,30.749176808659644,30.8987558086885,31.062971777435333,31.24225882879026,31.437140825561713,31.6482675935908,31.876456042102664,32.122730592191544,32.38835562877595,32.67485251988562
1072.0,29.99082706265461,29.99695547927651,30.015359118472507,30.04609350251342,30.089250359655736,30.144956501961833,30.21337216397782,30.294688879440564,30.38912709810327,30.496934011748188,30.61838244633532,30.75377214560885,30.903435208508363,31.067747654733065,31.247148832656002,31.44216943246386,31.653467158924716,31.88186686166554,32.12839964539411,32.394333938873196,32.68119141223397
1073.0,29.99496686942303,30.00109946488984,30.019515596597255,30.050270650706732,30.0934561215591,30.149198485160372,30.217657546223744,30.29902435206558,30.393518896683364,30.501388106668784,30.622904981499453,30.75837020903476,30.90811797898049,31.07252788391354,31.25204449647596,31.44720524588125,31.658675543132993,31.887287940337924,32.13407996800564,32.400323882574256,32.68754154043879
1074.0,29.99910949738658,30.00524626167787,30.02367485530118,30.054450527029356,30.097664536371276,30.153443024752278,30.22194537403007,30.30336216166292,30.397912956423763,30.505844467372874,30.627429931817325,30.76297105579722,30.91280418832988,31.07731253485546,31.25694587753741,31.452248294538872,31.66389273318274,31.892719217743316,32.13977145755312,32.406325331337044,32.6939027729103
1075.0,30.003254939761607,30.009395862737318,30.027836887391224,30.058633124051173,30.101875596886895,30.1576901148435,30.226235644723,30.30770231158447,30.402309290194992,30.51030311977007,30.631957338595,30.76757474221203,30.917493903234337,31.08210167496662,31.261853030192043,31.45729860454834,31.66911871463558,31.898160633948702,32.14547401394424,32.41233816036579,32.70027498211419
1076.0,30.007403189685682,30.01354826110192,30.03200168566135,30.062818434420084,30.10608929611681,30.161939749938846,30.23052835623187,30.312044805957637,30.40670791169712,30.514764090430926,30.6364872433262,30.77218132400286,30.922187188824527,31.086895369252364,31.266766005987513,31.462356199565345,31.674353471771386,31.90361212949793,32.15118753938667,32.418362248440815,32.70665804437649
1077.0,30.011554240228335,30.017703449753743,30.036169242905398,30.067006450876427,30.110305627302296,30.166191924952066,30.234823507088944,30.316389649668057,30.41110883542099,30.51922740652965,30.64101968763028,30.776790856258682,30.9268841086883,31.091693680383933,31.271684853793328,31.467421100937095,31.679596987701835,31.909073645440145,32.15691193831043,32.424397477758596,32.7130518397012
1078.0,30.015708084402203,30.021861421634856,30.040339551930096,30.071197166267083,30.11452458392856,30.170446635214702,30.239121096427777,30.32073684834112,30.415512076609584,30.52369309578894,30.64555471319437,30.781403393396293,30.931584724878622,31.09649666876656,31.276609619921135,31.47249332784035,31.684849244474748,31.91454512335373,32.16264711729336,32.43044373378143,32.71945625159946
1079.0,30.019864715174492,30.026022169659306,30.04451260556811,30.07539057355935,30.11874615973737,30.174703876483672,30.24342112398004,30.325086408322463,30.419917651219578,30.52816118642693,30.650092361719597,30.78601898912759,30.936289097924757,31.101304392606874,31.28154034823958,31.47757289741071,31.69011022316999,31.920026505366366,32.16839298498971,32.436500905096025,32.72587116692929
1080.0,30.024024125478793,30.03018568672531,30.048688396691126,30.07958666585441,30.122970348739,30.178963644947633,30.247723590071086,30.32943833665764,30.424325575883298,30.532631707106408,30.654632674871085,30.79063769643113,30.940997286846162,31.106116907979544,31.28647708028405,31.48265982486376,31.695379903987675,31.92551773417164,32.17414945206144,32.44256888328022,32.73229647574524
1081.0,30.02818630822713,30.034351965727655,30.052866918222946,30.08378543640051,30.12719714522325,30.183225937232205,30.25202849561426,30.333792641071057,30.428735867871197,30.53710468688611,30.659175694231667,30.7952595675277,30.945709349168805,31.110934268892855,31.291419855361355,31.48775412360868,31.70065826632931,31.931018753040796,32.17991642592789,32.44864604629634,32.73863947045562
1082.0,30.03235125632225,30.038520999570206,30.057048163152437,30.087986878605633,30.131426543769777,30.187490750404038,30.256335842104118,30.33814932994438,30.433148545054944,30.54158015517431,30.66372146125909,30.799884653859518,30.950425340943553,31.115756527353177,31.29636871064965,31.49285580535462,31.705945288829124,31.93652949808952,32.18569324345406,32.454716705767844,32.744870420140074
1083.0,30.036518962670055,30.042692781178555,30.061232124546443,30.092190986049786,30.135658539257538,30.191758081973816,30.260645631608583,30.34250841229447,30.437563625871217,30.546058141684505,30.66827001724648,30.804513006072785,30.95514531676628,31.12058373342814,31.301323681293425,31.497964880166528,31.711240945945217,31.942049763729404,32.191476979499164,32.46076741986618,32.75103964331677
1084.0,30.040689420192138,30.04686730351268,30.065418795562472,30.096397752496813,30.1398931268734,30.19602792989826,30.264957866760238,30.346869897751024,30.441981129286308,30.550538676393288,30.672821403285976,30.809144674003306,30.959869329799474,31.125415935308208,31.30628480047251,31.503081355479253,31.716545179291607,31.947578910404467,32.19726358873842,32.4667950317043,32.75716316992997
1085.0,30.04486262183845,30.05104455957963,30.06960816946123,30.100607171905697,30.144130302120054,30.200300292581115,30.269272550746738,30.351233796533982,30.446401074761557,30.555021789500255,30.677375660235324,30.813779706664874,30.96459743179493,31.130253179359055,31.311252099198573,31.508205230006,31.72185783676624,31.953115840322383,32.20304964683385,32.47279978676879,32.76324951500519
1086.0,30.049038560599904,30.05522454244613,30.073800239618897,30.10481923844137,30.148370060823037,30.20457516887324,30.273589687300515,30.355600119430825,30.450823482219725,30.55950751139005,30.68193282868722,30.818418152240202,30.969329673115123,31.135095510106716,31.31622560502485,31.51333647998039,31.727178629381093,31.958659222145922,32.20883269633162,32.478782833818286,32.76930420782864
1087.0,30.053217229521014,30.059407245251148,30.07799499953915,30.109033946484978,30.152612399137055,30.208852558071857,30.27790928068781,30.35996887777383,30.45524837201229,30.563995872596337,30.686492948941343,30.823060058073423,30.974066102739464,31.139942969980375,31.321205338856572,31.518475043201825,31.732507134619002,31.96420770218739,32.214611070172744,32.4847455067361,32.77533121100614
1088.0,30.05739862171249,30.063592661218284,30.082192442864855,30.11325129064364,30.15685731355151,30.213132459918928,30.28223133569714,30.364340083417407,30.459675764887727,30.568486903767774,30.69105606097859,30.827705470660913,30.978806768215787,31.1447955985797,31.32619131018187,31.52362080848027,31.737842830310033,31.969760023565893,32.22038366433127,32.49068910747528,32.78133353950974
1089.0,30.06158273036364,30.06778078366805,30.086392563389484,30.117471265759594,30.161104800895306,30.217414874598827,30.286555857627285,30.368713748715496,30.46410568196083,30.57298063563578,30.69562220443678,30.832354435630876,30.98355171549318,31.1496534313691,31.331183512060708,31.52877361336043,31.74318513581949,31.975315074363525,32.22614976212043,32.49661484182855,32.78731358262889
1090.0,30.06576954875472,30.071971606029887,30.090595355068114,30.121693866918893,30.165354858340972,30.221699802735277,30.290882852274816,30.373089886499212,30.468538144683006,30.57747709898391,30.700191418585298,30.83700699769457,30.988300988578914,31.154516497940122,31.336181917210695,31.533933248653288,31.748533447686516,31.980871896539178,32.23190891236959,32.50252380610553,32.79327329079728
1091.0,30.069959070269025,30.076165121854,30.094800812028115,30.125919089459444,30.16960748340806,30.225987245387646,30.29521232592128,30.377468510054683,30.472973174813564,30.581976324618232,30.704763742294208,30.84166320054824,30.993054629003197,31.15938482014364,31.341186475885287,31.539099466847606,31.753887165867805,31.986429676648893,32.237660847063665,32.5084169912821,32.799214292612284
1092.0,30.074151288404835,30.080361324822892,30.09900892857937,30.130146928978544,30.17386267396589,30.230277204046626,30.299544285320106,30.38184963310118,30.477410794391844,30.586478343337415,30.709339213991033,30.846323086708786,30.997812675127914,31.164258410405246,31.346197115584143,31.54427199185159,31.759245711118044,31.9919877296802,32.24340542560468,32.51429529268399,32.80513797241709
1093.0,30.078346196787034,30.084560208762614,30.103219699224166,30.13437738133985,30.178120428235683,30.234569680629374,30.30387873768325,30.386233269769527,30.481851025709886,30.590983185900583,30.71391787159782,30.850986697277165,31.002575161372967,31.16913727044677,31.351213742246998,31.549450528421715,31.76460853543008,31.997545481469423,32.24914259670592,32.52015952075738,32.81104552405782
1094.0,30.082543789178516,30.088761767653693,30.107433118666577,30.13861044267981,30.182380744792063,30.238864677474112,30.308215690667648,30.390619434580753,30.48629389128507,30.595490882990198,30.718499752442273,30.855654071636984,31.007342117445695,31.174021390517236,31.35623624245424,31.55463477043754,31.769975127523196,32.00310245210591,32.254872372001806,32.526010411291004,32.81693798947297
1095.0,30.086744059491235,30.09296599564172,30.111649181821438,30.142846109413526,30.18664362256399,30.24316219733429,30.31255515236152,30.395008142424864,30.490739413831857,30.60000146516712,30.723084893139745,30.8603252471066,31.012113567649052,31.17891074913568,31.361264486186926,31.559824407719315,31.775345014999267,32.00865824121902,32.26059480752979,32.53184863455803,32.82281628720948
1096.0,30.09094700179695,30.09717288704756,30.115867883822897,30.14708437824011,30.190909060835132,30.24746224337232,30.31689713127047,30.399399408539466,30.495187616231576,30.604514962815237,30.727673329446702,30.865000258569548,31.01688953032254,31.183805313283788,31.366298329794258,31.56501913139049,31.780717764359785,32.0142125153395,32.2663099905762,32.53767480328473,32.82868123401201
1097.0,30.095152610337603,30.101382436377186,30.120089220032472,30.151325246147476,30.1951770592437,30.251764819152875,30.321241636303444,30.403793248487975,30.49963852149901,30.60903140607385,30.73226509608993,30.869679138108843,31.021670017445242,31.18870503895554,31.37133761892305,31.570218637934772,31.786092979715725,32.01976499722143,32.27201803023002,32.54348947951954,32.834533561507406
1098.0,30.099360879535325,30.105594638331112,30.12431318604664,30.155568710416645,30.19944761778182,30.25606992863586,30.32558867675836,30.40818967813686,30.504092152744636,30.61355082475725,30.736860226578422,30.87436191466818,31.0264550344088,31.193609871964398,31.37638219125543,31.57542263215132,31.791470300750877,32.0253154568971,32.277719050535886,32.549293180531066,32.84037392932859
1099.0,30.10357180400206,30.109809487813425,30.128539777704,30.15981476862552,30.20372073679436,30.260377576168935,30.32993826230732,30.412588713631443,30.50854853313155,30.618073248262114,30.74145875300645,30.879048613757597,31.03124457995231,31.198519748916535,31.381431878970897,31.58063082921558,31.79684940030687,32.0308637042128,32.28341318549317,32.55508638387109,32.84620293559736
1100.0,30.107785378548762,30.114026979940345,30.132768991091915,30.16406341865218,30.207996416977316,30.26468776647968,30.334290402981235,30.416990371369778,30.513007685826544,30.6225987054644,30.746060705856653,30.883739257215364,31.03603864624071,31.203434598273354,31.386486510897615,31.58584295603435,31.802229981825676,32.036409582607185,32.289100575381845,32.56086953172917,32.852021125411305
1101.0,30.1120015981942,30.118247110048415,30.137000822552736,30.168314658677673,30.21227465937578,30.269000504667275,30.33864510915364,30.421394667974017,30.517469633945073,30.62712722460844,30.750666113811256,30.88843386303217,31.040837219063196,31.208354341442952,31.391545914349543,31.591058752055623,31.807611776796442,32.04195296392234,32.294781364052206,32.566643034688745,32.857828997797
1102.0,30.116220458173306,30.122469873702197,30.14123526868951,30.172568487188332,30.216555465381358,30.273315796193693,30.343002391523395,30.425801620258987,30.52193440049049,30.63165883319131,30.75527500357838,30.8931324452389,31.04564027812646,31.213278893856028,31.39660991666502,31.596277969665064,31.812994542294398,32.04749374406906,32.300455696921766,32.57240727497885,32.86362701146745
1103.0,30.120441953945097,30.12669526670153,30.145472326371255,30.17682490297762,30.220838836729158,30.2776336468742,30.34736226109615,30.43021124519764,30.526402008288134,30.636193557845797,30.759887399738666,30.89783501385554,31.050447797418627,31.21820816599514,31.40167834647275,31.601500374274796,31.818378058661033,32.05303183939746,32.3061237194952,32.5781626092998,32.86941558963501
1104.0,30.12466608120016,30.130923285088386,30.149711992737746,30.181083905147506,30.225124775494272,30.281954062867218,30.351724729164243,30.434623559883384,30.530872479915345,30.640731424225258,30.76450332461593,30.90254157489629,31.055259745621875,31.223142064357145,31.40675103471562,31.60672574418739,31.823762127349788,32.05856718365015,32.31178557627406,32.58390937128857,32.87519512406928
1105.0,30.1288928358677,30.135153925153162,30.153954265203836,30.18534549310931,30.2294132840877,30.286277050663305,30.356089807284924,30.439038581489353,30.53534583762856,30.645272456893252,30.769122798173907,30.907252130424407,31.06007608655495,31.2280804923372,31.411827815463802,31.61195387029953,31.82914656894575,32.06409972539701,32.31744140995914,32.58964787367806,32.88096597854511
1106.0,30.13312221412207,30.139387183440647,30.158199141463328,30.189609666584115,30.233704365251672,30.29060261707317,30.360457507256786,30.443456327224837,30.53982210328891,30.649816679220585,30.77374583793975,30.91196667864943,31.064896779629894,31.23302335102887,31.416908526547157,31.61718455569487,31.83453122135807,32.06962942586944,32.32309136087306,32.595378410195835,32.88672849179328
1107.0,30.137354212388928,30.143623056755413,30.162446619492332,30.193876425602657,30.237998022054388,30.29493076921468,30.364827841094346,30.447876814289344,30.544301298287653,30.654364113291603,30.778372458953957,30.916685214059402,31.069721780310545,31.237970539939454,31.42199301003472,31.622417615163556,31.839915938178162,32.07515625712614,32.32873556654999,32.6011012572398,32.89248298004176
1108.0,30.14158882735088,30.14786154216681,30.166696697552194,30.198145770504656,30.242294257883955,30.299261514498713,30.36920082100079,30.452300059824722,30.548783443472768,30.658914779821437,30.783002673745436,30.92140772758083,31.074551040563016,31.242921957622666,31.42708111258605,31.627652874676897,31.845300587193424,32.08068020049546,32.33437416145208,32.606816675362474,32.898229739217584
1109.0,30.145826055952675,30.15210263701348,30.170949374191885,30.202417701937616,30.246593076441663,30.303594860613806,30.373576459338988,30.45672608086595,30.55326855907799,30.663468698084966,30.78763649232991,30.926134206759805,31.079384509291014,31.247877502232903,31.43217268569621,31.632890170838134,31.850685049044802,32.08620124524875,32.3400072767824,32.612524910590345,32.90396904686492
1110.0,30.150065895405948,30.15634633890737,30.175204648249935,30.206692220855036,30.250894481734374,30.307930815509582,30.377954768600972,30.4611548942912,30.557756664655315,30.668025885858203,30.79227392222936,30.930864635958166,31.084222132750828,31.252837072006418,31.437267585853178,31.638129350325,31.85606921601604,32.091719387467464,32.34563504037134,32.61822619560027,32.90970116382457
1111.0,30.154308343193456,30.160592645737314,30.17946251885583,30.21096932851398,30.25519847806613,30.312269387378965,30.382335761375998,30.465586516771825,30.562247779011933,30.672586359372108,30.7969149685101,30.935598996559598,31.089063854942477,31.257800565675456,31.44236567462377,31.643370269335307,31.861452990942556,32.09723462907324,32.35125757661886,32.62392075077203,32.91542633571132
1112.0,30.15855339707289,30.16484155567208,30.183722985430865,30.215249026472033,30.259505070028798,30.316610584639175,30.38671945031753,30.470020964722824,30.566741920152253,30.677150133278683,30.801559633836966,30.940337267181057,31.093909617974955,31.262767882821514,31.447466818681647,31.648612793043636,31.866836286228523,32.10274697699548,32.35687500647921,32.62960878513272,32.92114479421914
1113.0,30.162801055080163,30.169093067162954,30.187986047688476,30.21953131658355,30.26381426249186,30.32095441591164,30.391105848109397,30.474458254254426,30.5712391052256,30.68171722062887,30.80620791854107,30.945079423885872,31.098759362404543,31.26773892417395,31.452570889788984,31.653856795074724,31.87221902296139,32.10825644245522,32.36248744747755,32.63529049720653,32.92685675827913
1114.0,30.167051315532202,30.17334717894581,30.192251705633975,30.22381620099519,30.268126060591268,30.325300890000825,30.39549496743145,30.47889840112528,30.575739350479967,30.686287632861564,30.81085982069876,30.949825440395358,31.103613027545933,31.272713591859844,31.45767776474125,31.65910215699724,31.87760113011402,32.11376304034784,32.368095013750626,32.64096607578164,32.93256243509041
1115.0,30.17130417702927,30.17760389004262,30.196519959563698,30.228103682140766,30.272440469717363,30.329650015872147,30.399886820924962,30.483341420697712,30.58024267122196,30.690861379802975,30.815515336219548,30.954575288296546,31.10847055175656,31.2776917896106,31.462787325283223,31.664348767840355,31.882982543825467,32.11926678870979,32.3736978161052,32.64663570060384,32.93826202104161
1116.0,30.17555963845673,30.18186319976246,30.200790810063545,30.232393762735295,30.276757495501965,30.334001802629125,30.404281421158142,30.487787327895433,30.584749081783077,30.695438469675413,30.82017445894097,30.95932893724403,31.113331872695014,31.28267342293059,31.467899458002734,31.66959652363432,31.888363206752256,32.12476770825709,32.37929596208935,32.65229954300581,32.943955702536805
1117.0,30.179817698986295,30.186125107701958,30.205064258006896,30.236686445768324,30.281077143804563,30.33835625948989,30.408678780592062,30.49223613716404,30.589258595492247,30.700018909114565,30.82483718072846,30.964086355154546,31.118196927554564,31.287658399232384,31.473014054207656,31.674845326975603,31.893743067482742,32.13026582198531,32.38488955607306,32.65795776647899,32.9496436567385
1118.0,30.18407835807674,30.19038961374516,30.209340304551855,30.24098173449652,30.28539942069776,30.34271339576316,30.4130789115472,30.496687862434545,30.593771224654443,30.704602703194308,30.829503491578727,30.968847508393104,31.123065653273244,31.29264662794296,31.47813100979065,31.680095086616614,31.89912208000815,32.135761154822134,32.390478699334956,32.66361052719476,32.95532605223778
1119.0,30.18834161547402,30.19465671806279,30.213618951137875,30.24527963243546,30.28972433245197,30.34707322082398,30.417481826170942,30.50114251709011,30.59828698053517,30.709189855458042,30.834173379725115,30.973612361949993,31.127937986721907,31.29763802058459,31.483250225085232,31.685345717079485,31.904500203244268,32.14125373332535,32.396063490153175,32.66925797448028,32.961003049660484
1120.0,30.19260747121083,30.198926421110947,30.217900199481658,30.249580143350748,30.294051885519455,30.351435744089276,30.42188753640621,30.505600113936108,30.602805873350537,30.71378036795575,30.83884683174371,30.97838087960823,31.132813864871743,31.302632490833936,31.488371604716257,31.69059713829328,31.909877400598624,32.14674358541992,32.40164402389841,32.67490025125386,32.966674802217014
1121.0,30.19687592560555,30.20319872362912,30.22218405157244,30.25388327124842,30.29838208651781,30.355800974993382,30.426296053961433,30.510060665173583,30.60732791226253,30.718374241285776,30.843523832659226,30.983153024101114,31.13769322494281,31.30762995456234,31.493495057447145,31.695849275253707,31.915253639578438,32.152230740168775,32.40722039312793,32.68053749442411,32.97234145620211
1122.0,30.201146979260592,30.207473626637636,30.226470509666566,30.258189020364632,30.302714942212997,30.36016892296384,30.430707390282013,30.51452418237607,30.61185310537918,30.722971474640577,30.848204366049714,30.98792875725987,31.142576004535137,31.31263032985997,31.498620496025847,31.701102057704333,31.920628891435136,32.15771522757293,32.41279268767936,32.68616983525659,32.97800315145044
1123.0,30.205420633060125,30.211751131434436,30.23075957628141,30.262497395154753,30.307050459501927,30.364539597397407,30.435121556523473,30.51899067646986,30.616381459759147,30.72757206585567,30.852888414149405,30.992708040151523,31.14746214174373,31.317633537046195,31.503747837031064,31.70635541983817,31.926003130841792,32.16319707839687,32.4183609947637,32.691797399711206,32.98366002175254
1124.0,30.20969688816714,30.216031239591203,30.23505125418863,30.26680840028186,30.311388645394814,30.3689130076366,30.439538563526316,30.523460157717423,30.62091298142041,30.732176011461068,30.85757595794908,30.99749083320707,31.152351575259008,31.322639498668313,31.50887700071996,31.711609300018623,31.93137633560007,32.16867632401612,32.42392539905673,32.697420308753124,32.98931219523575
1125.0,30.213975746019905,30.22031395294886,30.239345546406803,30.271122040604716,30.315729506997325,30.37328916294679,30.44395842179273,30.52793263570418,30.625447675352582,30.736783306734576,30.862266977293523,31.00227709634032,31.1572442444539,31.32764813949038,31.514007910878313,31.716863640518568,31.93674848637378,32.17415299628395,32.429485982788435,32.70303867863991,32.99495979471332
1126.0,30.218257208327763,30.224599273612398,30.243642456193417,30.275438321165193,30.320073051492628,30.377668072493996,30.44838114146519,30.53240811932819,30.629985545532524,30.741393945756418,30.86696145097565,31.007066789057728,31.162140089458884,31.332659386473786,31.519140494673856,31.72211838727654,31.942119566446383,32.179627127414896,32.435042825830266,32.708652621187085,33.00060293800544
1127.0,30.222541277066274,30.228887203945085,30.247941987036285,30.279757247175365,30.32441928612343,30.382049745323496,30.452806732306954,30.53688661679283,30.63452659494279,30.74600792146463,30.87165935682712,31.01185987055959,31.167039051226112,31.33767316875091,31.524274682513376,31.727373489668928,31.94748956150007,32.18509874988285,32.44059600577982,32.714262244013966,33.006241738234735
1128.0,30.226827954471737,30.233177746562067,30.25224414264437,30.28407882400416,30.328768218174137,30.386434190339276,30.457235203684505,30.541368135602234,30.639070825592654,30.75062522571083,30.87636067180511,31.01665629983299,31.17194107158367,31.342689417593096,31.529410407903914,31.732628900297158,31.952858459414344,32.19056789633206,32.44614559804285,32.719867650771825,33.0118763040986
1129.0,30.23111724303508,30.237470904323295,30.25654892693812,30.28840305716373,30.333119854953118,30.39082141628449,30.461666564551873,30.545852682559236,30.64361823854126,30.755245849315948,30.881065372075263,31.02145603573701,31.17684609328102,31.347708066373972,31.534547607318462,31.7378845747889,31.9582262500822,32.19603459949933,32.45169167591263,32.725468941355714,33.01750674012107
1130.0,30.235409145495115,30.24176668032591,30.26085634403927,30.292729952295588,30.337474203775294,30.39521143172287,30.46610082343689,30.550340263765793,30.648168833922607,30.759869782125605,30.88577343309065,31.026259037080536,31.181754060026428,31.352729050529014,31.539686220066244,31.74314047161234,31.963592925242207,32.201498892146084,32.45723431064643,32.731066212101574,33.02313314688568
1131.0,30.239703664831193,30.246065077896063,30.265166398260195,30.29705951515654,30.341831271944983,30.399604245021262,30.470537988429232,30.554830884625574,30.6527226109721,30.764497013064815,30.890484829666775,31.031065262693183,31.186664916517348,31.35775230751217,31.544826188167733,31.748396551902644,31.96895847832501,32.206960806999035,32.4627735715393,32.73665955596969,33.02875562125121
1132.0,30.24400080425533,30.25036610058015,30.269479094092905,30.301391751604516,30.346191066739166,30.40399986433318,30.474978067170298,30.559324549848615,30.657279568054314,30.769127530191838,30.89519953605257,31.035874671489765,31.191578608464383,31.362777776750136,31.54996745623448,31.753652779299795,31.974322904312885,32.212420376698624,32.468309525994975,32.742249062715885,33.03437425655207
1133.0,30.24830056720369,30.254669752135552,30.273794436197573,30.305726667584324,30.350553595391197,30.40839829758352,30.479421066844786,30.563821263457807,30.661839702691815,30.773761320750893,30.899917525997513,31.04068722252864,31.19649508260961,31.367805399594985,31.55510997135372,31.758909119797025,31.979686199611127,32.21787763375401,32.47384223959411,32.74783481905128,33.039989142784464
1134.0,30.25260295732762,30.258976036520934,30.278112429390838,30.31006426911341,30.354918865074964,30.41279955245438,30.48386699417394,30.568321028797087,30.666403011594653,30.778398371223634,30.9046387728149,31.045502875064518,31.20141428673987,31.37283511927549,31.560253682977677,31.764165541599098,31.985048361930204,32.22333261050404,32.47937177615984,32.75341690879166,33.045600366779595
1135.0,30.25690797848416,30.263284957886025,30.28243307863378,30.314404562267647,30.359286882889656,30.417203636372026,30.488315855410367,30.572823848541123,30.670969490690464,30.78303866737922,30.909363249441363,31.050321588595914,31.20633616969557,31.377866880847705,31.56539854281758,31.769422014989807,31.990409390177643,32.228785339083466,32.48489819782068,32.75899541299719,33.051208012365116
1136.0,30.26121563472609,30.26759652056107,30.286756389019683,30.31874755316724,30.363657655845053,30.421610556494947,30.492767656334337,30.577329724706335,30.6755391351549,30.78768219432287,30.914090928492758,31.05514332290782,31.211260681375528,31.38290063114506,31.57054450474221,31.774678512207984,31.995769284358854,32.23423585139378,32.490421565070896,32.76457041010341,33.0568121605158
1137.0,30.265525930291545,30.27191072904585,30.29108236576162,30.32309324796277,30.36803119084747,30.42602031970304,30.497222402251534,30.58183865866315,30.680111939442217,30.79232893654285,30.91882178231652,31.059968038109815,31.216187772738344,31.387936318728357,31.575691524680895,31.77993500733151,32.00112804548601,32.23968417907797,32.495941936828466,32.77014197604396,33.06241288949422
1138.0,30.269838869593308,30.276227587998438,30.29541101417987,30.327441652821435,30.3724074946863,30.43043293258788,30.501680097992086,30.586350651149246,30.684687897315907,30.79697887795579,30.92355578304069,31.06479569467002,31.221117395800714,31.392973893835855,31.58083956053084,31.78519147616869,32.00648567549431,32.245130353499114,32.50145937049061,32.775710184365884,33.068010274982356
1139.0,30.274154457207665,30.280547102223636,30.2997423396893,30.33179277391352,30.376786574021224,30.434848401444064,30.50614074791084,30.59086570228373,30.68926700187921,30.80163200195032,30.928292902619624,31.06962625344521,31.226049503633014,31.39801330833369,31.585988572068594,31.7904478961566,32.01184217716498,32.250574405721956,32.506973921987104,32.78127510633795,33.07360439020485
1140.0,30.278472697863045,30.284869276661183,30.304076347786655,30.336146617399137,30.381168435370117,30.439266732261547,30.510604355888816,30.59538381158207,30.693849245605374,30.806288291428988,30.933033112876668,31.07445967570737,31.23098405035261,31.403054515666838,31.59113852086556,31.795704246265775,32.0171975540544,32.256016366497406,32.51248564583126,32.78683681105251,33.079195306044525
1141.0,30.282793596428334,30.28919411637378,30.30841304403786,30.340503189415262,30.3855530850976,30.443687930719022,30.515070925335664,30.599904977971708,30.698434620367596,30.810947728848472,30.937776385543845,31.07929592316698,31.23592099111504,31.4080974708107,31.59628937020739,31.800960506910982,32.02255181042885,32.26145626625002,32.51799459676315,32.792395831807816,33.0848115639426
1142.0,30.287117157901044,30.293521626534925,30.312752434065374,30.344862496063143,30.389940529404292,30.44811200217826,30.519540459193163,30.60442919980814,30.70302311746852,30.81561029625803,30.942522692298738,31.084134957993317,31.240860282103494,31.413142130223516,31.60144108501708,31.80621665986751,32.02790495121775,32.26689413744831,32.523501004213564,32.79795702586365,33.09046234008915
1143.0,30.29144338739524,30.297851812416713,30.317094523535577,30.349224543396023,30.394330774316735,30.452538951679315,30.524012959939576,30.608956474891514,30.70761472766919,30.820275975336273,30.947272004798656,31.088976742831992,31.245801880516765,31.41818845179964,31.606593631781728,31.81147268820626,32.03325698302753,32.27233005596935,32.52900579241659,32.80352455861832,33.09613219595914
1144.0,30.295772290129385,30.30218467937748,30.32143931814633,30.353589337407257,30.398723825678047,30.45696878393672,30.52848842959483,30.613486800483475,30.712209441217517,30.824944747426215,30.95202429471235,31.093821240819953,31.250745744555896,31.423236394823867,31.611746978489382,31.81672857655204,32.038607922924825,32.277764230958496,32.53451022934839,32.809099432017526,33.101816234929615
1145.0,30.300103871414063,30.30652023284948,30.32578682361461,30.357956884018876,30.40311968913918,30.461401503336386,30.532966869726405,30.618020173324325,30.71680724787602,30.82961659356869,30.956779533749252,31.09866841559821,31.255691833409763,31.42828591992915,31.61690109465158,31.821984312914577,32.04395781712418,32.283197012287324,32.54001539137751,32.81468160084631,33.10751186998765
1146.0,30.304438136639696,30.310858478326555,30.33013704566441,30.362327189070523,30.407518370150914,30.465837113933418,30.53744828145594,30.62255658965031,30.72140813694893,30.834291494534135,30.961537693686495,31.10351823132242,31.260640107240494,31.43333698907565,31.622055951662002,31.827239892879234,32.049306754234934,32.28862882146224,32.54552205693179,32.82027074119352,33.1132174311494
1147.0,30.308775091264202,30.315199421351853,30.334489990014767,30.366700258308846,30.411919873956442,30.470275619450607,30.541932665466383,30.627096045210983,30.726012097308587,30.83896943085275,30.966298746393775,31.10837065267181,31.26559052717296,31.438389565604894,31.627211523740886,31.83249532447572,32.05465486420414,32.29406008668396,32.551030760787405,32.825866471307606,33.11893172917403
1148.0,30.31311474080074,30.31954306750562,30.338845662368065,30.371076097377355,30.416324205584683,30.474717023277655,30.5464200220097,30.631638535286644,30.73061911742107,30.84365038284315,30.97106266385629,31.113225644857458,31.27054305530078,31.443443614440827,31.63236778936683,31.837750631388708,32.06000230787721,32.29949120620713,32.55654186399916,32.83146841837469,33.12465386526209
1149.0,30.317457090805455,30.32388942239315,30.343204068398624,30.375454711806697,30.4207313698441,30.47916132847107,30.550910350915004,30.63618405470569,30.735229185371097,30.84833433063952,30.975829418196046,31.118083173633078,31.275497654728344,31.44849910246772,31.63752473278462,31.843005853624863,32.06534926431221,32.304922533531894,32.562055607943094,32.837076238304206,33.13038313210233
1150.0,30.321802146865394,30.328238491632828,30.34756521374152,30.379836107005428,30.425141371317245,30.483608537754677,30.55540365159714,30.640732597861906,30.739842288886106,30.85302125421736,30.980598981692378,31.122943205313554,31.280454289666782,31.453555999041527,31.64268234517738,31.848261046088677,32.07069591980195,32.31035437466226,32.5675721517941,32.84268961985947,33.136118956464166
1151.0,30.32614991458651,30.3325902808444,30.351929103981753,30.384220288251225,30.429554214355832,30.48805865352067,30.559899923065572,30.645284158731602,30.744458415359556,30.857711133418114,30.98537132680312,31.127805706807823,31.28541292558868,31.458614276541955,31.64784062528905,31.85351627596714,32.07604245978637,32.315786990958905,32.573091597868874,32.848308283414504,33.141860863252454
1152.0,30.330500399581837,30.336944795637432,30.356295744643706,30.3886072606826,30.433969903076367,30.492511677831295,30.564399163933604,30.649838730890593,30.74907755187357,30.862403947972986,30.990146426188634,31.132670645671357,31.290373529430727,31.463673910868902,31.652999579484927,31.858771619707127,32.08138906349148,32.32122060410985,32.57861400878226,32.85393197800716,33.147608451686445
1153.0,30.334853607459884,30.341302041600002,30.360665141180984,30.392997029291035,30.438388441356363,30.49696761242091,30.5689013724278,30.65439630753097,30.753699685220806,30.86709967752671,30.994924252740947,31.137537990180185,31.295336069821477,31.468734881814655,31.658159221357447,31.86402716009054,32.086735900703545,32.32665540153708,32.58413941918134,32.85956047805673,33.15336137880275
1154.0,30.339209543813208,30.34566202428766,30.365037298966552,30.39738959891361,30.44280983283106,30.501426458698596,30.573406546397646,30.658956881477636,30.75832480192597,30.87179830166203,30.999704779620004,31.14240770942424,31.30030051730819,31.47379717328011,31.663319571023607,31.869282983665798,32.092083130067074,32.33209154150005,32.5896678438764,32.86519358024858,33.159119347620205
1155.0,30.343568214207288,30.350024749212636,30.369412223283295,30.4017849742261,30.44723408089065,30.505888217751167,30.57791468332538,30.66352044520471,30.76295288826706,30.876499799925842,31.00448798029811,31.147279773414365,31.30526684455937,31.47886077333428,31.668480654251706,31.87453917862882,32.09743089840834,32.33752915762059,32.595199283550706,32.870831100749605,33.164882098400675
1156.0,30.347929624169588,30.3543902218334,30.373789919314902,30.40618315973651,30.451661188677996,30.510352890346518,30.58242578033592,30.66808699085174,30.76758393029675,30.88120415185789,31.009273828612354,31.152154153195575,31.310235026526495,31.483925674136074,31.673642501525347,31.879795833152663,32.102779340717674,32.342968362770186,32.60073372882047,32.87647287278314,33.17064940203817
1157.0,30.352293779178993,30.35875844754447,30.378170392137164,30.41058415977905,30.456091159086796,30.5148204769374,30.586939834206998,30.6726565102399,30.772217913864328,30.885911337022467,31.01406229882383,31.157030820958585,31.315205040555973,31.488991871746993,31.678805147120293,31.88505303411984,32.10812858053459,32.348409252354635,32.60627116315399,32.88211874454074,33.17642105495472
1158.0,30.35666068465548,30.363129431666604,30.382553646709635,30.414987978508588,30.460523994760194,30.519290977665484,30.591456841379348,30.677228994888278,30.776854824638434,30.89062133504348,31.018853365681494,31.161909750142726,31.320176866448833,31.494059365865215,31.683968628241285,31.890310866194557,32.113478730563266,32.353851907066044,32.611811564991065,32.88776857739139,33.18219687508972
1159.0,30.36103034595016,30.367503179437303,30.386939687867716,30.41939461989551,30.464959698089814,30.523764392365766,30.595976797967143,30.681804436030397,30.781494648131055,30.89533412564258,31.023647004488144,31.16679091552474,31.325150486470765,31.499128159509215,31.689132984244644,31.895569411171063,32.11882989340513,32.35929639517967,32.61735490929415,32.893422244346404,33.18797669870019
1160.0,30.365402768335596,30.37187969600166,30.391328520315096,30.423804087721006,30.469398271215187,30.528240720571233,30.600499699768537,30.686382824631135,30.78613736972284,30.900049688679974,31.02844319116582,31.171674293290057,31.330125885318132,31.504198258674556,31.69429825595734,31.900828747539975,32.12418216233597,32.364742774468795,32.62290116869116,32.89907962874109,33.193760377773565
1161.0,30.369777956996543,30.376258986403613,30.39572014861662,30.42821638557278,30.473839716023587,30.53271996151786,30.60502554227652,30.690964151404177,30.790782974689854,30.904768004197038,31.033241902318174,31.176559861084545,31.335103050047145,31.50926967198229,31.699464485093568,31.90608895022323,32.12953562208245,32.370191093802156,32.62845031432126,32.90474062309958,33.19954777791101
1162.0,30.374155917020985,30.380641055577506,30.400114577191516,30.432631516841173,30.478284034150192,30.537202114149892,30.609554320690062,30.695548406830106,30.7954314482317,30.909489052459875,31.038043115287703,31.181447598046475,31.340081969974054,31.514342410332716,31.704631713764,31.911350090437004,32.13489034957079,32.37564139447888,32.634002316462855,32.910405128153684,33.20533877657738
1163.0,30.378536653391542,30.385025908340072,30.40451181030707,30.437049484715665,30.48273122697867,30.541687177125475,30.614086029925637,30.70013558117522,30.80008277550076,30.91421281400277,31.04284680820627,31.18633748481949,31.345062636553745,31.51941648657406,31.709799984069612,31.91661223565011,32.14024641463273,32.38109371134661,32.639557145000204,32.91607305199206,33.21113326164063
1164.0,30.382920170977282,30.389413549382777,30.40891185207265,30.441470292181794,30.48718129564208,30.546175148822545,30.61862066462913,30.704725664511113,30.804736941632363,30.91893926967059,31.047652960037823,31.191229503548026,31.350045043243465,31.524491915192137,31.71496933777077,31.921875449612276,32.14560388066101,32.38654807374056,32.645114769769755,32.92174430931923,33.21693113014257
1165.0,30.387306474525865,30.393803983264554,30.41331470643412,30.44589394201844,30.491634241024173,30.550666027345155,30.623158219188284,30.709318646734907,30.809393931775382,30.923668400659235,31.05246155061269,31.196123637857344,31.355029185357566,31.529568712024705,31.720139816021867,31.927139792432463,32.15096280521193,32.39200450627452,32.6506751608162,32.92741882080804,33.222732287256115
1166.0,30.39169556865611,30.39819721440489,30.41772037716867,30.45032043679551,30.496090063761013,30.555159810530142,30.627698687745557,30.71391451759019,30.814053731122982,30.9284001885534,31.0572725606533,31.201019872820307,31.360015059918002,31.534646894002076,31.725311459162153,31.932405320691956,32.15632324055525,32.39746302950911,32.65623828858021,32.93309651253147,33.228536645394875
1167.0,30.396087457850914,30.402593247077352,30.422128867880033,30.454749778871992,30.500548764243003,30.55965649595417,30.632242064211542,30.718513266688394,30.818716324943004,30.933134615361055,31.06208597179137,31.20591819491332,31.365002665504516,31.53972647891425,31.730484306554324,31.93767208758065,32.161685234173426,32.40292366051818,32.66180412403462,32.93877731546236,33.23434412344777
1168.0,30.400482146450553,30.406992085403438,30.426540181994056,30.45918197039437,30.505010342617258,30.564156080941196,30.636788342278827,30.723114883530585,30.82338169860766,30.93787166354417,31.066901766577125,31.210818591963573,31.369992002107374,31.54480748520394,31.735658396463062,31.94294014304776,32.16704882921354,32.40838641337006,32.66737263878106,32.94446116503134,33.24015464611724
1169.0,30.404879638646385,30.411393733346852,30.430954322754683,30.463617013295465,30.5094747987904,30.568658562570377,30.641337515436316,30.727719357529384,30.828049837622128,30.942611316045447,31.071719928481016,31.21572105308976,31.374983070985017,31.54988993178416,31.74083376596694,31.948209533960426,32.172414064895385,32.413851299537924,32.672943805116795,32.9501480007349,33.24596814334414
1170.0,30.40927993847493,30.415798194708167,30.435371293220296,30.46805490929361,30.51394213243168,30.573163937684356,30.64588957698396,30.73232667803095,30.832720727651793,30.947353556310937,31.076540441888685,31.220625568638,31.37997587452811,31.55497383787866,31.7460104508978,31.953480304265415,32.17778097687925,32.41931832825054,32.678517596078436,32.955837765786725,33.2517845498053
1171.0,30.413683049812338,30.420205473119847,30.43979109626048,30.47249565989223,30.518412342976557,30.577672202897986,30.6504445200478,30.736936834336692,30.837394354547715,30.9520983683084,31.08136329208996,31.225532130114726,31.38497041613109,31.560059222883453,31.751188485802658,31.958752495150414,32.18314959759743,32.42478750679294,32.684093985468294,32.96153040680669,33.257603804472645
1172.0,30.418088976369244,30.42461557204166,30.444213734553117,30.476939266379784,30.522885429630627,30.58218335460742,30.655002337595203,30.741549815724667,30.842070704370332,30.956845736541652,31.086188465262694,31.230440730117824,31.3899667000719,31.5651461062474,31.756367903923902,31.964026145202347,32.1885199565526,32.43025884076473,32.68967294786732,32.9672258735425,33.26342585022464
1173.0,30.42249772168598,30.429028494756487,30.448639210581916,30.481385729830155,30.527361391373944,30.586697388999568,30.65956302245036,30.74616561147039,30.846749763411033,30.961595646060967,31.091015948452156,31.235351362267256,31.394964731400137,31.570234507370028,31.76154873719429,31.969301290561077,32.193892080586586,32.43573233430279,32.69525445863793,32.97292411862001,33.2692506335026
1174.0,30.426909289128194,30.433444244366495,30.45306752663428,30.48583505110332,30.531840226965755,30.5912143020619,30.664126567309722,30.750784210866936,30.85143151821166,30.96634808246974,31.095845729546856,31.24026402113607,31.399964515833798,31.57532444551467,31.766731016243714,31.974577965067212,32.19926599412245,32.44120799027341,32.700838493919164,32.978625097318435,33.27507810400538
1175.0,30.431323681882873,30.437862823789736,30.45749868479959,30.490287230846498,30.536321934949576,30.595734089592494,30.668692964757472,30.75540560324423,30.85611595558178,30.971103031927733,31.100677797251347,31.245178702182645,31.404966059664385,31.580415939735264,31.77191477041527,31.97985620040334,32.20464171938261,32.44668581043867,32.70642503061613,32.9843287673678,33.28090821441731
1176.0,30.435740902954723,30.44228423575705,30.461932686967856,30.494742269495653,30.540806513658655,30.600256747210377,30.673262207280814,30.76002977798733,30.860803062613787,30.975860481151194,31.105512141056835,31.250095401684682,31.40996936967021,31.585509008815208,31.777100027788563,31.98513602622828,32.21001927658549,32.45216579560074,32.712014046385235,32.990035088765595,33.286740920165045
1177.0,30.4401609551629,30.44670848280945,30.46636953482876,30.499200167277362,30.545293961221738,30.604782270365995,30.677834287285066,30.764656724553678,30.865492826695778,30.98062041741004,31.110348751209983,31.255014116675458,31.41497445303749,31.590603671216765,31.78228681520866,31.990417470304095,32.215398684123045,32.457647945727224,32.71760551961626,32.995744023610804,33.292576179199514
1178.0,30.4445838411382,30.451135567295797,30.470809229871087,30.503660924211033,30.549784275569174,30.609310654351848,30.682409197108413,30.76928643248924,30.870185235522378,30.985382828522607,31.115187618680572,31.259934844882668,31.419981317288848,31.59569994503976,31.78747515831908,31.995700558615923,32.22077995872095,32.46313226006029,32.72319942941239,33.00145553595304,33.29841395179968
1179.0,30.4490095633206,30.455565491370947,30.4752517733825,30.50812454011157,30.554277454439326,30.613841894313193,30.686986929036273,30.77391889144342,30.874880277103486,30.990147702848077,31.120028735128418,31.264857584670093,31.424989970218757,31.600797847988314,31.792665081597875,32.00098531548474,32.22616311558351,32.468618737211905,32.72879575556866,33.00716959165536,33.30425420039584
1180.0,30.453438123957127,30.4599982569942,30.479697166449743,30.512591014592267,30.55877349538519,30.618375985258773,30.691567475315196,30.778554091182833,30.87957793977111,30.994915029277035,31.12487209286989,31.269782334982228,31.43000041983548,31.60589739734463,31.797856608395808,32.0062717636732,32.231548168524675,32.4741073752469,32.73439447854958,33.012886158269026,33.31009688940959
1181.0,30.457869525100204,30.46443386592818,30.484145409959197,30.517060347068156,30.56327239578128,30.622912922071514,30.69615082816626,30.783192021603806,30.88427821218437,30.999684797220308,31.129717684844465,31.274709095291968,31.43501267430897,31.610998609948822,31.80304976097579,32.01155992448482,32.23693513008667,32.47959817175574,32.73999557946626,33.01860520491922,33.31594198510914
1182.0,30.462303768606326,30.468872319738075,30.488596504597762,30.52153253675958,30.567774152830708,30.627452699519118,30.70073697979786,30.787832672743658,30.88898108333279,31.004456996596467,31.134565504581495,31.27963786555136,31.440026741924374,31.616101502183966,31.808244560553085,32.01684981785694,32.242324011647575,32.48509112391822,32.74559904005327,33.02432670220033,33.321789455477465
1183.0,30.4667408561351,30.473313619791274,30.493050450854167,30.526007582696106,30.572278763572395,30.631995312264554,30.70532592241789,30.79247603479081,30.893686542538077,31.009231617818145,31.13941554616747,31.284568646145434,31.44504263104055,31.621206089965675,31.813441027335703,32.02214146244751,32.24771482351889,32.4905862285593,32.75120484264576,33.03005062208001,33.327639270092725
1184.0,30.471180789148697,30.477757767257337,30.497507249020572,30.53048548372075,30.57678622488845,30.63654075487636,30.70991764824531,30.797122098093688,30.898394579454376,31.014008651777438,31.144267804213978,31.289501437848973,31.450060350053324,31.6263123887355,31.81863918056465,32.02743487571632,32.25310757503418,32.49608348219819,32.75681297015673,33.035776937811036,33.33349140001891
1185.0,30.475623568911672,30.48220476310836,30.50196689919451,30.534966238494395,30.581296533511583,30.641089021838713,30.714512149520978,30.80177085316851,30.90310518406734,31.01878808983058,31.14912227382648,31.29443624178629,31.455079907362922,31.631420413457622,31.82383903855367,32.032730074000774,32.258502274629585,32.501582881091444,32.76242340605476,33.04150562385016,33.33934581770595
1186.0,30.48006919649113,30.486654608119693,30.506429401281196,30.53944984550049,30.585809686032636,30.64564010756126,30.719109418517863,30.806422290705946,30.907818346691915,31.023569923782087,31.153978950574043,31.299373059393737,31.46010131134531,31.636530178618315,31.829040618728307,32.03802707258671,32.2638989299172,32.5070844212709,32.76803613434223,33.0472366557835,33.34520249689836
1187.0,30.484517672757267,30.491107302870994,30.510894754996098,30.543936303049964,30.590325678908087,30.65019400638866,30.72370944755051,30.811076401576756,30.912534057969157,31.02835414586853,31.158837830460097,31.30431189238495,31.46512457032702,31.641641698227758,31.83424393766403,32.04332588577442,32.26929754775178,32.512588098577055,32.77365113953429,33.05297001025752,33.351061412551296
1188.0,30.48896899838426,30.495562847747657,30.515362959867815,30.548425609286305,30.5948445084676,30.654750712609797,30.72831222898385,30.815733176836424,30.917252308862047,31.033140748742056,31.163698909894308,31.309252742718662,31.470149692563158,31.64675498582381,31.839449011123357,32.04862652694036,32.27469813429168,32.51809390868846,32.77926840663829,33.058705664915394,33.35692254075351
1189.0,30.49342317385152,30.500021242942534,30.519834015241262,30.552917762190837,30.599366170921456,30.65931022046668,30.732917755241264,30.82039260772889,30.92197309065057,31.037929725453804,31.16856218566561,31.314195612568973,31.475176686218287,31.65187005447747,31.844655854091812,32.053929008594615,32.28010069505439,32.52360184714769,32.784887921134015,33.064443598338045,33.36278585865645
1190.0,30.497880199445248,30.504482488457988,30.52430792028107,30.557412759588104,30.603890662368045,30.663872524162937,30.737526018812048,30.825054685689352,30.926696394926054,31.04272106943735,31.173427654916416,31.319140504297902,31.480205559349855,31.656986916799625,31.8498644808127,32.05923334243462,32.285505234967246,32.529111909384135,32.790509668954634,33.07018378998955,33.368651344408825
1191.0,30.50234007526034,30.508946584108262,30.528784673975274,30.561910599151407,30.608417978801125,30.668437617871998,30.742137012258134,30.829719402346292,30.931422213584867,31.04751477449223,31.178295315117975,31.324087420430125,31.485236319894,31.66210558494893,31.85507490482061,32.06453953939525,32.290911758413905,32.5346240907342,32.79613363646832,33.0759262201665,33.374518977096294
1192.0,30.506802801202596,30.513413529522126,30.53326427513919,30.56641127840839,30.612948116117106,30.673005495744857,30.746750728220217,30.834386749522753,30.936150538821668,31.052310834767656,31.183165164046983,31.329036363629783,31.490268975653407,31.667226070640627,31.8602871389737,32.0698476096956,32.29632026927676,32.540138386459105,32.80175981046058,33.08167086995095,33.380388736685696
1193.0,30.511268376991215,30.517883324145814,30.537746722419524,30.570914794746763,30.617481070122086,30.677576151917435,30.75136715942323,30.83905671923692,30.94088136312218,31.057109244746457,31.188037199763325,31.33398733667916,31.495303534287068,31.672348385156013,31.865501195484608,32.07515756288262,32.30173077097582,32.5456547917605,32.807388178117385,33.087417721166695,33.386260603973334
1194.0,30.51573680216161,30.522355967246213,30.54223201429865,30.57542114542004,30.622016836538812,30.682149580517578,30.75598629868121,30.843729303702023,30.945614679255645,31.061909999229346,31.19291142058899,31.33894034245918,31.50034000330166,31.677472539352475,31.87071708595019,32.08046940787191,32.307143266504376,32.551173301794364,32.81301872700891,33.093166756338505,33.39213456053718
1195.0,30.520208076068425,30.526831457914273,30.54672014909908,30.579930327553278,30.62655541101344,30.68672577567164,30.760608138901627,30.84840449532576,30.95035048026699,31.06671309331955,31.197787825088128,31.34389538393156,31.505378390044484,31.682598543673954,31.875934821379925,32.08578315298575,32.31255775846168,32.55669391168317,32.81865144507396,33.09891795865424,33.39801058869235
1196.0,30.524682197888872,30.531309795068694,30.55121112498803,30.58444233814889,30.631096789122136,30.69130473151065,30.765232673089113,30.853082286709075,30.95508875946875,31.071518522407803,31.202666412048174,31.348852464122515,31.510418701697727,31.687726408161705,31.881154412223125,32.09109880598875,32.317974249083,32.5622166165266,32.82428632060515,33.104671311929394,33.40388867144987
1197.0,30.52915916662627,30.535790977459776,30.555704939982185,30.588957174092403,30.63564096637744,30.695886442176153,30.769859894348734,30.85776267064456,30.959829510432925,31.07632628215777,31.20754718046211,31.353811586107916,31.515460945273865,31.692856142465256,31.886375868394907,32.09641637412102,32.3233927402672,32.56774141141106,32.82992334223459,33.11042680057408,33.409768792478275
1198.0,30.533638981113768,30.54027500367348,30.560201591952538,30.5934748321582,30.64018793823447,30.700470901825593,30.77448979588869,30.86244564011439,30.96457272698263,31.081136368491947,31.21243012951169,31.35877275299976,31.520505127612193,31.697987755853443,31.89159919930102,32.10173586412933,32.3288132336021,32.573268291417946,32.83556249892035,33.116184409562074,33.415650936067806
1199.0,30.538121640018353,30.544761872135666,30.564701078629287,30.597995309015253,30.644737700096897,30.70505810463737,30.779122371022634,30.8671311882879,30.969318403183763,31.08594877757795,31.217315258551686,31.36373596793391,31.525551255376218,31.703121257225558,31.896824413861506,32.107057282296154,32.3342357303878,32.57879725163097,32.841203779933394,33.121944124401935,33.42153508709703
1200.0,30.54260714184497,30.549251581116486,30.569203397606895,30.602518601232738,30.649290247322718,30.709648044815484,30.783757613171502,30.871819308518816,30.974066533336632,31.090763505815374,31.222202567095064,31.368701234058957,31.530599335051946,31.708256655122405,31.902051520533288,32.11238063446684,32.33966023165825,32.58432828714257,32.8468471748451,33.12770593110991,33.42742123100172
1201.0,30.5470954849408,30.553744128734863,30.573708546349106,30.607044705285652,30.653845575229766,30.714240716593878,30.788395515864966,30.876509994342214,30.978817111967615,31.095580549823055,31.227092054799115,31.373668554526162,31.53564937294687,31.71339395773732,31.90728052733168,32.11770592607515,32.34508673820101,32.5898613930585,32.852492670485134,33.13346892982029,33.43325522979006
1202.0,30.55158666749973,30.558239512963176,30.578216522194083,30.611573617560293,30.65840367910105,30.71883611424039,30.793036072742492,30.881203239471223,30.98357013382087,31.100399906426826,31.231983721452398,31.37863793248033,31.54070137518959,31.718533172927103,31.9125114418509,32.123033162166976,32.35051525055018,32.59539655997639,32.8581399193804,33.139223997920524,33.43901975334242
1203.0,30.556080687566922,30.56273773163199,30.582727322359514,30.616105334359673,30.662964554189806,30.723434232060395,30.79767927755408,30.8858990377935,30.98832559385013,31.10522157264782,31.236877566962537,31.383609371051655,31.54575534773003,31.723674308222737,31.917744271283397,32.12836234739694,32.355945766970585,32.600933695343144,32.863787251147336,33.14496332477336,33.444744258278654
1204.0,30.560577543043497,30.567238782434863,30.58724094394777,30.620639851908816,30.66752819572439,30.728035064400103,30.802325124160653,30.890597383367542,30.99308348721062,31.110045545691165,31.241773591344803,31.38858287334834,31.55081129634012,31.728817370839835,31.92297902242567,32.13369348541822,32.36137826668024,32.6064724526306,32.86943233989614,33.150685110098436,33.450438158860116
1205.0,30.565077231691312,30.571742662933254,30.59175738395102,30.625177166359972,30.672094598912896,30.732638605649598,30.806973606534143,30.89529827041883,30.997843809251062,31.114871822935218,31.246671794711403,31.393558442449997,31.555869226614846,31.733962367684338,31.92821570152637,32.139026575290366,32.366812674251605,32.612012217151275,32.87507322194626,33.156389541235974,33.45610647590009
1206.0,30.569579751137802,30.576249370561477,30.596276639256367,30.629717273797667,30.676663758947555,30.737244850245528,30.811624718757358,30.90000169333586,31.002606555505885,31.119700401921225,31.25157217726154,31.39853608140171,31.56092914397228,31.73910930531956,31.933454313500647,32.144361603407965,32.37224883436115,32.617552237388836,32.880708498020844,33.16207733248981,33.461752484052965
1207.0,30.574085098880897,30.58075890263164,30.600798706650913,30.634260170243667,30.681235671008928,30.741853792673567,30.816278455023532,30.90470764666607,31.00737172168755,31.1245312803435,31.256474739272072,31.40351579320836,31.565991053644648,31.744258189792237,31.938694860035913,32.14969853414725,32.377686513734545,32.62309174844015,32.88633723011211,33.167749305414226,33.467378541274904
1208.0,30.578593272293983,30.585271256338693,30.60532358282682,30.638805851661797,30.68581033026988,30.74646542747056,30.820934809635705,30.909416125111697,31.012139303679074,31.129364456039955,31.261379481088703,31.40849758082731,31.57105496063725,31.749409026181382,31.943937336775672,32.1550373036702,32.38312542093151,32.628630041663136,32.89195880861148,33.17340626198132,33.47298645068509
1209.0,30.583104268630876,30.58978642876541,30.609851264386275,30.643354313962607,30.69038773189932,30.751079749226495,30.825593777005867,30.914127123525578,31.0169092975267,31.13419992698312,31.26628640311723,31.41348144715391,31.57612086961799,31.754561817812743,31.94918173036329,32.16037781856945,32.38856523040554,32.63416649282573,32.897572849638145,33.17904894707095,33.47857764877669
1210.0,30.587618085030808,30.594304416887375,30.61438174784646,30.647905553007945,30.694967871065757,30.755696752586143,30.830255351653935,30.9188406369069,31.021681699432804,31.139037691271422,31.27119550581351,31.41846739498996,31.58118878470406,31.759716565221623,31.954428016128062,32.16571995849349,32.39400560332102,32.63970056731846,32.90317912385395,33.184678040714005,33.4841533146476
1211.0,30.59213471852345,30.598825217577993,30.61891502964435,30.652459564615327,30.699550742940634,30.760316432250566,30.83491952820656,30.923556660396976,31.026456505748936,31.143877747120428,31.276106789669434,31.423455426982883,31.586258709136345,31.764873265040148,31.959676156820187,32.17106358104096,32.39944620288031,32.64523181473344,32.90877750834268,33.190294160546294,33.48971443842794
1212.0,30.596654166033858,30.603348827613427,30.62345110614155,30.65701634456222,30.70413634270148,30.764938782978348,30.839586301395784,30.92827518927496,31.031233712968923,31.148720092853296,31.281020255191176,31.428445545525765,31.591330644862662,31.770031908992326,31.964926102417635,32.176408527433715,32.40488670447125,32.65075985941874,32.91436795404911,33.19589786749601,33.49526186665552
1213.0,30.601176424387475,30.6078752436775,30.627989973628946,30.66157588859013,30.708724665534845,30.76956379958668,30.844255666057567,30.932996218953548,31.036013317721945,31.15356472688941,31.285935902865244,31.433437752614772,31.596404592072957,31.775192483127075,31.970177790801277,32.1817546280083,32.41032680175908,32.656284390204725,32.91995046352344,33.20148967210513,33.50079633372448
1214.0,30.60570149031502,30.612404462366573,30.63253162833129,30.66613819240858,30.71331570663906,30.77419147695223,30.848927617130194,30.9377197449747,31.040795316765134,31.158411647729537,31.290853733108886,31.438432049668396,31.60148054873638,31.78035496734963,31.975431149019403,32.187101707033904,32.415766209884765,32.661805150707444,32.92552507551275,33.20707004052912,33.50631848446723
1215.0,30.610229360457385,30.61693648019431,30.637076066411733,30.67070325169892,30.717909461226856,30.77882181001184,30.853602149652566,30.942445763005114,31.045579706975296,31.16326085393587,31.29577374620296,31.443428437319263,31.60655851018454,31.785519335252758,31.980686094880213,32.19244958667981,32.42120466671661,32.66732193073253,32.93109185415311,33.21263939990412,33.51182889084735
1216.0,30.614760031370448,30.621471293596436,30.641623283976177,30.675271062118,30.722505924527734,30.78345479376309,30.85827925876236,30.947174268831535,31.050366485339104,31.16811234410551,31.300695942207636,31.448426915192943,31.61163846877249,31.790685554211482,31.98594253866649,32.197798090133205,32.4266419328522,32.67283455889168,32.93665088129617,33.218198143027436,33.517328064602786
1217.0,30.61929349952982,30.626008898935368,30.646173277077587,30.67984161930169,30.727105091790225,30.78809042326467,30.86295893969399,30.95190525835548,31.055155648941025,31.172966116836307,31.305620320863518,31.453427481688944,31.616720413634614,31.79585358568704,31.991200384828982,32.20314704395501,32.43207779085691,32.67834289636519,32.94220225100244,33.223746632394196,33.522816467021045
1218.0,30.623829761335553,30.630549292504785,30.650726041720123,30.68441491886825,30.73170695828397,30.792728693636597,30.8676411877764,30.95663872758729,31.059947194948336,31.17782217068475,31.310546881482228,31.458430133777128,31.621804330540044,31.80102338568195,31.996459533568494,32.20849627979248,32.43751204406678,32.6838468316774,32.94774606555346,33.2292852036656,33.52829451663232
1219.0,30.628368813116705,30.6350924705341,30.65528157386323,30.688990956421584,30.736311519301623,30.797369600060264,30.87232599843051,30.961374672639078,31.064741120592718,31.18268050411633,31.315475622831464,31.463434866820045,31.62689020184289,31.80619490529266,32.00171988225768,32.213845635569854,32.44294451517075,32.689346276337766,32.95328243254227,33.23481416864826,33.53376259535792
1220.0,30.632910651135894,30.63963842919284,30.659839869425547,30.6935697275543,30.740918770160626,30.80201313777828,30.87701336716623,30.966113089716305,31.069537423148017,31.187541115449367,31.320406543019747,31.468441674427936,31.63197800651653,31.811368091314947,32.006981326681974,32.21919495626741,32.44837504471009,32.694841161208245,32.958811462739014,33.24033381785853,33.53922105349116
1221.0,30.63745527159368,30.644187164594914,30.66440092428871,30.69815122785069,30.745528706204784,30.806659302094083,30.881703289578898,30.970853975107715,31.07433609990418,31.192404002793833,31.325339639385597,31.47345054835011,31.637067720258248,31.816542886866742,32.01224376209769,32.22454409438239,32.453803489580835,32.70033143347438,32.96433326851951,33.245844422736404,33.544670213780954
1222.0,30.642002670632916,30.648738672802796,30.668964734301056,30.702735452889495,30.75014132280567,30.811308088371234,30.886395761345042,30.975597325173382,31.079137148137395,31.19726916398713,31.330274908395214,31.47846147840337,31.642159315649543,31.82171923200238,32.01750708411616,32.22989291014907,32.459229721590525,32.70581705411554,32.96984796270656,33.25134623756367,33.55011037481577
1223.0,30.646552844342953,30.65329294983158,30.673531295281187,30.707322398246575,30.754756615363867,30.815959492032412,30.891090778217244,30.980343136330724,31.083940565077036,31.202136596528636,31.335212345551835,31.48347445243606,31.64725276235793,31.826897064300038,32.02277118942935,32.23524127157968,32.46465362609782,32.71129799578757,32.9753556577167,33.25683950113251,33.555541813854596
1224.0,30.65110578876376,30.65784999165293,30.678100603021385,30.711912059497394,30.759374579309934,30.82061350855794,30.895788336018015,30.985091405038496,31.088746347869815,31.20700629751508,31.34015194531882,31.48848945632501,31.652348027367456,31.832076319410668,32.02803597639451,32.240589054374404,32.47007510074932,32.71677424104579,32.98085646493438,33.2623244382027,33.56096478921592
1225.0,30.65566149988992,30.662409794198904,30.68267265329091,30.71650443221936,30.76399521010517,30.825270133483837,30.900488430632617,30.98984212777872,31.093554493541983,31.21187826357835,31.345093701057802,31.49350647400145,31.657445075226832,31.837256931561456,32.03330134549626,32.245936141738405,32.47549405431836,32.722245780849704,32.98635049425668,33.267801260779336,33.56637954230958
1226.0,30.660219973674494,30.666972353365658,30.687247441839183,30.72109951199397,30.768618503242095,30.829929362399294,30.905191058000653,30.994595301036806,31.09836499896037,31.216752490827382,31.350037604982294,31.498525487501677,31.66254386830623,31.842438834010764,32.038567199703614,32.25128242413443,32.48091040564515,32.72771261330091,32.991837853766555,33.273270169237655,33.57178629937726
1227.0,30.66478120603283,30.67153766501706,30.691824964398794,30.725697294408793,30.77324445424458,30.834591190943502,30.909896214106503,30.99935092128001,31.103177860793004,31.221628974795173,31.3549836481265,31.503546477038203,31.667644367055185,31.8476219594539,32.0438334447382,32.25662779899325,32.486324082673995,32.73317474257493,32.99731864950327,33.27873135331687,33.57718527299292
1228.0,30.669345192846183,30.67610572498812,30.69640521668836,30.730297775059203,30.777873058667637,30.839255614801825,30.91460389496859,31.004108984934618,31.10799307547021,31.2265077103919,31.35993182032871,31.508569421087092,31.672746530256138,31.852806240381042,32.0490999892681,32.26197217039816,32.49173502158185,32.738632178014704,33.00279298530667,33.28418499300163,33.58257666336447
1229.0,30.67391192996521,30.680676529088316,30.700988194415228,30.734900949549903,30.782504312096805,30.84392262970123,30.919314096627435,31.008869488362105,31.11281063914683,31.23138869186469,31.364882110228155,31.513594296487703,31.677850315269293,31.857991609389703,32.05436674504001,32.267315448756115,32.49714316599106,32.74408493335889,33.00826096271744,33.289631259306496,33.587960659468834
1230.0,30.6784814132134,30.685250073104793,30.705573893278036,30.739506813496185,30.787138210147095,30.848592231404908,30.92402681513279,31.013632427834658,31.11763054766626,31.236271912764398,31.369834505274007,31.518621078551238,31.682955678265806,31.863177999454873,32.059633626960625,32.27265755046441,32.50254846625938,32.74953302608354,33.0137226809201,33.29507031497649,33.59333744004712
1231.0,30.683053638390287,30.689826352805383,30.710162308969032,30.744115362524937,30.791774748461467,30.85326441570623,30.92874204652973,31.01839779951049,31.1224527965268,31.241157365919445,31.374788991745216,31.523649741175127,31.688062574447294,31.868365344160352,32.064900553136845,32.277998397579545,32.5079508788401,32.75497647683899,33.01917823671824,33.300502315114656,33.59870717448107
1232.0,30.68762860127456,30.694405363941488,30.714753437176235,30.74872659227531,30.7964139227088,30.857939178421894,30.93345978684407,31.02316559940924,31.127277380850796,31.246045043416622,31.37974555477954,31.52868025696058,31.693170958250384,31.873553577894867,32.07016744488237,32.28333791749294,32.51335036570569,32.760415308966905,33.02462772453438,33.305927407745955,33.60407002356838
1233.0,30.69220629762703,30.69898710225079,30.71934727358536,30.75334049839907,30.801055728581364,30.86261651538436,30.938180032067095,31.027935823387804,31.132104295356854,31.250934936588592,31.384704178410534,31.53371259733115,31.698280783535754,31.878742636016607,32.07543422669777,32.288676042616785,32.51874689382847,32.765849548085505,33.03007123642818,33.311345734325556,33.609426140211625
1234.0,30.696786723193387,30.703571563459793,30.723943813881505,30.757957076560604,30.80570016179176,30.86729642243368,30.942902778139935,31.032708467116958,31.136933534335395,31.25582703600776,31.3896648456109,31.538746732650484,31.703392003761472,31.88393245498959,32.08070082622928,32.294012710082114,32.52414043471277,32.77127922173232,33.03550886212837,33.316757430198095,33.61477567003231
1235.0,30.701369873706838,30.70815874328614,30.72854305375061,30.762576322436573,30.810347218069335,30.871978895408663,30.947628020937632,31.037483526058985,31.141765091627633,31.26072133148595,31.394627538341055,31.54378263233789,31.70850457214094,31.889122972495084,32.085967174211234,32.299347861450556,32.52953096397316,32.77670435905606,33.040940689074944,33.32216262501392,33.620118751920636
1236.0,30.70595574489052,30.712748637440793,30.73314498888062,30.767198231715152,30.81499689315608,30.876663930137582,30.952355756253176,31.042260995446593,31.14659896060807,31.265617812079523,31.399592237601663,31.5488202649805,31.71361844178579,31.894314127521127,32.09123320439575,32.304681442440376,32.53491846095404,32.78212499055047,33.04636680246852,33.32756144310711,33.62545551852901
1237.0,30.710544332459737,30.717341241629903,30.7377496149624,30.77182280009492,30.819649182802056,30.881351522428385,30.957085979781635,31.047040870263256,31.151435134170445,31.27051646609922,31.40455892348906,31.553859598441225,31.718733565834558,31.899505860432885,32.09649885347305,32.31001340266719,32.540302908386316,32.7875411478239,33.05178728532491,33.33295400383981,33.63078609671667
1238.0,30.71513563212396,30.721936551556524,30.742356927690295,30.776450023283314,30.824304082760325,30.886041668058628,30.961818687104504,31.051823145225203,31.15627360471709,31.275417281124348,31.409527575252657,31.55890059996189,31.723849897567757,31.90469811302626,32.10176406098491,32.31534369539926,32.545684292077226,32.79295286339976,33.05720221853315,33.33834042191644,33.63611060795138
1239.0,30.719729639588653,30.726534562922037,30.746966922762457,30.78107989699471,30.828961588781468,30.89073436276508,30.96655387367457,31.05660781476508,31.161114364151565,31.28032024402062,31.414498171353443,31.56394323626115,31.728967390510288,31.909890828567043,32.10702876923331,32.32067227732717,32.55106260062993,32.798360170543326,33.06261168091557,33.343720807671154,33.641429168673426
1240.0,30.72432635055678,30.73113527142735,30.75157959588077,30.785712416948133,30.833621696607683,30.895429602233268,30.971291534801253,31.061394873017438,31.165957403874334,31.285225340961215,31.41947068952295,31.568987473626738,31.734085998522108,31.915083951817603,32.112292923186146,32.3259991083474,32.5564378251899,32.803763103111386,33.06801574928913,33.34909526733129,33.64674189062622
1241.0,30.728925760730114,30.735738672773742,30.75619494275053,30.790347578864523,30.838284401966572,30.900127382086858,30.976031665636587,31.066184313806044,31.17080271478142,31.290132557450526,31.424445106821985,31.574033278002187,31.739205675877887,31.920277429052796,32.117556470381366,32.33132415135929,32.56180995921506,32.809161695421544,33.07341449852687,33.354463903259415,33.65204888115747
1242.0,30.733527865810267,30.740344762663533,30.76081295907971,30.794985378463707,30.84294970056461,30.90482769787716,30.980774261162075,31.070976130633014,31.175650287265714,31.29504187835008,31.429421399698718,31.579080615067728,31.744326377336716,31.925471208066696,32.12281936083053,32.33664737207474,32.56717899826754,32.814555982138636,33.078808001619315,33.359826814175996,33.6573502434941
1243.0,30.738132661499428,30.744953536800377,30.76543364057796,30.79962581146097,30.84761758808037,30.909530545072688,30.98551931617628,31.0757703166698,31.180500111220763,31.299953287906263,31.434399544045608,31.58412945031562,31.749448058202596,31.930665238171645,32.128081546922914,32.34196873884011,32.57254493982475,32.81994599817581,33.08419632973497,33.365184095364725,33.66264607699382
1244.0,30.74274014350082,30.749564990889272,30.770056982955246,30.80426887356333,30.85228806015755,30.914235919048945,30.990266825283385,31.08056686474995,31.18535217604682,31.304866769779405,31.439379515254906,31.589179749119815,31.754570674376527,31.93585947019054,32.13334298333054,32.34728822246956,32.577907783107676,32.82533177860859,33.08957955227992,33.3705358388622,33.66793647737582
1245.0,30.74735030751886,30.754179120636273,30.774682981920147,30.8089145604655,30.85696111239788,30.91894381507845,30.995016782882708,31.085365767363605,31.19020647065887,31.309782307073885,31.444361288272432,31.594231476800363,31.75969418240105,31.941053856443713,32.1386036269151,32.352605796089144,32.58326752892498,32.830713358599986,33.09495773695595,33.3758821336333,33.67322153693278
1246.0,30.751963149258994,30.758795921747872,30.779311633177855,30.813562867845587,30.861636740353923,30.92365422832115,30.999769183159202,31.09016701665365,31.195062983496527,31.314699882368902,31.449344837649416,31.599284598682537,31.76481853949782,31.94624835073112,32.14386343663681,32.35792143499118,32.58862417953097,32.83609077333544,33.10033094981731,33.38122306573379,33.678501344725994
1247.0,30.756578664427252,30.763415389930078,30.783942932427887,30.818213791360527,30.866314939521857,30.928367153815188,31.00452402007497,31.094970604413465,31.199921702535406,31.319619477749676,31.454330137592276,31.604339080151036,31.769943703599047,31.951442908310753,32.14912237346567,32.363235116498025,32.593977738496456,32.84146405796624,33.105699255325746,33.386558718461224,33.683775986765454
1248.0,30.76119684872945,30.76803752088718,30.788576875361443,30.82286732664134,30.870995705334266,30.933082586468107,31.009281287361826,31.09977652208617,31.204782615299948,31.32454107483877,31.45931716201015,31.609394886699462,31.77506963337328,31.956637485873898,32.15438040029544,32.36854681983488,32.599328210590876,32.84683324756041,33.11106271640391,33.391889172495134,33.689045546176196
1249.0,30.765817697870137,30.772662310320204,30.79321345765853,30.82752346928818,30.875679033153016,30.93780052104856,31.01404097851481,31.10458476076523,31.20964570887737,31.329464654827355,31.464305884560222,31.614451983975353,31.780196288246188,31.961832041517887,32.159637481860294,32.373856526010805,32.604675601674906,32.85219837706008,33.11642139448697,33.39721450602762,33.69431010335238
1250.0,30.770441207551173,30.777289753925064,30.79785267498483,30.832182214865284,30.880364918262195,30.94252095217854,31.0188030867868,31.109395311196387,31.214510969932583,31.3343901985062,31.469296278690717,31.619510337820934,31.78532362841685,31.96702653471685,32.1648935846545,32.37916421770762,32.61001991860236,32.85755948124459,33.12177534957246,33.40253479488502,33.69956973609994
1251.0,30.775067373470026,30.78191984739043,30.802494522988283,30.836843558895737,30.88505335586124,30.94724387432616,31.023567605184013,31.11420816378078,31.219378384723974,31.339317686296226,31.474288317681587,31.624569914310005,31.790451614870022,31.972220926290913,32.170148676854936,32.38446987917604,32.615361169130544,32.862916594698596,33.12712464026838,33.407850112641455,33.70482451976935
1252.0,30.77969619131782,30.7865525863953,30.807138997295493,30.841507496856227,30.889744341058247,30.95196928179897,31.028334526462515,31.119023308579152,31.224247939119792,31.344247098278526,31.4792819746829,31.629630679781062,31.795580209384827,31.977415178374212,32.17540272824659,32.38977349613853,32.62069936183836,32.868269751784595,33.132469323839466,33.413160530725015,33.71007452737884
1253.0,30.784327656777005,30.79118796660633,30.8117860935079,30.84617402417173,30.89443786886348,30.956697168737882,31.033103843125637,31.12384073531704,31.229119618615034,31.349178414223687,31.484277222750947,31.634692600866998,31.800709374540297,31.982609254382115,32.1806557101511,32.39507505569855,32.626034506051276,32.873618986619334,33.137809456251844,33.41846611851706,33.71531982972935
1254.0,30.788961765518852,30.79582598367489,30.816435807197834,30.850843136210155,30.899133934183137,30.961427529111685,31.037875547422257,31.12866043339085,31.23399340834873,31.354111613620308,31.48927403488214,31.63975564452158,31.80583907371808,31.98780311897784,32.185907595358096,32.40037454625559,32.63136661177269,32.878964333053595,33.143145092215896,33.423766943445266,33.720560495511606
1255.0,30.793598513200617,30.800466633233913,30.821088133904325,30.85551482827705,30.903832531813393,30.96616035671212,31.042649631345935,31.133482391874757,31.23886929312146,31.35904667570275,31.494272384044756,31.644819778042937,31.81096927110266,31.992996738038826,32.19115835805956,32.40567195742581,32.63669568962101,32.884305824654994,33.14847628522748,33.42906307107091,33.72579659140623
1256.0,30.798237895462513,30.805109910894487,30.825743069128887,30.860189095610306,30.90853365643475,30.970895645149575,31.04742608663482,31.138306599528292,31.243747257412995,31.36398357947788,31.499272243208548,31.649884969094284,31.81609993167943,31.998190078622923,32.19640797378685,32.410967279967586,32.64202175077198,32.889643494693466,33.153803087607635,33.43435456517081,33.731028182177305
1257.0,30.80287990792444,30.809755812242305,30.83040060833114,30.864865933374947,30.91323730260665,30.975633387849342,31.052204904772335,31.143133044804514,31.24862728539999,31.368922303750946,31.50427358537235,31.65495118572213,31.821231021230826,32.0033831089347,32.20165641935057,32.41626050571204,32.64734480690578,32.894977376129,33.159125550540615,33.43964148781436,33.73625533075998
1258.0,30.807524546182496,30.814404332833917,30.83506074692435,30.86954533665802,30.917943464762484,30.98037357804845,31.056986076988487,31.147961715858752,31.253509360973652,31.37386282715041,31.50927638358974,31.660018396372035,31.826362506330785,32.00857579829195,32.20690367278305,32.42155162749778,32.652664870158354,32.90030750160154,33.16444372411055,33.44492389943605,33.74147809834262
1259.0,30.812171805805356,30.81905546819281,30.83972348027096,30.874227300463584,30.922652137204885,30.985116208793052,31.061769594261904,31.152792600557795,31.25839346775725,31.37880512815183,31.514280610992817,31.665086569902314,31.831494354337778,32.01376811709254,32.212149713283424,32.42684063910992,32.65798195307689,32.9056339034226,33.16975765733653,33.45020185890368,33.74669654444387
1260.0,30.81682168233042,30.823709213805387,30.84438880367804,30.878911819707827,30.927363314101395,30.98986127293635,31.066555447322415,31.157625686489432,31.263279589123457,31.38374918510063,31.51928624081422,31.67015567559566,31.836626533386575,32.018960036781685,32.2173945211651,32.43212753522284,32.66329606857874,32.91095661356855,33.17506739820645,33.45547542358281,33.75191072698512
1261.0,30.821474171259872,30.828365565116833,30.849056712392766,30.883598889214372,30.932076989480475,30.994608763137045,31.07134362665419,31.16246096097234,31.268167708211422,31.38869497623398,31.524293246407435,31.67522568316897,31.841759012378905,32.024151529819726,32.22263807780571,32.43741231134661,32.66860722991369,32.91627566367714,33.18037299918118,33.46074624989407,33.75721843329287
1262.0,30.826129268056615,30.833024517526894,30.85372720159788,30.888288503709713,30.93679315722786,30.99935867185827,31.0761341224994,31.167298411066184,31.27305780794359,31.393642479701537,31.529301601265487,31.68029656278149,31.84689176097325,32.0293425696505,32.22788036559931,32.44269496377676,32.67391545067513,32.921591093216534,33.18567511590071,33.46603084141059,33.762650986629204
1263.0,30.83078696814008,30.83768606638558,30.858400266407216,30.89298065781884,30.941511811083288,31.004110991367035,31.080926924862286,31.172138023581958,31.277949871042136,31.39859167358525,31.53431127903811,31.685368285041402,31.852024749573804,32.03453313067039,32.233121367911046,32.447975489593624,32.679220748438475,32.926903091494026,33.19097679231074,33.47134333214615,33.76815522749333
1264.0,30.835447266881996,30.84235020698885,30.86307590186124,30.89767534606109,30.94623294463757,31.00886571373409,31.08572202351369,31.17697978509239,31.282843880045025,31.40354253591815,31.53932225354748,31.69044082101107,31.857157949318815,32.039723188198245,32.23836106905679,32.45325388775763,32.68452317505484,32.932212306116035,33.196282255549455,33.47668700276095,33.77371418608257
1265.0,30.840110159602087,30.847016934574246,30.8677541029227,30.902372562846164,30.95095655133001,31.01362283083424,31.090519407995924,31.18182368194248,31.287739817321718,31.408495044702136,31.54433449880255,31.695514142210946,31.862291332068526,32.04491271845426,32.24359945456787,32.45853016558961,32.689822880930194,32.937519868605065,33.201595078281436,33.4820615443782,33.779318825268476
1266.0,30.844775641563746,30.851686244316554,30.872434864472336,30.9070723024704,30.955682624446162,31.018382334347063,31.09531906762796,31.186669700260083,31.292637665088375,31.41344917792485,31.549347989012126,31.700588220622393,31.867424870395148,32.05010169860895,32.248836512600455,32.46380435333912,32.695120160618835,32.94282715726255,33.20691781360715,33.487465696086055,33.78496326043358
1267.0,30.849443707969687,30.85635813132348,30.87711818130471,30.911774559113216,30.960411157115946,31.023144215758002,31.100120991510924,31.191517825966464,31.29753740542267,31.418404913575607,31.554362698596762,31.705663028690182,31.872558537589295,32.05529010708701,32.25407223734729,32.4690765210684,32.700415449310164,32.94813557427567,33.21225218130099,33.49289800282044,33.79064326173743
1268.0,30.854114353957637,30.861032590631357,30.88180404812414,30.916479326833834,30.965142142312047,31.02790846635983,31.10492516853382,31.196368044786848,31.3024390202781,31.42336222966041,31.559378602199637,31.710738539328066,31.877692307724686,32.06047792437221,32.25930663411426,32.47434678983488,32.70570928710282,32.95344641995952,33.217599307741786,33.4983570443968,33.79635560072037
1269.0,30.85878757459602,30.865709617200896,30.886492459540776,30.921186599568216,30.969875572848693,31.032675077254424,31.1097315873795,31.201220342260868,31.30734249149785,31.42832110421615,31.56439567469746,31.715814725937356,31.88282615584835,32.06566513441613,32.26453972465036,32.47961533413316,32.711002275559984,32.95876084193337,33.22295991131366,33.5038415032528,33.8020977104651
1270.0,30.863463364879703,30.87038920591303,30.89118341006682,30.92589637112623,30.97461144138069,31.037444039354884,31.114540236530754,31.20607470375294,31.312247800828153,31.43328151532423,31.569413891213635,31.72089156245643,31.88796005835677,32.07085172650185,32.26977155131811,32.48488237715005,32.71629504011963,32.96407982571268,33.228334430952785,33.50935017846556,33.80786748837145
1271.0,30.868141719725816,30.875071351564852,30.89587689411288,30.930608635189035,30.979349740402785,31.04221534338789,31.11935110427663,31.210931114462525,31.317154929931284,31.438243441124143,31.57443322713856,31.725969023463303,31.89309399357503,32.076037697244104,32.275002179370304,32.49014818192255,32.72158820241849,32.96940420450208,33.233723113046445,33.51488198133106,33.813663172608535
1272.0,30.87282263396964,30.879756048865627,30.90057290598452,30.93532338530677,30.984090462249302,31.046988979896366,31.124164178718807,31.215789559434228,31.322063860398206,31.443206859828376,31.579453658164077,31.731047084348887,31.8982279425007,32.081223052395345,32.28023169729155,32.49541304108981,32.72688236196861,32.9747346762554,33.23912607023583,33.52043592510488,33.81948326019141
1273.0,30.877506102360588,30.884443292432945,30.90527143987896,30.94004061489639,30.988833599094058,31.051764939242346,31.128979447778107,31.220650023567828,31.326974573761294,31.448171749740634,31.58447516033979,31.73612572156736,31.903361889634773,32.086407808222134,32.2854602155723,32.500677266973405,32.73217808515728,32.980071822230826,33.24454332161045,33.526011113597434,33.8253264502049
1274.0,30.882192119558308,30.88913307678899,30.909972489881927,30.9447603172398,30.993579142950534,31.056543211610087,31.133796899201077,31.225512491628212,31.331887051507703,31.453138089280237,31.589497710157765,31.741204912955617,31.90849582380939,32.0915919923432,32.29068786441883,32.50594118287361,32.73747589947177,32.98541612450412,33.24997482053862,33.53160673035011,33.83119160303762
1275.0,30.886880680128904,30.89382539635696,30.914676049964758,30.949482485482196,30.998327085672315,31.06132378700938,31.13861652056664,31.23037694825545,31.336801275094246,31.45810585701565,31.594521284668904,31.746284638102367,31.913629738932332,32.096775644026245,32.29591479087134,32.511205115902044,32.74277629123954,32.99076798149443,33.25542047419052,33.537222028953046,33.83707771024917
1276.0,30.891571778541266,30.898520245457604,30.919382113981634,30.954207112630645,31.003077418953747,31.066106655279018,31.143438299292868,31.235243377975266,31.341717225964956,31.46307503170991,31.599545861630308,31.751364878740766,31.918763634591436,32.101958814009336,32.30114115570162,32.51646939134835,32.74807970562488,32.99612772130056,33.260880157401076,33.542856324602745,33.842983871749915
1277.0,30.896265409163593,30.903217618305966,30.924090675667014,30.958934191552885,31.007830134330828,31.070891806090497,31.148262222643954,31.24011176521017,31.346634885572623,31.46804559237975,31.604571419679058,31.756445619137313,31.923897516487788,32.10714156394462,32.306367130349486,32.52173432842319,32.75338654800417,33.00149561296791,33.26635372262023,33.548508986821815,33.84890927815887
1278.0,30.90096156626002,30.907917509008257,30.928801728633285,30.963663714976338,31.012585223182313,31.075679228951845,31.15308827773741,31.244982094291938,31.351554235405445,31.47301751836903,31.609597938525024,31.76152684645294,31.9290313966894,32.112323965569466,32.31159289406025,32.52700023716273,32.75869718612787,33.00687187592605,33.271841007120656,33.554179433204936,33.85485319692116
1279.0,30.905660243987416,30.912619911558902,30.933515266368598,30.96839567548735,31.017342676731065,31.080468913211725,31.157916451551753,31.249854349475836,31.356475257019895,31.477990789435793,31.614625399153706,31.766608551057534,31.934165293713875,32.11750609970155,32.31681863131199,32.53226741627569,32.764011952680946,33.01225668786348,33.277341838257904,33.55986712404734,33.8608149612142
1280.0,30.91036143639239,30.91732481983778,30.93823128223488,30.973130065530658,31.022102486045558,31.085260848063736,31.162746730934852,31.254728514957225,31.361397932080305,31.48296538585106,31.61965378402969,31.77169072678538,31.93929923245948,32.122688055139015,32.32204452956952,32.53753615173408,32.769331147992816,33.017650191290535,33.28285603733083,33.565571557722386,33.866793960961964
1281.0,30.915065137408412,30.922032227607634,30.94294976946609,30.977866877409017,31.02686464204166,31.090055022551088,31.16757910261316,31.259604574891036,31.366322242405406,31.487941288506565,31.624683077292147,31.77677337112528,31.94443324400931,32.12786992752932,32.32727077736884,32.5428067159382,32.77465504274199,33.02305249901252,33.288383422425504,33.57129226669183,33.87278963546914
1282.0,30.91977134085316,30.926742128511663,30.947670721166613,30.982606103283114,31.031629135484636,31.09485142557167,31.172413553202148,31.264482513414574,31.371248170021484,31.49291847902815,31.629713264934967,31.781856485343788,31.949567365335202,32.13305181825375,32.33249756271563,32.54807936731676,32.77998388056272,33.028463698700996,33.29392381051334,33.57702881404966,33.87880146731863
1283.0,30.924480040426005,30.9314545160713,30.952394130309923,30.98734773517164,31.03639595699143,31.099650045883674,31.17725006921819,31.26936231467384,31.376175697221424,31.49789693989114,31.63474433496599,31.786940074544113,31.95470163892679,32.1382338333606,32.337725071770464,32.55335435025075,32.7853178805019,33.033883856720735,33.29947701899782,33.582780790516544,33.88482897726705
1284.0,30.92919122970573,30.93616938368421,30.95711998973739,30.992091764951592,31.04116509703324,31.104450872111876,31.18208863709209,31.274243962853493,31.381104806628596,31.502876654534443,31.639776277541326,31.792024147665966,31.959836112368993,32.14341608256803,32.34295348778854,32.55863189523368,32.79065723930064,33.03931302134173,33.30504286685028,33.58854781181571,33.8908717199382
1285.0,30.933904902148406,30.940886724622427,30.961848292157327,30.996838184358865,31.045936545938492,31.109253892754698,31.18692924318456,31.27912744221037,31.386035481264273,31.507857607470026,31.644809085072666,31.797108717433066,31.964970837887673,32.14859867834919,32.34818299028101,32.56391221919993,32.79600213349172,33.04475122544275,33.3106211754376,33.59432951637257,33.89692928016125
1286.0,30.938621051085455,30.94560653203075,30.96657903014424,31.001586984989057,31.05071029389623,31.114059096192225,31.191771873803642,31.28401273711022,31.390967704617093,31.512839784385196,31.649842752306686,31.802193800256077,31.97010587188005,32.153781735105234,32.353413754366066,32.56919552596937,32.80135272131397,33.05019848879353,33.3162117691178,33.60012556329054,33.90300126983493
1287.0,30.943339669721947,30.950328798925273,30.97131219613828,31.006338158298554,31.055486330960004,31.11886647069528,31.19661651522421,31.28889983206734,31.395901460713176,31.517823172235538,31.65487727637701,31.80727941609869,31.97524127444306,32.15896536842719,32.35864595028067,32.574482006768534,32.8067091444514,33.05565481998674,33.32181447565975,33.60593563056292,33.90908732522456
1288.0,30.94806075113505,30.955053518192184,30.976047782444954,31.011091695605987,31.060264647052357,31.123676004435644,31.201463153709568,31.293788711786497,31.40083673418541,31.522807759326806,31.65991265682996,31.81236558831457,31.980377108909853,32.1641496944444,32.36387974302659,32.579771840798315,32.812071529607636,33.06112021807827,33.32742912652974,33.61175941348763,33.91518710461836
1289.0,30.952784288272717,30.95978068258673,30.98078578123508,31.015847588094,31.0650452319699,31.1284876854975,31.206311775534918,31.298679361206542,31.405773510340566,31.527793535384852,31.664948895626026,31.817452343462055,31.985513441402073,32.16933482925527,32.369115292128114,32.58506519582626,32.81743998992805,33.06659467398358,33.33305555707653,33.617596623256915,33.921300286284
1290.0,30.95751027395256,30.964510284732416,30.985526184544995,31.020605826811458,31.069828075389196,31.133301501890188,31.211162367012697,31.30357176554512,31.410711775223223,31.53278049161292,31.669985997119422,31.82253971110298,31.990650340403356,32.17452088843456,32.37435275148141,32.59036222878676,32.82281462628261,33.07207817166962,33.33869360663933,33.623446985698365,33.92742656667783
1291.0,30.96223870086094,30.969242317120433,30.990268984277055,31.025366402676035,31.074613166873323,31.13811744156217,31.21601491451946,31.308465910343738,31.415651515675325,31.53776862073615,31.67502396801826,31.827627723591146,31.995787876357678,32.17970798661088,32.37959226927861,32.595663086377556,32.828195528422015,33.077570689174756,33.344343118597294,33.629310240147625,33.9335656588682
1292.0,30.966969561552297,30.97397677210935,30.995014172200452,31.030129306477377,31.07940049587932,31.142935492416342,31.22086940452405,31.313361781512572,31.42059271939081,31.54275791703352,31.680062817327958,31.832716415855092,32.00092612129486,32.18489623710793,32.38483398799238,32.60096790564375,32.83358277601934,33.08307219948364,33.35000394037451,33.63518613843584,33.93971729114106
1293.0,30.97170284844873,30.978713641925033,30.999761739952387,31.034894528880702,31.08419005176644,31.147755642326487,31.225725823616852,31.318259365374445,31.42553537496454,31.54774837635772,31.685102556280615,31.837805825179238,32.006065148484176,32.19008575164294,32.39007804440889,32.60627681454381,32.8389764396085,33.08858267127921,33.35567592341179,33.64107444397742,33.94588120576195
1294.0,30.976438553839795,30.983452918660863,31.00451167903958,31.039662060431024,31.088981823805323,31.15257787915485,31.230584158539678,31.32315864870729,31.43047947193526,31.55273999614356,31.69014319825269,31.84289599098647,32.01120503211645,32.1952766400761,32.39532456969898,32.611589932493445,32.84437658142982,33.094102069590626,33.36135892311334,33.64697493094616,33.952057157872346
1295.0,30.981176669882604,30.988194594278248,31.009263980840206,31.044431891557963,31.093775801187988,31.157402190770735,31.23544439621607,31.328059618784792,31.435425000822285,31.557732775405835,31.695184758673495,31.84798695462491,32.01634584701414,32.20046901020512,32.40057368951923,32.616907370884874,32.849783256192524,33.09963035635234,33.367052798775134,33.652887383528956,33.9582449145025
1296.0,30.985917188602198,30.992938660607464,31.014018636606245,31.049204012581157,31.09857197303872,31.162228565069924,31.240306523781616,31.33296226341461,31.44037195315586,31.56272671472749,31.70022725492652,31.853078759160844,32.02148766836857,32.20566296759946,32.40582552413594,32.6222292335804,32.855196511762465,33.10516749088766,33.3727574135,33.658811595248245,33.964444253685336
1297.0,30.99066010189225,30.997685109348847,31.01877563746632,31.053978413716326,31.10337032842574,31.16705698999484,31.24517052861407,31.33786657097397,31.44532032150121,31.567721816239114,31.705270706245578,31.858171449179302,32.026630571503155,32.2108586154694,32.41108018856636,32.62755561737951,32.86061638978293,33.11071343032734,33.37847263410317,33.66474736834533,33.97065496365874
1298.0,30.99540540151608,31.002433932074332,31.02353497442895,31.05875508508199,31.10817085637368,31.171887453555236,31.250036398362855,31.342772530442282,31.45027009947646,31.57271808359078,31.71031513360749,31.8632650705935,32.03177463166111,32.21605605456533,32.41633779273227,32.6328866124597,32.8660429262356,33.116268129972674,33.38419833101176,33.670694513217896,33.97687684214507
1299.0,31.000153079108074,31.007185120229426,31.028296638386383,31.06353401670682,31.112973545876724,31.1767199438493,31.254904120977812,31.347680131430625,31.455221281764626,31.577715521917185,31.71536055962278,31.868359670463864,32.036919923816235,32.221255383103326,32.421598441622315,32.638222302791426,32.87147615194763,33.12183154361083,33.38993437816013,33.676652847905636,33.98310969569877
1300.0,31.00490312617542,31.01193866513556,31.033060620118874,31.068315198537668,31.117778385912448,31.181554449084885,31.25977368473684,31.352589364207937,31.460173864120044,31.582714137797026,31.720407008425646,31.873455296827167,32.04206652250507,32.22645669671338,32.42686223545979,32.64356276652802,32.876916093050696,33.12740362378891,33.39568065288316,33.68262219761919,33.98935333911397
1301.0,31.00965553410033,31.016694557992913,31.03782691029956,31.07309862044815,31.12258536545616,31.186390957600878,31.26464507827231,31.357500219723878,31.465127843369444,31.5877139392076,31.72545450556433,31.878551998535965,32.04721450167888,32.231660088407104,32.4321292698734,32.648908076371455,32.88236277139669,33.132984322052415,33.40143703580894,33.68860239430768,33.995607594885236
1302.0,31.014410294142614,31.02145278988367,31.042595499499825,31.077884272247886,31.12739447349574,31.191229457888387,31.26951829059602,31.362412689628297,31.470083217408234,31.592714935475396,31.730503077892834,31.88364982510845,32.05236393457383,32.23686564856211,32.43739963606905,32.654258299915135,32.887816204934765,33.13857358915293,33.40720341075177,33.69459327626093,34.001872292715625
1303.0,31.019167397442764,31.026213351775812,31.04736637819524,31.082672143692292,31.13220569904684,31.19606993861165,31.27439331112258,31.367326766287402,31.47503998519226,31.597717137223547,31.735552753464667,31.88874882658862,32.057514893597926,32.24207346492059,32.442673421000855,32.65961349996477,32.893276408053374,33.14417137522905,33.41297966460641,33.70059468774306,34.00814726906669
1304.0,31.023926835025485,31.030976234527312,31.052139536772,31.087462224492853,31.137019031168368,31.200912388628556,31.279270129691078,31.372242442796622,31.479998146725507,31.602720556316793,31.74060356142926,31.893849053416545,32.062667450233036,32.24728362259986,32.44795070754032,32.66497373483865,32.89874339189108,33.14977762996406,33.41876568724418,33.706606478654216,34.014432366746114
1305.0,31.028688597803693,31.035741428890923,31.05691496553396,31.092254504327936,31.141834458978167,31.205756797010594,31.284148736584942,31.37715971299035,31.48495770304415,31.607725205804673,31.745655531931586,31.898950556308417,32.067821674950956,32.252496204113015,32.45323157464253,32.67033905864836,32.90421716461913,33.1553923027234,33.42456137141129,33.7126285042179,34.0207274345291
1306.0,31.03345267658307,31.040508925519394,31.061692654710075,31.097048972853973,31.146651971668753,31.210603153062113,31.289029122550005,31.38207857144861,31.489918656197386,31.61273109986347,31.750708696015288,31.9040533861461,32.07297763714174,32.257711289398,32.458516097508664,32.67570952156128,32.90969773169863,33.161015342674496,33.43036661262994,33.71866062469138,34.02703232680993
1307.0,31.03821906206702,31.045278714971275,31.066472594462464,31.101845619717054,31.15147155852306,31.215451446338864,31.293911278810643,31.386999013500866,31.494881009225384,31.61773825373747,31.75576308552963,31.909157593875648,32.07813540505361,32.262928955853745,32.46380434774427,32.681085170045854,32.915185096114726,33.16664669889114,33.43618130910206,33.72470270509716,34.0333469032807
1308.0,31.042987744862224,31.050050787717126,31.071254774894847,31.106644434564807,31.156293208930112,31.220301666665645,31.29879519708405,31.39192103522709,31.49984476613476,31.62274668368,31.76081873304047,31.91426323041447,32.083295045742894,32.2681492783819,32.469096393512814,32.68646604710085,32.9206792585903,33.172286320444485,33.44200536161628,33.730754614973534,34.03967102863484
1309.0,31.047758715484637,31.054825134146306,31.076039186061447,31.111445407058554,31.161116912400487,31.225153804153013,31.303680869592622,31.396844633456293,31.504809931871993,31.627756406894584,31.765875671745366,31.919370346566623,32.08845662503315,32.27337232943328,32.47439229968429,32.69185219246958,32.92618021778076,33.17793415648211,33.447838673457845,33.73681622814262,34.046004572292645
1310.0,31.052531964366032,31.05960174457422,31.080825817976326,31.11624852688566,31.165942658581525,31.230007849213003,31.308568289074458,31.401769805762694,31.509776512295,31.632767441476673,31.770933935392915,31.924478992945787,32.09362020748255,32.27859817905806,32.47969212797866,32.69724364284009,32.931687970452124,33.183590156296795,33.45368115032167,33.7428874224942,34.0523474081471
1311.0,31.057307481860967,31.064380609249998,31.085614660623083,31.12105378377199,31.17077043727222,31.234863792573808,31.313457448792096,31.406696550459706,31.514744514143302,31.637779806356086,31.775993558206277,31.929589219905424,32.0987858563585,32.28382689495868,32.484995937104024,32.70264043203231,32.937202511643655,33.18925426938626,33.45953270022862,33.74896807978423,34.058699414327975
1312.0,31.062085258254278,31.06916171836466,31.090405703964866,31.125861167494534,31.17560023843772,31.239721625293413,31.31834834253944,31.41162486659194,31.51971394500698,31.642793521240574,31.781054574810952,31.93470107747573,32.103953633618886,32.289058542545135,32.49030378288954,32.708042591172934,32.942723834816746,33.19492644550478,33.46539323344482,33.7550580854466,34.065060472982594
1313.0,31.066865283769022,31.07394506205968,31.095198937954688,31.1306706678939,31.180432052223356,31.244581338772054,31.32324096464704,31.416554753925382,31.524684813294762,31.647808606560574,31.78611702016667,31.939814615306858,32.10912359989905,32.29429318499165,32.49561571841294,32.71345014885906,32.94825193199117,33.20060663470783,33.471262662404,33.76115732841723,34.07143047007176
1314.0,31.071647548574784,31.07873063043593,31.099994352546044,31.135482274886936,31.185265868968152,31.249442924763642,31.328135309985687,31.42148621293597,31.52965712820141,31.652825083415443,31.791180929503355,31.944929882618034,32.11429581450398,32.299530883294615,32.50093179412297,32.7188631313111,32.95378679386994,33.20629478739064,33.477140901632936,33.76726570096928,34.07780929517962
1315.0,31.076432042796466,31.08351841356302,31.10479193770364,31.140295978479145,31.19010167921783,31.25430637538603,31.333031373968492,31.42641924479669,31.534630899674706,31.657842973521216,31.796246338261064,31.950046928152105,32.11947033540502,32.30477169633096,32.50625205795652,32.724281562515976,32.959328409953706,33.21199085432109,33.48302786767974,33.77338309855883,34.08419684133619
1316.0,31.08121875652341,31.088308401488902,31.109591683414394,31.145111768777056,31.194939473737197,31.259171683130187,31.33792915255154,31.431353851363394,31.539606138382148,31.662862299160032,31.801313282033746,31.955165800135177,32.12464721924053,32.31001568091693,32.511576555450944,32.729705464360954,32.96487676864588,33.217694786667955,33.48892347904498,33.77950941968004,34.090593004851556
1317.0,31.086007679818852,31.093100584249818,31.114393579698472,31.149929636000333,31.199779243521906,31.264038840868256,31.34282864223309,31.436290035159505,31.544582855677618,31.667883083131322,31.806381796516725,31.960286546240884,32.12982652132018,32.315262891866745,32.51690532985124,32.73513485675912,32.970431857348956,33.22340653602482,33.49482765611559,33.785644565729136,34.09699768516068
1318.0,31.090798802729704,31.097894951880484,31.11919761662048,31.15474957049372,31.204620979809572,31.268907841860578,31.347729840051556,31.44122779935974,31.549561063568103,31.67290534870479,31.811451917457713,31.965409213559017,32.135008295632296,32.32051338205094,32.52223842221267,32.740569757766735,32.97599366255315,33.22912605443029,33.50074032110135,33.79178844087655,34.1034107846782
1319.0,31.095592115296572,31.102691494424455,31.12400378430062,31.15957156273867,31.209464674090245,31.27377867976161,31.352632743582248,31.44616714777299,31.554540774680685,31.677929119575264,31.81652368061132,31.970533848568092,32.14019259485382,32.32576720245416,32.52757587149873,32.746010183693265,32.98156216991784,33.23485329438486,33.50666139797399,33.797940951946536,34.109832208662056
1320.0,31.100387607564052,31.107490201944717,31.128812072925907,31.164395603364728,31.214310318116183,31.278651348624884,31.35753735093304,31.45110808482451,31.559522002229844,31.68295441981936,31.821597121696694,31.975660497111626,32.14537947036268,32.3310244022323,32.5329177146747,32.751456149204415,32.987137364346374,33.240588208864885,33.51259081240875,33.804102008303836,34.11626186508572
1321.0,31.105185269591168,31.11229106453435,31.133622472761285,31.16922168316053,31.219157903910947,31.28352584290693,31.362443660738986,31.456050615537556,31.564504759985216,31.68798127385409,31.82667227635842,31.980789204377754,32.15056897225213,32.336285028768636,32.53826398679689,32.75690766741879,32.99271923005511,33.246330751332586,33.51852848777875,33.81027036653271,34.12262912381728
1322.0,31.10998509146199,31.117094072327347,31.138434974160713,31.174049793084468,31.224007423777802,31.28840215747031,31.36735167215602,31.460994745514515,31.569489062239935,31.693009706397262,31.83174918013026,31.985920014881906,32.155761149346866,32.341549127729074,32.5436147210979,32.76236474999847,32.998307750603765,33.25208086984593,33.52447391298668,33.81643406810243,34.128911328899555
1323.0,31.114787063296372,31.121899215509426,31.143249567578074,31.178879924274966,31.228858870307437,31.29328028758568,31.37226138485382,31.465940480917748,31.574474923779537,31.6980397424298,31.83682786840177,31.99105297245237,32.16095604922055,32.34681674311626,32.54896994906761,32.76782740720041,33.00390290630466,33.25783840456385,33.53042485395752,33.82258286607171,34.13514680410936
1324.0,31.119591175260705,31.126706484328906,31.148066243577986,31.183712068060334,31.23371223638497,31.29816022893307,31.377172799007887,31.470887828450085,31.579462359851618,31.70307140715983,31.84190837638753,31.99618812021838,32.16615371821457,32.35208791732226,32.554329700514074,32.77329564713382,33.00950465238987,33.263602865108275,33.53637822344209,33.828714348509166,34.141347753353195
1325.0,31.124397417578795,31.13151586910753,31.152884992846403,31.188546215968202,31.23856751519633,31.303041977602284,31.382085915290926,31.475836795335294,31.584451386136188,31.70810472598859,31.84699073909891,32.001325500600615,32.17135420145774,32.35736269117428,32.55969400341641,32.77876947112765,33.0151128726457,33.26937341207719,33.54233140738869,33.834828695531044,34.1475206561009
1326.0,31.12920578054265,31.13632736025124,31.15770580620096,31.193382359734517,31.2434247002339,31.30792553009254,31.38700073486366,31.48078738929831,31.589442018716813,31.713139724478086,31.852074991318197,32.00646515530373,32.17655754288514,32.36264110392879,32.56506288294939,32.78424886325758,33.02072734653181,33.27514902820863,33.54828252843342,33.84092677554492,34.15366971758228
1327.0,31.13401625452329,31.141140948260848,31.162528674601162,31.198220491312075,31.24828378530157,31.31281088331141,31.391917259365044,31.485739618545598,31.594434274052606,31.71817642832044,31.857161167574937,32.011607125310455,32.18176378524537,32.367923193081054,32.57043635906095,32.78973377819918,33.02634775174272,33.280928679262914,33.554230311450766,33.84700959817663,34.15979794977877
1328.0,31.138828829981406,31.145956623742588,31.167353589158214,31.203060602878576,31.253144764519114,31.317698034573063,31.396835490902077,31.490693491745446,31.59942816895104,31.72321486330891,31.862249302124216,32.016751450874395,32.18697297006619,32.373208993812256,32.57581444284606,32.795224133193784,33.031973690017956,33.286711404793344,33.56017391035112,33.85307814891597,34.16590764298795
1329.0,31.143643497478017,31.150774377418504,31.172180541144616,31.207902686844253,31.258007632325945,31.322586981595865,31.401755432039128,31.495649018008486,31.604423720541636,31.728255055310484,31.867339428926257,32.02189817150458,32.19218513752982,32.37849853799989,32.58119713273603,32.80071980632101,33.037604718521756,33.29249635483014,33.56611277423758,33.85913334018068,34.172000611069336
1330.0,31.14846024768486,31.155594200136665,31.17700952200342,31.212746735858975,31.26287238348431,31.32747772249939,31.406677085786974,31.500606206868298,31.60942094625053,31.73329703023983,31.872431581625392,32.027047325928436,32.1974003262142,32.38379185289908,32.58658441152297,32.80622063995655,33.043240376994966,33.2982827966705,33.57204655460047,33.865176001160826,34.17807833375636
1331.0,31.153279071394707,31.16041608288112,31.18184052335715,31.21759274281889,31.267739013081854,31.332370255800896,31.41160045559152,31.505565068262303,31.61441986377588,31.738340814034167,31.877525793524963,32.03219895201745,32.202618572687946,32.38908895972457,32.591976244749475,32.81172644718533,33.04888020775009,33.3040701078093,33.577975042573165,33.87120688097294,34.18414204579153
1332.0,31.15809995953142,31.165240016781663,31.186673537016393,31.222440700872603,31.272607516533633,31.33726458041129,31.41652554532227,31.510525612512815,31.619420491064012,31.743386432628114,31.88262209755306,32.03735308666236,32.20783991098634,32.39438987237201,32.59737258049364,32.817237019227576,33.05452376891415,33.30985776362422,33.58389812646837,33.87722665603061,34.19019279601954
1333.0,31.16292290315979,31.170065993123284,31.191508554988015,31.22729060342686,31.277477889583615,31.34216069563061,31.421452359260662,31.515487850308446,31.624422846286084,31.74843391192692,31.88772052621334,32.042509765593444,32.213064372024725,32.399694596448654,32.60277335028399,32.82275213262633,33.060170642384485,33.31564532398125,33.58981576274639,33.88323593824326,34.19623148833165
1334.0,31.16774789349513,31.17489400335539,31.196345569483004,31.232142444151776,31.282350128305662,31.347058601143104,31.426380902088177,31.520451792685673,31.629426947814817,31.753483277776088,31.892821111516234,32.04766902315156,32.218291983014026,32.40500312869182,32.60817847078094,32.82827155555554,33.06582043801212,33.32143242059207,33.595727955908316,33.88923528279739,34.202258911055836
1335.0,31.172574921912606,31.179724039100655,31.201184572923932,31.236996216985585,31.287224229103995,31.35195829701191,31.43131117887434,31.52541745101056,31.63443281420066,31.758534555925166,31.897923884888158,32.052830892023835,32.22352276693642,32.41031545677723,32.613587845884304,32.833795053017894,33.07147279524662,33.3272187458055,33.60163474438609,33.89522519511531,34.20827575867381
1336.0,31.17740397995624,31.18455609216359,31.206025557952017,31.24185191613892,31.29210018871319,31.35685978367341,31.43624319506466,31.530384836960447,31.639440464146528,31.763587771983715,31.903028877059008,32.05799540296283,32.228756742121966,32.41563155946986,32.61900136899855,32.8393223909339,33.077127383151236,33.33300404297932,33.60753619051875,33.901206136920266,34.21428264826158
1337.0,31.182235059347597,31.18939015453876,31.210868517433813,31.24670953609868,31.296978004197786,31.361763061931164,31.44117695646834,31.53535396250531,31.64444991648025,31.76864295136809,31.9081361179314,32.063162584508895,32.233993921948866,32.42095140704661,32.624418925268884,32.8448533392363,33.082783899422154,33.33878809834532,33.613432373353405,33.90717853146425,34.220280132193885
1338.0,31.187068151994197,31.194226218418656,31.21571344446747,31.25156907163142,31.301857672951396,31.366668132949656,31.446112469245822,31.54032483988848,31.64946119012373,31.773700119238555,31.913245636436734,32.06833246273291,32.23923431467291,32.42627496191498,32.62984039367107,32.85038767412492,33.08844206883885,33.34457073419469,33.61932338342633,33.91314276801619,34.22626870813667
1339.0,31.19190324999752,31.199064276201216,31.22056033238861,31.2564305177863,31.30673919269545,31.371574998247628,31.451049739896014,31.54529748160634,31.654474304058215,31.778759300427236,31.91835746038473,32.073505061013,32.24447792338052,32.431602179358215,32.63526564889108,32.855925179639975,33.09410164142624,33.35035180319128,33.62520931895054,33.91909920571446,34.23224882702775
1340.0,31.196740345660686,31.203904320496928,31.22540917477577,31.261293869897646,31.311622561477524,31.37648365969113,31.455988775243092,31.550271900386537,31.659489277285136,31.783820519358205,31.923471616312987,32.07868039985415,32.24972474605079,32.43693300834821,32.64069456296781,32.8614656486976,33.09976239050798,33.356131183631554,33.63109028301411,33.925048176879706,34.23822089953736
1341.0,31.20157943149577,31.208746344135612,31.230259965455485,31.266159123587073,31.31650777766931,31.381394119486178,31.46092958242266,31.555248109164385,31.664506128782453,31.788883799961706,31.928588129342867,32.08385849675529,32.2549747757091,32.44226739238048,32.64612700669632,32.867008883709865,33.105424110763046,33.36190877549117,33.63696638151287,33.93098998987216,34.2441853013605
1342.0,31.206420500230724,31.2135903401728,31.23511269850694,31.271026274765184,31.32139483996418,31.386306380171064,31.46587216886714,31.56022612105719,31.669524877456627,31.79394916558486,31.93370702304696,32.089039366124865,32.26022800065289,32.447605270297046,32.65156285080349,32.87255469688967,33.11108661635231,33.36768449712224,33.64283772162188,33.93692493156474,34.250142377598664
1343.0,31.21126354481597,31.218436301895693,31.2399673682662,31.275895319632905,31.326283747374347,31.39122044460811,31.47081654229018,31.565205949336253,31.674545542090843,31.799016638901417,31.938828319332064,32.094223019242946,32.26548440473116,32.452946577073746,32.6570019669158,32.878102910321175,33.1167497391527,33.37345828248791,33.648704410665445,33.942853269491884,34.25609244642217
1344.0,31.216108558430513,31.223284222828795,31.244823969330092,31.28076625468238,31.331174499227615,31.396136315974907,31.475762710669937,31.570187607396512,31.67956814129014,31.804086241823036,31.943952038340587,32.09940946426627,32.270743967661126,32.45829124455651,32.662444228342615,32.883653355858776,33.12241332711722,33.3792300788407,33.65456655528421,33.94877525372398,34.26203580215758
1345.0,31.220955534487764,31.228134096739087,31.249682496559643,31.285639076697482,31.336067095163735,31.401053997754907,31.480710682231084,31.57517110872393,31.684592693424428,31.809157995414267,31.94907819837182,32.10459870627109,32.27600666536754,32.46363920213779,32.667889510698586,32.88920587490384,33.12807724276754,33.38499984476776,33.66042426082511,33.95469111850886,34.267972717910595
1346.0,31.225804466640923,31.232985917640843,31.254542945083127,31.29051378275391,31.340961535130216,31.405973493727267,31.485660465425507,31.58015646686081,31.68961921657042,31.81423191981327,31.95420681582372,32.109790747328404,32.28127247033279,32.46899037736893,32.67333769238853,32.89476031809691,33.133741361818025,33.39076754854038,33.66627763089937,33.96060108371489,34.27390344781033
1347.0,31.23065534878797,31.237839679800043,31.25940531029872,31.295390370218854,31.34585781937767,31.410894807955952,31.49061206891154,31.585143695369286,31.694647728453514,31.819308034159643,31.959337905154833,32.11498558660579,32.28654135194832,32.474344696507934,32.67878865497548,32.900316544953895,33.13940557192601,33.39653316671603,33.672126767067745,33.9665053561043,34.27982822894186
1348.0,31.23550817507626,31.242695377738396,31.264269587876743,31.300268836750234,31.35075594845461,31.415817944777892,31.495565501531928,31.590132807793434,31.699678246390643,31.824386356530674,31.964471478865427,32.12018322049038,32.29181327685992,32.47970208500408,32.68424228345111,32.905874423468006,33.145069771560465,33.4022966829512,33.6779717686224,33.97240413046086,34.2857472830203
1349.0,31.240362939906746,31.247553006236945,31.2691357737615,31.30514918029549,31.3556559232016,31.420742908790285,31.500520772290432,31.59512381762039,31.704710787235026,31.82946690388657,31.969607547496434,32.12538364272804,32.29708820930135,32.485062467922816,32.68969846642499,32.91143382969333,33.15073386898016,33.40805808699004,33.683812732442426,33.97829759059198,34.29166081784891
1350.0,31.245219637937776,31.252412560339273,31.274003864172684,31.310031399089876,31.36055774474485,31.425669704836956,31.505477890327306,31.600116738241002,31.709745367323645,31.83454969202521,31.9747461196445,32.13058684457391,32.30236611141248,32.49042577031484,32.69515709624698,32.91699464732209,33.15639778131211,33.41381737380079,33.68964975290534,33.98418591022214,34.29756902859551
1351.0,31.250078264088486,31.25727403535433,31.278873855606363,31.31491549165425,31.365461414489072,31.4305983379938,31.51043686489372,31.60511158291045,31.714782002428134,31.83963473554647,31.979887201991243,32.13579281495055,32.307646943539254,32.49579191753396,32.70061806907512,32.92255676726413,33.162061433721064,33.419574542836195,33.695482921841204,33.99006925379198,34.3034720989151
1352.0,31.254938813541827,31.262137426858835,31.283745744835528,31.319801456792387,31.370366934109697,31.435528813553287,31.515397705325423,31.610108364709237,31.719820707709626,31.844722047825872,31.98503079934478,32.14100154061018,32.312930664513786,32.50116083550859,32.70608128489925,32.92812008723469,33.16772475866135,33.4253295973988,33.70131232851919,33.995947777175125,34.30937020194138
1353.0,31.259801281747144,31.26700273069922,31.288619528910182,31.3246892935877,31.375274305544362,31.44046113700817,31.52036042101576,31.615107096505188,31.72486149767798,31.849811640997352,31.99017691469169,32.14621300629814,32.31821723191396,32.50653245097152,32.71154664752928,32.93368451135488,33.173387695202976,33.431082544094714,33.70713805965841,34.001821628323086,34.31526350116619
1354.0,31.264665664422335,31.271869942993206,31.293495205156947,31.32957900139941,31.380183530983704,31.445395314034368,31.52532502138834,31.620107790916578,31.72990438615564,31.85490352594452,31.99532554925751,32.15142719491521,32.32350660230228,32.51190669165239,32.71701406455525,32.93924994976761,33.17905018842437,33.436833392362836,33.712960199457356,34.007690947847045,34.32115215122249
1355.0,31.26953195755564,31.276739060130904,31.29837277117823,31.33447057985816,31.385094612861423,31.450331350473153,31.53029151586958,31.625110460276982,31.734949386246296,31.859997712299826,32.00047670257407,32.156644087677016,32.32879873144423,32.517283486437286,32.72248344728533,32.944816318270725,33.18471218886498,33.44258215406789,33.71877882963659,34.013555869544,34.327036298583714
1356.0,31.274400157406916,31.28161007877551,31.303252224850826,31.339364028861038,31.390007553843724,31.455269252312792,31.5352599138613,31.630115116602006,31.739996510308423,31.865094208450994,32.00563037255215,32.161863664268914,32.33409357450684,32.52266276549917,32.72795471066685,32.95038353796846,33.19037365203155,33.448328843148374,33.72459402949157,34.01941652087389,34.33291608219077
1357.0,31.279270260508543,31.286482995863466,31.30813356432409,31.344259348565956,31.394922356818036,31.460209025669663,31.540230224713724,31.635121771558183,31.745045769933604,31.870193021553916,32.010786555557964,32.167085902995304,32.339391086238294,32.528044460402924,32.733427773194464,32.95595153494149,33.19603453795248,33.454073475311084,33.730405875952506,34.02527302339311,34.33879163401577
1358.0,31.284142263665853,31.291357808604246,31.31301678801751,31.349156539385508,31.399839024881206,31.465150676769056,31.54520245769894,31.64013043643419,31.75009717592955,31.875294157551348,32.015945246492386,32.1723107809225,32.344691221129615,32.533428504188166,32.7389025568089,32.96152023993559,33.20169481077516,33.45981606776595,33.73621444364894,34.031125493149524,34.344663079570374
1359.0,31.289016163957054,31.296234514479575,31.317901894617815,31.35405560198021,31.404757561327045,31.470094211925705,31.55017662198512,31.645141122114612,31.755150738307638,31.88039762119664,32.02110643887159,32.17753827401474,32.3499939335595,32.5388148314327,32.74437898678904,32.96708958806865,33.207354438402064,33.46555663899536,33.74201980497752,34.03697404104294,34.35053053836554
1360.0,31.29389195873275,31.30111311124223,31.32278888307552,31.358956537251174,31.409677969633478,31.47503963752428,31.55515272661164,31.65015383905621,31.760206466274735,31.88550341608177,32.02627012490839,32.18276835726276,32.35529917792355,32.544203378299336,32.749856991639604,32.97265951855546,33.21301339216131,33.47129520855326,33.74782203017147,34.042818773154885,34.35639412432834
1361.0,31.298769645614914,31.305993596914274,31.32767775260092,31.363859346332212,31.414600253449148,31.479986959999827,31.560130780465244,31.65516859726684,31.765264368229015,31.890611544669135,32.031436295593394,32.18800100480485,32.36060690874887,32.549594082568305,32.755336502976434,32.97822997444948,33.218671646508334,33.47703179688999,33.75362118737091,34.04865979105087,34.36225394618082
1362.0,31.3036492224954,31.310875969784828,31.332568502659587,31.368764030581453,31.41952441657977,31.484936185818423,31.565110792257364,31.66018540628702,31.770324451759567,31.895722008326274,32.03660494077518,32.193236190040494,32.36591708079547,32.55498688365729,32.76081745541062,32.983800902401086,33.22432917875537,33.48276642519944,33.759417342692984,34.05449719205791,34.36811010778515
1363.0,31.30853068753393,31.315760228407306,31.337461132967306,31.373670591572434,31.424450462974104,31.489887321458042,31.570092770502782,31.665204275174034,31.775386723649394,31.900834807363136,32.041776049239196,32.198473885736284,32.37122964914532,32.56038172263098,32.76629978643279,32.989372252431245,33.22998596882595,33.48849911528553,33.76521056030144,34.060331069519805,34.37396270845877
1364.0,31.3134140391556,31.320646371596155,31.342355643484503,31.37857903108475,31.429378396709772,31.4948403733898,31.57507672349956,31.670225212488628,31.780451189881557,31.905949941071203,32.04694960878472,32.20371406412469,32.37654456928028,32.56577854220163,32.77178343629854,32.99494397771975,33.23564199903192,33.49422988944545,33.771000902475045,34.06616151303241,34.37981184326283
1365.0,31.318299276047824,31.32553439842303,31.347252034410175,31.38348935109425,31.43430822197888,31.499795348059664,31.580062659310464,31.675248226284143,31.78551785564813,31.911067407764136,32.052125606299604,32.20895669699555,32.38186179714977,32.57117728672209,32.77726834791561,33.00051603440746,33.24129725387066,33.499958770367705,33.776788429674546,34.07198860866079,34.38565760326653
1366.0,31.323186397156793,31.33042430821252,31.352150306175307,31.38840155376293,31.43923994307363,31.504752251870705,31.58505058574582,31.680273324098025,31.7905867253617,31.916187204819384,32.05730402783246,32.214201755780756,32.38718128922932,32.57657790217242,32.7827544667334,33.00608838141133,33.24695171984056,33.50568578104273,33.78257320060795,34.07781243913989,34.391500075790056
1367.0,31.328075401683446,31.335316100537312,31.35705045943583,31.393315641428376,31.444173564371855,31.509711091165965,31.59004051034786,31.685300512945545,31.795657802669044,31.92130932872042,32.062484858662266,32.21944921163229,32.39250300257071,32.58198033614123,32.78824174063542,33.01166098025169,33.25260538527287,33.51141094468484,33.78835527229395,34.08363308406045,34.39733934462811
1368.0,31.33296628907886,31.340209775212887,31.361952495065154,31.398231616593062,31.449109090322708,31.514671872212006,31.595032440376553,31.690329799315716,31.800731090466808,31.9264337750993,32.06766808336493,32.22469903549402,32.397826894844556,32.58738453780267,32.7937301198347,33.0172337948909,33.25825824017848,33.5171342846639,33.79413470012335,34.08945062004136,34.40317549025602
1369.0,31.337859059039214,31.345105332291723,31.366856414146262,31.403149481913275,31.45404652543242,31.51963460118323,31.600026382796923,31.695361189169127,31.805806590918813,31.93156053877921,32.07285368587707,32.22995119816751,32.40315292437615,32.5927904578898,32.799219556772606,33.02280679158263,33.26391027610795,33.52285582444552,33.799911537918426,34.0952651208896,34.409008590020065
1370.0,31.342753711500208,31.350002772057017,31.37176221796342,31.408069240187938,31.458985874250295,31.524599284146944,31.605022344267812,31.700394687937674,31.81088430547483,31.936689613816696,32.078041649556674,32.23520567037227,32.40848105017525,32.59819804866503,32.80471000602114,33.02837993873106,33.269561486023754,33.52857558753884,33.80568583799021,34.101076657749076,34.41483871831351
1371.0,31.347650246631037,31.354902095015962,31.376669907993488,31.41299089434726,31.463927141354908,31.529565927049266,31.610020331132095,31.705430300526004,31.815964234890494,31.941820993543537,32.083231957240734,32.240462422800654,32.41381123196025,32.603607263888335,32.81020142418881,33.033953206759335,33.27521186418347,33.5342935974509,33.81145765119367,34.10688529923914,34.42066594673966
1372.0,31.35254866482789,31.359803301892605,31.38157948589702,31.41791444744128,31.468870331340657,31.534534535701887,31.615020349408244,31.710468031314523,31.821046379248276,31.946954670607806,32.088424591299905,32.24572142616791,32.41914343017775,32.60901805878359,32.815693769830055,33.0395265679867,33.28086140603287,33.54000987764679,33.81722702698083,34.112691111583686,34.42649034426321
1373.0,31.35744896670702,31.364706393620292,31.386490953508936,31.422839902628382,31.473815448804597,31.539505115769675,31.620022404783267,31.71550788416385,31.826130737979145,31.952090637014223,32.09361953369013,32.25098265125749,32.42447760601745,32.61443039000364,32.82118700335831,33.04509999651357,33.28651010810804,33.54572445151499,33.822994013451805,34.1184941587317,34.43231197735079
1374.0,31.362351153097396,31.369611371333708,31.39140431282903,31.427767263163773,31.478762498333733,31.544477672759143,31.625026502606897,31.720549862420558,31.8312173098849,31.957228884163484,32.09881676600141,32.256246068962085,32.429813721423486,32.61984421559433,32.82668108696269,33.05067346811421,33.29215796794565,33.551437342337145,33.8287586574038,34.12429450246982,34.43813091010174
1375.0,31.36725522503295,31.374518236360636,31.39631956601225,31.43269653238805,31.48371148449264,31.54945221200784,31.63003264788704,31.725593968924137,31.836306093160857,31.9623694028906,32.10401626950363,32.26151165032073,32.43515173910211,32.62525949495793,32.83217598452806,33.056246960136285,33.29780498400071,33.55714857326191,33.834521004378225,34.130092202527756,34.44394720436995
1376.0,31.372161183744492,31.379426990213318,31.401236715358753,31.437627713715766,31.48866241181162,31.55442873867453,31.635040845286337,31.73064020601494,31.841397085418926,31.967512183502024,32.10921802518968,32.26677936655204,32.44049162252643,32.63067618881621,32.83767166155867,33.061820451406966,33.303451155571054,33.56285816728226,33.84028109870581,34.13588731667682,34.44976091987747
1377.0,31.37706903065127,31.38433763457956,31.406155763303854,31.442560810624162,31.493615284775274,31.55940725773032,31.640051099119848,31.735688575543094,31.846490283710732,31.97265721581166,32.11442201381588,32.27204918908415,32.445833335938445,32.63609425917326,32.843168085105106,33.067393922145015,33.30909648272795,33.568566147215876,33.84603898354992,34.141679900822545,34.455572114320645
1378.0,31.38197876735222,31.3892501713136,31.41107671240786,31.447495826642047,31.498570107811577,31.564387773950553,31.645063413353768,31.740739078878214,31.85158568455085,31.977804489175565,32.119628215939805,32.27732108958131,32.45117684434871,32.64151366927851,32.84866522369444,33.07296735387859,33.31474096625235,33.5742725356884,33.85179470094812,34.14747000909135,34.46138084346927
1379.0,31.38689039561696,31.39416460242672,31.415999565345825,31.452432765338834,31.50352688528147,31.56937029190757,31.65007779160507,31.74579171691985,31.856683283939905,31.98295399252537,32.124836611955644,32.28259503996762,32.456522113533964,32.646934383589894,32.85416304726363,33.07854072936815,33.32038460757629,33.579977355118984,33.85754829185189,34.15325769391215,34.4671871612595
1380.0,31.391803917376528,31.399080930077687,31.420924324897268,31.457371630313766,31.508485621468985,31.574354815964266,31.655094237142084,31.750846490108486,31.861783077387543,31.988105714400458,32.13004718212727,32.28787101244806,32.461869110032886,32.652356367737404,32.85966152709586,33.08411403253439,33.3260274087289,33.58568062770811,33.86329979616489,34.15904300609294,34.472991119880845
1381.0,31.396719334713975,31.40399915656304,31.425850993935875,31.462312425185445,31.513446320571852,31.579341350268397,31.66011275288587,31.755903398437077,31.866885059935154,31.993259642978767,32.1352599066189,32.29314897952699,32.46721780114033,32.65777958848709,32.86516063575984,33.089687248390575,33.331669372286726,33.59138237542708,33.86904925242042,34.164825889873526,34.4787863570668
1382.0,31.401636649854662,31.408919284307242,31.430779575419244,31.46725515358154,31.518408986692673,31.584329898747683,31.665133341412368,31.760962441463057,31.87198922617827,31.998415766106316,32.14047476552375,32.29842891402428,32.472568154900124,32.66320401370565,32.87066034705197,33.09526036297922,33.3373105013249,33.597082619473134,33.87479665853332,34.17060531369947,34.4845708700254
1383.0,31.40655586515657,31.413841315852764,31.435710072378676,31.47219981912883,31.523373623830633,31.58932046510556,31.67015600495523,31.76602361832059,31.87709557028858,32.00357407132546,32.145691738890555,32.303710789089486,32.4779201400968,32.66862961232572,32.87616063594106,33.10083336330957,33.34295079913415,33.60278137094394,33.880541854701306,34.17638039999525,34.490348197844526
1384.0,31.41147698310039,31.418765253850083,31.440642487909027,31.477146425443493,31.528340235873692,31.594313052817675,31.67518074540931,31.771086927733208,31.882204086035557,32.008734545901795,32.15091080674821,32.308994578213955,32.48327372624616,32.674056354311716,32.88166147851427,33.1064062372271,33.348590267192094,33.60847861059146,33.88628460251464,34.18215098190747,34.49611950342291
1385.0,31.41640000627958,31.42369110104768,31.445576825158735,31.482094976121786,31.533308826591366,31.599307665129018,31.6802075643347,31.776152368026526,31.887314766807535,32.01389717684985,32.15613194912855,32.31428025524115,32.488628883585164,32.67948421062608,32.88716285190677,33.11197897293328,33.35422890090777,33.61417428713636,33.89202470557061,34.187917126736714,34.50188542767284
1386.0,31.421324937390406,31.428618860282047,31.450513087319916,31.48704547473095,31.538279399627953,31.604304305051645,31.68523646296132,31.78121993714121,31.89242760563237,32.01906195095755,32.161355146087416,32.31956779437552,32.49398558306075,32.6849131531916,32.892664734158984,33.117551557977876,33.35986668659511,33.61986833282452,33.89776203346094,34.19367896293018,34.507646403242724
1387.0,31.426251779221932,31.433548534467693,31.455451277618646,31.491997924800536,31.543251958496363,31.609302975363036,31.690267442193967,31.786289632645953,31.897542595197525,32.02422885480941,32.16658037772408,32.32485717018959,32.499343796317035,32.690343154838004,32.8981671039446,33.12312397810266,33.36550360167129,33.62556067804991,33.90349650958148,34.199436630405664,34.513402752853374
1388.0,31.431180534646064,31.43848012658725,31.46039139930544,31.49695232981402,31.54822650657232,31.61430367860494,31.695300502617727,31.79136145175053,31.902659727869572,32.0293978748086,32.17180762419911,32.33014835762964,32.504703495678214,32.69577418921645,32.90366994019178,33.128696216461925,33.37113961697125,33.63125125960458,33.909228095417525,34.20519026557426,34.519154732228436
1389.0,31.436111206607606,31.443413639681655,31.46533345564591,31.50190869320084,31.55320304708918,31.6193064170828,31.700335644503852,31.796435391318784,31.90777899571318,32.0345689971979,32.17703686575072,32.33544133201916,32.51006465412273,32.70120623067544,32.909173221689805,33.13426825341946,33.37677469957088,33.636940024012496,33.9149567784061,34.210939996943665,34.5249025524468
1390.0,31.44104379811443,31.448349076840454,31.470277449911645,31.506867018328673,31.558181583133106,31.624311192865633,31.70537286781586,31.801511447881605,31.91290039050945,32.03974220807942,32.18226808270961,32.34073606905906,32.51542724524495,32.70663925410761,32.91467692677383,33.139840066819495,33.382408815228196,33.64262692814641,33.92068256352759,34.21668594424423,34.53064639293451
1391.0,31.44597831222772,31.453286441192212,31.47522338537133,31.51182730849621,31.563162117638804,31.629318007786352,31.710412172215957,31.806589617649795,31.918023903773697,32.044917493433296,32.187501255511854,32.34603254482346,32.520791243203334,32.71207323478865,32.92018103313595,33.14541163252905,33.38804193017579,33.64831193858545,33.9264054676292,34.2224282187625,34.53638640961933
1392.0,31.450914752052363,31.458225735895123,31.48017126528211,31.51678956692619,31.568144653385602,31.634326863442542,31.71545355707171,31.811669896526816,31.9231495267726,32.050094839135205,32.19273636470977,32.35133073574972,32.52615662265751,32.71750814822977,32.92568551776504,33.1509829250746,33.39367401230143,33.65399503049639,33.93212551559096,34.2281669240557,34.54212274035167
1393.0,31.45585312072746,31.463166964127772,31.48512109288124,31.521753796758844,31.573129192994042,31.639337761197588,31.720497021462883,31.816752280121364,31.92827725054071,32.055274230972564,32.19797339098007,32.356630618622695,32.531523358699616,32.72294397005924,32.93119035699123,33.15655391825947,33.39930503184969,33.659676186417265,33.937842737711705,34.233902156739234,34.54785550867287
1394.0,31.460793421417044,31.46811012908011,31.490072871377958,31.52672000104569,31.578115738922815,31.644350702182187,31.725542564188444,31.821836763759755,31.933407065896276,32.06045565465939,32.20321231512904,32.361932170553544,32.536891426785765,32.72838067594022,32.936695526601895,33.16212458570318,33.40493496178232,33.66535539510967,33.94355716790549,34.23963400723424,34.55358482653095
1395.0,31.465735657300918,31.47305523394463,31.49502660394567,31.531688182743665,31.58310429346614,31.649365687296196,31.730590183773728,31.82692334249812,31.93853896345637,32.06563909584957,32.20845311809475,32.36723536895467,32.54226080267292,32.73381824152488,32.942201001998086,33.16769490128204,33.41056377790918,33.671032650541925,33.94926884244217,34.24536256043834,34.559310796296465
1396.0,31.4706798315658,31.478002281907763,31.499982293714442,31.536658344709647,31.588094858751475,31.65438271721075,31.73563987847768,31.832012011134285,31.943672933651186,32.07082454014842,32.213695780946054,32.372540191512364,32.547631462365075,32.739256642440665,32.94770675836692,33.17326483947061,33.41619145887255,33.676707951016155,33.9549777990586,34.251087896313365,34.56503351229656
1397.0,31.475625947396583,31.482951276141552,31.504939943763727,31.541630489695315,31.593087436737626,31.65940179237071,31.740691646300146,31.837102764219402,31.948808966737474,32.076011973122476,32.21894028487914,32.37784661615926,32.553003382070656,32.74469585430214,32.95321277085295,33.17883437559459,33.421817986041994,33.68238129843138,33.96068407632566,34.25681009039516,34.57075306200755
1398.0,31.480574007967903,31.487902219795536,31.509899557115467,31.54660462034231,31.598082029213167,31.664422912997285,31.745745484989193,31.84219559606921,31.953947052811024,32.08120138030753,32.22418661121192,32.383154621047986,32.55837653817186,32.75013585274149,32.95871901471763,33.18440348600895,33.42744334335884,33.68805269766695,33.96638771319461,34.262529214234654,34.57646952699894
1399.0,31.4855240164359,31.492855115988927,31.514861136727422,31.55158073917781,31.603078637795207,31.66944607909096,31.750801392048466,31.847290500774896,31.959087181818173,32.086392747214916,32.229434741376956,32.38846418452746,32.56375090720531,32.7555766134515,32.964225465481114,33.18997214821557,33.43306751715541,33.69372215606864,33.972088748670295,34.26824533577939,34.58218298369304
1400.0,31.490475975930302,31.497809967803047,31.519824685486885,31.556558848610354,31.608077263928443,31.674471290434553,31.755859364744452,31.852387472213508,31.96422934356625,32.09158605933632,32.2346846569137,32.39377528512267,32.5691264658528,32.76101811223542,32.969732099043895,33.19554034093354,33.438690495965396,33.699389683021046,33.97778722157574,34.27395851970482,34.58789350398456
1401.0,31.49542988954671,31.502766778274037,31.524790206204614,31.561538950926064,31.613077908884527,31.679498546596484,31.7609194001137,31.857486504057903,31.969373527733048,32.09678130214723,32.23993633946047,32.39908790151837,32.574503190940575,32.76646032505969,32.97523889178789,33.20110804413292,33.44431227033552,33.70505528959156,33.983483170382534,34.2796688277026,34.59360115575263
1402.0,31.50038576033919,31.507725550385874,31.529757701609146,31.566521048285104,31.618080573761688,31.68452784693415,31.765981494969903,31.862587589786177,31.97451972387525,32.1019784611093,32.2451897707469,32.4044020125468,32.57988105944538,32.771903228106424,32.98074582065808,33.20667523904115,33.44993283264431,33.71071898823377,33.98917663308967,34.28537631873278,34.599306003288476
1403.0,31.50534359131314,31.51268628706365,31.534727174341377,31.571505142718504,31.623085259484593,31.68955919059742,31.771045645910842,31.867690722690508,31.97966792143599,32.107177521672014,32.250444932587136,32.409717597179416,32.58526004850553,32.77734679782334,32.986252863226376,33.21224190812927,33.455552176931505,33.71638079253959,33.994867647137916,34.29108104924527,34.60500810765652
1404.0,31.510303385418457,31.51764899116716,31.539698626949438,31.576491236125253,31.62809196680448,31.694592576532287,31.776111849325144,31.872795895885535,31.9848181097515,32.11237846927371,32.255701806874114,32.41503463452224,32.590640135435756,32.782791010969866,32.991759997739855,33.217808035083756,33.461170298739695,33.72204071703204,34.00055624935049,34.29678307337524,34.61070752700168
1405.0,31.51526514554297,31.522613665484794,31.544672061883915,31.581479330269683,31.63310069629946,31.69962800348443,31.78118010139887,31.877903102316132,31.989970278057104,32.117581289342354,32.260960375575124,32.42035310381442,32.59602129774419,32.78823584465852,32.99726720315534,33.2233736047682,33.466787194968575,33.7276987769913,34.006242475893465,34.30248244311619,34.616404316813444
1406.0,31.520228874506177,31.52758031272768,31.549647481493302,31.586469426779097,31.638111448375064,31.704665470002965,31.786250398121823,31.883012334764665,31.99512441549251,32.12278596729623,32.26622062072875,32.42567298442948,32.60140351315067,32.79368127639114,33.00277445916257,33.228938603178335,33.47240286374188,33.73335498830854,34.01192636225088,34.30817920847401,34.62209853015435
1407.0,31.5251945750533,31.532548935524176,31.554624888019806,31.591461527141693,31.64312422326491,31.709704974444115,31.79132273529365,31.888123585857787,32.00028051110662,32.127992488544685,32.271482524443144,32.430994255878936,32.60678675960541,32.79912728408992,33.00828174619757,33.234503017392875,33.478017304286354,33.73900936736275,34.0176079432108,34.313873417604654,34.627790217858895
1408.0,31.530162249849564,31.537519536414642,31.55960428359538,31.596455632704725,31.648139021031586,31.714746514974895,31.7963971085297,31.89323684807274,32.00543855386191,32.133200838489095,32.27674606889565,32.43631689781765,32.61217101530742,32.80457384612345,33.01378904544812,33.24006683552206,33.48363051682203,33.74466193091664,34.02328725285968,34.319565116937575,34.633479428708185
1409.0,31.53513190147489,31.542492117846468,31.56458567023808,31.601451744672893,31.653155841567607,31.71979008957677,31.801473513266604,31.89835211374326,32.01059853263857,32.138411002524144,32.28201123633364,32.44164089005049,32.61755625872201,32.810020941327885,33.0192963388527,33.245630046655464,33.48924250246298,33.75031269602877,34.02896432458292,34.3252543512869,34.63916620958373
1410.0,31.540103532418748,31.547466682169432,31.569569049848674,31.606449864106953,31.658174684596577,31.72483569604927,31.806551944767666,31.903469375065097,32.0157604362383,32.14362296603945,32.287278009076445,32.44696621254007,32.622942468597344,32.815468549023585,33.02480360909411,33.251192640809855,33.49485326312765,33.755961679978874,34.034639191069964,34.33094116395197,34.644850605604
1411.0,31.54507714507538,31.552443231631337,31.574554424207488,31.611449991922555,31.66319554967435,31.729883332013543,31.81163239812795,31.908588624101224,32.020924253388145,32.14883671442165,32.292546369518256,32.45229284541492,32.628329623979425,32.8209166490279,33.03031083958898,33.2567546088781,33.50046280145792,33.761608900204635,34.04031188432291,34.336625596808354,34.65053266024604
1412.0,31.550052741739286,31.55742176837389,31.57954179497158,31.616452128889247,31.668218436190383,31.73493299491584,31.81671486827918,31.913709852786784,32.02608997274408,32.15405223305683,32.29781630013182,32.45762076897813,32.63371770422574,32.826365221664126,33.03581801447395,33.262315942579434,33.506071120746036,33.767254374247855,34.04598243566753,34.342307690390825,34.65621241545436
1413.0,31.555030324601013,31.56240229442891,31.584531163672068,31.62145627562969,31.67324334336911,31.73998468203096,31.821799349994443,31.91883305293376,32.03125758289473,32.15926950733344,32.3030877834728,32.462949963716035,32.63910668901709,32.83181424776726,33.041325118589306,33.267876634411564,33.511678224868724,33.772898119708756,34.051650875766136,34.347987483968936,34.66188991173891
1414.0,31.560009895743175,31.567384811714764,31.58952253171175,31.62646243261903,31.678270270271366,31.745038390465574,31.826885837892657,31.92395821623551,32.036427072365015,32.16448852264555,32.30836080218465,32.468280410306726,32.64449655836804,32.83726370868701,33.04683213746078,33.273436677604764,33.517284118227664,33.778540154207015,34.05731723463167,34.353665015616265,34.667565188263424
1415.0,31.564991457136777,31.57236932203306,31.59451590036295,31.631470600184436,31.683299215795945,31.750094117161492,31.831974326442925,31.929085334271115,32.04159842961992,32.16970926439643,32.313635339003895,32.47361208962832,32.64988729263561,32.842713586288134,33.05233905727997,33.27899606607814,33.52288880569576,33.7841804953487,34.06298154164264,34.35934032227392,34.67323828292567
1416.0,31.5699750106378,31.57735582706563,31.599511270765554,31.636480778504787,31.68833017868109,31.755151858898884,31.837064809968663,31.93421439850964,32.046771643068276,32.17493171800251,32.31891137676562,32.47894498276683,32.65527887252653,32.84816386294883,33.05784586488373,33.284554794398055,33.528492292568615,33.78981916069803,34.06864382555866,34.36501343980902,34.67890923243016
1417.0,31.574960557984024,31.582344328371725,31.60450864392526,31.64149296761048,31.693363157506116,31.760211612299408,31.84215728265167,31.93934540031427,32.05194670106672,32.180155868897586,32.32418889840917,32.484279071023536,32.660671279102964,32.85361452155714,33.063352547733146,33.2901128577388,33.53409458452064,33.79545616775341,34.07430411453613,34.370684403068566,34.68457807235484
1418.0,31.579948100792123,31.587334827385426,31.60950802071205,31.64650716738339,31.69839815069301,31.765273373829245,31.847251738536034,31.944478330946417,32.05712359192363,32.185381702537164,32.32946788698385,32.4896143359218,32.66606449378691,32.85906554550588,33.06885909389198,33.29567025184538,33.53969568756531,33.8010915339271,34.079962436144136,34.37635324592931,34.69024483721182
1419.0,31.584937640554973,31.592327325413354,31.614509401858818,31.65152337755693,31.70343515650809,31.770337139802134,31.852348171531933,31.949613181569774,32.06230230390324,32.19060920440307,32.334748325654715,32.49495075921323,32.67145849836338,32.86451691868621,33.07436549200525,33.30122697299852,33.545295608019316,33.80672527652791,34.085618817380194,34.38202000134396,34.6959095605033
1420.0,31.589929178639196,31.597321823632516,31.619512787960183,31.656541597716224,31.708474173063674,31.775402906382304,31.857446575419402,31.954749943254306,32.06748282522979,32.19583836000815,32.34003019770807,32.50028832288336,32.67685327498226,32.869968625480176,33.07987173127773,33.30678301798161,33.550894352469854,33.81235741274664,34.09127328468597,34.38768470138402,34.701572274772964
1421.0,31.59492271628296,31.60231832308841,31.624518179471472,31.661561827298407,31.71351519831976,31.780470669587388,31.86254694385197,31.959888606980293,32.072665144091786,32.20106915490104,32.345313486556975,32.50562700915647,32.68224880615925,32.87542065075224,33.08537780145282,33.312338384049674,33.55649192774523,33.81798795964378,34.0969258639626,34.39334737727972,34.707233011653486
1422.0,31.599918254593934,31.607316824693324,31.62952557670789,31.66658406559297,31.71855823008578,31.78554042529127,31.867649270360296,31.96502916364228,32.07784924864625,32.20630157467094,32.35059817574654,32.51096680050001,32.6876450747758,32.88087297984024,33.09088369279174,33.3178930689002,33.56208834088801,33.823616934139146,34.10257658058589,34.39900805945725,34.71289180191038
1423.0,31.60491579454751,31.61231732922479,31.63453497984379,31.671608311742265,31.72360326602228,31.790612169226932,31.87275354835571,31.9701716040531,32.0830351270231,32.21153560495244,32.35588424895888,32.516307679628255,32.69304206407809,32.88632559854566,33.0963893960531,33.32344707064572,33.56768359913065,33.829244353003276,34.10822545942096,34.40466677757346,34.7185486754827
1424.0,31.609915336985154,31.61731983732428,31.639546388912112,31.676634564742017,31.728650303642716,31.795685896989216,31.877859771133757,31.97531591894782,32.0882227673295,32.216771231430286,32.36117169001788,32.521649629505376,32.698439757675374,32.89177849312347,33.101894902473106,33.329000387788106,33.57327770987345,33.83487023285027,34.11387252483673,34.41032356054837,34.72420366152092
1425.0,31.614916882613002,31.622324349496015,31.64455980380399,31.681662823441986,31.73369934031521,31.80076160403765,31.88296793187769,31.980462098987758,32.093412157654186,32.222008439844046,32.36646048289365,32.52699263334795,32.703838139537474,32.89723165027165,33.10740020374623,33.334553019194395,33.578870680664416,33.840494590132,34.11951780071991,34.41597843659564,34.72985678842206
1426.0,31.61992043200061,31.62733086610599,31.64957522426842,31.68669308654667,31.73875037326436,31.80583928569917,31.888078023661958,31.98561013476443,32.09860328607191,32.22724721599276,32.37175061170665,32.53233667462693,32.70923719399178,32.90268505712055,33.11290529200648,33.34010496407417,33.58446251918093,33.846117441133245,34.125161310488544,34.42163143325114,34.73550808386261
1427.0,31.624925985579843,31.63233938738111,31.654592649912125,31.691725352616075,31.743803399573057,31.810918937170868,31.893190039455625,31.990760016803524,32.103796140647745,32.23248754573936,32.37704206073156,32.53768173706904,32.714636905719686,32.90813870122193,33.11841015980934,33.345656221958265,33.590053233213155,33.85173880196799,34.13080307710523,34.42728257739985,34.74115757482919
1428.0,31.629933543643983,31.637349913408507,31.659612080199466,31.696759620066587,31.748858416184316,31.81600055352274,31.898303972125856,31.995911735568882,32.108990709441386,32.23772941501506,32.382334814400764,32.54302780465775,32.72003725975254,32.913592570538064,33.12391480011426,33.351206792678816,33.59564283064878,33.85735868857642,34.1364431230899,34.432931895301095,34.74680528764724
1429.0,31.63494310634695,31.642362444134996,31.664633514452515,31.701795887171873,31.75391541990316,31.821084129700445,31.90341981444132,32.00106528146639,32.11418698051143,32.242972809823506,32.38762885730755,32.54837486163369,32.72543824146715,32.91904665343077,33.12941920626781,33.35675667635057,33.60123131945922,33.8629771167227,34.14208147053215,34.43857941261244,34.75245124800807
1430.0,31.639954673702675,31.647376979366655,31.669656951851216,31.706834152063895,31.758974407398505,31.82616966052796,31.9085375590756,32.00622064484794,32.11938494191957,32.24821771624484,32.39292417420893,32.553722892494754,32.73083983658104,32.92450093865045,33.13492337198752,33.36230587335332,33.606818707686976,33.868594101993395,34.14771814110325,34.44422515441213,34.75809548099407
1431.0,31.644968245584625,31.65239351876852,31.674682391433645,31.71187441273392,31.764035375205065,31.831257140710395,31.9136571986106,32.011377816015305,32.12458458173468,32.25346412043949,32.39822075002826,32.559071881995685,32.736242031147334,32.929955415325274,33.14042729134621,33.3678543843154,33.612405003434134,33.87420965979634,34.153353156067645,34.44986914522039,34.76373801110261
1432.0,31.649983821725446,31.65741206186446,31.67970983209638,31.71691666703365,31.76909831972532,31.836346564836667,31.918778725539926,32.01653678522396,32.12978588803691,32.25871200865186,32.403518569857425,32.56442181514744,32.74164481154941,32.93541007295034,33.14593095875705,33.373402210098206,33.617990214851815,33.87982380536019,34.15898653629417,34.45551140901952,34.76937886226834
1433.0,31.65500140171674,31.662432608037083,31.68473927259492,31.721960912676405,31.77416323723146,31.84143792738226,31.923902132272257,32.02169754268692,32.134988848921566,32.2639613672138,32.40881761895882,32.56977267721602,32.7470481644954,32.94086490137717,33.151434368959194,33.378949351781635,33.62357435013062,33.8854365537341,34.16461830226685,34.46115196927293,34.77501805788445
1434.0,31.66002098500894,31.66745515652784,31.689770711544266,31.727007147238318,31.779230123867407,31.84653122271193,31.92902741113468,32.02686007857852,32.14019345250293,32.269212182547825,32.41411788276699,32.57512445372121,32.75245207701244,32.94631989080314,33.15693751700394,33.3844958106505,33.629157417491804,33.89104791978802,34.170248474095274,34.46679084894321,34.780655620822614
1435.0,31.66504257091135,31.672479706437173,31.694804147419514,31.732055368159617,31.784298975650806,31.851626445082488,31.934154554376043,32.03202438303808,32.14539968691805,32.27446444117026,32.41941934689003,32.58047713043486,32.75785653644086,32.95177503176132,33.162440398241515,33.390041588181624,33.634739425179276,33.896657918213144,34.17587707152474,34.47242807050927,34.78629157345181
1436.0,31.67006615859224,31.67750625672478,31.69983957855657,31.737105572746003,31.789369788475103,31.856723588645497,31.93928355417026,32.03719044617358,32.15060754033027,32.279718129694054,32.42472199711067,32.585830693379066,32.763261530428245,32.95723031511035,33.16794300830844,33.39558668603185,33.64032038145232,33.902266563522666,34.18150411394594,34.47806365598261,34.791925937656295
1437.0,31.675091747079062,31.68253480621001,31.704877003152927,31.74215775816997,31.79444255811161,31.861822647450026,31.94441440261958,32.042358258065306,32.15581700093274,32.28497323483147,32.430025819387204,32.591185128824,32.76866704692339,32.96268573202459,33.17344534311531,33.40113110602664,33.64590029457883,33.9078738700528,34.18712962040436,34.48369762692283,34.79755873485245
1438.0,31.680119335258777,31.687565353572296,31.709916419268538,31.747211921472296,31.799517280211596,31.866923615445398,31.949547091757854,32.047527808769246,32.16102805695179,32.29022974339661,32.43533079985402,32.59654042328562,32.77407307417033,32.968141273984514,33.17894739883522,33.40667485014947,33.65147917282925,33.913479851964006,34.19275360960935,34.48933000445236,34.80318998600494
1439.0,31.685148921878273,31.6925978973517,31.714957824826726,31.752268059563498,31.804593950308412,31.872026486483914,31.954681613553756,32.05269908832064,32.16624069665009,32.29548764230763,32.44063692482213,32.60189656352312,32.779479600702224,32.973596932767286,33.18444917189261,33.41221792053176,33.657057024470944,33.91908452324225,34.19837609994288,34.49496080927047,34.80881971164193
1440.0,31.690180505544852,31.69763243594958,31.720001217615195,31.757326169225387,31.80967256381966,31.877131254323608,31.959817959913963,32.05787208673732,32.17145490832982,32.300746918588914,32.445944180779236,32.607253536536334,32.78488661533523,32.97905270043761,33.18995065895259,33.41776031944344,33.6626338577631,33.92468789770061,34.20399710946805,34.5005900616667,34.81444793186959
1441.0,31.695214084726846,31.702668967629265,31.725046595287086,31.762386247112627,31.814753116049324,31.88223791263095,31.964956122686328,32.06304679402302,32.176670680335555,32.30600755937297,32.451252554389825,32.612611329562846,32.7902941071625,32.98450856933881,33.19545185691076,33.42330204928408,33.66820968095209,33.9302899889799,34.209616653122325,34.506216958181035,34.82002439010478
1442.0,31.70024965775425,31.70770749051688,31.730093955362122,31.767448289754377,31.819835602189976,31.88734645498358,31.970096093662978,32.06822320017055,32.18188800105714,32.31126955190215,32.45656203249491,32.617969930075155,32.795702065548106,32.989964532084116,33.20095276288339,33.42884311257449,33.67378450224359,33.93589080634589,34.2152344347457,34.51183305635144,34.825533020102895
1443.0,31.705287222819525,31.712748002602208,31.735143295227786,31.77251229355593,31.824920017324985,31.892456874873037,31.975237864583377,32.07340129516495,32.18710685893237,32.31653288353026,32.461872602111704,32.62332932577756,32.80111048012103,32.99542058154823,33.206453374198,33.43438351192486,33.679358327910606,33.94149028163524,34.220848928770884,34.51743113164454,34.83100121546314
1444.0,31.710326777978395,31.7177905017396,31.74019461214056,31.77757825480045,31.830006356430726,31.897569165707434,31.980381427137363,32.0785810689865,32.19232724244954,32.32179754172396,32.46718425043308,32.62868950460309,32.806519340769235,33.00087671085899,33.21195368837243,33.439923249441144,33.68493114669052,33.947088110573496,34.22645800019872,34.52300954185979,34.8364377514485
1445.0,31.71536832115077,31.72283498564903,31.74524790322727,31.782646169650665,31.835094614378832,31.902683320814166,31.985526772968136,32.083762511613735,32.19754914014988,32.32706351406396,32.47249696482687,32.63405045471022,32.81192863763367,33.00633291338501,33.21745370294879,33.44546232336299,33.69050289670057,33.952683739598264,34.23205984998057,34.52856849039863,34.84184732144651
1446.0,31.720411850121703,31.727881451917145,31.750303165486393,31.787716034150723,31.840184785938433,31.907799333442583,31.990673893675154,32.08894561302621,32.20277254062988,32.33233078824618,32.47781073283506,32.63941216447966,32.81733836110109,33.011789182687956,33.22295341473984,33.45100072054254,33.69607344196708,33.958276487852714,34.237653202854524,34.53410866947327,34.847232996092984
1447.0,31.725457362542453,31.732929897998407,31.755360395789527,31.792787844227906,31.84527686577841,31.912917196766635,31.995822780817047,32.09413036320737,32.207997432543415,32.33759935208268,32.48312554217287,32.644774622510546,32.82274850178835,33.017245512344196,33.22845281804666,33.45653840773368,33.70164257421828,33.96386566185203,34.24323721155757,34.53963087025699,34.85259699379507
1448.0,31.730504855931574,31.737980321216288,31.760419590882805,31.797861595694563,31.850370848469687,31.91803690388753,32.0009734259144,32.099316752147146,32.21322380460382,32.342869193502395,32.488441380727544,32.65013781761464,32.82815905049656,33.02270189550944,33.23395190202098,33.462075325815746,33.70721003124971,33.969450620180226,34.24881133341601,34.545135865092824,34.85794101689497
1449.0,31.73555432767609,31.74303271876454,31.76548074738843,31.802937284249943,31.85546672848749,31.92315844783632,32.00612582045256,32.10450476984457,32.21845164558581,32.348140300551876,32.49375823655652,32.65550173880331,32.833569998100785,33.02815832417327,33.23945064789849,33.46761138851501,33.71277551926133,33.97503079963844,34.2543752349869,34.55062437267353,34.8632664265268
1450.0,31.740605775032723,31.748087087708512,31.770543861806228,31.80801490548208,31.860564500213627,31.928281821576526,32.01127995588431,32.1096944063103,32.22368094432727,32.35341266139558,32.499076097883915,32.66086637525814,32.83898133534403,33.033614788180294,33.24494902682967,33.47314648482483,33.718338732183824,33.9806057200878,34.259928725946835,34.55609705085865,34.86857434410644
1451.0,31.745659195129203,31.753143424986508,31.775608930515247,31.81309445486976,31.865664157938784,31.933407018006676,32.016435823632555,32.11488565156897,32.22891168973091,32.35868626431581,32.50439495309257,32.666231716273934,32.84439305252686,33.03907127418165,33.250446998685895,33.47868048353453,33.72389936590578,33.9861749794148,34.26547171440493,34.56155449897515,34.87386571491783
1452.0,31.75071458496556,31.758201727411212,31.78067594977538,31.81817592778446,31.870765695864808,31.938534029962863,32.0215934150929,32.120078495661545,32.23414387076568,32.363961097711275,32.509714790708486,32.67159775116498,32.84980513911237,33.04452776468702,33.255944511862154,33.48421323848285,33.72945712769036,33.991738244758366,34.27100417666916,34.56699726312079,34.87914135028461
1453.0,31.75577194141557,31.763261991671143,31.785744915729055,31.823259319492298,31.875869108106983,31.94366285022125,32.026752721636164,32.12527292864746,32.239377476467844,32.36923715009361,32.51503559937338,32.676964469131356,32.855217583286475,33.049984237338265,33.26144150388705,33.489744593643515,33.73501174182539,33.99729524296807,34.27652613658474,34.57242584205532,34.884401956804034
1454.0,31.76083126122817,31.768324214332196,31.79081582440295,31.828344625156063,31.880974388696313,31.94879347150057,32.03191373461089,32.130468940606676,32.24461249594131,32.37451441008015,32.52035736780223,32.68233185908944,32.86063037151994,33.05544066446044,33.26693790258114,33.495274387586235,33.740562952586295,34.00284575159831,34.28203765123247,34.57784069279197,34.889648157343274
1455.0,31.765892541028958,31.773388391839184,31.795888671709747,31.8334318398372,31.886081531581812,31.95392588646452,32.03707644534568,32.13566652164145,32.24984891835688,32.379792866381585,32.52568008472404,32.68769990947664,32.86604348817342,33.06089701289207,33.272433627520684,33.50080245714831,33.746110525391266,34.00838959092511,34.28753880090019,34.58324223560063,34.894880506564746
1456.0,31.770955777321706,31.77845452051744,31.800963453449874,31.83852095849784,31.89119053063276,31.95906008772424,32.042240845151525,32.14086566187774,32.255086732949714,32.385072507783036,32.531003738806426,32.69306860804394,32.871456915174726,33.06635324406028,33.27792859161559,33.50632864031798,33.75165424679619,34.0139266170893,34.29302968196547,34.58863085837211,34.90009950268831
1457.0,31.776020966489988,31.783522596574457,31.806040165313362,31.84361197600285,31.896301379640963,31.964196067840625,32.04740692532389,32.14606635146605,32.26032592901453,32.39035332311768,32.53632831856606,32.69843794164997,32.87687063178424,33.07180931425096,33.283422702668226,33.51185277841052,33.75719392378095,34.019456716304376,34.29851040179069,34.594006920383876,34.90530559658882
1458.0,31.781088104798755,31.788592616101568,31.811118802881644,31.84870488712187,31.901414072323018,31.969333819326646,32.05257467714467,32.151268580581316,32.26556649589765,32.395635301232716,32.541653812269075,32.70380789606953,32.88228461445301,33.07726517501955,33.288915864829555,33.51737471764764,33.76272938263153,34.02497980000538,34.3039810750284,34.599370755536825,34.91049919895853
1459.0,31.786157188396015,31.793664575075656,31.816199361629437,31.853799686531374,31.906528602322503,31.974473334649577,32.05774409188378,32.15647233942183,32.2708084229858,32.40091843094776,32.546980207826,32.70917845582573,32.8876988367689,33.08272077369293,33.29440797990698,33.52289431025271,33.76826046761762,34.03049580080199,34.309441820928214,34.60472267513738,34.91568068603412
1460.0,31.791228213314536,31.79873846936091,31.82128183692662,31.85889636881674,31.911644963212225,31.97961460623308,32.062915160800394,32.16167761820664,32.27605169969087,32.406202701007025,32.5523074926861,32.714549604052536,32.89311326948095,33.088176053920726,33.299898948504776,33.52841141516409,33.773787039593756,34.03600466910622,34.314892761363254,34.61006297029338,34.92085040423836
1461.0,31.796301175473538,31.80381429471059,31.826366224040115,31.86399492847431,31.916763148496344,31.984757626459185,32.0680878751435,32.16688440717123,32.28129631543099,32.41148810002648,32.55763565373548,32.719921322390846,32.89852788058926,33.09363095624308,33.30538867099512,33.53392589845374,33.779308974603566,34.04150637032102,34.32033401937925,34.6153919139838,34.92600867398749
1462.0,31.801376070680494,31.808892046768825,31.83145251813586,31.86909535991345,31.921883151612494,31.98990238766999,32.073262226151876,32.17209269656143,32.28654225960781,32.41677461643781,32.56296467720299,32.72529359091888,32.90394263548663,33.09908541865093,33.3108770483283,33.539437633522446,33.78482616253486,34.04700088249262,34.32576571812678,34.620709762853366,34.93115579284832
1463.0,31.806452894632905,31.813971721072477,31.836540714280694,31.87419765745861,31.92700496593381,31.99504888216911,32.07843820505322,32.177302476625144,32.29178952158049,32.42206223843104,32.568294548576525,32.73066638811569,32.90935749713888,33.10453937712165,33.31636398269595,33.54494650112926,33.7903385058521,34.05248819434594,34.331187980076805,34.62601675877459,34.936292038180795
1464.0,31.81153164292011,31.819053313052947,31.841630807444343,31.879301815351333,31.932128584770833,32.0001971022228,32.08361580306217,32.18251373760216,32.29703809063695,32.42735095389756,32.573625252532,32.73603969085492,32.914772426292,33.10999276611927,33.3218493780639,33.550452389299764,33.795845918419275,34.05796830363621,34.33660092644727,34.631313130213044,34.94141766936957
1465.0,31.816612311025132,31.82413681803808,31.846722792501332,31.884407827752263,31.937254001373294,32.00534704006058,32.08879501137744,32.18772646971182,32.30228795596307,32.432640750375235,32.578956772876026,32.74141347442565,32.92018738169582,33.115445519052926,33.327333140591705,33.55595519314838,33.80134832441804,34.063441215762204,34.34200467678783,34.63659909342547,34.946532929723354
1466.0,31.82169489432655,31.82922223125406,31.85181666423297,31.889515688743085,31.942381208931693,32.010498687875405,32.09397582117762,32.192940663138856,32.30753910661044,32.43793161499702,32.584289092502836,32.74678771257596,32.92560232033577,33.12089756869033,33.332815178954895,33.5614548146413,33.80684565736005,34.06890694259624,34.34739934868371,34.64187485351526,34.95163804810286
1467.0,31.826779388100363,31.83430954782729,31.856912417329276,31.894625392328393,31.947510200578694,32.01565203782325,32.099158223615994,32.19815630801761,32.312791531463745,32.44322353444403,32.589622193365074,32.75216237757566,32.931017197665874,33.12634884752608,33.33829540458522,33.566951162320635,33.81233785918987,34.07436550149423,34.35278505754954,34.64714060536601,34.956733240325704
1468.0,31.831865787521888,31.839398762786313,31.862010046390893,31.899736932437477,31.952640969390195,32.02080708202204,32.104342209814,32.203373394414825,32.31804521920814,32.44851649490422,32.59495605645803,32.75753744029392,32.93643196783782,33.13179928810572,33.34377373184218,33.57244415100484,33.81782487947278,34.07981691445585,34.358161916491596,34.65239653447015,34.96181871038577
1469.0,31.83695408766769,31.84448987106374,31.867109545930994,31.904850302926,31.957773508386147,32.025963812549946,32.10952777085376,32.20859191231136,32.32330015829765,32.453810482036914,32.60029066181615,32.762912870288424,32.941846583922164,33.137248823307864,33.34925007812762,33.57793370147707,33.82330667466124,34.085261207410085,34.363530036221825,34.657642817667075,34.96689465151768
1470.0,31.842044283517446,31.849582867498125,31.872210910377117,31.909965497577495,31.96290781053097,32.03112222144293,32.114714897769375,32.21381185158325,32.32855633692496,32.459105480943656,32.605625988520856,32.768288635902685,32.947260998118665,33.14269738658738,33.35472436395358,33.583419740169745,33.82878320743306,34.09069840960596,34.368889525011234,34.66287962380305,34.9719612471308
1471.0,31.84713636995589,31.854677746835872,31.87731413407294,31.915082510104746,31.968043868733623,32.036282300691624,32.119903581537436,32.21903320198229,32.333813742993215,32.464401476145476,32.61096201471806,32.77366470436876,32.952675161954204,33.148144912182644,33.36019651297211,33.58890219885141,33.83425444609512,34.09612855309167,34.37424048867318,34.66810711432285,34.97701867163255
1472.0,31.852230341774685,31.859774503733096,31.882419211280006,31.920201334150924,31.973181675847236,32.0414440422375,32.12509381306669,32.2242559531167,32.3390723640902,32.469698451566416,32.616298717644376,32.77904104191297,32.95808902646696,33.1535913352905,33.36566645197432,33.5943810143203,33.839720364046045,34.10155167226827,34.37958303056919,34.67332544380208,34.98206709115761
1473.0,31.85732619367429,31.86487313275746,31.88752613617932,31.925321963290546,31.978321224668317,32.04660743796833,32.13028558318703,32.22948009443194,32.344332187465206,32.474996390523145,32.621636073660376,32.78441761386245,32.963502542376155,33.15903659221201,33.371134110865015,33.59985612810757,33.845180939292185,34.10696780350663,34.38491725163165,34.67853476042729,34.98710666421612
1474.0,31.862423920265815,31.869973628389914,31.892634902872846,31.930444391030132,31.98346250793551,32.051772479713065,32.13547888263809,32.2347056151922,32.349593200008876,32.48029527572032,32.62697405828984,32.78979438475114,32.96891566023755,33.16448062047237,33.3765994226179,33.6053274861922,33.8506361540115,34.11237698481772,34.3902432503992,34.683735206430505,34.99213754227249
1475.0,31.867523516072794,31.87507598502645,31.89774550538487,31.935568610808666,31.988605518327883,32.05693915923612,32.14067370205743,32.23993250446263,32.35485538823601,32.4855950892512,32.632312646263685,32.79517131842355,32.97432833058458,33.16992335891783,33.382062323215834,33.610795038728746,33.85608599416035,34.1177792555687,34.39556112306123,34.68892691848325,34.99715987026374
1476.0,31.872624975532933,31.880180196979694,31.902857937663185,31.940694615997693,31.99375024846281,32.062107468231126,32.14587003196866,32.24516075109271,32.360118738271545,32.49089581260309,32.637651811567515,32.80054837813549,32.97974050405584,33.175364747792564,33.387522751579574,33.61625873978865,33.8615304491189,34.123174656237744,34.40087096350906,34.69411002805502,35.00217378706564
1477.0,31.87772829299978,31.88528625848045,31.907972193580147,31.94582239990117,31.998896690893353,32.0672773983143,32.15106786276956,32.25039034370077,32.36538323583953,32.496197426667244,32.642991527491795,32.805925526650974,32.98515213150935,33.18080472879785,33.39298064948801,33.621718547115435,33.866969511371,34.12856322820221,34.4061728633917,34.69928466174003,35.00717942591289
1478.0,31.882833462744237,31.8903941636791,31.913088266933514,31.95095195575501,32.00404483810531,32.07244894101747,32.156267184720306,32.25562127065992,32.3706488662552,32.501499911752475,32.648331766683754,32.81130272633459,32.990563164124325,33.18624324513603,33.398435961492225,33.62717442189365,33.872403176215045,34.133945013555355,34.41146691217475,34.70445094155584,35.0121769147793
1479.0,31.887940478956082,31.89550390664689,31.918206151447063,31.95608327672628,32.00919468251379,32.07762208778072,32.1614679879321,32.26085352008543,32.37591561441986,32.50680324760218,32.653672501200354,32.81667993923899,32.99597355349146,33.191680241541164,33.403888634825464,33.63262632853128,33.87783144150259,34.13932005494754,34.4167531972009,34.709608985216796,35.01716637672266
1480.0,31.89304933574527,31.900615481377077,31.92332584077103,31.961216355912104,32.0143462164595,32.08279682994506,32.16667026235617,32.2660870798237,32.38118346481864,32.51210741341416,32.65901370256155,32.822057127187385,33.00138325169217,33.19711566429831,33.40933861931049,33.63807423445536,33.883254307401856,34.14468839544868,34.4220318037515,34.71475890638501,35.02214793019831
1481.0,31.898160027143135,31.905728881785876,31.9284473284823,31.966351186338287,32.01949943220473,32.087973158744816,32.17187399777332,32.27132193744277,32.386452401520685,32.517412387862905,32.664355341803315,32.827434251850676,33.006792211368,33.20254946125298,33.4147858672657,33.643518109920095,33.888671776183514,34.1500500784288,34.427302815108305,34.71990081490123,35.02712168934515
1482.0,31.90327254710344,31.910844101713263,31.933570608084334,31.9714877609576,32.024654321929,32.09315106530014,32.17707918378411,32.276558080224476,32.391722408181835,32.5227181491238,32.669697389530036,32.8328112748194,33.01220038578075,33.207981581812355,33.42023033341092,33.64895792782715,33.89408385202658,34.15540514745453,34.432566312614654,34.72503481699747,35.03208776424708
1483.0,31.90838688950324,31.915961134923577,31.938695673006933,31.976626072647832,32.02981087772454,32.098330540609524,32.18228580979977,32.28179549515817,32.39699346804947,32.528024674898816,32.67503981596582,32.83818815767043,33.01760772886416,33.21341197693933,33.425671974773906,33.65439366355721,33.89949054084224,34.16075364619928,34.437822375736054,34.73016101549337,35.037046261172506
1484.0,31.91350304814356,31.92107997510591,31.94382251660565,31.981766114209503,32.03496909159161,32.10351157554247,32.18749386503389,32.28703416893601,32.402265563969316,32.53333194244357,32.68038259100435,32.84356486202856,33.02301419526797,33.21884059914062,33.4311107505979,33.659825294812464,33.90489185011393,34.16609561836521,34.443071082119516,34.73527950997776,35.04199728279424
1485.0,31.918621016749885,31.9262006158743,31.948951132161067,31.98690787836343,32.04012895543364,32.10869416083243,32.19270333849486,32.292274087949764,32.40753867839404,32.53863992859505,32.68572568425733,32.848941349623125,33.02841974039509,33.224267402449996,33.436546622251065,33.665252801469215,33.91028778875196,34.171431107615696,34.44831250765157,34.74039039697687,35.04694092839184
1486.0,31.92374078897245,31.931323050767695,31.95408151287774,31.992051357747986,32.04529046105227,32.11387828706991,32.19791421897924,32.297515238289044,32.4128127933934,32.5439486098001,32.691069065100784,32.85431758233989,33.03382432043232,33.229692342407226,33.44197955313788,33.67067616544008,33.9156783669613,34.17676015751672,34.45354672651482,34.74549377011039,35.05187729403814
1487.0,31.928862358386322,31.936447273249716,31.959213651882983,31.997196544916214,32.05045360014246,32.119063944695995,32.20312649506597,32.30275760574095,32.418087890665795,32.54925796214399,32.69641270271973,32.85969352226833,33.03922789237558,33.23511537603371,33.44740950861306,33.67609537054514,33.92106359612115,34.182082811486175,34.45877381124283,34.75058972023654,35.056806472771534
1488.0,31.933985718491233,31.941573276708155,31.964347542225408,32.002343432332765,32.05561836428754,32.12425112399621,32.20834015511146,32.30800117579101,32.423363951550954,32.55456796137934,32.701756566150635,32.865069131744576,33.04463041404988,33.24053646180536,33.452836455898,33.68151040239156,33.9264434886753,34.18739911275007,34.463993832773305,34.75567833558703,35.06172855475543
1489.0,31.939110862711196,31.946701054454298,31.96948317687321,32.007492012370655,32.06078474495426,32.12943981509478,32.21355518724552,32.31324593362526,32.42864095704367,32.55987858295462,32.7071006243217,32.870444373390306,33.0500318441249,33.24595555962326,33.45826036399992,33.68692124826095,33.93181805803196,34.19270910430468,34.46920686049963,34.76075970189294,35.06664362742605
1490.0,31.944237784393955,31.951830599722,31.974620548712316,32.01264227730797,32.06595273348806,32.13463000794935,32.21877157936822,32.318491864133584,32.43391888780837,32.565189802042546,32.7124448460912,32.875819210147704,33.05543214212636,33.2513726307826,33.46368120363393,33.692327897004155,33.937187318472624,34.19801282888408,34.47441296232056,34.765833902502145,35.07155177562953
1491.0,31.94936647681015,31.956961905666553,31.979759650544317,32.01779421932443,32.07112232110837,32.13982169234616,32.2239893191476,32.32373895191392,32.439197724194315,32.570501593568025,32.71778920028347,32.881193605310855,33.060831268443785,33.25678763794027,33.46909894714789,33.697730338942904,33.94255128506854,34.203310328932226,34.47961220468818,34.77090101848916,35.076453081749655
1492.0,31.954496933152274,31.962094965363335,31.98490047508425,32.02294783049795,32.07629349890406,32.145014857895724,32.22920839401806,32.3289871812775,32.444477446251334,32.575813932235405,32.72313365572286,32.88656752255372,33.066229184335164,33.26220054508164,33.47451356845018,33.703128565777746,33.94790997360454,34.20860164657912,34.48480465265422,34.77596112875782,35.0813476258266
1493.0,31.95962914653346,31.96722977180628,31.990043014958196,32.0281031028011,32.081466257829156,32.150209494028964,32.23442879117973,32.33423653625496,32.44975803374608,32.581126792555196,32.72847818126555,32.89194092595492,33.071625851928545,33.26761131748644,33.47992504294036,33.70852257050201,33.953263400509314,34.21388682362059,34.48999036991456,34.78101431013759,35.086235485667785
1494.0,31.96476310998604,31.972366317906154,31.9951872627008,32.03326002809765,32.086640588698735,32.155405589993904,32.239650497598475,32.339487000603114,32.45503946617834,32.58644014886994,32.733822745829336,32.89731378001972,33.07702123422129,33.273019921694484,33.485333347442655,33.71391234732138,33.95861158279159,34.2191659015011,34.49516941885214,34.78606063747388,35.09111673695141
1495.0,31.969898816459896,31.977504596488657,32.000333210752636,32.038418598139046,32.09181648218502,32.16060313485283,32.244873500006655,32.34473855781246,32.46032172279776,32.59175397537926,32.73916731842133,32.90268604969909,33.08241529507708,33.27842632547108,33.49073846014218,33.71929789157846,33.96395453798168,34.22443892129944,34.50034186057826,34.79110018371291,35.09599145332329
1496.0,31.975036258820666,31.982644600292353,32.005480851457506,32.043578804560994,32.09699392881375,32.16580211747995,32.250097784904526,32.34999119111527,32.46560478262045,32.597068246164135,32.744511868163805,32.90805770040638,33.087807999220864,33.28383049777249,33.49614036052397,33.72467919968229,33.96929228407795,34.22970592371679,34.505507754972285,34.7961330199815,35.10085970648751
1497.0,31.98017542984776,31.98778632196648,32.01063017705966,32.048740638880076,32.10217291896094,32.17100252655962,32.25532333856235,32.35524488349416,32.47088862444569,32.60238293521014,32.74985636431811,32.91342869803167,33.09319931223227,33.289232408711555,33.501539029314536,33.73005626904238,33.97462483949771,34.23496694906691,34.51066716071982,34.80115921566211,35.10572156629142
1498.0,31.985316322232247,31.99292975406863,32.01578117970097,32.05390409249048,32.10735344284966,32.17620435058495,32.26055014702301,32.36049961769114,32.47617322687246,32.607698016429765,32.755200776306786,32.91879900895392,33.098589200537496,33.294632029523605,33.50693444842613,33.735429098006776,33.97995222303211,34.240222037268225,34.515820135349415,34.80617883846373,35.11057710080551
1499.0,31.9904589285746,31.9980748890623,32.02093385141805,32.05906915666084,32.112535490547394,32.181407577856994,32.2657781961052,32.365755376216946,32.48145856831589,32.61301346368386,32.76054507373399,32.92416860005115,33.103977631399864,33.30002933253282,33.51232660090334,33.740797685804154,33.985274453804855,34.245471227837584,34.520966735267926,34.81119195448853,35.11542637639836
1500.0,31.995603241382288,32.00322171931434,32.02608818413943,32.06423582253115,32.117719051963554,32.186612196484305,32.27100747140716,32.37101214136078,32.4867446270234,32.61832925080203,32.76588922640425,32.92953743870892,33.10936457290936,33.305424291119024,33.51771547087218,33.74616203248953,33.99059155123419,34.25071455988547,34.52610701579442,34.81619862829492,35.12026945780729
1501.0,32.000749253067355,32.00837023709243,32.03124416968262,32.06940408110991,32.12290411684727,32.19181819438303,32.27623795831078,32.37626989520019,32.49203138109066,32.62364535160208,32.771233204339644,32.934905492827006,33.11474999397123,33.31081687968509,33.52310104349145,33.751522138893264,33.995903534998014,34.25595207211412,34.53124103591785,34.82120030501331,35.12519080053387
1502.0,32.00589695594381,32.0135204345623,32.03640179975133,32.0745739232713,32.12809067478559,32.19702555927735,32.28146964198618,32.381528619611146,32.49731880847717,32.6289617399085,32.77657697779557,32.94027273082468,33.1201338642938,33.316207073625016,33.52848330490623,33.75687800657342,34.00121042504138,34.26118380987272,34.536369375294434,34.82621125031099,35.130217466989095
1503.0,32.01104634222501,32.01867230378516,32.04156106593263,32.079745339752655,32.13327871520191,32.202234278700345,32.286702507396704,32.38678829627831,32.50260688702148,32.634278389569985,32.78192051727498,32.94563912164453,33.125516154375624,33.32159484929251,33.53386224220391,33.76222963781111,34.00651224471644,34.26640994778558,34.54149467573931,34.83124368347427,35.13530356704688
1504.0,32.01619740402104,32.02382583671489,32.04672195969425,32.08491832115201,32.138468227354736,32.20744433999532,32.291936539304125,32.39204890670533,32.50789559445607,32.63959527447608,32.787263793541406,32.9510046347551,33.130896835492074,33.32698018397078,33.539237843391774,33.76757703655236,34.011809046939874,34.27163105611388,34.54662060059487,34.836300451513644,35.1404344607794
1505.0,32.021350133335964,32.02898102519537,32.05188447238185,32.090092857925896,32.143659200336764,32.21265573031735,32.297171722274264,32.39731043222509,32.51318490842181,32.6449123685728,32.79260677763064,32.95636924015234,33.136275879681726,33.332363055849875,33.544610097621145,33.77292021400041,34.017100969697374,34.27684812287753,34.551750247878864,34.8413813015993,35.145602358041344
1506.0,32.02650452206513,32.03413786095777,32.05704859521651,32.09526894038727,32.14885162307422,32.21786843663532,32.3024080406828,32.402572854010145,32.51847480648194,32.65022964587742,32.797949440861316,32.96173290836004,33.141653259734426,33.3377434440649,33.54997899640005,33.77825920119231,34.022388275413114,34.282062349084526,34.55688583502634,34.84648515859477,35.150802190723425
1507.0,32.03166056199249,32.03929633561785,32.06221431929217,32.10044655870372,32.154045484326495,32.22308244573416,32.30764547872133,32.40783615308298,32.52376526613567,32.65554708049241,32.803291754844345,32.96709561043003,33.14702894919366,33.343121328954325,33.555344536535166,33.78359406357525,34.02767134791464,34.287274956260184,34.56202885971335,34.851610779507205,35.156030319439466
1508.0,32.03681824478791,32.04445644067338,32.067381635573305,32.1056257028958,32.15924077268609,32.228297744217436,32.312884020403594,32.413100310326186,32.52905626483126,32.66086464661848,32.8086336914915,32.97245731794497,33.152402922409266,33.34849669275109,33.56070672451158,33.788924910659816,34.0329506615819,34.29248707785445,34.56718030704454,34.85675695126547,35.161283969313104
1509.0,32.041977562004476,32.04961816750151,32.072550534892706,32.110806362835596,32.16443747657883,32.23351431851024,32.318123649571916,32.41836530649262,32.53434777997872,32.66618231856682,32.81397522302385,32.977818003032375,33.15777515469861,33.353869520795286,33.56606558109149,33.794251898125886,34.038226743830926,34.297699715356,34.57234080965372,34.861922549222164,35.16656093652693
1510.0,32.04713850507599,32.05478150735634,32.07772100794927,32.115988528245495,32.169635584264284,32.23873215486227,32.323364349903706,32.42363112221538,32.539639788961914,32.671500070770875,32.819316321982214,32.98317763840532,33.163145622668345,33.35923980313979,33.571421144911795,33.79957522372254,34.043500142653656,34.30291373016969,34.57751075870952,34.86710654926263,35.17185941802024
1511.0,32.0523010653144,32.05994645136649,32.082893045306136,32.121172188697194,32.174835083836506,32.243951239351176,32.32860610491808,32.42889773801764,32.5449322691504,32.676817877797966,32.82465696124367,32.98853619744896,33.168514304711465,33.36460753627388,33.57677347444671,33.80489511963033,34.04877140271825,34.30812985207427,34.58269037895765,34.87230802399248,35.17717790480831
1512.0,32.05746523390738,32.06511299053279,32.08806663738875,32.12635733361085,32.180035963224995,32.24917155788612,32.333848897982584,32.434165134322356,32.550225197910834,32.68213571436198,32.82999711405027,32.993893654368115,33.17388118164676,33.3699727246793,33.58212264829924,33.8102118436095,34.054041049545894,34.313348693955355,34.587879779501336,34.87752613388288,35.18251511124495
1513.0,32.06263100191596,32.070281115726075,32.09324177448326,32.131543952254475,32.18523821019586,32.2543930962115,32.33909271231998,32.43943329146181,32.555518552618445,32.68745355533895,32.835336754056605,32.99924998440143,33.17924623743349,33.37533538201548,33.58746876413943,33.8155256704319,34.0593095800113,34.31857076782944,34.593078988513064,34.882760117426855,35.18786992599985
1514.0,32.067798360272306,32.07545081768513,32.09841844673496,32.136732033743584,32.19044181235325,32.25961583991091,32.344337531015036,32.444702189687085,32.560812310669,32.692771375787785,32.84067585540182,33.00460516409517,33.18460945988321,33.38069553183992,33.592811936723834,33.82083688436308,34.064577457355234,34.323796499968196,34.59828797726976,34.88800928179683,35.19324137686082
1515.0,32.072967299777574,32.080622087014724,32.10359664414699,32.1419215670409,32.19564675714096,32.26483977441116,32.34958333702135,32.44997180917756,32.566106449492,32.69808915097906,32.846014392808975,33.00995917161996,33.18997084129997,33.38605320786141,33.59815229540404,33.82614577297114,34.069845109232574,34.32902624430664,34.603506677014245,34.89327299448788,35.19862860471788
1516.0,32.078137811099914,32.085794914183786,32.108776356579064,32.14711254095644,32.20085303184424,32.270064884986496,32.35483011316833,32.455242130050735,32.57140094656617,32.70340685643376,32.85135234171111,33.015311987107765,33.195330378999465,33.39140845378266,33.603489981444895,33.83145262226036,34.07511292770905,34.334260293960504,34.60873499092897,34.89855067603155,35.20403084386163
1517.0,32.083309884772575,32.09096928952376,32.11395757374655,32.152304944147616,32.206060623591775,32.27529115676299,32.360077842168145,32.46051313237265,32.57669577943836,32.70872446797407,32.85668967840022,33.02066359298573,33.20068807568043,33.39676132281706,33.60882514537644,33.836757712993425,34.0803812704484,34.33949889095671,34.61397280273106,34.90384179371291,35.2094474067529
1518.0,32.088483511192194,32.09614520322709,32.11914028521955,32.157498765119655,32.2112695193579,32.280518574723,32.36532650662304,32.46578479616929,32.58199092574678,32.7140419617863,32.862026380192454,33.02601397428602,33.20604393964112,33.402111876970075,33.614157944519505,33.842061318016746,34.085650462579004,34.3447422343843,34.61921998289902,34.909145856173794,35.21487767203871
1519.0,32.09365868061721,32.10132264534581,32.12432448042223,32.16269399222614,32.21647970596492,32.28574712370982,32.370576089032895,32.47105710143958,32.58728636324953,32.71935931449562,32.867362425602096,33.03136311891541,33.211397984848155,33.40746018616868,33.61948854076163,33.847363700399775,34.090920798904655,34.34999048719551,34.624476393217584,34.91446240877789,35.22032107497625
1520.0,32.0988353831664,32.106501605790356,32.12951014863237,32.16789061366974,32.221691170085656,32.29097678843255,32.37582657180336,32.47633002817034,32.59258206985901,32.724676503250905,32.87269779451606,33.036711017873934,33.21675023087444,33.412806327309,33.624817098615225,33.852665112216535,34.09619254624438,34.35524378187441,34.62974189011392,34.91979102962253,35.225777099676996
1521.0,32.10401360881758,32.111682074328506,32.13469727898098,32.17308861750315,32.226903898246114,32.29620755347124,32.38107793725481,32.4816035563537,32.597878023682156,32.72999350581722,32.87803246836141,33.04205766541716,33.222100702727694,33.418150383276924,33.63014378356121,33.85796579382324,34.10146594576781,34.36050222516415,34.63501632711578,34.92513132609686,35.231245272749625
1522.0,32.109193347406524,32.116864040584495,32.13988586045214,32.17828799163012,32.23211787682844,32.3014394032823,32.386330167632174,32.486877666007345,32.60317420306644,32.73531030067321,32.883366430259755,33.047403059160615,33.22744943059232,33.42349244198237,33.63546876066396,33.8632659735116,34.10674121524597,34.365765902015724,34.640299556665774,34.930482931900485,35.236725158033636
1523.0,32.114374588625964,32.122047494038306,32.14507588188305,32.183488723806825,32.23733309207398,32.30667232220446,32.391583245116095,32.49215233719775,32.6084705866509,32.74062686711023,32.888699665163415,33.05274720012887,33.23279644950685,33.42883259543562,33.64079219343382,33.86856586744192,34.11201855117274,34.371034878893724,34.64559143145936,34.935845504451216,35.242216352194696
1524.0,32.119557322024804,32.127232424025074,32.15026733196418,32.18869080164324,32.24254953008671,32.311906294465174,32.3968371518354,32.49742755006658,32.61376715342136,32.745943185330134,32.89403215997019,33.05809009275346,33.23814179899674,33.434170938883966,33.64611424290961,33.87386567978016,34.11729813073507,34.376309206551255,34.65089180542789,34.94121872262204,35.24771848100897
1525.0,32.12474153700745,32.13241881973472,32.15546019923965,32.19389421260483,32.24776717683691,32.31714130418778,32.402091869881275,32.50270328486006,32.619063882768494,32.75125923653932,32.89936390361479,33.06343174482579,33.243485522679855,33.43950757001936,33.6514350669325,33.879165602980486,34.122580113624025,34.38158892236565,34.65620053445558,34.94660228475764,35.25323119620399
1526.0,32.129927222833395,32.13760667021171,32.160654472107744,32.19909894401441,32.25298601816516,32.32237733539936,32.40734738132308,32.5079795219611,32.624360754547915,32.75657500303639,32.904694887136166,33.06877216741146,33.24882766785882,33.44484258826215,33.65675481958383,33.88446581816806,34.12786464368802,34.38687405231034,34.66151747689596,34.951995906929206,35.25875417275374
1527.0,32.135114368616854,32.14279596435506,32.16585013882167,32.204304983054314,32.258206039786906,32.3276143720396,32.412603668225906,32.513256241923926,32.6296577491405,32.76189046829168,32.91002510372102,33.074111374732865,33.25416828511161,33.45017609412153,33.6620736507617,33.889766495588134,34.13315185043459,34.392164612624356,34.666842493936514,34.957399321393076,35.264287106547364
1528.0,32.140302963326675,32.14798669091837,32.17104718749044,32.20951231676873,32.263427227297264,32.33285239797052,32.41786071266996,32.51853342551066,32.634954847512205,32.76720561701743,32.91535454872492,33.079449384026645,33.259507427889254,33.45550818863088,33.667391705873705,33.89506779509535,34.13844185038999,34.39746061122989,34.67217544984808,34.96281227522449,35.26982971236797
1529.0,32.14549299578639,32.153178838510215,32.176245606080045,32.214720932066406,32.26864956617664,32.338091396987274,32.423118496771515,32.523811053729275,32.640252031271864,32.77252043522739,32.92068321967229,33.08478621538194,33.2648451521272,33.4608389728542,33.67270912562608,33.90036986666424,34.14373474832737,34.40276204893913,34.677516212146756,34.96823452910223,35.27538172213074
1530.0,32.15068445467439,32.15837239559459,32.18144538241481,32.219930815723664,32.273873041796705,32.34333135283008,32.428377002705396,32.52908910787252,32.645549282726165,32.777834910285634,32.92601111623746,33.09012189156496,33.27018151587508,33.46616854745866,33.67802604589198,33.90567285090676,34.149030638374605,34.40806892048467,34.68286465168902,34.97366585622403,35.280942883339065
1531.0,32.15587732852435,32.163567350491626,32.18664650417893,32.225141954387794,32.279097639427185,32.348572249197154,32.433636212728864,32.53436756955712,32.65084658493101,32.78314903094427,32.93133824020909,33.095456437834656,33.27551657894797,33.47149701234799,33.683342597644575,33.91097687958653,34.15432960501281,34.413381215401344,34.688220642716416,34.97910604133546,35.28651295772546
1532.0,32.161071605725866,32.16876369137846,32.191848958918406,32.23035433458084,32.28432334424328,32.3538140697588,32.43889610920653,32.5396464207627,32.656143921738355,32.78846278737035,32.93666459544007,33.10078988175352,33.280850402601075,33.4768244663508,33.68865890694223,33.91628207612243,34.159631723975934,34.41869891878267,34.69358406286173,34.984554879857875,35.292091720049974
1533.0,32.16626727452521,32.17396140629035,32.197052734043176,32.235567942703874,32.289550141333834,32.3590567981724,32.444156674636204,32.54492564386994,32.66144127783835,32.79377617116224,32.941990187785315,33.106122252996954,33.286183049228846,33.482151006958475,33.693975094955604,33.921588556076664,34.16493706306129,34.4240220119314,34.698954793126376,34.990012177103004,35.29767895703322
1534.0,32.17146432302637,32.179160483122104,32.202257816829544,32.240782765041686,32.294778015710165,32.36430041809845,32.449417891675225,32.550205221697524,32.66673863879611,32.79908917535617,32.947315025029425,33.111453583163936,33.29151458208869,33.48747673010703,33.69929127802782,33.926896427623696,34.17024568286,34.42935047291998,34.70433271783615,34.99547774756364,35.303274466405796
1535.0,32.176662739192295,32.18436090962954,32.207464194423004,32.245998787768,32.30000695231569,32.36954491321739,32.45467974316717,32.55548513753736,32.67203599108317,32.80440179442368,32.952639116806544,33.116783905591355,33.29684506504885,33.49280172999817,33.70460756776045,33.93220579199813,34.175557637415494,34.4346842770744,34.709717724581154,35.000951414271356,35.30887805605786
1536.0,32.18186251084637,32.18956267343151,32.21267185384143,32.25121599695125,32.305236936036295,32.374790267247114,32.45994221216853,32.560765375187714,32.67733332210342,32.809714024260614,32.95796247451387,33.12211325517362,33.30217456235989,33.498126098954494,33.70992407111939,33.93751674392026,34.18087297481761,34.44002339739272,34.715109704144005,35.00643300821349,35.31448954327617
1537.0,32.187063625674206,32.194765762012,32.217880781978536,32.256434378560854,32.31046795171133,32.380036463961176,32.46520528197517,32.566045918984095,32.682630620213565,32.81502586216866,32.96328511122089,33.12744166818902,33.307503138448446,33.503449927304885,33.71524089055563,33.94282937199891,34.186191737738966,34.44536780490757,34.72050855042005,35.01192236780264,35.32010875405724
1538.0,32.19226607122563,32.1999701627226,32.22309096560792,32.26165391847402,32.315699984145255,32.385283487207325,32.47046893614835,32.57132675382751,32.68792787473827,32.820337306830325,32.96860704157546,33.132769182133636,33.3128308577325,33.50877330329609,33.72055812413678,33.94814375911153,34.19151396391948,34.45071746900064,34.72591416033208,35.017419338392834,35.32573552248717
1539.0,32.197469834917115,32.205175862785396,32.22830239138739,32.266874602483135,32.32093301811995,32.39053132092648,32.47573315853986,32.57660786521006,32.69322507598026,32.825648358278016,32.9739282817083,33.138095835563654,33.31815778445623,33.51409631302702,33.72587586568615,33.953459982762105,34.196839686604555,34.45607235767595,34.731326433741536,35.02292377183741,35.331369690180175
1540.0,32.20267490403437,32.21038284929604,32.23351504586373,32.27209641630369,32.3261670384075,32.3957799491717,32.480997933316374,32.58188923923752,32.69852221522544,32.830959017858234,32.97924884913683,33.14342166794636,33.323483982543706,33.51941904040253,33.73119420492664,33.958778115417346,34.20216893494166,34.461432437797434,34.73674527335789,35.028435526083946,35.337011105769015
1541.0,32.20788126573534,32.21559110922736,32.23872891547805,32.2773193455827,32.331402029783426,32.401029356127324,32.48626324498265,32.587170862649245,32.703819284743545,32.83626928819159,32.98456876266936,33.148746719520126,33.328809515469466,33.524741567104385,33.73651322762717,33.96409822482213,34.20750173433963,34.4667976752958,34.74217058464744,35.03395446480264,35.3426596244411
1542.0,32.213088907053674,32.220800629433306,32.24394398657138,32.28254337590766,32.336637977040354,32.4062795261279,32.4915290784034,32.59245272283492,32.70911627778453,32.84157917312939,32.98988804231049,33.15407103116336,33.334134446145065,33.53006397257627,33.74183301575009,33.96942037429511,34.21283810679441,34.47216803534881,34.74760227574238,35.03948045704467,35.348315107515404
1543.0,32.218297814902364,32.22601139665321,32.24916024539097,32.28776849281593,32.34187486500198,32.41153044367686,32.496795418823886,32.59773480784858,32.7144131885711,32.84688867770751,32.99520670916821,33.159394644272446,33.33945883681992,33.535386334021396,33.74715364759793,33.97474462300541,34.21817807118474,34.47754348253836,34.75304025735088,35.04501337692735,35.353977422055706
1544.0,32.223507976078004,32.23122339751662,32.25437767809677,32.29299468180461,32.34711267853722,32.41678209346483,32.502062251888894,32.6030171064197,32.719710012287706,32.85219780809808,33.0005247853634,33.164717600648366,33.344782748995485,33.540708726410315,33.75247519795866,33.980071026231535,34.223521643540806,34.48292398098757,34.75848444266872,35.050553103343816,35.35964644051616
1545.0,32.22871937726524,32.23643661854841,32.259596270768604,32.298221928340745,32.35235140257456,32.42203446038745,32.507329563660264,32.60829960796157,32.72500674506639,32.85750657155969,33.00584229394203,33.17003994239185,33.350106243351235,33.54603122249762,33.75779773824826,33.98539963560354,34.22886883728853,34.48830949448035,34.76393474729289,35.05609951969454,35.365322040415926
1546.0,32.23393200504184,32.2416510461744,32.26481600941358,32.30345021787194,32.357591022116374,32.42728752956258,32.51259734063275,32.61358230257705,32.73030338396981,32.862814976386474,33.01115925879049,33.17536171180674,33.355429379681674,33.551353892845846,33.76312133665034,33.99073049932932,34.23421966347187,34.49369998656569,34.76939108913748,35.061652513638926,35.37100410403988
1547.0,32.239145845884025,32.2468666667274,32.270036879974015,32.30867953583724,32.36283152225331,32.43254128634681,32.51786556974822,32.61886518106177,32.73559992697183,32.86812303185668,33.01647570455414,33.18068295131107,33.36075221684301,33.55667680585559,33.768446058251975,33.996063662406115,34.23957413095543,34.499095420648715,34.77485338835183,35.067211976864904,35.376692518162876
1548.0,32.244360886172295,32.25208346645361,32.275258868335776,32.313909867678305,32.36807288817856,32.43779571635127,32.52313423840824,32.62414823490504,32.740896372935914,32.87343074818095,33.02179165655943,33.18600370335576,33.36607481270875,33.56200002780044,33.77377196517557,34.00139916681825,34.24493224660918,34.50449576007,34.78032156724147,35.07277780487505,35.38238717379504
1549.0,32.24957711219772,32.25730143151952,32.28048196033688,32.31914119885075,32.373315105201875,32.44305080545653,32.52840333448502,32.62943145628845,32.74619272159173,32.87873813645079,33.02710714073955,33.19132401035022,33.371397224133204,33.56732362286604,33.779099116706476,34.00673705172187,34.250294015477024,34.50990096817471,34.78579555019153,35.07834989678771,35.38808796594635
1550.0,32.25479451016853,32.26252054801914,32.28570614177652,32.32437351483567,32.37855815876347,32.448306539826696,32.5336728463307,32.63471483808253,32.75148897351024,32.88404520858751,33.03242218356378,33.19664391459466,33.37671950692213,33.5726476531924,33.78442756941614,34.01207735361752,34.255659440930785,34.51531100837281,34.79127526359293,35.083928155151774,35.393794793408574
1551.0,32.26001306621722,32.26774080198172,32.29093139842439,32.32960680115125,32.383802034447505,32.45356290592255,32.5389427627851,32.63999837384138,32.75678513007745,32.88935197729174,33.037736811970454,33.20196345821871,33.38204171580964,33.577972178918635,33.78975737728079,34.01742010651161,34.26102852481106,34.52072584419134,34.796760635771136,35.08951248577412,35.39950755855291
1552.0,32.26523276640802,32.27296217937966,32.29615771603026,32.334841043364435,32.38904671799532,32.458819890513745,32.544213073181886,32.64528205779574,32.76208119346719,32.89465845599401,33.0430510533036,33.20728268312575,33.387363904440946,33.58329725822968,33.79508859179552,34.02276534206718,34.26640126755598,34.526145439319855,34.80225159691772,35.09510279755837,35.40522616714208
1553.0,32.27045359674467,32.27818466613699,32.30138508033379,32.34007622710257,32.394292195318144,32.46407748069004,32.54948376735333,32.65056588484433,32.76737716661313,32.899964658806304,33.048364935253154,33.2126016309429,33.39268612535996,33.5886229474044,33.800421262083866,34.028113089745034,34.27177766831919,34.531569757649706,34.807748079024435,35.10069900235427,35.41095052815541
1554.0,32.27567554317871,32.283408248137995,32.30661347707455,32.3453123380651,32.39953845250945,32.469335663871554,32.55475483563354,32.65584985054389,32.77267305318019,32.90527060047485,33.053678485798756,33.2179203429759,33.39800843000151,33.593949300864594,33.805755435002865,34.03346337693566,34.277157725077984,34.53699876330806,34.81325001581987,35.10630101481678,35.41668055362592
1555.0,32.28089859161788,32.28863291123622,32.311842892002296,32.35054936203503,32.40478547585675,32.474594427818076,32.560026268860454,32.66113395109783,32.77796885753556,32.91057629633437,33.05899173315689,33.22323886016889,33.40333086868747,33.59927637122466,33.8110911552437,34.0388162290826,34.28254143473242,34.54243242068707,34.81875734270862,35.111908752274,35.422416158488375
1556.0,32.286122727935066,32.293858641263746,32.317073310887174,32.355787284890354,32.41003325185291,32.479853760637326,32.56529805837647,32.666418183343936,32.783264584719525,32.91588176226365,33.06430470573143,33.228557223068435,33.408653490626314,33.60460420934143,33.81642846542808,34.04417166979804,34.28792879319632,34.547870694468955,34.824269996712864,35.11752213460334,35.42815726043727
1557.0,32.29134793797736,32.29908542404063,32.32230471953021,32.3610260926153,32.41528176720689,32.48511365079236,32.57057019602796,32.671702544740924,32.78856024041619,32.92118701464266,33.06961743206739,33.23387547179175,33.413976343915834,33.609932864364005,33.82176740620032,34.049529720970895,34.29331979548082,34.5533135496474,34.829787916416315,35.1231410841153,35.433903779794136
1558.0,32.29657420757542,32.30431324538466,32.32753710377377,32.36626577131132,32.42053100885391,32.49037408710789,32.57584267416357,32.67698703335423,32.79385583092437,32.9264920703113,33.0749299408077,33.23919364599857,33.41929947554853,33.61526238378335,33.827108016315464,34.0548904028681,34.298714435771174,34.558760951545665,34.83531104191037,35.128765525444166,35.439655639383204
1559.0,32.30180152255305,32.30954209112114,32.33277044951203,32.37150630720789,32.425780963965025,32.495635058775854,32.581115485631535,32.68227164784108,32.799151363128566,32.93179694652967,33.08024226065303,33.24451178486648,33.42462293141925,33.62059281348148,33.83245033272332,34.06025373422943,34.30411270749736,34.56421286583188,34.84083931474254,35.134395385445266,35.445412764414904
1560.0,32.30702986873694,32.31477194709293,32.33800474270146,32.37674768667299,32.43103161995615,32.500896555359944,32.58638862377602,32.6875563874349,32.804446844470306,32.937101660940016,33.08555442032439,33.24982992706954,33.429946756335,33.62592419777992,33.83779439064887,34.06561973235654,34.30951460339906,34.56966925853171,34.84637267786688,35.14003059309819,35.45117508237654
1561.0,32.31225923196664,32.32000279917056,32.34323996937122,32.38198989622331,32.436282964496364,32.50615856679934,32.59166208243255,32.69284125192932,32.809742282919885,32.9424062315302,33.090866448528494,33.255148110759684,33.43527099402643,33.6312565794876,33.843140223668826,34.07098841319617,34.31492011558549,34.57513009603751,34.85191107144594,35.145669865390595,35.45686839106602
1562.0,32.317489598104515,32.325234633262305,32.348476115633474,32.387232922534096,32.4415349855157,32.51142108341161,32.59693585592263,32.69812624166163,32.815037686948514,32.94771067659897,33.09617837392558,33.260466373550905,33.44059568716083,33.636589999947766,33.84848786378485,34.076359791418334,34.32032923555576,34.58059533891724,34.85745397869222,35.151300658193946,35.46246890424659
1563.0,32.3227209530459,32.33046743532446,32.35371316769365,32.3924767524487,32.44678767121232,32.516684095894846,32.602209939047626,32.70341135749605,32.82033306550107,32.953015014722624,33.10149022509982,33.265784752505866,33.44592087735648,33.641924499084084,33.85383734149305,34.08173388045438,34.325741951465595,34.586064834201025,34.86299907177467,35.15691222561902,35.46801691932844
1564.0,32.32795328272925,32.33570119137148,32.35895111186043,32.39772137298771,32.45204101005902,32.52194759532895,32.607484327081984,32.708696600806704,32.82562842796943,32.95831926472342,33.10680203053187,33.27110328412473,33.451246605197966,33.647260115445405,33.85918868583301,34.087110691701476,34.33115822517311,34.59153808140868,34.868543125913334,35.162502055192064,35.47352528362231
1565.0,32.33318657314625,32.34093588748613,32.36418993455568,32.4029667713577,32.457294990809174,32.52721157317632,32.61275901576584,32.71398197346051,32.83092378416639,32.963623445639435,33.11211381857369,33.276422004336126,33.456572910252504,33.652596886243415,33.86454192421893,34.09249022964019,34.33657794350396,34.59701421312136,34.87408341328522,35.16807035799506,35.47900082810509
1566.0,32.33842081035209,32.346171509829595,32.36942962232412,32.408212934959586,32.46254960250212,32.53247602128174,32.61803400129705,32.71926747779997,32.836219144300344,32.968927576696,33.11742561742551,33.28174094848989,33.461899831084864,33.6579348473365,33.869897081401106,34.09787248081511,34.3420008836881,34.602492174859684,34.87961797993801,35.173618068007016,35.48444799328039
1567.0,32.34365598047542,32.35140804465145,32.37467016184275,32.41345985139667,32.46780483446788,32.53774093187173,32.623309280322815,32.724553116625856,32.84151451895064,32.97423167727861,33.1227374551145,33.28706015135096,33.46722740526039,33.6632740330197,33.875254176907006,34.10325740105714,34.34742671604418,34.60797089415658,34.88514550450508,35.17914626719515,35.489869965219356
1568.0,32.34889206972847,32.356645478299484,32.379911539930106,32.41870750848206,32.47306067633141,32.54300629755325,32.62858484993088,32.72983889318012,32.84680991904362,32.97953576690724,33.12804935947533,33.29237964709174,33.472555669303986,33.66861447543416,33.88061322121835,34.10864490702869,34.3528550310966,34.613449375949756,34.89066511619408,35.184656011757085,35.49526917114802
1569.0,32.35412906441693,32.3618837972295,32.38515374355514,32.42395589424585,32.478317118016236,32.54827211131183,32.63386070764026,32.735124811128735,32.85210535582952,32.98483986521206,33.13336135813156,33.29769946927551,33.47788465856418,33.67395620351791,33.885974211754466,34.11403487439726,34.358285372546206,34.61892674113383,34.896176254138396,35.190148280707454,35.500647537193366
1570.0,32.35936695094969,32.36712298801474,32.39039675984593,32.429204996941834,32.48357414974757,32.5535383665092,32.63913685139187,32.74041087454474,32.85740084086001,32.99014399191027,33.13867347847619,33.30301965081675,33.48321440693626,33.679299241611005,33.891337129734204,34.11942714145901,34.36371726579866,34.62440223369705,34.90167856987499,35.19562396521825,35.506006637954656
1571.0,32.36460571584848,32.37236303735528,32.39564057609797,32.434454805053726,32.48883176205496,32.558805056880466,32.64441327953867,32.745697087891564,32.862696385966494,32.99544816678366,33.14398574764754,33.30834022390221,33.488544946431624,33.68464360795659,33.896701938472795,34.12482151586859,34.36915023897179,34.62987521329303,34.907171861413836,35.201083871946196,35.51134779018994
1572.0,32.369845345757234,32.37760393208711,32.400885179782264,32.43970530730104,32.49408994577434,32.56407217653074,32.64968999083575,32.75098345600635,32.86799200323909,33.0007524096558,33.14929819249521,33.313661219858595,33.4938763066222,33.689989313348676,33.90206858314583,34.130217782434215,34.374583836807645,34.6353451423001,34.91265602861986,35.206528730790396,35.516672114930486
1573.0,32.37508582745135,32.382845659191005,32.406130558552974,32.44495649264448,32.49934869204973,32.56933971993147,32.65496698443017,32.75626998408367,32.87328770500591,33.006056740367406,33.15461083953011,33.31898266896246,33.49920851401889,33.695336360105195,33.90743699174086,34.1356157106624,34.38001762902876,34.64081157174618,34.91813104271045,35.21195920351995,35.52198058052194
1574.0,32.38032714784661,32.38808820580109,32.41137670025481,32.450208350290914,32.50460799233434,32.574607681916355,32.66024425985068,32.761556677659364,32.87858350381223,33.01136117874757,33.15992371485363,33.32430460019813,33.50454159145256,33.70068474144902,33.91280707681538,34.14101506137919,34.38545121473009,34.64627412802373,34.92359692513202,35.21737589196218,35.527274033522346
1575.0,32.38556929400787,32.39333155921317,32.416623592930094,32.45546086969804,32.5098678383914,32.57987605767685,32.66552181699733,32.766843542594394,32.883879412399,33.01666574457867,33.16523684406347,33.32962704097831,33.509875557517965,33.706034441298726,33.91817873770256,34.14641559218491,34.39088422410376,34.65173250111211,34.92905373273842,35.22277934532592,35.532553221536
1576.0,32.3908122531576,32.39857570689276,32.42187122482537,32.46071404057843,32.51512822229442,32.58514484275746,32.670799656130924,32.77213058505867,32.889175443679626,33.02197045755284,33.17055025213635,33.33495001684727,33.51521042612412,33.71138543441979,33.923551862883464,34.15181706174425,34.39631631845137,34.657186434460506,34.934501547263345,35.2281700665854,35.537818810501555
1577.0,32.39605601268389,32.4038206364828,32.42711958439775,32.4659678529034,32.520389136427134,32.59041403305064,32.676077777862375,32.777417811514404,32.89447161071418,33.02727533721854,33.17586396329145,33.34027355118724,33.52054620617432,33.716737686861464,33.928926332328864,34.15721923303144,34.401747189149965,34.662635716440455,34.939940467761055,35.233548517983614,35.5430713980535
1578.0,32.40130056014846,32.409066335811026,32.432368660320876,32.471222296906305,32.52565057348308,32.5956836247915,32.68135618314175,32.78270522869875,32.89976792668,33.032580402916814,33.181178000839715,33.34559766494603,33.52588290138237,33.72209115660006,33.93430201968776,34.1626218756935,34.407176556020495,34.66808017318574,34.94537060512783,35.23891512575813,35.54831152403287
1579.0,32.40654588329408,32.414312792897086,32.43761844149046,32.476477363085564,32.530912526464725,32.60095361455213,32.68663487324708,32.78799284360526,32.90506440483815,33.03788567370769,33.186492387026156,33.35092237640046,33.53122051021832,33.72744579431524,33.93967879425535,34.16802476769768,34.41260416539354,34.673519662617736,34.950792078101216,35.24427028419827,35.55353967888356
1580.0,32.41179197005186,32.419559995959226,32.44286891702958,32.481733042207246,32.53617498868236,32.60622399923565,32.69191384977259,32.79328066346367,32.91036105849494,33.04319116828817,33.19180714287207,33.356247700964666,33.53655902596924,33.732801544237816,33.94505652269236,34.17342769641394,34.41802978806096,34.678954069465604,34.956205010321355,35.24961435913501,35.55875631045063
1581.0,32.41703880854814,32.42480793342074,32.44812007629353,32.48698932530729,32.54143795375252,32.611494776069925,32.69719311461634,32.798568695717805,32.915657900958635,33.04849690490381,33.19712228802368,33.36157365104824,33.541898436896055,33.73815834502096,33.950435070493036,34.17883045926121,34.423453217231234,34.68438330111323,34.96160952816382,35.25494769095165,35.56396182955056
1582.0,32.422286387110994,32.430056593915936,32.45337190887425,32.49224620369338,32.54670141559616,32.61676594260084,32.70247266996695,32.80385694800106,32.920954945491445,33.053802901256525,33.2024378406128,33.36690023596526,33.547238726466304,33.743516130598856,33.95581430321418,34.1842328640228,34.42887426655843,34.68980728412994,34.967005759138516,35.26027059719048,35.569156614584045
1583.0,32.427534694276524,32.435305966295935,32.45862440460457,32.49750366894641,32.55196536843635,32.62203749668514,32.70775251828934,32.809145428109524,32.926252205257455,33.05910917441124,33.207753817133785,33.37222746189235,33.55257987364353,33.7488748310082,33.96119408748616,34.18963472891556,34.4342927682845,34.695225961365914,34.97239383070723,35.26558337481829,35.5743410153927
1584.0,32.43278371879464,32.440556039633954,32.4638775535619,32.502761712921654,32.5572298067957,32.6273094364826,32.713032662309196,32.81443414397238,32.93154969326711,33.064415740703886,33.21307023233959,33.37755533187152,33.55792185321578,33.75423437315634,33.96657429183018,34.19503588247924,34.43970857151402,34.70063928951397,34.977773869413184,35.27088630220328,35.579515356510896
1585.0,32.43803344963463,32.44580680323032,32.469131346071734,32.508020327749506,32.56249472549325,32.632581760447636,32.71831310499608,32.81972310361998,32.93684742231941,33.06972261565326,33.21838709915871,33.382883845852994,33.5632646361479,33.759594681526636,33.971954787306814,34.2004361633377,34.445121540628385,34.70604723705698,34.983146000244695,35.27617964084684,35.5846799399295
1586.0,32.4432838759903,32.4510582466171,32.47438577271062,32.51327950583585,32.567760119641015,32.6378544673201,32.72359384954506,32.825012315149586,32.94214540494281,33.07502981387878,33.2237044286335,33.38821300077188,33.568608189945394,33.764955678816676,33.977335448020206,34.20583541987125,34.4505315538383,34.711449782534864,34.98851034617517,35.281463636906594,35.58983504746113
1587.0,32.44853498728483,32.45631035956241,32.47964082430893,32.51853923986208,32.57302598463987,32.64312755611528,32.728874899356995,32.83030178668909,32.947443653335974,33.08033734902547,33.22902222987965,33.393542790652845,33.57395247901969,33.77031728650884,33.98271615149977,34.2112335098307,34.45593850186903,34.716846913077255,34.993867027836764,35.28673852254079,35.594980942777646
1588.0,32.45378677317515,32.4615631320743,32.48489649195313,32.52379952278465,32.57829231617508,32.64840102611288,32.73415625801712,32.83559152635928,32.952742179309425,33.08564523369781,33.23434051006563,33.39887320673704,33.57929746504699,33.77567942537472,33.98809677897954,34.216630299915266,34.46134228677021,34.722238623157345,34.99921616329548,35.29200451709936,35.60011787317582
1589.0,32.4590392235561,32.46681655440436,32.49015276698775,32.52906034783423,32.58355911021107,32.65367487684521,32.7394379292724,32.84088154223493,32.95804099422904,33.090953479402906,33.239659274410975,33.40420423762591,33.584643107315074,33.781042015916746,33.99347721559232,34.22202566533173,34.466742820840935,34.727624913530796,35.004557867903365,35.29726182818278,35.60524607111566
1590.0,32.464292328564106,32.472070617050896,32.49540964101693,32.53432170851439,32.58882636298558,32.65894910808427,32.744719917007494,32.846171842305324,32.963340108962385,33.096262096503445,33.244978526201244,33.40953586943709,33.58998936305382,33.7864049787515,33.998857350493964,34.22741948934689,34.47214002566016,34.7330057903297,35.00989225420959,35.3025106525866,35.61036575556763
1591.0,32.46954607858064,32.47732531076175,32.500667105905585,32.5395835985998,32.59409407100327,32.66422371982789,32.75000222521977,32.85146243443461,32.96863953382849,33.1015710941807,33.250298266817936,33.41486808596824,33.59533618774667,33.79176823493938,34.00423707693035,34.23281166284257,34.47753383121305,34.738381264287,35.0152194319161,35.30775117714642,35.61547713319802
1592.0,32.474800464235145,32.48258062653674,32.50592515378016,32.54484601213391,32.59936223102843,32.6694987122849,32.755284857993246,32.85675332632264,32.973939278551654,33.10688048040729,33.25561849578127,33.420200868865145,33.60068353542152,33.797131706265546,34.009616292258215,34.23820208387964,34.48292417510393,34.743751350070994,35.02053950786715,35.31298357949649,35.62058039941636
1593.0,32.48005547640769,32.487836555629805,32.51118377702893,32.550108943426174,32.60463084007711,32.674774085859426,32.76056781947199,32.86204452546656,32.9792393522198,33.112190261929314,33.260939210803784,33.425534197791215,33.60603135891987,33.80249531547725,34.014994897928865,34.24359065727539,34.48831100184728,34.749116065712904,35.02585258606452,35.3182080287523,35.625675739304775
1594.0,32.4853111062312,32.493093089550555,32.5164429683019,32.55537238704855,32.60989989540844,32.68004984113431,32.76585111383296,32.86733603912372,32.98453976324767,33.1175004442574,33.266260407852975,33.43086805059572,33.61137961014445,33.807858986482145,34.02037279944247,34.24897729419732,34.493694262228885,34.754475432113615,35.031158767701726,35.32342468612683,35.63076332844577
1595.0,32.49056734509335,32.498350220065625,32.52170272051015,32.56063633783161,32.61516939451529,32.68532597885382,32.77113474525879,32.87262787427617,32.989840519344824,33.12281103166601,33.27158208122097,33.43620240347897,33.61672824028532,33.81322264451209,34.02574990627941,34.254361911775234,34.49907391273005,34.75982947261759,35.03645815121254,35.328633705488016,35.63584333366207
1596.0,32.495824184638,32.50360793919946,32.526963026824845,32.565900790859935,32.62043933511416,32.690602499905665,32.776418717910516,32.877920037597164,32.995141627488835,33.12812202720023,33.27690422359986,33.44153723115286,33.62207720002524,33.818586216256534,34.03112613181378,34.25974443273267,34.50444991500814,34.76517821264433,35.04175083232969,35.33383523386468,35.640915913680104
1597.0,32.5010816167662,32.50886623923478,32.53222388067559,32.57116574146697,32.625709715134406,32.695879405302556,32.781703035900684,32.88321253541977,33.000443093903314,33.1334334326894,33.28222682616096,33.446872506995405,33.62742643972526,33.823949629969285,34.03650139321366,34.26512478503786,34.509822235427805,34.77052167936887,35.047036904150985,35.33902941190638,35.64598121972689
1598.0,32.506339633636834,32.5141251127125,32.53748527574844,32.57643118522928,32.630980532706886,32.70115669616335,32.78698770326692,32.888505373708014,33.00574492404092,33.13874524876663,33.287549878636895,33.45220820319879,33.63277590959153,33.829312815552015,34.04187561133154,34.270502901574694,34.5151908446375,34.775859901444605,35.05231645721032,35.34421637430264,35.65103939606861
1599.0,32.511598227666816,32.51938455243123,32.54274720598324,32.58169711796019,32.63625178615197,32.706434373693945,32.79227272394624,32.893798558030404,33.01104712257094,33.144057474893664,33.29287336940529,33.45754429090998,33.63812555982439,33.83467570461767,34.04724871058791,34.275878719832704,34.52055571718659,34.78119290876228,35.05758957955192,35.34939625016585,35.6560905804979
1600.0,32.516857391530706,32.52464455144629,32.54800966557052,32.586963535702886,32.64152347396707,32.71171243916798,32.79755810175025,32.89909209353626,33.016349693371325,33.14937010939023,33.298197285572975,33.46288074036364,33.64347534075124,33.84003823053635,34.052620618850376,34.281252181616054,34.525916831178954,34.78652073224032,35.062856356806314,35.35456916338165,35.661134904775864
1601.0,32.5221171181601,32.52990510306834,32.55327264894788,32.59223043472289,32.64679559481365,32.716990893907656,32.8028438403414,32.90438598493458,33.021652639524966,33.15468314946713,33.30352161306009,33.46821752100726,33.64882520294417,33.84540032846627,34.057991267310356,34.28662323277051,34.531274167959126,34.79184340364213,35.06811687226703,35.35973523293031,35.66617249503406
1602.0,32.527377400742246,32.5351662008613,32.55853615079577,32.597497811500084,32.65206814750397,32.722269739264604,32.808129943210474,32.90968023647576,33.02695596331971,33.15999659126255,33.30884633668322,33.47355460161837,33.654175097323595,33.85076193537177,34.06336059035861,34.29199182292763,34.53662771182786,34.79716095541691,35.07337120696709,35.36489457318206,35.671203472141045
1603.0,32.532638232718455,32.540427838639964,32.56380016603279,32.60276566272017,32.657341130987334,32.72754897660099,32.8134164136553,32.91497485193583,33.03225966625201,33.16531042988088,33.314171440237,33.47889195041379,33.659524975249155,33.85612299003044,34.06872852546119,34.297357905265386,34.54197744978401,34.80247342056064,35.078619439754846,35.370047294168785,35.67622795203715
1604.0,32.5378996077818,32.545690010467055,32.5690646898105,32.60803398526568,32.662614544336336,32.73282860727103,32.81870325476086,32.920269834603445,33.0375637490338,33.17062465943355,33.319496906573775,33.48422953515132,33.66487478859888,33.86148343303088,34.07409501303653,34.30272143628422,34.547323371289934,34.80778083249478,35.08386164736845,35.37519350183471,35.68124604604101
1605.0,32.543161519874445,32.550952710649696,32.57432971750763,32.61330277620656,32.66788838673275,32.73810863260293,32.82399046938099,32.92556518726927,33.042868211602254,33.17593927308124,33.324822717680945,33.48956732322389,33.67022448983782,33.86684320676259,34.07945999633462,34.30808237559769,34.55266546805847,34.8130832249604,35.08909790450877,35.380333298267814,35.68625786113085
1606.0,32.548423963184355,32.55621593373545,32.5795952447239,32.61857203279038,32.67316265745345,32.74338905388141,32.82927806012133,32.93086091221793,33.04817305313219,33.181254263077314,33.33014885475558,33.49490528174645,33.67557403207692,33.872202255399344,34.08482342131865,34.31344068573691,34.55800373385887,34.818380631925606,35.094328283910514,35.38546678191405,35.69126350020295
1607.0,32.553686932141616,32.56147967450786,32.58486126727331,32.62384175243214,32.67843735585633,32.748669872330744,32.834566029323994,32.93615701122219,33.053478272050675,33.18656962081167,33.33547529827624,33.50024337763607,33.6809233691233,33.877560524877026,34.09018523654984,34.31879633196772,34.56333816434006,34.82367308750477,35.0995528564112,35.39059404777561,35.696263062309825
1608.0,32.55895042141415,32.56674392798142,32.590127781176996,32.62911193270389,32.683712481366186,32.753951089098685,32.83985437905369,32.94145348553935,33.05878386605371,33.19188533685504,33.34080202807182,33.50558157768544,33.686272455522555,33.88291796286689,34.09554539307548,34.32414928211995,34.56866875686965,34.82896062588796,35.104771691018094,35.39571518759513,35.70125664287977
1609.0,32.56421442590299,32.57200868939615,32.59539478265568,32.634382571324004,32.68898803346084,32.75923270524094,32.84514311108536,32.94675033590963,33.06408983212462,33.197201401003156,33.34612902338722,33.51091984863009,33.69162124659419,33.88827451874529,34.100903844320676,34.32949950642793,34.57399551038688,34.83424328127938,35.109984854972865,35.40083029002664,35.70624433391989
1610.0,32.56947894073708,32.57727395421165,32.60066226812171,32.63965366614631,32.6942640116574,32.764514721706625,32.85043222689329,32.952047562556565,33.06939616655388,33.202517802320656,33.35145626294583,33.516258157209805,33.69696969846048,33.89363014356026,34.10626054598373,34.33484697738145,34.57931842526841,34.8395210878437,35.115192413813965,35.405939440794796,35.71122622420395
1611.0,32.57474396126754,32.582539718100705,32.60593023417071,32.64492521514907,32.69954041549881,32.769797139324396,32.85572172764169,32.95734516518909,33.07470286496016,33.20783452918445,33.35678372500894,33.52159647022453,33.702317768069804,33.89898478999589,34.11161545593542,34.34019166958658,34.584637503205606,34.844794079659316,35.1203944314368,35.41104272284309,35.716202399446516
1612.0,32.580009483061524,32.58780597694247,32.61119867757299,32.65019721642384,32.70481724454063,32.775079958789554,32.861011614176796,32.962643143005224,33.08000992231238,33.213151569326385,33.362111387431874,33.52693475458507,33.707665413214926,33.90433841233485,34.11696853412213,34.34553355963549,34.58995274709231,34.85006229067764,35.12559097015162,35.41614021647226,35.72117294246475
1613.0,32.58527550189558,32.593072726815265,32.61646759526462,32.655469668164315,32.71009449833825,32.78036318065203,32.86630188702017,32.96794149469729,33.085317332952535,33.21846890987499,33.36743922771704,33.53227297735894,33.71301259254668,33.90969096641952,34.12231974247279,34.35087262598492,34.595264160922106,34.85532575468783,35.13078209073919,35.4212319994694,35.72613793332857
1614.0,32.59054201374873,32.59833996398897,32.62173698433818,32.66074256865511,32.71537217643445,32.78564680530513,32.87159254636341,32.9732402184584,33.09062509061909,33.22378653739624,33.37276722306391,33.537611105811806,33.71835926558368,33.915042409612234,34.12766904480971,34.35620884884246,34.60057174969414,34.8605845052862,35.135967852504294,35.42631814722889,35.7310974495008
1615.0,32.59580901479496,32.60360768491705,32.62700684203337,32.66601591626064,32.7206502783474,32.79093083297536,32.876883592064104,32.97853931199019,33.095933188470894,33.2291044379332,33.37809535041597,33.54294910744465,33.72370539271847,33.92039270075488,34.13301640676306,34.361542210060236,34.60587551932683,34.865838575849835,35.14114831332714,35.431398732865404,35.73605156596754
1616.0,32.60107650139548,32.60887588622829,32.63227716572747,32.67128970941402,32.72592880355905,32.796215263712995,32.882175023642986,32.983838772511575,33.10124161911119,33.2344225970444,33.38342358650484,33.548286950027084,33.72905093522059,33.92574180012817,34.1383617956892,34.36687269303547,34.61117547657868,34.871087999513854,35.14632352971268,35.436473827319965,35.74100035535996
1617.0,32.60634447009066,32.614144564718245,32.63754795292555,32.67656394660615,32.73120775150415,32.801500097383574,32.88746684028214,32.9891385967685,33.106550374611956,33.23974099984103,33.38875190789152,33.55362460162708,33.73439585523679,33.931089669410866,34.1437051805924,34.37220028261739,34.61647162897553,34.876332809151904,35.151493556837956,35.4415434994594,35.745943888068176
1618.0,32.611612917591586,32.61941371734041,32.642819201250646,32.68183862637486,32.73648712155965,32.806785333660294,32.8927590408243,32.99443878104444,33.111859446538126,33.245059631022755,33.39408029100498,33.55896203063736,33.73974011578885,33.93643627163904,34.14904653205018,34.37752496502017,34.621763984743815,34.88157303735958,35.15665844859755,35.446607816169745,35.75088223234772
1619.0,32.61688184077137,32.624683341197155,32.648090908433836,32.68711374729432,32.7417669130346,32.812070972017146,32.89805162377316,32.99973932117165,33.117168825971724,33.25037847491214,33.39940871217811,33.56429920579877,33.74508368076924,33.94178157116572,34.15438582214193,34.38284672774132,34.62705255274907,34.886808716440335,35.16181825764711,35.45166684244408,35.755815454419285
1620.0,32.62215123665625,32.62995343353051,32.65336307230429,32.692389307964596,32.74704712516073,32.817357011723004,32.90334458729452,33.005040212543115,33.12247850353585,33.2556975154878,33.404737147681224,33.56963609622071,33.75042651493501,33.94712553362091,34.15972302438085,34.38816555948526,34.6323373424395,34.892039878393675,35.1669730354452,35.456720641465104,35.76074361856232
1621.0,32.62742110241645,32.635223991712806,32.658635690779306,32.69766530700154,32.75232775708338,32.82264345183637,32.908637929218294,33.01034145012476,33.127788469418334,33.261016736416096,33.41006557375324,33.574972671399095,33.75576858389996,33.9524681258722,34.165058113648904,34.39348145009179,34.63761836379394,34.8972665549063,35.17212283525185,35.46177014004342,35.76571962860038
1622.0,32.6326914353569,32.640495013237086,32.66390876185439,32.70294174302681,32.75760880785312,32.82793029120097,32.913931647041345,33.01564302846839,33.13309871339509,33.26633612108144,33.415393966630546,33.58030890123186,33.761109854125486,33.95780931598601,34.170391066134876,34.39879439046896,34.64289562729875,34.90248878176311,35.17726803586003,35.46682429167314,35.77076045142737
1623.0,32.63796223290777,32.64576649570758,32.66918228359336,32.708218614658314,32.76289027641782,32.833217528442056,32.91922573793094,33.02094494172469,33.13840922485302,33.27165565261527,33.42072230257378,33.58564475603226,33.76645029291016,33.963149073189555,34.17572185927539,34.40410437255529,34.64816914588818,34.90770667562385,35.18241030680293,35.47189076779845,35.77583737465909
1624.0,32.643233492614975,32.65103843683001,32.67445625411858,32.71349592050082,32.76817216161535,32.838505161963376,32.9245201987289,33.02624718365668,33.14371999281241,33.276975313923714,33.426050557892545,33.590980206540245,33.77178986837842,33.96848736783381,34.181050471711124,34.409411389876844,34.65343895129889,34.91292060079798,35.187551956790195,35.47697137081291,35.78094125215317
1625.0,32.64850521213052,32.65631083440192,32.67973067160131,32.71877365913702,32.77345446216667,32.84379318994484,32.92981502595635,33.03154974765325,33.14903100594894,33.282295087713756,33.43137870896828,33.5963152239319,33.777128549468344,33.973824171361635,34.18637688339858,34.414715441018075,34.65870512880163,34.91813118309198,35.19269494013327,35.48206596151286,35.78606722597281
1626.0,32.65377738920286,32.661583686303004,32.68500553425211,32.72405182911887,32.77873717666961,32.849081610340846,32.9351102158189,33.03685262674286,33.15434225261506,33.2876149565183,33.43670673227525,33.6016497798273,33.78246630592011,33.97915945631436,34.191701076342376,34.42001653746773,34.66396784183174,34.923339181590826,35.1978406593655,35.48717388518183,35.79121214187415
1627.0,32.65905002166726,32.666856990485506,32.690280840311566,32.729330428959216,32.784020303593074,32.854370420879086,32.94040576421242,33.042155813607295,33.15965372086075,33.292934902719836,33.44203460439989,33.60698384629722,33.787803108272975,33.984493196476784,34.19702303641147,34.42531471271868,34.66922733007008,34.92854536814149,35.20299006595527,35.49229438139625,35.79637373954307
1628.0,32.664323107436175,32.67213074496461,32.69555658804102,32.734609457123874,32.78930384127176,32.859659619060025,32.94570166672909,33.04745930059543,33.164965398453774,33.29825490857294,33.44736230205866,33.612317395870605,33.79313892789332,33.98982536729331,34.20234275605696,34.43061002828683,34.67448389010863,34.93375045935638,35.20814379004887,35.49742670788881,35.80155029934872
1629.0,32.669596644489616,32.677404947809016,32.70083277571369,32.73988891202403,32.7945877879014,32.86494920215689,32.95099791866394,33.05276307973694,33.17027727289926,33.30357495622551,33.45268980211488,33.617650401548325,33.79847373707043,33.995155946611355,34.20766023716809,34.43590257500572,34.679737851944,34.93895508913272,35.21330224072959,35.50257017720421,35.806740458630294
1630.0,32.674870630865676,32.68267959713151,32.706109401605865,32.74516879200895,32.79987214153444,32.87023916721605,32.95629451502158,33.05806714275602,33.17558933145872,33.30889502773907,33.458017081596005,33.62298283683289,33.80380750921245,34.000484915671194,34.212975493302636,34.44119247043705,34.68498955863791,34.94415980356523,35.21846567553597,35.50772416430484,35.811943105090535
1631.0,32.680145064651164,32.68795469107986,32.71138646398841,32.75044909535915,32.805156900076256,32.87552951105798,32.96159145052336,33.06337148108484,33.18090156116836,33.31421510510836,33.463344117713895,33.62831467578617,33.80914021915198,34.005812260169996,34.21828855089449,34.44647985406718,34.69023935133895,34.94936506624066,35.22363424746141,35.512888104206255,35.817157310023745
1632.0,32.68541994397228,32.693230227827655,32.71666396111852,32.755729820279875,32.8104420612817,32.880820230278516,32.96688871961456,33.068676085877016,33.186213948856974,33.31953517028093,33.46867088789199,33.63364589312481,33.81447184354063,34.01113797122163,34.22359944941605,34.45176488174487,34.69548755936217,34.954571267461915,35.22880803676192,35.51806148645425,35.82238228404784
1633.0,32.69069526698552,32.69850620556552,32.72194189123175,32.761010964894986,32.81572762275221,32.88611132125068,32.972186316471934,33.073980948020825,33.191526481163386,33.32485520517797,33.47399736980355,33.6389764643567,33.81980236129056,34.01646204608453,34.228908240694146,34.457047720297844,34.700734494229295,34.95977873428077,35.233987072702085,35.523243848981544,35.82761734643167
1634.0,32.69597103186877,32.703782622492426,32.727220252534295,32.76629252724115,32.82101358193328,32.89140278012664,32.97748423501136,33.07928605815232,33.196839144553934,33.330175191717814,33.479323541424606,33.6443063659544,33.82513175401421,34.02178448859905,34.23421498765163,34.462328542807874,34.705980446534774,34.964987739967505,35.23917134861557,35.528434772277336,35.832861903077536
1635.0,32.7012472368125,32.709059476807234,32.73249904319556,32.77157450526246,32.82629993611224,32.89669460284024,32.98278246889561,33.08459140666841,33.20215192534037,33.33549511184382,33.48464938110334,33.64963557555487,33.83046000641892,34.027105309332775,34.23951976272999,34.46760752471775,34.71122568471345,34.97019851240623,35.24436083247339,35.53363387417293,35.83811543025144
1636.0,32.70652388001124,32.714336766700505,32.73777826134105,32.77685689680538,32.83158668241659,32.90198678510958,32.98808101154225,33.08989698373996,33.20746480969883,33.34081494755811,33.48997486764575,33.65496407217156,33.83578710662598,34.0324245254691,34.24482264619352,34.47288484076864,34.716470455029004,34.97541124130651,35.24955547439133,35.53884080529688,35.84337746226622
1637.0,32.7118009596553,32.71961449034652,32.74305790504556,32.782139699614056,32.83687381781256,32.90727932244014,32.993379856131746,33.09520277932521,33.212777783690576,33.34613468096221,33.49529998041486,33.66029183640417,33.84111304639701,34.037742160492215,34.25012372445543,34.478160662682605,34.72171498230846,34.98062608429634,35.254755212021394,35.54405524515743,35.848647581963114
1638.0,32.717078473922655,32.72489264589559,32.74833797232664,32.78742291132599,32.84216133910406,32.912572210127976,32.99867899561572,33.100508783183656,33.218090833285196,33.351454294304844,33.5006246994399,33.66561885063295,33.846437821263294,34.04305824372525,34.25542308851352,34.48343515747401,34.7269594711028,34.985843172026115,35.25995997446,35.54927689877894,35.85392541322512
1639.0,32.722356420971124,32.73017123146663,32.75361846113839,32.792706529468,32.847449242931965,32.91786544326332,33.003978422725496,33.105814984890756,33.22340394438673,33.35677377003675,33.505949005530304,33.670945099187584,33.85176143056284,34.0483728097735,34.26072083254315,34.48870848627137,34.73220410706352,34.99106261242773,35.26516968510268,35.55450549381457,35.85921061499726
1640.0,32.72763479893087,32.735450245139965,32.75889936936554,32.7979905514526,32.85273752577374,32.92315901673435,33.00927812998096,33.11112137385383,33.22871710286312,33.36209309087116,33.51127288038957,33.67627056848389,33.85708387739538,34.053685897917006,34.26601705266775,34.49398080354215,34.737449058400685,34.99628449426463,35.270384263741555,35.559740778063265,35.86450287644562
1641.0,32.73291360589701,32.74072968495049,32.76418069481791,32.80327497457463,32.85802618394337,32.92845292523139,33.01457810969998,33.11642793932922,33.23403029457912,33.367412239848896,33.51659630672451,33.681595247124946,33.86240516850903,34.058997551486456,34.271311845908635,34.49925225662873,34.74269447733857,35.0015088900925,35.27560362811286,35.56498251732808,35.869801912991605
1642.0,32.738192839922704,32.746009548881084,32.76946243522509,32.808559796008254,32.86331521359156,32.93374716325134,33.019878354008476,33.12173467044116,33.23934350543234,33.372731200405916,33.52191926834575,33.6869191259658,33.86772531413263,34.06430781724814,34.27660530930534,34.504522985520424,34.74794050151882,35.00673585873263,35.28082769504083,35.57023049356222,35.87510746302823
1643.0,32.743472499012405,32.75128983485631,32.7747445882315,32.81384501280429,32.86860461070638,32.93904172510253,33.02517885485112,33.12704155620229,33.24465672139225,33.37804995644166,33.52724175025648,33.69224219814331,33.87304432776794,34.069616744815534,34.28189753919152,34.50979312280114,34.75318725532312,35.011965447342774,35.28605638128303,35.575484503258096,35.88041928517543
1644.0,32.74875258111542,32.75657054073645,32.78002715139176,32.819130621887844,32.8738943711141,32.944336604910085,33.030479604003034,33.132348585536135,33.24996992854149,33.38336849238622,33.53256373872753,33.697564459073824,33.87836222595387,34.07492438609897,34.287188630609194,34.515062793725406,34.75843485110148,35.01719769315562,35.29128960415332,35.58074435604192,35.88573715596605
1645.0,32.754033084119776,32.76185166431178,32.78531012216628,32.82441662005621,32.87918449048048,32.949631796621716,33.03578059308245,33.137655747301025,33.25528311311866,33.388686793264725,33.5378852213575,33.70288590642241,33.88367902801375,34.08023079480031,34.292478676843274,34.52033211638602,34.763683390301246,35.0224326249424,35.296527281977696,35.58600987344289,35.891060867879744
1646.0,32.75931400584644,32.76713320329725,32.790593497917335,32.82970300397726,32.88447496431243,32.95492729401416,33.04108181356435,33.142963030315876,33.26059626156207,33.394004844757475,33.54320618711737,33.70820654004791,33.888994755794464,34.0855360259553,34.297767769059305,34.525601201945,34.76893296449771,35.027670264248634,35.30176933442449,35.59128088781102,35.896390227660724
1647.0,32.76459534404372,32.77241515532734,32.79587727590528,32.83498977018798,32.889765787960044,32.960223090700154,33.046383256795224,33.14827042338721,33.265909360553486,33.39932263325463,33.54852662638024,33.71352636192798,33.894309433404544,34.090840135524516,34.303055996028526,34.53087015490642,34.77418365633005,35.03291062644069,35.30701568273912,35.596557241362035,35.90172505486888
1648.0,32.76987709638211,32.77769751795133,32.801161453285204,32.84027691509349,32.89505695661907,32.9655191801362,33.05168491400887,33.15357791533721,33.2712223970611,33.40464014590466,33.553846530936426,33.71884537606821,33.899623086956844,34.09614318003141,34.308343443926084,34.53613907341497,34.77943554034874,35.0381537215945,35.312266249906564,35.6018387853316,35.90706518062458
1649.0,32.77515926044934,32.782980288628856,32.80644602710383,32.84556443496634,32.90034846533394,32.970815555630935,33.056986776343145,33.15888549503258,33.276535358381196,33.409957370656116,33.55916589399536,33.72416358839916,33.90493574431991,34.10144521624522,34.3136301961901,34.541408049568204,34.78468868378074,35.043399555252535,35.317520960758635,35.60712537922351,35.91241044651534
1650.0,32.78044183374579,32.78826346472574,32.81173099429683,32.85085232594626,32.905640309001186,32.97611221035433,33.06228883485766,33.16419315141377,33.281848232177644,33.415274296292075,33.56448471017529,33.72948100666481,33.91024743488089,34.106746300905534,34.31891633343066,34.54667716973353,34.78994314721975,35.04864812907013,35.322779742039444,35.61241689013937,35.917760703638606
1651.0,32.785724813680154,32.79354704351017,32.817016351686384,32.85614058404026,32.91093248237344,32.9814091373475,33.06759108055227,33.16950087352429,33.28716100651899,33.42059091245765,33.56980297548241,33.7347976403053,33.91555818932209,34.11204649048523,34.32420193337976,34.55194651486355,34.79519898524815,35.05389944136891,35.32804252243878,35.61771319217896,35.92311581175969
1652.0,32.79100819756554,32.79883102214923,32.822302095979154,32.86142920512314,32.91622498006397,32.98670632953327,33.07289350438611,33.17480865053961,33.29247366991244,33.4259072096803,33.575120687280695,33.74011350033656,33.92086803941234,34.11734584098812,34.32948707087426,34.55721616080511,34.800456246997285,35.05915348761178,35.33330923260142,35.623014165902205,35.92847563856807
1653.0,32.79629198261575,32.80411539770567,32.8275882237646,32.86671818493845,32.92151779655177,32.992003779727426,33.0781960972972,33.180116471795486,33.29778621133465,33.431223179383366,33.58043784425397,33.74542859922903,33.926177017813615,34.12264440777784,34.334771817865416,34.56248617859887,34.80571497665216,35.06441026081145,35.338579805118115,35.628319697845136,35.93384005901749
1654.0,32.801576165941974,32.809400167135124,32.83287473151365,32.87200751909989,32.92681092618716,32.997301480650535,33.08349885022233,33.18542432681538,33.30309862025912,33.43653881389336,33.58575444636151,33.750742950787114,33.931485157903296,34.127942245434625,34.34005624344942,34.56775663476733,34.8109752139062,35.06966975188262,35.34385417450279,35.633629680083104,35.939208954738675
1655.0,32.80686074454983,32.81468532728359,32.83816161557776,32.87729720309311,32.93210436319805,33.00259942494032,33.08880175411695,33.19073220533654,33.30841088667977,33.44185410644108,33.59107049478856,33.75605657003094,33.93679249361172,34.13323940763671,34.3453404139145,34.57302759158985,34.8162369943711,35.07493194994634,35.34913227715966,35.63894400983566,35.94458221351426
1656.0,32.812145715336634,32.81997087488528,32.84344887218838,32.88258723227812,32.937398101696594,33.00789760516453,33.09410479997524,33.196040097334865,33.31372300113113,33.44716905115751,33.59638599189277,33.76136947308135,33.94209905927443,34.13853594706352,34.350624392800725,34.578299107364025,34.8215003499466,35.08019684259319,35.354414051343,35.64426258910828,35.949959728808366
1657.0,32.81743107508918,32.82525680656087,32.8487364974568,32.88787760189196,32.942692135686436,33.01319601383413,33.0994079788497,33.201347993047946,33.31903495470473,33.452483643064724,33.6017009411478,33.766681677049135,33.94740488949872,34.143831915317854,34.35590824096936,34.58357123665315,34.82676530915413,35.08546441611164,35.359699437111495,35.6495853243667,35.955341399343276
1658.0,32.82271682048171,32.83054311881605,32.85402448737442,32.89316830705201,32.947986459070414,33.01849464341683,33.104711281870486,33.20665588299652,33.32434673906213,33.457797878062486,33.607015347084875,33.77199319992896,33.95271001904351,34.14912736286478,34.36119201667939,34.58884403051958,34.83203189743831,35.09073465568618,35.364988376279136,35.6549121262401,35.96072712871785
1659.0,32.8280029480744,32.835829808040536,32.8593128378134,32.89845934275967,32.953281065658736,33.023793486350776,33.11001470026428,33.21196375800399,33.329658346444454,33.463111752911104,33.61232921523319,33.77730406049853,33.95801448271183,34.154422338984865,34.366475775668846,34.59411753674452,34.83730013743945,35.0960075455697,35.37028081236373,35.660242909250314,35.96611682506224
1660.0,32.83328945431207,32.841116870507385,32.864601544527815,32.90375070390451,32.95857594917745,33.02909253505835,33.11531822537232,33.21727160921406,33.33496976967882,33.46842526521091,33.617642552059856,33.78261427822323,33.96331831525504,34.15971689173998,34.37175957123953,34.59939180003437,34.842570049240145,35.101283069233475,35.37557669053416,35.665577591563846,35.971510400724796
1661.0,32.83857633552347,32.84640430237276,32.86989060315515,32.90904238526883,32.96387110327744,33.03439178195998,33.12062184866786,33.22257942810641,33.34028100218164,33.473738413379166,33.62295536490988,33.78792387316635,33.96862155128782,34.16501106794977,34.377043454343514,34.604666862214366,34.84784165058867,35.10656120949796,35.38087595755703,35.67091609476475,35.976907771987484
1662.0,32.84386358792071,32.85169209967609,32.87518000921822,32.91433438153271,32.96916652154348,33.03969121948785,33.12592556177262,33.22788720651039,33.345592037959236,33.479051196624496,33.62826766194692,33.79323286590496,33.97392422521318,34.17030491317745,34.38232747367045,34.609942762409936,34.85311495710147,35.111841948646855,35.38617856174347,35.67625834364588,35.98230885880654
1663.0,32.849151207599334,32.85698025834061,32.880469758127546,32.91962668727936,32.97446219750377,33.044990840099416,33.131229356472375,33.23319493661684,33.350902871605804,33.4843636149196,33.63357945209501,33.798541277451385,33.979226371156685,34.17559847172341,34.387611675734725,34.61521953721641,34.85838998244694,35.11712526852668,35.39148445289635,35.68160426601688,35.98771358457556
1664.0,32.85443919053862,32.86226877417432,32.88575984518417,32.92491929700089,32.97975812463947,33.05029063629068,33.136533224731494,33.23850261098795,33.3562134982991,33.489675668972474,33.63889074498162,33.80384912918015,33.98452802290885,34.18089178662548,34.39289610496185,34.620497220857835,34.86366673851233,35.12241115063379,35.39679358225841,35.68695379252727,35.99312187590877
1665.0,32.85972753260236,32.86755764287136,32.89105026558275,32.930212205104404,32.98505429639442,33.055590600609236,33.141837158706444,33.24381022256532,33.36152391379391,33.49498736019649,33.64420155088246,33.8091564427603,33.98982921387537,34.186184899664916,34.3981808037734,34.625775845335326,34.86894523555552,35.127699576190466,35.402105902461486,35.69230685650296,35.99853366244219
1666.0,32.86501622954006,32.8728468600138,32.89634101441517,32.9355054059184,32.99035070618504,33.06089072566673,33.1471411507582,33.249117764676235,33.36683411441376,33.50029869067976,33.649511880668115,33.81446324009279,33.995129977034026,34.19147785137711,34.40346581267026,34.63105544056581,34.874225482343164,35.13299052621133,35.40742136747698,35.69766339379523,36.003948876650995
1667.0,32.870305276988454,32.8781364210738,32.90163208667446,32.94079889369942,32.995647347410035,33.066191004151015,33.15244519346364,33.25442523103828,33.37214409704086,33.50560966315405,33.65482174575266,33.819769543252875,34.00043034489802,34.19677068106621,34.408751170313685,34.63633603451156,34.87950748627646,35.138283981561514,35.41273993256775,35.70302334264082,36.009367453681335
1668.0,32.875594670473575,32.88342632141615,32.906923477259085,32.946092662638975,33.00094421346025,33.0714914288378,33.15774927962565,33.25973261576238,33.377453859104634,33.51092028096337,33.660131158044486,33.82507537443711,34.005730349484786,34.20206342682308,34.41403691360401,34.64161765330123,34.884791253505874,35.14357992300743,35.4180615542416,35.70838664353207,36.01478933119525
1669.0,32.88088440541305,32.88871655630129,32.91221518097753,32.95138670687063,33.00624129772838,33.07679199260172,33.16305340228236,33.265039913354286,33.382763398569,33.51623054803267,33.66544012989921,33.83038075591485,34.011030022289894,34.20735612554584,34.41932307775696,34.64690032134298,34.89007678903585,35.14887833126121,35.42338619020617,35.713753239096505,36.02021444922747
1670.0,32.88617447711892,32.89400712088857,32.91750719255328,32.95668102047727,33.01153859361853,33.082092688426826,33.16835755471512,33.27034711871482,33.388072713918525,33.52154046883662,33.67074867407495,33.83568570998388,34.016329394265576,34.21264881296264,34.424609696377175,34.65218406143002,34.89536409682035,35.15417918701947,35.428713799325514,35.719123073984655,36.025642750052846
1671.0,32.89146488080072,32.89929801023996,32.92279950662999,32.96197559749849,33.01683609455567,33.0873935094165,33.173661730455514,33.275654227138645,33.393381804143786,33.52685004836883,33.676056803689804,33.84099025893001,34.02162849580322,34.2179415236561,34.42989680152923,34.65746889483935,34.90065317985035,35.15948247099712,35.43404434157819,35.724496094765655,36.031074178063655
1672.0,32.89675561156906,32.9045892193241,32.92809211777702,32.967270431938076,33.022133793994776,33.09269444880278,33.1789659232913,33.28096123431203,33.398690668725884,33.53215929211151,33.6813645321815,33.84629442499039,34.02692735671956,34.2232342910891,34.43518442380577,34.66275484142396,34.90594404023372,35.164788163956885,35.43937777801702,35.72987224982996,36.036508679655505
1673.0,32.90204666443944,32.909880743020615,32.9333850204951,32.972565517771564,33.027431685429875,33.09799549995501,33.18427012727141,33.28626813630944,33.40399930762043,33.53746820600572,33.68667187326947,33.85159823032022,34.03222600624611,34.2285271476315,34.44047259239308,34.66804191969904,34.91123667926844,35.1700962467349,35.44471407073029,35.73525148929843,36.041946203121476
1674.0,32.907338034336405,32.91517257612476,32.93867820922228,32.977860848953796,33.032729762402695,33.10329665638782,33.189574336709924,33.29157492958921,33.40930772124111,33.54277679642239,33.69197884091884,33.85690169696274,34.03752447302137,34.23382012458774,34.44576133513387,34.67333014692251,34.91653109750978,35.17540670026305,35.45005318280456,35.74063376493737,36.04738669855366
1675.0,32.91262971609808,32.92046471335241,32.943971678340084,32.98315641942644,33.0380280185111,33.10859791176856,33.19487854618921,33.2968816109883,33.414615910442855,33.54808507013406,33.69728544930683,33.86220484682209,34.04282278508579,34.23911325222465,34.451050678587464,34.678619539170406,34.92182729483171,35.18071950558824,35.45539507828891,35.7460190300791,36.05283011775121
1676.0,32.91792170448099,32.925757149345216,32.94926542217971,32.98845222312558,33.04332644741715,33.11389925992407,33.20018275056217,33.302188177716324,33.41992387650483,33.5533930342875,33.70259171279094,33.86750770163913,34.04812096987879,34.244406559799785,34.45634064808745,34.68391011140738,34.92712527048346,35.18603464388907,35.46073972216063,35.75140723954748,36.058276414134724
1677.0,32.923213994165046,32.931049878676035,32.954559435028436,32.99374825398911,33.04862504285487,33.119200694846704,33.20548694495369,33.30749462734883,33.425231621113355,33.55870069637723,33.707897645879314,33.872810282969624,34.053419054237885,34.24970007558968,34.46163126779663,34.68920187755259,34.932425023141306,35.191352096490206,35.466087080292375,35.75679834958806,36.06372554266617
1678.0,32.92850657975891,32.9363428958546,32.9598537111362,32.99904450596413,33.05392379863763,33.124502210699944,33.21079112476132,33.31280095782,33.43053914634469,33.56400806421989,33.713203263202985,33.87811261216498,34.058717064399595,34.254993826918124,34.466922560759755,34.69449485054152,34.937726550956285,35.19667184487464,35.47143711942051,35.762192317802565,36.0691774597741
1679.0,32.9337994558055,32.941636195333324,32.96514824472203,33.004340973014195,33.05922270866521,33.12980380182321,33.216095285655214,33.31810716741484,33.435846454648015,33.56931514592966,33.71850857948992,33.883414710355076,34.064015026001755,34.26028784018421,34.472214548953744,34.69978904238369,34.94302985159794,35.20199387069422,35.47678980711491,35.76758910308732,36.07463212328352
1680.0,32.93909261678773,32.94692977151333,32.970443029980814,33.00963764912639,33.06452176693038,33.135105462736206,33.22139942357751,33.323413254760865,33.44115354882834,33.5746219498946,33.723813609540876,33.888716598433135,34.06931296408733,34.26558214089019,34.47750725333561,34.705084464216945,34.94833492229474,35.207318155778474,35.48214511174998,35.77298866557526,36.08008949235023
1681.0,32.944386057134416,32.95222361875054,32.97573806108982,33.014934528318314,33.069820967525295,33.14040718814265,33.22670353474095,33.32871921881953,33.44646043202981,33.57992848475395,33.72911836820686,33.894018297042464,34.07461090310929,34.2708767536688,34.48280069388833,34.710381126358065,34.95364175987112,35.212644682142894,35.48750300480335,35.77839164710764,36.08559108228463
1682.0,32.94967977122629,32.95751773136193,32.981033332215404,33.020231604644884,33.07512030464727,33.14570897293347,33.23200761562707,33.334025058877145,33.451767107719114,33.58523475937645,33.73442287036833,33.89931982656493,34.07990886693653,34.27617170231033,34.48809488966441,34.71567903835048,34.95895036080122,35.2179734354703,35.492863715384004,35.783805004207395,36.09115014992042
1683.0,32.95497375340224,32.96281210363187,32.98632883751963,33.025528872204845,33.0804197726044,33.15101081218946,33.23731166298381,33.339330774535725,33.45707357966918,33.59054078283955,33.7397271309157,33.90462120711095,34.08520687886067,34.28146700978905,34.493389858827726,34.7209782090286,34.964260722800994,35.22330446549884,35.49822848922413,35.78923468751607,36.09674403204075
1684.0,32.960267997965545,32.96810672981849,32.99162457116682,33.0308263251472,33.08571936582063,33.15631270118345,33.242615673822684,33.34463636570355,33.46237985194325,33.59584656440964,33.74503116473153,33.90992245851094,34.09050496160357,34.28676269828931,34.49868561870303,34.72627864704424,34.96957285775064,35.228638017183194,35.50359907623208,35.79468203444361,36.10236545485297
1685.0,32.965562499190185,32.97340160416012,32.99692052733006,33.036123957677376,33.09101907884053,33.16161463538202,33.24791964541546,33.349941832585564,33.46768592887919,33.60115211352324,33.750334986673856,33.91522360030814,34.09580313732559,34.29205878923446,34.50398218594396,34.73158036367897,34.974886819064125,35.23397454159049,35.508976949087284,35.800146857656394,36.10801051912003
1686.0,32.97085725132728,32.9786967208817,33.002216700197664,33.04142176406311,33.09631890633367,33.166916610446684,33.25322357529056,33.35524717567372,33.472991815074344,33.60645743976897,33.75563861156097,33.92052465175256,34.10110142763536,34.29735530334472,34.50927957718526,34.73688337909203,34.98020272111088,35.239314595073004,35.51436314797104,35.80562856647435,36.11367666758293
1687.0,32.97615224861151,32.98399207420126,33.007513083979475,33.046719738640206,33.10161884309862,33.17221862223473,33.25852746122903,33.36055239573724,33.478297515370635,33.61176255287059,33.760942054157326,33.925825631796435,34.10639985360722,34.30265226080251,34.51457781054385,34.74218772954954,34.98552073775453,35.2446587444963,35.519758359722005,35.81112648906306,36.1193620480656
1688.0,32.98144748526754,32.989287658336295,33.012809672913036,33.05201787581796,33.106918884066644,33.17752066679961,33.26383130126025,33.36585749381285,33.483603034840165,33.61706746267085,33.766245329160704,33.93112655909231,34.11169843582384,34.30794968162973,34.51987690782541,34.747493472226544,34.990841087192585,35.25000751376827,35.525163019822536,35.81663996976313,36.125065235593
1689.0,32.986742955516384,32.99458346751009,33.01810646126974,33.05731617008435,33.11221902430498,33.18282274039099,33.26913509365737,33.37116247119504,33.48890837877118,33.62237217911618,33.77154845119087,33.93642745199799,34.11699719447259,34.31324758632095,34.52517689683653,34.752800686289646,34.99616401351168,35.255361362229046,35.5305773912008,35.8221683978427,36.13078508783617
1690.0,32.992038653581815,32.99987949595805,33.023403443360664,33.06261461601103,33.11751925901977,33.18812483945439,33.2744388369325,33.37646732942638,33.49421355265457,33.6276767122423,33.77685143478063,33.94172832859579,34.122296149521326,34.318545996668995,34.53047781320155,34.75810947092129,35.00148977073032,35.2607206806502,35.53600161885961,35.82771121340868,36.13652066119908
1691.0,32.997334573696655,33.005175737933904,33.02870061354239,33.067913208258,33.12281958355879,33.193426960630546,33.27974252983171,33.38177207028785,33.49951856217073,33.63298107216107,33.78215429437138,33.94702920673537,34.12759532098057,34.32384493664762,34.535779701372384,34.76341994159938,35.00681861105483,35.26608579539755,35.541435766798045,35.83326790548084,36.142271158235545
1692.0,33.00263071010902,33.01047218771576,33.0339979662226,33.07321194157802,33.12811999341364,33.19872910075444,33.285046171329846,33.38707669578934,33.50482341317706,33.63828526904888,33.78745704431571,33.95233010410765,34.132894729235986,34.32914443321062,34.541082614813284,34.76873222577684,35.01215077711028,35.27145697568331,35.546879842987714,35.83883800758544,36.148035892767595
1693.0,33.007927057088445,33.015768839612136,33.03929549586548,33.07851081082091,33.133420484221844,33.20403125685407,33.29034976062522,33.39238120816025,33.51012811169603,33.643589313137554,33.792759698890734,33.957631038352254,34.138194395417905,34.33444451690736,34.546386615517555,34.77404645869857,35.0174864972836,35.27683444145357,35.55233381643776,35.844421092864124,36.15381426569867
1694.0,33.01322360893193,33.0210656879678,33.04459319699697,33.08380981093732,33.13872105176855,33.20933342614892,33.29565329713417,33.39768560984033,33.51543266390431,33.64889321470891,33.7980622723244,33.9629320271952,34.143494341769426,34.33974522226842,34.55169177306982,34.77936277973345,35.02282598328679,35.28221837083242,35.55779762900383,35.85001676943175,36.159605747636576
1695.0,33.01852035996985,33.02636272716945,33.04989106420973,33.08910893698255,33.144021691987916,33.21463560604824,33.3009567804856,33.402989903470726,33.520737076123055,33.65419698409418,33.8033647788364,33.96823308860836,34.148794591979225,34.34504658796012,34.556998163455056,34.78468132935765,35.02816942921337,35.28760890672057,35.56327120366561,35.85562467622151,36.165409866039916
1696.0,33.02381730457168,33.0316599516513,33.05518909216807,33.094408184119885,33.14932240096431,33.21993779414906,33.30626021051533,33.40829409188549,33.52604135481006,33.65950063167934,33.808667232693196,33.97353424097949,34.15409517145464,34.35034865673611,34.5623058677724,34.79000224678856,35.03351701155311,35.29300616246287,35.56875445039863,35.861244479359186,36.171226195475754
1697.0,33.029114437151705,33.03695735590047,33.060487275612495,33.09970754762382,33.15462317493321,33.22523998823406,33.311563587260714,33.41359817810371,33.53134550655421,33.664804167917296,33.81396964827516,33.978835503281324,34.15939610752191,34.35565147522731,34.567614970963696,34.79532566820203,35.03886888979156,35.29841022663548,35.57424727038331,35.866875869033024,36.17705435008092
1698.0,33.03441175217442,33.04225493446221,33.06578560936419,33.10500702288298,33.15992401028184,33.230542186269275,33.316866910955085,33.41890216532239,33.536649538072744,33.67010760334688,33.81927204015268,33.98413689522926,34.16469742954982,34.36095509361523,34.57292556062635,34.800651725442194,35.04422520734316,35.30382116705522,35.57974955904866,35.872518556801644,36.1828939776237
1699.0,33.03970924415983,33.04755268194489,33.07108408832919,33.110306605402805,33.16522490354965,33.23584438640161,33.322170182022575,33.424206056910464,33.54195345621171,33.6754109486185,33.82457442316724,33.98943843741972,34.16999916900064,34.366259565229456,34.57823772594781,34.8059805451304,35.04958609265263,35.309239034124055,35.58526120828865,35.87817227327874,36.188744754752854
1700.0,33.04500690768859,33.052850593024914,33.076382707502354,33.11560629080803,33.17052585142847,33.2411465869564,33.32747340107318,33.42950985640402,33.54725726794999,33.68071421452558,33.82987681251354,33.99474015144373,34.17530135941628,34.37156494610401,34.58355155677775,34.81131224808906,35.05495166035899,35.314663863615785,35.590782108084234,35.88383676613761,36.19460638314475
1701.0,33.05030473740694,33.05814866245133,33.0816814619712,33.120906074844925,33.17582685076264,33.246448786434776,33.33277656889819,33.43481356750319,33.55256098040675,33.68601741204049,33.8351792238189,34.000042059973126,34.18060403635033,34.37687129451952,34.58886714283957,34.81664694900837,35.060322012456446,35.32009567899908,35.596312147693865,35.889511798386046,36.20047858634056
1702.0,33.05560272803143,33.06344688505028,33.08698034691943,33.126205953383305,33.181127898548795,33.25175098351123,33.338079686466344,33.4401171940707,33.55786460085232,33.69132055235362,33.840481673216715,34.00534418681857,34.18590723725723,34.38217867055137,34.5941845730742,34.82198475629686,35.06569723941285,35.3255344933771,35.60185121652751,35.895197146869464,36.20636110712222
1703.0,33.0609008743535,33.06874525572931,33.09227935763032,33.13150592241837,33.18642899193564,33.25705317703115,33.343382754920405,33.44542074013221,33.563168136722126,33.6966236469139,33.84578417741164,34.010646556960474,34.191211001349394,34.38748713563765,34.599503935104686,34.82732577206843,35.071077421223656,35.33098031111041,35.60739920478698,35.90089260096669,36.21225370531389
1704.0,33.066199171243774,33.07404376948134,33.097578489489784,33.136805978072296,33.19173012822364,33.2623553660086,33.34868577557483,33.45072420987861,33.56847159563325,33.70192670746953,33.85108675373471,34.01594919655504,34.196515369432085,34.392796752176054,34.60482531480794,34.832670092228796,35.07646262839064,35.33643312917848,35.612956003932084,35.90659796144915,36.218156155924106
1705.0,33.07149761365628,33.0793424213886,33.10287773798942,33.14210611659572,33.1970313048645,33.26765754962432,33.35398874991414,33.4560276076701,33.573774985402935,33.70722974610721,33.85638942018746,34.02125213291826,34.20182038372459,34.39810758315502,34.61014879597972,34.83801780663253,35.08185292282165,35.34189293832483,35.6185215070164,35.91231303947871,36.22406824756314
1706.0,33.07679619663232,33.08464120662621,33.10817709872916,33.14740633436901,33.20233251946081,33.272959727224055,33.35929167959235,33.461330938041975,33.57907831406855,33.71253277528895,33.861692195474625,34.02655539449102,34.20712608767459,34.40341969182158,34.615474460079334,34.843368999288444,35.0872483586521,35.34735972402307,35.624095608924925,35.91803765572407,36.229989781085166
1707.0,33.08209491530431,33.089940120465634,33.11347656741988,33.15270662790341,33.20763376976557,33.278261898317275,33.364594566433354,33.466634205711955,33.58438158990825,33.717835807885436,33.8669950990256,34.03185901078884,34.21243252577133,34.408733141386286,34.620802386041646,34.84872374859673,35.092648982991044,35.35283346729393,35.62967820653755,35.923771639578334,36.23592056841562
1708.0,33.087393764899204,33.09523915827792,33.11877613988573,33.15800699384213,33.21293505368189,33.28356406257635,33.36989741243234,33.47193741558883,33.589684821461766,33.72313885720523,33.87229815100517,34.03716301233914,34.21773974336209,34.41404799476423,34.62613265014546,34.854082127605004,35.09805483659704,35.35831414539831,35.635269198836305,35.929514828463894,36.24186043153212
1709.0,33.09269274074189,33.10053831553678,33.12407581206636,33.16330742896125,33.21823636926273,33.28886621983619,33.37520021975814,33.47724057278217,33.5949880175508,33.72844193701929,33.87760137231427,34.042467430609285,34.22304778647498,34.419364314350574,34.63146532592842,34.85944420427403,35.103465954488556,35.36380173242658,35.64086848697018,35.93526706721247,36.24780920157415
1710.0,33.09799183825836,33.105837587821384,33.12937558001892,33.168607930170644,33.22353771471082,33.29416837009442,33.38050299075657,33.482543682612736,33.6002911872984,33.733745061580656,33.88290478458168,34.04777229792779,34.2283567016505,34.42468216182788,34.63680048414016,34.86481004174609,35.10888236649476,35.369296199800964,35.64647597428738,35.94102820751036,36.253766718061065
1711.0,33.1032910529786,33.11113697081906,33.134675439920045,33.173908494514855,33.22883908837883,33.299470513512105,33.385805727954484,33.487846750623405,33.605594340146936,33.73904824563909,33.88820841014793,34.05307764740136,34.233666535783414,34.43000159800274,34.64213819272645,34.87017969861104,35.114304097752076,35.37479751670483,35.652091566343415,35.946798107400426,36.259732828201926
1712.0,33.10859038053936,33.11643646032783,33.139975388067576,33.17920911917396,33.23414048876961,33.304772650415,33.39110843406459,33.4931497825903,33.61089748587442,33.74435150445079,33.8935122720422,34.058383512829344,34.23897733597581,34.435322682669025,34.647478516838376,34.87555322916641,35.119731169151585,35.380305650450275,35.657715170890576,35.952576630833605,36.265707386283694
1713.0,33.1138898166868,33.12173605225871,33.145275420882264,33.184509801464465,33.23944191453688,33.31007478129531,33.396411111990865,33.49845278453388,33.616200634608745,33.74965485378334,33.89881639395359,34.06368992861762,34.24428914940192,34.44064547449477,34.65282151886135,34.88093068366926,35.125163597742215,35.38582056679357,35.663346697853726,35.958363647263866,36.271690253126614
1714.0,33.11918935727886,33.12703574263795,33.150575534909386,33.18981053884024,33.24474336448606,33.315376906813945,33.40171376483446,33.50375576272961,33.62150379683982,33.75495830991618,33.90412080019762,34.068996929693085,34.2496020231847,34.445970030930305,34.65816725845977,34.88631210857796,35.13060139709413,35.391342230206305,35.66898605929588,35.964159031281206,36.277681295597525
1715.0,33.1244889982876,33.13233552760905,33.15587572682026,33.19511132889356,33.25004483757539,33.32067902780325,33.40701639589981,33.509058723718184,33.626806983429276,33.760261889636865,33.90942551567908,34.07430455141986,34.25491600428404,34.45129640813502,34.66351579263375,34.891697546783035,35.13604457762645,35.396870604108855,35.67463316937642,35.96996266227849,36.28368038617338
1716.0,33.12978873580125,33.13763540343477,33.161175993413764,33.20041216935622,33.25534633291735,33.325981145270134,33.41231900870109,33.51436167431502,33.63211020561798,33.76556561023364,33.914730565851954,34.07961282951811,34.260231139396275,34.45662466092056,34.668867175785024,34.897087037826516,35.14149314690287,35.40240565107177,35.680287944303835,35.97577442414801,36.28968740254841
1717.0,33.135088566026276,33.142935366498946,33.1664763316178,33.205713058100734,33.26064784978037,33.33128326039949,33.41762160696861,33.51966462161893,33.637413475031096,33.77086948948447,33.920035976677404,34.084921799986176,34.26554747486442,34.46195484270823,34.674221459789536,34.90248061810957,35.14694710989862,35.40794733298951,35.68595030228507,35.98159420500448,36.29570222727937
1718.0,33.14038848528931,33.14823541330827,33.171776738490784,33.211013993141734,33.2659493875908,33.336585374557956,33.42292419465519,33.52496757301969,33.64271680368091,33.77617354564326,33.92534177458035,34.090231499026224,34.27086505659861,34.46728700549899,34.679578694074905,34.907878321088475,35.15240646924164,35.41349561123077,35.691620163472386,35.98742189693168,36.30172474746441
1719.0,33.145688490038935,33.15353554049398,33.177077211223086,33.21631497263747,33.27125094593508,33.34188748929787,33.42822677594233,33.530270536204654,33.64802020396738,33.78147779742339,33.93064798640539,34.09554196297415,34.27618393000599,34.472621199854,34.68493892570091,34.91328017745913,35.157871225430725,35.41905044676841,35.697297449908945,35.993257395750106,36.307754854451304
1720.0,33.15098857684743,33.15883574481358,33.18237774713861,33.22161599489138,33.2765525245622,33.34718960636136,33.43352935524616,33.53557351916416,33.653323688676636,33.78678226397907,33.935954639372554,34.10085322823359,34.28150413992956,34.47795747488447,34.69030219944198,34.91868621533057,35.16334137703284,35.42461180029195,35.70298208547374,35.99910060080346,36.313792443571856
1721.0,33.1562887424125,33.1641360231524,33.18767834369632,33.2269170583539,33.28185412338631,33.35249172768452,33.43883193722292,33.54087653019578,33.65862727097753,33.79208696488491,33.94126176103332,34.10616533121425,34.28682573059505,34.48329587824934,34.69566855787036,34.92409646038771,35.16881692086207,35.43017963230503,35.708673995826686,36.00495141476202,36.319837413899265
1722.0,33.161588983558886,33.16943637252527,33.19297899849183,33.23221816162438,33.28715574248951,33.35779385540159,33.44413452677412,33.546179577907374,33.66393096441636,33.797391920114,33.94656937922732,34.11147830827463,34.29214874556539,34.488636456159725,34.70103804143934,34.92951093604407,35.17429785214163,35.43575390320974,35.71437310835403,36.010809743441335,36.32588966802625
1723.0,33.16688929724001,33.174736790078086,33.19827970925909,33.2375193034531,33.292457382124795,33.36309599184911,33.44943712905102,33.55148267121897,33.66923478290987,33.80269715001491,33.95187752203998,34.11679219566908,34.29747322770199,34.49397925338889,34.70641068856565,34.934929663584775,35.179784164651075,35.44133457337969,35.72007935211463,36.01667549563456,36.33194911186136
1724.0,33.17218968053964,33.18003727308951,33.20358047387219,33.24282048274343,33.29775904271903,33.368398139569955,33.4547397494587,33.556785819363434,33.67453874073691,33.8080026752877,33.95718621776138,34.122107029499034,34.30279921913225,34.49932431328707,34.711786535710786,34.9403526623004,35.185275850859966,35.446921603223274,35.725792657787316,36.02254858295725,36.33801565444184
1725.0,33.17749013067347,33.18533781897258,33.20888129034707,33.248121698554144,33.3030607248761,33.37370030131718,33.46004239365948,33.562089031886075,33.67984285252866,33.8133085169595,33.9624954948466,34.12742284566831,34.3081267612227,34.50467167780017,34.7171656174606,34.9457799496123,35.19077290204932,35.452514953238314,35.731512957619394,36.02842891970342,36.34408920776119
1726.0,33.18279064499081,33.19063842527642,33.21418215684352,33.253422950101715,33.30836242937994,33.3790024800577,33.465345067575626,33.56739231864315,33.685147133257736,33.818614696359646,33.967805381877504,34.132739679842416,34.313455894557286,34.51002138749172,34.72254796660298,34.951211541189814,35.196275308422166,35.45811458405937,35.73724018537662,36.03431642271175,36.35016968660993
1727.0,33.18809122097626,33.19593908968802,33.21948307166707,33.2587242367628,33.313664157197714,33.38430467897573,33.470647777391584,33.572695689799346,33.690451598226275,33.82392123509469,33.973115907526335,34.13805756741154,34.318786658920175,34.5153734815675,34.72793361420336,34.95664745105989,35.2017830592043,35.463720456498464,35.74297427629459,36.04021101124118,36.35625700842845
1728.0,33.193391856251445,33.20123981003396,33.22478403327105,33.26402555807676,33.31896590948284,33.38960690147588,33.475950529555384,33.57799915582424,33.6957562630532,33.829228155023515,33.97842710052099,34.14337654345715,34.32411909328268,34.52072799790225,34.733322589677876,34.96208769170962,35.20729614273599,35.4693325315802,35.748715167031634,36.04611260685496,36.36235109317058
1729.0,33.19869254857677,33.20654058428235,33.23008504025873,33.26932691374817,33.32426768757797,33.394909151185935,33.48125333077949,33.58330272748796,33.701061143660745,33.83453547823257,33.983738989612036,34.14869664272191,34.32945323579398,34.52608497306803,34.738714920864204,34.96753227418213,35.21281454655568,35.474950770571844,35.75446279562326,36.05202113331238,36.3684518631771
1730.0,33.203993295853294,33.211841410544665,33.23538609138543,33.27462830364943,33.32956949301794,33.400211431959434,33.48655618804102,33.588606415855985,33.70636625626041,33.83984322701148,33.989051603541725,34.154017899582854,34.334789123774854,34.531444442363934,34.744110634089736,34.97298120816629,35.218338257476425,35.480575135009154,35.76021710143812,36.05793651646765,36.37455924305798
1731.0,33.20929409612456,33.21714228707775,33.24068718556081,33.279929727823294,33.334871327532454,33.405513747877656,33.491859108581245,33.5939102322832,33.71167161733851,33.84515142382918,33.99436497101464,34.159340348027456,34.34012679371464,34.53680643984667,34.74950975423731,34.978434502080574,35.22386726165574,35.48620558671838,35.765978025135574,36.063858684175294,36.380673159582905
1732.0,33.21459494757854,33.22244321228583,33.24598832185105,33.2852311864855,33.34017319304874,33.41081610325142,33.49716209990456,33.59921418840727,33.716977243641296,33.850460091310474,33.99967912067025,34.16466402163249,34.34546628127051,34.542170998361826,34.75491230480843,34.98389216315164,35.22940154465933,35.491842087834826,35.77174550862472,36.06978756620139,36.3867935415791
1733.0,33.219895848549676,33.2277441847226,33.251289499481196,33.29053268002722,33.34547509169398,33.41611850262247,33.50246516977689,33.60451829614137,33.722283152159946,33.85576925221335,34.00499408105722,34.169988953545534,34.35080762126921,34.54753814957553,34.760318307983916,34.989354197487685,35.23494109151957,35.49748460081864,35.77751949502495,36.075723094140486,36.392920319835916
1734.0,33.22519679752088,33.23304520309334,33.25659071783748,33.29583420901761,33.35077702579759,33.42142095076432,33.50776832622342,33.609822567666484,33.72758936011537,33.86107892940692,34.01030988060946,34.17531517646876,34.356150847710595,34.55290792400635,34.7657277846821,34.99482061014731,35.24048588678889,35.50313308846792,35.78329992862797,36.08166520133733,36.39905342701563
1735.0,33.23049779312568,33.23834626625707,33.26189197646963,33.30113577420618,33.35607899789315,33.42672345268297,33.51307157752593,33.61512701542315,33.73289588494296,33.866389145850164,34.01562654762387,34.18064272264507,34.361495993773104,34.55828035105716,34.77114075461458,35.000291405203846,35.24603591458878,35.50878751392956,35.789086754861216,36.087613822813516,36.405192797569946
1736.0,33.2357988341503,33.24364737322877,33.26719327509318,33.30643737652511,33.36138101072035,33.43202601361697,33.51837493221952,33.62043165210281,33.738202744277416,33.87169992457141,34.02094411023968,34.18597162384622,34.3668430918207,34.56365545904692,34.776557236339634,35.00576658580572,35.25159115865462,35.514447840708165,35.79487992025269,36.0935688951982,36.41133836766162
1737.0,33.241099919535905,33.24894852318161,33.272494613591796,33.3117390170915,33.366683067226475,33.437328639037304,33.523678399089036,33.62573649063888,33.74350995593761,33.877011288648674,34.0262625964194,34.19130191136283,34.37219217341101,34.56903327524224,34.78197724731326,35.011246154232865,35.25715160237688,35.52011403267318,35.800679372397035,36.099530356663,36.417490075091
1738.0,33.2464010483808,33.25424971544917,33.277795992019556,33.31704069720943,33.37198517056775,33.44263133464674,33.528981987164826,33.631041544197465,33.74881753791161,33.882323261190834,34.031582033931286,34.19663361599612,34.37754326930481,34.57441382588846,34.78740080393808,35.016730111949784,35.26271722883885,35.52578605406446,35.80648505992306,36.105498146860434,36.423647859226904
1739.0,33.251702219942594,33.2595509495277,33.28309741060316,33.322342418372,33.377287324110455,33.44793410637896,33.53428570571837,33.636346826167944,33.75412550834199,33.887635865319595,34.03690245033318,34.20196676805137,34.382896409476295,34.57979713624047,34.792827921610005,35.022218459655114,35.26828802085132,35.53146386949657,35.81229693246234,36.111472206865855,36.429811660941574
1740.0,33.25700343364052,33.264852225078364,33.28839886974414,33.32764418226313,33.38258953143177,33.45323696039722,33.539589564257334,33.64165235015329,33.75943388551129,33.8929491241524,34.042223872957834,34.20730139733264,34.38825162312429,34.585183230592875,34.79825861476289,35.02771119732824,35.2738639609844,35.537147443961764,35.81811494061912,36.11745247912259,36.43598142254946
1741.0,33.26230468905766,33.27015354192947,33.29370037002098,33.33294599075923,33.387891796320304,33.45853990309276,33.54489357252045,33.64695812996029,33.76474268782785,33.89826306078612,34.047546328899415,34.21263753313901,34.39360893868412,34.59057213230962,34.80369289691108,35.03320832427297,35.27944503159676,35.5428367428311,35.82393903309769,36.123438075635825,36.44210629844505
1742.0,33.26760598594313,33.275454900078664,33.29900191219114,33.33824784593078,33.393194122776464,33.46384294108284,33.55019774047206,33.65226417958974,33.77005193381192,33.90357769828159,34.05286984500133,34.2179752042619,34.398968383840064,34.59596386385308,34.809130780690204,35.038709839158514,35.28503121483872,35.54853172760803,35.82976884555211,36.12942039311523,36.448169983971326
1743.0,33.27290732421434,33.28075629969512,33.30430349719299,33.34354975004369,33.39849651501251,33.46914608120845,33.55550207829636,33.657570513226574,33.775361642082174,33.90889305964899,34.058194447845224,34.22331443898359,34.40432998553829,34.60135844681244,34.81457227789581,35.04421574003376,35.29062249076954,35.55423228212737,35.83560277287132,36.13539206022412,36.45420007944768
1744.0,33.27820870395914,33.28605774112159,33.30960512614775,33.348851705560435,33.40379897745236,33.47444933053185,33.56080659639146,33.6628771452299,33.78067183134254,33.91420916783408,34.063520163741025,34.22865526507676,34.4096937700001,34.60675590193123,34.8200173995085,35.04972602377132,35.296218821621636,35.55993805225178,35.84143859544761,36.14135134646282,36.460205378478264
1745.0,33.28351012543796,33.29135922487652,33.31490680036113,33.35415371514114,33.409101514731226,33.479752696333655,33.566111305363286,33.668184090123226,33.78598252036946,33.919526045705155,34.0688470187181,34.233997709804825,34.41505976273554,34.61215624912999,34.82546615557014,35.0552406827121,35.30182011840257,35.56564843255738,35.84727443417369,36.147298387255205,36.46619055268632
1746.0,33.28881158908588,33.29666075165603,33.32020852132503,33.359455781644385,33.41440413169487,33.48505618610988,33.57141621601924,33.673491362584635,33.7912937279996,33.924843716040805,34.07417503851735,34.23934179992319,34.42042798855575,34.6175595074921,34.8309185544647,35.060759697106114,35.307426217207016,35.571362689568595,35.853108940164645,36.15323381326242,36.47215863587636
1747.0,33.29411309551467,33.30196232233574,33.32551029071904,33.364757908127864,33.41970683339877,33.49035980756852,33.5767213393618,33.678798977437076,33.79660547311788,33.9301622015185,34.079504248584186,34.24468756168081,34.425798471576975,34.62296569511689,34.836374601157864,35.066283026349026,35.31303688104835,35.57708007759051,35.858941197963055,36.15915835650729,36.47811180236759
1748.0,33.29941464551467,33.307263937972685,33.3308121104118,33.37006009784885,33.425009625106945,33.495663568626135,33.58202668658193,33.68410694963879,33.801917774646014,33.93548152470374,34.08483467406236,34.25003502082037,34.43117123519399,34.62837482871197,34.84183429457088,35.07181060318117,35.31865181843004,35.582799904061275,35.86477060084132,36.165072731335464,36.48405170653857
1749.0,33.30471624005669,33.31256559980696,33.33611398246227,33.37536235426448,33.430312512290655,33.500967477404075,33.587332269052496,33.68941529427387,33.807230651531476,33.94080170804008,34.09016633978798,34.25538420257178,34.43654630198845,34.63378692287153,34.84729762482225,35.07734233242821,35.324270705928136,35.5885215559624,35.87059675444246,36.17097759919662,36.48997965942116
1750.0,33.31001788029374,33.31786730926335,33.34141590912079,33.38066468103185,33.43561550062683,33.50627154222462,33.59263809832152,33.69472402654289,33.81254412273685,33.946122773839534,34.09549927028263,34.26073513162977,34.44192369354045,34.63920198911786,34.85276457107143,35.08287809347623,35.32989320773044,35.59424450470571,35.876419409967546,36.17687356134666,36.49589673118138
1751.0,33.315319567562696,33.3231690679528,33.34671789283008,33.38596708200795,33.44091859599634,33.51157577160689,33.597944186105494,33.70003316175388,33.8178582072296,33.951444744273374,34.10083348974295,34.266087832104084,34.44730343013452,34.64462003487154,34.8582351003462,35.08841774487545,35.33551899002345,35.59996830104182,35.882238419007074,36.182761161132305,36.50180381531179
1752.0,33.32062130338581,33.32847087767381,33.35201993622596,33.391269561249345,33.44622180448198,33.516880174262674,33.603250544282574,33.70534271531327,33.82317292397218,33.956767641362305,34.10616902202312,34.271442327432894,34.452685530379945,34.65004106252239,34.86370916737528,35.093961129674106,35.341147730518465,35.60569256619207,35.88805370297384,36.18864088931054,36.50770167119273
1753.0,33.32592308947221,33.333772740413636,33.35732204213811,33.3965721230118,33.45152513236644,33.522184759092056,33.60855718488582,33.71065270271716,33.8284882919123,33.962091486965235,34.111505890606075,34.276798640256324,34.458070010785704,34.65546506872327,34.869186715235124,35.099508080581394,35.346779124171555,35.611416982203274,35.89386523220657,36.19451318996385,36.51359095358571
1754.0,33.33122492771907,33.33907465834943,33.362624213590465,33.4018747717496,33.45682858612996,33.527489535178994,33.61386412009646,33.71596313954265,33.833804329972985,33.96741630276503,34.116844118560266,34.282156792254156,34.46345688533705,34.66089204396337,34.87466767654913,35.10505842449784,35.352412886188006,35.61714128284407,35.89967301149926,36.200378466113975,36.51947223380704
1755.0,33.336526820212896,33.34437663384918,33.3679264538016,33.40717751211475,33.462132172447845,33.53279451178678,33.61917136223714,33.72127404143927,33.83912105704206,33.97274211024965,34.122183728479996,34.287516803957665,34.468846165115124,34.66632197242257,34.88015197499427,35.110611986246965,35.35804875319952,35.62286524553394,35.90547706994785,36.20623708474298,36.52534601537591
1756.0,33.341828769230474,33.34967866947255,33.37322876618488,33.412480348956095,33.46743589818794,33.538099698353356,33.624478923765146,33.72658542412027,33.844438491960375,33.978068930687314,34.12752474240987,34.29287869454942,34.47423785798935,34.67175483207254,34.8856395269217,35.116168591509364,35.36368648326855,35.62858868441018,35.9112774537388,36.21208938117031,36.53121274586293
1757.0,33.34713077723982,33.35498076797155,33.37853115434851,33.41778328731807,33.47273977040778,33.543405104486624,33.629786817265654,33.73189730335369,33.84975665350814,33.98339678509479,34.13286718175559,34.29824248166493,34.479631968398664,34.6771905949738,34.89113024295693,35.12172806904108,35.36932585517599,35.634311444470285,35.917074220971145,36.21793566282638,36.53707282604797
1758.0,33.352432846900854,33.360282932291014,33.38383362209533,33.42308633243951,33.47804379635178,33.54871073995963,33.635095055444836,33.73720969495287,33.855075560388734,33.98872569419825,34.13821106718508,34.3036081812088,34.48502849722591,34.68262922771431,34.896624029495186,35.12729025228812,35.37496666729972,35.640033396664876,35.922867437904095,36.223776212493156,36.542926617124685
1759.0,33.35773498106607,33.36558516556909,33.3891361734226,33.42838948975216,33.48334798344818,33.55401661470568,33.64040365112283,33.74252261476612,33.86039523120944,33.994055678387376,34.14355641852438,34.3089758071952,34.49042744176098,34.688070691939146,34.902120790045785,35.13285498051075,35.38060873628597,35.64575443380295,35.92865717621693,36.22961129108661,36.54877444645625
1760.0,33.363037182780936,33.37088747113734,33.39443881252147,33.433692764879126,33.488652339305915,33.55932273881329,33.64571261722648,33.747836078665365,33.86571568445885,33.99938675766335,34.14890325465339,34.31434537161885,34.49582879574263,34.69351494492935,34.90762042640646,35.13842209952109,35.38625189564275,35.65147446713886,35.934443510996495,36.23544114005011,36.554616612235854
1761.0,33.368339455284215,33.37618985252089,33.39974154377646,33.43899616363309,33.49395687171136,33.56462912252104,33.65102196678152,33.75315010253321,33.87103693848077,34.0047189515825,34.15425159340585,34.31971688436009,34.501232549466124,34.69896194019681,34.91312283966559,35.14399146212186,35.391895994335925,35.657193423525584,35.94022651925324,36.241265983419375,36.5604533873057
1762.0,33.37364180200807,33.381492313438336,33.40504437176458,33.44429969201448,33.499261588624904,33.569935776212255,33.6563317129044,33.758464702248624,33.87635901144484,34.010052279196934,34.15960145147736,34.325090353124686,34.506638689942825,34.704411628070744,34.91862793104101,35.149562928318936,35.39754089543598,35.66291124303673,35.946006278824946,36.24708602961048,36.56628502231998
1763.0,33.378944226578106,33.38679485780147,33.41034730125454,33.44960335620942,33.50456649817742,33.575242710409356,33.66164186879325,33.763779893670694,33.88168192131418,34.01538675899445,34.16495284434429,34.33046578341699,34.51204720109859,34.709863956258665,34.924135602569486,35.155136365365145,35.40318647484254,35.66862787697539,35.951782867567275,36.25290147297396,36.57211174838934
1764.0,33.38424673281318,33.39209748971494,33.41565033720564,33.45490716258757,33.50987160866656,33.58054993576796,33.6669524477182,33.769095692620745,33.887005685810735,34.020722408839134,34.170305786195854,34.33584317854384,34.51745806399884,34.71531887037093,34.9296457576636,35.16071164768126,35.408832620099794,35.67434328620253,35.95755636275795,36.25871249515105,36.577933779310996
1765.0,33.38954932472512,33.39740021347571,33.42095348476654,33.460211117699814,33.515176928552805,33.58585746307062,33.67226346301071,33.77441211486263,33.892330322378754,34.02605924591445,34.17566028988006,34.34122253964559,34.52287125709003,34.72077631440233,34.93515830155341,35.16628865668919,35.414479229307595,35.68005743972972,35.96332684066126,36.2645192662618,36.58375131346424
1766.0,33.3948520065182,33.40270303357236,33.426256749273946,33.4655152282758,33.52048246645538,33.59116530322,33.677574928051875,33.779729176081425,33.897655848147494,34.03139728667021,34.18101636686438,34.346603865750296,34.52828675644894,34.72623623116784,34.94067314162903,35.17186728058464,35.42012621012745,35.68577031353082,35.969094376213484,36.270321945950066,36.58956453543269
1767.0,33.40015478258858,33.4080059546842,33.431560136251086,33.470819501221236,33.52578823114785,33.59647346723169,33.68288685625986,33.78504689186085,33.90298227989357,34.036736546774506,34.18637402721069,34.351987153846984,34.533704536032914,34.7316985626919,34.94619018769966,35.17744741406983,35.42577347887956,35.691481889535645,35.97485904279956,36.27612068430597,36.59537361740199
1768.0,33.405457657523534,33.41330898168038,33.43686365140602,33.47612394361514,33.53109423155345,33.601781966226355,33.68819926107623,33.790365277659426,33.90830963400387,34.04207704107139,34.191733279563806,34.357372398974086,34.53912456792569,34.737163250552626,34.95170935218258,35.18302895806173,35.431420959725365,35.69719215477539,35.98062091209943,36.28191562268326,36.60117872037098
1769.0,33.410760636100505,33.418612119618665,33.44216730062987,33.48142856270679,33.53640047674009,33.60709081142127,33.693512155951375,33.79568434878595,33.91363792643971,34.047418783544956,34.19709413115274,34.362759594319364,34.544546822575,34.74263023618293,34.95723055023382,35.18861181938742,35.43706858392907,35.70290110065464,35.98638005398711,36.287706894425895,36.60697999520715
1770.0,33.41606372328606,33.423915373744194,33.44747108999478,33.48673336591242,33.541706975914984,33.612400014121356,33.698825554329055,33.80100412037448,33.91896717270278,34.05276178728996,34.20245658780335,34.368148731328034,34.54997126901898,34.748099461131865,34.96275369983104,35.19419591047516,35.44271628919155,35.70860872232989,35.99213653646996,36.29349462551623,36.61277758357086
1771.0,33.42136692423463,33.42921874948799,33.45277502575176,33.4920383608118,33.5470137384189,33.61770958570943,33.70413946963024,33.8063246073592,33.92429738780335,34.05810606448928,34.20782065396109,34.37353979981623,34.55539787509951,34.75357086728912,34.96827872181749,35.19978114904725,35.44836401904999,35.71431501817727,35.997890425658525,36.299278935154994,36.618571618728794
1772.0,33.426670244287216,33.43452225246533,33.458079114328356,33.49734355514446,33.55232077371999,33.623019537635955,33.70945391523628,33.81164582444951,33.929628586231225,34.06345162639783,34.2131863327225,34.378932788087404,34.560826607661404,34.75904439707641,34.97380553991413,35.20536745781912,35.454011722336965,35.72001998933576,36.00364178575962,36.305059936281815,36.624362226272595
1773.0,33.43197368896975,33.43982588847404,33.46338336232602,33.502648956805636,33.55762809140722,33.628329881408206,33.71476890447166,33.81696778610564,33.934960781929696,34.0687984833329,34.21855362587392,34.38432768304953,34.566257432736876,34.76451999360881,34.97933408070671,35.21095476420781,35.459659352693066,35.72572363931435,36.00939067908684,36.3108377360438,36.630149524756604
1774.0,33.43727726399144,33.44512966349243,33.46868777651743,33.50795457384198,33.56293570118335,33.63364062857883,33.72008445058641,33.822290506515145,33.94029398827266,34.07414664467051,34.223922533936474,34.38972447033142,34.571690315714974,34.769997600829534,34.98486427361258,35.21654300005167,35.465306868127705,35.731425973653266,36.015137166084116,36.3166124362184,36.635933626265945
1775.0,33.442580975242905,33.45043358367726,33.473992363843415,33.5132604144469,33.56824361285748,33.638951790733984,33.72540056673843,33.82761399957034,33.94562821804512,34.07949611884723,34.229293056215624,34.395123134397,34.57712522149658,34.77547716362115,34.99039605083195,35.22213210134281,35.47095423062313,35.73712699963128,36.02088130535905,36.32238413359607,36.64171463692429
1776.0,33.44788482879406,33.45573765536129,33.47929713140976,33.51856648695559,33.57355183633715,33.64426337948107,33.730717265975805,33.83293827884725,33.95096348342702,34.08484691336715,34.234665190854656,34.400523658656134,34.582562114634925,34.780958627895885,34.99592934728703,35.22772200797269,35.476601405777146,35.742826726012616,36.026623153723136,36.32815292032744,36.64749265734907
1777.0,33.453188830891925,33.46104188505081,33.48460208648371,33.523872799839786,33.57886038162009,33.64957540643611,33.73603456121939,33.838263357585774,33.95629979598041,34.09019903481339,34.240038934890656,34.405926025571546,34.58800095946277,34.78644194066783,35.00146410055214,35.2333126634915,35.48224836248062,35.74852516282726,36.03236276623717,36.333918884238976,36.65326778306126
1778.0,33.458492987958124,33.466346279422886,33.48990723649022,33.52917936170208,33.58416925878555,33.65488788321094,33.741352465245676,33.84358924867164,33.961637166639875,34.095552488863575,34.24541428431245,34.41133021676105,34.593441720206506,34.79192705010927,35.00700025077714,35.23890401488096,35.48789507262602,35.7542223211804,36.038100196259805,36.33968210912066,36.65904010485489
1779.0,33.463797306586294,33.4716508453223,33.49521258900793,33.53448618126997,33.589478477985324,33.660200821400196,33.746670990670125,33.848915964619984,33.96697560570617,34.100907280308924,34.25079123411953,34.416736213094715,34.59888436108841,34.79741390559315,35.012537740606255,35.244496012340505,35.49354151084391,35.75991821308673,36.043835495498435,36.3454426749887,36.66480970913152
1780.0,33.46910179353912,33.476955589758454,33.50051815176487,33.539793267389626,33.59478804943442,33.66551423256826,33.75199014993123,33.854243517560676,33.97231512284263,34.106263413076285,34.256169778381285,34.42214399478682,34.60432884641744,34.80290245772377,35.01807651509398,35.25008860908641,35.4991876542644,35.765612851326026,36.04956871406117,36.35120065832607,36.67057667820356
1781.0,33.474406455745275,33.48226051990177,33.50582393263391,33.545100629019274,33.6000979834015,33.670828128236245,33.75730995527514,33.859571919225516,33.97765572707464,34.1116208902527,34.261549910296075,34.42755354148225,34.60977514066986,34.80839265835711,35.02361652161922,35.255681761163345,35.50483348230102,35.77130624931747,36.05529990050931,36.35695613230292,36.67634109057015
1782.0,33.47971130029607,33.48756564308008,33.51112993962782,33.55040827522222,33.605408290199094,33.67614251986905,33.76263041874118,33.86490118093724,33.98299742679147,34.11697971411213,34.266931622249615,34.43296483233757,34.61522320856019,34.81388446061245,35.02915770979885,35.26127542726777,35.51047897645473,35.776998421009864,36.06102910190969,36.36270916697922,36.682103021168686
1783.0,33.48501633444184,33.49287096677462,33.51643618089423,33.55571621515981,33.610718980173665,33.681457418862635,33.76795155214827,33.870231313600186,33.98834022975059,34.12233988614375,34.27231490587224,34.43837784609662,34.62067301510341,34.81937781887653,35.03470003140157,35.26686956858272,35.51612412013605,35.78268938078588,36.066756363886455,36.368459829491215,36.68786254160451
1784.0,33.4903215655881,33.49817649861576,33.52174266471011,33.5610244580839,33.61603006369553,33.68677283653155,33.77327336708218,33.87556232769295,33.993684143084145,34.127701407081666,34.27769975209479,34.44379256116081,34.62612452566912,34.82487268880126,35.04024344026254,35.27246414862308,35.52176889850336,35.78837914337832,36.072481730671996,36.374208184223306,36.693619720361255
1785.0,33.49562700129141,33.50348224637855,33.527049399476134,33.56633301332919,33.62134155114872,33.69208878409682,33.77859587488391,33.880894233262474,33.999029173307335,34.13306427693547,34.28308615120282,34.449208955654285,34.63157770602858,34.83036902729619,35.04578789219957,35.278059133091126,35.52741329831593,35.794067723797,36.07820524515675,36.3799542929668,36.69937462299384
1786.0,33.50093264925507,33.508788217977894,33.53235639371068,33.571641890305386,33.62665345292084,33.697405272674125,33.783919086638946,33.88622703991999,34.004375326328535,34.13842849502151,34.28847409288901,34.454627007484106,34.637032522394925,34.83586679251647,35.05133334493099,35.283654489741245,35.533057307800036,35.79975513726477,36.08392694893776,36.38569821506677,36.70512731230577
1787.0,33.506238517324334,33.51409442146352,33.53766365604362,33.57695109848915,33.631965779392964,33.702722313262555,33.78924301316762,33.89156075683835,34.00972260746094,34.143794059994526,34.293863566303486,34.46004669439568,34.64248894145764,34.84136594384698,35.05687975799578,35.28925018825376,35.53870091652706,35.8054413991616,36.08964688236574,36.39144000755804,36.710877848512474
1788.0,33.511544613481604,33.51940086501469,33.542971195209894,33.58226064741582,33.63727854092961,33.708039916733775,33.794567665016515,33.89689539275097,34.01507102143551,34.14916096987947,34.29925456010206,34.46546799402377,34.64794693041151,34.846866441883584,35.062427092675975,35.2948462001169,35.54434411530223,35.81112652497575,36.09536508459076,36.39717972529141,36.71662628939196
1789.0,33.51685094584124,33.52470755693463,33.5482790200428,33.58757054667124,33.64259174786877,33.71335809382173,33.79989305245084,33.902230955951964,34.020420572415084,34.15452922210313,34.304647062492386,34.470890883939006,34.653406456980754,34.85236824841168,35.067975311921515,35.300442498516496,35.54998689606303,35.81681053026095,36.101081593606324,36.402917421050866,36.72237269042392
1790.0,33.52215752264408,33.530014505644715,33.55358713946712,33.59288080588322,33.64790541051227,33.7186768551129,33.80521918544785,33.90756745429771,34.025771264009414,34.15989881352563,34.31004106127781,34.4763153416906,34.65886748943891,34.857871326382906,35.07352438027784,35.30603905823303,35.555629251786556,35.82249343059921,36.1067964462919,36.40865314566267,36.72811710491863
1791.0,33.52746435225178,33.535321719678414,33.55889556249208,33.598191434713186,33.653219539116115,33.72399621103717,33.810546073691235,33.91290489520954,34.031123099291015,34.165269740471444,34.31543654389902,34.4817413448451,34.66432999662475,34.86337563989015,35.079074263816004,35.31163585554527,35.56127117640453,35.82817524156817,36.11250967845391,36.41438694809687,36.73385958413632
1792.0,33.53277144314089,33.54062920767504,33.5642042982041,33.603502442847656,33.65853414388125,33.72931617185925,33.815873726566515,33.91824328567741,34.0364760808116,34.17064199875995,34.32083349747351,34.48716887102165,34.669793947954744,34.868881154141434,35.084624930065516,35.317232868140294,35.56691266472575,35.83385597871281,36.118221324865154,36.42011887556213,36.73960017739796
1793.0,33.53807880389668,33.54593697837322,33.56951335575945,33.608813839989814,33.663849234944514,33.73463674767081,33.82120215315734,33.92358263226474,34.0418302106191,34.17601558373521,34.32623190883288,34.492597897923936,34.67525931343247,34.87438783543282,35.0901763479499,35.32283007502939,35.5725537123649,35.83953565752069,36.123931419302714,36.42584897359414,36.745338932188304
1794.0,33.54338644320676,33.55124504060424,33.57482274437672,33.61412563585109,33.66916482236987,33.739957948383065,33.82653136224256,33.92892294111395,34.047185490274956,34.18139049029516,34.33163176455797,34.498028403368956,34.68072606365521,34.87989565112072,35.09572848772479,35.32842745646929,35.57819431567741,35.84521429340056,36.12963999458434,36.43157728613834,36.751075894251784
1795.0,33.548694369854516,33.5565534032852,33.58013247332929,33.61943784014281,33.67448091614004,33.745279783720086,33.83186136229442,33.93426421795291,34.05254192087173,34.1867667129199,34.33703305101189,34.503460365312996,34.68619416981823,34.885404569593824,35.101281320918815,35.334024993888626,35.58383447169954,35.85089190166373,36.135347082603424,36.437303855627334,36.75681110768184
1796.0,33.55400259271231,33.56186207541195,33.585442551937675,33.62475046256793,33.67979752614834,33.7506022632128,33.83719216147722,33.93960646810202,34.05789950305084,34.19214424569914,34.34243575437117,34.5088937618749,34.69166360371679,34.89091456024479,35.10683482027684,35.339622669819015,35.58947417809355,35.85656849750808,36.14105271436251,36.443028723053374,36.76254461500438
1797.0,33.55931112073457,33.56717106605199,33.590752989561786,33.63006351281291,33.68511466219102,33.755925396193376,33.84252376764695,33.944949696481956,34.063258237020364,34.19752308235876,34.34783986065468,34.514328571356856,34.697134337746334,34.89642559344194,35.11238895970576,35.34522046783061,35.5951134330972,35.862244096004154,36.14675692000546,36.4487519280364,36.76827645725561
1798.0,33.56461996295075,33.57248038433717,33.59606379559326,33.63537700053972,33.69043233395983,33.761249191790455,33.84785618835158,33.950293907621926,34.06861812257278,34.20290321628638,34.35324535575105,34.5197647722629,34.70260634490098,34.90193764050097,35.11794371422278,35.3508183724717,35.600752235477316,35.867918712083394,36.15245972884831,36.45447350888791,36.774006674054974
1799.0,33.56992912845805,33.5777900394563,33.60137497944772,33.640690935378004,33.6957505510351,33.76657365892473,33.853189430831954,33.955639105668396,34.07397915910264,34.20828464055602,34.35865222544397,34.52520234331531,34.70807959877062,34.90745067365696,35.1234990599059,35.3564163692122,35.60639058448717,35.873592360528,36.15816116940877,36.46019350267093,36.779735303673405
1800.0,33.575238626414155,33.58310004064775,33.606686550557065,33.646005326917425,33.701069322879064,33.77189880630531,33.858523502023395,33.96098529439422,34.0793413456241,34.213667347951805,34.36406045543588,34.530641263469015,34.71355407353662,34.91296466603668,35.12905497384671,35.36201444439064,35.61202847982714,35.87926505596236,36.163861269434676,36.46591194525653,36.78546238309726
