time_s,temperature_C,moisture_kg_per_kg
0.0,28.0,0.01963
1.0,28.0088,0.0196365
2.0,28.0176,0.019643
3.0,28.0264,0.0196495
4.0,28.0352,0.019656
5.0,28.044,0.019662500000000003
6.0,28.0528,0.019669000000000002
7.0,28.0616,0.019675500000000002
8.0,28.0704,0.019682
9.0,28.0792,0.0196885
10.0,28.088,0.019695
11.0,28.096799999999998,0.0197015
12.0,28.1056,0.019708
13.0,28.1144,0.019714500000000003
14.0,28.1232,0.019721000000000002
15.0,28.131999999999998,0.019727500000000002
16.0,28.1408,0.019734
17.0,28.1496,0.0197405
18.0,28.1584,0.019747
19.0,28.1672,0.0197535
20.0,28.176,0.01976
21.0,28.1848,0.0197665
22.0,28.1936,0.019773000000000002
23.0,28.2024,0.019779500000000002
24.0,28.211199999999998,0.019786
25.0,28.22,0.0197925
26.0,28.2288,0.019799
27.0,28.2376,0.0198055
28.0,28.246399999999998,0.019812
29.0,28.2552,0.0198185
30.0,28.264,0.019825000000000002
31.0,28.2728,0.019831500000000002
32.0,28.2816,0.019838
33.0,28.290399999999998,0.0198445
34.0,28.2992,0.019851
35.0,28.308,0.0198575
36.0,28.3168,0.019864
37.0,28.325599999999998,0.0198705
38.0,28.3344,0.019877
39.0,28.3432,0.019883500000000002
40.0,28.352,0.01989
41.0,28.360799999999998,0.0198965
42.0,28.3696,0.019903
43.0,28.3784,0.0199095
44.0,28.3872,0.019916
45.0,28.396,0.0199225
46.0,28.404799999999998,0.019929
47.0,28.4136,0.0199355
48.0,28.4224,0.019942
49.0,28.4312,0.0199485
50.0,28.439999999999998,0.019955
51.0,28.4488,0.0199615
52.0,28.4576,0.019968
53.0,28.4664,0.0199745
54.0,28.475199999999997,0.019981
55.0,28.483999999999998,0.0199875
56.0,28.4928,0.019994
57.0,28.5016,0.0200005
58.0,28.510399999999997,0.020007
59.0,28.519199999999998,0.0200135
60.0,28.528,0.02002
61.0,28.539066666666667,0.0200285
62.0,28.55013333333333,0.020037
63.0,28.5612,0.0200455
64.0,28.572266666666664,0.020054
65.0,28.583333333333332,0.0200625
66.0,28.5944,0.020071
67.0,28.605466666666665,0.0200795
68.0,28.616533333333333,0.020087999999999998
69.0,28.627599999999997,0.0200965
70.0,28.638666666666666,0.020104999999999998
71.0,28.649733333333334,0.0201135
72.0,28.6608,0.020122
73.0,28.671866666666666,0.0201305
74.0,28.68293333333333,0.020139
75.0,28.694,0.0201475
76.0,28.705066666666667,0.020156
77.0,28.71613333333333,0.0201645
78.0,28.7272,0.020173
79.0,28.738266666666664,0.020181499999999998
80.0,28.749333333333333,0.02019
81.0,28.7604,0.0201985
82.0,28.771466666666665,0.020207
83.0,28.782533333333333,0.0202155
84.0,28.793599999999998,0.020224
85.0,28.804666666666666,0.0202325
86.0,28.815733333333334,0.020241
87.0,28.8268,0.0202495
88.0,28.837866666666667,0.020257999999999998
89.0,28.84893333333333,0.0202665
90.0,28.86,0.020275
91.0,28.871066666666668,0.0202835
92.0,28.882133333333332,0.020292
93.0,28.8932,0.0203005
94.0,28.904266666666665,0.020309
95.0,28.915333333333333,0.0203175
96.0,28.9264,0.020326
97.0,28.937466666666666,0.0203345
98.0,28.948533333333334,0.020343
99.0,28.9596,0.020351499999999998
100.0,28.970666666666666,0.02036
101.0,28.981733333333334,0.0203685
102.0,28.9928,0.020377
103.0,29.003866666666667,0.0203855
104.0,29.01493333333333,0.020394
105.0,29.026,0.0204025
106.0,29.037066666666668,0.020411
107.0,29.048133333333332,0.0204195
108.0,29.0592,0.020427999999999998
109.0,29.070266666666665,0.0204365
110.0,29.081333333333333,0.020444999999999998
111.0,29.0924,0.0204535
112.0,29.103466666666666,0.020462
113.0,29.114533333333334,0.0204705
114.0,29.1256,0.020479
115.0,29.136666666666667,0.0204875
116.0,29.147733333333335,0.020496
117.0,29.1588,0.0205045
118.0,29.169866666666667,0.020513
119.0,29.180933333333332,0.020521499999999998
120.0,29.192,0.02053
121.0,29.2002,0.02053783333333333
122.0,29.2084,0.020545666666666667
123.0,29.2166,0.0205535
124.0,29.224800000000002,0.020561333333333334
125.0,29.233,0.020569166666666666
126.0,29.2412,0.020576999999999998
127.0,29.2494,0.020584833333333333
128.0,29.2576,0.020592666666666665
129.0,29.2658,0.0206005
130.0,29.274,0.020608333333333333
131.0,29.2822,0.020616166666666668
132.0,29.2904,0.020624
133.0,29.2986,0.020631833333333332
134.0,29.3068,0.020639666666666667
135.0,29.315,0.0206475
136.0,29.3232,0.020655333333333335
137.0,29.331400000000002,0.020663166666666666
138.0,29.3396,0.020671000000000002
139.0,29.3478,0.020678833333333334
140.0,29.356,0.020686666666666666
141.0,29.3642,0.0206945
142.0,29.3724,0.020702333333333333
143.0,29.3806,0.02071016666666667
144.0,29.3888,0.020718
145.0,29.397000000000002,0.020725833333333332
146.0,29.4052,0.020733666666666668
147.0,29.4134,0.0207415
148.0,29.4216,0.020749333333333335
149.0,29.4298,0.020757166666666667
150.0,29.438000000000002,0.020765
151.0,29.4462,0.020772833333333334
152.0,29.4544,0.020780666666666666
153.0,29.462600000000002,0.0207885
154.0,29.4708,0.020796333333333333
155.0,29.479,0.02080416666666667
156.0,29.4872,0.020812
157.0,29.4954,0.020819833333333333
158.0,29.503600000000002,0.020827666666666668
159.0,29.5118,0.0208355
160.0,29.52,0.020843333333333335
161.0,29.528200000000002,0.020851166666666667
162.0,29.5364,0.020859000000000003
163.0,29.5446,0.020866833333333334
164.0,29.5528,0.020874666666666666
165.0,29.561,0.020882500000000002
166.0,29.569200000000002,0.020890333333333334
167.0,29.5774,0.02089816666666667
168.0,29.5856,0.020906
169.0,29.5938,0.020913833333333333
170.0,29.602,0.02092166666666667
171.0,29.610200000000003,0.0209295
172.0,29.6184,0.020937333333333336
173.0,29.6266,0.020945166666666667
174.0,29.634800000000002,0.020953
175.0,29.643,0.020960833333333335
176.0,29.6512,0.020968666666666667
177.0,29.6594,0.020976500000000002
178.0,29.6676,0.020984333333333334
179.0,29.675800000000002,0.02099216666666667
180.0,29.684,0.021
181.0,29.689883333333334,0.021008500000000003
182.0,29.695766666666668,0.021017
183.0,29.70165,0.021025500000000003
184.0,29.707533333333334,0.021034
185.0,29.713416666666667,0.021042500000000002
186.0,29.7193,0.021051
187.0,29.725183333333334,0.021059500000000002
188.0,29.731066666666667,0.021068
189.0,29.73695,0.0210765
190.0,29.742833333333333,0.021085
191.0,29.748716666666667,0.0210935
192.0,29.7546,0.021102000000000003
193.0,29.760483333333333,0.0211105
194.0,29.766366666666666,0.021119000000000002
195.0,29.77225,0.0211275
196.0,29.778133333333333,0.021136000000000002
197.0,29.784016666666666,0.0211445
198.0,29.7899,0.021153
199.0,29.795783333333333,0.0211615
200.0,29.801666666666666,0.02117
201.0,29.80755,0.021178500000000003
202.0,29.813433333333332,0.021187
203.0,29.819316666666666,0.021195500000000003
204.0,29.8252,0.021204
205.0,29.831083333333332,0.021212500000000002
206.0,29.836966666666665,0.021221
207.0,29.84285,0.021229500000000002
208.0,29.848733333333332,0.021238
209.0,29.854616666666665,0.0212465
210.0,29.860500000000002,0.021255000000000003
211.0,29.866383333333335,0.0212635
212.0,29.87226666666667,0.021272000000000003
213.0,29.87815,0.0212805
214.0,29.884033333333335,0.021289000000000002
215.0,29.889916666666668,0.0212975
216.0,29.8958,0.021306000000000002
217.0,29.901683333333335,0.0213145
218.0,29.907566666666668,0.021323
219.0,29.91345,0.0213315
220.0,29.919333333333334,0.02134
221.0,29.925216666666667,0.021348500000000003
222.0,29.9311,0.021357
223.0,29.936983333333334,0.021365500000000003
224.0,29.942866666666667,0.021374
225.0,29.94875,0.021382500000000002
226.0,29.954633333333334,0.021391
227.0,29.960516666666667,0.021399500000000002
228.0,29.9664,0.021408
229.0,29.972283333333333,0.0214165
230.0,29.978166666666667,0.021425
231.0,29.98405,0.0214335
232.0,29.989933333333333,0.021442000000000003
233.0,29.995816666666666,0.0214505
234.0,30.0017,0.021459000000000002
235.0,30.007583333333333,0.0214675
236.0,30.013466666666666,0.021476000000000002
237.0,30.01935,0.0214845
238.0,30.025233333333333,0.021493
239.0,30.031116666666666,0.0215015
240.0,30.037,0.02151
241.0,30.050283333333333,0.021516666666666667
242.0,30.063566666666667,0.021523333333333335
243.0,30.07685,0.02153
244.0,30.090133333333334,0.02153666666666667
245.0,30.103416666666664,0.021543333333333334
246.0,30.116699999999998,0.02155
247.0,30.129983333333332,0.02155666666666667
248.0,30.143266666666666,0.021563333333333334
249.0,30.15655,0.021570000000000002
250.0,30.169833333333333,0.021576666666666668
251.0,30.183116666666667,0.021583333333333333
252.0,30.1964,0.02159
253.0,30.20968333333333,0.021596666666666667
254.0,30.222966666666665,0.021603333333333335
255.0,30.23625,0.02161
256.0,30.249533333333332,0.021616666666666666
257.0,30.262816666666666,0.021623333333333335
258.0,30.2761,0.02163
259.0,30.289383333333333,0.02163666666666667
260.0,30.302666666666667,0.021643333333333334
261.0,30.31595,0.02165
262.0,30.32923333333333,0.021656666666666668
263.0,30.342516666666665,0.021663333333333333
264.0,30.3558,0.021670000000000002
265.0,30.369083333333332,0.021676666666666667
266.0,30.382366666666666,0.021683333333333332
267.0,30.39565,0.02169
268.0,30.408933333333334,0.021696666666666666
269.0,30.422216666666667,0.021703333333333335
270.0,30.435499999999998,0.02171
271.0,30.44878333333333,0.021716666666666665
272.0,30.462066666666665,0.021723333333333334
273.0,30.47535,0.02173
274.0,30.488633333333333,0.021736666666666668
275.0,30.501916666666666,0.021743333333333333
276.0,30.5152,0.02175
277.0,30.528483333333334,0.021756666666666667
278.0,30.541766666666668,0.021763333333333332
279.0,30.555049999999998,0.02177
280.0,30.56833333333333,0.021776666666666666
281.0,30.581616666666665,0.02178333333333333
282.0,30.5949,0.02179
283.0,30.608183333333333,0.021796666666666666
284.0,30.621466666666667,0.021803333333333334
285.0,30.63475,0.02181
286.0,30.648033333333334,0.021816666666666665
287.0,30.661316666666664,0.021823333333333333
288.0,30.674599999999998,0.02183
289.0,30.687883333333332,0.021836666666666667
290.0,30.701166666666666,0.021843333333333333
291.0,30.71445,0.021849999999999998
292.0,30.727733333333333,0.021856666666666667
293.0,30.741016666666667,0.021863333333333332
294.0,30.7543,0.02187
295.0,30.767583333333334,0.021876666666666666
296.0,30.780866666666665,0.02188333333333333
297.0,30.79415,0.02189
298.0,30.807433333333332,0.021896666666666665
299.0,30.820716666666666,0.021903333333333334
300.0,30.834,0.02191
301.0,30.84165,0.021917
302.0,30.8493,0.021924
303.0,30.85695,0.021931
304.0,30.8646,0.021938
305.0,30.87225,0.021945
306.0,30.8799,0.021952
307.0,30.88755,0.021959
308.0,30.8952,0.021966
309.0,30.90285,0.021973
310.0,30.9105,0.02198
311.0,30.91815,0.021987
312.0,30.9258,0.021994
313.0,30.93345,0.022001
314.0,30.9411,0.022008
315.0,30.94875,0.022015
316.0,30.9564,0.022022
317.0,30.96405,0.022029
318.0,30.9717,0.022036
319.0,30.97935,0.022043
320.0,30.987,0.02205
321.0,30.99465,0.022057
322.0,31.002299999999998,0.022064
323.0,31.00995,0.022071
324.0,31.017599999999998,0.022078
325.0,31.02525,0.022085
326.0,31.032899999999998,0.022092
327.0,31.04055,0.022099
328.0,31.048199999999998,0.022106
329.0,31.05585,0.022113
330.0,31.063499999999998,0.02212
331.0,31.07115,0.022126999999999997
332.0,31.0788,0.022133999999999997
333.0,31.08645,0.022140999999999997
334.0,31.0941,0.022147999999999998
335.0,31.10175,0.022154999999999998
336.0,31.1094,0.022161999999999998
337.0,31.11705,0.022168999999999998
338.0,31.1247,0.022175999999999998
339.0,31.13235,0.022182999999999998
340.0,31.14,0.022189999999999998
341.0,31.14765,0.022196999999999998
342.0,31.1553,0.022203999999999998
343.0,31.16295,0.022210999999999998
344.0,31.1706,0.022217999999999998
345.0,31.17825,0.022224999999999998
346.0,31.1859,0.022232
347.0,31.19355,0.022239
348.0,31.2012,0.022246
349.0,31.208849999999998,0.022253
350.0,31.2165,0.02226
351.0,31.224149999999998,0.022267
352.0,31.2318,0.022274
353.0,31.239449999999998,0.022281
354.0,31.2471,0.022288
355.0,31.254749999999998,0.022295
356.0,31.2624,0.022302
357.0,31.270049999999998,0.022309
358.0,31.2777,0.022316
359.0,31.285349999999998,0.022323
360.0,31.293,0.02233
361.0,31.301783333333333,0.0223375
362.0,31.310566666666666,0.022345
363.0,31.31935,0.0223525
364.0,31.328133333333334,0.022359999999999998
365.0,31.336916666666667,0.0223675
366.0,31.3457,0.022375
367.0,31.354483333333334,0.0223825
368.0,31.363266666666664,0.02239
369.0,31.372049999999998,0.0223975
370.0,31.38083333333333,0.022405
371.0,31.389616666666665,0.0224125
372.0,31.3984,0.02242
373.0,31.407183333333332,0.0224275
374.0,31.415966666666666,0.022435
375.0,31.42475,0.0224425
376.0,31.433533333333333,0.02245
377.0,31.442316666666667,0.0224575
378.0,31.4511,0.022465
379.0,31.459883333333334,0.0224725
380.0,31.468666666666667,0.02248
381.0,31.47745,0.0224875
382.0,31.486233333333335,0.022495
383.0,31.495016666666665,0.0225025
384.0,31.5038,0.02251
385.0,31.512583333333332,0.0225175
386.0,31.521366666666665,0.022525
387.0,31.53015,0.0225325
388.0,31.538933333333333,0.02254
389.0,31.547716666666666,0.0225475
390.0,31.5565,0.022555
391.0,31.565283333333333,0.0225625
392.0,31.574066666666667,0.02257
393.0,31.58285,0.0225775
394.0,31.591633333333334,0.022585
395.0,31.600416666666668,0.0225925
396.0,31.6092,0.022600000000000002
397.0,31.617983333333335,0.0226075
398.0,31.626766666666665,0.022615
399.0,31.63555,0.0226225
400.0,31.644333333333332,0.02263
401.0,31.653116666666666,0.0226375
402.0,31.6619,0.022645000000000002
403.0,31.670683333333333,0.022652500000000002
404.0,31.679466666666666,0.02266
405.0,31.68825,0.0226675
406.0,31.697033333333334,0.022675
407.0,31.705816666666667,0.0226825
408.0,31.7146,0.022690000000000002
409.0,31.723383333333334,0.022697500000000002
410.0,31.732166666666668,0.022705000000000003
411.0,31.74095,0.0227125
412.0,31.749733333333335,0.02272
413.0,31.758516666666665,0.0227275
414.0,31.7673,0.022735000000000002
415.0,31.776083333333332,0.022742500000000002
416.0,31.784866666666666,0.022750000000000003
417.0,31.79365,0.0227575
418.0,31.802433333333333,0.022765
419.0,31.811216666666667,0.0227725
420.0,31.82,0.02278
421.0,31.825016666666667,0.022787833333333334
422.0,31.830033333333333,0.02279566666666667
423.0,31.83505,0.0228035
424.0,31.84006666666667,0.022811333333333336
425.0,31.845083333333335,0.022819166666666668
426.0,31.8501,0.022827
427.0,31.855116666666667,0.022834833333333335
428.0,31.860133333333334,0.022842666666666667
429.0,31.86515,0.022850500000000003
430.0,31.870166666666666,0.022858333333333335
431.0,31.875183333333332,0.022866166666666667
432.0,31.880200000000002,0.022874000000000002
433.0,31.88521666666667,0.022881833333333334
434.0,31.890233333333335,0.02288966666666667
435.0,31.89525,0.0228975
436.0,31.900266666666667,0.022905333333333333
437.0,31.905283333333333,0.02291316666666667
438.0,31.9103,0.022921
439.0,31.91531666666667,0.022928833333333336
440.0,31.920333333333335,0.022936666666666668
441.0,31.92535,0.0229445
442.0,31.930366666666668,0.022952333333333335
443.0,31.935383333333334,0.022960166666666667
444.0,31.9404,0.022968000000000002
445.0,31.945416666666667,0.022975833333333334
446.0,31.950433333333333,0.022983666666666666
447.0,31.955450000000003,0.0229915
448.0,31.96046666666667,0.022999333333333333
449.0,31.965483333333335,0.02300716666666667
450.0,31.9705,0.023015
451.0,31.975516666666667,0.023022833333333333
452.0,31.980533333333334,0.023030666666666668
453.0,31.98555,0.0230385
454.0,31.99056666666667,0.023046333333333335
455.0,31.995583333333336,0.023054166666666667
456.0,32.0006,0.023062
457.0,32.00561666666667,0.023069833333333335
458.0,32.01063333333334,0.023077666666666666
459.0,32.01565,0.023085500000000002
460.0,32.02066666666667,0.023093333333333334
461.0,32.02568333333333,0.023101166666666666
462.0,32.0307,0.023109
463.0,32.035716666666666,0.023116833333333333
464.0,32.040733333333336,0.02312466666666667
465.0,32.04575,0.0231325
466.0,32.05076666666667,0.023140333333333332
467.0,32.05578333333334,0.023148166666666668
468.0,32.0608,0.023156
469.0,32.06581666666667,0.023163833333333335
470.0,32.07083333333333,0.023171666666666667
471.0,32.07585,0.0231795
472.0,32.080866666666665,0.023187333333333334
473.0,32.085883333333335,0.023195166666666666
474.0,32.090900000000005,0.023203
475.0,32.09591666666667,0.023210833333333333
476.0,32.10093333333334,0.023218666666666665
477.0,32.10595,0.0232265
478.0,32.11096666666667,0.023234333333333333
479.0,32.11598333333333,0.023242166666666668
480.0,32.121,0.02325
481.0,32.131150000000005,0.023258666666666667
482.0,32.1413,0.023267333333333334
483.0,32.151450000000004,0.023275999999999998
484.0,32.1616,0.023284666666666665
485.0,32.17175,0.023293333333333333
486.0,32.1819,0.023302
487.0,32.19205,0.023310666666666667
488.0,32.202200000000005,0.023319333333333334
489.0,32.21235,0.023328
490.0,32.222500000000004,0.023336666666666665
491.0,32.23265,0.023345333333333333
492.0,32.2428,0.023354
493.0,32.25295,0.023362666666666667
494.0,32.2631,0.023371333333333334
495.0,32.273250000000004,0.023379999999999998
496.0,32.2834,0.023388666666666665
497.0,32.29355,0.023397333333333332
498.0,32.3037,0.023406
499.0,32.31385,0.023414666666666667
500.0,32.324,0.023423333333333334
501.0,32.33415,0.023432
502.0,32.3443,0.023440666666666665
503.0,32.35445,0.023449333333333332
504.0,32.3646,0.023458
505.0,32.37475,0.023466666666666667
506.0,32.3849,0.023475333333333334
507.0,32.39505,0.023484
508.0,32.4052,0.023492666666666665
509.0,32.41535,0.023501333333333332
510.0,32.4255,0.02351
511.0,32.43565,0.023518666666666667
512.0,32.4458,0.023527333333333334
513.0,32.45595,0.023536
514.0,32.4661,0.023544666666666665
515.0,32.47625,0.023553333333333332
516.0,32.486399999999996,0.023562
517.0,32.49655,0.023570666666666667
518.0,32.5067,0.023579333333333334
519.0,32.51685,0.023587999999999998
520.0,32.527,0.023596666666666665
521.0,32.53715,0.023605333333333332
522.0,32.5473,0.023614
523.0,32.557449999999996,0.023622666666666667
524.0,32.5676,0.023631333333333334
525.0,32.577749999999995,0.02364
526.0,32.5879,0.023648666666666665
527.0,32.59805,0.023657333333333332
528.0,32.6082,0.023666
529.0,32.61835,0.023674666666666667
530.0,32.628499999999995,0.023683333333333334
531.0,32.63865,0.023692
532.0,32.648799999999994,0.023700666666666665
533.0,32.65895,0.023709333333333332
534.0,32.6691,0.023718
535.0,32.679249999999996,0.023726666666666667
536.0,32.6894,0.023735333333333334
537.0,32.699549999999995,0.023744
538.0,32.7097,0.023752666666666665
539.0,32.719849999999994,0.023761333333333332
540.0,32.73,0.02377
541.0,32.73786666666666,0.0237785
542.0,32.745733333333334,0.023787
543.0,32.7536,0.0237955
544.0,32.761466666666664,0.023804
545.0,32.76933333333333,0.0238125
546.0,32.77719999999999,0.023821
547.0,32.785066666666665,0.0238295
548.0,32.79293333333333,0.023837999999999998
549.0,32.800799999999995,0.0238465
550.0,32.80866666666667,0.023855
551.0,32.81653333333333,0.0238635
552.0,32.8244,0.023872
553.0,32.83226666666666,0.0238805
554.0,32.84013333333333,0.023889
555.0,32.848,0.0238975
556.0,32.855866666666664,0.023906
557.0,32.86373333333333,0.023914499999999998
558.0,32.8716,0.023923
559.0,32.879466666666666,0.023931499999999998
560.0,32.88733333333333,0.02394
561.0,32.895199999999996,0.0239485
562.0,32.90306666666666,0.023957
563.0,32.91093333333333,0.0239655
564.0,32.9188,0.023974
565.0,32.92666666666666,0.0239825
566.0,32.934533333333334,0.023991
567.0,32.9424,0.0239995
568.0,32.950266666666664,0.024007999999999998
569.0,32.95813333333333,0.0240165
570.0,32.965999999999994,0.024024999999999998
571.0,32.973866666666666,0.0240335
572.0,32.98173333333333,0.024042
573.0,32.989599999999996,0.0240505
574.0,32.99746666666667,0.024059
575.0,33.00533333333333,0.0240675
576.0,33.0132,0.024076
577.0,33.02106666666666,0.0240845
578.0,33.02893333333333,0.024093
579.0,33.0368,0.024101499999999998
580.0,33.044666666666664,0.02411
581.0,33.05253333333333,0.0241185
582.0,33.0604,0.024127
583.0,33.068266666666666,0.0241355
584.0,33.07613333333333,0.024144
585.0,33.083999999999996,0.0241525
586.0,33.09186666666666,0.024161
587.0,33.09973333333333,0.0241695
588.0,33.1076,0.024177999999999998
589.0,33.11546666666666,0.0241865
590.0,33.123333333333335,0.024194999999999998
591.0,33.1312,0.0242035
592.0,33.139066666666665,0.024212
593.0,33.14693333333333,0.0242205
594.0,33.154799999999994,0.024229
595.0,33.16266666666667,0.0242375
596.0,33.17053333333333,0.024246
597.0,33.178399999999996,0.0242545
598.0,33.18626666666667,0.024263
599.0,33.19413333333333,0.024271499999999998
600.0,33.202,0.02428
601.0,33.21328333333333,0.024286166666666668
602.0,33.22456666666667,0.024292333333333332
603.0,33.23585,0.0242985
604.0,33.24713333333333,0.024304666666666665
605.0,33.25841666666666,0.024310833333333334
606.0,33.2697,0.024317
607.0,33.28098333333333,0.024323166666666667
608.0,33.29226666666666,0.02432933333333333
609.0,33.30355,0.0243355
610.0,33.31483333333333,0.024341666666666664
611.0,33.326116666666664,0.024347833333333332
612.0,33.337399999999995,0.024354
613.0,33.348683333333334,0.024360166666666665
614.0,33.359966666666665,0.024366333333333334
615.0,33.371249999999996,0.0243725
616.0,33.382533333333335,0.024378666666666667
617.0,33.393816666666666,0.02438483333333333
618.0,33.4051,0.024391
619.0,33.41638333333333,0.024397166666666664
620.0,33.42766666666667,0.024403333333333332
621.0,33.43895,0.0244095
622.0,33.45023333333333,0.024415666666666665
623.0,33.46151666666667,0.024421833333333334
624.0,33.4728,0.024428
625.0,33.48408333333333,0.024434166666666667
626.0,33.49536666666666,0.02444033333333333
627.0,33.50665,0.0244465
628.0,33.51793333333333,0.024452666666666664
629.0,33.52921666666666,0.024458833333333332
630.0,33.540499999999994,0.024465
631.0,33.55178333333333,0.024471166666666665
632.0,33.563066666666664,0.024477333333333334
633.0,33.574349999999995,0.0244835
634.0,33.585633333333334,0.024489666666666667
635.0,33.596916666666665,0.02449583333333333
636.0,33.6082,0.024502
637.0,33.61948333333333,0.024508166666666664
638.0,33.630766666666666,0.024514333333333332
639.0,33.64205,0.024520499999999997
640.0,33.65333333333333,0.024526666666666665
641.0,33.66461666666667,0.024532833333333334
642.0,33.6759,0.024539
643.0,33.68718333333333,0.024545166666666667
644.0,33.69846666666666,0.02455133333333333
645.0,33.70975,0.0245575
646.0,33.72103333333333,0.024563666666666664
647.0,33.73231666666666,0.024569833333333332
648.0,33.7436,0.024575999999999997
649.0,33.75488333333333,0.024582166666666665
650.0,33.76616666666666,0.02458833333333333
651.0,33.777449999999995,0.0245945
652.0,33.78873333333333,0.024600666666666667
653.0,33.800016666666664,0.02460683333333333
654.0,33.811299999999996,0.024613
655.0,33.822583333333334,0.024619166666666664
656.0,33.833866666666665,0.024625333333333332
657.0,33.84515,0.024631499999999997
658.0,33.85643333333333,0.024637666666666665
659.0,33.86771666666667,0.02464383333333333
660.0,33.879,0.02465
661.0,33.88548333333333,0.024656833333333333
662.0,33.89196666666666,0.024663666666666664
663.0,33.89845,0.024670499999999998
664.0,33.90493333333333,0.024677333333333332
665.0,33.91141666666667,0.024684166666666667
666.0,33.917899999999996,0.024690999999999998
667.0,33.92438333333333,0.024697833333333332
668.0,33.93086666666667,0.024704666666666666
669.0,33.937349999999995,0.024711499999999997
670.0,33.94383333333333,0.024718333333333332
671.0,33.950316666666666,0.024725166666666666
672.0,33.9568,0.024731999999999997
673.0,33.96328333333333,0.02473883333333333
674.0,33.969766666666665,0.024745666666666666
675.0,33.97625,0.024752499999999997
676.0,33.98273333333333,0.02475933333333333
677.0,33.989216666666664,0.024766166666666665
678.0,33.9957,0.024773
679.0,34.002183333333335,0.02477983333333333
680.0,34.00866666666666,0.024786666666666665
681.0,34.01515,0.0247935
682.0,34.021633333333334,0.02480033333333333
683.0,34.02811666666666,0.024807166666666665
684.0,34.0346,0.024814
685.0,34.04108333333333,0.024820833333333334
686.0,34.04756666666667,0.024827666666666665
687.0,34.05405,0.0248345
688.0,34.06053333333333,0.024841333333333333
689.0,34.06701666666667,0.024848166666666664
690.0,34.073499999999996,0.024855
691.0,34.07998333333333,0.024861833333333333
692.0,34.08646666666667,0.024868666666666664
693.0,34.09295,0.0248755
694.0,34.09943333333333,0.024882333333333333
695.0,34.105916666666666,0.024889166666666664
696.0,34.1124,0.024895999999999998
697.0,34.118883333333336,0.024902833333333332
698.0,34.125366666666665,0.024909666666666667
699.0,34.13185,0.024916499999999998
700.0,34.138333333333335,0.024923333333333332
701.0,34.144816666666664,0.024930166666666666
702.0,34.1513,0.024936999999999997
703.0,34.157783333333334,0.024943833333333332
704.0,34.16426666666667,0.024950666666666666
705.0,34.17075,0.0249575
706.0,34.177233333333334,0.02496433333333333
707.0,34.18371666666667,0.024971166666666666
708.0,34.1902,0.024978
709.0,34.19668333333333,0.02498483333333333
710.0,34.20316666666667,0.024991666666666666
711.0,34.20965,0.0249985
712.0,34.21613333333333,0.02500533333333333
713.0,34.22261666666667,0.025012166666666665
714.0,34.2291,0.025019
715.0,34.23558333333333,0.02502583333333333
716.0,34.242066666666666,0.025032666666666665
717.0,34.24855,0.0250395
718.0,34.25503333333334,0.025046333333333334
719.0,34.261516666666665,0.025053166666666665
720.0,34.268,0.02506
721.0,34.27696666666667,0.025067666666666665
722.0,34.28593333333333,0.02507533333333333
723.0,34.2949,0.025082999999999998
724.0,34.303866666666664,0.025090666666666667
725.0,34.31283333333333,0.025098333333333334
726.0,34.3218,0.025106
727.0,34.33076666666667,0.025113666666666666
728.0,34.339733333333335,0.025121333333333332
729.0,34.3487,0.025129
730.0,34.35766666666667,0.025136666666666665
731.0,34.36663333333333,0.02514433333333333
732.0,34.3756,0.025152
733.0,34.384566666666665,0.025159666666666667
734.0,34.39353333333333,0.025167333333333333
735.0,34.4025,0.025175
736.0,34.41146666666667,0.025182666666666666
737.0,34.420433333333335,0.025190333333333332
738.0,34.4294,0.025197999999999998
739.0,34.43836666666667,0.025205666666666668
740.0,34.44733333333333,0.025213333333333334
741.0,34.4563,0.025221
742.0,34.465266666666665,0.025228666666666667
743.0,34.47423333333333,0.025236333333333333
744.0,34.4832,0.025244
745.0,34.49216666666667,0.025251666666666665
746.0,34.501133333333335,0.02525933333333333
747.0,34.5101,0.025267
748.0,34.51906666666667,0.025274666666666668
749.0,34.52803333333333,0.025282333333333334
750.0,34.537,0.02529
751.0,34.545966666666665,0.025297666666666666
752.0,34.55493333333333,0.025305333333333332
753.0,34.5639,0.025313
754.0,34.57286666666666,0.02532066666666667
755.0,34.581833333333336,0.025328333333333335
756.0,34.5908,0.025336
757.0,34.59976666666667,0.025343666666666667
758.0,34.60873333333333,0.025351333333333333
759.0,34.6177,0.025359
760.0,34.626666666666665,0.025366666666666666
761.0,34.63563333333333,0.025374333333333332
762.0,34.6446,0.025382000000000002
763.0,34.65356666666666,0.025389666666666668
764.0,34.66253333333333,0.025397333333333334
765.0,34.6715,0.025405
766.0,34.68046666666667,0.025412666666666667
767.0,34.689433333333334,0.025420333333333333
768.0,34.6984,0.025428
769.0,34.707366666666665,0.02543566666666667
770.0,34.71633333333333,0.025443333333333335
771.0,34.7253,0.025451
772.0,34.73426666666666,0.025458666666666668
773.0,34.74323333333333,0.025466333333333334
774.0,34.752199999999995,0.025474
775.0,34.76116666666667,0.025481666666666666
776.0,34.770133333333334,0.025489333333333333
777.0,34.7791,0.025497000000000002
778.0,34.788066666666666,0.02550466666666667
779.0,34.79703333333333,0.025512333333333335
780.0,34.806,0.02552
781.0,34.8116,0.02553
782.0,34.8172,0.02554
783.0,34.8228,0.02555
784.0,34.828399999999995,0.02556
785.0,34.833999999999996,0.025570000000000002
786.0,34.8396,0.025580000000000002
787.0,34.8452,0.02559
788.0,34.8508,0.0256
789.0,34.8564,0.02561
790.0,34.861999999999995,0.02562
791.0,34.867599999999996,0.02563
792.0,34.8732,0.02564
793.0,34.8788,0.025650000000000003
794.0,34.8844,0.025660000000000002
795.0,34.89,0.025670000000000002
796.0,34.8956,0.02568
797.0,34.901199999999996,0.02569
798.0,34.9068,0.0257
799.0,34.9124,0.02571
800.0,34.918,0.02572
801.0,34.9236,0.02573
802.0,34.9292,0.025740000000000002
803.0,34.9348,0.025750000000000002
804.0,34.9404,0.02576
805.0,34.946,0.02577
806.0,34.9516,0.02578
807.0,34.9572,0.02579
808.0,34.9628,0.0258
809.0,34.9684,0.02581
810.0,34.974000000000004,0.025820000000000003
811.0,34.9796,0.025830000000000002
812.0,34.9852,0.025840000000000002
813.0,34.9908,0.02585
814.0,34.9964,0.02586
815.0,35.002,0.02587
816.0,35.007600000000004,0.02588
817.0,35.0132,0.02589
818.0,35.0188,0.0259
819.0,35.0244,0.025910000000000002
820.0,35.03,0.025920000000000002
821.0,35.0356,0.02593
822.0,35.0412,0.02594
823.0,35.046800000000005,0.02595
824.0,35.0524,0.02596
825.0,35.058,0.02597
826.0,35.0636,0.02598
827.0,35.0692,0.02599
828.0,35.0748,0.026000000000000002
829.0,35.080400000000004,0.026010000000000002
830.0,35.086,0.02602
831.0,35.0916,0.02603
832.0,35.0972,0.02604
833.0,35.1028,0.02605
834.0,35.1084,0.02606
835.0,35.114000000000004,0.02607
836.0,35.119600000000005,0.026080000000000002
837.0,35.1252,0.026090000000000002
838.0,35.1308,0.0261
839.0,35.1364,0.02611
840.0,35.142,0.02612
841.0,35.14836666666667,0.026128000000000002
842.0,35.15473333333334,0.026136
843.0,35.161100000000005,0.026144
844.0,35.16746666666667,0.026152
845.0,35.173833333333334,0.02616
846.0,35.1802,0.026168
847.0,35.18656666666667,0.026176
848.0,35.192933333333336,0.026184
849.0,35.1993,0.026192
850.0,35.20566666666667,0.0262
851.0,35.21203333333334,0.026208000000000002
852.0,35.2184,0.026216
853.0,35.22476666666667,0.026224
854.0,35.23113333333333,0.026232000000000002
855.0,35.237500000000004,0.02624
856.0,35.24386666666667,0.026248
857.0,35.250233333333334,0.026256
858.0,35.256600000000006,0.026264
859.0,35.26296666666667,0.026272
860.0,35.269333333333336,0.02628
861.0,35.2757,0.026288
862.0,35.282066666666665,0.026296
863.0,35.28843333333334,0.026304
864.0,35.2948,0.026312
865.0,35.30116666666667,0.02632
866.0,35.30753333333334,0.026328
867.0,35.313900000000004,0.026336
868.0,35.32026666666667,0.026344
869.0,35.326633333333334,0.026352
870.0,35.333,0.026359999999999998
871.0,35.33936666666667,0.026368
872.0,35.345733333333335,0.026376
873.0,35.3521,0.026384
874.0,35.35846666666667,0.026392
875.0,35.36483333333334,0.0264
876.0,35.3712,0.026408
877.0,35.37756666666667,0.026416
878.0,35.38393333333333,0.026424
879.0,35.3903,0.026432
880.0,35.39666666666667,0.026439999999999998
881.0,35.40303333333333,0.026448
882.0,35.409400000000005,0.026456
883.0,35.41576666666667,0.026463999999999998
884.0,35.422133333333335,0.026472
885.0,35.4285,0.02648
886.0,35.434866666666665,0.026487999999999998
887.0,35.44123333333334,0.026496
888.0,35.4476,0.026504
889.0,35.453966666666666,0.026511999999999997
890.0,35.46033333333334,0.02652
891.0,35.4667,0.026528
892.0,35.47306666666667,0.026536
893.0,35.47943333333333,0.026543999999999998
894.0,35.4858,0.026552
895.0,35.49216666666667,0.02656
896.0,35.498533333333334,0.026567999999999998
897.0,35.5049,0.026576
898.0,35.51126666666667,0.026584
899.0,35.517633333333336,0.026591999999999998
900.0,35.524,0.0266
901.0,35.53345,0.0266045
902.0,35.5429,0.026608999999999997
903.0,35.552350000000004,0.0266135
904.0,35.5618,0.026618
905.0,35.57125,0.0266225
906.0,35.5807,0.026626999999999998
907.0,35.59015,0.0266315
908.0,35.5996,0.026636
909.0,35.60905,0.026640499999999998
910.0,35.6185,0.026645
911.0,35.62795,0.0266495
912.0,35.6374,0.026654
913.0,35.64685,0.026658499999999998
914.0,35.6563,0.026663
915.0,35.66575,0.0266675
916.0,35.675200000000004,0.026671999999999998
917.0,35.68465,0.0266765
918.0,35.6941,0.026681
919.0,35.70355,0.0266855
920.0,35.713,0.02669
921.0,35.72245,0.0266945
922.0,35.7319,0.026699
923.0,35.741350000000004,0.026703499999999998
924.0,35.7508,0.026708
925.0,35.76025,0.0267125
926.0,35.7697,0.026717
927.0,35.77915,0.0267215
928.0,35.7886,0.026726
929.0,35.79805,0.0267305
930.0,35.807500000000005,0.026735000000000002
931.0,35.81695,0.0267395
932.0,35.8264,0.026744
933.0,35.83585,0.0267485
934.0,35.8453,0.026753
935.0,35.85475,0.0267575
936.0,35.864200000000004,0.026762
937.0,35.87365,0.026766500000000002
938.0,35.8831,0.026771
939.0,35.89255,0.0267755
940.0,35.902,0.02678
941.0,35.91145,0.0267845
942.0,35.9209,0.026789
943.0,35.930350000000004,0.0267935
944.0,35.9398,0.026798000000000002
945.0,35.94925,0.0268025
946.0,35.9587,0.026807
947.0,35.96815,0.026811500000000002
948.0,35.9776,0.026816
949.0,35.98705,0.0268205
950.0,35.996500000000005,0.026825
951.0,36.00595,0.026829500000000003
952.0,36.0154,0.026834
953.0,36.02485,0.0268385
954.0,36.0343,0.026843000000000002
955.0,36.04375,0.0268475
956.0,36.053200000000004,0.026852
957.0,36.06265,0.026856500000000002
958.0,36.0721,0.026861000000000003
959.0,36.08155,0.0268655
960.0,36.091,0.02687
961.0,36.09538333333334,0.026877500000000002
962.0,36.09976666666667,0.026885000000000003
963.0,36.104150000000004,0.0268925
964.0,36.108533333333334,0.0269
965.0,36.11291666666667,0.0269075
966.0,36.1173,0.026915
967.0,36.12168333333334,0.026922500000000002
968.0,36.12606666666667,0.026930000000000003
969.0,36.13045,0.026937500000000003
970.0,36.13483333333333,0.026945
971.0,36.13921666666667,0.0269525
972.0,36.1436,0.02696
973.0,36.147983333333336,0.026967500000000002
974.0,36.152366666666666,0.026975000000000002
975.0,36.15675,0.0269825
976.0,36.16113333333333,0.02699
977.0,36.16551666666667,0.0269975
978.0,36.1699,0.027005
979.0,36.174283333333335,0.027012500000000002
980.0,36.178666666666665,0.027020000000000002
981.0,36.18305,0.027027500000000003
982.0,36.18743333333333,0.027035
983.0,36.19181666666667,0.0270425
984.0,36.1962,0.02705
985.0,36.200583333333334,0.0270575
986.0,36.204966666666664,0.027065000000000002
987.0,36.20935,0.0270725
988.0,36.21373333333333,0.02708
989.0,36.21811666666667,0.0270875
990.0,36.2225,0.027095
991.0,36.22688333333333,0.0271025
992.0,36.23126666666667,0.027110000000000002
993.0,36.23565,0.027117500000000003
994.0,36.240033333333336,0.027125
995.0,36.244416666666666,0.0271325
996.0,36.2488,0.02714
997.0,36.25318333333333,0.0271475
998.0,36.25756666666667,0.027155000000000002
999.0,36.26195,0.0271625
1000.0,36.266333333333336,0.02717
1001.0,36.270716666666665,0.0271775
1002.0,36.2751,0.027185
1003.0,36.27948333333333,0.0271925
1004.0,36.28386666666667,0.027200000000000002
1005.0,36.28825,0.027207500000000003
1006.0,36.292633333333335,0.027215
1007.0,36.297016666666664,0.0272225
1008.0,36.3014,0.02723
1009.0,36.30578333333333,0.0272375
1010.0,36.31016666666667,0.027245000000000002
1011.0,36.31455,0.0272525
1012.0,36.318933333333334,0.02726
1013.0,36.32331666666666,0.0272675
1014.0,36.3277,0.027275
1015.0,36.33208333333333,0.0272825
1016.0,36.33646666666667,0.027290000000000002
1017.0,36.340849999999996,0.027297500000000002
1018.0,36.34523333333333,0.027305
1019.0,36.34961666666666,0.0273125
1020.0,36.354,0.02732
1021.0,36.36588333333333,0.027330166666666666
1022.0,36.377766666666666,0.027340333333333335
1023.0,36.389649999999996,0.0273505
1024.0,36.40153333333333,0.02736066666666667
1025.0,36.41341666666666,0.027370833333333334
1026.0,36.4253,0.027381
1027.0,36.43718333333333,0.027391166666666668
1028.0,36.44906666666667,0.027401333333333333
1029.0,36.46095,0.027411500000000002
1030.0,36.472833333333334,0.027421666666666667
1031.0,36.484716666666664,0.027431833333333332
1032.0,36.4966,0.027442
1033.0,36.50848333333333,0.027452166666666666
1034.0,36.52036666666667,0.027462333333333335
1035.0,36.53225,0.0274725
1036.0,36.544133333333335,0.027482666666666666
1037.0,36.556016666666665,0.027492833333333334
1038.0,36.5679,0.027503
1039.0,36.57978333333333,0.02751316666666667
1040.0,36.59166666666667,0.027523333333333334
1041.0,36.60355,0.0275335
1042.0,36.615433333333335,0.027543666666666668
1043.0,36.627316666666665,0.027553833333333333
1044.0,36.6392,0.027564
1045.0,36.65108333333333,0.027574166666666667
1046.0,36.66296666666667,0.027584333333333332
1047.0,36.67485,0.0275945
1048.0,36.686733333333336,0.027604666666666666
1049.0,36.698616666666666,0.027614833333333335
1050.0,36.710499999999996,0.027625
1051.0,36.72238333333333,0.027635166666666666
1052.0,36.73426666666666,0.027645333333333334
1053.0,36.74615,0.0276555
1054.0,36.75803333333333,0.02766566666666667
1055.0,36.76991666666667,0.027675833333333334
1056.0,36.7818,0.027686
1057.0,36.793683333333334,0.027696166666666668
1058.0,36.805566666666664,0.027706333333333333
1059.0,36.81745,0.0277165
1060.0,36.82933333333333,0.027726666666666667
1061.0,36.84121666666667,0.027736833333333332
1062.0,36.8531,0.027747
1063.0,36.864983333333335,0.027757166666666666
1064.0,36.876866666666665,0.027767333333333335
1065.0,36.88875,0.0277775
1066.0,36.90063333333333,0.027787666666666665
1067.0,36.91251666666667,0.027797833333333334
1068.0,36.9244,0.027808
1069.0,36.936283333333336,0.027818166666666668
1070.0,36.948166666666665,0.027828333333333333
1071.0,36.96005,0.0278385
1072.0,36.97193333333333,0.027848666666666667
1073.0,36.98381666666667,0.027858833333333333
1074.0,36.9957,0.027869
1075.0,37.007583333333336,0.027879166666666667
1076.0,37.019466666666666,0.027889333333333332
1077.0,37.03135,0.0278995
1078.0,37.04323333333333,0.027909666666666666
1079.0,37.05511666666667,0.027919833333333335
1080.0,37.067,0.02793
1081.0,37.07286666666667,0.0279355
1082.0,37.07873333333333,0.027941
1083.0,37.0846,0.0279465
1084.0,37.090466666666664,0.027952
1085.0,37.096333333333334,0.0279575
1086.0,37.102199999999996,0.027963000000000002
1087.0,37.108066666666666,0.0279685
1088.0,37.113933333333335,0.027974
1089.0,37.1198,0.0279795
1090.0,37.12566666666667,0.027985
1091.0,37.13153333333333,0.0279905
1092.0,37.1374,0.027996
1093.0,37.14326666666667,0.0280015
1094.0,37.14913333333333,0.028007
1095.0,37.155,0.0280125
1096.0,37.160866666666664,0.028018
1097.0,37.16673333333333,0.0280235
1098.0,37.1726,0.028029
1099.0,37.178466666666665,0.0280345
1100.0,37.184333333333335,0.02804
1101.0,37.1902,0.0280455
1102.0,37.19606666666667,0.028051
1103.0,37.20193333333333,0.0280565
1104.0,37.2078,0.028062
1105.0,37.21366666666667,0.0280675
1106.0,37.21953333333333,0.028073
1107.0,37.2254,0.0280785
1108.0,37.23126666666666,0.028084
1109.0,37.23713333333333,0.0280895
1110.0,37.242999999999995,0.028095000000000002
1111.0,37.248866666666665,0.0281005
1112.0,37.254733333333334,0.028106
1113.0,37.2606,0.0281115
1114.0,37.266466666666666,0.028117
1115.0,37.27233333333333,0.0281225
1116.0,37.2782,0.028128
1117.0,37.28406666666667,0.0281335
1118.0,37.28993333333333,0.028139
1119.0,37.2958,0.0281445
1120.0,37.30166666666666,0.02815
1121.0,37.30753333333333,0.0281555
1122.0,37.3134,0.028161
1123.0,37.319266666666664,0.0281665
1124.0,37.32513333333333,0.028172
1125.0,37.330999999999996,0.0281775
1126.0,37.336866666666666,0.028183
1127.0,37.34273333333333,0.028188500000000002
1128.0,37.3486,0.028194
1129.0,37.35446666666667,0.0281995
1130.0,37.36033333333333,0.028205
1131.0,37.3662,0.0282105
1132.0,37.37206666666666,0.028216
1133.0,37.37793333333333,0.0282215
1134.0,37.383799999999994,0.028227000000000002
1135.0,37.38966666666666,0.0282325
1136.0,37.39553333333333,0.028238
1137.0,37.401399999999995,0.0282435
1138.0,37.407266666666665,0.028249
1139.0,37.41313333333333,0.028254500000000002
1140.0,37.419,0.02826
1141.0,37.426716666666664,0.028270833333333335
1142.0,37.43443333333333,0.028281666666666667
1143.0,37.44215,0.0282925
1144.0,37.449866666666665,0.028303333333333333
1145.0,37.45758333333333,0.028314166666666668
1146.0,37.4653,0.028325
1147.0,37.473016666666666,0.028335833333333334
1148.0,37.48073333333333,0.028346666666666666
1149.0,37.48845,0.0283575
1150.0,37.49616666666667,0.028368333333333336
1151.0,37.50388333333333,0.028379166666666667
1152.0,37.511599999999994,0.028390000000000002
1153.0,37.51931666666666,0.028400833333333333
1154.0,37.52703333333333,0.02841166666666667
1155.0,37.534749999999995,0.0284225
1156.0,37.54246666666666,0.028433333333333335
1157.0,37.55018333333333,0.028444166666666666
1158.0,37.5579,0.028455
1159.0,37.56561666666666,0.028465833333333333
1160.0,37.57333333333333,0.028476666666666667
1161.0,37.58105,0.028487500000000002
1162.0,37.588766666666665,0.028498333333333334
1163.0,37.59648333333333,0.02850916666666667
1164.0,37.6042,0.02852
1165.0,37.611916666666666,0.028530833333333335
1166.0,37.61963333333333,0.028541666666666667
1167.0,37.62735,0.0285525
1168.0,37.63506666666667,0.028563333333333333
1169.0,37.642783333333334,0.028574166666666668
1170.0,37.650499999999994,0.028585
1171.0,37.65821666666666,0.028595833333333334
1172.0,37.66593333333333,0.02860666666666667
1173.0,37.673649999999995,0.0286175
1174.0,37.68136666666666,0.028628333333333335
1175.0,37.68908333333333,0.028639166666666667
1176.0,37.696799999999996,0.028650000000000002
1177.0,37.70451666666666,0.028660833333333333
1178.0,37.71223333333333,0.028671666666666668
1179.0,37.71995,0.0286825
1180.0,37.727666666666664,0.028693333333333335
1181.0,37.73538333333333,0.02870416666666667
1182.0,37.7431,0.028715
1183.0,37.750816666666665,0.028725833333333336
1184.0,37.75853333333333,0.028736666666666667
1185.0,37.76625,0.028747500000000002
1186.0,37.77396666666667,0.028758333333333334
1187.0,37.78168333333333,0.02876916666666667
1188.0,37.7894,0.02878
1189.0,37.79711666666667,0.028790833333333335
1190.0,37.804833333333335,0.02880166666666667
1191.0,37.812549999999995,0.0288125
1192.0,37.82026666666666,0.028823333333333336
1193.0,37.82798333333333,0.028834166666666668
1194.0,37.835699999999996,0.028845000000000003
1195.0,37.84341666666666,0.028855833333333334
1196.0,37.85113333333333,0.02886666666666667
1197.0,37.85885,0.0288775
1198.0,37.866566666666664,0.028888333333333335
1199.0,37.87428333333333,0.028899166666666667
1200.0,37.882,0.02891
1201.0,37.886199999999995,0.028915000000000003
1202.0,37.8904,0.02892
1203.0,37.8946,0.028925000000000003
1204.0,37.8988,0.02893
1205.0,37.903,0.028935000000000002
1206.0,37.907199999999996,0.02894
1207.0,37.9114,0.028945000000000002
1208.0,37.9156,0.02895
1209.0,37.919799999999995,0.028955
1210.0,37.924,0.02896
1211.0,37.9282,0.028965
1212.0,37.9324,0.028970000000000003
1213.0,37.9366,0.028975
1214.0,37.940799999999996,0.028980000000000002
1215.0,37.945,0.028985
1216.0,37.9492,0.028990000000000002
1217.0,37.9534,0.028995
1218.0,37.9576,0.029
1219.0,37.9618,0.029005
1220.0,37.966,0.02901
1221.0,37.9702,0.029015000000000003
1222.0,37.974399999999996,0.02902
1223.0,37.9786,0.029025000000000002
1224.0,37.9828,0.02903
1225.0,37.987,0.029035000000000002
1226.0,37.9912,0.02904
1227.0,37.9954,0.029045
1228.0,37.9996,0.02905
1229.0,38.0038,0.029055
1230.0,38.007999999999996,0.029060000000000002
1231.0,38.0122,0.029065
1232.0,38.0164,0.029070000000000002
1233.0,38.0206,0.029075
1234.0,38.0248,0.02908
1235.0,38.028999999999996,0.029085
1236.0,38.0332,0.02909
1237.0,38.0374,0.029095
1238.0,38.0416,0.0291
1239.0,38.0458,0.029105
1240.0,38.05,0.02911
1241.0,38.0542,0.029115000000000002
1242.0,38.0584,0.02912
1243.0,38.062599999999996,0.029125
1244.0,38.0668,0.02913
1245.0,38.071,0.029135
1246.0,38.0752,0.02914
1247.0,38.0794,0.029145
1248.0,38.0836,0.02915
1249.0,38.0878,0.029155
1250.0,38.092,0.02916
1251.0,38.0962,0.029165
1252.0,38.1004,0.02917
1253.0,38.1046,0.029175
1254.0,38.1088,0.02918
1255.0,38.113,0.029185
1256.0,38.1172,0.02919
1257.0,38.1214,0.029195
1258.0,38.1256,0.0292
1259.0,38.1298,0.029205
1260.0,38.134,0.02921
1261.0,38.14455,0.029216666666666665
1262.0,38.1551,0.029223333333333334
1263.0,38.16565,0.02923
1264.0,38.1762,0.029236666666666668
1265.0,38.18675,0.029243333333333333
1266.0,38.1973,0.029249999999999998
1267.0,38.20785,0.029256666666666667
1268.0,38.2184,0.029263333333333332
1269.0,38.22895,0.02927
1270.0,38.2395,0.029276666666666666
1271.0,38.25005,0.029283333333333335
1272.0,38.260600000000004,0.02929
1273.0,38.27115,0.029296666666666665
1274.0,38.2817,0.029303333333333334
1275.0,38.29225,0.02931
1276.0,38.3028,0.029316666666666668
1277.0,38.31335,0.029323333333333333
1278.0,38.3239,0.029330000000000002
1279.0,38.334450000000004,0.029336666666666667
1280.0,38.345,0.029343333333333332
1281.0,38.35555,0.02935
1282.0,38.3661,0.029356666666666666
1283.0,38.37665,0.029363333333333335
1284.0,38.3872,0.02937
1285.0,38.39775,0.029376666666666666
1286.0,38.408300000000004,0.029383333333333334
1287.0,38.41885,0.02939
1288.0,38.4294,0.029396666666666668
1289.0,38.43995,0.029403333333333333
1290.0,38.450500000000005,0.02941
1291.0,38.46105,0.029416666666666667
1292.0,38.4716,0.029423333333333333
1293.0,38.482150000000004,0.02943
1294.0,38.4927,0.029436666666666667
1295.0,38.50325,0.029443333333333335
1296.0,38.5138,0.02945
1297.0,38.524350000000005,0.029456666666666666
1298.0,38.5349,0.029463333333333334
1299.0,38.54545,0.02947
1300.0,38.556000000000004,0.02947666666666667
1301.0,38.56655,0.029483333333333334
1302.0,38.5771,0.029490000000000002
1303.0,38.587650000000004,0.029496666666666668
1304.0,38.598200000000006,0.029503333333333333
1305.0,38.60875,0.02951
1306.0,38.6193,0.029516666666666667
1307.0,38.629850000000005,0.029523333333333335
1308.0,38.6404,0.02953
1309.0,38.65095,0.029536666666666666
1310.0,38.661500000000004,0.029543333333333335
1311.0,38.672050000000006,0.02955
1312.0,38.6826,0.02955666666666667
1313.0,38.69315,0.029563333333333334
1314.0,38.703700000000005,0.02957
1315.0,38.71425,0.029576666666666668
1316.0,38.7248,0.029583333333333333
1317.0,38.735350000000004,0.02959
1318.0,38.745900000000006,0.029596666666666667
1319.0,38.75645,0.029603333333333336
1320.0,38.767,0.02961
1321.0,38.77296666666667,0.029621333333333333
1322.0,38.778933333333335,0.029632666666666668
1323.0,38.7849,0.029644
1324.0,38.790866666666666,0.029655333333333336
1325.0,38.79683333333334,0.029666666666666668
1326.0,38.802800000000005,0.029678
1327.0,38.80876666666667,0.029689333333333335
1328.0,38.814733333333336,0.029700666666666667
1329.0,38.8207,0.029712000000000002
1330.0,38.82666666666667,0.029723333333333334
1331.0,38.832633333333334,0.029734666666666666
1332.0,38.8386,0.029746
1333.0,38.84456666666667,0.029757333333333334
1334.0,38.85053333333334,0.02976866666666667
1335.0,38.856500000000004,0.02978
1336.0,38.86246666666667,0.029791333333333333
1337.0,38.868433333333336,0.02980266666666667
1338.0,38.8744,0.029814
1339.0,38.88036666666667,0.029825333333333336
1340.0,38.88633333333333,0.029836666666666668
1341.0,38.8923,0.029848
1342.0,38.89826666666667,0.029859333333333335
1343.0,38.90423333333334,0.029870666666666667
1344.0,38.9102,0.029882000000000002
1345.0,38.91616666666667,0.029893333333333334
1346.0,38.922133333333335,0.029904666666666666
1347.0,38.9281,0.029916
1348.0,38.934066666666666,0.029927333333333334
1349.0,38.94003333333333,0.02993866666666667
1350.0,38.946,0.02995
1351.0,38.95196666666667,0.029961333333333333
1352.0,38.95793333333334,0.02997266666666667
1353.0,38.9639,0.029984
1354.0,38.96986666666667,0.029995333333333336
1355.0,38.975833333333334,0.030006666666666668
1356.0,38.9818,0.030018
1357.0,38.987766666666666,0.030029333333333335
1358.0,38.99373333333333,0.030040666666666667
1359.0,38.999700000000004,0.030052000000000002
1360.0,39.00566666666667,0.030063333333333334
1361.0,39.011633333333336,0.030074666666666666
1362.0,39.0176,0.030086
1363.0,39.02356666666667,0.030097333333333334
1364.0,39.02953333333333,0.03010866666666667
1365.0,39.0355,0.03012
1366.0,39.041466666666665,0.030131333333333333
1367.0,39.04743333333333,0.03014266666666667
1368.0,39.0534,0.030154
1369.0,39.05936666666667,0.030165333333333336
1370.0,39.065333333333335,0.030176666666666668
1371.0,39.0713,0.030188
1372.0,39.07726666666667,0.030199333333333335
1373.0,39.08323333333333,0.030210666666666667
1374.0,39.0892,0.030222000000000002
1375.0,39.095166666666664,0.030233333333333334
1376.0,39.10113333333334,0.030244666666666666
1377.0,39.1071,0.030256
1378.0,39.11306666666667,0.030267333333333334
1379.0,39.119033333333334,0.03027866666666667
1380.0,39.125,0.03029
1381.0,39.13055,0.030293666666666667
1382.0,39.1361,0.030297333333333336
1383.0,39.14165,0.030301
1384.0,39.1472,0.030304666666666667
1385.0,39.15275,0.030308333333333333
1386.0,39.1583,0.030312000000000002
1387.0,39.16385,0.030315666666666668
1388.0,39.1694,0.030319333333333334
1389.0,39.17495,0.030323
1390.0,39.1805,0.03032666666666667
1391.0,39.18605,0.030330333333333334
1392.0,39.1916,0.030334
1393.0,39.19715,0.030337666666666666
1394.0,39.2027,0.030341333333333335
1395.0,39.20825,0.030345
1396.0,39.2138,0.030348666666666666
1397.0,39.21935,0.030352333333333335
1398.0,39.2249,0.030356
1399.0,39.23045,0.030359666666666667
1400.0,39.236,0.030363333333333332
1401.0,39.24155,0.030367
1402.0,39.247099999999996,0.030370666666666667
1403.0,39.25265,0.030374333333333333
1404.0,39.2582,0.030378
1405.0,39.26375,0.030381666666666668
1406.0,39.2693,0.030385333333333334
1407.0,39.27485,0.030389
1408.0,39.2804,0.030392666666666665
1409.0,39.28595,0.030396333333333334
1410.0,39.2915,0.0304
1411.0,39.29705,0.030403666666666666
1412.0,39.3026,0.030407333333333335
1413.0,39.30815,0.030411
1414.0,39.3137,0.030414666666666666
1415.0,39.31925,0.030418333333333332
1416.0,39.324799999999996,0.030422
1417.0,39.330349999999996,0.030425666666666667
1418.0,39.3359,0.030429333333333333
1419.0,39.34145,0.030432999999999998
1420.0,39.347,0.030436666666666667
1421.0,39.35255,0.030440333333333333
1422.0,39.3581,0.030444
1423.0,39.36365,0.030447666666666665
1424.0,39.3692,0.030451333333333334
1425.0,39.37475,0.030455
1426.0,39.3803,0.030458666666666665
1427.0,39.38585,0.030462333333333334
1428.0,39.3914,0.030466
1429.0,39.39695,0.030469666666666666
1430.0,39.402499999999996,0.03047333333333333
1431.0,39.408049999999996,0.030477
1432.0,39.413599999999995,0.030480666666666666
1433.0,39.41915,0.030484333333333332
1434.0,39.4247,0.030487999999999998
1435.0,39.43025,0.030491666666666667
1436.0,39.4358,0.030495333333333333
1437.0,39.44135,0.030499
1438.0,39.4469,0.030502666666666664
1439.0,39.45245,0.030506333333333333
1440.0,39.458,0.03051
1441.0,39.46028333333333,0.03051783333333333
1442.0,39.46256666666667,0.030525666666666666
1443.0,39.46485,0.030533499999999998
1444.0,39.46713333333333,0.030541333333333334
1445.0,39.46941666666667,0.030549166666666665
1446.0,39.4717,0.030557
1447.0,39.47398333333333,0.030564833333333333
1448.0,39.47626666666667,0.030572666666666665
1449.0,39.47855,0.0305805
1450.0,39.48083333333333,0.030588333333333332
1451.0,39.48311666666667,0.030596166666666667
1452.0,39.4854,0.030604
1453.0,39.48768333333333,0.03061183333333333
1454.0,39.48996666666667,0.030619666666666667
1455.0,39.49225,0.0306275
1456.0,39.49453333333333,0.030635333333333334
1457.0,39.49681666666667,0.030643166666666666
1458.0,39.4991,0.030650999999999998
1459.0,39.50138333333333,0.030658833333333333
1460.0,39.50366666666667,0.030666666666666665
1461.0,39.50595,0.0306745
1462.0,39.50823333333333,0.030682333333333332
1463.0,39.51051666666667,0.030690166666666668
1464.0,39.5128,0.030698
1465.0,39.51508333333333,0.03070583333333333
1466.0,39.51736666666667,0.030713666666666667
1467.0,39.51965,0.0307215
1468.0,39.52193333333333,0.030729333333333334
1469.0,39.52421666666667,0.030737166666666666
1470.0,39.5265,0.030744999999999998
1471.0,39.52878333333333,0.030752833333333333
1472.0,39.53106666666667,0.030760666666666665
1473.0,39.53335,0.0307685
1474.0,39.53563333333333,0.030776333333333333
1475.0,39.53791666666667,0.030784166666666668
1476.0,39.5402,0.030792
1477.0,39.54248333333333,0.030799833333333332
1478.0,39.54476666666667,0.030807666666666667
1479.0,39.54705,0.0308155
1480.0,39.54933333333333,0.030823333333333335
1481.0,39.55161666666667,0.030831166666666666
1482.0,39.5539,0.030839
1483.0,39.55618333333333,0.030846833333333334
1484.0,39.55846666666667,0.030854666666666666
1485.0,39.56075,0.0308625
1486.0,39.56303333333333,0.030870333333333333
1487.0,39.56531666666667,0.03087816666666667
1488.0,39.5676,0.030886
1489.0,39.56988333333333,0.030893833333333332
1490.0,39.57216666666667,0.030901666666666668
1491.0,39.57445,0.0309095
1492.0,39.57673333333333,0.030917333333333335
1493.0,39.57901666666667,0.030925166666666667
1494.0,39.5813,0.030933
1495.0,39.58358333333333,0.030940833333333334
1496.0,39.58586666666667,0.030948666666666666
1497.0,39.58815,0.0309565
1498.0,39.59043333333333,0.030964333333333333
1499.0,39.59271666666667,0.03097216666666667
1500.0,39.595,0.03098
1501.0,39.60276666666667,0.0309865
1502.0,39.61053333333333,0.030993
1503.0,39.6183,0.0309995
1504.0,39.62606666666667,0.031006000000000002
1505.0,39.633833333333335,0.031012500000000002
1506.0,39.6416,0.031019
1507.0,39.649366666666666,0.0310255
1508.0,39.657133333333334,0.031032
1509.0,39.664899999999996,0.0310385
1510.0,39.672666666666665,0.031045
1511.0,39.68043333333333,0.0310515
1512.0,39.6882,0.031058000000000002
1513.0,39.69596666666666,0.031064500000000002
1514.0,39.70373333333333,0.031071
1515.0,39.7115,0.0310775
1516.0,39.71926666666666,0.031084
1517.0,39.72703333333333,0.0310905
1518.0,39.7348,0.031097
1519.0,39.74256666666667,0.031103500000000003
1520.0,39.75033333333333,0.031110000000000002
1521.0,39.7581,0.031116500000000002
1522.0,39.76586666666667,0.031123
1523.0,39.77363333333333,0.0311295
1524.0,39.7814,0.031136
1525.0,39.78916666666667,0.0311425
1526.0,39.796933333333335,0.031149
1527.0,39.8047,0.031155500000000003
1528.0,39.812466666666666,0.031162000000000002
1529.0,39.820233333333334,0.031168500000000002
1530.0,39.828,0.031175
1531.0,39.835766666666665,0.0311815
1532.0,39.84353333333333,0.031188
1533.0,39.8513,0.0311945
1534.0,39.85906666666666,0.031201000000000003
1535.0,39.86683333333333,0.031207500000000003
1536.0,39.8746,0.031214000000000002
1537.0,39.88236666666667,0.0312205
1538.0,39.89013333333333,0.031227
1539.0,39.8979,0.0312335
1540.0,39.90566666666667,0.03124
1541.0,39.91343333333333,0.0312465
1542.0,39.9212,0.031253
1543.0,39.92896666666667,0.0312595
1544.0,39.936733333333336,0.031266
1545.0,39.9445,0.0312725
1546.0,39.95226666666667,0.031279
1547.0,39.960033333333335,0.0312855
1548.0,39.9678,0.031292
1549.0,39.975566666666666,0.0312985
1550.0,39.983333333333334,0.031305
1551.0,39.9911,0.0313115
1552.0,39.998866666666665,0.031318
1553.0,40.00663333333333,0.031324500000000005
1554.0,40.0144,0.031331000000000005
1555.0,40.022166666666664,0.031337500000000004
1556.0,40.02993333333333,0.031344000000000004
1557.0,40.0377,0.0313505
1558.0,40.04546666666667,0.031357
1559.0,40.05323333333333,0.0313635
1560.0,40.061,0.03137
1561.0,40.06395,0.031377
1562.0,40.0669,0.031384
1563.0,40.06985,0.031391
1564.0,40.0728,0.031398
1565.0,40.07575,0.031405
1566.0,40.0787,0.031412
1567.0,40.08165,0.031419
1568.0,40.0846,0.031426
1569.0,40.08755,0.031433
1570.0,40.0905,0.03144
1571.0,40.09345,0.031447
1572.0,40.0964,0.031454
1573.0,40.09935,0.031461
1574.0,40.1023,0.031468
1575.0,40.10525,0.031475
1576.0,40.1082,0.031482
1577.0,40.11115,0.031489
1578.0,40.1141,0.031496
1579.0,40.11705,0.031503
1580.0,40.12,0.03151
1581.0,40.12295,0.031517
1582.0,40.1259,0.031524
1583.0,40.12885,0.031531
1584.0,40.1318,0.031538000000000004
1585.0,40.13475,0.031545000000000004
1586.0,40.1377,0.031552000000000004
1587.0,40.14065,0.031559000000000004
1588.0,40.1436,0.031566000000000004
1589.0,40.14655,0.031573000000000004
1590.0,40.1495,0.03158
1591.0,40.15245,0.031587
1592.0,40.1554,0.031594
1593.0,40.15835,0.031601
1594.0,40.1613,0.031608
1595.0,40.16425,0.031615
1596.0,40.1672,0.031622
1597.0,40.17015,0.031629
1598.0,40.1731,0.031636
1599.0,40.17605,0.031643
1600.0,40.179,0.03165
1601.0,40.18195,0.031657
1602.0,40.1849,0.031664
1603.0,40.18785,0.031671
1604.0,40.1908,0.031678
1605.0,40.19375,0.031685
1606.0,40.1967,0.031692
1607.0,40.19965,0.031699
1608.0,40.2026,0.031706
1609.0,40.20555,0.031713
1610.0,40.2085,0.03172
1611.0,40.21145,0.031727
1612.0,40.2144,0.031734
1613.0,40.217349999999996,0.031741
1614.0,40.2203,0.031748
1615.0,40.22325,0.031755
1616.0,40.2262,0.031762
1617.0,40.22915,0.031769
1618.0,40.2321,0.031776
1619.0,40.23505,0.031783
1620.0,40.238,0.03179
1621.0,40.24438333333333,0.03179666666666667
1622.0,40.250766666666664,0.03180333333333333
1623.0,40.25715,0.03181
1624.0,40.263533333333335,0.03181666666666667
1625.0,40.26991666666667,0.031823333333333335
1626.0,40.2763,0.03183
1627.0,40.28268333333333,0.031836666666666666
1628.0,40.28906666666666,0.031843333333333335
1629.0,40.29545,0.031849999999999996
1630.0,40.301833333333335,0.031856666666666665
1631.0,40.30821666666667,0.031863333333333334
1632.0,40.3146,0.03187
1633.0,40.32098333333333,0.031876666666666664
1634.0,40.32736666666667,0.03188333333333333
1635.0,40.33375,0.03189
1636.0,40.340133333333334,0.03189666666666666
1637.0,40.346516666666666,0.03190333333333333
1638.0,40.3529,0.03191
1639.0,40.35928333333333,0.03191666666666667
1640.0,40.36566666666667,0.03192333333333333
1641.0,40.37205,0.03193
1642.0,40.378433333333334,0.03193666666666667
1643.0,40.384816666666666,0.03194333333333333
1644.0,40.3912,0.03195
1645.0,40.39758333333334,0.03195666666666667
1646.0,40.40396666666667,0.03196333333333334
1647.0,40.41035,0.03197
1648.0,40.41673333333333,0.03197666666666667
1649.0,40.423116666666665,0.031983333333333336
1650.0,40.429500000000004,0.031990000000000005
1651.0,40.43588333333334,0.031996666666666666
1652.0,40.44226666666667,0.032003333333333335
1653.0,40.44865,0.032010000000000004
1654.0,40.45503333333333,0.032016666666666665
1655.0,40.461416666666665,0.032023333333333334
1656.0,40.467800000000004,0.03203
1657.0,40.474183333333336,0.03203666666666667
1658.0,40.48056666666667,0.03204333333333333
1659.0,40.48695,0.03205
1660.0,40.49333333333333,0.03205666666666667
1661.0,40.49971666666667,0.03206333333333333
1662.0,40.5061,0.03207
1663.0,40.512483333333336,0.03207666666666667
1664.0,40.51886666666667,0.03208333333333334
1665.0,40.52525,0.03209
1666.0,40.53163333333333,0.03209666666666667
1667.0,40.53801666666667,0.03210333333333334
1668.0,40.5444,0.03211
1669.0,40.550783333333335,0.03211666666666667
1670.0,40.55716666666667,0.03212333333333334
1671.0,40.56355,0.032130000000000006
1672.0,40.56993333333334,0.03213666666666667
1673.0,40.57631666666667,0.032143333333333336
1674.0,40.5827,0.032150000000000005
1675.0,40.589083333333335,0.03215666666666667
1676.0,40.59546666666667,0.032163333333333335
1677.0,40.60185,0.032170000000000004
1678.0,40.60823333333334,0.03217666666666667
1679.0,40.61461666666667,0.032183333333333335
1680.0,40.621,0.03219
1681.0,40.63008333333334,0.03219716666666667
1682.0,40.63916666666667,0.032204333333333335
1683.0,40.648250000000004,0.032211500000000004
1684.0,40.657333333333334,0.03221866666666667
1685.0,40.66641666666667,0.032225833333333335
1686.0,40.6755,0.032233000000000005
1687.0,40.684583333333336,0.03224016666666667
1688.0,40.693666666666665,0.032247333333333336
1689.0,40.70275,0.032254500000000005
1690.0,40.71183333333333,0.03226166666666667
1691.0,40.72091666666667,0.03226883333333334
1692.0,40.730000000000004,0.032276000000000006
1693.0,40.73908333333333,0.03228316666666667
1694.0,40.74816666666667,0.03229033333333334
1695.0,40.75725,0.03229750000000001
1696.0,40.766333333333336,0.03230466666666667
1697.0,40.775416666666665,0.03231183333333334
1698.0,40.7845,0.032319
1699.0,40.79358333333333,0.03232616666666667
1700.0,40.80266666666667,0.03233333333333334
1701.0,40.81175,0.0323405
1702.0,40.82083333333333,0.03234766666666667
1703.0,40.82991666666667,0.03235483333333334
1704.0,40.839,0.032362
1705.0,40.848083333333335,0.03236916666666667
1706.0,40.857166666666664,0.03237633333333333
1707.0,40.86625,0.0323835
1708.0,40.87533333333333,0.03239066666666667
1709.0,40.88441666666667,0.032397833333333334
1710.0,40.8935,0.032405
1711.0,40.90258333333333,0.03241216666666667
1712.0,40.91166666666667,0.032419333333333335
1713.0,40.92075,0.032426500000000004
1714.0,40.929833333333335,0.03243366666666667
1715.0,40.938916666666664,0.032440833333333335
1716.0,40.948,0.032448000000000005
1717.0,40.95708333333333,0.03245516666666667
1718.0,40.966166666666666,0.032462333333333336
1719.0,40.975249999999996,0.032469500000000005
1720.0,40.98433333333333,0.03247666666666667
1721.0,40.99341666666667,0.03248383333333334
1722.0,41.0025,0.032491000000000006
1723.0,41.011583333333334,0.03249816666666667
1724.0,41.02066666666666,0.03250533333333334
1725.0,41.02975,0.0325125
1726.0,41.03883333333333,0.03251966666666667
1727.0,41.047916666666666,0.03252683333333334
1728.0,41.056999999999995,0.032534
1729.0,41.06608333333333,0.03254116666666667
1730.0,41.07516666666666,0.03254833333333334
1731.0,41.08425,0.0325555
1732.0,41.093333333333334,0.03256266666666667
1733.0,41.10241666666666,0.03256983333333334
1734.0,41.1115,0.032577
1735.0,41.12058333333333,0.03258416666666667
1736.0,41.129666666666665,0.03259133333333333
1737.0,41.138749999999995,0.0325985
1738.0,41.14783333333333,0.03260566666666667
1739.0,41.15691666666666,0.032612833333333334
1740.0,41.166,0.03262
1741.0,41.17178333333333,0.032627500000000004
1742.0,41.177566666666664,0.032635000000000004
1743.0,41.18335,0.032642500000000005
1744.0,41.18913333333333,0.032650000000000005
1745.0,41.194916666666664,0.032657500000000006
1746.0,41.2007,0.032665
1747.0,41.20648333333333,0.0326725
1748.0,41.212266666666665,0.03268
1749.0,41.21805,0.0326875
1750.0,41.22383333333333,0.032695
1751.0,41.229616666666665,0.0327025
1752.0,41.2354,0.03271
1753.0,41.24118333333333,0.032717500000000004
1754.0,41.246966666666665,0.032725000000000004
1755.0,41.25275,0.032732500000000005
1756.0,41.25853333333333,0.032740000000000005
1757.0,41.264316666666666,0.032747500000000006
1758.0,41.2701,0.032755000000000006
1759.0,41.27588333333333,0.0327625
1760.0,41.281666666666666,0.03277
1761.0,41.28745,0.0327775
1762.0,41.29323333333333,0.032785
1763.0,41.29901666666667,0.0327925
1764.0,41.3048,0.0328
1765.0,41.310583333333334,0.0328075
1766.0,41.31636666666667,0.032815000000000004
1767.0,41.32215,0.032822500000000004
1768.0,41.327933333333334,0.032830000000000005
1769.0,41.33371666666667,0.032837500000000006
1770.0,41.3395,0.032845
1771.0,41.34528333333333,0.0328525
1772.0,41.35106666666666,0.03286
1773.0,41.356849999999994,0.0328675
1774.0,41.36263333333333,0.032875
1775.0,41.36841666666666,0.0328825
1776.0,41.374199999999995,0.03289
1777.0,41.37998333333333,0.0328975
1778.0,41.38576666666666,0.032905000000000004
1779.0,41.391549999999995,0.032912500000000004
1780.0,41.39733333333333,0.032920000000000005
1781.0,41.40311666666666,0.032927500000000005
1782.0,41.408899999999996,0.032935000000000006
1783.0,41.41468333333333,0.0329425
1784.0,41.42046666666666,0.03295
1785.0,41.426249999999996,0.0329575
1786.0,41.43203333333333,0.032965
1787.0,41.43781666666666,0.0329725
1788.0,41.443599999999996,0.03298
1789.0,41.44938333333333,0.0329875
1790.0,41.45516666666666,0.032995000000000003
1791.0,41.46095,0.033002500000000004
1792.0,41.46673333333333,0.033010000000000005
1793.0,41.472516666666664,0.033017500000000005
1794.0,41.4783,0.033025
1795.0,41.48408333333333,0.0330325
1796.0,41.489866666666664,0.03304
1797.0,41.49565,0.0330475
1798.0,41.50143333333333,0.033055
1799.0,41.507216666666665,0.0330625
1800.0,41.513,0.03307
1801.0,41.519749999999995,0.03307633333333333
1802.0,41.5265,0.03308266666666667
1803.0,41.533249999999995,0.033089
1804.0,41.54,0.03309533333333334
1805.0,41.546749999999996,0.03310166666666667
1806.0,41.5535,0.033108
1807.0,41.560249999999996,0.033114333333333336
1808.0,41.567,0.033120666666666666
1809.0,41.57375,0.033127000000000004
1810.0,41.5805,0.033133333333333334
1811.0,41.58725,0.03313966666666667
1812.0,41.594,0.033146
1813.0,41.60075,0.03315233333333333
1814.0,41.6075,0.03315866666666667
1815.0,41.61425,0.033165
1816.0,41.620999999999995,0.03317133333333334
1817.0,41.62775,0.03317766666666667
1818.0,41.634499999999996,0.033184000000000005
1819.0,41.64125,0.033190333333333336
1820.0,41.647999999999996,0.033196666666666666
1821.0,41.65475,0.033203
1822.0,41.6615,0.033209333333333334
1823.0,41.66825,0.03321566666666667
1824.0,41.675,0.033222
1825.0,41.68175,0.03322833333333333
1826.0,41.6885,0.03323466666666667
1827.0,41.69525,0.033241
1828.0,41.702,0.03324733333333334
1829.0,41.70875,0.03325366666666667
1830.0,41.7155,0.03326
1831.0,41.722249999999995,0.033266333333333335
1832.0,41.729,0.033272666666666666
1833.0,41.735749999999996,0.033279
1834.0,41.7425,0.03328533333333333
1835.0,41.749249999999996,0.03329166666666667
1836.0,41.756,0.033298
1837.0,41.76275,0.03330433333333333
1838.0,41.7695,0.03331066666666667
1839.0,41.77625,0.033317
1840.0,41.783,0.03332333333333334
1841.0,41.78975,0.03332966666666667
1842.0,41.7965,0.033336000000000005
1843.0,41.80325,0.033342333333333335
1844.0,41.81,0.033348666666666665
1845.0,41.81675,0.033355
1846.0,41.823499999999996,0.03336133333333333
1847.0,41.83025,0.03336766666666667
1848.0,41.836999999999996,0.033374
1849.0,41.84375,0.03338033333333333
1850.0,41.8505,0.03338666666666667
1851.0,41.85725,0.033393
1852.0,41.864,0.033399333333333336
1853.0,41.87075,0.03340566666666667
1854.0,41.8775,0.033412
1855.0,41.88425,0.033418333333333335
1856.0,41.891,0.033424666666666665
1857.0,41.89775,0.033431
1858.0,41.9045,0.03343733333333333
1859.0,41.91125,0.03344366666666667
1860.0,41.918,0.03345
1861.0,41.91856666666666,0.033459666666666665
1862.0,41.919133333333335,0.03346933333333334
1863.0,41.9197,0.033479
1864.0,41.92026666666666,0.03348866666666667
1865.0,41.920833333333334,0.03349833333333333
1866.0,41.9214,0.033508
1867.0,41.92196666666666,0.03351766666666667
1868.0,41.922533333333334,0.03352733333333333
1869.0,41.9231,0.033537
1870.0,41.92366666666666,0.03354666666666667
1871.0,41.92423333333333,0.033556333333333334
1872.0,41.9248,0.033566
1873.0,41.92536666666667,0.03357566666666666
1874.0,41.92593333333333,0.033585333333333335
1875.0,41.9265,0.033595
1876.0,41.92706666666667,0.033604666666666665
1877.0,41.92763333333333,0.033614333333333336
1878.0,41.9282,0.033624
1879.0,41.92876666666667,0.033633666666666666
1880.0,41.92933333333333,0.03364333333333333
1881.0,41.929899999999996,0.033653
1882.0,41.93046666666667,0.03366266666666667
1883.0,41.93103333333333,0.03367233333333333
1884.0,41.931599999999996,0.033682
1885.0,41.93216666666667,0.03369166666666667
1886.0,41.93273333333333,0.03370133333333333
1887.0,41.933299999999996,0.033711
1888.0,41.93386666666667,0.03372066666666666
1889.0,41.93443333333333,0.033730333333333334
1890.0,41.935,0.03374
1891.0,41.935566666666666,0.033749666666666664
1892.0,41.93613333333333,0.033759333333333336
1893.0,41.9367,0.033769
1894.0,41.937266666666666,0.033778666666666665
1895.0,41.93783333333333,0.03378833333333333
1896.0,41.9384,0.033798
1897.0,41.938966666666666,0.033807666666666666
1898.0,41.93953333333333,0.03381733333333333
1899.0,41.9401,0.033826999999999996
1900.0,41.940666666666665,0.03383666666666667
1901.0,41.94123333333333,0.03384633333333333
1902.0,41.9418,0.033856
1903.0,41.942366666666665,0.03386566666666666
1904.0,41.94293333333333,0.033875333333333334
1905.0,41.9435,0.033885
1906.0,41.944066666666664,0.03389466666666666
1907.0,41.94463333333333,0.033904333333333335
1908.0,41.9452,0.033914
1909.0,41.945766666666664,0.033923666666666664
1910.0,41.946333333333335,0.03393333333333333
1911.0,41.9469,0.033943
1912.0,41.947466666666664,0.033952666666666666
1913.0,41.948033333333335,0.03396233333333333
1914.0,41.9486,0.033971999999999995
1915.0,41.94916666666666,0.03398166666666667
1916.0,41.949733333333334,0.03399133333333333
1917.0,41.9503,0.034000999999999997
1918.0,41.95086666666666,0.03401066666666666
1919.0,41.951433333333334,0.03402033333333333
1920.0,41.952,0.03403
1921.0,41.95718333333333,0.03403733333333333
1922.0,41.96236666666667,0.03404466666666667
1923.0,41.967549999999996,0.034052
1924.0,41.97273333333333,0.03405933333333333
1925.0,41.977916666666665,0.03406666666666666
1926.0,41.9831,0.034074
1927.0,41.98828333333333,0.03408133333333333
1928.0,41.99346666666666,0.03408866666666666
1929.0,41.99865,0.034096
1930.0,42.00383333333333,0.03410333333333333
1931.0,42.00901666666667,0.034110666666666664
1932.0,42.014199999999995,0.034117999999999996
1933.0,42.01938333333333,0.034125333333333334
1934.0,42.024566666666665,0.034132666666666665
1935.0,42.02975,0.03414
1936.0,42.034933333333335,0.034147333333333335
1937.0,42.04011666666666,0.034154666666666667
1938.0,42.0453,0.034162
1939.0,42.05048333333333,0.03416933333333333
1940.0,42.05566666666667,0.03417666666666667
1941.0,42.060849999999995,0.034184
1942.0,42.06603333333333,0.03419133333333333
1943.0,42.071216666666665,0.03419866666666667
1944.0,42.0764,0.034206
1945.0,42.081583333333334,0.03421333333333333
1946.0,42.08676666666666,0.03422066666666666
1947.0,42.09195,0.034228
1948.0,42.09713333333333,0.03423533333333333
1949.0,42.10231666666667,0.034242666666666664
1950.0,42.1075,0.03425
1951.0,42.11268333333333,0.034257333333333334
1952.0,42.117866666666664,0.034264666666666665
1953.0,42.12305,0.034272
1954.0,42.128233333333334,0.034279333333333335
1955.0,42.13341666666666,0.03428666666666667
1956.0,42.1386,0.034294
1957.0,42.14378333333333,0.03430133333333333
1958.0,42.14896666666667,0.03430866666666667
1959.0,42.15415,0.034316
1960.0,42.15933333333333,0.03432333333333333
1961.0,42.164516666666664,0.03433066666666667
1962.0,42.1697,0.034338
1963.0,42.174883333333334,0.03434533333333333
1964.0,42.18006666666666,0.03435266666666666
1965.0,42.185249999999996,0.03436
1966.0,42.19043333333333,0.03436733333333333
1967.0,42.195616666666666,0.034374666666666664
1968.0,42.2008,0.034382
1969.0,42.20598333333333,0.034389333333333334
1970.0,42.211166666666664,0.034396666666666666
1971.0,42.21635,0.034404
1972.0,42.22153333333333,0.034411333333333335
1973.0,42.22671666666667,0.03441866666666667
1974.0,42.231899999999996,0.034426
1975.0,42.23708333333333,0.03443333333333334
1976.0,42.242266666666666,0.03444066666666667
1977.0,42.24745,0.034448
1978.0,42.25263333333333,0.03445533333333333
1979.0,42.25781666666666,0.03446266666666667
1980.0,42.263,0.03447
1981.0,42.268433333333334,0.034474833333333336
1982.0,42.27386666666666,0.034479666666666665
1983.0,42.2793,0.0344845
1984.0,42.28473333333333,0.03448933333333334
1985.0,42.290166666666664,0.034494166666666666
1986.0,42.2956,0.034499
1987.0,42.30103333333333,0.03450383333333333
1988.0,42.306466666666665,0.03450866666666667
1989.0,42.3119,0.0345135
1990.0,42.31733333333333,0.03451833333333333
1991.0,42.322766666666666,0.03452316666666667
1992.0,42.328199999999995,0.034528
1993.0,42.33363333333333,0.03453283333333333
1994.0,42.33906666666667,0.03453766666666667
1995.0,42.3445,0.034542500000000004
1996.0,42.34993333333333,0.03454733333333333
1997.0,42.35536666666666,0.03455216666666667
1998.0,42.3608,0.034557
1999.0,42.366233333333334,0.03456183333333333
2000.0,42.37166666666666,0.03456666666666667
2001.0,42.3771,0.0345715
2002.0,42.382533333333335,0.034576333333333334
2003.0,42.387966666666664,0.03458116666666667
2004.0,42.3934,0.034586
2005.0,42.39883333333333,0.034590833333333335
2006.0,42.404266666666665,0.03459566666666666
2007.0,42.4097,0.0346005
2008.0,42.41513333333333,0.034605333333333335
2009.0,42.420566666666666,0.034610166666666664
2010.0,42.426,0.034615
2011.0,42.43143333333333,0.034619833333333336
2012.0,42.43686666666667,0.034624666666666665
2013.0,42.442299999999996,0.0346295
2014.0,42.44773333333333,0.034634333333333336
2015.0,42.45316666666667,0.034639166666666665
2016.0,42.4586,0.034644
2017.0,42.46403333333333,0.03464883333333333
2018.0,42.46946666666666,0.034653666666666666
2019.0,42.4749,0.0346585
2020.0,42.480333333333334,0.03466333333333333
2021.0,42.48576666666666,0.03466816666666667
2022.0,42.4912,0.034673
2023.0,42.496633333333335,0.03467783333333333
2024.0,42.502066666666664,0.03468266666666667
2025.0,42.5075,0.034687499999999996
2026.0,42.51293333333333,0.03469233333333333
2027.0,42.518366666666665,0.03469716666666667
2028.0,42.5238,0.034702
2029.0,42.52923333333333,0.03470683333333333
2030.0,42.534666666666666,0.03471166666666667
2031.0,42.540099999999995,0.0347165
2032.0,42.54553333333333,0.03472133333333333
2033.0,42.55096666666667,0.03472616666666667
2034.0,42.5564,0.034731
2035.0,42.56183333333333,0.034735833333333334
2036.0,42.56726666666667,0.03474066666666666
2037.0,42.5727,0.0347455
2038.0,42.578133333333334,0.034750333333333334
2039.0,42.58356666666666,0.03475516666666666
2040.0,42.589,0.03476
2041.0,42.5916,0.03476616666666667
2042.0,42.5942,0.034772333333333336
2043.0,42.5968,0.0347785
2044.0,42.599399999999996,0.034784666666666665
2045.0,42.602,0.03479083333333333
2046.0,42.6046,0.034797
2047.0,42.6072,0.03480316666666666
2048.0,42.6098,0.03480933333333333
2049.0,42.6124,0.0348155
2050.0,42.614999999999995,0.03482166666666667
2051.0,42.617599999999996,0.034827833333333336
2052.0,42.6202,0.034834
2053.0,42.6228,0.034840166666666665
2054.0,42.6254,0.03484633333333333
2055.0,42.628,0.0348525
2056.0,42.6306,0.03485866666666667
2057.0,42.633199999999995,0.03486483333333333
2058.0,42.635799999999996,0.034871
2059.0,42.6384,0.03487716666666667
2060.0,42.641,0.034883333333333336
2061.0,42.6436,0.0348895
2062.0,42.6462,0.034895666666666665
2063.0,42.6488,0.03490183333333333
2064.0,42.651399999999995,0.034908
2065.0,42.653999999999996,0.03491416666666667
2066.0,42.6566,0.03492033333333333
2067.0,42.6592,0.0349265
2068.0,42.6618,0.03493266666666667
2069.0,42.6644,0.034938833333333336
2070.0,42.667,0.034945000000000004
2071.0,42.669599999999996,0.034951166666666665
2072.0,42.6722,0.03495733333333333
2073.0,42.6748,0.0349635
2074.0,42.6774,0.03496966666666667
2075.0,42.68,0.03497583333333333
2076.0,42.6826,0.034982
2077.0,42.685199999999995,0.03498816666666667
2078.0,42.687799999999996,0.034994333333333336
2079.0,42.6904,0.035000500000000004
2080.0,42.693,0.035006666666666665
2081.0,42.6956,0.03501283333333333
2082.0,42.6982,0.035019
2083.0,42.7008,0.03502516666666667
2084.0,42.703399999999995,0.03503133333333333
2085.0,42.705999999999996,0.0350375
2086.0,42.7086,0.03504366666666667
2087.0,42.7112,0.035049833333333336
2088.0,42.7138,0.035056000000000004
2089.0,42.7164,0.035062166666666665
2090.0,42.718999999999994,0.03506833333333333
2091.0,42.721599999999995,0.0350745
2092.0,42.724199999999996,0.03508066666666667
2093.0,42.7268,0.03508683333333334
2094.0,42.7294,0.035093
2095.0,42.732,0.03509916666666667
2096.0,42.7346,0.035105333333333336
2097.0,42.737199999999994,0.035111500000000004
2098.0,42.739799999999995,0.035117666666666665
2099.0,42.742399999999996,0.03512383333333333
2100.0,42.745,0.03513
2101.0,42.748999999999995,0.0351375
2102.0,42.753,0.035145
2103.0,42.757,0.0351525
2104.0,42.760999999999996,0.035160000000000004
2105.0,42.765,0.035167500000000004
2106.0,42.769,0.035175
2107.0,42.772999999999996,0.0351825
2108.0,42.777,0.03519
2109.0,42.781,0.0351975
2110.0,42.785,0.035205
2111.0,42.788999999999994,0.0352125
2112.0,42.793,0.03522
2113.0,42.797,0.0352275
2114.0,42.800999999999995,0.035235
2115.0,42.805,0.0352425
2116.0,42.809,0.035250000000000004
2117.0,42.812999999999995,0.035257500000000004
2118.0,42.817,0.035265000000000005
2119.0,42.821,0.0352725
2120.0,42.824999999999996,0.03528
2121.0,42.829,0.0352875
2122.0,42.833,0.035295
2123.0,42.836999999999996,0.0353025
2124.0,42.841,0.03531
2125.0,42.845,0.0353175
2126.0,42.849,0.035325
2127.0,42.853,0.0353325
2128.0,42.857,0.03534
2129.0,42.861,0.035347500000000004
2130.0,42.864999999999995,0.035355
2131.0,42.869,0.0353625
2132.0,42.873,0.03537
2133.0,42.876999999999995,0.0353775
2134.0,42.881,0.035385
2135.0,42.885,0.0353925
2136.0,42.888999999999996,0.0354
2137.0,42.893,0.0354075
2138.0,42.897,0.035415
2139.0,42.900999999999996,0.0354225
2140.0,42.905,0.03543
2141.0,42.909,0.035437500000000004
2142.0,42.913,0.035445000000000004
2143.0,42.917,0.0354525
2144.0,42.921,0.03546
2145.0,42.925,0.0354675
2146.0,42.929,0.035475
2147.0,42.933,0.0354825
2148.0,42.937,0.03549
2149.0,42.941,0.0354975
2150.0,42.945,0.035505
2151.0,42.949,0.0355125
2152.0,42.952999999999996,0.03552
2153.0,42.957,0.035527500000000004
2154.0,42.961,0.035535
2155.0,42.964999999999996,0.0355425
2156.0,42.969,0.03555
2157.0,42.973,0.0355575
2158.0,42.977,0.035565
2159.0,42.981,0.0355725
2160.0,42.985,0.03558
2161.0,42.9918,0.0355885
2162.0,42.998599999999996,0.035597000000000004
2163.0,43.0054,0.0356055
2164.0,43.0122,0.035614
2165.0,43.019,0.0356225
2166.0,43.0258,0.035631
2167.0,43.0326,0.0356395
2168.0,43.0394,0.035648
2169.0,43.0462,0.0356565
2170.0,43.053,0.035665
2171.0,43.0598,0.0356735
2172.0,43.0666,0.035682
2173.0,43.0734,0.0356905
2174.0,43.0802,0.035699
2175.0,43.087,0.0357075
2176.0,43.0938,0.035716
2177.0,43.1006,0.0357245
2178.0,43.1074,0.035733
2179.0,43.1142,0.0357415
2180.0,43.121,0.03575
2181.0,43.1278,0.0357585
2182.0,43.1346,0.035767
2183.0,43.1414,0.0357755
2184.0,43.1482,0.035783999999999996
2185.0,43.155,0.0357925
2186.0,43.1618,0.035801
2187.0,43.1686,0.0358095
2188.0,43.1754,0.035817999999999996
2189.0,43.1822,0.0358265
2190.0,43.189,0.035835
2191.0,43.1958,0.0358435
2192.0,43.2026,0.035852
2193.0,43.2094,0.0358605
2194.0,43.2162,0.035869
2195.0,43.223,0.0358775
2196.0,43.2298,0.035886
2197.0,43.2366,0.035894499999999996
2198.0,43.2434,0.035903
2199.0,43.2502,0.0359115
2200.0,43.257,0.03592
2201.0,43.2638,0.035928499999999995
2202.0,43.2706,0.035937
2203.0,43.2774,0.0359455
2204.0,43.2842,0.035954
2205.0,43.291,0.035962499999999994
2206.0,43.2978,0.035970999999999996
2207.0,43.3046,0.0359795
2208.0,43.3114,0.035988
2209.0,43.3182,0.0359965
2210.0,43.325,0.036004999999999995
2211.0,43.3318,0.0360135
2212.0,43.3386,0.036022
2213.0,43.3454,0.0360305
2214.0,43.3522,0.036038999999999995
2215.0,43.359,0.036047499999999996
2216.0,43.3658,0.036056
2217.0,43.3726,0.0360645
2218.0,43.379400000000004,0.036072999999999994
2219.0,43.3862,0.036081499999999996
2220.0,43.393,0.03609
2221.0,43.39535,0.036096166666666665
2222.0,43.3977,0.036102333333333333
2223.0,43.40005,0.036108499999999995
2224.0,43.4024,0.03611466666666666
2225.0,43.40475,0.03612083333333333
2226.0,43.4071,0.036127
2227.0,43.40945,0.03613316666666666
2228.0,43.4118,0.03613933333333333
2229.0,43.41415,0.0361455
2230.0,43.4165,0.036151666666666665
2231.0,43.41885,0.036157833333333333
2232.0,43.4212,0.036163999999999995
2233.0,43.42355,0.03617016666666666
2234.0,43.4259,0.03617633333333333
2235.0,43.42825,0.0361825
2236.0,43.4306,0.03618866666666667
2237.0,43.43295,0.03619483333333333
2238.0,43.4353,0.036201
2239.0,43.43765,0.036207166666666665
2240.0,43.44,0.036213333333333333
2241.0,43.44235,0.036219499999999995
2242.0,43.4447,0.03622566666666666
2243.0,43.44705,0.03623183333333333
2244.0,43.4494,0.036238
2245.0,43.45175,0.03624416666666667
2246.0,43.4541,0.03625033333333333
2247.0,43.45645,0.0362565
2248.0,43.4588,0.036262666666666665
2249.0,43.461149999999996,0.036268833333333333
2250.0,43.463499999999996,0.036275
2251.0,43.46585,0.03628116666666666
2252.0,43.4682,0.03628733333333333
2253.0,43.47055,0.0362935
2254.0,43.4729,0.03629966666666667
2255.0,43.47525,0.03630583333333333
2256.0,43.4776,0.036312
2257.0,43.47995,0.036318166666666665
2258.0,43.4823,0.036324333333333333
2259.0,43.48465,0.0363305
2260.0,43.487,0.03633666666666666
2261.0,43.48935,0.03634283333333333
2262.0,43.4917,0.036349
2263.0,43.49405,0.03635516666666667
2264.0,43.4964,0.03636133333333333
2265.0,43.49875,0.0363675
2266.0,43.5011,0.036373666666666665
2267.0,43.50345,0.03637983333333333
2268.0,43.5058,0.036386
2269.0,43.50815,0.03639216666666666
2270.0,43.5105,0.03639833333333333
2271.0,43.51285,0.0364045
2272.0,43.5152,0.03641066666666667
2273.0,43.51755,0.036416833333333336
2274.0,43.5199,0.036423
2275.0,43.52225,0.036429166666666665
2276.0,43.5246,0.03643533333333333
2277.0,43.52695,0.0364415
2278.0,43.5293,0.03644766666666666
2279.0,43.53165,0.03645383333333333
2280.0,43.534,0.03646
2281.0,43.541266666666665,0.03646116666666667
2282.0,43.54853333333333,0.03646233333333333
2283.0,43.5558,0.036463499999999996
2284.0,43.563066666666664,0.036464666666666666
2285.0,43.57033333333333,0.036465833333333336
2286.0,43.5776,0.036467
2287.0,43.58486666666666,0.03646816666666666
2288.0,43.59213333333333,0.03646933333333333
2289.0,43.599399999999996,0.0364705
2290.0,43.60666666666667,0.036471666666666666
2291.0,43.613933333333335,0.03647283333333333
2292.0,43.6212,0.036474
2293.0,43.62846666666667,0.03647516666666667
2294.0,43.635733333333334,0.03647633333333333
2295.0,43.643,0.036477499999999996
2296.0,43.65026666666667,0.036478666666666666
2297.0,43.65753333333333,0.036479833333333336
2298.0,43.6648,0.036481
2299.0,43.672066666666666,0.03648216666666666
2300.0,43.67933333333333,0.03648333333333333
2301.0,43.6866,0.0364845
2302.0,43.693866666666665,0.036485666666666666
2303.0,43.70113333333333,0.03648683333333333
2304.0,43.7084,0.036488
2305.0,43.715666666666664,0.03648916666666667
2306.0,43.72293333333333,0.03649033333333333
2307.0,43.730199999999996,0.036491499999999996
2308.0,43.73746666666666,0.036492666666666666
2309.0,43.74473333333333,0.036493833333333336
2310.0,43.751999999999995,0.036495
2311.0,43.75926666666667,0.03649616666666666
2312.0,43.766533333333335,0.03649733333333333
2313.0,43.7738,0.0364985
2314.0,43.78106666666667,0.036499666666666666
2315.0,43.788333333333334,0.03650083333333333
2316.0,43.7956,0.036502
2317.0,43.80286666666667,0.03650316666666667
2318.0,43.81013333333333,0.03650433333333333
2319.0,43.8174,0.036505499999999996
2320.0,43.824666666666666,0.036506666666666666
2321.0,43.83193333333333,0.03650783333333334
2322.0,43.8392,0.036509
2323.0,43.846466666666664,0.03651016666666666
2324.0,43.85373333333333,0.03651133333333333
2325.0,43.861,0.0365125
2326.0,43.86826666666666,0.036513666666666666
2327.0,43.87553333333333,0.03651483333333333
2328.0,43.882799999999996,0.036516
2329.0,43.89006666666666,0.03651716666666667
2330.0,43.897333333333336,0.03651833333333333
2331.0,43.9046,0.036519499999999996
2332.0,43.91186666666667,0.03652066666666667
2333.0,43.919133333333335,0.03652183333333334
2334.0,43.9264,0.036523
2335.0,43.93366666666667,0.03652416666666666
2336.0,43.940933333333334,0.03652533333333333
2337.0,43.9482,0.0365265
2338.0,43.955466666666666,0.03652766666666667
2339.0,43.96273333333333,0.03652883333333333
2340.0,43.97,0.03653
2341.0,43.9722,0.03653683333333333
2342.0,43.974399999999996,0.03654366666666667
2343.0,43.9766,0.0365505
2344.0,43.9788,0.03655733333333333
2345.0,43.981,0.03656416666666667
2346.0,43.9832,0.036571
2347.0,43.9854,0.03657783333333333
2348.0,43.9876,0.03658466666666667
2349.0,43.989799999999995,0.0365915
2350.0,43.992,0.03659833333333333
2351.0,43.9942,0.03660516666666667
2352.0,43.9964,0.036612
2353.0,43.998599999999996,0.03661883333333334
2354.0,44.0008,0.03662566666666667
2355.0,44.003,0.0366325
2356.0,44.005199999999995,0.036639333333333336
2357.0,44.0074,0.03664616666666667
2358.0,44.0096,0.036653
2359.0,44.0118,0.036659833333333336
2360.0,44.013999999999996,0.03666666666666667
2361.0,44.0162,0.0366735
2362.0,44.0184,0.036680333333333336
2363.0,44.020599999999995,0.03668716666666667
2364.0,44.0228,0.036694
2365.0,44.025,0.036700833333333335
2366.0,44.0272,0.036707666666666666
2367.0,44.029399999999995,0.0367145
2368.0,44.0316,0.036721333333333335
2369.0,44.0338,0.036728166666666666
2370.0,44.036,0.036735000000000004
2371.0,44.038199999999996,0.036741833333333335
2372.0,44.0404,0.036748666666666666
2373.0,44.0426,0.0367555
2374.0,44.044799999999995,0.036762333333333334
2375.0,44.047,0.036769166666666665
2376.0,44.0492,0.036776
2377.0,44.0514,0.036782833333333334
2378.0,44.053599999999996,0.036789666666666665
2379.0,44.0558,0.0367965
2380.0,44.058,0.036803333333333334
2381.0,44.060199999999995,0.036810166666666665
2382.0,44.0624,0.036817
2383.0,44.0646,0.03682383333333333
2384.0,44.0668,0.036830666666666664
2385.0,44.068999999999996,0.0368375
2386.0,44.0712,0.03684433333333333
2387.0,44.0734,0.036851166666666664
2388.0,44.075599999999994,0.036858
2389.0,44.077799999999996,0.03686483333333333
2390.0,44.08,0.036871666666666664
2391.0,44.0822,0.0368785
2392.0,44.084399999999995,0.03688533333333333
2393.0,44.0866,0.03689216666666667
2394.0,44.0888,0.036899
2395.0,44.090999999999994,0.03690583333333333
2396.0,44.093199999999996,0.03691266666666667
2397.0,44.0954,0.0369195
2398.0,44.0976,0.03692633333333333
2399.0,44.099799999999995,0.03693316666666667
2400.0,44.102,0.03694
2401.0,44.10868333333333,0.03694616666666667
2402.0,44.11536666666667,0.03695233333333334
2403.0,44.122049999999994,0.0369585
2404.0,44.12873333333333,0.036964666666666667
2405.0,44.135416666666664,0.036970833333333335
2406.0,44.1421,0.036977
2407.0,44.14878333333333,0.036983166666666664
2408.0,44.15546666666666,0.03698933333333333
2409.0,44.16215,0.0369955
2410.0,44.16883333333333,0.03700166666666667
2411.0,44.17551666666667,0.03700783333333334
2412.0,44.182199999999995,0.037014
2413.0,44.18888333333333,0.037020166666666666
2414.0,44.195566666666664,0.037026333333333335
2415.0,44.20225,0.0370325
2416.0,44.208933333333334,0.03703866666666667
2417.0,44.21561666666666,0.03704483333333333
2418.0,44.2223,0.037051
2419.0,44.22898333333333,0.03705716666666667
2420.0,44.23566666666667,0.03706333333333334
2421.0,44.242349999999995,0.0370695
2422.0,44.24903333333333,0.037075666666666666
2423.0,44.255716666666665,0.037081833333333335
2424.0,44.2624,0.037088
2425.0,44.269083333333334,0.03709416666666667
2426.0,44.27576666666666,0.03710033333333333
2427.0,44.28245,0.0371065
2428.0,44.28913333333333,0.03711266666666667
2429.0,44.29581666666667,0.03711883333333334
2430.0,44.302499999999995,0.037125000000000005
2431.0,44.30918333333333,0.037131166666666666
2432.0,44.315866666666665,0.037137333333333335
2433.0,44.32255,0.0371435
2434.0,44.329233333333335,0.03714966666666667
2435.0,44.33591666666666,0.03715583333333333
2436.0,44.3426,0.037162
2437.0,44.34928333333333,0.03716816666666667
2438.0,44.35596666666667,0.03717433333333334
2439.0,44.36265,0.037180500000000005
2440.0,44.36933333333333,0.037186666666666666
2441.0,44.376016666666665,0.037192833333333335
2442.0,44.3827,0.037199
2443.0,44.389383333333335,0.03720516666666667
2444.0,44.39606666666666,0.03721133333333333
2445.0,44.40275,0.0372175
2446.0,44.40943333333333,0.03722366666666667
2447.0,44.41611666666667,0.03722983333333334
2448.0,44.4228,0.037236000000000005
2449.0,44.42948333333333,0.037242166666666666
2450.0,44.436166666666665,0.037248333333333335
2451.0,44.44285,0.0372545
2452.0,44.449533333333335,0.03726066666666667
2453.0,44.45621666666667,0.03726683333333334
2454.0,44.4629,0.037273
2455.0,44.46958333333333,0.03727916666666667
2456.0,44.47626666666667,0.03728533333333334
2457.0,44.48295,0.037291500000000005
2458.0,44.48963333333333,0.037297666666666666
2459.0,44.496316666666665,0.037303833333333335
2460.0,44.503,0.03731
2461.0,44.50566666666667,0.03731583333333333
2462.0,44.50833333333333,0.03732166666666667
2463.0,44.511,0.0373275
2464.0,44.513666666666666,0.037333333333333336
2465.0,44.516333333333336,0.037339166666666666
2466.0,44.519,0.037345
2467.0,44.52166666666667,0.03735083333333333
2468.0,44.52433333333333,0.03735666666666667
2469.0,44.527,0.0373625
2470.0,44.529666666666664,0.03736833333333334
2471.0,44.532333333333334,0.03737416666666667
2472.0,44.535,0.037380000000000004
2473.0,44.53766666666667,0.03738583333333333
2474.0,44.54033333333333,0.03739166666666667
2475.0,44.543,0.0373975
2476.0,44.54566666666667,0.03740333333333334
2477.0,44.54833333333333,0.03740916666666667
2478.0,44.551,0.037415000000000004
2479.0,44.553666666666665,0.037420833333333334
2480.0,44.556333333333335,0.03742666666666667
2481.0,44.559,0.0374325
2482.0,44.56166666666667,0.03743833333333334
2483.0,44.56433333333333,0.03744416666666667
2484.0,44.567,0.037450000000000004
2485.0,44.56966666666666,0.037455833333333334
2486.0,44.57233333333333,0.03746166666666667
2487.0,44.574999999999996,0.0374675
2488.0,44.577666666666666,0.03747333333333334
2489.0,44.58033333333333,0.03747916666666667
2490.0,44.583,0.037485000000000004
2491.0,44.58566666666667,0.037490833333333334
2492.0,44.58833333333333,0.037496666666666664
2493.0,44.591,0.0375025
2494.0,44.593666666666664,0.03750833333333333
2495.0,44.596333333333334,0.03751416666666667
2496.0,44.599,0.03752
2497.0,44.60166666666667,0.037525833333333335
2498.0,44.60433333333333,0.037531666666666665
2499.0,44.607,0.0375375
2500.0,44.60966666666666,0.03754333333333333
2501.0,44.61233333333333,0.03754916666666667
2502.0,44.614999999999995,0.037555
2503.0,44.617666666666665,0.037560833333333335
2504.0,44.62033333333333,0.037566666666666665
2505.0,44.623,0.0375725
2506.0,44.62566666666667,0.03757833333333333
2507.0,44.62833333333333,0.03758416666666667
2508.0,44.631,0.03759
2509.0,44.63366666666666,0.037595833333333335
2510.0,44.63633333333333,0.037601666666666665
2511.0,44.638999999999996,0.0376075
2512.0,44.641666666666666,0.03761333333333333
2513.0,44.64433333333333,0.03761916666666667
2514.0,44.647,0.037625
2515.0,44.64966666666666,0.037630833333333336
2516.0,44.65233333333333,0.037636666666666665
2517.0,44.654999999999994,0.0376425
2518.0,44.657666666666664,0.03764833333333333
2519.0,44.66033333333333,0.03765416666666667
2520.0,44.663,0.03766
2521.0,44.66363333333333,0.03766766666666667
2522.0,44.66426666666666,0.03767533333333333
2523.0,44.664899999999996,0.037683
2524.0,44.66553333333333,0.037690666666666664
2525.0,44.66616666666666,0.037698333333333334
2526.0,44.666799999999995,0.037705999999999996
2527.0,44.66743333333333,0.037713666666666666
2528.0,44.66806666666666,0.037721333333333336
2529.0,44.668699999999994,0.037729
2530.0,44.66933333333333,0.03773666666666667
2531.0,44.66996666666667,0.03774433333333333
2532.0,44.6706,0.037752
2533.0,44.67123333333333,0.037759666666666664
2534.0,44.671866666666666,0.03776733333333333
2535.0,44.6725,0.037775
2536.0,44.67313333333333,0.037782666666666666
2537.0,44.673766666666666,0.037790333333333335
2538.0,44.6744,0.037798
2539.0,44.67503333333333,0.03780566666666667
2540.0,44.675666666666665,0.03781333333333333
2541.0,44.6763,0.037821
2542.0,44.67693333333333,0.03782866666666666
2543.0,44.677566666666664,0.03783633333333333
2544.0,44.6782,0.037844
2545.0,44.67883333333333,0.037851666666666665
2546.0,44.67946666666666,0.037859333333333335
2547.0,44.680099999999996,0.037867
2548.0,44.68073333333333,0.03787466666666667
2549.0,44.68136666666666,0.03788233333333333
2550.0,44.682,0.03789
2551.0,44.682633333333335,0.03789766666666667
2552.0,44.68326666666667,0.03790533333333333
2553.0,44.6839,0.037913
2554.0,44.684533333333334,0.037920666666666665
2555.0,44.68516666666667,0.037928333333333335
2556.0,44.6858,0.037936
2557.0,44.68643333333333,0.03794366666666667
2558.0,44.68706666666667,0.03795133333333334
2559.0,44.6877,0.037959
2560.0,44.68833333333333,0.03796666666666667
2561.0,44.688966666666666,0.03797433333333333
2562.0,44.6896,0.037982
2563.0,44.69023333333333,0.037989666666666665
2564.0,44.690866666666665,0.037997333333333334
2565.0,44.6915,0.038005
2566.0,44.69213333333333,0.03801266666666667
2567.0,44.692766666666664,0.03802033333333334
2568.0,44.6934,0.038028
2569.0,44.69403333333333,0.03803566666666667
2570.0,44.69466666666666,0.03804333333333333
2571.0,44.6953,0.038051
2572.0,44.695933333333336,0.038058666666666664
2573.0,44.69656666666667,0.038066333333333334
2574.0,44.6972,0.038074000000000004
2575.0,44.697833333333335,0.038081666666666666
2576.0,44.69846666666667,0.038089333333333336
2577.0,44.6991,0.038097
2578.0,44.699733333333334,0.03810466666666667
2579.0,44.70036666666667,0.03811233333333333
2580.0,44.701,0.03812
2581.0,44.708283333333334,0.03812466666666667
2582.0,44.71556666666667,0.038129333333333335
2583.0,44.72285,0.038134
2584.0,44.730133333333335,0.03813866666666667
2585.0,44.73741666666667,0.038143333333333335
2586.0,44.7447,0.038148
2587.0,44.751983333333335,0.03815266666666667
2588.0,44.75926666666667,0.038157333333333335
2589.0,44.76655,0.038162
2590.0,44.773833333333336,0.03816666666666667
2591.0,44.78111666666667,0.038171333333333335
2592.0,44.7884,0.038176
2593.0,44.795683333333336,0.03818066666666667
2594.0,44.80296666666667,0.038185333333333335
2595.0,44.810249999999996,0.03819
2596.0,44.81753333333333,0.03819466666666667
2597.0,44.82481666666666,0.038199333333333335
2598.0,44.8321,0.038204
2599.0,44.83938333333333,0.03820866666666667
2600.0,44.846666666666664,0.038213333333333335
2601.0,44.85395,0.038218
2602.0,44.86123333333333,0.03822266666666667
2603.0,44.868516666666665,0.038227333333333335
2604.0,44.8758,0.038232
2605.0,44.88308333333333,0.03823666666666667
2606.0,44.890366666666665,0.038241333333333336
2607.0,44.89765,0.038246
2608.0,44.90493333333333,0.03825066666666667
2609.0,44.912216666666666,0.038255333333333336
2610.0,44.9195,0.03826
2611.0,44.92678333333333,0.03826466666666666
2612.0,44.934066666666666,0.03826933333333333
2613.0,44.94135,0.038273999999999996
2614.0,44.94863333333333,0.03827866666666666
2615.0,44.95591666666667,0.03828333333333333
2616.0,44.9632,0.038287999999999996
2617.0,44.970483333333334,0.03829266666666666
2618.0,44.97776666666667,0.03829733333333333
2619.0,44.98505,0.038301999999999996
2620.0,44.992333333333335,0.03830666666666666
2621.0,44.99961666666667,0.03831133333333333
2622.0,45.0069,0.038315999999999996
2623.0,45.014183333333335,0.03832066666666666
2624.0,45.02146666666667,0.03832533333333333
2625.0,45.02875,0.038329999999999996
2626.0,45.03603333333333,0.03833466666666666
2627.0,45.04331666666666,0.03833933333333333
2628.0,45.050599999999996,0.038343999999999996
2629.0,45.05788333333333,0.03834866666666666
2630.0,45.06516666666666,0.03835333333333333
2631.0,45.072449999999996,0.038357999999999996
2632.0,45.07973333333333,0.03836266666666666
2633.0,45.08701666666666,0.03836733333333333
2634.0,45.0943,0.038371999999999996
2635.0,45.10158333333333,0.03837666666666666
2636.0,45.108866666666664,0.03838133333333333
2637.0,45.11615,0.038385999999999997
2638.0,45.12343333333333,0.03839066666666666
2639.0,45.130716666666665,0.03839533333333333
2640.0,45.138,0.0384
2641.0,45.141083333333334,0.038403
2642.0,45.14416666666666,0.038405999999999996
2643.0,45.14725,0.038409
2644.0,45.15033333333333,0.038411999999999995
2645.0,45.153416666666665,0.038415
2646.0,45.1565,0.038417999999999994
2647.0,45.15958333333333,0.038421
2648.0,45.16266666666667,0.038424
2649.0,45.165749999999996,0.038426999999999996
2650.0,45.16883333333333,0.03843
2651.0,45.17191666666667,0.038432999999999995
2652.0,45.175,0.038436
2653.0,45.17808333333333,0.038439
2654.0,45.18116666666666,0.038442
2655.0,45.18425,0.038445
2656.0,45.187333333333335,0.038447999999999996
2657.0,45.190416666666664,0.038451
2658.0,45.1935,0.038454
2659.0,45.19658333333333,0.038457
2660.0,45.199666666666666,0.03846
2661.0,45.20275,0.038463
2662.0,45.20583333333333,0.038466
2663.0,45.20891666666667,0.038468999999999996
2664.0,45.211999999999996,0.038472
2665.0,45.21508333333333,0.038475
2666.0,45.21816666666667,0.038478
2667.0,45.22125,0.038481
2668.0,45.224333333333334,0.038484
2669.0,45.22741666666666,0.038487
2670.0,45.2305,0.038489999999999996
2671.0,45.233583333333335,0.038493
2672.0,45.236666666666665,0.038496
2673.0,45.23975,0.038499
2674.0,45.24283333333333,0.038502
2675.0,45.245916666666666,0.038505
2676.0,45.249,0.038508
2677.0,45.25208333333333,0.038511000000000004
2678.0,45.25516666666667,0.038514
2679.0,45.25825,0.038517
2680.0,45.26133333333333,0.03852
2681.0,45.26441666666667,0.038523
2682.0,45.2675,0.038526000000000005
2683.0,45.270583333333335,0.038529
2684.0,45.273666666666664,0.038532000000000004
2685.0,45.27675,0.038535
2686.0,45.279833333333336,0.038538
2687.0,45.282916666666665,0.038541
2688.0,45.286,0.038544
2689.0,45.28908333333333,0.038547000000000005
2690.0,45.29216666666667,0.03855
2691.0,45.29525,0.038553000000000004
2692.0,45.29833333333333,0.038556
2693.0,45.30141666666667,0.038559
2694.0,45.3045,0.038562
2695.0,45.30758333333333,0.038565
2696.0,45.31066666666667,0.038568000000000005
2697.0,45.31375,0.038571
2698.0,45.316833333333335,0.038574000000000004
2699.0,45.319916666666664,0.038577
2700.0,45.323,0.03858
2701.0,45.32301666666667,0.038587500000000004
2702.0,45.323033333333335,0.038595000000000004
2703.0,45.32305,0.038602500000000005
2704.0,45.32306666666667,0.038610000000000005
2705.0,45.32308333333334,0.038617500000000006
2706.0,45.3231,0.03862500000000001
2707.0,45.323116666666664,0.0386325
2708.0,45.32313333333333,0.03864
2709.0,45.32315,0.0386475
2710.0,45.323166666666665,0.038655
2711.0,45.32318333333333,0.0386625
2712.0,45.3232,0.03867
2713.0,45.32321666666667,0.038677500000000004
2714.0,45.323233333333334,0.038685000000000004
2715.0,45.32325,0.038692500000000005
2716.0,45.32326666666667,0.038700000000000005
2717.0,45.323283333333336,0.038707500000000006
2718.0,45.3233,0.038715
2719.0,45.32331666666666,0.0387225
2720.0,45.32333333333333,0.03873
2721.0,45.32335,0.0387375
2722.0,45.323366666666665,0.038745
2723.0,45.32338333333333,0.0387525
2724.0,45.3234,0.03876
2725.0,45.32341666666667,0.0387675
2726.0,45.323433333333334,0.038775000000000004
2727.0,45.32345,0.038782500000000004
2728.0,45.32346666666667,0.038790000000000005
2729.0,45.323483333333336,0.038797500000000006
2730.0,45.323499999999996,0.038805000000000006
2731.0,45.32351666666666,0.0388125
2732.0,45.32353333333333,0.03882
2733.0,45.32355,0.0388275
2734.0,45.323566666666665,0.038835
2735.0,45.32358333333333,0.0388425
2736.0,45.3236,0.03885
2737.0,45.323616666666666,0.0388575
2738.0,45.32363333333333,0.038865000000000004
2739.0,45.32365,0.038872500000000004
2740.0,45.32366666666667,0.038880000000000005
2741.0,45.323683333333335,0.038887500000000005
2742.0,45.3237,0.038895
2743.0,45.32371666666666,0.0389025
2744.0,45.32373333333333,0.03891
2745.0,45.32375,0.0389175
2746.0,45.323766666666664,0.038925
2747.0,45.32378333333333,0.0389325
2748.0,45.3238,0.03894
2749.0,45.323816666666666,0.0389475
2750.0,45.32383333333333,0.038955000000000004
2751.0,45.32385,0.038962500000000004
2752.0,45.32386666666667,0.038970000000000005
2753.0,45.323883333333335,0.038977500000000005
2754.0,45.323899999999995,0.038985000000000006
2755.0,45.32391666666666,0.0389925
2756.0,45.32393333333333,0.039
2757.0,45.323949999999996,0.0390075
2758.0,45.323966666666664,0.039015
2759.0,45.32398333333333,0.0390225
2760.0,45.324,0.03903
2761.0,45.326299999999996,0.03903616666666667
2762.0,45.3286,0.03904233333333334
2763.0,45.3309,0.0390485
2764.0,45.3332,0.03905466666666667
2765.0,45.335499999999996,0.039060833333333336
2766.0,45.3378,0.039067000000000005
2767.0,45.3401,0.039073166666666666
2768.0,45.3424,0.039079333333333334
2769.0,45.344699999999996,0.0390855
2770.0,45.347,0.03909166666666667
2771.0,45.3493,0.03909783333333333
2772.0,45.3516,0.039104
2773.0,45.353899999999996,0.03911016666666667
2774.0,45.3562,0.039116333333333336
2775.0,45.3585,0.039122500000000004
2776.0,45.3608,0.039128666666666666
2777.0,45.3631,0.039134833333333334
2778.0,45.3654,0.039141
2779.0,45.3677,0.03914716666666667
2780.0,45.37,0.03915333333333333
2781.0,45.3723,0.0391595
2782.0,45.3746,0.03916566666666667
2783.0,45.3769,0.039171833333333336
2784.0,45.3792,0.039178
2785.0,45.3815,0.039184166666666666
2786.0,45.3838,0.039190333333333334
2787.0,45.3861,0.0391965
2788.0,45.3884,0.03920266666666666
2789.0,45.3907,0.03920883333333333
2790.0,45.393,0.039215
2791.0,45.3953,0.03922116666666667
2792.0,45.397600000000004,0.039227333333333336
2793.0,45.3999,0.0392335
2794.0,45.4022,0.039239666666666666
2795.0,45.4045,0.039245833333333334
2796.0,45.406800000000004,0.039252
2797.0,45.4091,0.03925816666666666
2798.0,45.4114,0.03926433333333333
2799.0,45.4137,0.0392705
2800.0,45.416000000000004,0.03927666666666667
2801.0,45.4183,0.03928283333333333
2802.0,45.4206,0.039289
2803.0,45.4229,0.039295166666666666
2804.0,45.425200000000004,0.039301333333333334
2805.0,45.4275,0.039307499999999995
2806.0,45.4298,0.03931366666666666
2807.0,45.432100000000005,0.03931983333333333
2808.0,45.434400000000004,0.039326
2809.0,45.4367,0.03933216666666667
2810.0,45.439,0.03933833333333333
2811.0,45.441300000000005,0.0393445
2812.0,45.4436,0.039350666666666666
2813.0,45.4459,0.039356833333333334
2814.0,45.4482,0.039362999999999995
2815.0,45.450500000000005,0.03936916666666666
2816.0,45.4528,0.03937533333333333
2817.0,45.4551,0.0393815
2818.0,45.4574,0.03938766666666666
2819.0,45.459700000000005,0.03939383333333333
2820.0,45.462,0.0394
2821.0,45.467933333333335,0.03940233333333333
2822.0,45.47386666666667,0.039404666666666664
2823.0,45.479800000000004,0.039407
2824.0,45.485733333333336,0.03940933333333333
2825.0,45.49166666666667,0.039411666666666664
2826.0,45.497600000000006,0.039414
2827.0,45.50353333333334,0.03941633333333333
2828.0,45.50946666666667,0.039418666666666664
2829.0,45.5154,0.039421
2830.0,45.52133333333334,0.03942333333333333
2831.0,45.52726666666667,0.039425666666666664
2832.0,45.5332,0.039428
2833.0,45.53913333333333,0.03943033333333333
2834.0,45.54506666666667,0.039432666666666664
2835.0,45.551,0.039435
2836.0,45.55693333333333,0.03943733333333333
2837.0,45.56286666666667,0.039439666666666665
2838.0,45.5688,0.039442
2839.0,45.574733333333334,0.03944433333333333
2840.0,45.580666666666666,0.039446666666666665
2841.0,45.586600000000004,0.039449
2842.0,45.592533333333336,0.03945133333333333
2843.0,45.59846666666667,0.039453666666666665
2844.0,45.6044,0.039456
2845.0,45.61033333333334,0.03945833333333333
2846.0,45.61626666666667,0.039460666666666665
2847.0,45.6222,0.039463
2848.0,45.62813333333333,0.03946533333333333
2849.0,45.63406666666667,0.039467666666666665
2850.0,45.64,0.03947
2851.0,45.64593333333333,0.03947233333333333
2852.0,45.65186666666667,0.039474666666666665
2853.0,45.6578,0.039477
2854.0,45.66373333333333,0.03947933333333333
2855.0,45.669666666666664,0.039481666666666665
2856.0,45.6756,0.039484
2857.0,45.681533333333334,0.03948633333333333
2858.0,45.687466666666666,0.039488666666666665
2859.0,45.6934,0.039491
2860.0,45.699333333333335,0.03949333333333333
2861.0,45.70526666666667,0.039495666666666665
2862.0,45.7112,0.039498
2863.0,45.71713333333333,0.03950033333333333
2864.0,45.72306666666667,0.039502666666666665
2865.0,45.729,0.039505
2866.0,45.73493333333333,0.03950733333333333
2867.0,45.74086666666667,0.039509666666666665
2868.0,45.7468,0.039512
2869.0,45.75273333333333,0.03951433333333333
2870.0,45.75866666666666,0.039516666666666665
2871.0,45.7646,0.039519
2872.0,45.77053333333333,0.03952133333333333
2873.0,45.776466666666664,0.039523666666666665
2874.0,45.782399999999996,0.039526
2875.0,45.788333333333334,0.03952833333333333
2876.0,45.794266666666665,0.039530666666666665
2877.0,45.8002,0.039533
2878.0,45.80613333333333,0.03953533333333333
2879.0,45.81206666666667,0.039537666666666665
2880.0,45.818,0.03954
2881.0,45.81668333333333,0.03954983333333333
2882.0,45.81536666666666,0.03955966666666667
2883.0,45.814049999999995,0.0395695
2884.0,45.812733333333334,0.039579333333333334
2885.0,45.811416666666666,0.03958916666666667
2886.0,45.8101,0.039598999999999995
2887.0,45.80878333333333,0.03960883333333333
2888.0,45.80746666666666,0.03961866666666666
2889.0,45.806149999999995,0.0396285
2890.0,45.804833333333335,0.03963833333333333
2891.0,45.80351666666667,0.039648166666666665
2892.0,45.8022,0.039658
2893.0,45.80088333333333,0.03966783333333333
2894.0,45.799566666666664,0.03967766666666667
2895.0,45.798249999999996,0.0396875
2896.0,45.79693333333333,0.039697333333333334
2897.0,45.79561666666667,0.03970716666666667
2898.0,45.7943,0.039717
2899.0,45.79298333333333,0.03972683333333333
2900.0,45.791666666666664,0.03973666666666666
2901.0,45.79035,0.0397465
2902.0,45.78903333333333,0.03975633333333333
2903.0,45.78771666666666,0.039766166666666665
2904.0,45.7864,0.039776
2905.0,45.78508333333333,0.03978583333333333
2906.0,45.783766666666665,0.03979566666666667
2907.0,45.78245,0.0398055
2908.0,45.78113333333333,0.039815333333333335
2909.0,45.77981666666666,0.03982516666666667
2910.0,45.778499999999994,0.039834999999999995
2911.0,45.77718333333333,0.03984483333333333
2912.0,45.775866666666666,0.03985466666666666
2913.0,45.77455,0.0398645
2914.0,45.77323333333333,0.03987433333333333
2915.0,45.77191666666666,0.039884166666666665
2916.0,45.770599999999995,0.039894
2917.0,45.769283333333334,0.03990383333333333
2918.0,45.767966666666666,0.03991366666666667
2919.0,45.76665,0.0399235
2920.0,45.76533333333333,0.039933333333333335
2921.0,45.76401666666666,0.03994316666666667
2922.0,45.762699999999995,0.039953
2923.0,45.76138333333333,0.03996283333333333
2924.0,45.76006666666667,0.03997266666666666
2925.0,45.75875,0.0399825
2926.0,45.75743333333333,0.03999233333333333
2927.0,45.756116666666664,0.040002166666666665
2928.0,45.754799999999996,0.040012
2929.0,45.75348333333333,0.04002183333333333
2930.0,45.75216666666667,0.04003166666666667
2931.0,45.75085,0.0400415
2932.0,45.74953333333333,0.040051333333333335
2933.0,45.748216666666664,0.04006116666666667
2934.0,45.7469,0.040070999999999996
2935.0,45.74558333333333,0.04008083333333333
2936.0,45.74426666666666,0.04009066666666666
2937.0,45.74295,0.0401005
2938.0,45.74163333333333,0.04011033333333333
2939.0,45.740316666666665,0.040120166666666665
2940.0,45.739,0.04013
2941.0,45.74218333333333,0.04012966666666667
2942.0,45.74536666666666,0.04012933333333333
2943.0,45.748549999999994,0.040129
2944.0,45.751733333333334,0.04012866666666667
2945.0,45.75491666666667,0.040128333333333335
2946.0,45.7581,0.040128
2947.0,45.76128333333333,0.040127666666666666
2948.0,45.764466666666664,0.040127333333333334
2949.0,45.767649999999996,0.040126999999999996
2950.0,45.77083333333333,0.040126666666666665
2951.0,45.77401666666666,0.04012633333333333
2952.0,45.7772,0.040126
2953.0,45.78038333333333,0.040125666666666664
2954.0,45.783566666666665,0.04012533333333333
2955.0,45.78675,0.040125
2956.0,45.78993333333333,0.04012466666666666
2957.0,45.79311666666666,0.04012433333333333
2958.0,45.796299999999995,0.040124
2959.0,45.799483333333335,0.04012366666666667
2960.0,45.80266666666667,0.04012333333333333
2961.0,45.80585,0.040123
2962.0,45.80903333333333,0.04012266666666667
2963.0,45.812216666666664,0.04012233333333333
2964.0,45.8154,0.040122
2965.0,45.81858333333333,0.04012166666666667
2966.0,45.82176666666666,0.040121333333333335
2967.0,45.82495,0.040121
2968.0,45.828133333333334,0.040120666666666666
2969.0,45.831316666666666,0.040120333333333334
2970.0,45.8345,0.04012
2971.0,45.83768333333333,0.040119666666666665
2972.0,45.84086666666666,0.04011933333333333
2973.0,45.844049999999996,0.040119
2974.0,45.847233333333335,0.040118666666666664
2975.0,45.85041666666667,0.04011833333333333
2976.0,45.8536,0.040118
2977.0,45.85678333333333,0.04011766666666667
2978.0,45.859966666666665,0.04011733333333333
2979.0,45.86315,0.040117
2980.0,45.86633333333333,0.04011666666666667
2981.0,45.86951666666666,0.04011633333333333
2982.0,45.8727,0.040116
2983.0,45.875883333333334,0.04011566666666667
2984.0,45.87906666666667,0.040115333333333336
2985.0,45.88225,0.040115
2986.0,45.88543333333333,0.040114666666666667
2987.0,45.888616666666664,0.040114333333333335
2988.0,45.891799999999996,0.040114
2989.0,45.894983333333336,0.040113666666666666
2990.0,45.89816666666667,0.040113333333333334
2991.0,45.90135,0.040113
2992.0,45.90453333333333,0.040112666666666665
2993.0,45.907716666666666,0.04011233333333333
2994.0,45.9109,0.040112
2995.0,45.91408333333333,0.040111666666666664
2996.0,45.91726666666666,0.04011133333333333
2997.0,45.92045,0.040111
2998.0,45.923633333333335,0.04011066666666667
2999.0,45.92681666666667,0.04011033333333333
3000.0,45.93,0.04011
3001.0,45.93115,0.040120833333333335
3002.0,45.9323,0.04013166666666667
3003.0,45.93345,0.0401425
3004.0,45.9346,0.04015333333333333
3005.0,45.93575,0.04016416666666667
3006.0,45.9369,0.040175
3007.0,45.93805,0.04018583333333333
3008.0,45.9392,0.040196666666666665
3009.0,45.94035,0.0402075
3010.0,45.9415,0.040218333333333335
3011.0,45.94265,0.04022916666666666
3012.0,45.9438,0.04024
3013.0,45.94495,0.04025083333333333
3014.0,45.9461,0.04026166666666667
3015.0,45.94725,0.0402725
3016.0,45.9484,0.04028333333333333
3017.0,45.94955,0.040294166666666666
3018.0,45.9507,0.040305
3019.0,45.95185,0.040315833333333335
3020.0,45.953,0.04032666666666666
3021.0,45.95415,0.0403375
3022.0,45.9553,0.04034833333333333
3023.0,45.956450000000004,0.04035916666666667
3024.0,45.9576,0.040369999999999996
3025.0,45.95875,0.04038083333333333
3026.0,45.9599,0.040391666666666666
3027.0,45.96105,0.0404025
3028.0,45.9622,0.04041333333333333
3029.0,45.96335,0.040424166666666664
3030.0,45.9645,0.040435
3031.0,45.965650000000004,0.040445833333333334
3032.0,45.9668,0.04045666666666667
3033.0,45.96795,0.040467499999999997
3034.0,45.969100000000005,0.04047833333333333
3035.0,45.97025,0.040489166666666666
3036.0,45.9714,0.0405
3037.0,45.97255,0.04051083333333333
3038.0,45.9737,0.040521666666666664
3039.0,45.97485,0.0405325
3040.0,45.976,0.040543333333333334
3041.0,45.97715,0.04055416666666666
3042.0,45.978300000000004,0.040565
3043.0,45.97945,0.04057583333333333
3044.0,45.9806,0.04058666666666667
3045.0,45.981750000000005,0.040597499999999995
3046.0,45.9829,0.04060833333333333
3047.0,45.98405,0.040619166666666665
3048.0,45.9852,0.04063
3049.0,45.98635,0.040640833333333334
3050.0,45.987500000000004,0.04065166666666666
3051.0,45.98865,0.0406625
3052.0,45.9898,0.04067333333333333
3053.0,45.990950000000005,0.04068416666666667
3054.0,45.9921,0.040694999999999995
3055.0,45.99325,0.04070583333333333
3056.0,45.9944,0.040716666666666665
3057.0,45.99555,0.0407275
3058.0,45.996700000000004,0.04073833333333333
3059.0,45.99785,0.04074916666666666
3060.0,45.999,0.04076
3061.0,46.00755,0.040759
3062.0,46.0161,0.040757999999999996
3063.0,46.02465,0.040756999999999995
3064.0,46.0332,0.040756
3065.0,46.04175,0.040755
3066.0,46.0503,0.040754
3067.0,46.05885,0.040753
3068.0,46.0674,0.040752
3069.0,46.07595,0.040750999999999996
3070.0,46.084500000000006,0.040749999999999995
3071.0,46.093050000000005,0.040749
3072.0,46.101600000000005,0.040748
3073.0,46.110150000000004,0.040747
3074.0,46.118700000000004,0.040746
3075.0,46.127250000000004,0.040744999999999996
3076.0,46.1358,0.040743999999999995
3077.0,46.14435,0.040743
3078.0,46.1529,0.040742
3079.0,46.16145,0.040741
3080.0,46.17,0.04074
3081.0,46.17855,0.040739
3082.0,46.1871,0.040737999999999996
3083.0,46.19565,0.040736999999999995
3084.0,46.2042,0.040736
3085.0,46.21275,0.040735
3086.0,46.2213,0.040734
3087.0,46.22985,0.040733
3088.0,46.2384,0.040732
3089.0,46.24695,0.040730999999999996
3090.0,46.2555,0.04073
3091.0,46.264050000000005,0.040729
3092.0,46.272600000000004,0.040728
3093.0,46.281150000000004,0.040727
3094.0,46.2897,0.040726
3095.0,46.29825,0.040725
3096.0,46.3068,0.040723999999999996
3097.0,46.31535,0.040723
3098.0,46.3239,0.040722
3099.0,46.33245,0.040721
3100.0,46.341,0.04072
3101.0,46.34955,0.040719
3102.0,46.3581,0.040718
3103.0,46.36665,0.040716999999999996
3104.0,46.3752,0.040716
3105.0,46.38375,0.040715
3106.0,46.3923,0.040714
3107.0,46.40085,0.040713
3108.0,46.4094,0.040712
3109.0,46.41795,0.040711
3110.0,46.426500000000004,0.040709999999999996
3111.0,46.435050000000004,0.040709
3112.0,46.4436,0.040708
3113.0,46.45215,0.040707
3114.0,46.4607,0.040706
3115.0,46.46925,0.040705
3116.0,46.4778,0.040704
3117.0,46.48635,0.040703
3118.0,46.4949,0.040702
3119.0,46.50345,0.040701
3120.0,46.512,0.0407
3121.0,46.5135,0.040709666666666665
3122.0,46.515,0.04071933333333334
3123.0,46.5165,0.040729
3124.0,46.518,0.040738666666666666
3125.0,46.5195,0.04074833333333333
3126.0,46.521,0.040758
3127.0,46.5225,0.04076766666666667
3128.0,46.524,0.04077733333333333
3129.0,46.5255,0.040787
3130.0,46.527,0.04079666666666667
3131.0,46.5285,0.04080633333333333
3132.0,46.53,0.040816
3133.0,46.5315,0.04082566666666666
3134.0,46.533,0.040835333333333335
3135.0,46.5345,0.040845
3136.0,46.536,0.040854666666666664
3137.0,46.5375,0.040864333333333336
3138.0,46.539,0.040874
3139.0,46.5405,0.040883666666666665
3140.0,46.542,0.04089333333333333
3141.0,46.5435,0.040903
3142.0,46.545,0.04091266666666667
3143.0,46.5465,0.04092233333333333
3144.0,46.548,0.040931999999999996
3145.0,46.5495,0.04094166666666667
3146.0,46.551,0.04095133333333333
3147.0,46.5525,0.040961
3148.0,46.554,0.04097066666666666
3149.0,46.5555,0.040980333333333334
3150.0,46.557,0.04099
3151.0,46.558499999999995,0.04099966666666666
3152.0,46.559999999999995,0.041009333333333335
3153.0,46.561499999999995,0.041019
3154.0,46.562999999999995,0.041028666666666665
3155.0,46.564499999999995,0.04103833333333333
3156.0,46.565999999999995,0.041048
3157.0,46.567499999999995,0.041057666666666666
3158.0,46.568999999999996,0.04106733333333333
3159.0,46.570499999999996,0.041076999999999995
3160.0,46.571999999999996,0.04108666666666667
3161.0,46.573499999999996,0.04109633333333333
3162.0,46.574999999999996,0.041106
3163.0,46.576499999999996,0.04111566666666666
3164.0,46.577999999999996,0.04112533333333333
3165.0,46.579499999999996,0.041135
3166.0,46.580999999999996,0.04114466666666666
3167.0,46.582499999999996,0.041154333333333334
3168.0,46.583999999999996,0.041164
3169.0,46.585499999999996,0.041173666666666664
3170.0,46.586999999999996,0.04118333333333333
3171.0,46.588499999999996,0.041193
3172.0,46.589999999999996,0.041202666666666665
3173.0,46.591499999999996,0.04121233333333333
3174.0,46.592999999999996,0.041221999999999995
3175.0,46.5945,0.041231666666666666
3176.0,46.596,0.04124133333333333
3177.0,46.5975,0.041250999999999996
3178.0,46.599,0.04126066666666666
3179.0,46.6005,0.04127033333333333
3180.0,46.602,0.04128
3181.0,46.60465,0.04128483333333333
3182.0,46.607299999999995,0.04128966666666666
3183.0,46.60995,0.0412945
3184.0,46.6126,0.041299333333333334
3185.0,46.615249999999996,0.04130416666666666
3186.0,46.6179,0.041309
3187.0,46.620549999999994,0.041313833333333334
3188.0,46.6232,0.04131866666666666
3189.0,46.62585,0.0413235
3190.0,46.628499999999995,0.04132833333333333
3191.0,46.63115,0.041333166666666664
3192.0,46.6338,0.041338
3193.0,46.636449999999996,0.04134283333333333
3194.0,46.6391,0.041347666666666665
3195.0,46.64175,0.0413525
3196.0,46.6444,0.04135733333333333
3197.0,46.64705,0.041362166666666665
3198.0,46.649699999999996,0.041367
3199.0,46.65235,0.04137183333333333
3200.0,46.655,0.041376666666666666
3201.0,46.65765,0.0413815
3202.0,46.6603,0.04138633333333333
3203.0,46.66295,0.041391166666666666
3204.0,46.6656,0.041396
3205.0,46.66825,0.04140083333333333
3206.0,46.670899999999996,0.04140566666666667
3207.0,46.67355,0.0414105
3208.0,46.6762,0.04141533333333333
3209.0,46.67885,0.04142016666666667
3210.0,46.6815,0.041425000000000003
3211.0,46.68415,0.04142983333333333
3212.0,46.6868,0.04143466666666667
3213.0,46.68945,0.0414395
3214.0,46.6921,0.04144433333333333
3215.0,46.69475,0.04144916666666667
3216.0,46.6974,0.041454
3217.0,46.70005,0.041458833333333334
3218.0,46.7027,0.04146366666666667
3219.0,46.70535,0.0414685
3220.0,46.708,0.041473333333333334
3221.0,46.71065,0.04147816666666667
3222.0,46.713300000000004,0.041483
3223.0,46.71595,0.041487833333333335
3224.0,46.7186,0.04149266666666667
3225.0,46.721250000000005,0.0414975
3226.0,46.7239,0.041502333333333336
3227.0,46.72655,0.04150716666666667
3228.0,46.7292,0.041512
3229.0,46.73185,0.041516833333333336
3230.0,46.734500000000004,0.041521666666666665
3231.0,46.73715,0.0415265
3232.0,46.7398,0.04153133333333334
3233.0,46.742450000000005,0.041536166666666666
3234.0,46.7451,0.041541
3235.0,46.74775,0.04154583333333334
3236.0,46.7504,0.041550666666666666
3237.0,46.75305,0.0415555
3238.0,46.755700000000004,0.04156033333333334
3239.0,46.75835,0.04156516666666667
3240.0,46.761,0.04157
3241.0,46.76386666666667,0.041575
3242.0,46.766733333333335,0.041580000000000006
3243.0,46.769600000000004,0.041585000000000004
3244.0,46.772466666666666,0.04159
3245.0,46.775333333333336,0.041595
3246.0,46.778200000000005,0.041600000000000005
3247.0,46.78106666666667,0.041605
3248.0,46.78393333333334,0.04161
3249.0,46.7868,0.041615
3250.0,46.78966666666667,0.041620000000000004
3251.0,46.79253333333334,0.041625
3252.0,46.7954,0.04163
3253.0,46.79826666666667,0.041635
3254.0,46.80113333333333,0.04164
3255.0,46.804,0.041645
3256.0,46.80686666666667,0.04165
3257.0,46.809733333333334,0.041655000000000005
3258.0,46.8126,0.04166
3259.0,46.815466666666666,0.041665
3260.0,46.818333333333335,0.04167
3261.0,46.821200000000005,0.041675000000000004
3262.0,46.82406666666667,0.04168
3263.0,46.826933333333336,0.041685
3264.0,46.8298,0.04169
3265.0,46.83266666666667,0.041695
3266.0,46.83553333333334,0.0417
3267.0,46.8384,0.041705
3268.0,46.84126666666667,0.04171
3269.0,46.84413333333333,0.041715
3270.0,46.847,0.04172
3271.0,46.84986666666667,0.041725
3272.0,46.85273333333333,0.04173
3273.0,46.8556,0.041735
3274.0,46.858466666666665,0.04174
3275.0,46.861333333333334,0.041745
3276.0,46.864200000000004,0.04175
3277.0,46.867066666666666,0.041755
3278.0,46.869933333333336,0.04176
3279.0,46.8728,0.041765
3280.0,46.87566666666667,0.04177
3281.0,46.87853333333334,0.041775
3282.0,46.8814,0.04178
3283.0,46.88426666666667,0.041784999999999996
3284.0,46.88713333333333,0.04179
3285.0,46.89,0.041795
3286.0,46.89286666666667,0.0418
3287.0,46.89573333333333,0.041805
3288.0,46.8986,0.04181
3289.0,46.901466666666664,0.041815
3290.0,46.904333333333334,0.041819999999999996
3291.0,46.9072,0.041825
3292.0,46.910066666666665,0.04183
3293.0,46.912933333333335,0.041835
3294.0,46.9158,0.041839999999999995
3295.0,46.91866666666667,0.041845
3296.0,46.921533333333336,0.04185
3297.0,46.9244,0.041854999999999996
3298.0,46.92726666666667,0.041859999999999994
3299.0,46.93013333333333,0.041865
3300.0,46.933,0.04187
3301.0,46.93265,0.041873
3302.0,46.9323,0.041876
3303.0,46.93195,0.041879
3304.0,46.9316,0.041881999999999996
3305.0,46.93125,0.041885
3306.0,46.9309,0.041887999999999995
3307.0,46.93055,0.041891
3308.0,46.9302,0.041894
3309.0,46.92985,0.041897
3310.0,46.9295,0.0419
3311.0,46.92915,0.041902999999999996
3312.0,46.9288,0.041906
3313.0,46.92845,0.041908999999999995
3314.0,46.9281,0.041912
3315.0,46.92775,0.041914999999999994
3316.0,46.9274,0.041918
3317.0,46.92705,0.041921
3318.0,46.9267,0.041923999999999996
3319.0,46.92635,0.041927
3320.0,46.926,0.041929999999999995
3321.0,46.92565,0.041933
3322.0,46.9253,0.041935999999999994
3323.0,46.92495,0.041939
3324.0,46.9246,0.041942
3325.0,46.92425,0.041944999999999996
3326.0,46.923899999999996,0.041948
3327.0,46.92355,0.041950999999999995
3328.0,46.9232,0.041954
3329.0,46.92285,0.041956999999999994
3330.0,46.9225,0.04196
3331.0,46.92215,0.041963
3332.0,46.9218,0.041965999999999996
3333.0,46.92145,0.041969
3334.0,46.9211,0.041971999999999995
3335.0,46.92075,0.041975
3336.0,46.9204,0.041977999999999994
3337.0,46.920049999999996,0.041981
3338.0,46.9197,0.041984
3339.0,46.91935,0.041987
3340.0,46.919,0.04199
3341.0,46.91865,0.041992999999999996
3342.0,46.9183,0.041996
3343.0,46.91795,0.041998999999999995
3344.0,46.9176,0.042002
3345.0,46.917249999999996,0.042005
3346.0,46.9169,0.042008
3347.0,46.91655,0.042011
3348.0,46.916199999999996,0.042013999999999996
3349.0,46.91585,0.042017
3350.0,46.9155,0.042019999999999995
3351.0,46.91515,0.042023
3352.0,46.9148,0.042025999999999994
3353.0,46.91445,0.042029
3354.0,46.9141,0.042032
3355.0,46.91375,0.042034999999999996
3356.0,46.913399999999996,0.042038
3357.0,46.91305,0.042040999999999995
3358.0,46.9127,0.042044
3359.0,46.912349999999996,0.042046999999999994
3360.0,46.912,0.04205
3361.0,46.91495,0.042053999999999994
3362.0,46.917899999999996,0.042058
3363.0,46.92085,0.042061999999999995
3364.0,46.9238,0.042066
3365.0,46.92675,0.042069999999999996
3366.0,46.9297,0.042074
3367.0,46.93265,0.042078
3368.0,46.9356,0.042081999999999994
3369.0,46.93855,0.042086
3370.0,46.9415,0.042089999999999995
3371.0,46.944449999999996,0.042094
3372.0,46.9474,0.042098
3373.0,46.95035,0.042102
3374.0,46.9533,0.042106
3375.0,46.95625,0.042109999999999995
3376.0,46.959199999999996,0.042114
3377.0,46.96215,0.042117999999999996
3378.0,46.9651,0.042122
3379.0,46.96805,0.042126
3380.0,46.971,0.04213
3381.0,46.97395,0.042134
3382.0,46.9769,0.042138
3383.0,46.97985,0.042142
3384.0,46.9828,0.042145999999999996
3385.0,46.985749999999996,0.04215
3386.0,46.9887,0.042154
3387.0,46.99165,0.042158
3388.0,46.9946,0.042162
3389.0,46.99755,0.042166
3390.0,47.0005,0.04217
3391.0,47.00345,0.042173999999999996
3392.0,47.0064,0.042178
3393.0,47.00935,0.042182
3394.0,47.012299999999996,0.042186
3395.0,47.01525,0.04219
3396.0,47.0182,0.042194
3397.0,47.02115,0.042198
3398.0,47.0241,0.042201999999999996
3399.0,47.027049999999996,0.042206
3400.0,47.03,0.04221
3401.0,47.03295,0.042214
3402.0,47.0359,0.042218
3403.0,47.03885,0.042222
3404.0,47.0418,0.042226
3405.0,47.04475,0.042230000000000004
3406.0,47.0477,0.042234
3407.0,47.05065,0.042238
3408.0,47.053599999999996,0.042242
3409.0,47.05655,0.042246
3410.0,47.0595,0.04225
3411.0,47.06245,0.042254
3412.0,47.0654,0.042258000000000004
3413.0,47.068349999999995,0.042262
3414.0,47.0713,0.042266
3415.0,47.07425,0.04227
3416.0,47.0772,0.042274
3417.0,47.080149999999996,0.042278
3418.0,47.0831,0.042282
3419.0,47.08605,0.042286000000000004
3420.0,47.089,0.04229
3421.0,47.08765,0.042293000000000004
3422.0,47.0863,0.042296
3423.0,47.08495,0.042299
3424.0,47.0836,0.042302
3425.0,47.08225,0.042305
3426.0,47.0809,0.042308
3427.0,47.07955,0.042311
3428.0,47.0782,0.042314000000000004
3429.0,47.07685,0.042317
3430.0,47.0755,0.04232
3431.0,47.074149999999996,0.042323
3432.0,47.0728,0.042326
3433.0,47.07145,0.042329
3434.0,47.0701,0.042332
3435.0,47.06875,0.042335
3436.0,47.0674,0.042338
3437.0,47.06605,0.042341000000000004
3438.0,47.0647,0.042344
3439.0,47.06335,0.042347
3440.0,47.062,0.04235
3441.0,47.06065,0.042353
3442.0,47.0593,0.042356
3443.0,47.05795,0.042359
3444.0,47.0566,0.042362000000000004
3445.0,47.05525,0.042365
3446.0,47.0539,0.042368
3447.0,47.052550000000004,0.042371
3448.0,47.0512,0.042374
3449.0,47.04985,0.042377
3450.0,47.048500000000004,0.04238
3451.0,47.04715,0.042383000000000004
3452.0,47.0458,0.042386
3453.0,47.04445,0.042389
3454.0,47.0431,0.042392
3455.0,47.04175,0.042395
3456.0,47.0404,0.042398
3457.0,47.03905,0.042401
3458.0,47.0377,0.042404000000000004
3459.0,47.03635,0.042407
3460.0,47.035000000000004,0.04241
3461.0,47.03365,0.042413
3462.0,47.0323,0.042416
3463.0,47.030950000000004,0.042419
3464.0,47.0296,0.042422
3465.0,47.02825,0.042425000000000004
3466.0,47.026900000000005,0.042428
3467.0,47.02555,0.042431
3468.0,47.0242,0.042434
3469.0,47.022850000000005,0.042437
3470.0,47.0215,0.04244
3471.0,47.02015,0.042443
3472.0,47.0188,0.042446
3473.0,47.017450000000004,0.042449
3474.0,47.0161,0.042452000000000004
3475.0,47.01475,0.042455
3476.0,47.013400000000004,0.042458
3477.0,47.01205,0.042461
3478.0,47.0107,0.042464
3479.0,47.009350000000005,0.042467
3480.0,47.008,0.04247
3481.0,47.00971666666667,0.042475
3482.0,47.011433333333336,0.042480000000000004
3483.0,47.01315,0.042485
3484.0,47.01486666666667,0.04249
3485.0,47.01658333333334,0.042495
3486.0,47.0183,0.0425
3487.0,47.02001666666667,0.042505
3488.0,47.02173333333334,0.04251
3489.0,47.023450000000004,0.042515000000000004
3490.0,47.02516666666667,0.04252
3491.0,47.02688333333334,0.042525
3492.0,47.028600000000004,0.04253
3493.0,47.03031666666667,0.042535
3494.0,47.03203333333334,0.04254
3495.0,47.03375,0.042545
3496.0,47.035466666666665,0.042550000000000004
3497.0,47.03718333333333,0.042555
3498.0,47.0389,0.04256
3499.0,47.040616666666665,0.042565
3500.0,47.04233333333333,0.042570000000000004
3501.0,47.04405,0.042575
3502.0,47.045766666666665,0.04258
3503.0,47.04748333333333,0.042585000000000005
3504.0,47.0492,0.04259
3505.0,47.050916666666666,0.042595
3506.0,47.05263333333333,0.0426
3507.0,47.05435,0.042605000000000004
3508.0,47.056066666666666,0.04261
3509.0,47.05778333333333,0.042615
3510.0,47.0595,0.042620000000000005
3511.0,47.06121666666667,0.042625
3512.0,47.06293333333333,0.04263
3513.0,47.06465,0.042635
3514.0,47.06636666666667,0.042640000000000004
3515.0,47.068083333333334,0.042645
3516.0,47.0698,0.04265
3517.0,47.07151666666667,0.042655
3518.0,47.073233333333334,0.042660000000000003
3519.0,47.07495,0.042665
3520.0,47.07666666666667,0.04267
3521.0,47.078383333333335,0.042675000000000005
3522.0,47.0801,0.04268
3523.0,47.08181666666667,0.042685
3524.0,47.083533333333335,0.04269
3525.0,47.08525,0.042695000000000004
3526.0,47.08696666666666,0.0427
3527.0,47.08868333333333,0.042705
3528.0,47.090399999999995,0.042710000000000005
3529.0,47.09211666666666,0.042715
3530.0,47.09383333333333,0.04272
3531.0,47.095549999999996,0.042725
3532.0,47.09726666666666,0.042730000000000004
3533.0,47.09898333333333,0.042735
3534.0,47.100699999999996,0.04274
3535.0,47.10241666666666,0.042745000000000005
3536.0,47.10413333333333,0.04275
3537.0,47.10585,0.042755
3538.0,47.10756666666666,0.04276
3539.0,47.10928333333333,0.042765000000000004
3540.0,47.111,0.04277
3541.0,47.11723333333333,0.04276916666666667
3542.0,47.123466666666666,0.04276833333333334
3543.0,47.1297,0.0427675
3544.0,47.135933333333334,0.04276666666666667
3545.0,47.14216666666666,0.042765833333333336
3546.0,47.148399999999995,0.042765000000000004
3547.0,47.15463333333333,0.042764166666666666
3548.0,47.160866666666664,0.042763333333333334
3549.0,47.1671,0.0427625
3550.0,47.17333333333333,0.04276166666666667
3551.0,47.179566666666666,0.04276083333333334
3552.0,47.1858,0.04276
3553.0,47.19203333333333,0.04275916666666667
3554.0,47.19826666666666,0.042758333333333336
3555.0,47.204499999999996,0.042757500000000004
3556.0,47.21073333333333,0.04275666666666667
3557.0,47.216966666666664,0.04275583333333333
3558.0,47.2232,0.042755
3559.0,47.22943333333333,0.04275416666666667
3560.0,47.23566666666667,0.04275333333333334
3561.0,47.2419,0.0427525
3562.0,47.24813333333333,0.04275166666666667
3563.0,47.25436666666666,0.042750833333333335
3564.0,47.2606,0.04275
3565.0,47.26683333333333,0.04274916666666667
3566.0,47.273066666666665,0.04274833333333333
3567.0,47.2793,0.0427475
3568.0,47.28553333333333,0.04274666666666667
3569.0,47.29176666666667,0.04274583333333334
3570.0,47.298,0.042745000000000005
3571.0,47.30423333333333,0.042744166666666666
3572.0,47.31046666666666,0.042743333333333335
3573.0,47.3167,0.0427425
3574.0,47.32293333333333,0.04274166666666667
3575.0,47.329166666666666,0.04274083333333333
3576.0,47.3354,0.04274
3577.0,47.341633333333334,0.04273916666666667
3578.0,47.34786666666667,0.042738333333333337
3579.0,47.354099999999995,0.042737500000000005
3580.0,47.36033333333333,0.042736666666666666
3581.0,47.366566666666664,0.042735833333333334
3582.0,47.3728,0.042735
3583.0,47.37903333333333,0.04273416666666667
3584.0,47.385266666666666,0.04273333333333333
3585.0,47.3915,0.0427325
3586.0,47.397733333333335,0.04273166666666667
3587.0,47.40396666666667,0.042730833333333336
3588.0,47.410199999999996,0.042730000000000004
3589.0,47.41643333333333,0.042729166666666665
3590.0,47.422666666666665,0.04272833333333333
3591.0,47.4289,0.0427275
3592.0,47.43513333333333,0.04272666666666667
3593.0,47.44136666666667,0.04272583333333334
3594.0,47.4476,0.042725
3595.0,47.453833333333336,0.04272416666666667
3596.0,47.46006666666666,0.042723333333333335
3597.0,47.4663,0.042722500000000004
3598.0,47.47253333333333,0.042721666666666665
3599.0,47.478766666666665,0.04272083333333333
3600.0,47.485,0.04272
3601.0,47.485216666666666,0.04272666666666667
3602.0,47.48543333333333,0.04273333333333333
3603.0,47.48565,0.04274
3604.0,47.485866666666666,0.04274666666666667
3605.0,47.48608333333333,0.04275333333333334
3606.0,47.4863,0.04276
3607.0,47.48651666666667,0.04276666666666667
3608.0,47.48673333333333,0.04277333333333334
3609.0,47.48695,0.04278
3610.0,47.48716666666667,0.04278666666666667
3611.0,47.487383333333334,0.042793333333333336
3612.0,47.4876,0.0428
3613.0,47.48781666666667,0.042806666666666666
3614.0,47.488033333333334,0.042813333333333335
3615.0,47.48825,0.04282
3616.0,47.48846666666667,0.042826666666666666
3617.0,47.488683333333334,0.042833333333333334
3618.0,47.4889,0.04284
3619.0,47.48911666666667,0.042846666666666665
3620.0,47.489333333333335,0.042853333333333334
3621.0,47.48955,0.04286
3622.0,47.48976666666667,0.042866666666666664
3623.0,47.489983333333335,0.04287333333333333
3624.0,47.4902,0.04288
3625.0,47.49041666666667,0.04288666666666667
3626.0,47.490633333333335,0.04289333333333333
3627.0,47.49085,0.0429
3628.0,47.49106666666667,0.04290666666666667
3629.0,47.491283333333335,0.04291333333333333
3630.0,47.4915,0.04292
3631.0,47.49171666666666,0.04292666666666667
3632.0,47.49193333333333,0.04293333333333333
3633.0,47.492149999999995,0.04294
3634.0,47.49236666666666,0.04294666666666667
3635.0,47.49258333333333,0.04295333333333333
3636.0,47.492799999999995,0.04296
3637.0,47.49301666666666,0.04296666666666667
3638.0,47.49323333333333,0.042973333333333336
3639.0,47.493449999999996,0.04298
3640.0,47.49366666666666,0.042986666666666666
3641.0,47.49388333333333,0.042993333333333335
3642.0,47.494099999999996,0.043
3643.0,47.49431666666666,0.043006666666666665
3644.0,47.49453333333333,0.043013333333333334
3645.0,47.494749999999996,0.04302
3646.0,47.49496666666666,0.043026666666666664
3647.0,47.49518333333333,0.04303333333333333
3648.0,47.4954,0.04304
3649.0,47.49561666666666,0.043046666666666664
3650.0,47.49583333333333,0.04305333333333333
3651.0,47.49605,0.04306
3652.0,47.49626666666666,0.04306666666666666
3653.0,47.49648333333333,0.04307333333333333
3654.0,47.4967,0.04308
3655.0,47.496916666666664,0.04308666666666666
3656.0,47.49713333333333,0.04309333333333333
3657.0,47.49735,0.0431
3658.0,47.497566666666664,0.04310666666666667
3659.0,47.49778333333333,0.04311333333333333
3660.0,47.498,0.04312
3661.0,47.50046666666666,0.043123499999999995
3662.0,47.50293333333333,0.043127
3663.0,47.505399999999995,0.0431305
3664.0,47.507866666666665,0.043134
3665.0,47.51033333333333,0.043137499999999995
3666.0,47.5128,0.043141
3667.0,47.51526666666666,0.0431445
3668.0,47.51773333333333,0.043148
3669.0,47.520199999999996,0.043151499999999995
3670.0,47.522666666666666,0.043155
3671.0,47.52513333333333,0.0431585
3672.0,47.5276,0.043162
3673.0,47.53006666666666,0.043165499999999996
3674.0,47.53253333333333,0.043169
3675.0,47.535,0.0431725
3676.0,47.53746666666667,0.043176
3677.0,47.53993333333333,0.043179499999999996
3678.0,47.5424,0.043183
3679.0,47.544866666666664,0.0431865
3680.0,47.547333333333334,0.04319
3681.0,47.5498,0.043193499999999996
3682.0,47.55226666666667,0.043197
3683.0,47.55473333333333,0.0432005
3684.0,47.5572,0.043204
3685.0,47.559666666666665,0.043207499999999996
3686.0,47.562133333333335,0.043211
3687.0,47.5646,0.0432145
3688.0,47.56706666666667,0.043218
3689.0,47.56953333333333,0.043221499999999996
3690.0,47.572,0.043225
3691.0,47.574466666666666,0.0432285
3692.0,47.57693333333333,0.043232
3693.0,47.5794,0.043235499999999996
3694.0,47.58186666666666,0.043239
3695.0,47.58433333333333,0.0432425
3696.0,47.5868,0.043246
3697.0,47.58926666666667,0.043249499999999996
3698.0,47.59173333333333,0.043253
3699.0,47.5942,0.0432565
3700.0,47.596666666666664,0.04326
3701.0,47.599133333333334,0.043263499999999996
3702.0,47.6016,0.043267
3703.0,47.60406666666667,0.0432705
3704.0,47.60653333333333,0.043274
3705.0,47.609,0.043277499999999997
3706.0,47.611466666666665,0.043281
3707.0,47.613933333333335,0.043284500000000004
3708.0,47.6164,0.043288
3709.0,47.61886666666667,0.0432915
3710.0,47.62133333333333,0.043295
3711.0,47.6238,0.043298500000000004
3712.0,47.626266666666666,0.043302
3713.0,47.62873333333334,0.0433055
3714.0,47.6312,0.043309
3715.0,47.63366666666667,0.043312500000000004
3716.0,47.63613333333333,0.043316
3717.0,47.638600000000004,0.0433195
3718.0,47.64106666666667,0.043323
3719.0,47.64353333333334,0.043326500000000004
3720.0,47.646,0.04333
3721.0,47.649233333333335,0.043336
3722.0,47.65246666666667,0.043342
3723.0,47.6557,0.043348
3724.0,47.65893333333334,0.043354000000000004
3725.0,47.662166666666664,0.04336
3726.0,47.6654,0.043366
3727.0,47.66863333333333,0.043372
3728.0,47.671866666666666,0.043378
3729.0,47.6751,0.043384
3730.0,47.678333333333335,0.04339
3731.0,47.68156666666667,0.043396
3732.0,47.6848,0.043402
3733.0,47.68803333333334,0.043408
3734.0,47.69126666666667,0.043414
3735.0,47.694500000000005,0.04342
3736.0,47.69773333333333,0.043426
3737.0,47.700966666666666,0.043432
3738.0,47.7042,0.043438
3739.0,47.707433333333334,0.043444
3740.0,47.71066666666667,0.04345
3741.0,47.7139,0.043456
3742.0,47.71713333333334,0.043462
3743.0,47.72036666666667,0.043468
3744.0,47.723600000000005,0.043474
3745.0,47.72683333333333,0.04348
3746.0,47.730066666666666,0.043486
3747.0,47.7333,0.043492
3748.0,47.736533333333334,0.043498
3749.0,47.73976666666667,0.043504
3750.0,47.743,0.04351
3751.0,47.746233333333336,0.043516
3752.0,47.74946666666667,0.043522
3753.0,47.752700000000004,0.043528
3754.0,47.75593333333334,0.043534
3755.0,47.75916666666667,0.04354
3756.0,47.7624,0.043546
3757.0,47.765633333333334,0.043552
3758.0,47.76886666666667,0.043558
3759.0,47.7721,0.043564
3760.0,47.775333333333336,0.04357
3761.0,47.77856666666667,0.043576
3762.0,47.781800000000004,0.043582
3763.0,47.78503333333334,0.043588
3764.0,47.78826666666667,0.043594
3765.0,47.7915,0.0436
3766.0,47.79473333333333,0.043606
3767.0,47.79796666666667,0.043612
3768.0,47.8012,0.043618
3769.0,47.804433333333336,0.043624
3770.0,47.80766666666667,0.04363
3771.0,47.810900000000004,0.043636
3772.0,47.81413333333334,0.043642
3773.0,47.81736666666667,0.043648
3774.0,47.820600000000006,0.043654
3775.0,47.82383333333334,0.04366
3776.0,47.82706666666667,0.043665999999999996
3777.0,47.8303,0.043672
3778.0,47.833533333333335,0.043678
3779.0,47.83676666666667,0.043684
3780.0,47.84,0.04369
3781.0,47.84055,0.04369066666666667
3782.0,47.841100000000004,0.04369133333333333
3783.0,47.84165,0.043692
3784.0,47.842200000000005,0.043692666666666664
3785.0,47.84275,0.043693333333333334
3786.0,47.8433,0.043694
3787.0,47.84385,0.043694666666666666
3788.0,47.8444,0.043695333333333336
3789.0,47.844950000000004,0.043696
3790.0,47.8455,0.04369666666666667
3791.0,47.846050000000005,0.04369733333333333
3792.0,47.8466,0.043698
3793.0,47.84715,0.04369866666666666
3794.0,47.8477,0.04369933333333333
3795.0,47.84825,0.0437
3796.0,47.848800000000004,0.043700666666666665
3797.0,47.84935,0.043701333333333335
3798.0,47.849900000000005,0.043702
3799.0,47.85045,0.04370266666666667
3800.0,47.851,0.04370333333333333
3801.0,47.85155,0.043704
3802.0,47.8521,0.04370466666666666
3803.0,47.852650000000004,0.04370533333333333
3804.0,47.8532,0.043706
3805.0,47.85375,0.043706666666666665
3806.0,47.8543,0.043707333333333334
3807.0,47.85485,0.043708
3808.0,47.8554,0.043708666666666667
3809.0,47.85595,0.04370933333333333
3810.0,47.8565,0.04371
3811.0,47.85705,0.04371066666666667
3812.0,47.8576,0.04371133333333333
3813.0,47.85815,0.043712
3814.0,47.8587,0.043712666666666664
3815.0,47.85925,0.04371333333333333
3816.0,47.8598,0.043713999999999996
3817.0,47.86035,0.043714666666666666
3818.0,47.8609,0.043715333333333335
3819.0,47.86145,0.043716
3820.0,47.862,0.04371666666666667
3821.0,47.86255,0.04371733333333333
3822.0,47.8631,0.043718
3823.0,47.86365,0.04371866666666666
3824.0,47.8642,0.04371933333333333
3825.0,47.86475,0.043719999999999995
3826.0,47.8653,0.043720666666666665
3827.0,47.86585,0.043721333333333334
3828.0,47.8664,0.043722
3829.0,47.866949999999996,0.04372266666666667
3830.0,47.8675,0.04372333333333333
3831.0,47.86805,0.043724
3832.0,47.8686,0.04372466666666666
3833.0,47.86915,0.04372533333333333
3834.0,47.8697,0.043726
3835.0,47.87025,0.043726666666666664
3836.0,47.870799999999996,0.04372733333333333
3837.0,47.87135,0.043727999999999996
3838.0,47.8719,0.043728666666666666
3839.0,47.87245,0.04372933333333333
3840.0,47.873,0.04373
3841.0,47.87388333333333,0.04373266666666666
3842.0,47.874766666666666,0.043735333333333334
3843.0,47.87565,0.043738
3844.0,47.876533333333334,0.043740666666666664
3845.0,47.87741666666666,0.04374333333333333
3846.0,47.878299999999996,0.043746
3847.0,47.87918333333333,0.043748666666666665
3848.0,47.880066666666664,0.04375133333333333
3849.0,47.88095,0.043754
3850.0,47.88183333333333,0.043756666666666666
3851.0,47.88271666666667,0.04375933333333333
3852.0,47.8836,0.043761999999999995
3853.0,47.88448333333333,0.04376466666666667
3854.0,47.88536666666666,0.04376733333333333
3855.0,47.88625,0.043769999999999996
3856.0,47.88713333333333,0.04377266666666667
3857.0,47.888016666666665,0.04377533333333333
3858.0,47.8889,0.043778
3859.0,47.889783333333334,0.04378066666666666
3860.0,47.89066666666667,0.043783333333333334
3861.0,47.89155,0.043786
3862.0,47.89243333333333,0.04378866666666666
3863.0,47.893316666666664,0.043791333333333335
3864.0,47.8942,0.043794
3865.0,47.89508333333333,0.043796666666666664
3866.0,47.895966666666666,0.04379933333333333
3867.0,47.89685,0.043802
3868.0,47.897733333333335,0.043804666666666665
3869.0,47.89861666666667,0.04380733333333333
3870.0,47.8995,0.04381
3871.0,47.90038333333333,0.043812666666666666
3872.0,47.901266666666665,0.04381533333333333
3873.0,47.90215,0.043817999999999996
3874.0,47.90303333333333,0.04382066666666667
3875.0,47.90391666666667,0.04382333333333333
3876.0,47.9048,0.043826
3877.0,47.905683333333336,0.04382866666666666
3878.0,47.90656666666667,0.04383133333333333
3879.0,47.90745,0.043834
3880.0,47.90833333333333,0.04383666666666666
3881.0,47.909216666666666,0.043839333333333334
3882.0,47.9101,0.043842
3883.0,47.910983333333334,0.043844666666666664
3884.0,47.91186666666667,0.04384733333333333
3885.0,47.91275,0.04385
3886.0,47.91363333333334,0.043852666666666665
3887.0,47.91451666666667,0.04385533333333333
3888.0,47.9154,0.043858
3889.0,47.91628333333333,0.043860666666666666
3890.0,47.91716666666667,0.04386333333333333
3891.0,47.91805,0.043865999999999995
3892.0,47.918933333333335,0.04386866666666667
3893.0,47.91981666666667,0.04387133333333333
3894.0,47.920700000000004,0.043873999999999996
3895.0,47.92158333333334,0.04387666666666667
3896.0,47.922466666666665,0.04387933333333333
3897.0,47.92335,0.043882
3898.0,47.92423333333333,0.04388466666666666
3899.0,47.92511666666667,0.043887333333333334
3900.0,47.926,0.04389
3901.0,47.9275,0.043895166666666666
3902.0,47.929,0.04390033333333333
3903.0,47.9305,0.0439055
3904.0,47.932,0.04391066666666667
3905.0,47.9335,0.043915833333333334
3906.0,47.935,0.043921
3907.0,47.9365,0.04392616666666667
3908.0,47.938,0.04393133333333333
3909.0,47.9395,0.043936499999999996
3910.0,47.941,0.043941666666666664
3911.0,47.9425,0.04394683333333333
3912.0,47.944,0.043952
3913.0,47.9455,0.043957166666666665
3914.0,47.947,0.04396233333333333
3915.0,47.9485,0.0439675
3916.0,47.95,0.04397266666666667
3917.0,47.9515,0.043977833333333334
3918.0,47.953,0.043983
3919.0,47.9545,0.04398816666666667
3920.0,47.956,0.043993333333333336
3921.0,47.9575,0.0439985
3922.0,47.959,0.04400366666666667
3923.0,47.9605,0.04400883333333333
3924.0,47.962,0.044014
3925.0,47.9635,0.044019166666666665
3926.0,47.965,0.04402433333333333
3927.0,47.9665,0.0440295
3928.0,47.968,0.044034666666666666
3929.0,47.969500000000004,0.044039833333333334
3930.0,47.971000000000004,0.044045
3931.0,47.9725,0.04405016666666667
3932.0,47.974,0.044055333333333335
3933.0,47.9755,0.0440605
3934.0,47.977,0.04406566666666667
3935.0,47.9785,0.04407083333333334
3936.0,47.98,0.044076000000000004
3937.0,47.9815,0.04408116666666667
3938.0,47.983,0.04408633333333333
3939.0,47.9845,0.0440915
3940.0,47.986,0.044096666666666666
3941.0,47.9875,0.04410183333333333
3942.0,47.989,0.044107
3943.0,47.9905,0.04411216666666667
3944.0,47.992,0.044117333333333335
3945.0,47.9935,0.0441225
3946.0,47.995,0.04412766666666667
3947.0,47.9965,0.044132833333333336
3948.0,47.998,0.044138000000000004
3949.0,47.9995,0.04414316666666667
3950.0,48.001,0.04414833333333334
3951.0,48.0025,0.044153500000000005
3952.0,48.004,0.04415866666666667
3953.0,48.0055,0.04416383333333333
3954.0,48.007,0.044169
3955.0,48.0085,0.04417416666666667
3956.0,48.01,0.044179333333333334
3957.0,48.0115,0.0441845
3958.0,48.013,0.04418966666666667
3959.0,48.0145,0.044194833333333336
3960.0,48.016,0.0442
3961.0,48.01535,0.044200333333333335
3962.0,48.0147,0.04420066666666667
3963.0,48.01405,0.044201000000000004
3964.0,48.0134,0.044201333333333336
3965.0,48.01275,0.04420166666666667
3966.0,48.0121,0.044202000000000005
3967.0,48.011449999999996,0.044202333333333337
3968.0,48.010799999999996,0.04420266666666667
3969.0,48.010149999999996,0.044203000000000006
3970.0,48.009499999999996,0.04420333333333334
3971.0,48.008849999999995,0.04420366666666667
3972.0,48.008199999999995,0.044204
3973.0,48.007549999999995,0.04420433333333334
3974.0,48.006899999999995,0.04420466666666667
3975.0,48.006249999999994,0.044205
3976.0,48.0056,0.04420533333333334
3977.0,48.00495,0.04420566666666667
3978.0,48.0043,0.044206
3979.0,48.00365,0.044206333333333334
3980.0,48.003,0.04420666666666667
3981.0,48.00235,0.044207
3982.0,48.0017,0.044207333333333335
3983.0,48.00105,0.04420766666666667
3984.0,48.0004,0.044208000000000004
3985.0,47.99975,0.044208333333333336
3986.0,47.9991,0.04420866666666667
3987.0,47.99845,0.044209000000000005
3988.0,47.9978,0.04420933333333334
3989.0,47.99715,0.04420966666666667
3990.0,47.9965,0.04421
3991.0,47.99585,0.04421033333333334
3992.0,47.9952,0.04421066666666667
3993.0,47.99455,0.044211
3994.0,47.9939,0.04421133333333334
3995.0,47.993249999999996,0.04421166666666667
3996.0,47.992599999999996,0.044212
3997.0,47.991949999999996,0.04421233333333333
3998.0,47.991299999999995,0.04421266666666667
3999.0,47.990649999999995,0.044213
4000.0,47.989999999999995,0.044213333333333334
4001.0,47.989349999999995,0.04421366666666667
4002.0,47.988699999999994,0.044214
4003.0,47.988049999999994,0.044214333333333335
4004.0,47.987399999999994,0.044214666666666666
4005.0,47.98675,0.044215000000000004
4006.0,47.9861,0.044215333333333336
4007.0,47.98545,0.04421566666666667
4008.0,47.9848,0.044216000000000005
4009.0,47.98415,0.04421633333333334
4010.0,47.9835,0.04421666666666667
4011.0,47.98285,0.044217
4012.0,47.9822,0.04421733333333334
4013.0,47.98155,0.04421766666666667
4014.0,47.9809,0.044218
4015.0,47.98025,0.04421833333333334
4016.0,47.9796,0.04421866666666667
4017.0,47.97895,0.044219
4018.0,47.9783,0.04421933333333333
4019.0,47.97765,0.04421966666666667
4020.0,47.977,0.04422
4021.0,47.97615,0.04422216666666667
4022.0,47.9753,0.04422433333333334
4023.0,47.97445,0.0442265
4024.0,47.9736,0.044228666666666666
4025.0,47.97275,0.04423083333333334
4026.0,47.9719,0.044233
4027.0,47.97105,0.044235166666666666
4028.0,47.9702,0.04423733333333334
4029.0,47.96935,0.0442395
4030.0,47.9685,0.044241666666666665
4031.0,47.96765,0.044243833333333336
4032.0,47.9668,0.044246
4033.0,47.96595,0.04424816666666667
4034.0,47.9651,0.044250333333333336
4035.0,47.96425,0.0442525
4036.0,47.9634,0.04425466666666667
4037.0,47.96255,0.044256833333333336
4038.0,47.9617,0.044259
4039.0,47.96085,0.04426116666666667
4040.0,47.96,0.044263333333333335
4041.0,47.95915,0.0442655
4042.0,47.9583,0.04426766666666667
4043.0,47.95745,0.044269833333333335
4044.0,47.9566,0.044272
4045.0,47.95575,0.04427416666666667
4046.0,47.9549,0.044276333333333334
4047.0,47.95405,0.0442785
4048.0,47.9532,0.04428066666666667
4049.0,47.95235,0.044282833333333334
4050.0,47.951499999999996,0.044285000000000005
4051.0,47.950649999999996,0.04428716666666667
4052.0,47.949799999999996,0.04428933333333333
4053.0,47.948949999999996,0.044291500000000004
4054.0,47.9481,0.04429366666666667
4055.0,47.94725,0.04429583333333333
4056.0,47.9464,0.044298000000000004
4057.0,47.94555,0.04430016666666667
4058.0,47.9447,0.04430233333333333
4059.0,47.94385,0.044304500000000004
4060.0,47.943,0.04430666666666667
4061.0,47.94215,0.04430883333333333
4062.0,47.9413,0.044311
4063.0,47.94045,0.04431316666666667
4064.0,47.9396,0.04431533333333333
4065.0,47.93875,0.0443175
4066.0,47.9379,0.04431966666666667
4067.0,47.93705,0.04432183333333333
4068.0,47.9362,0.044324
4069.0,47.93535,0.044326166666666666
4070.0,47.9345,0.04432833333333333
4071.0,47.93365,0.0443305
4072.0,47.9328,0.044332666666666666
4073.0,47.93195,0.04433483333333334
4074.0,47.9311,0.044337
4075.0,47.93025,0.044339166666666666
4076.0,47.9294,0.04434133333333334
4077.0,47.92855,0.0443435
4078.0,47.9277,0.044345666666666665
4079.0,47.92685,0.044347833333333336
4080.0,47.926,0.04435
4081.0,47.930550000000004,0.0443555
4082.0,47.9351,0.044361
4083.0,47.93965,0.0443665
4084.0,47.9442,0.044372
4085.0,47.948750000000004,0.0443775
4086.0,47.9533,0.044383
4087.0,47.95785,0.0443885
4088.0,47.9624,0.044394
4089.0,47.966950000000004,0.0443995
4090.0,47.9715,0.044405
4091.0,47.97605,0.0444105
4092.0,47.9806,0.044416
4093.0,47.985150000000004,0.0444215
4094.0,47.9897,0.044427
4095.0,47.99425,0.0444325
4096.0,47.9988,0.044438
4097.0,48.00335,0.0444435
4098.0,48.0079,0.044449
4099.0,48.01245,0.0444545
4100.0,48.017,0.04446
4101.0,48.02155,0.0444655
4102.0,48.0261,0.044471
4103.0,48.03065,0.0444765
4104.0,48.0352,0.044482
4105.0,48.03975,0.0444875
4106.0,48.0443,0.044493
4107.0,48.04885,0.044498499999999996
4108.0,48.0534,0.044504
4109.0,48.05795,0.0445095
4110.0,48.0625,0.044515
4111.0,48.06705,0.0445205
4112.0,48.0716,0.044525999999999996
4113.0,48.07615,0.0445315
4114.0,48.0807,0.044537
4115.0,48.08525,0.0445425
4116.0,48.0898,0.044548
4117.0,48.09435,0.044553499999999996
4118.0,48.0989,0.044559
4119.0,48.10345,0.0445645
4120.0,48.108,0.04457
4121.0,48.11255,0.0445755
4122.0,48.1171,0.044580999999999996
4123.0,48.12165,0.0445865
4124.0,48.1262,0.044592
4125.0,48.13075,0.0445975
4126.0,48.1353,0.044603
4127.0,48.139849999999996,0.044608499999999995
4128.0,48.1444,0.044614
4129.0,48.14895,0.0446195
4130.0,48.1535,0.044625
4131.0,48.158049999999996,0.0446305
4132.0,48.1626,0.044635999999999995
4133.0,48.16715,0.0446415
4134.0,48.1717,0.044647
4135.0,48.176249999999996,0.0446525
4136.0,48.1808,0.044657999999999996
4137.0,48.18535,0.044663499999999995
4138.0,48.1899,0.044669
4139.0,48.194449999999996,0.0446745
4140.0,48.199,0.04468
4141.0,48.19845,0.0446825
4142.0,48.1979,0.044684999999999996
4143.0,48.19735,0.0446875
4144.0,48.196799999999996,0.04469
4145.0,48.19625,0.044692499999999996
4146.0,48.195699999999995,0.044695
4147.0,48.19515,0.0446975
4148.0,48.1946,0.0447
4149.0,48.19405,0.0447025
4150.0,48.1935,0.044704999999999995
4151.0,48.192949999999996,0.0447075
4152.0,48.1924,0.04471
4153.0,48.191849999999995,0.044712499999999995
4154.0,48.1913,0.044715
4155.0,48.190749999999994,0.0447175
4156.0,48.1902,0.044719999999999996
4157.0,48.18965,0.0447225
4158.0,48.189099999999996,0.044725
4159.0,48.18855,0.044727499999999996
4160.0,48.187999999999995,0.04473
4161.0,48.18745,0.0447325
4162.0,48.186899999999994,0.044735
4163.0,48.18635,0.0447375
4164.0,48.1858,0.04474
4165.0,48.185249999999996,0.0447425
4166.0,48.1847,0.044745
4167.0,48.184149999999995,0.0447475
4168.0,48.1836,0.04475
4169.0,48.183049999999994,0.0447525
4170.0,48.1825,0.044755
4171.0,48.18195,0.0447575
4172.0,48.1814,0.04476
4173.0,48.18085,0.0447625
4174.0,48.180299999999995,0.044765
4175.0,48.17975,0.0447675
4176.0,48.179199999999994,0.04477
4177.0,48.17865,0.0447725
4178.0,48.1781,0.044775
4179.0,48.17755,0.0447775
4180.0,48.177,0.04478
4181.0,48.176449999999996,0.0447825
4182.0,48.1759,0.044785
4183.0,48.175349999999995,0.0447875
4184.0,48.1748,0.04479
4185.0,48.17425,0.0447925
4186.0,48.1737,0.044795
4187.0,48.17315,0.044797500000000004
4188.0,48.172599999999996,0.0448
4189.0,48.17205,0.0448025
4190.0,48.171499999999995,0.044805
4191.0,48.17095,0.0448075
4192.0,48.170399999999994,0.04481
4193.0,48.16985,0.0448125
4194.0,48.1693,0.044815
4195.0,48.168749999999996,0.0448175
4196.0,48.1682,0.04482
4197.0,48.167649999999995,0.0448225
4198.0,48.1671,0.044825000000000004
4199.0,48.166549999999994,0.0448275
4200.0,48.166,0.04483
4201.0,48.168749999999996,0.044831333333333334
4202.0,48.171499999999995,0.044832666666666666
4203.0,48.17425,0.044834
4204.0,48.177,0.04483533333333334
4205.0,48.17975,0.04483666666666667
4206.0,48.1825,0.044838
4207.0,48.185249999999996,0.044839333333333335
4208.0,48.187999999999995,0.04484066666666667
4209.0,48.190749999999994,0.044842
4210.0,48.1935,0.04484333333333333
4211.0,48.19625,0.044844666666666665
4212.0,48.199,0.044846000000000004
4213.0,48.20175,0.044847333333333336
4214.0,48.204499999999996,0.04484866666666667
4215.0,48.20725,0.04485
4216.0,48.21,0.04485133333333333
4217.0,48.21275,0.044852666666666666
4218.0,48.2155,0.044854
4219.0,48.21825,0.04485533333333334
4220.0,48.221,0.04485666666666667
4221.0,48.223749999999995,0.044858
4222.0,48.2265,0.044859333333333334
4223.0,48.22925,0.04486066666666667
4224.0,48.232,0.044862
4225.0,48.23475,0.04486333333333333
4226.0,48.2375,0.044864666666666664
4227.0,48.24025,0.044866
4228.0,48.243,0.044867333333333335
4229.0,48.24575,0.04486866666666667
4230.0,48.2485,0.04487
4231.0,48.25125,0.04487133333333333
4232.0,48.254,0.044872666666666665
4233.0,48.25675,0.044874
4234.0,48.2595,0.044875333333333337
4235.0,48.26225,0.04487666666666667
4236.0,48.265,0.044878
4237.0,48.26775,0.044879333333333334
4238.0,48.2705,0.044880666666666666
4239.0,48.273250000000004,0.044882
4240.0,48.276,0.04488333333333333
4241.0,48.27875,0.04488466666666666
4242.0,48.2815,0.044886
4243.0,48.28425,0.044887333333333335
4244.0,48.287,0.04488866666666667
4245.0,48.28975,0.04489
4246.0,48.292500000000004,0.04489133333333333
4247.0,48.29525,0.044892666666666664
4248.0,48.298,0.044893999999999996
4249.0,48.30075,0.044895333333333336
4250.0,48.3035,0.04489666666666667
4251.0,48.306250000000006,0.044898
4252.0,48.309000000000005,0.04489933333333333
4253.0,48.31175,0.044900666666666665
4254.0,48.3145,0.044902
4255.0,48.31725,0.04490333333333333
4256.0,48.32,0.04490466666666666
4257.0,48.32275,0.044906
4258.0,48.325500000000005,0.044907333333333334
4259.0,48.328250000000004,0.044908666666666666
4260.0,48.331,0.04491
4261.0,48.33573333333334,0.04491383333333333
4262.0,48.34046666666667,0.04491766666666667
4263.0,48.345200000000006,0.044921499999999996
4264.0,48.34993333333334,0.04492533333333333
4265.0,48.35466666666667,0.044929166666666666
4266.0,48.3594,0.044933
4267.0,48.364133333333335,0.04493683333333333
4268.0,48.36886666666667,0.044940666666666663
4269.0,48.3736,0.0449445
4270.0,48.37833333333334,0.04494833333333333
4271.0,48.38306666666667,0.04495216666666667
4272.0,48.387800000000006,0.044955999999999996
4273.0,48.39253333333333,0.04495983333333333
4274.0,48.39726666666667,0.044963666666666666
4275.0,48.402,0.0449675
4276.0,48.406733333333335,0.044971333333333335
4277.0,48.41146666666667,0.04497516666666666
4278.0,48.4162,0.044979
4279.0,48.42093333333334,0.04498283333333333
4280.0,48.42566666666667,0.04498666666666667
4281.0,48.430400000000006,0.044990499999999996
4282.0,48.43513333333333,0.04499433333333333
4283.0,48.43986666666667,0.044998166666666665
4284.0,48.4446,0.045002
4285.0,48.449333333333335,0.045005833333333335
4286.0,48.45406666666667,0.04500966666666666
4287.0,48.458800000000004,0.0450135
4288.0,48.46353333333334,0.04501733333333333
4289.0,48.46826666666667,0.04502116666666667
4290.0,48.473,0.045024999999999996
4291.0,48.47773333333333,0.04502883333333333
4292.0,48.48246666666667,0.045032666666666665
4293.0,48.4872,0.0450365
4294.0,48.491933333333336,0.045040333333333335
4295.0,48.49666666666667,0.04504416666666666
4296.0,48.501400000000004,0.045048
4297.0,48.50613333333334,0.04505183333333333
4298.0,48.51086666666667,0.04505566666666667
4299.0,48.5156,0.0450595
4300.0,48.52033333333333,0.04506333333333333
4301.0,48.52506666666667,0.045067166666666665
4302.0,48.5298,0.045071
4303.0,48.534533333333336,0.045074833333333335
4304.0,48.53926666666667,0.04507866666666666
4305.0,48.544000000000004,0.0450825
4306.0,48.54873333333334,0.04508633333333333
4307.0,48.55346666666667,0.04509016666666667
4308.0,48.5582,0.045094
4309.0,48.56293333333333,0.04509783333333333
4310.0,48.56766666666667,0.045101666666666665
4311.0,48.5724,0.0451055
4312.0,48.577133333333336,0.045109333333333335
4313.0,48.58186666666667,0.04511316666666667
4314.0,48.586600000000004,0.045117
4315.0,48.59133333333334,0.04512083333333333
4316.0,48.596066666666665,0.04512466666666667
4317.0,48.6008,0.0451285
4318.0,48.605533333333334,0.04513233333333333
4319.0,48.61026666666667,0.045136166666666665
4320.0,48.615,0.04514
4321.0,48.61108333333333,0.045142666666666664
4322.0,48.60716666666667,0.045145333333333336
4323.0,48.60325,0.045148
4324.0,48.599333333333334,0.045150666666666665
4325.0,48.595416666666665,0.04515333333333333
4326.0,48.5915,0.045156
4327.0,48.587583333333335,0.045158666666666666
4328.0,48.583666666666666,0.04516133333333333
4329.0,48.579750000000004,0.045164
4330.0,48.575833333333335,0.04516666666666667
4331.0,48.57191666666667,0.04516933333333333
4332.0,48.568000000000005,0.045172
4333.0,48.564083333333336,0.04517466666666667
4334.0,48.56016666666667,0.04517733333333333
4335.0,48.556250000000006,0.04518
4336.0,48.55233333333334,0.04518266666666667
4337.0,48.54841666666667,0.045185333333333334
4338.0,48.5445,0.045188
4339.0,48.54058333333334,0.045190666666666664
4340.0,48.53666666666667,0.045193333333333335
4341.0,48.53275,0.045196
4342.0,48.52883333333334,0.045198666666666665
4343.0,48.52491666666667,0.045201333333333336
4344.0,48.521,0.045204
4345.0,48.51708333333334,0.045206666666666666
4346.0,48.51316666666667,0.04520933333333333
4347.0,48.50925,0.045212
4348.0,48.50533333333333,0.04521466666666667
4349.0,48.50141666666667,0.04521733333333333
4350.0,48.4975,0.045219999999999996
4351.0,48.49358333333333,0.04522266666666667
4352.0,48.48966666666667,0.04522533333333333
4353.0,48.48575,0.045228
4354.0,48.481833333333334,0.04523066666666667
4355.0,48.47791666666667,0.045233333333333334
4356.0,48.474000000000004,0.045236
4357.0,48.470083333333335,0.04523866666666666
4358.0,48.466166666666666,0.045241333333333335
4359.0,48.462250000000004,0.045244
4360.0,48.458333333333336,0.045246666666666664
4361.0,48.45441666666667,0.045249333333333336
4362.0,48.450500000000005,0.045252
4363.0,48.446583333333336,0.045254666666666665
4364.0,48.44266666666667,0.04525733333333333
4365.0,48.438750000000006,0.04526
4366.0,48.43483333333334,0.045262666666666666
4367.0,48.43091666666667,0.04526533333333333
4368.0,48.427,0.045268
4369.0,48.42308333333334,0.04527066666666667
4370.0,48.41916666666667,0.04527333333333333
4371.0,48.41525,0.045276
4372.0,48.41133333333334,0.04527866666666667
4373.0,48.40741666666667,0.04528133333333333
4374.0,48.4035,0.045284
4375.0,48.39958333333334,0.04528666666666667
4376.0,48.39566666666667,0.045289333333333334
4377.0,48.39175,0.045292
4378.0,48.38783333333333,0.045294666666666664
4379.0,48.38391666666667,0.045297333333333335
4380.0,48.38,0.0453
4381.0,48.37961666666667,0.045302166666666664
4382.0,48.37923333333334,0.045304333333333335
4383.0,48.37885,0.0453065
4384.0,48.37846666666667,0.045308666666666664
4385.0,48.378083333333336,0.045310833333333335
4386.0,48.377700000000004,0.045313
4387.0,48.377316666666665,0.04531516666666666
4388.0,48.376933333333334,0.045317333333333334
4389.0,48.37655,0.0453195
4390.0,48.37616666666667,0.04532166666666666
4391.0,48.37578333333334,0.045323833333333334
4392.0,48.3754,0.045326
4393.0,48.37501666666667,0.04532816666666667
4394.0,48.374633333333335,0.045330333333333334
4395.0,48.37425,0.0453325
4396.0,48.37386666666667,0.04533466666666667
4397.0,48.37348333333333,0.04533683333333333
4398.0,48.3731,0.045339
4399.0,48.37271666666667,0.04534116666666667
4400.0,48.37233333333334,0.04534333333333333
4401.0,48.37195,0.0453455
4402.0,48.371566666666666,0.04534766666666667
4403.0,48.371183333333335,0.04534983333333333
4404.0,48.3708,0.045351999999999996
4405.0,48.37041666666667,0.04535416666666667
4406.0,48.37003333333333,0.04535633333333333
4407.0,48.36965,0.045358499999999996
4408.0,48.36926666666667,0.04536066666666667
4409.0,48.368883333333336,0.04536283333333333
4410.0,48.3685,0.045365
4411.0,48.368116666666666,0.04536716666666667
4412.0,48.367733333333334,0.04536933333333333
4413.0,48.36735,0.0453715
4414.0,48.36696666666667,0.045373666666666666
4415.0,48.36658333333333,0.04537583333333333
4416.0,48.3662,0.045378
4417.0,48.36581666666667,0.045380166666666666
4418.0,48.365433333333335,0.04538233333333333
4419.0,48.365050000000004,0.0453845
4420.0,48.364666666666665,0.045386666666666665
4421.0,48.36428333333333,0.04538883333333333
4422.0,48.3639,0.045391
4423.0,48.36351666666667,0.045393166666666665
4424.0,48.36313333333333,0.04539533333333333
4425.0,48.36275,0.0453975
4426.0,48.36236666666667,0.045399666666666665
4427.0,48.361983333333335,0.04540183333333333
4428.0,48.3616,0.045404
4429.0,48.361216666666664,0.045406166666666664
4430.0,48.36083333333333,0.04540833333333333
4431.0,48.36045,0.0454105
4432.0,48.36006666666667,0.045412666666666664
4433.0,48.35968333333334,0.045414833333333335
4434.0,48.3593,0.045417
4435.0,48.358916666666666,0.04541916666666666
4436.0,48.358533333333334,0.045421333333333334
4437.0,48.35815,0.0454235
4438.0,48.35776666666666,0.04542566666666666
4439.0,48.35738333333333,0.045427833333333334
4440.0,48.357,0.04543
4441.0,48.35981666666667,0.045433
4442.0,48.362633333333335,0.045436
4443.0,48.36545,0.045439
4444.0,48.36826666666666,0.045441999999999996
4445.0,48.37108333333333,0.045445
4446.0,48.3739,0.045447999999999995
4447.0,48.37671666666667,0.045451
4448.0,48.379533333333335,0.045454
4449.0,48.38235,0.045457
4450.0,48.38516666666666,0.04546
4451.0,48.38798333333333,0.045462999999999996
4452.0,48.3908,0.045466
4453.0,48.39361666666667,0.045468999999999996
4454.0,48.396433333333334,0.045472
4455.0,48.39925,0.045475
4456.0,48.40206666666667,0.045478
4457.0,48.40488333333333,0.045481
4458.0,48.4077,0.045484
4459.0,48.410516666666666,0.045487
4460.0,48.413333333333334,0.045489999999999996
4461.0,48.41615,0.045493
4462.0,48.41896666666667,0.045495999999999995
4463.0,48.42178333333334,0.045499
4464.0,48.4246,0.045502
4465.0,48.427416666666666,0.045505
4466.0,48.430233333333334,0.045508
4467.0,48.43305,0.045510999999999996
4468.0,48.43586666666667,0.045514
4469.0,48.43868333333334,0.045516999999999995
4470.0,48.441500000000005,0.04552
4471.0,48.444316666666666,0.045523
4472.0,48.44713333333333,0.045526
4473.0,48.44995,0.045529
4474.0,48.45276666666667,0.045531999999999996
4475.0,48.45558333333334,0.045535
4476.0,48.458400000000005,0.045537999999999995
4477.0,48.461216666666665,0.045541
4478.0,48.46403333333333,0.045544
4479.0,48.46685,0.045547
4480.0,48.46966666666667,0.04555
4481.0,48.47248333333334,0.045552999999999996
4482.0,48.475300000000004,0.045556
4483.0,48.47811666666667,0.045558999999999995
4484.0,48.48093333333333,0.045562
4485.0,48.48375,0.045564999999999994
4486.0,48.48656666666667,0.045568
4487.0,48.489383333333336,0.045571
4488.0,48.492200000000004,0.045573999999999996
4489.0,48.49501666666667,0.045577
4490.0,48.49783333333333,0.045579999999999996
4491.0,48.50065,0.045583
4492.0,48.50346666666667,0.045585999999999995
4493.0,48.506283333333336,0.045589
4494.0,48.509100000000004,0.045592
4495.0,48.51191666666667,0.045595
4496.0,48.51473333333334,0.045598
4497.0,48.51755,0.045600999999999996
4498.0,48.52036666666667,0.045604
4499.0,48.523183333333336,0.045606999999999995
4500.0,48.526,0.04561
4501.0,48.52706666666667,0.045614666666666664
4502.0,48.52813333333334,0.04561933333333333
4503.0,48.5292,0.045624
4504.0,48.53026666666667,0.045628666666666665
4505.0,48.531333333333336,0.04563333333333333
4506.0,48.5324,0.045638
4507.0,48.53346666666667,0.045642666666666665
4508.0,48.534533333333336,0.04564733333333333
4509.0,48.5356,0.045652
4510.0,48.53666666666667,0.045656666666666665
4511.0,48.537733333333335,0.04566133333333333
4512.0,48.5388,0.045666
4513.0,48.53986666666667,0.045670666666666665
4514.0,48.540933333333335,0.04567533333333333
4515.0,48.542,0.04568
4516.0,48.54306666666667,0.045684666666666665
4517.0,48.544133333333335,0.04568933333333333
4518.0,48.5452,0.045694
4519.0,48.54626666666667,0.045698666666666665
4520.0,48.547333333333334,0.04570333333333333
4521.0,48.5484,0.045708
4522.0,48.54946666666667,0.045712666666666665
4523.0,48.550533333333334,0.04571733333333333
4524.0,48.5516,0.045722
4525.0,48.55266666666667,0.045726666666666665
4526.0,48.553733333333334,0.04573133333333333
4527.0,48.5548,0.045736
4528.0,48.55586666666667,0.045740666666666666
4529.0,48.55693333333333,0.04574533333333333
4530.0,48.55800000000001,0.04575
4531.0,48.55906666666667,0.045754666666666666
4532.0,48.56013333333334,0.04575933333333333
4533.0,48.56120000000001,0.045764
4534.0,48.56226666666667,0.045768666666666666
4535.0,48.56333333333334,0.04577333333333333
4536.0,48.564400000000006,0.045778
4537.0,48.56546666666667,0.045782666666666666
4538.0,48.56653333333334,0.04578733333333333
4539.0,48.567600000000006,0.045792
4540.0,48.56866666666667,0.045796666666666666
4541.0,48.56973333333334,0.04580133333333333
4542.0,48.570800000000006,0.045806
4543.0,48.57186666666667,0.045810666666666666
4544.0,48.57293333333334,0.04581533333333333
4545.0,48.574000000000005,0.04582
4546.0,48.57506666666667,0.045824666666666666
4547.0,48.57613333333334,0.04582933333333333
4548.0,48.577200000000005,0.045834
4549.0,48.57826666666667,0.045838666666666666
4550.0,48.57933333333334,0.04584333333333333
4551.0,48.580400000000004,0.045848
4552.0,48.58146666666667,0.04585266666666667
4553.0,48.58253333333334,0.04585733333333333
4554.0,48.583600000000004,0.045862
4555.0,48.58466666666667,0.04586666666666667
4556.0,48.58573333333334,0.04587133333333333
4557.0,48.586800000000004,0.045876
4558.0,48.58786666666667,0.04588066666666667
4559.0,48.58893333333334,0.045885333333333334
4560.0,48.59,0.04589
4561.0,48.59391666666667,0.04588933333333333
4562.0,48.597833333333334,0.04588866666666667
4563.0,48.60175,0.045888
4564.0,48.60566666666667,0.045887333333333336
4565.0,48.60958333333333,0.045886666666666666
4566.0,48.6135,0.045886
4567.0,48.61741666666667,0.045885333333333334
4568.0,48.62133333333334,0.045884666666666664
4569.0,48.62525,0.045884
4570.0,48.62916666666667,0.04588333333333333
4571.0,48.63308333333334,0.04588266666666667
4572.0,48.637,0.045882
4573.0,48.64091666666667,0.045881333333333336
4574.0,48.64483333333334,0.04588066666666667
4575.0,48.64875,0.045880000000000004
4576.0,48.65266666666667,0.045879333333333334
4577.0,48.65658333333334,0.045878666666666665
4578.0,48.660500000000006,0.045878
4579.0,48.66441666666667,0.04587733333333333
4580.0,48.66833333333334,0.04587666666666667
4581.0,48.672250000000005,0.045876
4582.0,48.67616666666667,0.04587533333333334
4583.0,48.680083333333336,0.04587466666666667
4584.0,48.684000000000005,0.045874
4585.0,48.687916666666666,0.045873333333333335
4586.0,48.691833333333335,0.045872666666666666
4587.0,48.695750000000004,0.045872
4588.0,48.69966666666667,0.04587133333333333
4589.0,48.703583333333334,0.04587066666666667
4590.0,48.7075,0.04587
4591.0,48.71141666666667,0.04586933333333333
4592.0,48.715333333333334,0.04586866666666667
4593.0,48.71925,0.045868
4594.0,48.72316666666667,0.045867333333333336
4595.0,48.72708333333334,0.04586666666666667
4596.0,48.731,0.045866000000000004
4597.0,48.73491666666667,0.045865333333333334
4598.0,48.73883333333334,0.045864666666666665
4599.0,48.74275,0.045864
4600.0,48.74666666666667,0.04586333333333333
4601.0,48.75058333333334,0.04586266666666667
4602.0,48.7545,0.045862
4603.0,48.75841666666667,0.04586133333333334
4604.0,48.76233333333334,0.04586066666666667
4605.0,48.76625,0.04586
4606.0,48.77016666666667,0.045859333333333335
4607.0,48.77408333333334,0.045858666666666666
4608.0,48.778000000000006,0.045858
4609.0,48.78191666666667,0.04585733333333333
4610.0,48.785833333333336,0.04585666666666667
4611.0,48.789750000000005,0.045856
4612.0,48.79366666666667,0.04585533333333334
4613.0,48.797583333333336,0.04585466666666667
4614.0,48.801500000000004,0.045854
4615.0,48.805416666666666,0.045853333333333336
4616.0,48.809333333333335,0.04585266666666667
4617.0,48.813250000000004,0.045852000000000004
4618.0,48.81716666666667,0.045851333333333334
4619.0,48.821083333333334,0.04585066666666667
4620.0,48.825,0.04585
4621.0,48.82503333333334,0.04585733333333333
4622.0,48.82506666666667,0.04586466666666667
4623.0,48.825100000000006,0.045872
4624.0,48.82513333333333,0.045879333333333334
4625.0,48.82516666666667,0.045886666666666666
4626.0,48.8252,0.045894000000000004
4627.0,48.82523333333334,0.045901333333333336
4628.0,48.82526666666667,0.04590866666666667
4629.0,48.8253,0.045916
4630.0,48.82533333333333,0.04592333333333334
4631.0,48.82536666666667,0.04593066666666667
4632.0,48.8254,0.045938
4633.0,48.825433333333336,0.04594533333333333
4634.0,48.82546666666667,0.04595266666666667
4635.0,48.825500000000005,0.04596
4636.0,48.82553333333333,0.04596733333333333
4637.0,48.82556666666667,0.04597466666666667
4638.0,48.8256,0.045982
4639.0,48.825633333333336,0.04598933333333333
4640.0,48.82566666666667,0.045996666666666665
4641.0,48.8257,0.046004
4642.0,48.82573333333333,0.046011333333333335
4643.0,48.82576666666667,0.046018666666666666
4644.0,48.8258,0.046026
4645.0,48.825833333333335,0.046033333333333336
4646.0,48.82586666666667,0.04604066666666667
4647.0,48.8259,0.046048
4648.0,48.82593333333333,0.04605533333333333
4649.0,48.825966666666666,0.04606266666666667
4650.0,48.826,0.04607
4651.0,48.826033333333335,0.04607733333333333
4652.0,48.82606666666667,0.04608466666666667
4653.0,48.8261,0.046092
4654.0,48.82613333333333,0.04609933333333333
4655.0,48.826166666666666,0.046106666666666664
4656.0,48.8262,0.046114
4657.0,48.826233333333334,0.046121333333333334
4658.0,48.82626666666667,0.046128666666666665
4659.0,48.8263,0.046135999999999996
4660.0,48.82633333333333,0.046143333333333335
4661.0,48.826366666666665,0.046150666666666666
4662.0,48.8264,0.046158
4663.0,48.826433333333334,0.04616533333333333
4664.0,48.82646666666667,0.04617266666666667
4665.0,48.826499999999996,0.04618
4666.0,48.82653333333333,0.04618733333333333
4667.0,48.826566666666665,0.04619466666666667
4668.0,48.8266,0.046202
4669.0,48.826633333333334,0.04620933333333333
4670.0,48.82666666666667,0.04621666666666666
4671.0,48.826699999999995,0.046224
4672.0,48.82673333333333,0.04623133333333333
4673.0,48.826766666666664,0.046238666666666664
4674.0,48.8268,0.046245999999999995
4675.0,48.82683333333333,0.046253333333333334
4676.0,48.82686666666667,0.046260666666666665
4677.0,48.826899999999995,0.046268
4678.0,48.82693333333333,0.04627533333333333
4679.0,48.826966666666664,0.046282666666666666
4680.0,48.827,0.04629
4681.0,48.82968333333333,0.046292
4682.0,48.832366666666665,0.046293999999999995
4683.0,48.835049999999995,0.046296
4684.0,48.83773333333333,0.046298
4685.0,48.84041666666666,0.0463
4686.0,48.8431,0.046301999999999996
4687.0,48.84578333333333,0.046304
4688.0,48.84846666666667,0.046306
4689.0,48.85115,0.046307999999999995
4690.0,48.853833333333334,0.04631
4691.0,48.856516666666664,0.046312
4692.0,48.8592,0.046314
4693.0,48.86188333333333,0.046315999999999996
4694.0,48.86456666666667,0.046318
4695.0,48.86725,0.04632
4696.0,48.86993333333333,0.046321999999999995
4697.0,48.872616666666666,0.046324
4698.0,48.875299999999996,0.046326
4699.0,48.87798333333333,0.046328
4700.0,48.88066666666666,0.046329999999999996
4701.0,48.88335,0.046332
4702.0,48.88603333333333,0.046334
4703.0,48.88871666666667,0.046335999999999995
4704.0,48.8914,0.046338
4705.0,48.894083333333334,0.04634
4706.0,48.896766666666664,0.046342
4707.0,48.89945,0.046343999999999996
4708.0,48.90213333333333,0.046346
4709.0,48.90481666666667,0.046348
4710.0,48.9075,0.04635
4711.0,48.91018333333333,0.046352
4712.0,48.912866666666666,0.046354
4713.0,48.915549999999996,0.046356
4714.0,48.91823333333333,0.046357999999999996
4715.0,48.92091666666666,0.04636
4716.0,48.9236,0.046362
4717.0,48.92628333333333,0.046364
4718.0,48.92896666666667,0.046366
4719.0,48.93165,0.046368
4720.0,48.934333333333335,0.04637
4721.0,48.937016666666665,0.046372
4722.0,48.9397,0.046374
4723.0,48.94238333333333,0.046376
4724.0,48.94506666666667,0.046378
4725.0,48.94775,0.04638
4726.0,48.95043333333333,0.046382
4727.0,48.953116666666666,0.046384
4728.0,48.955799999999996,0.046386
4729.0,48.958483333333334,0.046388
4730.0,48.961166666666664,0.04639
4731.0,48.96385,0.046392
4732.0,48.96653333333333,0.046394
4733.0,48.96921666666667,0.046396
4734.0,48.9719,0.046398
4735.0,48.974583333333335,0.0464
4736.0,48.977266666666665,0.046402
4737.0,48.97995,0.046404
4738.0,48.98263333333333,0.046406
4739.0,48.98531666666667,0.046408
4740.0,48.988,0.04641
4741.0,48.98785,0.04640866666666667
4742.0,48.9877,0.046407333333333335
4743.0,48.98755,0.046406
4744.0,48.9874,0.046404666666666664
4745.0,48.98725,0.04640333333333333
4746.0,48.9871,0.046402
4747.0,48.98695,0.046400666666666666
4748.0,48.9868,0.046399333333333334
4749.0,48.98665,0.046398
4750.0,48.9865,0.04639666666666667
4751.0,48.98635,0.04639533333333334
4752.0,48.9862,0.046394
4753.0,48.98605,0.046392666666666665
4754.0,48.9859,0.04639133333333333
4755.0,48.985749999999996,0.04639
4756.0,48.9856,0.04638866666666667
4757.0,48.98545,0.046387333333333336
4758.0,48.9853,0.046386000000000004
4759.0,48.98515,0.046384666666666664
4760.0,48.985,0.04638333333333333
4761.0,48.98485,0.046382
4762.0,48.9847,0.04638066666666667
4763.0,48.98455,0.046379333333333335
4764.0,48.9844,0.046378
4765.0,48.98425,0.04637666666666667
4766.0,48.9841,0.04637533333333334
4767.0,48.98395,0.046374
4768.0,48.9838,0.046372666666666666
4769.0,48.98365,0.046371333333333334
4770.0,48.9835,0.04637
4771.0,48.98335,0.04636866666666667
4772.0,48.9832,0.04636733333333334
4773.0,48.98305,0.046366000000000004
4774.0,48.9829,0.046364666666666665
4775.0,48.982749999999996,0.04636333333333333
4776.0,48.9826,0.046362
4777.0,48.98245,0.04636066666666667
4778.0,48.9823,0.046359333333333336
4779.0,48.98215,0.046358
4780.0,48.982,0.04635666666666667
4781.0,48.98185,0.04635533333333334
4782.0,48.9817,0.046354
4783.0,48.98155,0.04635266666666667
4784.0,48.9814,0.046351333333333335
4785.0,48.98125,0.04635
4786.0,48.9811,0.04634866666666667
4787.0,48.98095,0.04634733333333334
4788.0,48.9808,0.046346000000000005
4789.0,48.98065,0.046344666666666666
4790.0,48.9805,0.046343333333333334
4791.0,48.98035,0.046342
4792.0,48.980199999999996,0.04634066666666667
4793.0,48.98005,0.04633933333333334
4794.0,48.9799,0.046338000000000004
4795.0,48.979749999999996,0.04633666666666667
4796.0,48.9796,0.04633533333333334
4797.0,48.97945,0.046334
4798.0,48.9793,0.04633266666666667
4799.0,48.97915,0.046331333333333335
4800.0,48.979,0.04633
4801.0,48.97768333333333,0.046331000000000004
4802.0,48.976366666666664,0.046332000000000005
4803.0,48.975049999999996,0.046333000000000006
4804.0,48.973733333333335,0.046334
4805.0,48.97241666666667,0.046335
4806.0,48.9711,0.046336
4807.0,48.96978333333333,0.046337
4808.0,48.968466666666664,0.046338000000000004
4809.0,48.96715,0.046339000000000005
4810.0,48.965833333333336,0.046340000000000006
4811.0,48.96451666666667,0.046341
4812.0,48.9632,0.046342
4813.0,48.96188333333333,0.046343
4814.0,48.960566666666665,0.046344
4815.0,48.95925,0.046345000000000004
4816.0,48.95793333333333,0.046346000000000005
4817.0,48.95661666666667,0.046347
4818.0,48.9553,0.046348
4819.0,48.95398333333333,0.046349
4820.0,48.952666666666666,0.04635
4821.0,48.95135,0.046351
4822.0,48.95003333333333,0.046352000000000004
4823.0,48.94871666666666,0.046353000000000005
4824.0,48.9474,0.046354
4825.0,48.946083333333334,0.046355
4826.0,48.944766666666666,0.046356
4827.0,48.94345,0.046357
4828.0,48.94213333333333,0.046358
4829.0,48.94081666666666,0.046359000000000004
4830.0,48.939499999999995,0.04636
4831.0,48.938183333333335,0.046361
4832.0,48.93686666666667,0.046362
4833.0,48.93555,0.046363
4834.0,48.93423333333333,0.046364
4835.0,48.932916666666664,0.046365
4836.0,48.931599999999996,0.046366000000000004
4837.0,48.930283333333335,0.046367
4838.0,48.92896666666667,0.046368
4839.0,48.92765,0.046369
4840.0,48.92633333333333,0.04637
4841.0,48.925016666666664,0.046371
4842.0,48.9237,0.046372000000000003
4843.0,48.92238333333333,0.046373000000000004
4844.0,48.92106666666667,0.046374
4845.0,48.91975,0.046375
4846.0,48.91843333333333,0.046376
4847.0,48.917116666666665,0.046377
4848.0,48.9158,0.046378
4849.0,48.91448333333333,0.046379000000000004
4850.0,48.91316666666667,0.046380000000000005
4851.0,48.91185,0.046381
4852.0,48.91053333333333,0.046382
4853.0,48.909216666666666,0.046383
4854.0,48.9079,0.046384
4855.0,48.90658333333333,0.046385
4856.0,48.90526666666666,0.046386000000000004
4857.0,48.90395,0.046387
4858.0,48.902633333333334,0.046388
4859.0,48.901316666666666,0.046389
4860.0,48.9,0.04639
4861.0,48.904066666666665,0.046393500000000004
4862.0,48.90813333333333,0.046397
4863.0,48.9122,0.0464005
4864.0,48.916266666666665,0.046404
4865.0,48.92033333333333,0.046407500000000004
4866.0,48.9244,0.046411
4867.0,48.928466666666665,0.0464145
4868.0,48.93253333333333,0.046418
4869.0,48.9366,0.046421500000000004
4870.0,48.940666666666665,0.046425
4871.0,48.94473333333333,0.0464285
4872.0,48.9488,0.046432
4873.0,48.952866666666665,0.046435500000000005
4874.0,48.95693333333333,0.046439
4875.0,48.961,0.0464425
4876.0,48.965066666666665,0.046446
4877.0,48.96913333333333,0.046449500000000005
4878.0,48.9732,0.046453
4879.0,48.977266666666665,0.0464565
4880.0,48.98133333333333,0.04646
4881.0,48.9854,0.046463500000000005
4882.0,48.989466666666665,0.046467
4883.0,48.99353333333333,0.0464705
4884.0,48.9976,0.046474
4885.0,49.001666666666665,0.046477500000000005
4886.0,49.00573333333333,0.046481
4887.0,49.0098,0.0464845
4888.0,49.013866666666665,0.046488
4889.0,49.01793333333333,0.046491500000000005
4890.0,49.022,0.046495
4891.0,49.026066666666665,0.0464985
4892.0,49.03013333333333,0.046502
4893.0,49.0342,0.046505500000000005
4894.0,49.038266666666665,0.046509
4895.0,49.04233333333333,0.0465125
4896.0,49.0464,0.046516
4897.0,49.050466666666665,0.046519500000000005
4898.0,49.05453333333333,0.046523
4899.0,49.0586,0.0465265
4900.0,49.062666666666665,0.04653
4901.0,49.06673333333333,0.046533500000000005
4902.0,49.0708,0.046537
4903.0,49.074866666666665,0.0465405
4904.0,49.07893333333333,0.046544
4905.0,49.083,0.046547500000000006
4906.0,49.087066666666665,0.046551
4907.0,49.09113333333333,0.0465545
4908.0,49.0952,0.046558
4909.0,49.099266666666665,0.046561500000000006
4910.0,49.10333333333333,0.046565
4911.0,49.1074,0.0465685
4912.0,49.111466666666665,0.046572
4913.0,49.11553333333333,0.046575500000000006
4914.0,49.1196,0.046579
4915.0,49.123666666666665,0.0465825
4916.0,49.12773333333333,0.046586
4917.0,49.1318,0.046589500000000006
4918.0,49.135866666666665,0.046593
4919.0,49.13993333333333,0.0465965
4920.0,49.144,0.0466
4921.0,49.13943333333333,0.0466045
4922.0,49.13486666666667,0.046609000000000005
4923.0,49.1303,0.0466135
4924.0,49.12573333333333,0.046618
4925.0,49.12116666666667,0.046622500000000004
4926.0,49.1166,0.046627
4927.0,49.11203333333333,0.0466315
4928.0,49.10746666666667,0.046636000000000004
4929.0,49.1029,0.0466405
4930.0,49.09833333333333,0.046645000000000006
4931.0,49.09376666666667,0.0466495
4932.0,49.0892,0.046654
4933.0,49.08463333333333,0.046658500000000006
4934.0,49.08006666666667,0.046663
4935.0,49.0755,0.0466675
4936.0,49.07093333333333,0.046672000000000005
4937.0,49.06636666666667,0.0466765
4938.0,49.0618,0.046681
4939.0,49.05723333333333,0.046685500000000005
4940.0,49.05266666666667,0.04669
4941.0,49.0481,0.0466945
4942.0,49.04353333333333,0.046699000000000004
4943.0,49.03896666666667,0.0467035
4944.0,49.0344,0.046708
4945.0,49.02983333333333,0.046712500000000004
4946.0,49.02526666666667,0.046717
4947.0,49.0207,0.0467215
4948.0,49.01613333333333,0.046726000000000004
4949.0,49.01156666666667,0.0467305
4950.0,49.007,0.046735
4951.0,49.00243333333333,0.0467395
4952.0,48.99786666666667,0.046744
4953.0,48.9933,0.046748500000000005
4954.0,48.98873333333333,0.046753
4955.0,48.98416666666667,0.0467575
4956.0,48.9796,0.046762000000000005
4957.0,48.97503333333333,0.0467665
4958.0,48.97046666666667,0.046771
4959.0,48.9659,0.046775500000000005
4960.0,48.96133333333333,0.04678
4961.0,48.95676666666667,0.0467845
4962.0,48.9522,0.046789000000000004
4963.0,48.94763333333333,0.0467935
4964.0,48.94306666666667,0.046798
4965.0,48.9385,0.046802500000000004
4966.0,48.93393333333333,0.046807
4967.0,48.92936666666667,0.0468115
4968.0,48.9248,0.046816
4969.0,48.92023333333333,0.0468205
4970.0,48.91566666666667,0.046825000000000006
4971.0,48.9111,0.0468295
4972.0,48.90653333333333,0.046834
4973.0,48.90196666666667,0.046838500000000005
4974.0,48.8974,0.046843
4975.0,48.89283333333333,0.0468475
4976.0,48.88826666666667,0.046852000000000005
4977.0,48.8837,0.0468565
4978.0,48.87913333333333,0.046861
4979.0,48.87456666666667,0.046865500000000004
4980.0,48.87,0.04687
4981.0,48.869499999999995,0.04687033333333333
4982.0,48.869,0.04687066666666667
4983.0,48.8685,0.046871
4984.0,48.867999999999995,0.046871333333333334
4985.0,48.8675,0.046871666666666666
4986.0,48.867,0.046872000000000004
4987.0,48.866499999999995,0.046872333333333335
4988.0,48.866,0.04687266666666667
4989.0,48.8655,0.046873000000000005
4990.0,48.864999999999995,0.046873333333333336
4991.0,48.8645,0.04687366666666667
4992.0,48.864,0.046874
4993.0,48.8635,0.04687433333333334
4994.0,48.863,0.04687466666666667
4995.0,48.8625,0.046875
4996.0,48.862,0.04687533333333334
4997.0,48.8615,0.04687566666666667
4998.0,48.861,0.046876
4999.0,48.8605,0.04687633333333333
5000.0,48.86,0.04687666666666667
5001.0,48.8595,0.046877
5002.0,48.859,0.04687733333333333
5003.0,48.8585,0.04687766666666667
5004.0,48.858,0.046878
5005.0,48.8575,0.046878333333333334
5006.0,48.857,0.046878666666666666
5007.0,48.8565,0.046879000000000004
5008.0,48.856,0.046879333333333335
5009.0,48.8555,0.04687966666666667
5010.0,48.855000000000004,0.046880000000000005
5011.0,48.8545,0.046880333333333336
5012.0,48.854,0.04688066666666667
5013.0,48.853500000000004,0.046881
5014.0,48.853,0.04688133333333334
5015.0,48.8525,0.04688166666666667
5016.0,48.852000000000004,0.046882
5017.0,48.8515,0.04688233333333333
5018.0,48.851,0.04688266666666667
5019.0,48.850500000000004,0.046883
5020.0,48.85,0.04688333333333333
5021.0,48.8495,0.04688366666666667
5022.0,48.849000000000004,0.046884
5023.0,48.8485,0.04688433333333333
5024.0,48.848,0.046884666666666665
5025.0,48.847500000000004,0.046885
5026.0,48.847,0.046885333333333334
5027.0,48.8465,0.046885666666666666
5028.0,48.846000000000004,0.046886000000000004
5029.0,48.8455,0.046886333333333335
5030.0,48.845000000000006,0.04688666666666667
5031.0,48.844500000000004,0.046887
5032.0,48.844,0.046887333333333336
5033.0,48.843500000000006,0.04688766666666667
5034.0,48.843,0.046888
5035.0,48.8425,0.04688833333333334
5036.0,48.842000000000006,0.04688866666666667
5037.0,48.8415,0.046889
5038.0,48.841,0.04688933333333333
5039.0,48.840500000000006,0.04688966666666667
5040.0,48.84,0.04689
5041.0,48.84121666666667,0.046893000000000004
5042.0,48.84243333333334,0.046896
5043.0,48.843650000000004,0.046899
5044.0,48.84486666666667,0.046902
5045.0,48.84608333333334,0.046905
5046.0,48.847300000000004,0.046908
5047.0,48.84851666666667,0.046911
5048.0,48.84973333333333,0.046914000000000004
5049.0,48.850950000000005,0.046917
5050.0,48.85216666666667,0.04692
5051.0,48.85338333333333,0.046923
5052.0,48.854600000000005,0.046926
5053.0,48.85581666666667,0.046929
5054.0,48.857033333333334,0.046932
5055.0,48.85825,0.046935000000000004
5056.0,48.85946666666667,0.046938
5057.0,48.860683333333334,0.046941000000000004
5058.0,48.8619,0.046944
5059.0,48.86311666666667,0.046947
5060.0,48.864333333333335,0.04695
5061.0,48.86555,0.046953
5062.0,48.86676666666667,0.046956
5063.0,48.867983333333335,0.046959
5064.0,48.8692,0.046962000000000004
5065.0,48.870416666666664,0.046965
5066.0,48.871633333333335,0.046968
5067.0,48.87285,0.046971
5068.0,48.874066666666664,0.046974
5069.0,48.875283333333336,0.046977
5070.0,48.8765,0.04698
5071.0,48.877716666666664,0.046983000000000004
5072.0,48.878933333333336,0.046986
5073.0,48.88015,0.046989
5074.0,48.881366666666665,0.046992
5075.0,48.88258333333333,0.046995
5076.0,48.8838,0.046998
5077.0,48.885016666666665,0.047001
5078.0,48.88623333333333,0.047004000000000004
5079.0,48.88745,0.047007
5080.0,48.888666666666666,0.04701
5081.0,48.88988333333333,0.047013
5082.0,48.8911,0.047016
5083.0,48.892316666666666,0.047019
5084.0,48.89353333333333,0.047022
5085.0,48.894749999999995,0.047025
5086.0,48.895966666666666,0.047028
5087.0,48.89718333333333,0.047031
5088.0,48.898399999999995,0.047034
5089.0,48.89961666666667,0.047037
5090.0,48.90083333333333,0.04704
5091.0,48.902049999999996,0.047043
5092.0,48.90326666666667,0.047046
5093.0,48.90448333333333,0.047049
5094.0,48.905699999999996,0.047052000000000004
5095.0,48.90691666666666,0.047055
5096.0,48.90813333333333,0.047058
5097.0,48.909349999999996,0.047061
5098.0,48.91056666666666,0.047064
5099.0,48.91178333333333,0.047067
5100.0,48.913,0.04707
5101.0,48.9188,0.04706966666666667
5102.0,48.9246,0.04706933333333333
5103.0,48.9304,0.047069
5104.0,48.9362,0.04706866666666667
5105.0,48.942,0.04706833333333334
5106.0,48.9478,0.047068
5107.0,48.953599999999994,0.04706766666666667
5108.0,48.959399999999995,0.047067333333333336
5109.0,48.965199999999996,0.047067
5110.0,48.971,0.047066666666666666
5111.0,48.9768,0.047066333333333335
5112.0,48.9826,0.047066000000000004
5113.0,48.9884,0.047065666666666665
5114.0,48.9942,0.047065333333333334
5115.0,49.0,0.047065
5116.0,49.0058,0.047064666666666664
5117.0,49.0116,0.04706433333333333
5118.0,49.017399999999995,0.047064
5119.0,49.023199999999996,0.04706366666666667
5120.0,49.028999999999996,0.04706333333333333
5121.0,49.0348,0.047063
5122.0,49.0406,0.04706266666666667
5123.0,49.0464,0.04706233333333333
5124.0,49.0522,0.047062
5125.0,49.058,0.04706166666666667
5126.0,49.0638,0.04706133333333334
5127.0,49.0696,0.047061
5128.0,49.0754,0.04706066666666667
5129.0,49.0812,0.047060333333333336
5130.0,49.087,0.047060000000000005
5131.0,49.0928,0.047059666666666666
5132.0,49.0986,0.047059333333333335
5133.0,49.1044,0.047059000000000004
5134.0,49.1102,0.047058666666666665
5135.0,49.116,0.047058333333333334
5136.0,49.1218,0.047058
5137.0,49.1276,0.04705766666666667
5138.0,49.1334,0.04705733333333333
5139.0,49.1392,0.047057
5140.0,49.145,0.04705666666666667
5141.0,49.150800000000004,0.04705633333333333
5142.0,49.1566,0.047056
5143.0,49.1624,0.04705566666666667
5144.0,49.1682,0.04705533333333334
5145.0,49.174,0.047055
5146.0,49.1798,0.04705466666666667
5147.0,49.1856,0.04705433333333334
5148.0,49.1914,0.047054
5149.0,49.1972,0.04705366666666667
5150.0,49.203,0.047053333333333336
5151.0,49.208800000000004,0.047053000000000005
5152.0,49.214600000000004,0.047052666666666666
5153.0,49.220400000000005,0.047052333333333335
5154.0,49.226200000000006,0.047052000000000004
5155.0,49.232,0.047051666666666665
5156.0,49.2378,0.047051333333333334
5157.0,49.2436,0.047051
5158.0,49.2494,0.04705066666666667
5159.0,49.2552,0.04705033333333333
5160.0,49.261,0.04705
5161.0,49.25946666666667,0.047052500000000004
5162.0,49.257933333333334,0.047055
5163.0,49.2564,0.0470575
5164.0,49.25486666666667,0.047060000000000005
5165.0,49.25333333333334,0.0470625
5166.0,49.2518,0.047065
5167.0,49.25026666666667,0.0470675
5168.0,49.248733333333334,0.04707
5169.0,49.2472,0.0470725
5170.0,49.245666666666665,0.047075
5171.0,49.24413333333334,0.0470775
5172.0,49.2426,0.047080000000000004
5173.0,49.24106666666667,0.0470825
5174.0,49.239533333333334,0.047085
5175.0,49.238,0.047087500000000004
5176.0,49.236466666666665,0.04709
5177.0,49.23493333333334,0.0470925
5178.0,49.2334,0.047095
5179.0,49.23186666666667,0.0470975
5180.0,49.230333333333334,0.0471
5181.0,49.2288,0.0471025
5182.0,49.227266666666665,0.047105
5183.0,49.22573333333333,0.047107500000000004
5184.0,49.2242,0.04711
5185.0,49.22266666666667,0.0471125
5186.0,49.221133333333334,0.047115
5187.0,49.2196,0.0471175
5188.0,49.218066666666665,0.04712
5189.0,49.21653333333333,0.0471225
5190.0,49.215,0.047125
5191.0,49.21346666666667,0.0471275
5192.0,49.211933333333334,0.04713
5193.0,49.2104,0.0471325
5194.0,49.208866666666665,0.047135
5195.0,49.20733333333333,0.0471375
5196.0,49.205799999999996,0.04714
5197.0,49.20426666666667,0.0471425
5198.0,49.202733333333335,0.047145
5199.0,49.2012,0.0471475
5200.0,49.199666666666666,0.04715
5201.0,49.19813333333333,0.0471525
5202.0,49.1966,0.047155
5203.0,49.19506666666666,0.0471575
5204.0,49.193533333333335,0.04716
5205.0,49.192,0.0471625
5206.0,49.190466666666666,0.047165
5207.0,49.18893333333333,0.0471675
5208.0,49.1874,0.04717
5209.0,49.18586666666666,0.0471725
5210.0,49.18433333333333,0.047175
5211.0,49.1828,0.0471775
5212.0,49.181266666666666,0.04718
5213.0,49.17973333333333,0.0471825
5214.0,49.1782,0.047185
5215.0,49.17666666666666,0.0471875
5216.0,49.17513333333333,0.047189999999999996
5217.0,49.1736,0.0471925
5218.0,49.172066666666666,0.047195
5219.0,49.17053333333333,0.047197499999999996
5220.0,49.169,0.0472
5221.0,49.167116666666665,0.04719883333333333
5222.0,49.16523333333333,0.047197666666666666
5223.0,49.163349999999994,0.0471965
5224.0,49.16146666666666,0.04719533333333333
5225.0,49.15958333333333,0.04719416666666666
5226.0,49.1577,0.047193
5227.0,49.15581666666667,0.047191833333333336
5228.0,49.15393333333333,0.047190666666666665
5229.0,49.152049999999996,0.047189499999999995
5230.0,49.150166666666664,0.04718833333333333
5231.0,49.14828333333333,0.04718716666666667
5232.0,49.1464,0.047186
5233.0,49.14451666666666,0.04718483333333333
5234.0,49.14263333333333,0.047183666666666665
5235.0,49.14075,0.0471825
5236.0,49.138866666666665,0.04718133333333333
5237.0,49.13698333333333,0.04718016666666666
5238.0,49.135099999999994,0.047179
5239.0,49.13321666666666,0.047177833333333336
5240.0,49.13133333333333,0.047176666666666665
5241.0,49.12945,0.047175499999999995
5242.0,49.12756666666667,0.04717433333333333
5243.0,49.12568333333333,0.04717316666666667
5244.0,49.123799999999996,0.047172
5245.0,49.121916666666664,0.04717083333333333
5246.0,49.12003333333333,0.047169666666666665
5247.0,49.11815,0.0471685
5248.0,49.11626666666666,0.04716733333333333
5249.0,49.11438333333333,0.04716616666666666
5250.0,49.1125,0.047165
5251.0,49.110616666666665,0.047163833333333335
5252.0,49.10873333333333,0.047162666666666665
5253.0,49.106849999999994,0.047161499999999995
5254.0,49.10496666666666,0.04716033333333333
5255.0,49.10308333333333,0.04715916666666667
5256.0,49.1012,0.047158
5257.0,49.09931666666667,0.04715683333333333
5258.0,49.09743333333333,0.047155666666666665
5259.0,49.095549999999996,0.0471545
5260.0,49.093666666666664,0.04715333333333333
5261.0,49.09178333333333,0.04715216666666666
5262.0,49.0899,0.047151
5263.0,49.08801666666666,0.047149833333333335
5264.0,49.08613333333333,0.047148666666666665
5265.0,49.08425,0.047147499999999995
5266.0,49.082366666666665,0.04714633333333333
5267.0,49.08048333333333,0.04714516666666667
5268.0,49.078599999999994,0.047144
5269.0,49.07671666666666,0.04714283333333333
5270.0,49.07483333333333,0.047141666666666665
5271.0,49.07295,0.0471405
5272.0,49.07106666666667,0.04713933333333333
5273.0,49.06918333333333,0.04713816666666666
5274.0,49.067299999999996,0.047137
5275.0,49.065416666666664,0.047135833333333335
5276.0,49.06353333333333,0.047134666666666665
5277.0,49.06165,0.047133499999999995
5278.0,49.05976666666666,0.04713233333333333
5279.0,49.05788333333333,0.04713116666666667
5280.0,49.056,0.04713
5281.0,49.059349999999995,0.047135166666666665
5282.0,49.0627,0.04714033333333333
5283.0,49.06605,0.0471455
5284.0,49.069399999999995,0.04715066666666667
5285.0,49.07275,0.047155833333333334
5286.0,49.0761,0.047161
5287.0,49.079449999999994,0.04716616666666667
5288.0,49.0828,0.04717133333333333
5289.0,49.086149999999996,0.047176499999999996
5290.0,49.0895,0.04718166666666666
5291.0,49.09285,0.04718683333333333
5292.0,49.096199999999996,0.047192
5293.0,49.09955,0.047197166666666665
5294.0,49.1029,0.04720233333333333
5295.0,49.106249999999996,0.0472075
5296.0,49.1096,0.04721266666666667
5297.0,49.11295,0.047217833333333334
5298.0,49.116299999999995,0.047223
5299.0,49.11965,0.04722816666666667
5300.0,49.123,0.047233333333333336
5301.0,49.126349999999995,0.0472385
5302.0,49.1297,0.04724366666666667
5303.0,49.13305,0.04724883333333333
5304.0,49.136399999999995,0.047254
5305.0,49.13975,0.047259166666666665
5306.0,49.1431,0.04726433333333333
5307.0,49.146449999999994,0.0472695
5308.0,49.1498,0.047274666666666666
5309.0,49.15315,0.04727983333333333
5310.0,49.156499999999994,0.047285
5311.0,49.15985,0.04729016666666667
5312.0,49.163199999999996,0.047295333333333335
5313.0,49.16655,0.0473005
5314.0,49.1699,0.04730566666666667
5315.0,49.173249999999996,0.04731083333333334
5316.0,49.1766,0.047316000000000004
5317.0,49.17995,0.04732116666666667
5318.0,49.183299999999996,0.04732633333333333
5319.0,49.18665,0.0473315
5320.0,49.19,0.047336666666666666
5321.0,49.193349999999995,0.04734183333333333
5322.0,49.1967,0.047347
5323.0,49.20005,0.04735216666666667
5324.0,49.203399999999995,0.047357333333333335
5325.0,49.20675,0.0473625
5326.0,49.2101,0.04736766666666667
5327.0,49.213449999999995,0.047372833333333336
5328.0,49.2168,0.047378
5329.0,49.22015,0.04738316666666667
5330.0,49.2235,0.04738833333333334
5331.0,49.22685,0.047393500000000005
5332.0,49.230199999999996,0.04739866666666667
5333.0,49.23355,0.04740383333333333
5334.0,49.2369,0.047409
5335.0,49.240249999999996,0.04741416666666667
5336.0,49.2436,0.047419333333333334
5337.0,49.24695,0.0474245
5338.0,49.250299999999996,0.04742966666666667
5339.0,49.25365,0.047434833333333336
5340.0,49.257,0.04744
5341.0,49.25465,0.04743733333333334
5342.0,49.2523,0.04743466666666667
5343.0,49.24995,0.047432
5344.0,49.2476,0.04742933333333334
5345.0,49.24525,0.04742666666666667
5346.0,49.2429,0.047424
5347.0,49.24055,0.047421333333333336
5348.0,49.2382,0.04741866666666667
5349.0,49.23585,0.047416
5350.0,49.2335,0.047413333333333335
5351.0,49.23115,0.04741066666666667
5352.0,49.2288,0.047408000000000006
5353.0,49.22645,0.047405333333333334
5354.0,49.2241,0.04740266666666667
5355.0,49.22175,0.047400000000000005
5356.0,49.2194,0.04739733333333333
5357.0,49.21705,0.04739466666666667
5358.0,49.2147,0.047392000000000004
5359.0,49.21235,0.04738933333333334
5360.0,49.21,0.04738666666666667
5361.0,49.20765,0.047384
5362.0,49.2053,0.04738133333333334
5363.0,49.20295,0.047378666666666666
5364.0,49.2006,0.047376
5365.0,49.19825,0.04737333333333334
5366.0,49.1959,0.04737066666666667
5367.0,49.19355,0.047368
5368.0,49.1912,0.047365333333333336
5369.0,49.18885,0.04736266666666667
5370.0,49.186499999999995,0.04736
5371.0,49.184149999999995,0.047357333333333335
5372.0,49.181799999999996,0.04735466666666667
5373.0,49.179449999999996,0.047352000000000005
5374.0,49.177099999999996,0.047349333333333334
5375.0,49.174749999999996,0.04734666666666667
5376.0,49.172399999999996,0.047344000000000004
5377.0,49.170049999999996,0.04734133333333334
5378.0,49.167699999999996,0.04733866666666667
5379.0,49.16535,0.047336
5380.0,49.163,0.04733333333333334
5381.0,49.16065,0.04733066666666667
5382.0,49.1583,0.047328
5383.0,49.15595,0.04732533333333334
5384.0,49.1536,0.04732266666666667
5385.0,49.15125,0.04732
5386.0,49.1489,0.047317333333333336
5387.0,49.14655,0.04731466666666667
5388.0,49.1442,0.047312
5389.0,49.14185,0.047309333333333335
5390.0,49.1395,0.04730666666666667
5391.0,49.13715,0.047304000000000006
5392.0,49.1348,0.047301333333333334
5393.0,49.13245,0.04729866666666667
5394.0,49.1301,0.047296000000000005
5395.0,49.12775,0.04729333333333333
5396.0,49.1254,0.04729066666666667
5397.0,49.12305,0.047288000000000004
5398.0,49.1207,0.04728533333333334
5399.0,49.11835,0.04728266666666667
5400.0,49.116,0.04728
5401.0,49.120983333333335,0.04728533333333334
5402.0,49.12596666666666,0.04729066666666667
5403.0,49.13095,0.047296000000000005
5404.0,49.135933333333334,0.047301333333333334
5405.0,49.14091666666667,0.04730666666666667
5406.0,49.1459,0.047312
5407.0,49.15088333333333,0.047317333333333336
5408.0,49.15586666666667,0.04732266666666667
5409.0,49.160849999999996,0.047328
5410.0,49.16583333333333,0.04733333333333334
5411.0,49.17081666666667,0.04733866666666667
5412.0,49.1758,0.047344000000000004
5413.0,49.18078333333333,0.047349333333333334
5414.0,49.185766666666666,0.04735466666666667
5415.0,49.19075,0.04736
5416.0,49.19573333333333,0.047365333333333336
5417.0,49.200716666666665,0.04737066666666667
5418.0,49.2057,0.047376
5419.0,49.210683333333336,0.04738133333333334
5420.0,49.215666666666664,0.04738666666666667
5421.0,49.22065,0.047392000000000004
5422.0,49.225633333333334,0.04739733333333333
5423.0,49.23061666666666,0.04740266666666667
5424.0,49.2356,0.047408000000000006
5425.0,49.24058333333333,0.047413333333333335
5426.0,49.24556666666667,0.04741866666666667
5427.0,49.25055,0.047424
5428.0,49.25553333333333,0.04742933333333334
5429.0,49.26051666666667,0.04743466666666667
5430.0,49.2655,0.04744
5431.0,49.27048333333333,0.04744533333333334
5432.0,49.27546666666667,0.04745066666666667
5433.0,49.28045,0.047456000000000005
5434.0,49.28543333333333,0.047461333333333335
5435.0,49.290416666666665,0.04746666666666667
5436.0,49.2954,0.047472
5437.0,49.300383333333336,0.04747733333333334
5438.0,49.305366666666664,0.04748266666666667
5439.0,49.31035,0.047488
5440.0,49.315333333333335,0.04749333333333334
5441.0,49.32031666666666,0.04749866666666667
5442.0,49.3253,0.047504000000000005
5443.0,49.330283333333334,0.047509333333333334
5444.0,49.33526666666667,0.04751466666666667
5445.0,49.34025,0.04752000000000001
5446.0,49.34523333333333,0.047525333333333336
5447.0,49.35021666666667,0.04753066666666667
5448.0,49.355199999999996,0.047536
5449.0,49.36018333333333,0.04754133333333334
5450.0,49.36516666666667,0.04754666666666667
5451.0,49.37015,0.047552000000000004
5452.0,49.37513333333333,0.04755733333333333
5453.0,49.380116666666666,0.04756266666666667
5454.0,49.3851,0.047568000000000006
5455.0,49.39008333333333,0.047573333333333336
5456.0,49.395066666666665,0.04757866666666667
5457.0,49.40005,0.047584
5458.0,49.405033333333336,0.04758933333333334
5459.0,49.410016666666664,0.04759466666666667
5460.0,49.415,0.0476
5461.0,49.41343333333333,0.04760283333333334
5462.0,49.41186666666667,0.04760566666666667
5463.0,49.4103,0.047608500000000005
5464.0,49.40873333333333,0.04761133333333334
5465.0,49.40716666666667,0.04761416666666667
5466.0,49.4056,0.04761700000000001
5467.0,49.40403333333333,0.04761983333333333
5468.0,49.40246666666667,0.04762266666666667
5469.0,49.4009,0.0476255
5470.0,49.39933333333333,0.047628333333333335
5471.0,49.39776666666666,0.04763116666666667
5472.0,49.3962,0.047634
5473.0,49.39463333333333,0.04763683333333334
5474.0,49.39306666666666,0.04763966666666667
5475.0,49.3915,0.047642500000000004
5476.0,49.38993333333333,0.04764533333333334
5477.0,49.38836666666666,0.04764816666666667
5478.0,49.3868,0.047651
5479.0,49.38523333333333,0.04765383333333333
5480.0,49.38366666666666,0.04765666666666667
5481.0,49.3821,0.0476595
5482.0,49.38053333333333,0.047662333333333334
5483.0,49.37896666666666,0.04766516666666667
5484.0,49.3774,0.047668
5485.0,49.37583333333333,0.047670833333333336
5486.0,49.374266666666664,0.04767366666666667
5487.0,49.3727,0.047676500000000004
5488.0,49.37113333333333,0.04767933333333334
5489.0,49.369566666666664,0.04768216666666667
5490.0,49.367999999999995,0.047685000000000005
5491.0,49.36643333333333,0.04768783333333333
5492.0,49.364866666666664,0.047690666666666666
5493.0,49.363299999999995,0.0476935
5494.0,49.36173333333333,0.047696333333333334
5495.0,49.360166666666665,0.04769916666666667
5496.0,49.358599999999996,0.047702
5497.0,49.357033333333334,0.047704833333333335
5498.0,49.355466666666665,0.04770766666666667
5499.0,49.353899999999996,0.0477105
5500.0,49.352333333333334,0.04771333333333334
5501.0,49.350766666666665,0.04771616666666667
5502.0,49.349199999999996,0.047719
5503.0,49.347633333333334,0.04772183333333333
5504.0,49.346066666666665,0.047724666666666665
5505.0,49.3445,0.0477275
5506.0,49.342933333333335,0.04773033333333333
5507.0,49.341366666666666,0.04773316666666667
5508.0,49.3398,0.047736
5509.0,49.338233333333335,0.047738833333333335
5510.0,49.336666666666666,0.04774166666666667
5511.0,49.3351,0.0477445
5512.0,49.33353333333333,0.047747333333333336
5513.0,49.331966666666666,0.04775016666666667
5514.0,49.3304,0.047753000000000004
5515.0,49.32883333333333,0.04775583333333333
5516.0,49.32726666666667,0.047758666666666665
5517.0,49.3257,0.0477615
5518.0,49.32413333333333,0.04776433333333333
5519.0,49.32256666666667,0.047767166666666666
5520.0,49.321,0.04777
5521.0,49.32093333333333,0.047765666666666665
5522.0,49.32086666666667,0.047761333333333336
5523.0,49.3208,0.047757
5524.0,49.32073333333333,0.047752666666666665
5525.0,49.32066666666667,0.04774833333333333
5526.0,49.3206,0.047744
5527.0,49.32053333333333,0.047739666666666666
5528.0,49.32046666666667,0.04773533333333333
5529.0,49.3204,0.047731
5530.0,49.32033333333333,0.04772666666666667
5531.0,49.32026666666666,0.04772233333333333
5532.0,49.3202,0.047717999999999997
5533.0,49.32013333333333,0.04771366666666667
5534.0,49.32006666666666,0.04770933333333333
5535.0,49.32,0.047705
5536.0,49.31993333333333,0.04770066666666667
5537.0,49.31986666666666,0.047696333333333334
5538.0,49.3198,0.047692
5539.0,49.31973333333333,0.04768766666666666
5540.0,49.31966666666666,0.047683333333333335
5541.0,49.3196,0.047679
5542.0,49.31953333333333,0.047674666666666664
5543.0,49.31946666666666,0.047670333333333335
5544.0,49.3194,0.047666
5545.0,49.31933333333333,0.047661666666666665
5546.0,49.319266666666664,0.04765733333333333
5547.0,49.3192,0.047653
5548.0,49.31913333333333,0.047648666666666666
5549.0,49.319066666666664,0.04764433333333333
5550.0,49.319,0.04764
5551.0,49.318933333333334,0.047635666666666666
5552.0,49.318866666666665,0.04763133333333333
5553.0,49.318799999999996,0.047626999999999996
5554.0,49.318733333333334,0.04762266666666667
5555.0,49.318666666666665,0.04761833333333333
5556.0,49.318599999999996,0.047614
5557.0,49.318533333333335,0.04760966666666666
5558.0,49.318466666666666,0.04760533333333333
5559.0,49.3184,0.047601
5560.0,49.318333333333335,0.04759666666666666
5561.0,49.318266666666666,0.047592333333333334
5562.0,49.3182,0.047588
5563.0,49.318133333333336,0.04758366666666666
5564.0,49.31806666666667,0.04757933333333333
5565.0,49.318,0.047575
5566.0,49.317933333333336,0.047570666666666664
5567.0,49.31786666666667,0.04756633333333333
5568.0,49.3178,0.047562
5569.0,49.31773333333334,0.047557666666666665
5570.0,49.31766666666667,0.04755333333333333
5571.0,49.3176,0.047548999999999994
5572.0,49.31753333333333,0.047544666666666666
5573.0,49.31746666666667,0.04754033333333333
5574.0,49.3174,0.047535999999999995
5575.0,49.31733333333333,0.047531666666666667
5576.0,49.31726666666667,0.04752733333333333
5577.0,49.3172,0.047522999999999996
5578.0,49.31713333333333,0.04751866666666666
5579.0,49.31706666666667,0.04751433333333333
5580.0,49.317,0.04751
5581.0,49.31678333333333,0.047515166666666664
5582.0,49.31656666666667,0.04752033333333333
5583.0,49.31635,0.0475255
5584.0,49.31613333333333,0.047530666666666666
5585.0,49.315916666666666,0.04753583333333333
5586.0,49.3157,0.047541
5587.0,49.31548333333333,0.04754616666666667
5588.0,49.315266666666666,0.04755133333333333
5589.0,49.31505,0.047556499999999995
5590.0,49.31483333333333,0.04756166666666666
5591.0,49.314616666666666,0.04756683333333333
5592.0,49.3144,0.047571999999999996
5593.0,49.31418333333333,0.04757716666666666
5594.0,49.313966666666666,0.04758233333333333
5595.0,49.31375,0.0475875
5596.0,49.31353333333333,0.047592666666666665
5597.0,49.313316666666665,0.04759783333333333
5598.0,49.3131,0.047603
5599.0,49.31288333333333,0.04760816666666667
5600.0,49.312666666666665,0.047613333333333334
5601.0,49.31245,0.0476185
5602.0,49.31223333333333,0.04762366666666667
5603.0,49.312016666666665,0.04762883333333333
5604.0,49.3118,0.047633999999999996
5605.0,49.31158333333333,0.04763916666666666
5606.0,49.311366666666665,0.04764433333333333
5607.0,49.31115,0.0476495
5608.0,49.31093333333333,0.047654666666666665
5609.0,49.310716666666664,0.04765983333333333
5610.0,49.310500000000005,0.047665
5611.0,49.31028333333334,0.047670166666666666
5612.0,49.31006666666667,0.04767533333333333
5613.0,49.309850000000004,0.0476805
5614.0,49.30963333333334,0.04768566666666667
5615.0,49.30941666666667,0.047690833333333335
5616.0,49.309200000000004,0.047696
5617.0,49.30898333333334,0.04770116666666667
5618.0,49.30876666666667,0.04770633333333333
5619.0,49.308550000000004,0.0477115
5620.0,49.30833333333334,0.047716666666666664
5621.0,49.30811666666667,0.04772183333333333
5622.0,49.307900000000004,0.047727
5623.0,49.30768333333334,0.047732166666666666
5624.0,49.30746666666667,0.04773733333333333
5625.0,49.30725,0.0477425
5626.0,49.30703333333334,0.04774766666666667
5627.0,49.30681666666667,0.047752833333333335
5628.0,49.3066,0.047758
5629.0,49.306383333333336,0.04776316666666667
5630.0,49.30616666666667,0.047768333333333336
5631.0,49.30595,0.0477735
5632.0,49.305733333333336,0.04777866666666667
5633.0,49.30551666666667,0.04778383333333333
5634.0,49.3053,0.047789
5635.0,49.305083333333336,0.047794166666666665
5636.0,49.30486666666667,0.04779933333333333
5637.0,49.30465,0.0478045
5638.0,49.304433333333336,0.04780966666666667
5639.0,49.30421666666667,0.047814833333333334
5640.0,49.304,0.04782
5641.0,49.30713333333333,0.04781716666666667
5642.0,49.31026666666667,0.047814333333333334
5643.0,49.3134,0.0478115
5644.0,49.31653333333333,0.047808666666666666
5645.0,49.31966666666667,0.04780583333333333
5646.0,49.3228,0.047803
5647.0,49.32593333333333,0.047800166666666664
5648.0,49.32906666666667,0.04779733333333334
5649.0,49.3322,0.047794500000000004
5650.0,49.33533333333334,0.04779166666666667
5651.0,49.33846666666667,0.047788833333333336
5652.0,49.3416,0.047786
5653.0,49.34473333333334,0.04778316666666667
5654.0,49.34786666666667,0.047780333333333334
5655.0,49.351,0.0477775
5656.0,49.35413333333334,0.04777466666666667
5657.0,49.35726666666667,0.04777183333333333
5658.0,49.3604,0.047769
5659.0,49.363533333333336,0.047766166666666665
5660.0,49.36666666666667,0.04776333333333333
5661.0,49.3698,0.0477605
5662.0,49.372933333333336,0.047757666666666664
5663.0,49.37606666666667,0.04775483333333334
5664.0,49.3792,0.047752
5665.0,49.382333333333335,0.04774916666666667
5666.0,49.385466666666666,0.047746333333333335
5667.0,49.3886,0.0477435
5668.0,49.391733333333335,0.04774066666666667
5669.0,49.394866666666665,0.047737833333333334
5670.0,49.397999999999996,0.047735
5671.0,49.401133333333334,0.047732166666666666
5672.0,49.404266666666665,0.04772933333333333
5673.0,49.4074,0.0477265
5674.0,49.41053333333333,0.047723666666666664
5675.0,49.413666666666664,0.04772083333333333
5676.0,49.4168,0.047717999999999997
5677.0,49.41993333333333,0.04771516666666666
5678.0,49.423066666666664,0.047712333333333336
5679.0,49.4262,0.0477095
5680.0,49.42933333333333,0.04770666666666667
5681.0,49.43246666666666,0.047703833333333334
5682.0,49.4356,0.047701
5683.0,49.43873333333333,0.047698166666666666
5684.0,49.44186666666666,0.04769533333333333
5685.0,49.445,0.0476925
5686.0,49.44813333333333,0.047689666666666665
5687.0,49.45126666666666,0.04768683333333333
5688.0,49.4544,0.047684
5689.0,49.45753333333333,0.04768116666666666
5690.0,49.46066666666667,0.04767833333333333
5691.0,49.4638,0.047675499999999996
5692.0,49.46693333333333,0.04767266666666666
5693.0,49.47006666666667,0.047669833333333335
5694.0,49.4732,0.047667
5695.0,49.47633333333333,0.04766416666666667
5696.0,49.47946666666667,0.04766133333333333
5697.0,49.4826,0.0476585
5698.0,49.48573333333333,0.047655666666666666
5699.0,49.48886666666667,0.04765283333333333
5700.0,49.492,0.04765
5701.0,49.490199999999994,0.047656166666666666
5702.0,49.4884,0.047662333333333334
5703.0,49.486599999999996,0.047668499999999996
5704.0,49.4848,0.047674666666666664
5705.0,49.483,0.04768083333333333
5706.0,49.4812,0.047687
5707.0,49.4794,0.04769316666666666
5708.0,49.477599999999995,0.04769933333333333
5709.0,49.4758,0.0477055
5710.0,49.474,0.047711666666666666
5711.0,49.4722,0.047717833333333334
5712.0,49.4704,0.047723999999999996
5713.0,49.468599999999995,0.047730166666666664
5714.0,49.4668,0.04773633333333333
5715.0,49.464999999999996,0.0477425
5716.0,49.4632,0.04774866666666667
5717.0,49.4614,0.04775483333333333
5718.0,49.459599999999995,0.047761
5719.0,49.4578,0.047767166666666666
5720.0,49.455999999999996,0.047773333333333334
5721.0,49.4542,0.047779499999999996
5722.0,49.4524,0.047785666666666664
5723.0,49.4506,0.04779183333333333
5724.0,49.4488,0.047798
5725.0,49.446999999999996,0.04780416666666667
5726.0,49.4452,0.04781033333333333
5727.0,49.4434,0.0478165
5728.0,49.4416,0.047822666666666666
5729.0,49.4398,0.047828833333333334
5730.0,49.438,0.047835
5731.0,49.4362,0.047841166666666664
5732.0,49.4344,0.04784733333333333
5733.0,49.4326,0.0478535
5734.0,49.4308,0.04785966666666667
5735.0,49.429,0.04786583333333333
5736.0,49.4272,0.047872
5737.0,49.425399999999996,0.047878166666666666
5738.0,49.4236,0.047884333333333334
5739.0,49.4218,0.0478905
5740.0,49.42,0.047896666666666664
5741.0,49.4182,0.04790283333333333
5742.0,49.416399999999996,0.047909
5743.0,49.4146,0.04791516666666667
5744.0,49.4128,0.04792133333333333
5745.0,49.411,0.0479275
5746.0,49.4092,0.047933666666666666
5747.0,49.4074,0.047939833333333334
5748.0,49.4056,0.047946
5749.0,49.4038,0.047952166666666664
5750.0,49.402,0.04795833333333333
5751.0,49.4002,0.0479645
5752.0,49.3984,0.04797066666666667
5753.0,49.3966,0.04797683333333334
5754.0,49.394800000000004,0.047983
5755.0,49.393,0.047989166666666666
5756.0,49.3912,0.047995333333333334
5757.0,49.3894,0.0480015
5758.0,49.3876,0.048007666666666664
5759.0,49.3858,0.04801383333333333
5760.0,49.384,0.04802
5761.0,49.382133333333336,0.048016166666666665
5762.0,49.380266666666664,0.04801233333333333
5763.0,49.3784,0.0480085
5764.0,49.376533333333334,0.04800466666666667
5765.0,49.37466666666667,0.04800083333333333
5766.0,49.3728,0.047997
5767.0,49.37093333333333,0.04799316666666667
5768.0,49.36906666666667,0.047989333333333335
5769.0,49.3672,0.0479855
5770.0,49.36533333333333,0.047981666666666666
5771.0,49.36346666666667,0.04797783333333333
5772.0,49.3616,0.047974
5773.0,49.35973333333333,0.04797016666666667
5774.0,49.357866666666666,0.04796633333333333
5775.0,49.356,0.0479625
5776.0,49.35413333333333,0.04795866666666666
5777.0,49.352266666666665,0.047954833333333335
5778.0,49.3504,0.047951
5779.0,49.348533333333336,0.047947166666666666
5780.0,49.346666666666664,0.04794333333333333
5781.0,49.3448,0.0479395
5782.0,49.342933333333335,0.04793566666666667
5783.0,49.34106666666666,0.04793183333333333
5784.0,49.3392,0.047928
5785.0,49.33733333333333,0.047924166666666664
5786.0,49.33546666666667,0.047920333333333336
5787.0,49.3336,0.0479165
5788.0,49.33173333333333,0.047912666666666666
5789.0,49.32986666666667,0.04790883333333333
5790.0,49.328,0.047905
5791.0,49.32613333333333,0.04790116666666667
5792.0,49.32426666666667,0.04789733333333333
5793.0,49.3224,0.0478935
5794.0,49.32053333333333,0.047889666666666664
5795.0,49.318666666666665,0.047885833333333336
5796.0,49.3168,0.047882
5797.0,49.314933333333336,0.047878166666666666
5798.0,49.313066666666664,0.04787433333333333
5799.0,49.3112,0.047870499999999996
5800.0,49.309333333333335,0.04786666666666667
5801.0,49.30746666666666,0.047862833333333334
5802.0,49.3056,0.047859
5803.0,49.303733333333334,0.047855166666666664
5804.0,49.30186666666667,0.047851333333333336
5805.0,49.3,0.0478475
5806.0,49.29813333333333,0.047843666666666666
5807.0,49.29626666666667,0.04783983333333333
5808.0,49.294399999999996,0.047836
5809.0,49.29253333333333,0.04783216666666667
5810.0,49.29066666666667,0.047828333333333334
5811.0,49.2888,0.0478245
5812.0,49.28693333333333,0.047820666666666664
5813.0,49.285066666666665,0.04781683333333333
5814.0,49.2832,0.047813
5815.0,49.28133333333333,0.047809166666666666
5816.0,49.279466666666664,0.04780533333333333
5817.0,49.2776,0.0478015
5818.0,49.275733333333335,0.04779766666666667
5819.0,49.27386666666666,0.047793833333333334
5820.0,49.272,0.04779
5821.0,49.27263333333333,0.047798
5822.0,49.273266666666665,0.047806
5823.0,49.2739,0.047814
5824.0,49.27453333333333,0.047821999999999996
5825.0,49.275166666666664,0.04783
5826.0,49.2758,0.047838
5827.0,49.27643333333333,0.047846
5828.0,49.27706666666666,0.047854
5829.0,49.277699999999996,0.047862
5830.0,49.278333333333336,0.047869999999999996
5831.0,49.27896666666667,0.047878
5832.0,49.2796,0.047886
5833.0,49.280233333333335,0.047894
5834.0,49.28086666666667,0.047902
5835.0,49.2815,0.04791
5836.0,49.282133333333334,0.047918
5837.0,49.28276666666667,0.047925999999999996
5838.0,49.2834,0.047934
5839.0,49.28403333333333,0.047942
5840.0,49.284666666666666,0.04795
5841.0,49.2853,0.047958
5842.0,49.28593333333333,0.047966
5843.0,49.286566666666666,0.047974
5844.0,49.2872,0.047982
5845.0,49.28783333333333,0.04799
5846.0,49.288466666666665,0.047998
5847.0,49.2891,0.048006
5848.0,49.28973333333333,0.048014
5849.0,49.290366666666664,0.048022
5850.0,49.291,0.04803
5851.0,49.29163333333334,0.048038
5852.0,49.29226666666667,0.048046
5853.0,49.2929,0.048054
5854.0,49.293533333333336,0.048062
5855.0,49.29416666666667,0.04807
5856.0,49.2948,0.048078
5857.0,49.295433333333335,0.048086
5858.0,49.29606666666667,0.048094
5859.0,49.2967,0.048102
5860.0,49.297333333333334,0.04811
5861.0,49.29796666666667,0.048118
5862.0,49.2986,0.048126
5863.0,49.29923333333333,0.048134
5864.0,49.29986666666667,0.048142
5865.0,49.3005,0.04815
5866.0,49.30113333333333,0.048158
5867.0,49.301766666666666,0.048166
5868.0,49.3024,0.048174
5869.0,49.30303333333333,0.048182
5870.0,49.30366666666667,0.048190000000000004
5871.0,49.304300000000005,0.048198
5872.0,49.30493333333334,0.048206
5873.0,49.30556666666667,0.048214
5874.0,49.306200000000004,0.048222
5875.0,49.30683333333334,0.04823
5876.0,49.30746666666667,0.048238
5877.0,49.3081,0.048246
5878.0,49.308733333333336,0.048254
5879.0,49.30936666666667,0.048262
5880.0,49.31,0.04827
5881.0,49.31731666666667,0.048264666666666664
5882.0,49.32463333333334,0.048259333333333335
5883.0,49.33195,0.048254
5884.0,49.33926666666667,0.04824866666666667
5885.0,49.346583333333335,0.04824333333333333
5886.0,49.3539,0.048238
5887.0,49.36121666666667,0.04823266666666667
5888.0,49.36853333333334,0.04822733333333333
5889.0,49.37585,0.048222
5890.0,49.38316666666667,0.048216666666666665
5891.0,49.390483333333336,0.048211333333333335
5892.0,49.397800000000004,0.048206
5893.0,49.40511666666667,0.04820066666666667
5894.0,49.41243333333333,0.04819533333333333
5895.0,49.41975,0.04819
5896.0,49.42706666666667,0.04818466666666667
5897.0,49.43438333333334,0.04817933333333333
5898.0,49.441700000000004,0.048174
5899.0,49.44901666666667,0.048168666666666665
5900.0,49.45633333333333,0.048163333333333336
5901.0,49.46365,0.048158
5902.0,49.47096666666667,0.04815266666666667
5903.0,49.47828333333334,0.048147333333333334
5904.0,49.485600000000005,0.048142
5905.0,49.492916666666666,0.04813666666666667
5906.0,49.500233333333334,0.04813133333333333
5907.0,49.50755,0.048126
5908.0,49.51486666666667,0.048120666666666666
5909.0,49.52218333333334,0.048115333333333336
5910.0,49.5295,0.04811
5911.0,49.53681666666667,0.048104666666666664
5912.0,49.544133333333335,0.048099333333333334
5913.0,49.55145,0.048094
5914.0,49.55876666666667,0.04808866666666667
5915.0,49.56608333333334,0.04808333333333333
5916.0,49.5734,0.048078
5917.0,49.58071666666667,0.048072666666666666
5918.0,49.588033333333335,0.04806733333333333
5919.0,49.59535,0.048062
5920.0,49.60266666666667,0.048056666666666664
5921.0,49.60998333333333,0.048051333333333335
5922.0,49.6173,0.048046
5923.0,49.62461666666667,0.04804066666666667
5924.0,49.631933333333336,0.04803533333333333
5925.0,49.639250000000004,0.04803
5926.0,49.64656666666667,0.04802466666666667
5927.0,49.65388333333333,0.04801933333333333
5928.0,49.6612,0.048014
5929.0,49.66851666666667,0.048008666666666665
5930.0,49.67583333333334,0.048003333333333335
5931.0,49.683150000000005,0.047998
5932.0,49.690466666666666,0.04799266666666667
5933.0,49.697783333333334,0.04798733333333333
5934.0,49.7051,0.047982
5935.0,49.71241666666667,0.04797666666666667
5936.0,49.71973333333334,0.04797133333333333
5937.0,49.727050000000006,0.047966
5938.0,49.734366666666666,0.047960666666666665
5939.0,49.741683333333334,0.047955333333333336
5940.0,49.749,0.04795
5941.0,49.7489,0.04795766666666667
5942.0,49.7488,0.04796533333333333
5943.0,49.7487,0.047973
5944.0,49.7486,0.047980666666666665
5945.0,49.7485,0.047988333333333334
5946.0,49.748400000000004,0.047996
5947.0,49.7483,0.04800366666666667
5948.0,49.748200000000004,0.048011333333333336
5949.0,49.7481,0.048019
5950.0,49.748000000000005,0.04802666666666667
5951.0,49.7479,0.04803433333333333
5952.0,49.747800000000005,0.048042
5953.0,49.7477,0.048049666666666664
5954.0,49.747600000000006,0.048057333333333334
5955.0,49.7475,0.048065
5956.0,49.7474,0.048072666666666666
5957.0,49.7473,0.048080333333333336
5958.0,49.7472,0.048088
5959.0,49.7471,0.04809566666666667
5960.0,49.747,0.04810333333333333
5961.0,49.746900000000004,0.048111
5962.0,49.7468,0.048118666666666664
5963.0,49.746700000000004,0.04812633333333333
5964.0,49.7466,0.048134
5965.0,49.746500000000005,0.048141666666666666
5966.0,49.7464,0.048149333333333336
5967.0,49.746300000000005,0.048157
5968.0,49.7462,0.04816466666666667
5969.0,49.746100000000006,0.04817233333333333
5970.0,49.746,0.04818
5971.0,49.7459,0.04818766666666667
5972.0,49.7458,0.04819533333333333
5973.0,49.7457,0.048203
5974.0,49.7456,0.048210666666666666
5975.0,49.7455,0.048218333333333335
5976.0,49.745400000000004,0.048226
5977.0,49.7453,0.04823366666666667
5978.0,49.745200000000004,0.04824133333333334
5979.0,49.7451,0.048249
5980.0,49.745000000000005,0.04825666666666667
5981.0,49.7449,0.04826433333333333
5982.0,49.744800000000005,0.048272
5983.0,49.7447,0.048279666666666665
5984.0,49.744600000000005,0.048287333333333335
5985.0,49.7445,0.048295000000000005
5986.0,49.7444,0.04830266666666667
5987.0,49.7443,0.04831033333333334
5988.0,49.7442,0.048318
5989.0,49.7441,0.04832566666666667
5990.0,49.744,0.04833333333333333
5991.0,49.743900000000004,0.048341
5992.0,49.7438,0.048348666666666665
5993.0,49.743700000000004,0.048356333333333335
5994.0,49.7436,0.048364000000000004
5995.0,49.743500000000004,0.04837166666666667
5996.0,49.7434,0.04837933333333334
5997.0,49.743300000000005,0.048387
5998.0,49.7432,0.04839466666666667
5999.0,49.743100000000005,0.04840233333333333
6000.0,49.743,0.04841
6001.0,49.741616666666665,0.04840983333333333
6002.0,49.740233333333336,0.04840966666666667
6003.0,49.73885,0.0484095
6004.0,49.73746666666667,0.04840933333333333
6005.0,49.73608333333333,0.04840916666666667
6006.0,49.734700000000004,0.048409
6007.0,49.73331666666667,0.04840883333333333
6008.0,49.73193333333334,0.04840866666666667
6009.0,49.73055,0.0484085
6010.0,49.72916666666667,0.04840833333333333
6011.0,49.727783333333335,0.04840816666666667
6012.0,49.7264,0.048408
6013.0,49.72501666666667,0.04840783333333334
6014.0,49.72363333333333,0.04840766666666667
6015.0,49.72225,0.0484075
6016.0,49.720866666666666,0.04840733333333334
6017.0,49.719483333333336,0.04840716666666667
6018.0,49.7181,0.048407
6019.0,49.71671666666667,0.048406833333333336
6020.0,49.715333333333334,0.04840666666666667
6021.0,49.71395,0.0484065
6022.0,49.71256666666667,0.048406333333333336
6023.0,49.71118333333333,0.04840616666666667
6024.0,49.7098,0.048406
6025.0,49.708416666666665,0.048405833333333335
6026.0,49.707033333333335,0.048405666666666666
6027.0,49.70565,0.0484055
6028.0,49.70426666666667,0.048405333333333335
6029.0,49.70288333333333,0.048405166666666666
6030.0,49.701499999999996,0.048405000000000004
6031.0,49.700116666666666,0.048404833333333334
6032.0,49.69873333333333,0.048404666666666665
6033.0,49.69735,0.0484045
6034.0,49.69596666666666,0.048404333333333334
6035.0,49.694583333333334,0.048404166666666665
6036.0,49.6932,0.048404
6037.0,49.69181666666667,0.04840383333333333
6038.0,49.69043333333333,0.048403666666666664
6039.0,49.68905,0.0484035
6040.0,49.687666666666665,0.04840333333333333
6041.0,49.68628333333333,0.048403166666666664
6042.0,49.6849,0.048403
6043.0,49.68351666666666,0.04840283333333333
6044.0,49.68213333333333,0.04840266666666666
6045.0,49.680749999999996,0.0484025
6046.0,49.67936666666667,0.04840233333333333
6047.0,49.67798333333333,0.04840216666666666
6048.0,49.6766,0.048402
6049.0,49.675216666666664,0.04840183333333333
6050.0,49.673833333333334,0.04840166666666666
6051.0,49.67245,0.0484015
6052.0,49.67106666666666,0.04840133333333333
6053.0,49.66968333333333,0.04840116666666667
6054.0,49.668299999999995,0.048401
6055.0,49.666916666666665,0.04840083333333333
6056.0,49.66553333333333,0.04840066666666667
6057.0,49.66415,0.0484005
6058.0,49.66276666666666,0.04840033333333333
6059.0,49.66138333333333,0.04840016666666667
6060.0,49.66,0.0484
6061.0,49.65671666666666,0.04839933333333333
6062.0,49.65343333333333,0.048398666666666666
6063.0,49.65015,0.048398
6064.0,49.64686666666666,0.048397333333333334
6065.0,49.64358333333333,0.048396666666666664
6066.0,49.640299999999996,0.048396
6067.0,49.63701666666666,0.04839533333333333
6068.0,49.63373333333333,0.04839466666666666
6069.0,49.630449999999996,0.048394
6070.0,49.62716666666667,0.04839333333333333
6071.0,49.62388333333333,0.04839266666666667
6072.0,49.620599999999996,0.048392
6073.0,49.61731666666667,0.048391333333333335
6074.0,49.61403333333333,0.048390666666666665
6075.0,49.610749999999996,0.04839
6076.0,49.60746666666667,0.04838933333333333
6077.0,49.60418333333333,0.04838866666666666
6078.0,49.600899999999996,0.048388
6079.0,49.59761666666667,0.04838733333333333
6080.0,49.59433333333333,0.04838666666666667
6081.0,49.591049999999996,0.048386
6082.0,49.58776666666667,0.048385333333333336
6083.0,49.58448333333333,0.048384666666666666
6084.0,49.581199999999995,0.048383999999999996
6085.0,49.57791666666667,0.048383333333333334
6086.0,49.57463333333333,0.048382666666666664
6087.0,49.571349999999995,0.048382
6088.0,49.56806666666667,0.04838133333333333
6089.0,49.56478333333333,0.04838066666666667
6090.0,49.561499999999995,0.04838
6091.0,49.55821666666667,0.04837933333333333
6092.0,49.55493333333333,0.04837866666666667
6093.0,49.55165,0.048378
6094.0,49.548366666666666,0.048377333333333335
6095.0,49.54508333333333,0.048376666666666665
6096.0,49.5418,0.048376
6097.0,49.538516666666666,0.04837533333333333
6098.0,49.53523333333333,0.04837466666666666
6099.0,49.53195,0.048374
6100.0,49.528666666666666,0.04837333333333333
6101.0,49.52538333333333,0.04837266666666667
6102.0,49.5221,0.048372
6103.0,49.518816666666666,0.048371333333333336
6104.0,49.51553333333333,0.048370666666666666
6105.0,49.51225,0.048369999999999996
6106.0,49.508966666666666,0.048369333333333334
6107.0,49.50568333333333,0.048368666666666664
6108.0,49.5024,0.048368
6109.0,49.499116666666666,0.04836733333333333
6110.0,49.49583333333334,0.04836666666666667
6111.0,49.49255,0.048366
6112.0,49.489266666666666,0.04836533333333334
6113.0,49.48598333333334,0.04836466666666667
6114.0,49.4827,0.048364
6115.0,49.479416666666665,0.048363333333333335
6116.0,49.47613333333334,0.048362666666666665
6117.0,49.47285,0.048362
6118.0,49.469566666666665,0.04836133333333333
6119.0,49.46628333333334,0.04836066666666667
6120.0,49.463,0.04836
6121.0,49.469116666666665,0.0483625
6122.0,49.475233333333335,0.048365
6123.0,49.48135,0.0483675
6124.0,49.48746666666667,0.04837
6125.0,49.49358333333333,0.0483725
6126.0,49.499700000000004,0.048375
6127.0,49.50581666666667,0.0483775
6128.0,49.51193333333333,0.04838
6129.0,49.51805,0.0483825
6130.0,49.524166666666666,0.048385
6131.0,49.53028333333334,0.0483875
6132.0,49.5364,0.04839
6133.0,49.542516666666664,0.0483925
6134.0,49.548633333333335,0.048395
6135.0,49.55475,0.048397499999999996
6136.0,49.56086666666667,0.0484
6137.0,49.56698333333333,0.0484025
6138.0,49.5731,0.048405
6139.0,49.57921666666667,0.0484075
6140.0,49.58533333333333,0.04841
6141.0,49.59145,0.0484125
6142.0,49.597566666666665,0.048415
6143.0,49.603683333333336,0.0484175
6144.0,49.6098,0.04842
6145.0,49.615916666666664,0.0484225
6146.0,49.622033333333334,0.048424999999999996
6147.0,49.62815,0.0484275
6148.0,49.63426666666667,0.04843
6149.0,49.64038333333333,0.048432499999999996
6150.0,49.6465,0.048435
6151.0,49.65261666666667,0.0484375
6152.0,49.65873333333333,0.04844
6153.0,49.66485,0.0484425
6154.0,49.670966666666665,0.048445
6155.0,49.677083333333336,0.0484475
6156.0,49.6832,0.04845
6157.0,49.68931666666666,0.048452499999999996
6158.0,49.695433333333334,0.048455
6159.0,49.70155,0.0484575
6160.0,49.70766666666667,0.048459999999999996
6161.0,49.71378333333333,0.0484625
6162.0,49.719899999999996,0.048465
6163.0,49.726016666666666,0.0484675
6164.0,49.73213333333333,0.04847
6165.0,49.73825,0.0484725
6166.0,49.744366666666664,0.048475
6167.0,49.750483333333335,0.0484775
6168.0,49.7566,0.048479999999999995
6169.0,49.76271666666666,0.0484825
6170.0,49.76883333333333,0.048485
6171.0,49.77495,0.048487499999999996
6172.0,49.78106666666667,0.04849
6173.0,49.78718333333333,0.0484925
6174.0,49.7933,0.048494999999999996
6175.0,49.799416666666666,0.0484975
6176.0,49.80553333333333,0.048499999999999995
6177.0,49.81165,0.0485025
6178.0,49.817766666666664,0.048505
6179.0,49.823883333333335,0.048507499999999995
6180.0,49.83,0.04851
6181.0,49.828716666666665,0.04851116666666666
6182.0,49.82743333333333,0.04851233333333333
6183.0,49.82615,0.0485135
6184.0,49.824866666666665,0.048514666666666664
6185.0,49.82358333333333,0.04851583333333333
6186.0,49.8223,0.048517
6187.0,49.821016666666665,0.04851816666666667
6188.0,49.81973333333333,0.04851933333333333
6189.0,49.81845,0.048520499999999994
6190.0,49.817166666666665,0.048521666666666664
6191.0,49.81588333333333,0.048522833333333334
6192.0,49.8146,0.048524
6193.0,49.813316666666665,0.04852516666666666
6194.0,49.81203333333333,0.04852633333333333
6195.0,49.81075,0.0485275
6196.0,49.809466666666665,0.048528666666666664
6197.0,49.80818333333333,0.04852983333333333
6198.0,49.8069,0.048531
6199.0,49.805616666666666,0.04853216666666667
6200.0,49.80433333333333,0.04853333333333333
6201.0,49.80305,0.048534499999999994
6202.0,49.801766666666666,0.048535666666666664
6203.0,49.80048333333333,0.048536833333333335
6204.0,49.7992,0.048538
6205.0,49.797916666666666,0.04853916666666666
6206.0,49.79663333333333,0.04854033333333333
6207.0,49.79535,0.0485415
6208.0,49.794066666666666,0.048542666666666665
6209.0,49.79278333333333,0.04854383333333333
6210.0,49.7915,0.048545
6211.0,49.790216666666666,0.04854616666666667
6212.0,49.78893333333333,0.04854733333333333
6213.0,49.78765,0.048548499999999994
6214.0,49.786366666666666,0.048549666666666665
6215.0,49.78508333333333,0.048550833333333335
6216.0,49.7838,0.048552
6217.0,49.782516666666666,0.04855316666666666
6218.0,49.78123333333333,0.04855433333333333
6219.0,49.77995,0.0485555
6220.0,49.778666666666666,0.048556666666666665
6221.0,49.77738333333333,0.04855783333333333
6222.0,49.7761,0.048559
6223.0,49.774816666666666,0.04856016666666667
6224.0,49.77353333333333,0.04856133333333333
6225.0,49.77225,0.048562499999999995
6226.0,49.770966666666666,0.048563666666666665
6227.0,49.76968333333333,0.048564833333333335
6228.0,49.7684,0.048566
6229.0,49.767116666666666,0.04856716666666666
6230.0,49.76583333333333,0.04856833333333333
6231.0,49.76455,0.0485695
6232.0,49.76326666666667,0.048570666666666665
6233.0,49.76198333333333,0.04857183333333333
6234.0,49.7607,0.048573
6235.0,49.75941666666667,0.04857416666666667
6236.0,49.75813333333333,0.04857533333333333
6237.0,49.75685,0.048576499999999995
6238.0,49.75556666666667,0.048577666666666665
6239.0,49.75428333333333,0.048578833333333335
6240.0,49.753,0.04858
6241.0,49.752766666666666,0.04858216666666666
6242.0,49.75253333333333,0.048584333333333334
6243.0,49.7523,0.0485865
6244.0,49.752066666666664,0.04858866666666666
6245.0,49.75183333333333,0.04859083333333333
6246.0,49.751599999999996,0.048593
6247.0,49.75136666666667,0.04859516666666667
6248.0,49.751133333333335,0.04859733333333333
6249.0,49.7509,0.0485995
6250.0,49.75066666666667,0.04860166666666667
6251.0,49.75043333333333,0.04860383333333333
6252.0,49.7502,0.048605999999999996
6253.0,49.749966666666666,0.04860816666666667
6254.0,49.74973333333333,0.04861033333333333
6255.0,49.7495,0.0486125
6256.0,49.749266666666664,0.04861466666666667
6257.0,49.74903333333333,0.04861683333333333
6258.0,49.7488,0.048619
6259.0,49.74856666666667,0.04862116666666667
6260.0,49.748333333333335,0.04862333333333333
6261.0,49.7481,0.0486255
6262.0,49.74786666666667,0.048627666666666666
6263.0,49.74763333333333,0.04862983333333333
6264.0,49.7474,0.048632
6265.0,49.747166666666665,0.048634166666666666
6266.0,49.74693333333333,0.04863633333333334
6267.0,49.7467,0.0486385
6268.0,49.74646666666666,0.048640666666666665
6269.0,49.74623333333333,0.04864283333333334
6270.0,49.745999999999995,0.048645
6271.0,49.74576666666667,0.048647166666666665
6272.0,49.745533333333334,0.048649333333333336
6273.0,49.7453,0.0486515
6274.0,49.745066666666666,0.048653666666666665
6275.0,49.74483333333333,0.048655833333333336
6276.0,49.7446,0.048658
6277.0,49.744366666666664,0.04866016666666667
6278.0,49.74413333333333,0.048662333333333335
6279.0,49.7439,0.0486645
6280.0,49.74366666666666,0.04866666666666667
6281.0,49.74343333333333,0.048668833333333335
6282.0,49.7432,0.048671
6283.0,49.74296666666667,0.04867316666666667
6284.0,49.742733333333334,0.048675333333333334
6285.0,49.7425,0.0486775
6286.0,49.742266666666666,0.04867966666666667
6287.0,49.74203333333333,0.048681833333333334
6288.0,49.7418,0.048684000000000005
6289.0,49.741566666666664,0.04868616666666667
6290.0,49.74133333333333,0.04868833333333333
6291.0,49.741099999999996,0.048690500000000005
6292.0,49.74086666666666,0.04869266666666667
6293.0,49.74063333333333,0.04869483333333333
6294.0,49.740399999999994,0.048697000000000004
6295.0,49.74016666666667,0.04869916666666667
6296.0,49.73993333333333,0.04870133333333334
6297.0,49.7397,0.048703500000000004
6298.0,49.739466666666665,0.04870566666666667
6299.0,49.73923333333333,0.04870783333333334
6300.0,49.739,0.04871
6301.0,49.737049999999996,0.04870516666666667
6302.0,49.735099999999996,0.04870033333333334
6303.0,49.733149999999995,0.0486955
6304.0,49.731199999999994,0.04869066666666667
6305.0,49.72925,0.04868583333333334
6306.0,49.7273,0.048681
6307.0,49.72535,0.048676166666666666
6308.0,49.7234,0.04867133333333334
6309.0,49.72145,0.0486665
6310.0,49.7195,0.04866166666666667
6311.0,49.717549999999996,0.04865683333333334
6312.0,49.715599999999995,0.048652
6313.0,49.71365,0.04864716666666667
6314.0,49.7117,0.048642333333333336
6315.0,49.70975,0.0486375
6316.0,49.7078,0.04863266666666667
6317.0,49.70585,0.048627833333333335
6318.0,49.7039,0.048623
6319.0,49.70195,0.04861816666666667
6320.0,49.699999999999996,0.048613333333333335
6321.0,49.698049999999995,0.0486085
6322.0,49.6961,0.04860366666666667
6323.0,49.69415,0.048598833333333334
6324.0,49.6922,0.048594
6325.0,49.69025,0.04858916666666667
6326.0,49.6883,0.048584333333333334
6327.0,49.68635,0.0485795
6328.0,49.6844,0.04857466666666667
6329.0,49.682449999999996,0.04856983333333333
6330.0,49.680499999999995,0.048565
6331.0,49.67855,0.04856016666666667
6332.0,49.6766,0.04855533333333333
6333.0,49.67465,0.0485505
6334.0,49.6727,0.04854566666666667
6335.0,49.67075,0.04854083333333333
6336.0,49.6688,0.048536
6337.0,49.66685,0.04853116666666667
6338.0,49.664899999999996,0.04852633333333333
6339.0,49.66295,0.0485215
6340.0,49.661,0.048516666666666666
6341.0,49.65905,0.04851183333333333
6342.0,49.6571,0.048507
6343.0,49.65515,0.048502166666666666
6344.0,49.6532,0.04849733333333333
6345.0,49.65125,0.0484925
6346.0,49.6493,0.048487666666666665
6347.0,49.647349999999996,0.04848283333333333
6348.0,49.6454,0.048478
6349.0,49.64345,0.048473166666666664
6350.0,49.6415,0.048468333333333335
6351.0,49.63955,0.0484635
6352.0,49.6376,0.048458666666666664
6353.0,49.63565,0.048453833333333335
6354.0,49.6337,0.048449
6355.0,49.63175,0.04844416666666666
6356.0,49.6298,0.048439333333333334
6357.0,49.62785,0.0484345
6358.0,49.6259,0.04842966666666666
6359.0,49.62395,0.048424833333333334
6360.0,49.622,0.04842
6361.0,49.6208,0.048423666666666663
6362.0,49.6196,0.04842733333333333
6363.0,49.6184,0.048430999999999995
6364.0,49.6172,0.04843466666666667
6365.0,49.616,0.04843833333333333
6366.0,49.6148,0.048442
6367.0,49.6136,0.048445666666666665
6368.0,49.6124,0.04844933333333333
6369.0,49.6112,0.048452999999999996
6370.0,49.61,0.04845666666666666
6371.0,49.6088,0.048460333333333334
6372.0,49.6076,0.048464
6373.0,49.6064,0.048467666666666666
6374.0,49.605199999999996,0.04847133333333333
6375.0,49.604,0.048475
6376.0,49.6028,0.04847866666666666
6377.0,49.6016,0.048482333333333336
6378.0,49.6004,0.048486
6379.0,49.599199999999996,0.04848966666666667
6380.0,49.598,0.04849333333333333
6381.0,49.5968,0.048497
6382.0,49.5956,0.048500666666666664
6383.0,49.5944,0.04850433333333333
6384.0,49.593199999999996,0.048508
6385.0,49.592,0.04851166666666667
6386.0,49.5908,0.048515333333333334
6387.0,49.5896,0.048519
6388.0,49.5884,0.048522666666666665
6389.0,49.587199999999996,0.04852633333333333
6390.0,49.586,0.048530000000000004
6391.0,49.5848,0.04853366666666667
6392.0,49.5836,0.048537333333333335
6393.0,49.5824,0.048541
6394.0,49.581199999999995,0.048544666666666667
6395.0,49.58,0.04854833333333333
6396.0,49.5788,0.048552
6397.0,49.5776,0.04855566666666667
6398.0,49.5764,0.048559333333333336
6399.0,49.575199999999995,0.048563
6400.0,49.574,0.04856666666666667
6401.0,49.5728,0.04857033333333333
6402.0,49.5716,0.048574
6403.0,49.5704,0.048577666666666665
6404.0,49.569199999999995,0.04858133333333334
6405.0,49.568,0.048585
6406.0,49.5668,0.04858866666666667
6407.0,49.565599999999996,0.048592333333333335
6408.0,49.5644,0.048596
6409.0,49.563199999999995,0.048599666666666666
6410.0,49.562,0.04860333333333333
6411.0,49.5608,0.048607000000000004
6412.0,49.559599999999996,0.04861066666666667
6413.0,49.5584,0.048614333333333336
6414.0,49.557199999999995,0.048618
6415.0,49.556,0.04862166666666667
6416.0,49.5548,0.04862533333333333
6417.0,49.553599999999996,0.048629000000000006
6418.0,49.5524,0.04863266666666667
6419.0,49.551199999999994,0.04863633333333334
6420.0,49.55,0.04864
6421.0,49.54878333333333,0.04863683333333334
6422.0,49.54756666666666,0.04863366666666667
6423.0,49.54635,0.0486305
6424.0,49.54513333333333,0.048627333333333335
6425.0,49.54391666666666,0.04862416666666667
6426.0,49.542699999999996,0.048621000000000004
6427.0,49.54148333333333,0.04861783333333333
6428.0,49.54026666666666,0.04861466666666667
6429.0,49.539049999999996,0.0486115
6430.0,49.53783333333333,0.04860833333333334
6431.0,49.53661666666667,0.04860516666666667
6432.0,49.535399999999996,0.048602
6433.0,49.53418333333333,0.048598833333333334
6434.0,49.53296666666667,0.04859566666666667
6435.0,49.531749999999995,0.048592500000000004
6436.0,49.53053333333333,0.04858933333333334
6437.0,49.529316666666666,0.048586166666666666
6438.0,49.528099999999995,0.048583
6439.0,49.52688333333333,0.048579833333333336
6440.0,49.525666666666666,0.04857666666666667
6441.0,49.524449999999995,0.0485735
6442.0,49.52323333333333,0.04857033333333333
6443.0,49.522016666666666,0.04856716666666667
6444.0,49.520799999999994,0.048564
6445.0,49.51958333333333,0.04856083333333334
6446.0,49.518366666666665,0.048557666666666666
6447.0,49.517149999999994,0.0485545
6448.0,49.51593333333333,0.048551333333333335
6449.0,49.514716666666665,0.04854816666666667
6450.0,49.51349999999999,0.048545000000000005
6451.0,49.51228333333333,0.04854183333333333
6452.0,49.511066666666665,0.04853866666666667
6453.0,49.50985,0.0485355
6454.0,49.50863333333333,0.04853233333333334
6455.0,49.507416666666664,0.048529166666666665
6456.0,49.5062,0.048526
6457.0,49.50498333333333,0.048522833333333334
6458.0,49.503766666666664,0.04851966666666667
6459.0,49.50255,0.048516500000000004
6460.0,49.50133333333333,0.04851333333333333
6461.0,49.50011666666666,0.04851016666666667
6462.0,49.4989,0.048507
6463.0,49.49768333333333,0.048503833333333336
6464.0,49.49646666666666,0.048500666666666664
6465.0,49.49525,0.0484975
6466.0,49.49403333333333,0.048494333333333334
6467.0,49.49281666666666,0.04849116666666667
6468.0,49.4916,0.048488
6469.0,49.49038333333333,0.04848483333333333
6470.0,49.48916666666666,0.048481666666666666
6471.0,49.48795,0.0484785
6472.0,49.48673333333333,0.048475333333333336
6473.0,49.48551666666666,0.04847216666666667
6474.0,49.4843,0.048469
6475.0,49.48308333333333,0.04846583333333333
6476.0,49.48186666666666,0.04846266666666667
6477.0,49.48065,0.0484595
6478.0,49.47943333333333,0.04845633333333333
6479.0,49.47821666666666,0.048453166666666665
6480.0,49.477,0.04845
6481.0,49.4839,0.048455
6482.0,49.4908,0.04846
6483.0,49.497699999999995,0.048465
6484.0,49.504599999999996,0.04847
6485.0,49.5115,0.048475
6486.0,49.5184,0.04848
6487.0,49.525299999999994,0.048485
6488.0,49.532199999999996,0.04849
6489.0,49.5391,0.048495
6490.0,49.546,0.0485
6491.0,49.552899999999994,0.048505
6492.0,49.559799999999996,0.04851
6493.0,49.5667,0.048515
6494.0,49.5736,0.04852
6495.0,49.5805,0.048525
6496.0,49.587399999999995,0.048530000000000004
6497.0,49.5943,0.048535
6498.0,49.6012,0.04854
6499.0,49.6081,0.048545
6500.0,49.614999999999995,0.04855
6501.0,49.6219,0.048555
6502.0,49.6288,0.04856
6503.0,49.6357,0.048565000000000004
6504.0,49.642599999999995,0.04857
6505.0,49.649499999999996,0.048575
6506.0,49.6564,0.04858
6507.0,49.6633,0.048585
6508.0,49.670199999999994,0.04859
6509.0,49.677099999999996,0.048595
6510.0,49.684,0.048600000000000004
6511.0,49.6909,0.048605
6512.0,49.6978,0.04861
6513.0,49.704699999999995,0.048615
6514.0,49.7116,0.048620000000000003
6515.0,49.7185,0.048625
6516.0,49.7254,0.04863
6517.0,49.732299999999995,0.048635
6518.0,49.7392,0.04864
6519.0,49.7461,0.048645
6520.0,49.753,0.04865
6521.0,49.759899999999995,0.048655000000000004
6522.0,49.766799999999996,0.04866
6523.0,49.7737,0.048665
6524.0,49.7806,0.04867
6525.0,49.787499999999994,0.048675
6526.0,49.794399999999996,0.04868
6527.0,49.8013,0.048685
6528.0,49.8082,0.048690000000000004
6529.0,49.8151,0.048695
6530.0,49.821999999999996,0.0487
6531.0,49.8289,0.048705
6532.0,49.8358,0.04871
6533.0,49.8427,0.048715
6534.0,49.849599999999995,0.04872
6535.0,49.8565,0.048725000000000004
6536.0,49.8634,0.04873
6537.0,49.8703,0.048735
6538.0,49.877199999999995,0.04874
6539.0,49.8841,0.048745000000000004
6540.0,49.891,0.04875
6541.0,49.88753333333333,0.04874716666666667
6542.0,49.88406666666666,0.048744333333333334
6543.0,49.8806,0.0487415
6544.0,49.87713333333333,0.048738666666666666
6545.0,49.873666666666665,0.04873583333333333
6546.0,49.8702,0.048733
6547.0,49.86673333333333,0.048730166666666665
6548.0,49.86326666666667,0.04872733333333334
6549.0,49.8598,0.048724500000000004
6550.0,49.85633333333333,0.04872166666666667
6551.0,49.852866666666664,0.048718833333333336
6552.0,49.849399999999996,0.048716
6553.0,49.845933333333335,0.04871316666666667
6554.0,49.84246666666667,0.048710333333333335
6555.0,49.839,0.0487075
6556.0,49.83553333333333,0.04870466666666667
6557.0,49.83206666666666,0.04870183333333333
6558.0,49.8286,0.048699
6559.0,49.82513333333333,0.048696166666666665
6560.0,49.821666666666665,0.04869333333333333
6561.0,49.8182,0.0486905
6562.0,49.81473333333333,0.048687666666666664
6563.0,49.81126666666667,0.04868483333333334
6564.0,49.8078,0.048682
6565.0,49.80433333333333,0.04867916666666667
6566.0,49.800866666666664,0.048676333333333335
6567.0,49.797399999999996,0.0486735
6568.0,49.793933333333335,0.04867066666666667
6569.0,49.79046666666667,0.048667833333333334
6570.0,49.787,0.048665
6571.0,49.78353333333333,0.048662166666666666
6572.0,49.78006666666666,0.04865933333333333
6573.0,49.7766,0.0486565
6574.0,49.773133333333334,0.048653666666666665
6575.0,49.769666666666666,0.04865083333333333
6576.0,49.7662,0.048648
6577.0,49.76273333333333,0.04864516666666666
6578.0,49.75926666666667,0.048642333333333336
6579.0,49.7558,0.0486395
6580.0,49.75233333333333,0.04863666666666667
6581.0,49.748866666666665,0.048633833333333334
6582.0,49.7454,0.048631
6583.0,49.741933333333336,0.04862816666666667
6584.0,49.73846666666667,0.04862533333333333
6585.0,49.735,0.0486225
6586.0,49.73153333333333,0.048619666666666665
6587.0,49.72806666666666,0.04861683333333333
6588.0,49.7246,0.048614
6589.0,49.721133333333334,0.048611166666666664
6590.0,49.717666666666666,0.04860833333333333
6591.0,49.7142,0.048605499999999996
6592.0,49.71073333333333,0.04860266666666666
6593.0,49.70726666666667,0.048599833333333335
6594.0,49.7038,0.048597
6595.0,49.70033333333333,0.04859416666666667
6596.0,49.696866666666665,0.048591333333333334
6597.0,49.6934,0.0485885
6598.0,49.689933333333336,0.048585666666666666
6599.0,49.68646666666667,0.04858283333333333
6600.0,49.683,0.04858
6601.0,49.6811,0.048583999999999995
6602.0,49.6792,0.048588
6603.0,49.6773,0.048591999999999996
6604.0,49.6754,0.048596
6605.0,49.6735,0.0486
6606.0,49.6716,0.048604
6607.0,49.6697,0.048608
6608.0,49.6678,0.048611999999999995
6609.0,49.6659,0.048616
6610.0,49.664,0.04862
6611.0,49.6621,0.048624
6612.0,49.6602,0.048628
6613.0,49.6583,0.048632
6614.0,49.6564,0.048636
6615.0,49.6545,0.04864
6616.0,49.6526,0.048644
6617.0,49.6507,0.048648
6618.0,49.6488,0.048652
6619.0,49.6469,0.048656
6620.0,49.645,0.04866
6621.0,49.643100000000004,0.048664
6622.0,49.6412,0.048668
6623.0,49.6393,0.048672
6624.0,49.6374,0.048676
6625.0,49.6355,0.04868
6626.0,49.6336,0.048684
6627.0,49.6317,0.048688
6628.0,49.6298,0.048692
6629.0,49.627900000000004,0.048696
6630.0,49.626000000000005,0.0487
6631.0,49.6241,0.048704
6632.0,49.6222,0.048708
6633.0,49.6203,0.048712
6634.0,49.6184,0.048716
6635.0,49.6165,0.04872
6636.0,49.6146,0.048724
6637.0,49.612700000000004,0.048728
6638.0,49.610800000000005,0.048732
6639.0,49.6089,0.048736
6640.0,49.607,0.04874
6641.0,49.6051,0.048744
6642.0,49.6032,0.048748
6643.0,49.6013,0.048752000000000004
6644.0,49.5994,0.048756
6645.0,49.597500000000004,0.04876
6646.0,49.595600000000005,0.048764
6647.0,49.593700000000005,0.048768
6648.0,49.5918,0.048772
6649.0,49.5899,0.048776
6650.0,49.588,0.048780000000000004
6651.0,49.5861,0.048784
6652.0,49.5842,0.048788000000000005
6653.0,49.582300000000004,0.048792
6654.0,49.580400000000004,0.048796
6655.0,49.578500000000005,0.0488
6656.0,49.5766,0.048804
6657.0,49.5747,0.048808000000000004
6658.0,49.5728,0.048812
6659.0,49.5709,0.048816000000000005
6660.0,49.569,0.04882
6661.0,49.57006666666667,0.04882066666666667
6662.0,49.571133333333336,0.048821333333333335
6663.0,49.5722,0.048822000000000004
6664.0,49.57326666666667,0.04882266666666667
6665.0,49.574333333333335,0.04882333333333334
6666.0,49.5754,0.048824
6667.0,49.57646666666667,0.04882466666666667
6668.0,49.577533333333335,0.04882533333333334
6669.0,49.5786,0.048826
6670.0,49.57966666666667,0.04882666666666667
6671.0,49.580733333333335,0.048827333333333334
6672.0,49.5818,0.048828
6673.0,49.58286666666667,0.048828666666666666
6674.0,49.583933333333334,0.048829333333333336
6675.0,49.585,0.04883
6676.0,49.58606666666667,0.04883066666666667
6677.0,49.587133333333334,0.04883133333333334
6678.0,49.5882,0.048832
6679.0,49.58926666666667,0.04883266666666667
6680.0,49.590333333333334,0.04883333333333333
6681.0,49.5914,0.048834
6682.0,49.59246666666667,0.048834666666666665
6683.0,49.59353333333333,0.048835333333333335
6684.0,49.5946,0.048836000000000004
6685.0,49.595666666666666,0.04883666666666667
6686.0,49.59673333333333,0.04883733333333334
6687.0,49.5978,0.048838
6688.0,49.598866666666666,0.04883866666666667
6689.0,49.59993333333333,0.04883933333333333
6690.0,49.601,0.04884
6691.0,49.60206666666667,0.04884066666666667
6692.0,49.60313333333334,0.048841333333333334
6693.0,49.604200000000006,0.048842
6694.0,49.60526666666667,0.048842666666666666
6695.0,49.60633333333334,0.048843333333333336
6696.0,49.607400000000005,0.048844
6697.0,49.60846666666667,0.04884466666666667
6698.0,49.60953333333334,0.04884533333333334
6699.0,49.610600000000005,0.048846
6700.0,49.61166666666667,0.04884666666666667
6701.0,49.61273333333334,0.04884733333333333
6702.0,49.613800000000005,0.048848
6703.0,49.61486666666667,0.048848666666666665
6704.0,49.61593333333334,0.048849333333333335
6705.0,49.617000000000004,0.048850000000000005
6706.0,49.61806666666667,0.04885066666666667
6707.0,49.61913333333334,0.04885133333333334
6708.0,49.620200000000004,0.048852
6709.0,49.62126666666667,0.04885266666666667
6710.0,49.62233333333334,0.04885333333333333
6711.0,49.623400000000004,0.048854
6712.0,49.62446666666667,0.048854666666666664
6713.0,49.62553333333334,0.048855333333333334
6714.0,49.6266,0.048856000000000004
6715.0,49.62766666666667,0.048856666666666666
6716.0,49.62873333333334,0.048857333333333336
6717.0,49.6298,0.048858
6718.0,49.63086666666667,0.04885866666666667
6719.0,49.631933333333336,0.04885933333333333
6720.0,49.633,0.04886
6721.0,49.635466666666666,0.04885983333333333
6722.0,49.637933333333336,0.04885966666666667
6723.0,49.6404,0.0488595
6724.0,49.64286666666667,0.04885933333333333
6725.0,49.64533333333333,0.04885916666666667
6726.0,49.647800000000004,0.048859
6727.0,49.65026666666667,0.04885883333333333
6728.0,49.65273333333334,0.04885866666666667
6729.0,49.6552,0.0488585
6730.0,49.65766666666667,0.04885833333333334
6731.0,49.660133333333334,0.04885816666666667
6732.0,49.662600000000005,0.048858
6733.0,49.66506666666667,0.048857833333333336
6734.0,49.66753333333334,0.04885766666666667
6735.0,49.67,0.0488575
6736.0,49.672466666666665,0.048857333333333336
6737.0,49.674933333333335,0.04885716666666667
6738.0,49.6774,0.048857
6739.0,49.67986666666667,0.048856833333333335
6740.0,49.68233333333333,0.048856666666666666
6741.0,49.6848,0.0488565
6742.0,49.687266666666666,0.048856333333333335
6743.0,49.689733333333336,0.048856166666666666
6744.0,49.6922,0.048856
6745.0,49.69466666666667,0.048855833333333334
6746.0,49.69713333333333,0.048855666666666665
6747.0,49.699600000000004,0.048855499999999996
6748.0,49.70206666666667,0.048855333333333334
6749.0,49.70453333333334,0.048855166666666665
6750.0,49.707,0.048854999999999996
6751.0,49.709466666666664,0.04885483333333333
6752.0,49.711933333333334,0.048854666666666664
6753.0,49.7144,0.0488545
6754.0,49.71686666666667,0.04885433333333333
6755.0,49.71933333333333,0.048854166666666664
6756.0,49.7218,0.048854
6757.0,49.724266666666665,0.04885383333333333
6758.0,49.726733333333335,0.04885366666666666
6759.0,49.7292,0.0488535
6760.0,49.73166666666667,0.04885333333333333
6761.0,49.73413333333333,0.04885316666666666
6762.0,49.7366,0.048853
6763.0,49.739066666666666,0.04885283333333333
6764.0,49.74153333333334,0.04885266666666666
6765.0,49.744,0.0488525
6766.0,49.74646666666666,0.04885233333333333
6767.0,49.74893333333333,0.04885216666666666
6768.0,49.7514,0.048852
6769.0,49.75386666666667,0.04885183333333333
6770.0,49.75633333333333,0.04885166666666667
6771.0,49.7588,0.0488515
6772.0,49.761266666666664,0.04885133333333333
6773.0,49.763733333333334,0.04885116666666667
6774.0,49.7662,0.048851
6775.0,49.76866666666667,0.04885083333333333
6776.0,49.77113333333333,0.04885066666666667
6777.0,49.7736,0.0488505
6778.0,49.776066666666665,0.04885033333333333
6779.0,49.778533333333336,0.04885016666666667
6780.0,49.781,0.04885
6781.0,49.77785,0.04885116666666667
6782.0,49.774699999999996,0.04885233333333333
6783.0,49.77155,0.048853499999999994
6784.0,49.7684,0.048854666666666664
6785.0,49.76525,0.048855833333333334
6786.0,49.7621,0.048857
6787.0,49.75895,0.04885816666666666
6788.0,49.7558,0.04885933333333333
6789.0,49.752649999999996,0.0488605
6790.0,49.7495,0.048861666666666664
6791.0,49.74635,0.04886283333333333
6792.0,49.7432,0.048864
6793.0,49.74005,0.04886516666666667
6794.0,49.7369,0.04886633333333333
6795.0,49.73375,0.048867499999999994
6796.0,49.730599999999995,0.048868666666666664
6797.0,49.72745,0.048869833333333335
6798.0,49.7243,0.048871
6799.0,49.72115,0.04887216666666666
6800.0,49.717999999999996,0.04887333333333333
6801.0,49.71485,0.0488745
6802.0,49.7117,0.048875666666666664
6803.0,49.708549999999995,0.04887683333333333
6804.0,49.7054,0.048878
6805.0,49.70225,0.04887916666666667
6806.0,49.6991,0.04888033333333333
6807.0,49.695949999999996,0.048881499999999994
6808.0,49.6928,0.048882666666666665
6809.0,49.68965,0.048883833333333335
6810.0,49.686499999999995,0.048885
6811.0,49.68335,0.04888616666666666
6812.0,49.6802,0.04888733333333333
6813.0,49.67705,0.0488885
6814.0,49.673899999999996,0.048889666666666665
6815.0,49.67075,0.04889083333333333
6816.0,49.6676,0.048892
6817.0,49.66445,0.04889316666666667
6818.0,49.6613,0.04889433333333333
6819.0,49.65815,0.048895499999999995
6820.0,49.655,0.048896666666666665
6821.0,49.651849999999996,0.048897833333333335
6822.0,49.6487,0.048899
6823.0,49.64555,0.04890016666666666
6824.0,49.6424,0.04890133333333333
6825.0,49.63925,0.0489025
6826.0,49.6361,0.048903666666666665
6827.0,49.63295,0.04890483333333333
6828.0,49.629799999999996,0.048906
6829.0,49.62665,0.04890716666666667
6830.0,49.6235,0.04890833333333333
6831.0,49.62035,0.048909499999999995
6832.0,49.6172,0.048910666666666665
6833.0,49.61405,0.048911833333333335
6834.0,49.6109,0.048913
6835.0,49.607749999999996,0.04891416666666666
6836.0,49.6046,0.04891533333333333
6837.0,49.60145,0.0489165
6838.0,49.5983,0.048917666666666665
6839.0,49.59515,0.04891883333333333
6840.0,49.592,0.04892
6841.0,49.59781666666667,0.04892266666666666
6842.0,49.603633333333335,0.048925333333333335
6843.0,49.609449999999995,0.048928
6844.0,49.61526666666666,0.048930666666666664
6845.0,49.62108333333333,0.04893333333333333
6846.0,49.6269,0.048936
6847.0,49.63271666666667,0.048938666666666665
6848.0,49.638533333333335,0.04894133333333333
6849.0,49.64435,0.048944
6850.0,49.650166666666664,0.048946666666666666
6851.0,49.65598333333333,0.04894933333333333
6852.0,49.6618,0.048951999999999996
6853.0,49.66761666666667,0.04895466666666667
6854.0,49.673433333333335,0.04895733333333333
6855.0,49.679249999999996,0.04896
6856.0,49.685066666666664,0.04896266666666667
6857.0,49.69088333333333,0.04896533333333333
6858.0,49.6967,0.048968
6859.0,49.70251666666667,0.04897066666666666
6860.0,49.708333333333336,0.048973333333333334
6861.0,49.714150000000004,0.048976
6862.0,49.719966666666664,0.04897866666666666
6863.0,49.72578333333333,0.048981333333333335
6864.0,49.7316,0.048984
6865.0,49.73741666666667,0.048986666666666664
6866.0,49.743233333333336,0.04898933333333333
6867.0,49.74905,0.048992
6868.0,49.754866666666665,0.048994666666666666
6869.0,49.76068333333333,0.04899733333333333
6870.0,49.7665,0.049
6871.0,49.77231666666667,0.04900266666666667
6872.0,49.77813333333334,0.04900533333333333
6873.0,49.783950000000004,0.049007999999999996
6874.0,49.789766666666665,0.04901066666666667
6875.0,49.79558333333333,0.04901333333333333
6876.0,49.8014,0.049016
6877.0,49.80721666666667,0.04901866666666666
6878.0,49.81303333333334,0.04902133333333333
6879.0,49.81885,0.049024
6880.0,49.824666666666666,0.04902666666666666
6881.0,49.83048333333333,0.049029333333333334
6882.0,49.8363,0.049032
6883.0,49.84211666666667,0.049034666666666664
6884.0,49.84793333333334,0.04903733333333333
6885.0,49.853750000000005,0.04904
6886.0,49.859566666666666,0.049042666666666665
6887.0,49.865383333333334,0.04904533333333333
6888.0,49.8712,0.049048
6889.0,49.87701666666667,0.049050666666666666
6890.0,49.88283333333334,0.04905333333333333
6891.0,49.88865,0.049055999999999995
6892.0,49.894466666666666,0.04905866666666667
6893.0,49.900283333333334,0.04906133333333333
6894.0,49.9061,0.049063999999999997
6895.0,49.91191666666667,0.04906666666666667
6896.0,49.91773333333334,0.04906933333333333
6897.0,49.923550000000006,0.049072
6898.0,49.92936666666667,0.04907466666666666
6899.0,49.935183333333335,0.049077333333333334
6900.0,49.941,0.04908
6901.0,49.94035,0.04908083333333333
6902.0,49.9397,0.04908166666666666
6903.0,49.93905,0.0490825
6904.0,49.9384,0.04908333333333333
6905.0,49.93775,0.049084166666666665
6906.0,49.9371,0.049085
6907.0,49.93645,0.049085833333333335
6908.0,49.9358,0.04908666666666667
6909.0,49.93515,0.0490875
6910.0,49.9345,0.04908833333333333
6911.0,49.93385,0.04908916666666666
6912.0,49.9332,0.04909
6913.0,49.93255,0.049090833333333334
6914.0,49.9319,0.049091666666666665
6915.0,49.931250000000006,0.0490925
6916.0,49.930600000000005,0.04909333333333333
6917.0,49.929950000000005,0.04909416666666667
6918.0,49.929300000000005,0.049095
6919.0,49.928650000000005,0.04909583333333333
6920.0,49.928000000000004,0.04909666666666666
6921.0,49.927350000000004,0.0490975
6922.0,49.926700000000004,0.049098333333333334
6923.0,49.926050000000004,0.049099166666666666
6924.0,49.9254,0.0491
6925.0,49.92475,0.04910083333333333
6926.0,49.9241,0.04910166666666667
6927.0,49.92345,0.0491025
6928.0,49.9228,0.04910333333333333
6929.0,49.92215,0.049104166666666664
6930.0,49.9215,0.049104999999999996
6931.0,49.92085,0.049105833333333335
6932.0,49.9202,0.049106666666666667
6933.0,49.91955,0.0491075
6934.0,49.9189,0.04910833333333333
6935.0,49.91825,0.04910916666666667
6936.0,49.9176,0.04911
6937.0,49.91695,0.04911083333333333
6938.0,49.9163,0.049111666666666665
6939.0,49.91565,0.049112499999999996
6940.0,49.915,0.049113333333333335
6941.0,49.91435,0.04911416666666667
6942.0,49.9137,0.049115
6943.0,49.91305,0.04911583333333333
6944.0,49.9124,0.04911666666666667
6945.0,49.911750000000005,0.0491175
6946.0,49.911100000000005,0.04911833333333333
6947.0,49.910450000000004,0.049119166666666665
6948.0,49.909800000000004,0.04912
6949.0,49.909150000000004,0.049120833333333336
6950.0,49.908500000000004,0.04912166666666667
6951.0,49.90785,0.0491225
6952.0,49.9072,0.04912333333333333
6953.0,49.90655,0.04912416666666666
6954.0,49.9059,0.049125
6955.0,49.90525,0.049125833333333334
6956.0,49.9046,0.049126666666666666
6957.0,49.90395,0.0491275
6958.0,49.9033,0.049128333333333336
6959.0,49.90265,0.04912916666666667
6960.0,49.902,0.04913
6961.0,49.901833333333336,0.04912816666666667
6962.0,49.90166666666667,0.049126333333333334
6963.0,49.9015,0.0491245
6964.0,49.90133333333333,0.04912266666666667
6965.0,49.90116666666667,0.049120833333333336
6966.0,49.901,0.049119
6967.0,49.90083333333333,0.04911716666666667
6968.0,49.900666666666666,0.04911533333333333
6969.0,49.9005,0.0491135
6970.0,49.900333333333336,0.049111666666666665
6971.0,49.90016666666667,0.04910983333333333
6972.0,49.9,0.049108
6973.0,49.89983333333333,0.049106166666666666
6974.0,49.89966666666667,0.04910433333333333
6975.0,49.8995,0.0491025
6976.0,49.89933333333334,0.04910066666666667
6977.0,49.899166666666666,0.049098833333333335
6978.0,49.899,0.049097
6979.0,49.898833333333336,0.04909516666666667
6980.0,49.89866666666667,0.049093333333333336
6981.0,49.8985,0.0490915
6982.0,49.89833333333333,0.04908966666666667
6983.0,49.89816666666667,0.04908783333333333
6984.0,49.898,0.049086
6985.0,49.89783333333334,0.049084166666666665
6986.0,49.897666666666666,0.04908233333333333
6987.0,49.8975,0.0490805
6988.0,49.897333333333336,0.049078666666666666
6989.0,49.89716666666667,0.04907683333333333
6990.0,49.897000000000006,0.049075
6991.0,49.89683333333333,0.04907316666666667
6992.0,49.89666666666667,0.049071333333333335
6993.0,49.8965,0.0490695
6994.0,49.89633333333334,0.04906766666666667
6995.0,49.896166666666666,0.049065833333333336
6996.0,49.896,0.049064
6997.0,49.895833333333336,0.04906216666666667
6998.0,49.89566666666667,0.04906033333333333
6999.0,49.895500000000006,0.0490585
7000.0,49.89533333333333,0.049056666666666665
7001.0,49.89516666666667,0.04905483333333333
7002.0,49.895,0.049053
7003.0,49.89483333333334,0.049051166666666667
7004.0,49.894666666666666,0.049049333333333334
7005.0,49.8945,0.0490475
7006.0,49.894333333333336,0.04904566666666667
7007.0,49.89416666666667,0.049043833333333335
7008.0,49.894000000000005,0.049042
7009.0,49.89383333333333,0.04904016666666667
7010.0,49.89366666666667,0.04903833333333334
7011.0,49.8935,0.049036500000000004
7012.0,49.89333333333334,0.04903466666666667
7013.0,49.89316666666667,0.04903283333333333
7014.0,49.893,0.049031
7015.0,49.892833333333336,0.049029166666666665
7016.0,49.89266666666667,0.04902733333333333
7017.0,49.892500000000005,0.0490255
7018.0,49.89233333333333,0.04902366666666667
7019.0,49.89216666666667,0.049021833333333334
7020.0,49.892,0.04902
7021.0,49.889783333333334,0.0490215
7022.0,49.88756666666667,0.049023000000000004
7023.0,49.88535,0.0490245
7024.0,49.88313333333333,0.049026
7025.0,49.88091666666667,0.0490275
7026.0,49.8787,0.049029
7027.0,49.87648333333333,0.0490305
7028.0,49.87426666666667,0.049032
7029.0,49.87205,0.0490335
7030.0,49.86983333333333,0.049035
7031.0,49.86761666666667,0.049036500000000004
7032.0,49.8654,0.049038
7033.0,49.86318333333334,0.0490395
7034.0,49.86096666666667,0.049041
7035.0,49.85875,0.0490425
7036.0,49.85653333333334,0.049044000000000004
7037.0,49.85431666666667,0.0490455
7038.0,49.8521,0.049047
7039.0,49.84988333333334,0.0490485
7040.0,49.84766666666667,0.04905
7041.0,49.84545,0.0490515
7042.0,49.84323333333334,0.049053
7043.0,49.84101666666667,0.0490545
7044.0,49.8388,0.049056
7045.0,49.83658333333334,0.049057500000000004
7046.0,49.83436666666667,0.049059
7047.0,49.83215,0.0490605
7048.0,49.82993333333334,0.049062
7049.0,49.82771666666667,0.0490635
7050.0,49.825500000000005,0.049065
7051.0,49.823283333333336,0.0490665
7052.0,49.82106666666667,0.049068
7053.0,49.818850000000005,0.0490695
7054.0,49.816633333333336,0.049071000000000004
7055.0,49.814416666666666,0.0490725
7056.0,49.812200000000004,0.049074
7057.0,49.809983333333335,0.0490755
7058.0,49.807766666666666,0.049077
7059.0,49.805550000000004,0.049078500000000004
7060.0,49.803333333333335,0.04908
7061.0,49.801116666666665,0.0490815
7062.0,49.7989,0.049083
7063.0,49.796683333333334,0.0490845
7064.0,49.794466666666665,0.049086
7065.0,49.79225,0.0490875
7066.0,49.790033333333334,0.049089
7067.0,49.787816666666664,0.0490905
7068.0,49.7856,0.049092000000000004
7069.0,49.78338333333333,0.0490935
7070.0,49.781166666666664,0.049095
7071.0,49.77895,0.0490965
7072.0,49.77673333333333,0.049098
7073.0,49.77451666666667,0.049099500000000004
7074.0,49.7723,0.049101
7075.0,49.77008333333333,0.0491025
7076.0,49.76786666666667,0.049104
7077.0,49.76565,0.0491055
7078.0,49.76343333333333,0.049107
7079.0,49.76121666666667,0.0491085
7080.0,49.759,0.04911
7081.0,49.76076666666667,0.049113166666666666
7082.0,49.76253333333334,0.04911633333333333
7083.0,49.7643,0.0491195
7084.0,49.76606666666667,0.04912266666666667
7085.0,49.767833333333336,0.049125833333333334
7086.0,49.7696,0.049129
7087.0,49.771366666666665,0.049132166666666664
7088.0,49.773133333333334,0.049135333333333336
7089.0,49.7749,0.0491385
7090.0,49.77666666666667,0.04914166666666667
7091.0,49.77843333333333,0.04914483333333333
7092.0,49.7802,0.049148
7093.0,49.78196666666667,0.04915116666666667
7094.0,49.78373333333333,0.049154333333333335
7095.0,49.7855,0.0491575
7096.0,49.78726666666667,0.049160666666666665
7097.0,49.789033333333336,0.04916383333333333
7098.0,49.790800000000004,0.049167
7099.0,49.792566666666666,0.04917016666666667
7100.0,49.794333333333334,0.04917333333333333
7101.0,49.7961,0.0491765
7102.0,49.797866666666664,0.04917966666666666
7103.0,49.79963333333333,0.049182833333333335
7104.0,49.8014,0.049186
7105.0,49.80316666666667,0.049189166666666666
7106.0,49.80493333333334,0.04919233333333333
7107.0,49.8067,0.049195499999999996
7108.0,49.80846666666667,0.04919866666666667
7109.0,49.810233333333336,0.049201833333333334
7110.0,49.812,0.049205
7111.0,49.813766666666666,0.049208166666666664
7112.0,49.815533333333335,0.04921133333333333
7113.0,49.8173,0.0492145
7114.0,49.81906666666667,0.049217666666666667
7115.0,49.82083333333333,0.04922083333333333
7116.0,49.8226,0.049224
7117.0,49.82436666666667,0.04922716666666666
7118.0,49.82613333333333,0.049230333333333334
7119.0,49.8279,0.0492335
7120.0,49.82966666666667,0.049236666666666665
7121.0,49.83143333333334,0.04923983333333333
7122.0,49.833200000000005,0.049242999999999995
7123.0,49.834966666666666,0.04924616666666667
7124.0,49.836733333333335,0.04924933333333333
7125.0,49.8385,0.0492525
7126.0,49.840266666666665,0.04925566666666666
7127.0,49.84203333333333,0.04925883333333333
7128.0,49.8438,0.049262
7129.0,49.84556666666667,0.049265166666666665
7130.0,49.84733333333334,0.04926833333333333
7131.0,49.8491,0.049271499999999996
7132.0,49.85086666666667,0.04927466666666666
7133.0,49.85263333333334,0.04927783333333333
7134.0,49.8544,0.049281
7135.0,49.85616666666667,0.049284166666666664
7136.0,49.857933333333335,0.04928733333333333
7137.0,49.859700000000004,0.049290499999999994
7138.0,49.86146666666667,0.049293666666666666
7139.0,49.86323333333333,0.04929683333333333
7140.0,49.865,0.0493
7141.0,49.864783333333335,0.049294
7142.0,49.86456666666667,0.049288
7143.0,49.86435,0.049282
7144.0,49.864133333333335,0.04927599999999999
7145.0,49.86391666666667,0.049269999999999994
7146.0,49.8637,0.049263999999999995
7147.0,49.863483333333335,0.049257999999999996
7148.0,49.86326666666667,0.049252
7149.0,49.86305,0.049246
7150.0,49.862833333333334,0.04924
7151.0,49.86261666666667,0.049234
7152.0,49.8624,0.049227999999999994
7153.0,49.862183333333334,0.049221999999999995
7154.0,49.86196666666667,0.049215999999999996
7155.0,49.86175,0.04921
7156.0,49.861533333333334,0.049204
7157.0,49.86131666666667,0.049198
7158.0,49.8611,0.049192
7159.0,49.860883333333334,0.049185999999999994
7160.0,49.86066666666667,0.049179999999999995
7161.0,49.86045,0.049173999999999995
7162.0,49.86023333333333,0.049167999999999996
7163.0,49.86001666666667,0.049162
7164.0,49.8598,0.049156
7165.0,49.85958333333333,0.04915
7166.0,49.859366666666666,0.049144
7167.0,49.85915,0.049137999999999994
7168.0,49.85893333333333,0.049131999999999995
7169.0,49.858716666666666,0.049125999999999996
7170.0,49.8585,0.04912
7171.0,49.85828333333333,0.049114
7172.0,49.858066666666666,0.049108
7173.0,49.85785,0.049102
7174.0,49.85763333333333,0.049095999999999994
7175.0,49.857416666666666,0.049089999999999995
7176.0,49.8572,0.049083999999999996
7177.0,49.85698333333333,0.049078
7178.0,49.856766666666665,0.049072
7179.0,49.85655,0.049066
7180.0,49.85633333333333,0.04906
7181.0,49.856116666666665,0.049054
7182.0,49.8559,0.049047999999999994
7183.0,49.85568333333333,0.049041999999999995
7184.0,49.855466666666665,0.049035999999999996
7185.0,49.85525,0.04903
7186.0,49.85503333333333,0.049024
7187.0,49.854816666666665,0.049018
7188.0,49.8546,0.049012
7189.0,49.85438333333333,0.049005999999999994
7190.0,49.854166666666664,0.048999999999999995
7191.0,49.85395,0.048993999999999996
7192.0,49.85373333333333,0.048988
7193.0,49.853516666666664,0.048982
7194.0,49.8533,0.048976
7195.0,49.85308333333333,0.04897
7196.0,49.852866666666664,0.048964
7197.0,49.85265,0.048957999999999995
7198.0,49.85243333333333,0.048951999999999996
7199.0,49.85221666666666,0.048945999999999996
7200.0,49.852,0.04894
7201.0,49.85268333333333,0.0489405
7202.0,49.853366666666666,0.048941
7203.0,49.854049999999994,0.0489415
7204.0,49.85473333333333,0.048942
7205.0,49.85541666666666,0.0489425
7206.0,49.8561,0.048943
7207.0,49.85678333333333,0.0489435
7208.0,49.85746666666667,0.048943999999999994
7209.0,49.858149999999995,0.048944499999999995
7210.0,49.85883333333333,0.048944999999999995
7211.0,49.859516666666664,0.048945499999999996
7212.0,49.8602,0.048945999999999996
7213.0,49.860883333333334,0.0489465
7214.0,49.86156666666666,0.048947
7215.0,49.862249999999996,0.0489475
7216.0,49.86293333333333,0.048948
7217.0,49.863616666666665,0.0489485
7218.0,49.8643,0.048949
7219.0,49.864983333333335,0.0489495
7220.0,49.86566666666666,0.04895
7221.0,49.86635,0.0489505
7222.0,49.86703333333333,0.048951
7223.0,49.86771666666667,0.048951499999999995
7224.0,49.8684,0.048951999999999996
7225.0,49.86908333333333,0.048952499999999996
7226.0,49.86976666666666,0.048952999999999997
7227.0,49.87045,0.0489535
7228.0,49.87113333333333,0.048954
7229.0,49.87181666666667,0.0489545
7230.0,49.8725,0.048955
7231.0,49.87318333333333,0.0489555
7232.0,49.873866666666665,0.048956
7233.0,49.87455,0.0489565
7234.0,49.875233333333334,0.048957
7235.0,49.87591666666667,0.0489575
7236.0,49.876599999999996,0.048958
7237.0,49.87728333333333,0.0489585
7238.0,49.877966666666666,0.048958999999999996
7239.0,49.87865,0.048959499999999996
7240.0,49.879333333333335,0.04896
7241.0,49.88001666666666,0.0489605
7242.0,49.8807,0.048961
7243.0,49.88138333333333,0.0489615
7244.0,49.88206666666667,0.048962
7245.0,49.88275,0.0489625
7246.0,49.883433333333336,0.048963
7247.0,49.884116666666664,0.0489635
7248.0,49.8848,0.048964
7249.0,49.88548333333333,0.0489645
7250.0,49.88616666666667,0.048965
7251.0,49.88685,0.0489655
7252.0,49.88753333333333,0.048966
7253.0,49.888216666666665,0.048966499999999996
7254.0,49.8889,0.048967
7255.0,49.889583333333334,0.0489675
7256.0,49.89026666666667,0.048968
7257.0,49.890950000000004,0.0489685
7258.0,49.89163333333333,0.048969
7259.0,49.892316666666666,0.0489695
7260.0,49.893,0.04897
7261.0,49.88843333333333,0.04897016666666667
7262.0,49.88386666666667,0.04897033333333333
7263.0,49.8793,0.0489705
7264.0,49.87473333333333,0.04897066666666667
7265.0,49.87016666666667,0.04897083333333333
7266.0,49.8656,0.048971
7267.0,49.86103333333333,0.04897116666666667
7268.0,49.85646666666667,0.04897133333333333
7269.0,49.8519,0.0489715
7270.0,49.84733333333333,0.04897166666666666
7271.0,49.84276666666667,0.04897183333333333
7272.0,49.8382,0.048972
7273.0,49.83363333333333,0.048972166666666664
7274.0,49.82906666666667,0.04897233333333333
7275.0,49.8245,0.0489725
7276.0,49.81993333333333,0.048972666666666664
7277.0,49.81536666666667,0.048972833333333333
7278.0,49.8108,0.048973
7279.0,49.80623333333333,0.048973166666666665
7280.0,49.80166666666667,0.048973333333333334
7281.0,49.7971,0.0489735
7282.0,49.79253333333333,0.048973666666666665
7283.0,49.78796666666667,0.048973833333333334
7284.0,49.7834,0.048974000000000004
7285.0,49.77883333333333,0.048974166666666666
7286.0,49.77426666666667,0.048974333333333335
7287.0,49.7697,0.048974500000000004
7288.0,49.76513333333333,0.048974666666666666
7289.0,49.76056666666667,0.048974833333333335
7290.0,49.756,0.048975000000000005
7291.0,49.75143333333333,0.04897516666666667
7292.0,49.74686666666667,0.048975333333333336
7293.0,49.7423,0.0489755
7294.0,49.73773333333333,0.04897566666666667
7295.0,49.73316666666667,0.048975833333333336
7296.0,49.7286,0.048976
7297.0,49.72403333333333,0.04897616666666667
7298.0,49.71946666666667,0.04897633333333334
7299.0,49.7149,0.0489765
7300.0,49.71033333333333,0.04897666666666667
7301.0,49.70576666666667,0.04897683333333334
7302.0,49.7012,0.048977
7303.0,49.69663333333333,0.04897716666666667
7304.0,49.69206666666667,0.04897733333333334
7305.0,49.6875,0.0489775
7306.0,49.68293333333333,0.04897766666666667
7307.0,49.67836666666667,0.04897783333333334
7308.0,49.6738,0.048978
7309.0,49.66923333333333,0.04897816666666667
7310.0,49.66466666666667,0.04897833333333333
7311.0,49.6601,0.0489785
7312.0,49.65553333333333,0.04897866666666667
7313.0,49.65096666666667,0.04897883333333333
7314.0,49.6464,0.048979
7315.0,49.64183333333333,0.04897916666666667
7316.0,49.63726666666667,0.04897933333333333
7317.0,49.6327,0.0489795
7318.0,49.62813333333333,0.04897966666666667
7319.0,49.62356666666667,0.048979833333333334
7320.0,49.619,0.04898
7321.0,49.62188333333334,0.04898516666666667
7322.0,49.624766666666666,0.04899033333333334
7323.0,49.62765,0.048995500000000004
7324.0,49.63053333333333,0.04900066666666667
7325.0,49.63341666666667,0.04900583333333334
7326.0,49.6363,0.049011
7327.0,49.639183333333335,0.049016166666666666
7328.0,49.642066666666665,0.04902133333333333
7329.0,49.64495,0.0490265
7330.0,49.64783333333333,0.04903166666666667
7331.0,49.65071666666667,0.049036833333333335
7332.0,49.6536,0.049042
7333.0,49.656483333333334,0.04904716666666667
7334.0,49.65936666666666,0.04905233333333334
7335.0,49.66225,0.049057500000000004
7336.0,49.66513333333334,0.04906266666666667
7337.0,49.66801666666667,0.04906783333333334
7338.0,49.6709,0.049073000000000006
7339.0,49.67378333333333,0.049078166666666666
7340.0,49.67666666666667,0.04908333333333333
7341.0,49.67955,0.0490885
7342.0,49.682433333333336,0.04909366666666667
7343.0,49.685316666666665,0.049098833333333335
7344.0,49.6882,0.049104
7345.0,49.69108333333333,0.04910916666666667
7346.0,49.69396666666667,0.049114333333333336
7347.0,49.69685,0.0491195
7348.0,49.699733333333334,0.04912466666666667
7349.0,49.702616666666664,0.04912983333333334
7350.0,49.7055,0.049135
7351.0,49.70838333333334,0.049140166666666665
7352.0,49.71126666666667,0.04914533333333333
7353.0,49.714150000000004,0.0491505
7354.0,49.71703333333333,0.04915566666666667
7355.0,49.71991666666667,0.049160833333333334
7356.0,49.7228,0.049166
7357.0,49.725683333333336,0.04917116666666667
7358.0,49.728566666666666,0.049176333333333336
7359.0,49.73145,0.0491815
7360.0,49.73433333333333,0.04918666666666667
7361.0,49.73721666666667,0.04919183333333334
7362.0,49.7401,0.049197000000000005
7363.0,49.742983333333335,0.049202166666666665
7364.0,49.745866666666664,0.04920733333333333
7365.0,49.74875,0.0492125
7366.0,49.75163333333334,0.049217666666666667
7367.0,49.75451666666667,0.049222833333333334
7368.0,49.757400000000004,0.049228
7369.0,49.760283333333334,0.04923316666666667
7370.0,49.76316666666667,0.049238333333333335
7371.0,49.76605,0.0492435
7372.0,49.76893333333334,0.04924866666666667
7373.0,49.771816666666666,0.04925383333333334
7374.0,49.7747,0.049259
7375.0,49.77758333333333,0.049264166666666664
7376.0,49.78046666666667,0.04926933333333333
7377.0,49.78335,0.0492745
7378.0,49.786233333333335,0.049279666666666666
7379.0,49.789116666666665,0.04928483333333333
7380.0,49.792,0.04929
7381.0,49.789,0.0492885
7382.0,49.786,0.049287
7383.0,49.783,0.0492855
7384.0,49.78,0.049284
7385.0,49.777,0.0492825
7386.0,49.774,0.049281
7387.0,49.771,0.049279500000000004
7388.0,49.768,0.049278
7389.0,49.765,0.0492765
7390.0,49.762,0.049275
7391.0,49.759,0.0492735
7392.0,49.756,0.049272
7393.0,49.753,0.0492705
7394.0,49.75,0.049269
7395.0,49.747,0.0492675
7396.0,49.744,0.049266
7397.0,49.741,0.0492645
7398.0,49.738,0.049263
7399.0,49.735,0.0492615
7400.0,49.732,0.04926
7401.0,49.729,0.049258500000000004
7402.0,49.726,0.049257
7403.0,49.723,0.0492555
7404.0,49.72,0.049254
7405.0,49.717,0.0492525
7406.0,49.714,0.049251
7407.0,49.711,0.0492495
7408.0,49.708,0.049248
7409.0,49.705,0.0492465
7410.0,49.702,0.049245
7411.0,49.699000000000005,0.0492435
7412.0,49.696000000000005,0.049242
7413.0,49.693000000000005,0.0492405
7414.0,49.690000000000005,0.049239
7415.0,49.687000000000005,0.049237500000000003
7416.0,49.684000000000005,0.049236
7417.0,49.681000000000004,0.0492345
7418.0,49.678000000000004,0.049233
7419.0,49.675000000000004,0.0492315
7420.0,49.672000000000004,0.04923
7421.0,49.669000000000004,0.0492285
7422.0,49.666000000000004,0.049227
7423.0,49.663000000000004,0.0492255
7424.0,49.660000000000004,0.049224000000000004
7425.0,49.657000000000004,0.0492225
7426.0,49.654,0.049221
7427.0,49.651,0.0492195
7428.0,49.648,0.049218
7429.0,49.645,0.0492165
7430.0,49.642,0.049215
7431.0,49.639,0.0492135
7432.0,49.636,0.049212
7433.0,49.633,0.0492105
7434.0,49.63,0.049209
7435.0,49.627,0.0492075
7436.0,49.624,0.049206
7437.0,49.621,0.0492045
7438.0,49.618,0.049203000000000004
7439.0,49.615,0.0492015
7440.0,49.612,0.0492
7441.0,49.615883333333336,0.0492035
7442.0,49.61976666666667,0.049207
7443.0,49.623650000000005,0.049210500000000004
7444.0,49.62753333333333,0.049214
7445.0,49.63141666666667,0.0492175
7446.0,49.6353,0.049221
7447.0,49.639183333333335,0.049224500000000004
7448.0,49.64306666666667,0.049228
7449.0,49.646950000000004,0.0492315
7450.0,49.65083333333334,0.049235
7451.0,49.654716666666666,0.049238500000000004
7452.0,49.6586,0.049242
7453.0,49.662483333333334,0.0492455
7454.0,49.66636666666667,0.049249
7455.0,49.67025,0.049252500000000005
7456.0,49.67413333333334,0.049256
7457.0,49.678016666666664,0.0492595
7458.0,49.6819,0.049263
7459.0,49.68578333333333,0.049266500000000005
7460.0,49.68966666666667,0.04927
7461.0,49.69355,0.0492735
7462.0,49.697433333333336,0.049277
7463.0,49.70131666666667,0.049280500000000005
7464.0,49.7052,0.049284
7465.0,49.70908333333333,0.0492875
7466.0,49.71296666666667,0.049291
7467.0,49.71685,0.049294500000000005
7468.0,49.720733333333335,0.049298
7469.0,49.72461666666667,0.0493015
7470.0,49.7285,0.049305
7471.0,49.73238333333333,0.049308500000000005
7472.0,49.736266666666666,0.049312
7473.0,49.74015,0.0493155
7474.0,49.744033333333334,0.049319
7475.0,49.74791666666667,0.049322500000000005
7476.0,49.7518,0.049326
7477.0,49.75568333333333,0.0493295
7478.0,49.759566666666665,0.049333
7479.0,49.76345,0.049336500000000005
7480.0,49.76733333333333,0.04934
7481.0,49.77121666666667,0.0493435
7482.0,49.7751,0.049347
7483.0,49.778983333333336,0.049350500000000005
7484.0,49.78286666666666,0.049354
7485.0,49.78675,0.0493575
7486.0,49.79063333333333,0.049361
7487.0,49.79451666666667,0.049364500000000006
7488.0,49.7984,0.049368
7489.0,49.802283333333335,0.0493715
7490.0,49.80616666666667,0.049375
7491.0,49.81005,0.049378500000000006
7492.0,49.81393333333333,0.049382
7493.0,49.817816666666666,0.0493855
7494.0,49.8217,0.049389
7495.0,49.825583333333334,0.049392500000000006
7496.0,49.82946666666667,0.049396
7497.0,49.833349999999996,0.0493995
7498.0,49.83723333333333,0.049403
7499.0,49.841116666666665,0.049406500000000006
7500.0,49.845,0.04941
7501.0,49.84375,0.0494095
7502.0,49.8425,0.049409
7503.0,49.84125,0.0494085
7504.0,49.839999999999996,0.049408
7505.0,49.83875,0.0494075
7506.0,49.8375,0.049407
7507.0,49.83625,0.0494065
7508.0,49.835,0.049406000000000005
7509.0,49.83375,0.049405500000000005
7510.0,49.832499999999996,0.049405000000000004
7511.0,49.83125,0.049404500000000004
7512.0,49.83,0.049404
7513.0,49.82875,0.0494035
7514.0,49.8275,0.049403
7515.0,49.82625,0.0494025
7516.0,49.825,0.049402
7517.0,49.82375,0.0494015
7518.0,49.8225,0.049401
7519.0,49.82125,0.0494005
7520.0,49.82,0.0494
7521.0,49.81875,0.0493995
7522.0,49.8175,0.049399
7523.0,49.816250000000004,0.049398500000000005
7524.0,49.815,0.049398000000000004
7525.0,49.81375,0.049397500000000004
7526.0,49.8125,0.049397
7527.0,49.81125,0.0493965
7528.0,49.81,0.049396
7529.0,49.80875,0.0493955
7530.0,49.807500000000005,0.049395
7531.0,49.80625,0.0493945
7532.0,49.805,0.049394
7533.0,49.80375,0.0493935
7534.0,49.8025,0.049393
7535.0,49.80125,0.0493925
7536.0,49.800000000000004,0.049392
7537.0,49.79875,0.0493915
7538.0,49.7975,0.049391000000000004
7539.0,49.79625,0.049390500000000004
7540.0,49.795,0.04939
7541.0,49.79375,0.0493895
7542.0,49.792500000000004,0.049389
7543.0,49.791250000000005,0.0493885
7544.0,49.79,0.049388
7545.0,49.78875,0.0493875
7546.0,49.7875,0.049387
7547.0,49.78625,0.0493865
7548.0,49.785000000000004,0.049386
7549.0,49.783750000000005,0.0493855
7550.0,49.7825,0.049385
7551.0,49.78125,0.0493845
7552.0,49.78,0.049384
7553.0,49.77875,0.049383500000000004
7554.0,49.7775,0.049383
7555.0,49.776250000000005,0.0493825
7556.0,49.775000000000006,0.049382
7557.0,49.77375,0.0493815
7558.0,49.7725,0.049381
7559.0,49.77125,0.0493805
7560.0,49.77,0.04938
7561.0,49.768550000000005,0.04937766666666667
7562.0,49.767100000000006,0.049375333333333334
7563.0,49.76565,0.049373
7564.0,49.7642,0.04937066666666667
7565.0,49.762750000000004,0.049368333333333334
7566.0,49.761300000000006,0.049366
7567.0,49.75985,0.04936366666666667
7568.0,49.7584,0.04936133333333333
7569.0,49.75695,0.049359
7570.0,49.755500000000005,0.04935666666666667
7571.0,49.75405,0.04935433333333333
7572.0,49.7526,0.049352
7573.0,49.75115,0.04934966666666667
7574.0,49.749700000000004,0.04934733333333333
7575.0,49.74825,0.049345
7576.0,49.7468,0.04934266666666667
7577.0,49.74535,0.04934033333333333
7578.0,49.743900000000004,0.049338
7579.0,49.742450000000005,0.04933566666666667
7580.0,49.741,0.04933333333333333
7581.0,49.73955,0.049331
7582.0,49.7381,0.049328666666666666
7583.0,49.736650000000004,0.04932633333333333
7584.0,49.7352,0.049324
7585.0,49.73375,0.049321666666666666
7586.0,49.7323,0.04931933333333333
7587.0,49.730850000000004,0.049317
7588.0,49.7294,0.049314666666666666
7589.0,49.72795,0.04931233333333333
7590.0,49.7265,0.04931
7591.0,49.72505,0.049307666666666666
7592.0,49.723600000000005,0.04930533333333333
7593.0,49.72215,0.049303
7594.0,49.7207,0.049300666666666666
7595.0,49.71925,0.04929833333333333
7596.0,49.717800000000004,0.049296
7597.0,49.71635,0.049293666666666666
7598.0,49.7149,0.04929133333333333
7599.0,49.71345,0.049289
7600.0,49.712,0.049286666666666666
7601.0,49.71055,0.04928433333333333
7602.0,49.7091,0.049282
7603.0,49.70765,0.049279666666666666
7604.0,49.7062,0.04927733333333333
7605.0,49.704750000000004,0.049275
7606.0,49.7033,0.049272666666666666
7607.0,49.70185,0.04927033333333333
7608.0,49.7004,0.049268
7609.0,49.69895,0.049265666666666666
7610.0,49.6975,0.04926333333333333
7611.0,49.69605,0.049261
7612.0,49.6946,0.049258666666666666
7613.0,49.69315,0.04925633333333333
7614.0,49.6917,0.049254
7615.0,49.69025,0.049251666666666666
7616.0,49.6888,0.04924933333333333
7617.0,49.68735,0.049247
7618.0,49.6859,0.049244666666666666
7619.0,49.68445,0.04924233333333333
7620.0,49.683,0.04924
7621.0,49.682766666666666,0.049245
7622.0,49.68253333333333,0.04925
7623.0,49.6823,0.049255
7624.0,49.682066666666664,0.04926
7625.0,49.68183333333333,0.049264999999999996
7626.0,49.6816,0.04927
7627.0,49.68136666666667,0.049275
7628.0,49.681133333333335,0.04928
7629.0,49.6809,0.049285
7630.0,49.68066666666667,0.04929
7631.0,49.68043333333333,0.049295
7632.0,49.6802,0.0493
7633.0,49.679966666666665,0.049305
7634.0,49.67973333333333,0.04931
7635.0,49.6795,0.049315
7636.0,49.67926666666666,0.04932
7637.0,49.67903333333333,0.049325
7638.0,49.678799999999995,0.04933
7639.0,49.67856666666667,0.049335
7640.0,49.678333333333335,0.04934
7641.0,49.6781,0.049345
7642.0,49.67786666666667,0.04935
7643.0,49.67763333333333,0.049355
7644.0,49.6774,0.04936
7645.0,49.677166666666665,0.049365
7646.0,49.67693333333333,0.04937
7647.0,49.6767,0.049375
7648.0,49.67646666666666,0.04938
7649.0,49.67623333333333,0.049385
7650.0,49.676,0.04939
7651.0,49.67576666666667,0.049395
7652.0,49.675533333333334,0.0494
7653.0,49.6753,0.049405
7654.0,49.675066666666666,0.04941
7655.0,49.67483333333333,0.049415
7656.0,49.6746,0.04942
7657.0,49.674366666666664,0.049425
7658.0,49.67413333333333,0.04943
7659.0,49.673899999999996,0.049435
7660.0,49.67366666666666,0.04944
7661.0,49.67343333333333,0.049445
7662.0,49.673199999999994,0.04945
7663.0,49.67296666666667,0.049455
7664.0,49.67273333333333,0.04946
7665.0,49.6725,0.049465
7666.0,49.672266666666665,0.04947
7667.0,49.67203333333333,0.049475
7668.0,49.6718,0.04948
7669.0,49.67156666666666,0.049485
7670.0,49.67133333333333,0.04949
7671.0,49.671099999999996,0.049495
7672.0,49.67086666666666,0.0495
7673.0,49.67063333333333,0.049505
7674.0,49.6704,0.04951
7675.0,49.67016666666667,0.049515
7676.0,49.66993333333333,0.04952
7677.0,49.6697,0.049525
7678.0,49.669466666666665,0.04953
7679.0,49.66923333333333,0.049535
7680.0,49.669,0.04954
7681.0,49.673116666666665,0.04953933333333333
7682.0,49.677233333333334,0.04953866666666667
7683.0,49.681349999999995,0.049538
7684.0,49.68546666666666,0.049537333333333336
7685.0,49.68958333333333,0.049536666666666666
7686.0,49.6937,0.049536000000000004
7687.0,49.69781666666666,0.049535333333333334
7688.0,49.70193333333333,0.049534666666666664
7689.0,49.70605,0.049534
7690.0,49.710166666666666,0.04953333333333333
7691.0,49.71428333333333,0.04953266666666667
7692.0,49.718399999999995,0.049532
7693.0,49.722516666666664,0.04953133333333334
7694.0,49.72663333333333,0.04953066666666667
7695.0,49.73075,0.049530000000000005
7696.0,49.73486666666666,0.049529333333333335
7697.0,49.73898333333333,0.049528666666666665
7698.0,49.7431,0.049528
7699.0,49.74721666666667,0.04952733333333333
7700.0,49.75133333333333,0.04952666666666667
7701.0,49.755449999999996,0.049526
7702.0,49.759566666666665,0.04952533333333334
7703.0,49.76368333333333,0.04952466666666667
7704.0,49.767799999999994,0.049524
7705.0,49.77191666666666,0.049523333333333336
7706.0,49.77603333333333,0.049522666666666666
7707.0,49.78015,0.049522000000000004
7708.0,49.78426666666666,0.049521333333333334
7709.0,49.78838333333333,0.04952066666666667
7710.0,49.7925,0.04952
7711.0,49.796616666666665,0.04951933333333333
7712.0,49.80073333333333,0.04951866666666667
7713.0,49.804849999999995,0.049518
7714.0,49.80896666666666,0.04951733333333334
7715.0,49.81308333333333,0.04951666666666667
7716.0,49.8172,0.049516000000000004
7717.0,49.82131666666666,0.049515333333333335
7718.0,49.82543333333333,0.049514666666666665
7719.0,49.82955,0.049514
7720.0,49.833666666666666,0.04951333333333333
7721.0,49.83778333333333,0.04951266666666667
7722.0,49.841899999999995,0.049512
7723.0,49.846016666666664,0.04951133333333334
7724.0,49.85013333333333,0.04951066666666667
7725.0,49.85425,0.04951
7726.0,49.85836666666666,0.049509333333333336
7727.0,49.86248333333333,0.049508666666666666
7728.0,49.8666,0.049508
7729.0,49.87071666666667,0.049507333333333334
7730.0,49.87483333333333,0.04950666666666667
7731.0,49.878949999999996,0.049506
7732.0,49.883066666666664,0.04950533333333334
7733.0,49.88718333333333,0.04950466666666667
7734.0,49.891299999999994,0.049504
7735.0,49.89541666666666,0.04950333333333334
7736.0,49.89953333333333,0.04950266666666667
7737.0,49.90365,0.049502000000000004
7738.0,49.90776666666666,0.049501333333333335
7739.0,49.91188333333333,0.04950066666666667
7740.0,49.916,0.0495
7741.0,49.91263333333333,0.04949633333333334
7742.0,49.90926666666666,0.04949266666666667
7743.0,49.905899999999995,0.049489000000000005
7744.0,49.90253333333333,0.04948533333333333
7745.0,49.899166666666666,0.04948166666666667
7746.0,49.895799999999994,0.049478
7747.0,49.89243333333333,0.049474333333333335
7748.0,49.889066666666665,0.04947066666666667
7749.0,49.8857,0.049467000000000004
7750.0,49.88233333333333,0.04946333333333333
7751.0,49.87896666666666,0.049459666666666666
7752.0,49.8756,0.049456
7753.0,49.872233333333334,0.049452333333333334
7754.0,49.86886666666666,0.04944866666666667
7755.0,49.8655,0.049445
7756.0,49.86213333333333,0.04944133333333334
7757.0,49.85876666666666,0.049437666666666664
7758.0,49.855399999999996,0.049434
7759.0,49.85203333333333,0.04943033333333333
7760.0,49.84866666666667,0.04942666666666667
7761.0,49.845299999999995,0.049423
7762.0,49.84193333333333,0.049419333333333336
7763.0,49.838566666666665,0.04941566666666667
7764.0,49.8352,0.049412
7765.0,49.83183333333333,0.04940833333333333
7766.0,49.828466666666664,0.049404666666666666
7767.0,49.8251,0.049401
7768.0,49.821733333333334,0.049397333333333335
7769.0,49.81836666666666,0.04939366666666667
7770.0,49.815,0.04939
7771.0,49.81163333333333,0.04938633333333333
7772.0,49.80826666666666,0.049382666666666665
7773.0,49.804899999999996,0.049379
7774.0,49.80153333333333,0.049375333333333334
7775.0,49.79816666666667,0.04937166666666667
7776.0,49.794799999999995,0.049368
7777.0,49.79143333333333,0.04936433333333333
7778.0,49.788066666666666,0.049360666666666664
7779.0,49.7847,0.049357
7780.0,49.78133333333333,0.04935333333333333
7781.0,49.777966666666664,0.04934966666666667
7782.0,49.7746,0.049346
7783.0,49.771233333333335,0.049342333333333335
7784.0,49.76786666666666,0.04933866666666666
7785.0,49.7645,0.049335
7786.0,49.76113333333333,0.04933133333333333
7787.0,49.75776666666666,0.049327666666666665
7788.0,49.7544,0.049324
7789.0,49.75103333333333,0.049320333333333334
7790.0,49.74766666666667,0.04931666666666666
7791.0,49.744299999999996,0.049312999999999996
7792.0,49.74093333333333,0.04930933333333333
7793.0,49.737566666666666,0.049305666666666664
7794.0,49.7342,0.049302
7795.0,49.73083333333333,0.04929833333333333
7796.0,49.727466666666665,0.04929466666666667
7797.0,49.7241,0.049290999999999995
7798.0,49.720733333333335,0.04928733333333333
7799.0,49.71736666666666,0.04928366666666666
7800.0,49.714,0.04928
7801.0,49.720349999999996,0.04928116666666667
7802.0,49.7267,0.04928233333333333
7803.0,49.73305,0.049283499999999994
7804.0,49.739399999999996,0.049284666666666664
7805.0,49.74575,0.049285833333333334
7806.0,49.7521,0.049287
7807.0,49.758449999999996,0.04928816666666666
7808.0,49.7648,0.04928933333333333
7809.0,49.77115,0.0492905
7810.0,49.777499999999996,0.049291666666666664
7811.0,49.78385,0.04929283333333333
7812.0,49.7902,0.049294
7813.0,49.796549999999996,0.04929516666666667
7814.0,49.8029,0.04929633333333333
7815.0,49.80925,0.049297499999999994
7816.0,49.815599999999996,0.049298666666666664
7817.0,49.82195,0.049299833333333334
7818.0,49.8283,0.049301
7819.0,49.834649999999996,0.04930216666666666
7820.0,49.841,0.04930333333333333
7821.0,49.84735,0.0493045
7822.0,49.853699999999996,0.049305666666666664
7823.0,49.86005,0.04930683333333333
7824.0,49.8664,0.049308
7825.0,49.872749999999996,0.04930916666666667
7826.0,49.8791,0.04931033333333333
7827.0,49.88545,0.049311499999999994
7828.0,49.891799999999996,0.049312666666666664
7829.0,49.89815,0.049313833333333335
7830.0,49.9045,0.049315
7831.0,49.910849999999996,0.04931616666666666
7832.0,49.9172,0.04931733333333333
7833.0,49.92355,0.0493185
7834.0,49.929899999999996,0.049319666666666664
7835.0,49.93625,0.04932083333333333
7836.0,49.9426,0.049322
7837.0,49.948949999999996,0.04932316666666667
7838.0,49.9553,0.04932433333333333
7839.0,49.96165,0.049325499999999994
7840.0,49.967999999999996,0.049326666666666664
7841.0,49.97435,0.049327833333333335
7842.0,49.9807,0.049329
7843.0,49.987049999999996,0.04933016666666666
7844.0,49.9934,0.04933133333333333
7845.0,49.99975,0.0493325
7846.0,50.006099999999996,0.049333666666666665
7847.0,50.01245,0.04933483333333333
7848.0,50.0188,0.049336
7849.0,50.02515,0.04933716666666667
7850.0,50.0315,0.04933833333333333
7851.0,50.03785,0.049339499999999994
7852.0,50.0442,0.049340666666666665
7853.0,50.05055,0.049341833333333335
7854.0,50.0569,0.049343
7855.0,50.06325,0.04934416666666666
7856.0,50.0696,0.04934533333333333
7857.0,50.07595,0.0493465
7858.0,50.0823,0.049347666666666665
7859.0,50.08865,0.04934883333333333
7860.0,50.095,0.04935
7861.0,50.09223333333333,0.04934983333333333
7862.0,50.08946666666667,0.04934966666666667
7863.0,50.0867,0.0493495
7864.0,50.083933333333334,0.04934933333333333
7865.0,50.08116666666667,0.049349166666666666
7866.0,50.0784,0.049349
7867.0,50.075633333333336,0.049348833333333335
7868.0,50.07286666666666,0.049348666666666666
7869.0,50.0701,0.0493485
7870.0,50.06733333333333,0.049348333333333334
7871.0,50.064566666666664,0.049348166666666665
7872.0,50.0618,0.049347999999999996
7873.0,50.05903333333333,0.049347833333333334
7874.0,50.056266666666666,0.049347666666666665
7875.0,50.0535,0.0493475
7876.0,50.05073333333333,0.04934733333333333
7877.0,50.04796666666667,0.049347166666666664
7878.0,50.0452,0.049347
7879.0,50.042433333333335,0.04934683333333333
7880.0,50.03966666666667,0.049346666666666664
7881.0,50.0369,0.0493465
7882.0,50.03413333333334,0.04934633333333333
7883.0,50.03136666666666,0.04934616666666666
7884.0,50.0286,0.049346
7885.0,50.02583333333333,0.04934583333333333
7886.0,50.023066666666665,0.04934566666666667
7887.0,50.0203,0.0493455
7888.0,50.01753333333333,0.04934533333333333
7889.0,50.01476666666667,0.04934516666666667
7890.0,50.012,0.049345
7891.0,50.009233333333334,0.04934483333333333
7892.0,50.00646666666667,0.04934466666666667
7893.0,50.0037,0.0493445
7894.0,50.000933333333336,0.04934433333333333
7895.0,49.99816666666667,0.04934416666666667
7896.0,49.995400000000004,0.049344
7897.0,49.99263333333334,0.04934383333333334
7898.0,49.989866666666664,0.04934366666666667
7899.0,49.9871,0.0493435
7900.0,49.98433333333333,0.049343333333333336
7901.0,49.981566666666666,0.04934316666666667
7902.0,49.9788,0.049343
7903.0,49.97603333333333,0.049342833333333336
7904.0,49.97326666666667,0.04934266666666667
7905.0,49.9705,0.0493425
7906.0,49.967733333333335,0.049342333333333335
7907.0,49.96496666666667,0.049342166666666666
7908.0,49.9622,0.049342000000000004
7909.0,49.95943333333334,0.049341833333333335
7910.0,49.95666666666667,0.049341666666666666
7911.0,49.953900000000004,0.0493415
7912.0,49.95113333333334,0.049341333333333334
7913.0,49.948366666666665,0.049341166666666665
7914.0,49.9456,0.049341
7915.0,49.94283333333333,0.049340833333333334
7916.0,49.94006666666667,0.04934066666666667
7917.0,49.9373,0.0493405
7918.0,49.934533333333334,0.04934033333333333
7919.0,49.93176666666667,0.04934016666666667
7920.0,49.929,0.04934
7921.0,49.92713333333334,0.04933916666666667
7922.0,49.925266666666666,0.04933833333333334
7923.0,49.9234,0.0493375
7924.0,49.921533333333336,0.04933666666666667
7925.0,49.91966666666667,0.049335833333333336
7926.0,49.9178,0.049335000000000004
7927.0,49.915933333333335,0.049334166666666665
7928.0,49.91406666666667,0.04933333333333333
7929.0,49.9122,0.0493325
7930.0,49.910333333333334,0.04933166666666667
7931.0,49.90846666666667,0.04933083333333334
7932.0,49.906600000000005,0.04933
7933.0,49.90473333333333,0.04932916666666667
7934.0,49.90286666666667,0.049328333333333335
7935.0,49.901,0.0493275
7936.0,49.89913333333333,0.04932666666666667
7937.0,49.89726666666667,0.04932583333333333
7938.0,49.8954,0.049325
7939.0,49.89353333333334,0.04932416666666667
7940.0,49.891666666666666,0.04932333333333334
7941.0,49.8898,0.0493225
7942.0,49.887933333333336,0.049321666666666666
7943.0,49.886066666666665,0.049320833333333335
7944.0,49.8842,0.04932
7945.0,49.882333333333335,0.04931916666666667
7946.0,49.88046666666667,0.04931833333333333
7947.0,49.8786,0.0493175
7948.0,49.876733333333334,0.04931666666666667
7949.0,49.87486666666667,0.049315833333333337
7950.0,49.873000000000005,0.049315
7951.0,49.87113333333333,0.049314166666666666
7952.0,49.86926666666667,0.049313333333333334
7953.0,49.8674,0.0493125
7954.0,49.86553333333333,0.04931166666666667
7955.0,49.86366666666667,0.04931083333333333
7956.0,49.8618,0.04931
7957.0,49.85993333333334,0.04930916666666667
7958.0,49.858066666666666,0.049308333333333336
7959.0,49.8562,0.049307500000000004
7960.0,49.85433333333334,0.049306666666666665
7961.0,49.852466666666665,0.04930583333333333
7962.0,49.8506,0.049305
7963.0,49.848733333333335,0.04930416666666667
7964.0,49.84686666666667,0.04930333333333333
7965.0,49.845,0.0493025
7966.0,49.843133333333334,0.04930166666666667
7967.0,49.84126666666667,0.049300833333333335
7968.0,49.8394,0.049300000000000004
7969.0,49.83753333333333,0.049299166666666665
7970.0,49.83566666666667,0.04929833333333333
7971.0,49.833800000000004,0.0492975
7972.0,49.83193333333333,0.04929666666666667
7973.0,49.83006666666667,0.04929583333333334
7974.0,49.8282,0.049295
7975.0,49.82633333333333,0.04929416666666667
7976.0,49.824466666666666,0.049293333333333335
7977.0,49.8226,0.0492925
7978.0,49.82073333333334,0.049291666666666664
7979.0,49.818866666666665,0.04929083333333333
7980.0,49.817,0.04929
7981.0,49.8191,0.04929016666666667
7982.0,49.8212,0.04929033333333333
7983.0,49.8233,0.0492905
7984.0,49.8254,0.04929066666666667
7985.0,49.8275,0.04929083333333333
7986.0,49.8296,0.049291
7987.0,49.8317,0.049291166666666664
7988.0,49.8338,0.04929133333333333
7989.0,49.8359,0.0492915
7990.0,49.838,0.049291666666666664
7991.0,49.8401,0.04929183333333333
7992.0,49.8422,0.049292
7993.0,49.8443,0.049292166666666665
7994.0,49.8464,0.049292333333333334
7995.0,49.8485,0.0492925
7996.0,49.8506,0.049292666666666665
7997.0,49.8527,0.049292833333333334
7998.0,49.8548,0.049293
7999.0,49.856899999999996,0.049293166666666666
8000.0,49.859,0.049293333333333335
8001.0,49.8611,0.0492935
8002.0,49.8632,0.049293666666666666
8003.0,49.8653,0.049293833333333335
8004.0,49.867399999999996,0.049294
8005.0,49.8695,0.04929416666666667
8006.0,49.8716,0.04929433333333333
8007.0,49.8737,0.0492945
8008.0,49.8758,0.04929466666666667
8009.0,49.8779,0.04929483333333333
8010.0,49.879999999999995,0.049295
8011.0,49.8821,0.04929516666666667
8012.0,49.8842,0.04929533333333333
8013.0,49.8863,0.0492955
8014.0,49.8884,0.04929566666666667
8015.0,49.890499999999996,0.04929583333333333
8016.0,49.8926,0.049296
8017.0,49.8947,0.04929616666666666
8018.0,49.8968,0.04929633333333333
8019.0,49.8989,0.0492965
8020.0,49.900999999999996,0.04929666666666666
8021.0,49.9031,0.04929683333333333
8022.0,49.9052,0.049297
8023.0,49.9073,0.04929716666666666
8024.0,49.9094,0.04929733333333333
8025.0,49.9115,0.0492975
8026.0,49.913599999999995,0.04929766666666666
8027.0,49.9157,0.04929783333333333
8028.0,49.9178,0.049297999999999995
8029.0,49.9199,0.049298166666666664
8030.0,49.922,0.04929833333333333
8031.0,49.924099999999996,0.049298499999999995
8032.0,49.9262,0.049298666666666664
8033.0,49.9283,0.04929883333333333
8034.0,49.9304,0.049298999999999996
8035.0,49.9325,0.049299166666666665
8036.0,49.934599999999996,0.04929933333333333
8037.0,49.936699999999995,0.049299499999999996
8038.0,49.9388,0.049299666666666665
8039.0,49.9409,0.04929983333333333
8040.0,49.943,0.0493
8041.0,49.93835,0.04930683333333333
8042.0,49.933699999999995,0.049313666666666665
8043.0,49.92905,0.049320499999999996
8044.0,49.9244,0.04932733333333333
8045.0,49.91975,0.049334166666666665
8046.0,49.915099999999995,0.049340999999999996
8047.0,49.91045,0.04934783333333333
8048.0,49.9058,0.049354666666666665
8049.0,49.90115,0.049361499999999996
8050.0,49.896499999999996,0.049368333333333334
8051.0,49.89185,0.049375166666666664
8052.0,49.8872,0.049381999999999995
8053.0,49.88255,0.04938883333333333
8054.0,49.8779,0.049395666666666664
8055.0,49.87325,0.049402499999999995
8056.0,49.8686,0.04940933333333333
8057.0,49.863949999999996,0.049416166666666664
8058.0,49.8593,0.049422999999999995
8059.0,49.85465,0.04942983333333333
8060.0,49.85,0.049436666666666663
8061.0,49.845349999999996,0.049443499999999994
8062.0,49.8407,0.04945033333333333
8063.0,49.83605,0.04945716666666666
8064.0,49.8314,0.049463999999999994
8065.0,49.82675,0.04947083333333333
8066.0,49.8221,0.04947766666666666
8067.0,49.81745,0.049484499999999994
8068.0,49.8128,0.04949133333333333
8069.0,49.80815,0.04949816666666666
8070.0,49.8035,0.04950499999999999
8071.0,49.79885,0.04951183333333333
8072.0,49.7942,0.04951866666666666
8073.0,49.78955,0.0495255
8074.0,49.7849,0.04953233333333333
8075.0,49.78025,0.04953916666666666
8076.0,49.7756,0.049546
8077.0,49.77095,0.04955283333333333
8078.0,49.7663,0.04955966666666666
8079.0,49.76165,0.0495665
8080.0,49.757,0.04957333333333333
8081.0,49.75235,0.04958016666666666
8082.0,49.7477,0.049587
8083.0,49.743050000000004,0.04959383333333333
8084.0,49.7384,0.04960066666666666
8085.0,49.73375,0.0496075
8086.0,49.7291,0.04961433333333333
8087.0,49.72445,0.04962116666666666
8088.0,49.7198,0.049628
8089.0,49.71515,0.04963483333333333
8090.0,49.7105,0.04964166666666667
8091.0,49.70585,0.0496485
8092.0,49.7012,0.04965533333333333
8093.0,49.69655,0.04966216666666667
8094.0,49.691900000000004,0.049669
8095.0,49.68725,0.04967583333333333
8096.0,49.6826,0.04968266666666667
8097.0,49.67795,0.0496895
8098.0,49.673300000000005,0.04969633333333333
8099.0,49.66865,0.049703166666666666
8100.0,49.664,0.04971
8101.0,49.67185,0.04970616666666666
8102.0,49.679700000000004,0.04970233333333333
8103.0,49.68755,0.0496985
8104.0,49.6954,0.049694666666666665
8105.0,49.703250000000004,0.04969083333333333
8106.0,49.7111,0.049686999999999995
8107.0,49.71895,0.04968316666666667
8108.0,49.726800000000004,0.04967933333333333
8109.0,49.73465,0.0496755
8110.0,49.7425,0.04967166666666666
8111.0,49.75035,0.049667833333333335
8112.0,49.7582,0.049664
8113.0,49.76605,0.049660166666666665
8114.0,49.7739,0.04965633333333333
8115.0,49.78175,0.049652499999999995
8116.0,49.7896,0.04964866666666667
8117.0,49.79745,0.04964483333333333
8118.0,49.8053,0.049641
8119.0,49.81315,0.04963716666666666
8120.0,49.821,0.049633333333333335
8121.0,49.82885,0.0496295
8122.0,49.8367,0.049625666666666665
8123.0,49.84455,0.04962183333333333
8124.0,49.8524,0.049618
8125.0,49.86025,0.04961416666666667
8126.0,49.8681,0.04961033333333333
8127.0,49.87595,0.0496065
8128.0,49.8838,0.04960266666666667
8129.0,49.89165,0.049598833333333335
8130.0,49.8995,0.049595
8131.0,49.90735,0.049591166666666665
8132.0,49.9152,0.04958733333333333
8133.0,49.923049999999996,0.0495835
8134.0,49.9309,0.04957966666666667
8135.0,49.93875,0.04957583333333333
8136.0,49.9466,0.049572
8137.0,49.95445,0.04956816666666667
8138.0,49.9623,0.049564333333333335
8139.0,49.97015,0.0495605
8140.0,49.978,0.049556666666666666
8141.0,49.98585,0.04955283333333334
8142.0,49.9937,0.049549
8143.0,50.00155,0.04954516666666667
8144.0,50.0094,0.04954133333333333
8145.0,50.01725,0.0495375
8146.0,50.0251,0.04953366666666667
8147.0,50.03295,0.049529833333333335
8148.0,50.0408,0.049526
8149.0,50.04865,0.049522166666666666
8150.0,50.0565,0.04951833333333334
8151.0,50.06435,0.0495145
8152.0,50.072199999999995,0.04951066666666667
8153.0,50.08005,0.04950683333333333
8154.0,50.0879,0.049503000000000005
8155.0,50.095749999999995,0.04949916666666667
8156.0,50.1036,0.049495333333333336
8157.0,50.11145,0.0494915
8158.0,50.119299999999996,0.04948766666666667
8159.0,50.12715,0.04948383333333334
8160.0,50.135,0.04948
8161.0,50.131116666666664,0.049479833333333334
8162.0,50.12723333333333,0.04947966666666667
8163.0,50.123349999999995,0.0494795
8164.0,50.11946666666667,0.049479333333333334
8165.0,50.11558333333333,0.04947916666666667
8166.0,50.1117,0.049479
8167.0,50.107816666666665,0.04947883333333333
8168.0,50.10393333333333,0.04947866666666667
8169.0,50.100049999999996,0.0494785
8170.0,50.09616666666666,0.04947833333333333
8171.0,50.092283333333334,0.04947816666666667
8172.0,50.0884,0.049478
8173.0,50.084516666666666,0.04947783333333334
8174.0,50.08063333333333,0.04947766666666667
8175.0,50.07675,0.0494775
8176.0,50.07286666666666,0.04947733333333334
8177.0,50.068983333333335,0.04947716666666667
8178.0,50.0651,0.049477
8179.0,50.06121666666667,0.04947683333333334
8180.0,50.05733333333333,0.04947666666666667
8181.0,50.05345,0.0494765
8182.0,50.049566666666664,0.04947633333333334
8183.0,50.04568333333333,0.04947616666666667
8184.0,50.0418,0.049476
8185.0,50.03791666666667,0.04947583333333334
8186.0,50.03403333333333,0.04947566666666667
8187.0,50.03015,0.0494755
8188.0,50.026266666666665,0.049475333333333336
8189.0,50.02238333333333,0.04947516666666667
8190.0,50.0185,0.049475000000000005
8191.0,50.01461666666667,0.049474833333333336
8192.0,50.010733333333334,0.04947466666666667
8193.0,50.00685,0.049474500000000005
8194.0,50.002966666666666,0.049474333333333335
8195.0,49.99908333333333,0.049474166666666666
8196.0,49.9952,0.049474000000000004
8197.0,49.99131666666667,0.049473833333333335
8198.0,49.987433333333335,0.049473666666666666
8199.0,49.98355,0.049473500000000004
8200.0,49.97966666666667,0.049473333333333334
8201.0,49.97578333333333,0.049473166666666665
8202.0,49.9719,0.049473
8203.0,49.968016666666664,0.049472833333333334
8204.0,49.964133333333336,0.049472666666666665
8205.0,49.96025,0.0494725
8206.0,49.95636666666667,0.04947233333333333
8207.0,49.95248333333333,0.049472166666666664
8208.0,49.9486,0.049472
8209.0,49.944716666666665,0.04947183333333333
8210.0,49.94083333333333,0.049471666666666664
8211.0,49.93695,0.0494715
8212.0,49.93306666666667,0.04947133333333333
8213.0,49.929183333333334,0.04947116666666667
8214.0,49.9253,0.049471
8215.0,49.921416666666666,0.04947083333333333
8216.0,49.91753333333333,0.04947066666666667
8217.0,49.913650000000004,0.0494705
8218.0,49.90976666666667,0.04947033333333333
8219.0,49.905883333333335,0.04947016666666667
8220.0,49.902,0.04947
8221.0,49.90456666666667,0.049473166666666665
8222.0,49.907133333333334,0.04947633333333333
8223.0,49.9097,0.0494795
8224.0,49.91226666666667,0.04948266666666667
8225.0,49.914833333333334,0.04948583333333333
8226.0,49.9174,0.049489
8227.0,49.91996666666667,0.04949216666666667
8228.0,49.922533333333334,0.049495333333333336
8229.0,49.9251,0.0494985
8230.0,49.92766666666667,0.049501666666666666
8231.0,49.930233333333334,0.04950483333333333
8232.0,49.9328,0.049508
8233.0,49.93536666666667,0.04951116666666667
8234.0,49.93793333333333,0.049514333333333334
8235.0,49.9405,0.0495175
8236.0,49.94306666666667,0.049520666666666664
8237.0,49.94563333333333,0.049523833333333336
8238.0,49.9482,0.049527
8239.0,49.95076666666667,0.04953016666666667
8240.0,49.95333333333333,0.04953333333333333
8241.0,49.9559,0.049536500000000004
8242.0,49.958466666666666,0.04953966666666667
8243.0,49.96103333333333,0.049542833333333335
8244.0,49.9636,0.049546
8245.0,49.966166666666666,0.049549166666666665
8246.0,49.96873333333333,0.04955233333333334
8247.0,49.9713,0.0495555
8248.0,49.973866666666666,0.04955866666666667
8249.0,49.97643333333333,0.04956183333333333
8250.0,49.979,0.049565
8251.0,49.981566666666666,0.04956816666666667
8252.0,49.98413333333333,0.049571333333333335
8253.0,49.9867,0.0495745
8254.0,49.989266666666666,0.049577666666666666
8255.0,49.99183333333333,0.04958083333333334
8256.0,49.9944,0.049584
8257.0,49.996966666666665,0.04958716666666667
8258.0,49.99953333333333,0.049590333333333333
8259.0,50.0021,0.0495935
8260.0,50.004666666666665,0.04959666666666667
8261.0,50.00723333333333,0.049599833333333336
8262.0,50.0098,0.049603
8263.0,50.012366666666665,0.049606166666666666
8264.0,50.01493333333333,0.04960933333333334
8265.0,50.0175,0.049612500000000004
8266.0,50.020066666666665,0.04961566666666667
8267.0,50.02263333333333,0.049618833333333334
8268.0,50.0252,0.049622
8269.0,50.027766666666665,0.04962516666666667
8270.0,50.03033333333333,0.04962833333333334
8271.0,50.0329,0.0496315
8272.0,50.035466666666665,0.04963466666666667
8273.0,50.03803333333333,0.04963783333333333
8274.0,50.0406,0.049641000000000005
8275.0,50.043166666666664,0.04964416666666667
8276.0,50.04573333333333,0.049647333333333335
8277.0,50.0483,0.0496505
8278.0,50.050866666666664,0.04965366666666667
8279.0,50.05343333333333,0.04965683333333334
8280.0,50.056,0.04966
8281.0,50.05023333333333,0.04965883333333333
8282.0,50.044466666666665,0.04965766666666667
8283.0,50.0387,0.049656500000000006
8284.0,50.03293333333333,0.049655333333333336
8285.0,50.027166666666666,0.049654166666666666
8286.0,50.0214,0.049653
8287.0,50.015633333333334,0.04965183333333334
8288.0,50.00986666666667,0.04965066666666667
8289.0,50.0041,0.0496495
8290.0,49.998333333333335,0.049648333333333336
8291.0,49.99256666666666,0.04964716666666667
8292.0,49.986799999999995,0.049646
8293.0,49.98103333333333,0.04964483333333333
8294.0,49.97526666666666,0.04964366666666667
8295.0,49.9695,0.049642500000000006
8296.0,49.96373333333333,0.049641333333333336
8297.0,49.957966666666664,0.049640166666666666
8298.0,49.9522,0.049639
8299.0,49.94643333333333,0.04963783333333334
8300.0,49.940666666666665,0.04963666666666667
8301.0,49.9349,0.0496355
8302.0,49.92913333333333,0.049634333333333336
8303.0,49.923366666666666,0.04963316666666667
8304.0,49.9176,0.049632
8305.0,49.911833333333334,0.04963083333333333
8306.0,49.90606666666667,0.04962966666666667
8307.0,49.9003,0.049628500000000006
8308.0,49.894533333333335,0.049627333333333336
8309.0,49.88876666666667,0.049626166666666666
8310.0,49.882999999999996,0.049625
8311.0,49.87723333333333,0.04962383333333334
8312.0,49.87146666666666,0.04962266666666667
8313.0,49.8657,0.0496215
8314.0,49.85993333333333,0.049620333333333336
8315.0,49.854166666666664,0.04961916666666667
8316.0,49.8484,0.049618
8317.0,49.84263333333333,0.04961683333333333
8318.0,49.836866666666666,0.04961566666666667
8319.0,49.8311,0.049614500000000006
8320.0,49.82533333333333,0.049613333333333336
8321.0,49.81956666666667,0.049612166666666666
8322.0,49.8138,0.049611
8323.0,49.808033333333334,0.04960983333333334
8324.0,49.80226666666667,0.04960866666666667
8325.0,49.7965,0.0496075
8326.0,49.790733333333336,0.049606333333333336
8327.0,49.78496666666667,0.04960516666666667
8328.0,49.7792,0.049604
8329.0,49.77343333333334,0.04960283333333333
8330.0,49.76766666666667,0.04960166666666667
8331.0,49.7619,0.049600500000000006
8332.0,49.75613333333333,0.049599333333333336
8333.0,49.750366666666665,0.049598166666666665
8334.0,49.7446,0.049597
8335.0,49.73883333333333,0.04959583333333334
8336.0,49.733066666666666,0.04959466666666667
8337.0,49.7273,0.0495935
8338.0,49.72153333333333,0.049592333333333335
8339.0,49.71576666666667,0.04959116666666667
8340.0,49.71,0.04959
8341.0,49.71341666666667,0.0495935
8342.0,49.716833333333334,0.049597
8343.0,49.72025,0.0496005
8344.0,49.72366666666667,0.049604
8345.0,49.72708333333333,0.0496075
8346.0,49.7305,0.049611
8347.0,49.733916666666666,0.0496145
8348.0,49.73733333333333,0.049618
8349.0,49.74075,0.0496215
8350.0,49.744166666666665,0.049625
8351.0,49.74758333333333,0.0496285
8352.0,49.751,0.049632
8353.0,49.754416666666664,0.0496355
8354.0,49.75783333333333,0.049639
8355.0,49.761250000000004,0.0496425
8356.0,49.76466666666667,0.049646
8357.0,49.76808333333334,0.0496495
8358.0,49.7715,0.049653
8359.0,49.77491666666667,0.0496565
8360.0,49.778333333333336,0.04966
8361.0,49.78175,0.0496635
8362.0,49.78516666666667,0.049667
8363.0,49.788583333333335,0.0496705
8364.0,49.792,0.049674
8365.0,49.79541666666667,0.0496775
8366.0,49.798833333333334,0.049681
8367.0,49.80225,0.0496845
8368.0,49.80566666666667,0.049688
8369.0,49.809083333333334,0.0496915
8370.0,49.8125,0.049695
8371.0,49.815916666666666,0.0496985
8372.0,49.81933333333333,0.049701999999999996
8373.0,49.82275,0.0497055
8374.0,49.826166666666666,0.049708999999999996
8375.0,49.82958333333333,0.0497125
8376.0,49.833,0.049715999999999996
8377.0,49.836416666666665,0.0497195
8378.0,49.83983333333333,0.049722999999999996
8379.0,49.84325,0.0497265
8380.0,49.846666666666664,0.049729999999999996
8381.0,49.85008333333333,0.0497335
8382.0,49.8535,0.049736999999999996
8383.0,49.85691666666666,0.0497405
8384.0,49.86033333333333,0.049744
8385.0,49.863749999999996,0.0497475
8386.0,49.86716666666667,0.049751
8387.0,49.870583333333336,0.0497545
8388.0,49.874,0.049758
8389.0,49.87741666666667,0.0497615
8390.0,49.880833333333335,0.049765
8391.0,49.88425,0.0497685
8392.0,49.88766666666667,0.049772
8393.0,49.891083333333334,0.0497755
8394.0,49.8945,0.049779
8395.0,49.89791666666667,0.0497825
8396.0,49.90133333333333,0.049786
8397.0,49.90475,0.0497895
8398.0,49.908166666666666,0.049793
8399.0,49.91158333333333,0.0497965
8400.0,49.915,0.0498
8401.0,49.915083333333335,0.049798833333333334
8402.0,49.915166666666664,0.049797666666666664
8403.0,49.91525,0.0497965
8404.0,49.91533333333333,0.04979533333333333
8405.0,49.915416666666665,0.04979416666666667
8406.0,49.9155,0.049793
8407.0,49.91558333333333,0.049791833333333334
8408.0,49.91566666666667,0.049790666666666664
8409.0,49.91575,0.0497895
8410.0,49.91583333333333,0.04978833333333333
8411.0,49.91591666666667,0.04978716666666667
8412.0,49.916,0.049786
8413.0,49.91608333333333,0.049784833333333334
8414.0,49.91616666666667,0.049783666666666664
8415.0,49.91625,0.0497825
8416.0,49.916333333333334,0.04978133333333333
8417.0,49.91641666666666,0.04978016666666667
8418.0,49.9165,0.049779
8419.0,49.916583333333335,0.049777833333333334
8420.0,49.916666666666664,0.049776666666666664
8421.0,49.91675,0.0497755
8422.0,49.91683333333334,0.04977433333333333
8423.0,49.916916666666665,0.04977316666666667
8424.0,49.917,0.049772
8425.0,49.91708333333333,0.049770833333333334
8426.0,49.91716666666667,0.04976966666666666
8427.0,49.91725,0.0497685
8428.0,49.91733333333333,0.04976733333333333
8429.0,49.91741666666667,0.04976616666666667
8430.0,49.917500000000004,0.049765000000000004
8431.0,49.91758333333333,0.049763833333333334
8432.0,49.91766666666667,0.04976266666666667
8433.0,49.91775,0.0497615
8434.0,49.917833333333334,0.04976033333333334
8435.0,49.91791666666667,0.04975916666666667
8436.0,49.918,0.049758000000000004
8437.0,49.918083333333335,0.04975683333333333
8438.0,49.918166666666664,0.04975566666666667
8439.0,49.91825,0.0497545
8440.0,49.91833333333334,0.04975333333333334
8441.0,49.918416666666666,0.04975216666666667
8442.0,49.9185,0.049751000000000004
8443.0,49.91858333333334,0.04974983333333333
8444.0,49.91866666666667,0.04974866666666667
8445.0,49.91875,0.0497475
8446.0,49.91883333333333,0.04974633333333334
8447.0,49.91891666666667,0.04974516666666667
8448.0,49.919000000000004,0.049744000000000003
8449.0,49.91908333333333,0.04974283333333333
8450.0,49.91916666666667,0.04974166666666667
8451.0,49.91925,0.0497405
8452.0,49.919333333333334,0.04973933333333334
8453.0,49.91941666666667,0.04973816666666667
8454.0,49.9195,0.049737
8455.0,49.919583333333335,0.04973583333333333
8456.0,49.91966666666667,0.04973466666666667
8457.0,49.91975,0.0497335
8458.0,49.91983333333334,0.04973233333333334
8459.0,49.919916666666666,0.04973116666666667
8460.0,49.92,0.04973
8461.0,49.92378333333333,0.04972783333333334
8462.0,49.92756666666667,0.04972566666666667
8463.0,49.93135,0.049723500000000004
8464.0,49.93513333333333,0.04972133333333334
8465.0,49.93891666666667,0.04971916666666667
8466.0,49.9427,0.049717000000000004
8467.0,49.94648333333333,0.04971483333333333
8468.0,49.95026666666667,0.04971266666666667
8469.0,49.95405,0.049710500000000005
8470.0,49.95783333333333,0.049708333333333334
8471.0,49.961616666666664,0.04970616666666667
8472.0,49.9654,0.049704000000000005
8473.0,49.96918333333333,0.049701833333333334
8474.0,49.972966666666665,0.04969966666666667
8475.0,49.97675,0.049697500000000006
8476.0,49.980533333333334,0.049695333333333334
8477.0,49.984316666666665,0.04969316666666667
8478.0,49.9881,0.049691
8479.0,49.991883333333334,0.049688833333333335
8480.0,49.995666666666665,0.04968666666666667
8481.0,49.99945,0.0496845
8482.0,50.003233333333334,0.049682333333333335
8483.0,50.007016666666665,0.04968016666666667
8484.0,50.0108,0.049678
8485.0,50.014583333333334,0.049675833333333336
8486.0,50.018366666666665,0.049673666666666665
8487.0,50.02215,0.0496715
8488.0,50.025933333333334,0.049669333333333336
8489.0,50.029716666666666,0.049667166666666665
8490.0,50.033500000000004,0.049665
8491.0,50.037283333333335,0.04966283333333334
8492.0,50.041066666666666,0.049660666666666665
8493.0,50.04485,0.0496585
8494.0,50.048633333333335,0.04965633333333334
8495.0,50.052416666666666,0.049654166666666666
8496.0,50.0562,0.049652
8497.0,50.059983333333335,0.04964983333333333
8498.0,50.063766666666666,0.049647666666666666
8499.0,50.06755,0.0496455
8500.0,50.071333333333335,0.04964333333333333
8501.0,50.075116666666666,0.04964116666666667
8502.0,50.0789,0.049639
8503.0,50.082683333333335,0.04963683333333333
8504.0,50.08646666666667,0.04963466666666667
8505.0,50.09025,0.0496325
8506.0,50.094033333333336,0.04963033333333333
8507.0,50.09781666666667,0.04962816666666667
8508.0,50.1016,0.049625999999999997
8509.0,50.105383333333336,0.04962383333333333
8510.0,50.10916666666667,0.04962166666666667
8511.0,50.11295,0.0496195
8512.0,50.11673333333333,0.04961733333333333
8513.0,50.12051666666667,0.04961516666666667
8514.0,50.1243,0.049613
8515.0,50.12808333333333,0.04961083333333333
8516.0,50.13186666666667,0.04960866666666666
8517.0,50.13565,0.0496065
8518.0,50.13943333333333,0.049604333333333334
8519.0,50.14321666666667,0.04960216666666666
8520.0,50.147,0.0496
8521.0,50.144,0.04959933333333333
8522.0,50.141,0.049598666666666666
8523.0,50.138,0.049597999999999996
8524.0,50.135,0.049597333333333334
8525.0,50.132,0.049596666666666664
8526.0,50.129,0.049596
8527.0,50.126,0.04959533333333333
8528.0,50.123,0.04959466666666666
8529.0,50.12,0.049594
8530.0,50.117,0.04959333333333333
8531.0,50.114,0.04959266666666667
8532.0,50.111,0.049592
8533.0,50.108,0.049591333333333334
8534.0,50.105,0.049590666666666665
8535.0,50.102,0.049589999999999995
8536.0,50.099,0.04958933333333333
8537.0,50.096,0.04958866666666666
8538.0,50.092999999999996,0.049588
8539.0,50.089999999999996,0.04958733333333333
8540.0,50.086999999999996,0.04958666666666667
8541.0,50.083999999999996,0.049586
8542.0,50.080999999999996,0.049585333333333335
8543.0,50.077999999999996,0.049584666666666666
8544.0,50.074999999999996,0.049583999999999996
8545.0,50.071999999999996,0.04958333333333333
8546.0,50.068999999999996,0.049582666666666664
8547.0,50.065999999999995,0.049582
8548.0,50.062999999999995,0.04958133333333333
8549.0,50.059999999999995,0.04958066666666667
8550.0,50.057,0.04958
8551.0,50.054,0.04957933333333333
8552.0,50.051,0.04957866666666667
8553.0,50.048,0.049578
8554.0,50.045,0.049577333333333334
8555.0,50.042,0.049576666666666665
8556.0,50.039,0.049576
8557.0,50.036,0.04957533333333333
8558.0,50.033,0.04957466666666666
8559.0,50.03,0.049574
8560.0,50.027,0.04957333333333333
8561.0,50.024,0.04957266666666667
8562.0,50.021,0.049572
8563.0,50.018,0.049571333333333335
8564.0,50.015,0.049570666666666666
8565.0,50.012,0.04957
8566.0,50.009,0.04956933333333333
8567.0,50.006,0.049568666666666664
8568.0,50.003,0.049568
8569.0,50.0,0.04956733333333333
8570.0,49.997,0.04956666666666667
8571.0,49.994,0.049566
8572.0,49.991,0.049565333333333336
8573.0,49.988,0.04956466666666667
8574.0,49.985,0.049564
8575.0,49.982,0.049563333333333334
8576.0,49.979,0.049562666666666665
8577.0,49.976,0.049562
8578.0,49.973,0.04956133333333333
8579.0,49.97,0.04956066666666667
8580.0,49.967,0.04956
8581.0,49.966233333333335,0.049565333333333336
8582.0,49.965466666666664,0.049570666666666666
8583.0,49.9647,0.049576
8584.0,49.96393333333333,0.04958133333333333
8585.0,49.963166666666666,0.04958666666666667
8586.0,49.9624,0.049592
8587.0,49.96163333333333,0.049597333333333334
8588.0,49.96086666666667,0.04960266666666667
8589.0,49.9601,0.049608
8590.0,49.95933333333333,0.049613333333333336
8591.0,49.95856666666666,0.049618666666666665
8592.0,49.9578,0.049624
8593.0,49.957033333333335,0.04962933333333333
8594.0,49.956266666666664,0.04963466666666667
8595.0,49.9555,0.049640000000000004
8596.0,49.95473333333333,0.04964533333333333
8597.0,49.953966666666666,0.04965066666666667
8598.0,49.953199999999995,0.049656
8599.0,49.95243333333333,0.049661333333333335
8600.0,49.95166666666667,0.049666666666666665
8601.0,49.9509,0.049672
8602.0,49.95013333333333,0.04967733333333333
8603.0,49.94936666666666,0.04968266666666667
8604.0,49.9486,0.049688
8605.0,49.947833333333335,0.04969333333333333
8606.0,49.947066666666665,0.04969866666666667
8607.0,49.9463,0.049704
8608.0,49.94553333333333,0.049709333333333335
8609.0,49.944766666666666,0.049714666666666664
8610.0,49.944,0.04972
8611.0,49.94323333333333,0.04972533333333334
8612.0,49.94246666666667,0.049730666666666666
8613.0,49.9417,0.049736
8614.0,49.940933333333334,0.04974133333333333
8615.0,49.94016666666666,0.04974666666666667
8616.0,49.9394,0.049752
8617.0,49.938633333333335,0.049757333333333334
8618.0,49.937866666666665,0.04976266666666667
8619.0,49.9371,0.049768
8620.0,49.93633333333333,0.049773333333333336
8621.0,49.935566666666666,0.049778666666666666
8622.0,49.934799999999996,0.049784
8623.0,49.93403333333333,0.04978933333333333
8624.0,49.93326666666667,0.04979466666666667
8625.0,49.9325,0.0498
8626.0,49.931733333333334,0.04980533333333333
8627.0,49.93096666666666,0.04981066666666667
8628.0,49.9302,0.049816
8629.0,49.929433333333336,0.049821333333333336
8630.0,49.928666666666665,0.049826666666666665
8631.0,49.9279,0.049832
8632.0,49.92713333333333,0.04983733333333333
8633.0,49.92636666666667,0.04984266666666667
8634.0,49.9256,0.049848
8635.0,49.92483333333333,0.04985333333333333
8636.0,49.92406666666667,0.04985866666666667
8637.0,49.9233,0.049864
8638.0,49.922533333333334,0.049869333333333335
8639.0,49.92176666666666,0.049874666666666664
8640.0,49.921,0.04988
8641.0,49.919333333333334,0.049878
8642.0,49.91766666666667,0.049876000000000004
8643.0,49.916,0.049874
8644.0,49.91433333333333,0.049872
8645.0,49.91266666666667,0.04987
8646.0,49.911,0.049868
8647.0,49.90933333333333,0.049866
8648.0,49.907666666666664,0.049864
8649.0,49.906,0.049862000000000004
8650.0,49.904333333333334,0.04986
8651.0,49.90266666666667,0.049858
8652.0,49.900999999999996,0.049856
8653.0,49.89933333333333,0.049854
8654.0,49.897666666666666,0.049852
8655.0,49.896,0.04985
8656.0,49.894333333333336,0.049848
8657.0,49.89266666666666,0.049846
8658.0,49.891,0.049844
8659.0,49.88933333333333,0.049842
8660.0,49.88766666666667,0.04984
8661.0,49.885999999999996,0.049838
8662.0,49.88433333333333,0.049836
8663.0,49.882666666666665,0.049834
8664.0,49.881,0.049832
8665.0,49.879333333333335,0.04983
8666.0,49.87766666666666,0.049828
8667.0,49.876,0.049826
8668.0,49.87433333333333,0.049824
8669.0,49.87266666666667,0.049822
8670.0,49.870999999999995,0.04982
8671.0,49.86933333333333,0.049818
8672.0,49.867666666666665,0.049816
8673.0,49.866,0.049814
8674.0,49.864333333333335,0.049812
8675.0,49.86266666666666,0.04981
8676.0,49.861,0.049808
8677.0,49.85933333333333,0.049805999999999996
8678.0,49.85766666666667,0.049804
8679.0,49.856,0.049802
8680.0,49.85433333333333,0.0498
8681.0,49.852666666666664,0.049798
8682.0,49.851,0.049796
8683.0,49.849333333333334,0.049794
8684.0,49.84766666666666,0.049791999999999996
8685.0,49.846,0.04979
8686.0,49.84433333333333,0.049788
8687.0,49.842666666666666,0.049786
8688.0,49.841,0.049784
8689.0,49.83933333333333,0.049782
8690.0,49.837666666666664,0.04978
8691.0,49.836,0.049777999999999996
8692.0,49.83433333333333,0.049776
8693.0,49.83266666666667,0.049774
8694.0,49.830999999999996,0.049772
8695.0,49.82933333333333,0.04977
8696.0,49.827666666666666,0.049768
8697.0,49.826,0.049766
8698.0,49.82433333333333,0.049763999999999996
8699.0,49.82266666666666,0.049762
8700.0,49.821,0.04976
8701.0,49.82158333333333,0.04976216666666666
8702.0,49.82216666666667,0.049764333333333334
8703.0,49.82275,0.0497665
8704.0,49.82333333333333,0.04976866666666666
8705.0,49.82391666666666,0.049770833333333334
8706.0,49.8245,0.049773
8707.0,49.82508333333333,0.04977516666666666
8708.0,49.82566666666666,0.04977733333333333
8709.0,49.82625,0.0497795
8710.0,49.82683333333333,0.04978166666666667
8711.0,49.827416666666664,0.04978383333333333
8712.0,49.827999999999996,0.049786
8713.0,49.828583333333334,0.04978816666666667
8714.0,49.829166666666666,0.04979033333333333
8715.0,49.82975,0.049792499999999996
8716.0,49.830333333333336,0.04979466666666667
8717.0,49.83091666666667,0.04979683333333333
8718.0,49.8315,0.049798999999999996
8719.0,49.83208333333333,0.04980116666666667
8720.0,49.83266666666667,0.04980333333333333
8721.0,49.83325,0.049805499999999996
8722.0,49.83383333333333,0.04980766666666667
8723.0,49.83441666666667,0.04980983333333333
8724.0,49.835,0.049811999999999995
8725.0,49.83558333333333,0.049814166666666666
8726.0,49.836166666666664,0.04981633333333333
8727.0,49.83675,0.049818499999999995
8728.0,49.83733333333333,0.049820666666666666
8729.0,49.837916666666665,0.04982283333333333
8730.0,49.838499999999996,0.049824999999999994
8731.0,49.839083333333335,0.049827166666666665
8732.0,49.839666666666666,0.04982933333333333
8733.0,49.84025,0.0498315
8734.0,49.840833333333336,0.049833666666666665
8735.0,49.84141666666667,0.04983583333333333
8736.0,49.842,0.049838
8737.0,49.84258333333333,0.049840166666666665
8738.0,49.84316666666667,0.04984233333333333
8739.0,49.84375,0.0498445
8740.0,49.84433333333333,0.049846666666666664
8741.0,49.84491666666667,0.04984883333333333
8742.0,49.8455,0.049851
8743.0,49.84608333333333,0.049853166666666664
8744.0,49.846666666666664,0.04985533333333333
8745.0,49.84725,0.0498575
8746.0,49.847833333333334,0.04985966666666666
8747.0,49.848416666666665,0.04986183333333333
8748.0,49.849000000000004,0.049864
8749.0,49.849583333333335,0.04986616666666666
8750.0,49.85016666666667,0.04986833333333333
8751.0,49.85075,0.0498705
8752.0,49.851333333333336,0.04987266666666666
8753.0,49.85191666666667,0.049874833333333334
8754.0,49.8525,0.049877
8755.0,49.85308333333334,0.04987916666666666
8756.0,49.85366666666667,0.04988133333333333
8757.0,49.85425,0.0498835
8758.0,49.85483333333333,0.04988566666666666
8759.0,49.85541666666667,0.04988783333333333
8760.0,49.856,0.04989
8761.0,49.857616666666665,0.04988333333333333
8762.0,49.859233333333336,0.049876666666666666
8763.0,49.86085,0.04987
8764.0,49.86246666666667,0.04986333333333333
8765.0,49.86408333333333,0.04985666666666666
8766.0,49.865700000000004,0.04985
8767.0,49.86731666666667,0.04984333333333333
8768.0,49.86893333333334,0.04983666666666666
8769.0,49.87055,0.04983
8770.0,49.87216666666667,0.04982333333333333
8771.0,49.873783333333336,0.04981666666666666
8772.0,49.8754,0.04981
8773.0,49.87701666666667,0.04980333333333333
8774.0,49.87863333333333,0.04979666666666666
8775.0,49.880250000000004,0.04979
8776.0,49.88186666666667,0.04978333333333333
8777.0,49.88348333333334,0.049776666666666664
8778.0,49.8851,0.049769999999999995
8779.0,49.88671666666667,0.04976333333333333
8780.0,49.888333333333335,0.049756666666666664
8781.0,49.88995,0.049749999999999996
8782.0,49.89156666666667,0.049743333333333334
8783.0,49.89318333333333,0.049736666666666665
8784.0,49.894800000000004,0.049729999999999996
8785.0,49.89641666666667,0.04972333333333333
8786.0,49.89803333333334,0.049716666666666666
8787.0,49.89965,0.04971
8788.0,49.90126666666667,0.04970333333333333
8789.0,49.902883333333335,0.04969666666666667
8790.0,49.9045,0.04969
8791.0,49.90611666666667,0.04968333333333333
8792.0,49.90773333333333,0.04967666666666667
8793.0,49.90935,0.04967
8794.0,49.91096666666667,0.04966333333333333
8795.0,49.91258333333334,0.04965666666666667
8796.0,49.9142,0.04965
8797.0,49.91581666666667,0.04964333333333333
8798.0,49.917433333333335,0.04963666666666666
8799.0,49.919050000000006,0.04963
8800.0,49.92066666666667,0.04962333333333333
8801.0,49.92228333333333,0.04961666666666666
8802.0,49.9239,0.04961
8803.0,49.92551666666667,0.04960333333333333
8804.0,49.92713333333334,0.049596666666666664
8805.0,49.92875,0.049589999999999995
8806.0,49.93036666666667,0.04958333333333333
8807.0,49.931983333333335,0.049576666666666665
8808.0,49.933600000000006,0.049569999999999996
8809.0,49.93521666666667,0.049563333333333334
8810.0,49.93683333333334,0.049556666666666666
8811.0,49.93845,0.04955
8812.0,49.94006666666667,0.049543333333333335
8813.0,49.94168333333334,0.049536666666666666
8814.0,49.9433,0.04953
8815.0,49.94491666666667,0.049523333333333336
8816.0,49.946533333333335,0.04951666666666667
8817.0,49.948150000000005,0.04951
8818.0,49.94976666666667,0.04950333333333333
8819.0,49.95138333333334,0.04949666666666667
8820.0,49.953,0.04949
8821.0,49.95236666666667,0.04949616666666667
8822.0,49.95173333333334,0.049502333333333336
8823.0,49.951100000000004,0.0495085
8824.0,49.95046666666667,0.049514666666666665
8825.0,49.94983333333334,0.04952083333333333
8826.0,49.949200000000005,0.049527
8827.0,49.94856666666667,0.04953316666666666
8828.0,49.94793333333334,0.04953933333333333
8829.0,49.947300000000006,0.0495455
8830.0,49.94666666666667,0.04955166666666667
8831.0,49.94603333333333,0.049557833333333336
8832.0,49.9454,0.049564
8833.0,49.944766666666666,0.049570166666666665
8834.0,49.94413333333333,0.04957633333333333
8835.0,49.9435,0.0495825
8836.0,49.94286666666667,0.04958866666666667
8837.0,49.942233333333334,0.04959483333333333
8838.0,49.9416,0.049601
8839.0,49.94096666666667,0.04960716666666667
8840.0,49.940333333333335,0.049613333333333336
8841.0,49.9397,0.0496195
8842.0,49.93906666666667,0.049625666666666665
8843.0,49.938433333333336,0.04963183333333333
8844.0,49.9378,0.049638
8845.0,49.93716666666667,0.04964416666666667
8846.0,49.93653333333334,0.04965033333333333
8847.0,49.935900000000004,0.0496565
8848.0,49.93526666666667,0.04966266666666667
8849.0,49.93463333333334,0.049668833333333336
8850.0,49.934,0.049675
8851.0,49.933366666666664,0.049681166666666665
8852.0,49.93273333333333,0.04968733333333333
8853.0,49.9321,0.0496935
8854.0,49.931466666666665,0.04969966666666667
8855.0,49.93083333333333,0.04970583333333333
8856.0,49.9302,0.049712
8857.0,49.929566666666666,0.04971816666666667
8858.0,49.92893333333333,0.049724333333333336
8859.0,49.9283,0.049730500000000004
8860.0,49.92766666666667,0.049736666666666665
8861.0,49.927033333333334,0.04974283333333333
8862.0,49.9264,0.049749
8863.0,49.92576666666667,0.04975516666666667
8864.0,49.925133333333335,0.04976133333333333
8865.0,49.9245,0.0497675
8866.0,49.92386666666667,0.04977366666666667
8867.0,49.923233333333336,0.049779833333333336
8868.0,49.9226,0.049786000000000004
8869.0,49.92196666666667,0.049792166666666665
8870.0,49.92133333333334,0.04979833333333333
8871.0,49.9207,0.0498045
8872.0,49.92006666666666,0.04981066666666667
8873.0,49.91943333333333,0.04981683333333334
8874.0,49.9188,0.049823
8875.0,49.918166666666664,0.04982916666666667
8876.0,49.91753333333333,0.049835333333333336
8877.0,49.9169,0.049841500000000004
8878.0,49.916266666666665,0.049847666666666665
8879.0,49.91563333333333,0.04985383333333333
8880.0,49.915,0.04986
8881.0,49.91155,0.0498585
8882.0,49.9081,0.049857
8883.0,49.90465,0.049855500000000004
8884.0,49.901199999999996,0.049854
8885.0,49.89775,0.0498525
8886.0,49.8943,0.049851
8887.0,49.89085,0.049849500000000005
8888.0,49.8874,0.049848
8889.0,49.88395,0.0498465
8890.0,49.8805,0.049845
8891.0,49.87705,0.0498435
8892.0,49.873599999999996,0.049842000000000004
8893.0,49.87015,0.0498405
8894.0,49.8667,0.049839
8895.0,49.86325,0.0498375
8896.0,49.8598,0.049836
8897.0,49.85635,0.049834500000000004
8898.0,49.8529,0.049833
8899.0,49.84945,0.0498315
8900.0,49.846,0.04983
8901.0,49.842549999999996,0.049828500000000005
8902.0,49.8391,0.049827
8903.0,49.83565,0.0498255
8904.0,49.8322,0.049824
8905.0,49.82875,0.0498225
8906.0,49.8253,0.049821000000000004
8907.0,49.82185,0.0498195
8908.0,49.8184,0.049818
8909.0,49.814949999999996,0.0498165
8910.0,49.811499999999995,0.049815
8911.0,49.80805,0.049813500000000004
8912.0,49.8046,0.049812
8913.0,49.80115,0.0498105
8914.0,49.7977,0.049809
8915.0,49.79425,0.049807500000000005
8916.0,49.7908,0.049806
8917.0,49.787349999999996,0.0498045
8918.0,49.783899999999996,0.049803
8919.0,49.78045,0.0498015
8920.0,49.777,0.049800000000000004
8921.0,49.77355,0.0497985
8922.0,49.7701,0.049797
8923.0,49.76665,0.0497955
8924.0,49.7632,0.049794000000000005
8925.0,49.75975,0.0497925
8926.0,49.756299999999996,0.049791
8927.0,49.752849999999995,0.0497895
8928.0,49.7494,0.049788
8929.0,49.74595,0.049786500000000004
8930.0,49.7425,0.049785
8931.0,49.73905,0.0497835
8932.0,49.7356,0.049782
8933.0,49.73215,0.0497805
8934.0,49.728699999999996,0.049779000000000004
8935.0,49.725249999999996,0.0497775
8936.0,49.7218,0.049776
8937.0,49.71835,0.0497745
8938.0,49.7149,0.049773000000000005
8939.0,49.71145,0.0497715
8940.0,49.708,0.04977
8941.0,49.715583333333335,0.04977066666666667
8942.0,49.723166666666664,0.049771333333333334
8943.0,49.73075,0.049772000000000004
8944.0,49.73833333333333,0.049772666666666666
8945.0,49.745916666666666,0.049773333333333336
8946.0,49.753499999999995,0.049774
8947.0,49.76108333333333,0.04977466666666667
8948.0,49.76866666666667,0.04977533333333334
8949.0,49.77625,0.049776
8950.0,49.783833333333334,0.04977666666666667
8951.0,49.79141666666666,0.04977733333333333
8952.0,49.799,0.049778
8953.0,49.80658333333333,0.049778666666666666
8954.0,49.814166666666665,0.049779333333333335
8955.0,49.821749999999994,0.049780000000000005
8956.0,49.82933333333333,0.04978066666666667
8957.0,49.83691666666667,0.04978133333333334
8958.0,49.8445,0.049782
8959.0,49.85208333333333,0.04978266666666667
8960.0,49.85966666666666,0.04978333333333333
8961.0,49.86725,0.049784
8962.0,49.87483333333333,0.049784666666666665
8963.0,49.882416666666664,0.049785333333333334
8964.0,49.89,0.049786000000000004
8965.0,49.89758333333333,0.04978666666666667
8966.0,49.905166666666666,0.049787333333333336
8967.0,49.912749999999996,0.049788
8968.0,49.92033333333333,0.04978866666666667
8969.0,49.92791666666666,0.04978933333333333
8970.0,49.9355,0.04979
8971.0,49.943083333333334,0.04979066666666667
8972.0,49.95066666666666,0.04979133333333333
8973.0,49.95825,0.049792
8974.0,49.96583333333333,0.049792666666666666
8975.0,49.973416666666665,0.049793333333333335
8976.0,49.980999999999995,0.049794
8977.0,49.98858333333333,0.04979466666666667
8978.0,49.99616666666667,0.04979533333333334
8979.0,50.00375,0.049796
8980.0,50.01133333333333,0.04979666666666667
8981.0,50.01891666666666,0.04979733333333333
8982.0,50.0265,0.049798
8983.0,50.03408333333333,0.049798666666666665
8984.0,50.041666666666664,0.049799333333333334
8985.0,50.04925,0.0498
8986.0,50.05683333333333,0.04980066666666667
8987.0,50.064416666666666,0.049801333333333336
8988.0,50.071999999999996,0.049802
8989.0,50.07958333333333,0.04980266666666667
8990.0,50.08716666666666,0.04980333333333333
8991.0,50.09475,0.049804
8992.0,50.10233333333333,0.049804666666666664
8993.0,50.10991666666666,0.04980533333333333
8994.0,50.1175,0.049806
8995.0,50.12508333333333,0.049806666666666666
8996.0,50.132666666666665,0.049807333333333335
8997.0,50.140249999999995,0.049808
8998.0,50.14783333333333,0.04980866666666667
8999.0,50.15541666666666,0.04980933333333333
9000.0,50.163,0.04981
9001.0,50.16358333333333,0.049813833333333335
9002.0,50.16416666666667,0.04981766666666667
9003.0,50.16475,0.0498215
9004.0,50.16533333333333,0.04982533333333333
9005.0,50.16591666666666,0.04982916666666667
9006.0,50.1665,0.049833
9007.0,50.16708333333333,0.04983683333333333
9008.0,50.16766666666666,0.049840666666666665
9009.0,50.16825,0.0498445
9010.0,50.16883333333333,0.049848333333333335
9011.0,50.16941666666666,0.04985216666666667
9012.0,50.169999999999995,0.049856
9013.0,50.17058333333333,0.04985983333333333
9014.0,50.171166666666664,0.04986366666666667
9015.0,50.171749999999996,0.0498675
9016.0,50.172333333333334,0.04987133333333334
9017.0,50.172916666666666,0.049875166666666665
9018.0,50.1735,0.049879
9019.0,50.17408333333333,0.049882833333333335
9020.0,50.17466666666667,0.04988666666666667
9021.0,50.17525,0.0498905
9022.0,50.17583333333333,0.04989433333333333
9023.0,50.17641666666667,0.04989816666666667
9024.0,50.177,0.049902
9025.0,50.17758333333333,0.04990583333333334
9026.0,50.17816666666666,0.049909666666666665
9027.0,50.17875,0.0499135
9028.0,50.17933333333333,0.049917333333333334
9029.0,50.179916666666664,0.04992116666666667
9030.0,50.180499999999995,0.049925
9031.0,50.18108333333333,0.04992883333333333
9032.0,50.181666666666665,0.04993266666666667
9033.0,50.182249999999996,0.0499365
9034.0,50.182833333333335,0.04994033333333334
9035.0,50.183416666666666,0.049944166666666664
9036.0,50.184,0.049948
9037.0,50.18458333333333,0.049951833333333334
9038.0,50.18516666666667,0.04995566666666667
9039.0,50.18575,0.049959500000000004
9040.0,50.18633333333333,0.04996333333333333
9041.0,50.18691666666667,0.04996716666666667
9042.0,50.1875,0.049971
9043.0,50.18808333333333,0.049974833333333336
9044.0,50.18866666666666,0.049978666666666664
9045.0,50.18925,0.0499825
9046.0,50.18983333333333,0.049986333333333334
9047.0,50.190416666666664,0.04999016666666667
9048.0,50.191,0.049994000000000004
9049.0,50.191583333333334,0.04999783333333333
9050.0,50.192166666666665,0.050001666666666666
9051.0,50.19275,0.0500055
9052.0,50.193333333333335,0.050009333333333336
9053.0,50.19391666666667,0.05001316666666667
9054.0,50.1945,0.050017
9055.0,50.195083333333336,0.050020833333333334
9056.0,50.19566666666667,0.05002466666666667
9057.0,50.19625,0.050028500000000004
9058.0,50.19683333333333,0.05003233333333333
9059.0,50.19741666666667,0.050036166666666666
9060.0,50.198,0.05004
9061.0,50.1917,0.05004083333333333
9062.0,50.1854,0.050041666666666665
9063.0,50.1791,0.050042500000000004
9064.0,50.1728,0.050043333333333335
9065.0,50.1665,0.05004416666666667
9066.0,50.1602,0.050045
9067.0,50.1539,0.05004583333333334
9068.0,50.1476,0.05004666666666667
9069.0,50.1413,0.0500475
9070.0,50.135,0.050048333333333334
9071.0,50.1287,0.050049166666666665
9072.0,50.1224,0.050050000000000004
9073.0,50.1161,0.050050833333333336
9074.0,50.1098,0.05005166666666667
9075.0,50.1035,0.0500525
9076.0,50.0972,0.05005333333333333
9077.0,50.0909,0.05005416666666667
9078.0,50.0846,0.050055
9079.0,50.0783,0.050055833333333334
9080.0,50.072,0.050056666666666666
9081.0,50.0657,0.050057500000000005
9082.0,50.059400000000004,0.05005833333333334
9083.0,50.0531,0.05005916666666667
9084.0,50.0468,0.05006
9085.0,50.0405,0.05006083333333333
9086.0,50.0342,0.05006166666666667
9087.0,50.0279,0.0500625
9088.0,50.0216,0.050063333333333335
9089.0,50.0153,0.05006416666666667
9090.0,50.009,0.050065
9091.0,50.0027,0.05006583333333334
9092.0,49.9964,0.05006666666666667
9093.0,49.9901,0.0500675
9094.0,49.9838,0.05006833333333333
9095.0,49.9775,0.05006916666666667
9096.0,49.9712,0.05007
9097.0,49.9649,0.050070833333333335
9098.0,49.9586,0.05007166666666667
9099.0,49.9523,0.0500725
9100.0,49.946,0.05007333333333334
9101.0,49.9397,0.05007416666666667
9102.0,49.9334,0.050075
9103.0,49.9271,0.05007583333333333
9104.0,49.9208,0.05007666666666667
9105.0,49.914500000000004,0.050077500000000004
9106.0,49.9082,0.050078333333333336
9107.0,49.9019,0.05007916666666667
9108.0,49.8956,0.05008
9109.0,49.8893,0.05008083333333334
9110.0,49.883,0.05008166666666667
9111.0,49.8767,0.0500825
9112.0,49.870400000000004,0.050083333333333334
9113.0,49.8641,0.050084166666666666
9114.0,49.8578,0.050085000000000005
9115.0,49.8515,0.050085833333333336
9116.0,49.8452,0.05008666666666667
9117.0,49.8389,0.0500875
9118.0,49.8326,0.05008833333333334
9119.0,49.8263,0.05008916666666667
9120.0,49.82,0.05009
9121.0,49.82345,0.050084500000000004
9122.0,49.8269,0.050079000000000005
9123.0,49.83035,0.0500735
9124.0,49.833800000000004,0.050068
9125.0,49.83725,0.0500625
9126.0,49.8407,0.050057000000000004
9127.0,49.84415,0.0500515
9128.0,49.8476,0.050046
9129.0,49.85105,0.0500405
9130.0,49.8545,0.050035
9131.0,49.85795,0.050029500000000005
9132.0,49.8614,0.050024
9133.0,49.86485,0.0500185
9134.0,49.8683,0.050013
9135.0,49.87175,0.0500075
9136.0,49.8752,0.050002000000000005
9137.0,49.87865,0.0499965
9138.0,49.8821,0.049991
9139.0,49.88555,0.0499855
9140.0,49.889,0.049980000000000004
9141.0,49.892450000000004,0.0499745
9142.0,49.8959,0.049969
9143.0,49.89935,0.0499635
9144.0,49.9028,0.049958
9145.0,49.90625,0.049952500000000004
9146.0,49.9097,0.049947
9147.0,49.91315,0.0499415
9148.0,49.9166,0.049936
9149.0,49.92005,0.0499305
9150.0,49.923500000000004,0.049925
9151.0,49.92695,0.0499195
9152.0,49.9304,0.049914
9153.0,49.93385,0.0499085
9154.0,49.9373,0.049903
9155.0,49.94075,0.0498975
9156.0,49.9442,0.049892
9157.0,49.94765,0.0498865
9158.0,49.951100000000004,0.049881
9159.0,49.95455,0.0498755
9160.0,49.958,0.04987
9161.0,49.96145,0.0498645
9162.0,49.9649,0.049859
9163.0,49.96835,0.0498535
9164.0,49.9718,0.049847999999999996
9165.0,49.97525,0.0498425
9166.0,49.9787,0.049837
9167.0,49.982150000000004,0.0498315
9168.0,49.9856,0.049826
9169.0,49.98905,0.0498205
9170.0,49.9925,0.049815
9171.0,49.99595,0.0498095
9172.0,49.9994,0.049804
9173.0,50.00285,0.0497985
9174.0,50.0063,0.049793
9175.0,50.009750000000004,0.0497875
9176.0,50.0132,0.049782
9177.0,50.01665,0.0497765
9178.0,50.0201,0.049770999999999996
9179.0,50.02355,0.0497655
9180.0,50.027,0.04976
9181.0,50.02328333333333,0.049763666666666664
9182.0,50.01956666666667,0.04976733333333333
9183.0,50.01585,0.049770999999999996
9184.0,50.01213333333333,0.04977466666666667
9185.0,50.00841666666667,0.049778333333333334
9186.0,50.0047,0.049782
9187.0,50.00098333333334,0.049785666666666666
9188.0,49.99726666666667,0.04978933333333333
9189.0,49.99355,0.049793
9190.0,49.98983333333334,0.04979666666666666
9191.0,49.98611666666667,0.04980033333333333
9192.0,49.9824,0.049804
9193.0,49.978683333333336,0.04980766666666667
9194.0,49.97496666666667,0.04981133333333333
9195.0,49.97125,0.049815
9196.0,49.967533333333336,0.049818666666666664
9197.0,49.963816666666666,0.04982233333333333
9198.0,49.960100000000004,0.049825999999999995
9199.0,49.956383333333335,0.04982966666666667
9200.0,49.952666666666666,0.049833333333333334
9201.0,49.94895,0.049837
9202.0,49.945233333333334,0.049840666666666665
9203.0,49.941516666666665,0.04984433333333333
9204.0,49.9378,0.049847999999999996
9205.0,49.934083333333334,0.04985166666666666
9206.0,49.93036666666667,0.04985533333333333
9207.0,49.92665,0.049859
9208.0,49.92293333333333,0.049862666666666666
9209.0,49.91921666666667,0.04986633333333333
9210.0,49.9155,0.04987
9211.0,49.91178333333333,0.04987366666666666
9212.0,49.90806666666667,0.04987733333333333
9213.0,49.90435,0.049880999999999995
9214.0,49.90063333333333,0.04988466666666667
9215.0,49.89691666666667,0.04988833333333333
9216.0,49.8932,0.049892
9217.0,49.88948333333334,0.049895666666666665
9218.0,49.88576666666667,0.04989933333333333
9219.0,49.88205,0.049902999999999996
9220.0,49.87833333333334,0.04990666666666666
9221.0,49.87461666666667,0.04991033333333333
9222.0,49.8709,0.049914
9223.0,49.86718333333334,0.049917666666666666
9224.0,49.86346666666667,0.04992133333333333
9225.0,49.859750000000005,0.049925
9226.0,49.856033333333336,0.04992866666666666
9227.0,49.85231666666667,0.04993233333333333
9228.0,49.848600000000005,0.049935999999999994
9229.0,49.844883333333335,0.04993966666666667
9230.0,49.841166666666666,0.04994333333333333
9231.0,49.837450000000004,0.049947
9232.0,49.833733333333335,0.049950666666666664
9233.0,49.830016666666666,0.04995433333333333
9234.0,49.8263,0.049957999999999995
9235.0,49.822583333333334,0.04996166666666666
9236.0,49.81886666666667,0.04996533333333333
9237.0,49.81515,0.049969
9238.0,49.81143333333333,0.049972666666666665
9239.0,49.80771666666667,0.04997633333333333
9240.0,49.804,0.04998
9241.0,49.8087,0.049983
9242.0,49.8134,0.049985999999999996
9243.0,49.8181,0.049989
9244.0,49.8228,0.049991999999999995
9245.0,49.8275,0.049995
9246.0,49.8322,0.049998
9247.0,49.8369,0.050001
9248.0,49.8416,0.050004
9249.0,49.8463,0.050006999999999996
9250.0,49.851,0.05001
9251.0,49.8557,0.050012999999999995
9252.0,49.8604,0.050016
9253.0,49.8651,0.050019
9254.0,49.8698,0.050022
9255.0,49.8745,0.050025
9256.0,49.879200000000004,0.050027999999999996
9257.0,49.883900000000004,0.050031
9258.0,49.888600000000004,0.050033999999999995
9259.0,49.8933,0.050037
9260.0,49.898,0.05004
9261.0,49.9027,0.050043
9262.0,49.9074,0.050046
9263.0,49.9121,0.050048999999999996
9264.0,49.9168,0.050052
9265.0,49.9215,0.050055
9266.0,49.9262,0.050058
9267.0,49.9309,0.050061
9268.0,49.9356,0.050064
9269.0,49.9403,0.050067
9270.0,49.945,0.05007
9271.0,49.9497,0.050073
9272.0,49.9544,0.050076
9273.0,49.9591,0.050079
9274.0,49.9638,0.050082
9275.0,49.9685,0.050085
9276.0,49.9732,0.050088
9277.0,49.9779,0.050091000000000004
9278.0,49.9826,0.050094
9279.0,49.9873,0.050097
9280.0,49.992,0.0501
9281.0,49.9967,0.050103
9282.0,50.0014,0.050106
9283.0,50.006099999999996,0.050109
9284.0,50.010799999999996,0.050112000000000004
9285.0,50.0155,0.050115
9286.0,50.0202,0.050118
9287.0,50.0249,0.050121
9288.0,50.0296,0.050124
9289.0,50.0343,0.050127000000000005
9290.0,50.039,0.05013
9291.0,50.0437,0.050133000000000004
9292.0,50.0484,0.050136
9293.0,50.0531,0.050139
9294.0,50.0578,0.050142000000000006
9295.0,50.0625,0.050145
9296.0,50.0672,0.050148000000000005
9297.0,50.0719,0.050151
9298.0,50.0766,0.050154000000000004
9299.0,50.0813,0.050157
9300.0,50.086,0.05016
9301.0,50.08275,0.05015566666666667
9302.0,50.079499999999996,0.05015133333333334
9303.0,50.07625,0.050147000000000004
9304.0,50.073,0.05014266666666667
9305.0,50.06975,0.05013833333333333
9306.0,50.0665,0.050134000000000005
9307.0,50.06325,0.05012966666666667
9308.0,50.059999999999995,0.050125333333333334
9309.0,50.05675,0.050121000000000006
9310.0,50.0535,0.05011666666666667
9311.0,50.05025,0.050112333333333335
9312.0,50.047,0.050108
9313.0,50.043749999999996,0.05010366666666667
9314.0,50.0405,0.050099333333333336
9315.0,50.03725,0.050095
9316.0,50.034,0.05009066666666667
9317.0,50.03075,0.05008633333333334
9318.0,50.027499999999996,0.050082
9319.0,50.024249999999995,0.050077666666666666
9320.0,50.021,0.05007333333333334
9321.0,50.01775,0.050069
9322.0,50.0145,0.05006466666666667
9323.0,50.01125,0.05006033333333334
9324.0,50.007999999999996,0.050056
9325.0,50.00475,0.05005166666666667
9326.0,50.0015,0.05004733333333333
9327.0,49.99825,0.050043000000000004
9328.0,49.995,0.05003866666666667
9329.0,49.991749999999996,0.05003433333333333
9330.0,49.9885,0.050030000000000005
9331.0,49.98525,0.05002566666666667
9332.0,49.982,0.050021333333333334
9333.0,49.97875,0.050017
9334.0,49.9755,0.05001266666666667
9335.0,49.972249999999995,0.050008333333333335
9336.0,49.969,0.050004
9337.0,49.96575,0.049999666666666664
9338.0,49.9625,0.049995333333333336
9339.0,49.95925,0.049991
9340.0,49.955999999999996,0.049986666666666665
9341.0,49.95275,0.04998233333333334
9342.0,49.9495,0.049978
9343.0,49.94625,0.049973666666666666
9344.0,49.943,0.04996933333333333
9345.0,49.93975,0.049965
9346.0,49.936499999999995,0.04996066666666667
9347.0,49.93325,0.04995633333333333
9348.0,49.93,0.049952
9349.0,49.92675,0.04994766666666667
9350.0,49.9235,0.04994333333333333
9351.0,49.920249999999996,0.049939
9352.0,49.917,0.04993466666666667
9353.0,49.91375,0.049930333333333334
9354.0,49.9105,0.049926
9355.0,49.90725,0.04992166666666667
9356.0,49.903999999999996,0.049917333333333334
9357.0,49.900749999999995,0.049913
9358.0,49.8975,0.049908666666666664
9359.0,49.89425,0.049904333333333335
9360.0,49.891,0.0499
9361.0,49.894149999999996,0.04990133333333333
9362.0,49.8973,0.049902666666666665
9363.0,49.90045,0.049904
9364.0,49.9036,0.049905333333333336
9365.0,49.906749999999995,0.04990666666666667
9366.0,49.9099,0.049908
9367.0,49.91305,0.04990933333333333
9368.0,49.916199999999996,0.049910666666666666
9369.0,49.91935,0.049912
9370.0,49.9225,0.04991333333333333
9371.0,49.92565,0.04991466666666666
9372.0,49.928799999999995,0.049916
9373.0,49.93195,0.049917333333333334
9374.0,49.9351,0.04991866666666667
9375.0,49.93825,0.04992
9376.0,49.9414,0.04992133333333333
9377.0,49.94455,0.049922666666666664
9378.0,49.9477,0.049923999999999996
9379.0,49.950849999999996,0.049925333333333335
9380.0,49.954,0.04992666666666667
9381.0,49.95715,0.049928
9382.0,49.9603,0.04992933333333333
9383.0,49.96345,0.049930666666666665
9384.0,49.9666,0.049932
9385.0,49.96975,0.04993333333333333
9386.0,49.972899999999996,0.04993466666666666
9387.0,49.97605,0.049936
9388.0,49.9792,0.049937333333333334
9389.0,49.98235,0.049938666666666666
9390.0,49.9855,0.04994
9391.0,49.98865,0.04994133333333333
9392.0,49.9918,0.04994266666666666
9393.0,49.994949999999996,0.049943999999999995
9394.0,49.9981,0.049945333333333335
9395.0,50.00125,0.04994666666666667
9396.0,50.0044,0.049948
9397.0,50.007549999999995,0.04994933333333333
9398.0,50.0107,0.049950666666666664
9399.0,50.01385,0.049951999999999996
9400.0,50.016999999999996,0.04995333333333333
9401.0,50.02015,0.04995466666666666
9402.0,50.0233,0.049956
9403.0,50.02645,0.04995733333333333
9404.0,50.029599999999995,0.049958666666666665
9405.0,50.03275,0.04996
9406.0,50.0359,0.04996133333333333
9407.0,50.039049999999996,0.04996266666666666
9408.0,50.0422,0.049963999999999995
9409.0,50.04535,0.049965333333333334
9410.0,50.0485,0.049966666666666666
9411.0,50.051649999999995,0.049968
9412.0,50.0548,0.04996933333333333
9413.0,50.05795,0.04997066666666666
9414.0,50.061099999999996,0.049971999999999996
9415.0,50.06425,0.04997333333333333
9416.0,50.0674,0.04997466666666666
9417.0,50.07055,0.049976
9418.0,50.073699999999995,0.04997733333333333
9419.0,50.07685,0.049978666666666664
9420.0,50.08,0.04998
9421.0,50.080549999999995,0.04997983333333333
9422.0,50.0811,0.049979666666666665
9423.0,50.081649999999996,0.049979499999999996
9424.0,50.0822,0.04997933333333333
9425.0,50.08275,0.049979166666666665
9426.0,50.0833,0.049978999999999996
9427.0,50.08385,0.04997883333333333
9428.0,50.084399999999995,0.049978666666666664
9429.0,50.08495,0.049978499999999995
9430.0,50.085499999999996,0.04997833333333333
9431.0,50.08605,0.049978166666666664
9432.0,50.0866,0.049977999999999995
9433.0,50.08715,0.04997783333333333
9434.0,50.0877,0.04997766666666666
9435.0,50.08825,0.049977499999999994
9436.0,50.0888,0.04997733333333333
9437.0,50.089349999999996,0.04997716666666666
9438.0,50.0899,0.049977
9439.0,50.09045,0.04997683333333333
9440.0,50.091,0.04997666666666666
9441.0,50.09155,0.0499765
9442.0,50.0921,0.04997633333333333
9443.0,50.09265,0.04997616666666666
9444.0,50.093199999999996,0.049976
9445.0,50.09375,0.04997583333333333
9446.0,50.0943,0.04997566666666667
9447.0,50.09485,0.0499755
9448.0,50.0954,0.04997533333333333
9449.0,50.09595,0.04997516666666667
9450.0,50.0965,0.049975
9451.0,50.097049999999996,0.04997483333333333
9452.0,50.0976,0.04997466666666667
9453.0,50.09815,0.0499745
9454.0,50.0987,0.04997433333333333
9455.0,50.09925,0.04997416666666667
9456.0,50.0998,0.049974
9457.0,50.10035,0.049973833333333335
9458.0,50.100899999999996,0.049973666666666666
9459.0,50.10145,0.0499735
9460.0,50.102,0.049973333333333335
9461.0,50.10255,0.049973166666666666
9462.0,50.1031,0.049973
9463.0,50.10365,0.049972833333333334
9464.0,50.1042,0.049972666666666665
9465.0,50.104749999999996,0.049972499999999996
9466.0,50.1053,0.049972333333333334
9467.0,50.10585,0.049972166666666665
9468.0,50.1064,0.049972
9469.0,50.10695,0.04997183333333333
9470.0,50.1075,0.049971666666666664
9471.0,50.10805,0.0499715
9472.0,50.1086,0.04997133333333333
9473.0,50.10915,0.049971166666666664
9474.0,50.1097,0.049971
9475.0,50.11025,0.04997083333333333
9476.0,50.1108,0.04997066666666667
9477.0,50.11135,0.0499705
9478.0,50.1119,0.04997033333333333
9479.0,50.11245,0.04997016666666667
9480.0,50.113,0.04997
9481.0,50.11335,0.04996883333333334
9482.0,50.1137,0.04996766666666667
9483.0,50.11405,0.0499665
9484.0,50.114399999999996,0.049965333333333334
9485.0,50.11475,0.04996416666666667
9486.0,50.1151,0.049963
9487.0,50.11545,0.04996183333333333
9488.0,50.1158,0.04996066666666667
9489.0,50.11615,0.049959500000000004
9490.0,50.1165,0.049958333333333334
9491.0,50.11685,0.049957166666666664
9492.0,50.1172,0.049956
9493.0,50.11755,0.04995483333333334
9494.0,50.1179,0.04995366666666667
9495.0,50.11825,0.0499525
9496.0,50.1186,0.049951333333333334
9497.0,50.11895,0.04995016666666667
9498.0,50.1193,0.049949
9499.0,50.11965,0.04994783333333333
9500.0,50.12,0.04994666666666667
9501.0,50.12035,0.049945500000000004
9502.0,50.1207,0.049944333333333334
9503.0,50.12105,0.049943166666666663
9504.0,50.1214,0.049942
9505.0,50.12175,0.04994083333333334
9506.0,50.1221,0.04993966666666667
9507.0,50.12245,0.0499385
9508.0,50.1228,0.049937333333333334
9509.0,50.12315,0.04993616666666667
9510.0,50.1235,0.049935
9511.0,50.12385,0.04993383333333333
9512.0,50.1242,0.04993266666666667
9513.0,50.12455,0.049931500000000004
9514.0,50.1249,0.049930333333333334
9515.0,50.12525,0.04992916666666666
9516.0,50.1256,0.049928
9517.0,50.12595,0.04992683333333334
9518.0,50.1263,0.04992566666666667
9519.0,50.12665,0.0499245
9520.0,50.127,0.04992333333333333
9521.0,50.12735,0.04992216666666667
9522.0,50.1277,0.049921
9523.0,50.12805,0.04991983333333333
9524.0,50.1284,0.04991866666666667
9525.0,50.12875,0.049917500000000004
9526.0,50.1291,0.04991633333333333
9527.0,50.12945,0.04991516666666666
9528.0,50.1298,0.049914
9529.0,50.13015,0.04991283333333334
9530.0,50.1305,0.04991166666666667
9531.0,50.13085,0.0499105
9532.0,50.1312,0.04990933333333333
9533.0,50.13155,0.04990816666666667
9534.0,50.1319,0.049907
9535.0,50.13225,0.04990583333333333
9536.0,50.132600000000004,0.04990466666666667
9537.0,50.13295,0.0499035
9538.0,50.1333,0.04990233333333333
9539.0,50.13365,0.04990116666666666
9540.0,50.134,0.0499
9541.0,50.1285,0.04990516666666667
9542.0,50.123,0.049910333333333334
9543.0,50.1175,0.0499155
9544.0,50.112,0.04992066666666667
9545.0,50.1065,0.049925833333333336
9546.0,50.101,0.049931
9547.0,50.0955,0.04993616666666666
9548.0,50.09,0.04994133333333333
9549.0,50.0845,0.0499465
9550.0,50.079,0.049951666666666665
9551.0,50.0735,0.04995683333333333
9552.0,50.068,0.049962
9553.0,50.0625,0.04996716666666667
9554.0,50.057,0.049972333333333334
9555.0,50.051500000000004,0.0499775
9556.0,50.046,0.04998266666666667
9557.0,50.0405,0.049987833333333336
9558.0,50.035000000000004,0.049992999999999996
9559.0,50.0295,0.04999816666666666
9560.0,50.024,0.05000333333333333
9561.0,50.0185,0.0500085
9562.0,50.013,0.050013666666666665
9563.0,50.0075,0.05001883333333333
9564.0,50.002,0.050024
9565.0,49.9965,0.050029166666666666
9566.0,49.991,0.05003433333333333
9567.0,49.9855,0.0500395
9568.0,49.980000000000004,0.05004466666666667
9569.0,49.9745,0.050049833333333335
9570.0,49.969,0.050055
9571.0,49.9635,0.05006016666666666
9572.0,49.958,0.05006533333333333
9573.0,49.9525,0.0500705
9574.0,49.947,0.050075666666666664
9575.0,49.941500000000005,0.05008083333333333
9576.0,49.936,0.050086
9577.0,49.9305,0.050091166666666666
9578.0,49.925000000000004,0.05009633333333333
9579.0,49.9195,0.0501015
9580.0,49.914,0.05010666666666667
9581.0,49.908500000000004,0.050111833333333335
9582.0,49.903,0.050116999999999995
9583.0,49.8975,0.05012216666666666
9584.0,49.892,0.05012733333333333
9585.0,49.8865,0.050132499999999997
9586.0,49.881,0.050137666666666664
9587.0,49.8755,0.05014283333333333
9588.0,49.870000000000005,0.050148
9589.0,49.8645,0.050153166666666665
9590.0,49.859,0.05015833333333333
9591.0,49.853500000000004,0.0501635
9592.0,49.848,0.05016866666666667
9593.0,49.8425,0.050173833333333334
9594.0,49.837,0.050179
9595.0,49.831500000000005,0.05018416666666666
9596.0,49.826,0.05018933333333333
9597.0,49.8205,0.050194499999999996
9598.0,49.815000000000005,0.05019966666666666
9599.0,49.8095,0.05020483333333333
9600.0,49.804,0.05021
9601.0,49.81073333333334,0.05020883333333333
9602.0,49.81746666666667,0.050207666666666664
9603.0,49.824200000000005,0.0502065
9604.0,49.830933333333334,0.05020533333333333
9605.0,49.83766666666667,0.05020416666666666
9606.0,49.8444,0.050203
9607.0,49.85113333333334,0.050201833333333334
9608.0,49.857866666666666,0.050200666666666664
9609.0,49.8646,0.050199499999999994
9610.0,49.87133333333333,0.05019833333333333
9611.0,49.87806666666667,0.05019716666666667
9612.0,49.8848,0.050196
9613.0,49.891533333333335,0.05019483333333333
9614.0,49.898266666666665,0.050193666666666664
9615.0,49.905,0.0501925
9616.0,49.91173333333334,0.05019133333333333
9617.0,49.91846666666667,0.05019016666666666
9618.0,49.925200000000004,0.050189
9619.0,49.93193333333333,0.050187833333333334
9620.0,49.93866666666667,0.050186666666666664
9621.0,49.9454,0.050185499999999994
9622.0,49.952133333333336,0.05018433333333333
9623.0,49.958866666666665,0.05018316666666667
9624.0,49.9656,0.050182
9625.0,49.97233333333333,0.05018083333333333
9626.0,49.97906666666667,0.050179666666666664
9627.0,49.9858,0.0501785
9628.0,49.992533333333334,0.05017733333333333
9629.0,49.999266666666664,0.05017616666666666
9630.0,50.006,0.050175
9631.0,50.01273333333334,0.050173833333333334
9632.0,50.019466666666666,0.050172666666666664
9633.0,50.0262,0.050171499999999994
9634.0,50.03293333333333,0.05017033333333333
9635.0,50.03966666666667,0.05016916666666667
9636.0,50.0464,0.050168
9637.0,50.053133333333335,0.05016683333333333
9638.0,50.059866666666665,0.050165666666666664
9639.0,50.0666,0.0501645
9640.0,50.07333333333333,0.05016333333333333
9641.0,50.08006666666667,0.05016216666666666
9642.0,50.0868,0.050161
9643.0,50.09353333333333,0.050159833333333334
9644.0,50.10026666666666,0.050158666666666664
9645.0,50.107,0.050157499999999994
9646.0,50.113733333333336,0.05015633333333333
9647.0,50.120466666666665,0.05015516666666667
9648.0,50.1272,0.050154
9649.0,50.13393333333333,0.05015283333333333
9650.0,50.14066666666667,0.050151666666666664
9651.0,50.1474,0.0501505
9652.0,50.154133333333334,0.05014933333333333
9653.0,50.160866666666664,0.05014816666666666
9654.0,50.1676,0.050147
9655.0,50.17433333333333,0.050145833333333334
9656.0,50.181066666666666,0.050144666666666664
9657.0,50.187799999999996,0.050143499999999994
9658.0,50.19453333333333,0.05014233333333333
9659.0,50.20126666666666,0.05014116666666667
9660.0,50.208,0.05014
9661.0,50.202283333333334,0.0501345
9662.0,50.19656666666666,0.050129
9663.0,50.19085,0.050123499999999994
9664.0,50.18513333333333,0.050117999999999996
9665.0,50.17941666666667,0.0501125
9666.0,50.1737,0.050107
9667.0,50.16798333333333,0.0501015
9668.0,50.16226666666667,0.050095999999999995
9669.0,50.156549999999996,0.050090499999999996
9670.0,50.15083333333333,0.050085
9671.0,50.14511666666667,0.0500795
9672.0,50.1394,0.050074
9673.0,50.13368333333333,0.050068499999999995
9674.0,50.127966666666666,0.050062999999999996
9675.0,50.12225,0.0500575
9676.0,50.11653333333333,0.050052
9677.0,50.110816666666665,0.0500465
9678.0,50.1051,0.050040999999999995
9679.0,50.099383333333336,0.0500355
9680.0,50.093666666666664,0.05003
9681.0,50.08795,0.0500245
9682.0,50.082233333333335,0.050019
9683.0,50.07651666666666,0.050013499999999995
9684.0,50.0708,0.050008
9685.0,50.065083333333334,0.0500025
9686.0,50.05936666666667,0.049997
9687.0,50.05365,0.0499915
9688.0,50.04793333333333,0.049985999999999996
9689.0,50.04221666666667,0.0499805
9690.0,50.036500000000004,0.049975
9691.0,50.03078333333333,0.0499695
9692.0,50.02506666666667,0.049964
9693.0,50.01935,0.049958499999999996
9694.0,50.01363333333333,0.049953
9695.0,50.00791666666667,0.0499475
9696.0,50.0022,0.049942
9697.0,49.99648333333334,0.0499365
9698.0,49.990766666666666,0.049930999999999996
9699.0,49.98505,0.0499255
9700.0,49.97933333333334,0.04992
9701.0,49.973616666666665,0.0499145
9702.0,49.9679,0.049909
9703.0,49.962183333333336,0.049903499999999996
9704.0,49.95646666666667,0.049898
9705.0,49.95075,0.0498925
9706.0,49.945033333333335,0.049887
9707.0,49.93931666666667,0.0498815
9708.0,49.9336,0.049876
9709.0,49.927883333333334,0.0498705
9710.0,49.92216666666667,0.049865
9711.0,49.916450000000005,0.0498595
9712.0,49.91073333333333,0.049854
9713.0,49.90501666666667,0.0498485
9714.0,49.899300000000004,0.049843
9715.0,49.89358333333333,0.0498375
9716.0,49.88786666666667,0.049832
9717.0,49.88215,0.0498265
9718.0,49.87643333333334,0.049821
9719.0,49.87071666666667,0.0498155
9720.0,49.865,0.04981
9721.0,49.8634,0.04981733333333333
9722.0,49.8618,0.04982466666666667
9723.0,49.8602,0.049832
9724.0,49.8586,0.04983933333333333
9725.0,49.857,0.049846666666666664
9726.0,49.8554,0.049854
9727.0,49.8538,0.049861333333333334
9728.0,49.8522,0.049868666666666665
9729.0,49.8506,0.049876000000000004
9730.0,49.849000000000004,0.049883333333333335
9731.0,49.8474,0.049890666666666666
9732.0,49.845800000000004,0.049898
9733.0,49.8442,0.049905333333333336
9734.0,49.842600000000004,0.04991266666666667
9735.0,49.841,0.04992
9736.0,49.8394,0.04992733333333334
9737.0,49.8378,0.04993466666666667
9738.0,49.8362,0.049942
9739.0,49.8346,0.04994933333333333
9740.0,49.833,0.04995666666666667
9741.0,49.8314,0.049964
9742.0,49.8298,0.04997133333333333
9743.0,49.8282,0.04997866666666667
9744.0,49.8266,0.049986
9745.0,49.825,0.049993333333333334
9746.0,49.8234,0.050000666666666665
9747.0,49.8218,0.050008000000000004
9748.0,49.8202,0.050015333333333335
9749.0,49.8186,0.05002266666666667
9750.0,49.817,0.050030000000000005
9751.0,49.8154,0.050037333333333336
9752.0,49.8138,0.05004466666666667
9753.0,49.8122,0.050052
9754.0,49.8106,0.05005933333333334
9755.0,49.809,0.05006666666666667
9756.0,49.8074,0.050074
9757.0,49.8058,0.05008133333333333
9758.0,49.8042,0.05008866666666667
9759.0,49.8026,0.050096
9760.0,49.801,0.05010333333333333
9761.0,49.7994,0.05011066666666667
9762.0,49.7978,0.050118
9763.0,49.7962,0.050125333333333334
9764.0,49.7946,0.050132666666666666
9765.0,49.793,0.050140000000000004
9766.0,49.791399999999996,0.050147333333333335
9767.0,49.7898,0.05015466666666667
9768.0,49.788199999999996,0.050162000000000005
9769.0,49.7866,0.05016933333333334
9770.0,49.785,0.05017666666666667
9771.0,49.7834,0.050184
9772.0,49.7818,0.05019133333333334
9773.0,49.7802,0.05019866666666667
9774.0,49.7786,0.050206
9775.0,49.777,0.05021333333333334
9776.0,49.7754,0.05022066666666667
9777.0,49.7738,0.050228
9778.0,49.7722,0.05023533333333333
9779.0,49.7706,0.05024266666666667
9780.0,49.769,0.05025
9781.0,49.7733,0.050249
9782.0,49.7776,0.050248
9783.0,49.7819,0.050247
9784.0,49.7862,0.050246000000000006
9785.0,49.7905,0.050245000000000005
9786.0,49.794799999999995,0.050244000000000004
9787.0,49.799099999999996,0.050243
9788.0,49.803399999999996,0.050242
9789.0,49.8077,0.050241
9790.0,49.812,0.05024
9791.0,49.8163,0.050239
9792.0,49.8206,0.050238000000000005
9793.0,49.8249,0.050237000000000004
9794.0,49.8292,0.050236
9795.0,49.8335,0.050235
9796.0,49.8378,0.050234
9797.0,49.8421,0.050233
9798.0,49.8464,0.050232
9799.0,49.850699999999996,0.050231000000000005
9800.0,49.855,0.050230000000000004
9801.0,49.8593,0.050229
9802.0,49.8636,0.050228
9803.0,49.8679,0.050227
9804.0,49.8722,0.050226
9805.0,49.8765,0.050225
9806.0,49.8808,0.050224
9807.0,49.8851,0.050223000000000004
9808.0,49.8894,0.050222
9809.0,49.8937,0.050221
9810.0,49.897999999999996,0.05022
9811.0,49.9023,0.050219
9812.0,49.9066,0.050218
9813.0,49.9109,0.050217
9814.0,49.9152,0.050216000000000004
9815.0,49.9195,0.050215
9816.0,49.9238,0.050214
9817.0,49.9281,0.050213
9818.0,49.9324,0.050212
9819.0,49.9367,0.050211
9820.0,49.941,0.05021
9821.0,49.9453,0.050209
9822.0,49.949600000000004,0.050208
9823.0,49.9539,0.050207
9824.0,49.9582,0.050206
9825.0,49.9625,0.050205
9826.0,49.9668,0.050204
9827.0,49.9711,0.050203
9828.0,49.9754,0.050202
9829.0,49.9797,0.050201
9830.0,49.984,0.0502
9831.0,49.9883,0.050199
9832.0,49.9926,0.050198
9833.0,49.996900000000004,0.050197
9834.0,50.0012,0.050196
9835.0,50.0055,0.050195
9836.0,50.0098,0.050193999999999996
9837.0,50.0141,0.050193
9838.0,50.0184,0.050192
9839.0,50.0227,0.050191
9840.0,50.027,0.05019
9841.0,50.02546666666667,0.050185
9842.0,50.02393333333333,0.050179999999999995
9843.0,50.022400000000005,0.050175
9844.0,50.02086666666667,0.05017
9845.0,50.019333333333336,0.050165
9846.0,50.0178,0.050159999999999996
9847.0,50.01626666666667,0.050155
9848.0,50.01473333333333,0.05015
9849.0,50.0132,0.050144999999999995
9850.0,50.01166666666667,0.05014
9851.0,50.010133333333336,0.050135
9852.0,50.0086,0.05013
9853.0,50.00706666666667,0.050124999999999996
9854.0,50.00553333333333,0.05012
9855.0,50.004000000000005,0.050115
9856.0,50.00246666666667,0.050109999999999995
9857.0,50.000933333333336,0.050105
9858.0,49.9994,0.0501
9859.0,49.99786666666667,0.050095
9860.0,49.99633333333333,0.050089999999999996
9861.0,49.9948,0.050085
9862.0,49.99326666666667,0.05008
9863.0,49.991733333333336,0.050074999999999995
9864.0,49.9902,0.050069999999999996
9865.0,49.98866666666667,0.050065
9866.0,49.98713333333333,0.05006
9867.0,49.985600000000005,0.050054999999999995
9868.0,49.98406666666667,0.05005
9869.0,49.982533333333336,0.050045
9870.0,49.981,0.05004
9871.0,49.97946666666667,0.050034999999999996
9872.0,49.97793333333333,0.05003
9873.0,49.9764,0.050025
9874.0,49.97486666666667,0.050019999999999995
9875.0,49.973333333333336,0.050015
9876.0,49.9718,0.05001
9877.0,49.97026666666667,0.050005
9878.0,49.96873333333333,0.049999999999999996
9879.0,49.967200000000005,0.049995
9880.0,49.96566666666667,0.04999
9881.0,49.964133333333336,0.049984999999999995
9882.0,49.9626,0.04998
9883.0,49.96106666666667,0.049975
9884.0,49.95953333333333,0.04997
9885.0,49.958,0.049964999999999996
9886.0,49.95646666666667,0.04996
9887.0,49.95493333333334,0.049955
9888.0,49.9534,0.049949999999999994
9889.0,49.95186666666667,0.049944999999999996
9890.0,49.95033333333333,0.04994
9891.0,49.948800000000006,0.049935
9892.0,49.94726666666667,0.049929999999999995
9893.0,49.94573333333334,0.049925
9894.0,49.9442,0.04992
9895.0,49.94266666666667,0.049914999999999994
9896.0,49.94113333333333,0.049909999999999996
9897.0,49.9396,0.049905
9898.0,49.93806666666667,0.0499
9899.0,49.93653333333334,0.049894999999999995
9900.0,49.935,0.04989
9901.0,49.938833333333335,0.049894666666666664
9902.0,49.94266666666667,0.04989933333333333
9903.0,49.9465,0.049904
9904.0,49.95033333333333,0.049908666666666664
9905.0,49.954166666666666,0.04991333333333333
9906.0,49.958,0.049918
9907.0,49.96183333333334,0.049922666666666664
9908.0,49.96566666666667,0.04992733333333333
9909.0,49.969500000000004,0.049932
9910.0,49.973333333333336,0.049936666666666664
9911.0,49.97716666666667,0.04994133333333333
9912.0,49.981,0.049946
9913.0,49.984833333333334,0.049950666666666664
9914.0,49.98866666666667,0.04995533333333333
9915.0,49.9925,0.04996
9916.0,49.99633333333333,0.049964666666666664
9917.0,50.000166666666665,0.04996933333333333
9918.0,50.004000000000005,0.049974
9919.0,50.00783333333334,0.049978666666666664
9920.0,50.01166666666667,0.04998333333333333
9921.0,50.0155,0.049988
9922.0,50.019333333333336,0.049992666666666664
9923.0,50.02316666666667,0.04999733333333333
9924.0,50.027,0.050002
9925.0,50.030833333333334,0.050006666666666665
9926.0,50.034666666666666,0.05001133333333333
9927.0,50.0385,0.050016
9928.0,50.04233333333333,0.050020666666666665
9929.0,50.046166666666664,0.05002533333333333
9930.0,50.05,0.05003
9931.0,50.05383333333334,0.050034666666666665
9932.0,50.05766666666667,0.05003933333333333
9933.0,50.0615,0.050044
9934.0,50.065333333333335,0.050048666666666665
9935.0,50.06916666666667,0.05005333333333333
9936.0,50.073,0.050058
9937.0,50.07683333333333,0.050062666666666665
9938.0,50.080666666666666,0.05006733333333333
9939.0,50.0845,0.050072
9940.0,50.08833333333333,0.050076666666666665
9941.0,50.092166666666664,0.05008133333333333
9942.0,50.096000000000004,0.050086
9943.0,50.099833333333336,0.050090666666666665
9944.0,50.10366666666667,0.05009533333333333
9945.0,50.1075,0.0501
9946.0,50.111333333333334,0.050104666666666665
9947.0,50.11516666666667,0.05010933333333333
9948.0,50.119,0.050114
9949.0,50.12283333333333,0.050118666666666666
9950.0,50.126666666666665,0.05012333333333333
9951.0,50.1305,0.050128
9952.0,50.13433333333333,0.050132666666666666
9953.0,50.13816666666666,0.05013733333333333
9954.0,50.141999999999996,0.050142
9955.0,50.145833333333336,0.050146666666666666
9956.0,50.14966666666667,0.05015133333333333
9957.0,50.1535,0.050156
9958.0,50.157333333333334,0.050160666666666666
9959.0,50.16116666666667,0.05016533333333333
9960.0,50.165,0.05017
9961.0,50.16481666666667,0.05016383333333333
9962.0,50.164633333333335,0.05015766666666666
9963.0,50.16445,0.0501515
9964.0,50.16426666666666,0.05014533333333333
9965.0,50.16408333333333,0.050139166666666665
9966.0,50.1639,0.050133
9967.0,50.163716666666666,0.050126833333333336
9968.0,50.16353333333333,0.05012066666666667
9969.0,50.16335,0.0501145
9970.0,50.16316666666667,0.05010833333333333
9971.0,50.16298333333334,0.05010216666666666
9972.0,50.1628,0.050096
9973.0,50.162616666666665,0.05008983333333333
9974.0,50.16243333333333,0.050083666666666665
9975.0,50.16225,0.0500775
9976.0,50.16206666666667,0.05007133333333333
9977.0,50.161883333333336,0.05006516666666667
9978.0,50.1617,0.050059
9979.0,50.161516666666664,0.05005283333333333
9980.0,50.16133333333333,0.05004666666666666
9981.0,50.16115,0.0500405
9982.0,50.16096666666667,0.05003433333333333
9983.0,50.160783333333335,0.050028166666666665
9984.0,50.1606,0.050022
9985.0,50.16041666666667,0.05001583333333333
9986.0,50.16023333333334,0.05000966666666667
9987.0,50.16005,0.0500035
9988.0,50.159866666666666,0.04999733333333333
9989.0,50.159683333333334,0.04999116666666666
9990.0,50.1595,0.049985
9991.0,50.15931666666667,0.04997883333333333
9992.0,50.15913333333334,0.049972666666666665
9993.0,50.158950000000004,0.0499665
9994.0,50.158766666666665,0.04996033333333333
9995.0,50.15858333333333,0.04995416666666667
9996.0,50.1584,0.049948
9997.0,50.15821666666667,0.04994183333333333
9998.0,50.158033333333336,0.04993566666666666
9999.0,50.15785,0.049929499999999995
10000.0,50.15766666666667,0.04992333333333333
10001.0,50.15748333333334,0.049917166666666665
10002.0,50.1573,0.049911
10003.0,50.15711666666667,0.04990483333333333
10004.0,50.156933333333335,0.04989866666666667
10005.0,50.15675,0.0498925
10006.0,50.15656666666667,0.04988633333333333
10007.0,50.15638333333334,0.04988016666666666
10008.0,50.156200000000005,0.049873999999999995
10009.0,50.156016666666666,0.04986783333333333
10010.0,50.155833333333334,0.049861666666666665
10011.0,50.15565,0.0498555
10012.0,50.15546666666667,0.04984933333333333
10013.0,50.15528333333334,0.04984316666666666
10014.0,50.155100000000004,0.049837
10015.0,50.15491666666667,0.04983083333333333
10016.0,50.15473333333334,0.04982466666666666
10017.0,50.15455,0.049818499999999995
10018.0,50.15436666666667,0.04981233333333333
10019.0,50.154183333333336,0.049806166666666665
10020.0,50.154,0.0498
10021.0,50.14991666666667,0.0498075
10022.0,50.145833333333336,0.049815
10023.0,50.14175,0.0498225
10024.0,50.13766666666667,0.04983
10025.0,50.133583333333334,0.0498375
10026.0,50.1295,0.049845
10027.0,50.125416666666666,0.0498525
10028.0,50.12133333333334,0.049859999999999995
10029.0,50.117250000000006,0.049867499999999995
10030.0,50.11316666666667,0.049874999999999996
10031.0,50.10908333333334,0.049882499999999996
10032.0,50.105000000000004,0.04989
10033.0,50.10091666666667,0.0498975
10034.0,50.096833333333336,0.049905
10035.0,50.09275,0.0499125
10036.0,50.08866666666667,0.04992
10037.0,50.084583333333335,0.0499275
10038.0,50.0805,0.049935
10039.0,50.07641666666667,0.0499425
10040.0,50.07233333333333,0.04995
10041.0,50.06825,0.0499575
10042.0,50.064166666666665,0.049965
10043.0,50.06008333333334,0.049972499999999996
10044.0,50.056000000000004,0.04998
10045.0,50.05191666666667,0.0499875
10046.0,50.04783333333334,0.049995
10047.0,50.04375,0.0500025
10048.0,50.03966666666667,0.05001
10049.0,50.035583333333335,0.0500175
10050.0,50.0315,0.050025
10051.0,50.02741666666667,0.0500325
10052.0,50.02333333333333,0.05004
10053.0,50.01925,0.0500475
10054.0,50.015166666666666,0.050055
10055.0,50.01108333333333,0.0500625
10056.0,50.007,0.05007
10057.0,50.002916666666664,0.050077500000000004
10058.0,49.99883333333334,0.050085
10059.0,49.99475,0.0500925
10060.0,49.99066666666667,0.0501
10061.0,49.986583333333336,0.0501075
10062.0,49.9825,0.050115
10063.0,49.97841666666667,0.0501225
10064.0,49.974333333333334,0.05013
10065.0,49.97025,0.0501375
10066.0,49.966166666666666,0.050145
10067.0,49.96208333333333,0.0501525
10068.0,49.958,0.05016
10069.0,49.953916666666665,0.050167500000000004
10070.0,49.94983333333333,0.050175000000000004
10071.0,49.94575,0.050182500000000005
10072.0,49.94166666666666,0.050190000000000005
10073.0,49.937583333333336,0.0501975
10074.0,49.9335,0.050205
10075.0,49.92941666666667,0.0502125
10076.0,49.925333333333334,0.05022
10077.0,49.92125,0.0502275
10078.0,49.91716666666667,0.050235
10079.0,49.91308333333333,0.0502425
10080.0,49.909,0.05025
10081.0,49.91428333333333,0.05024716666666667
10082.0,49.91956666666667,0.050244333333333335
10083.0,49.92485,0.0502415
10084.0,49.93013333333333,0.05023866666666667
10085.0,49.93541666666667,0.050235833333333334
10086.0,49.9407,0.050233
10087.0,49.94598333333333,0.050230166666666666
10088.0,49.95126666666667,0.05022733333333334
10089.0,49.95655,0.050224500000000005
10090.0,49.96183333333333,0.05022166666666667
10091.0,49.96711666666666,0.05021883333333334
10092.0,49.9724,0.050216000000000004
10093.0,49.97768333333333,0.05021316666666667
10094.0,49.98296666666666,0.050210333333333336
10095.0,49.98825,0.0502075
10096.0,49.99353333333333,0.05020466666666667
10097.0,49.99881666666666,0.050201833333333334
10098.0,50.0041,0.050199
10099.0,50.00938333333333,0.05019616666666667
10100.0,50.01466666666666,0.05019333333333333
10101.0,50.01995,0.0501905
10102.0,50.02523333333333,0.050187666666666665
10103.0,50.030516666666664,0.05018483333333334
10104.0,50.0358,0.050182000000000004
10105.0,50.04108333333333,0.05017916666666667
10106.0,50.046366666666664,0.05017633333333334
10107.0,50.05165,0.0501735
10108.0,50.05693333333333,0.05017066666666667
10109.0,50.062216666666664,0.050167833333333335
10110.0,50.067499999999995,0.050165
10111.0,50.072783333333334,0.05016216666666667
10112.0,50.078066666666665,0.050159333333333334
10113.0,50.083349999999996,0.0501565
10114.0,50.088633333333334,0.050153666666666666
10115.0,50.093916666666665,0.05015083333333333
10116.0,50.099199999999996,0.050148
10117.0,50.104483333333334,0.050145166666666664
10118.0,50.109766666666665,0.05014233333333334
10119.0,50.11505,0.050139500000000004
10120.0,50.120333333333335,0.05013666666666667
10121.0,50.125616666666666,0.050133833333333336
10122.0,50.1309,0.050131
10123.0,50.136183333333335,0.05012816666666667
10124.0,50.141466666666666,0.050125333333333334
10125.0,50.14675,0.0501225
10126.0,50.152033333333335,0.05011966666666667
10127.0,50.15731666666667,0.05011683333333333
10128.0,50.1626,0.050114
10129.0,50.167883333333336,0.050111166666666665
10130.0,50.17316666666667,0.05010833333333333
10131.0,50.17845,0.0501055
10132.0,50.18373333333333,0.05010266666666666
10133.0,50.18901666666667,0.050099833333333336
10134.0,50.1943,0.050097
10135.0,50.19958333333333,0.05009416666666667
10136.0,50.20486666666667,0.050091333333333335
10137.0,50.21015,0.0500885
10138.0,50.21543333333333,0.05008566666666667
10139.0,50.22071666666667,0.05008283333333333
10140.0,50.226,0.05008
10141.0,50.220483333333334,0.05008
10142.0,50.21496666666667,0.05008
10143.0,50.20945,0.05008
10144.0,50.20393333333333,0.05008
10145.0,50.19841666666667,0.05008
10146.0,50.1929,0.05008
10147.0,50.18738333333333,0.05008
10148.0,50.181866666666664,0.05008
10149.0,50.17635,0.05008
10150.0,50.170833333333334,0.05008
10151.0,50.16531666666667,0.05008
10152.0,50.1598,0.05008
10153.0,50.15428333333333,0.05008
10154.0,50.14876666666667,0.05008
10155.0,50.14325,0.05008
10156.0,50.13773333333334,0.05008
10157.0,50.132216666666665,0.05008
10158.0,50.1267,0.05008
10159.0,50.121183333333335,0.05008
10160.0,50.11566666666667,0.05008
10161.0,50.11015,0.05008
10162.0,50.10463333333333,0.05008
10163.0,50.09911666666667,0.05008
10164.0,50.0936,0.05008
10165.0,50.08808333333334,0.05008
10166.0,50.082566666666665,0.05008
10167.0,50.07705,0.05008
10168.0,50.071533333333335,0.05008
10169.0,50.06601666666667,0.05008
10170.0,50.060500000000005,0.05008
10171.0,50.05498333333333,0.05008
10172.0,50.04946666666667,0.05008
10173.0,50.04395,0.05008
10174.0,50.03843333333334,0.05008
10175.0,50.032916666666665,0.05008
10176.0,50.0274,0.05008
10177.0,50.021883333333335,0.05008
10178.0,50.01636666666667,0.05008
10179.0,50.010850000000005,0.05008
10180.0,50.00533333333333,0.05008
10181.0,49.99981666666667,0.05008
10182.0,49.9943,0.05008
10183.0,49.98878333333334,0.05008
10184.0,49.983266666666665,0.05008
10185.0,49.97775,0.05008
10186.0,49.972233333333335,0.05008
10187.0,49.96671666666667,0.05008
10188.0,49.961200000000005,0.05008
10189.0,49.95568333333333,0.05008
10190.0,49.95016666666667,0.05008
10191.0,49.94465,0.05008
10192.0,49.93913333333334,0.05008
10193.0,49.93361666666667,0.05008
10194.0,49.9281,0.05008
10195.0,49.922583333333336,0.05008
10196.0,49.91706666666667,0.05008
10197.0,49.911550000000005,0.05008
10198.0,49.90603333333333,0.05008
10199.0,49.90051666666667,0.05008
10200.0,49.895,0.05008
10201.0,49.896883333333335,0.05007533333333333
10202.0,49.89876666666667,0.050070666666666666
10203.0,49.900650000000006,0.050066
10204.0,49.90253333333334,0.05006133333333333
10205.0,49.90441666666667,0.050056666666666666
10206.0,49.9063,0.050052
10207.0,49.908183333333334,0.05004733333333333
10208.0,49.91006666666667,0.050042666666666666
10209.0,49.911950000000004,0.050038
10210.0,49.913833333333336,0.05003333333333333
10211.0,49.91571666666667,0.050028666666666666
10212.0,49.9176,0.050024
10213.0,49.91948333333334,0.05001933333333333
10214.0,49.92136666666667,0.050014666666666666
10215.0,49.92325,0.05001
10216.0,49.925133333333335,0.05000533333333333
10217.0,49.92701666666667,0.050000666666666665
10218.0,49.928900000000006,0.049996
10219.0,49.93078333333334,0.04999133333333333
10220.0,49.93266666666667,0.049986666666666665
10221.0,49.93455,0.049982
10222.0,49.93643333333333,0.04997733333333333
10223.0,49.93831666666667,0.049972666666666665
10224.0,49.940200000000004,0.049968
10225.0,49.942083333333336,0.04996333333333333
10226.0,49.94396666666667,0.049958666666666665
10227.0,49.94585,0.049954
10228.0,49.94773333333334,0.04994933333333333
10229.0,49.94961666666667,0.049944666666666665
10230.0,49.9515,0.04994
10231.0,49.953383333333335,0.04993533333333333
10232.0,49.95526666666667,0.049930666666666665
10233.0,49.957150000000006,0.049926
10234.0,49.95903333333334,0.04992133333333333
10235.0,49.96091666666667,0.049916666666666665
10236.0,49.9628,0.049912
10237.0,49.96468333333333,0.04990733333333333
10238.0,49.96656666666667,0.049902666666666665
10239.0,49.968450000000004,0.049898
10240.0,49.970333333333336,0.04989333333333333
10241.0,49.97221666666667,0.049888666666666664
10242.0,49.9741,0.049884
10243.0,49.97598333333334,0.04987933333333333
10244.0,49.97786666666667,0.049874666666666664
10245.0,49.97975,0.04987
10246.0,49.981633333333335,0.04986533333333333
10247.0,49.98351666666667,0.049860666666666664
10248.0,49.985400000000006,0.049856
10249.0,49.98728333333334,0.04985133333333333
10250.0,49.98916666666667,0.049846666666666664
10251.0,49.99105,0.049842
10252.0,49.99293333333333,0.04983733333333333
10253.0,49.99481666666667,0.049832666666666664
10254.0,49.996700000000004,0.049828
10255.0,49.998583333333336,0.04982333333333333
10256.0,50.00046666666667,0.049818666666666664
10257.0,50.00235,0.049814
10258.0,50.00423333333334,0.04980933333333333
10259.0,50.00611666666667,0.049804666666666664
10260.0,50.008,0.0498
10261.0,50.005833333333335,0.049806666666666666
10262.0,50.00366666666667,0.04981333333333333
10263.0,50.0015,0.049819999999999996
10264.0,49.99933333333333,0.049826666666666665
10265.0,49.99716666666667,0.049833333333333334
10266.0,49.995000000000005,0.049839999999999995
10267.0,49.99283333333334,0.049846666666666664
10268.0,49.99066666666667,0.04985333333333333
10269.0,49.9885,0.049859999999999995
10270.0,49.986333333333334,0.04986666666666666
10271.0,49.98416666666667,0.04987333333333333
10272.0,49.982,0.04988
10273.0,49.97983333333334,0.04988666666666666
10274.0,49.97766666666667,0.04989333333333333
10275.0,49.975500000000004,0.0499
10276.0,49.973333333333336,0.04990666666666666
10277.0,49.97116666666667,0.04991333333333333
10278.0,49.969,0.04992
10279.0,49.966833333333334,0.04992666666666667
10280.0,49.964666666666666,0.04993333333333333
10281.0,49.9625,0.04994
10282.0,49.96033333333334,0.04994666666666667
10283.0,49.95816666666667,0.04995333333333333
10284.0,49.956,0.04996
10285.0,49.953833333333336,0.049966666666666666
10286.0,49.95166666666667,0.049973333333333335
10287.0,49.9495,0.04998
10288.0,49.94733333333333,0.049986666666666665
10289.0,49.945166666666665,0.049993333333333334
10290.0,49.943,0.05
10291.0,49.94083333333334,0.050006666666666665
10292.0,49.93866666666667,0.05001333333333333
10293.0,49.9365,0.05002
10294.0,49.934333333333335,0.050026666666666664
10295.0,49.93216666666667,0.05003333333333333
10296.0,49.93,0.05004
10297.0,49.92783333333333,0.05004666666666667
10298.0,49.925666666666665,0.05005333333333333
10299.0,49.923500000000004,0.05006
10300.0,49.92133333333334,0.05006666666666667
10301.0,49.91916666666667,0.05007333333333333
10302.0,49.917,0.05008
10303.0,49.914833333333334,0.05008666666666667
10304.0,49.91266666666667,0.05009333333333334
10305.0,49.9105,0.0501
10306.0,49.90833333333333,0.05010666666666667
10307.0,49.906166666666664,0.050113333333333336
10308.0,49.904,0.05012
10309.0,49.901833333333336,0.05012666666666667
10310.0,49.89966666666667,0.050133333333333335
10311.0,49.8975,0.050140000000000004
10312.0,49.89533333333333,0.050146666666666666
10313.0,49.893166666666666,0.050153333333333334
10314.0,49.891,0.05016
10315.0,49.88883333333333,0.050166666666666665
10316.0,49.88666666666667,0.050173333333333334
10317.0,49.8845,0.05018
10318.0,49.882333333333335,0.05018666666666667
10319.0,49.88016666666667,0.05019333333333333
10320.0,49.878,0.0502
10321.0,49.88366666666667,0.05019266666666667
10322.0,49.88933333333333,0.05018533333333333
10323.0,49.895,0.050178
10324.0,49.900666666666666,0.05017066666666667
10325.0,49.906333333333336,0.05016333333333334
10326.0,49.912,0.050156
10327.0,49.91766666666667,0.05014866666666667
10328.0,49.92333333333333,0.050141333333333336
10329.0,49.929,0.050134
10330.0,49.934666666666665,0.05012666666666667
10331.0,49.940333333333335,0.050119333333333335
10332.0,49.946,0.050112000000000004
10333.0,49.95166666666667,0.050104666666666665
10334.0,49.95733333333333,0.050097333333333334
10335.0,49.963,0.05009
10336.0,49.96866666666667,0.050082666666666664
10337.0,49.974333333333334,0.05007533333333333
10338.0,49.980000000000004,0.050068
10339.0,49.98566666666667,0.05006066666666667
10340.0,49.99133333333334,0.05005333333333333
10341.0,49.997,0.050046
10342.0,50.00266666666667,0.05003866666666667
10343.0,50.00833333333333,0.05003133333333333
10344.0,50.014,0.050024
10345.0,50.019666666666666,0.05001666666666667
10346.0,50.025333333333336,0.050009333333333336
10347.0,50.031,0.050002
10348.0,50.03666666666667,0.049994666666666666
10349.0,50.04233333333333,0.049987333333333335
10350.0,50.048,0.04998
10351.0,50.05366666666667,0.049972666666666665
10352.0,50.059333333333335,0.049965333333333334
10353.0,50.065000000000005,0.049958
10354.0,50.07066666666667,0.049950666666666664
10355.0,50.07633333333334,0.04994333333333333
10356.0,50.082,0.049936
10357.0,50.08766666666667,0.04992866666666667
10358.0,50.093333333333334,0.04992133333333333
10359.0,50.099000000000004,0.049914
10360.0,50.10466666666667,0.04990666666666667
10361.0,50.11033333333334,0.04989933333333333
10362.0,50.116,0.049892
10363.0,50.12166666666667,0.04988466666666667
10364.0,50.12733333333333,0.049877333333333336
10365.0,50.133,0.04987
10366.0,50.13866666666667,0.049862666666666666
10367.0,50.144333333333336,0.049855333333333335
10368.0,50.150000000000006,0.049847999999999996
10369.0,50.15566666666667,0.049840666666666665
10370.0,50.16133333333334,0.049833333333333334
10371.0,50.167,0.049826
10372.0,50.17266666666667,0.049818666666666664
10373.0,50.178333333333335,0.04981133333333333
10374.0,50.184000000000005,0.049804
10375.0,50.18966666666667,0.04979666666666666
10376.0,50.19533333333334,0.04978933333333333
10377.0,50.201,0.049782
10378.0,50.20666666666667,0.04977466666666667
10379.0,50.21233333333333,0.04976733333333333
10380.0,50.218,0.04976
10381.0,50.21156666666667,0.04976183333333333
10382.0,50.205133333333336,0.049763666666666664
10383.0,50.1987,0.0497655
10384.0,50.19226666666667,0.04976733333333333
10385.0,50.185833333333335,0.04976916666666666
10386.0,50.1794,0.049770999999999996
10387.0,50.17296666666667,0.04977283333333333
10388.0,50.166533333333334,0.04977466666666667
10389.0,50.1601,0.0497765
10390.0,50.153666666666666,0.049778333333333334
10391.0,50.14723333333334,0.04978016666666667
10392.0,50.140800000000006,0.049782
10393.0,50.13436666666667,0.04978383333333333
10394.0,50.12793333333334,0.049785666666666666
10395.0,50.121500000000005,0.0497875
10396.0,50.11506666666667,0.04978933333333333
10397.0,50.10863333333334,0.049791166666666664
10398.0,50.1022,0.049793
10399.0,50.09576666666667,0.04979483333333333
10400.0,50.089333333333336,0.04979666666666666
10401.0,50.0829,0.049798499999999996
10402.0,50.07646666666667,0.04980033333333333
10403.0,50.070033333333335,0.04980216666666667
10404.0,50.0636,0.049804
10405.0,50.05716666666667,0.049805833333333334
10406.0,50.05073333333333,0.04980766666666667
10407.0,50.0443,0.0498095
10408.0,50.037866666666666,0.04981133333333333
10409.0,50.03143333333333,0.049813166666666665
10410.0,50.025000000000006,0.049815
10411.0,50.01856666666667,0.04981683333333333
10412.0,50.01213333333334,0.049818666666666664
10413.0,50.005700000000004,0.0498205
10414.0,49.99926666666667,0.04982233333333333
10415.0,49.99283333333334,0.04982416666666666
10416.0,49.9864,0.049825999999999995
10417.0,49.97996666666667,0.04982783333333333
10418.0,49.973533333333336,0.04982966666666667
10419.0,49.9671,0.0498315
10420.0,49.96066666666667,0.049833333333333334
10421.0,49.954233333333335,0.049835166666666667
10422.0,49.9478,0.049837
10423.0,49.94136666666667,0.04983883333333333
10424.0,49.93493333333333,0.049840666666666665
10425.0,49.9285,0.0498425
10426.0,49.922066666666666,0.04984433333333333
10427.0,49.91563333333333,0.049846166666666664
10428.0,49.9092,0.049847999999999996
10429.0,49.902766666666665,0.04984983333333333
10430.0,49.89633333333333,0.04985166666666666
10431.0,49.889900000000004,0.049853499999999995
10432.0,49.88346666666667,0.04985533333333333
10433.0,49.87703333333334,0.04985716666666667
10434.0,49.8706,0.049859
10435.0,49.86416666666667,0.04986083333333333
10436.0,49.857733333333336,0.049862666666666666
10437.0,49.8513,0.0498645
10438.0,49.84486666666667,0.04986633333333333
10439.0,49.838433333333334,0.049868166666666665
10440.0,49.832,0.04987
10441.0,49.831,0.049869166666666666
10442.0,49.83,0.049868333333333334
10443.0,49.829,0.049867499999999995
10444.0,49.828,0.04986666666666666
10445.0,49.827,0.04986583333333333
10446.0,49.826,0.049865
10447.0,49.825,0.04986416666666667
10448.0,49.824,0.04986333333333333
10449.0,49.823,0.0498625
10450.0,49.822,0.049861666666666665
10451.0,49.821,0.04986083333333333
10452.0,49.82,0.04986
10453.0,49.819,0.04985916666666666
10454.0,49.818,0.04985833333333333
10455.0,49.817,0.0498575
10456.0,49.816,0.04985666666666667
10457.0,49.815,0.049855833333333335
10458.0,49.814,0.049855
10459.0,49.813,0.049854166666666665
10460.0,49.812,0.04985333333333333
10461.0,49.811,0.0498525
10462.0,49.81,0.04985166666666667
10463.0,49.809,0.04985083333333333
10464.0,49.808,0.04985
10465.0,49.807,0.04984916666666667
10466.0,49.806,0.049848333333333335
10467.0,49.805,0.0498475
10468.0,49.804,0.049846666666666664
10469.0,49.803,0.04984583333333333
10470.0,49.802,0.049845
10471.0,49.801,0.04984416666666667
10472.0,49.8,0.04984333333333334
10473.0,49.799,0.0498425
10474.0,49.798,0.049841666666666666
10475.0,49.797,0.049840833333333334
10476.0,49.796,0.04984
10477.0,49.795,0.04983916666666667
10478.0,49.794,0.04983833333333333
10479.0,49.793,0.0498375
10480.0,49.792,0.04983666666666667
10481.0,49.791,0.049835833333333336
10482.0,49.79,0.049835000000000004
10483.0,49.789,0.049834166666666666
10484.0,49.788,0.049833333333333334
10485.0,49.787,0.0498325
10486.0,49.786,0.04983166666666667
10487.0,49.785,0.04983083333333334
10488.0,49.784,0.04983
10489.0,49.783,0.04982916666666667
10490.0,49.782,0.049828333333333336
10491.0,49.781,0.049827500000000004
10492.0,49.78,0.04982666666666667
10493.0,49.778999999999996,0.04982583333333333
10494.0,49.778,0.049825
10495.0,49.777,0.04982416666666667
10496.0,49.775999999999996,0.04982333333333334
10497.0,49.775,0.049822500000000006
10498.0,49.774,0.04982166666666667
10499.0,49.772999999999996,0.049820833333333335
10500.0,49.772,0.04982
10501.0,49.77526666666667,0.04982533333333334
10502.0,49.77853333333333,0.04983066666666667
10503.0,49.7818,0.049836000000000005
10504.0,49.785066666666665,0.049841333333333335
10505.0,49.788333333333334,0.04984666666666667
10506.0,49.7916,0.049852
10507.0,49.794866666666664,0.04985733333333334
10508.0,49.79813333333333,0.049862666666666666
10509.0,49.8014,0.049868
10510.0,49.80466666666666,0.04987333333333334
10511.0,49.80793333333333,0.04987866666666667
10512.0,49.8112,0.049884000000000005
10513.0,49.81446666666667,0.049889333333333334
10514.0,49.81773333333334,0.04989466666666667
10515.0,49.821,0.0499
10516.0,49.82426666666667,0.049905333333333336
10517.0,49.827533333333335,0.049910666666666666
10518.0,49.830799999999996,0.049916
10519.0,49.834066666666665,0.04992133333333333
10520.0,49.83733333333333,0.04992666666666667
10521.0,49.8406,0.049932000000000004
10522.0,49.84386666666667,0.049937333333333334
10523.0,49.84713333333333,0.04994266666666667
10524.0,49.8504,0.049948
10525.0,49.85366666666667,0.049953333333333336
10526.0,49.85693333333333,0.049958666666666665
10527.0,49.8602,0.049964
10528.0,49.86346666666667,0.04996933333333333
10529.0,49.866733333333336,0.04997466666666667
10530.0,49.870000000000005,0.04998
10531.0,49.873266666666666,0.04998533333333333
10532.0,49.876533333333334,0.04999066666666667
10533.0,49.8798,0.049996
10534.0,49.883066666666664,0.050001333333333335
10535.0,49.88633333333333,0.050006666666666665
10536.0,49.8896,0.050012
10537.0,49.89286666666667,0.05001733333333333
10538.0,49.89613333333334,0.05002266666666667
10539.0,49.8994,0.050027999999999996
10540.0,49.90266666666667,0.05003333333333333
10541.0,49.90593333333334,0.05003866666666667
10542.0,49.9092,0.050044
10543.0,49.91246666666667,0.050049333333333335
10544.0,49.915733333333336,0.050054666666666664
10545.0,49.919000000000004,0.05006
10546.0,49.92226666666667,0.05006533333333333
10547.0,49.925533333333334,0.050070666666666666
10548.0,49.9288,0.050075999999999996
10549.0,49.93206666666667,0.05008133333333333
10550.0,49.93533333333333,0.05008666666666667
10551.0,49.9386,0.050092
10552.0,49.94186666666667,0.050097333333333334
10553.0,49.94513333333334,0.05010266666666666
10554.0,49.94840000000001,0.050108
10555.0,49.95166666666667,0.05011333333333333
10556.0,49.95493333333334,0.050118666666666666
10557.0,49.958200000000005,0.050123999999999995
10558.0,49.96146666666667,0.05012933333333333
10559.0,49.964733333333335,0.05013466666666666
10560.0,49.968,0.05014
10561.0,49.972633333333334,0.05013516666666666
10562.0,49.97726666666667,0.05013033333333333
10563.0,49.9819,0.050125499999999996
10564.0,49.986533333333334,0.05012066666666666
10565.0,49.99116666666667,0.05011583333333333
10566.0,49.9958,0.050110999999999996
10567.0,50.00043333333333,0.05010616666666667
10568.0,50.00506666666667,0.05010133333333333
10569.0,50.0097,0.050096499999999995
10570.0,50.01433333333334,0.050091666666666666
10571.0,50.01896666666667,0.05008683333333333
10572.0,50.0236,0.050081999999999995
10573.0,50.02823333333334,0.050077166666666666
10574.0,50.03286666666667,0.05007233333333333
10575.0,50.0375,0.0500675
10576.0,50.04213333333334,0.050062666666666665
10577.0,50.04676666666667,0.05005783333333333
10578.0,50.0514,0.050053
10579.0,50.05603333333334,0.050048166666666664
10580.0,50.06066666666667,0.05004333333333333
10581.0,50.0653,0.0500385
10582.0,50.06993333333334,0.050033666666666664
10583.0,50.07456666666667,0.05002883333333333
10584.0,50.0792,0.050024
10585.0,50.08383333333334,0.05001916666666666
10586.0,50.08846666666667,0.050014333333333334
10587.0,50.0931,0.0500095
10588.0,50.09773333333334,0.05000466666666666
10589.0,50.10236666666667,0.049999833333333334
10590.0,50.107,0.049995
10591.0,50.11163333333334,0.04999016666666666
10592.0,50.11626666666667,0.04998533333333333
10593.0,50.120900000000006,0.0499805
10594.0,50.12553333333334,0.04997566666666666
10595.0,50.13016666666667,0.04997083333333333
10596.0,50.134800000000006,0.049965999999999997
10597.0,50.139433333333336,0.04996116666666667
10598.0,50.14406666666667,0.04995633333333333
10599.0,50.148700000000005,0.049951499999999996
10600.0,50.153333333333336,0.04994666666666667
10601.0,50.15796666666667,0.04994183333333333
10602.0,50.162600000000005,0.049936999999999995
10603.0,50.167233333333336,0.049932166666666666
10604.0,50.171866666666666,0.04992733333333333
10605.0,50.176500000000004,0.049922499999999995
10606.0,50.181133333333335,0.049917666666666666
10607.0,50.185766666666666,0.04991283333333333
10608.0,50.190400000000004,0.049908
10609.0,50.195033333333335,0.049903166666666665
10610.0,50.19966666666667,0.04989833333333333
10611.0,50.2043,0.0498935
10612.0,50.208933333333334,0.049888666666666664
10613.0,50.21356666666667,0.04988383333333333
10614.0,50.2182,0.049879
10615.0,50.222833333333334,0.049874166666666664
10616.0,50.22746666666667,0.049869333333333335
10617.0,50.2321,0.0498645
10618.0,50.23673333333333,0.04985966666666666
10619.0,50.24136666666667,0.049854833333333334
10620.0,50.246,0.04985
10621.0,50.24516666666667,0.049856
10622.0,50.24433333333334,0.049862
10623.0,50.243500000000004,0.049867999999999996
10624.0,50.24266666666667,0.049874
10625.0,50.24183333333333,0.04988
10626.0,50.241,0.049886
10627.0,50.24016666666667,0.049892
10628.0,50.239333333333335,0.049898
10629.0,50.2385,0.049904
10630.0,50.23766666666667,0.049909999999999996
10631.0,50.23683333333334,0.049915999999999995
10632.0,50.236000000000004,0.049922
10633.0,50.235166666666665,0.049928
10634.0,50.23433333333333,0.049934
10635.0,50.2335,0.04994
10636.0,50.23266666666667,0.049946
10637.0,50.231833333333334,0.049951999999999996
10638.0,50.231,0.049957999999999995
10639.0,50.23016666666667,0.049964
10640.0,50.22933333333334,0.04997
10641.0,50.228500000000004,0.049976
10642.0,50.227666666666664,0.049982
10643.0,50.22683333333333,0.049988
10644.0,50.226,0.049994
10645.0,50.22516666666667,0.049999999999999996
10646.0,50.224333333333334,0.050005999999999995
10647.0,50.2235,0.050012
10648.0,50.22266666666667,0.050018
10649.0,50.221833333333336,0.050024
10650.0,50.221000000000004,0.05003
10651.0,50.220166666666664,0.050036
10652.0,50.21933333333333,0.050041999999999996
10653.0,50.2185,0.050047999999999995
10654.0,50.217666666666666,0.050054
10655.0,50.216833333333334,0.05006
10656.0,50.216,0.050066
10657.0,50.21516666666667,0.050072
10658.0,50.214333333333336,0.050078
10659.0,50.213499999999996,0.050084
10660.0,50.212666666666664,0.050089999999999996
10661.0,50.21183333333333,0.050095999999999995
10662.0,50.211,0.050102
10663.0,50.210166666666666,0.050108
10664.0,50.20933333333333,0.050114
10665.0,50.2085,0.05012
10666.0,50.20766666666667,0.050126
10667.0,50.206833333333336,0.050131999999999996
10668.0,50.205999999999996,0.050137999999999995
10669.0,50.20516666666666,0.050144
10670.0,50.20433333333333,0.05015
10671.0,50.2035,0.050156
10672.0,50.202666666666666,0.050162
10673.0,50.20183333333333,0.050168
10674.0,50.201,0.050173999999999996
10675.0,50.20016666666667,0.050179999999999995
10676.0,50.19933333333333,0.050185999999999995
10677.0,50.198499999999996,0.050192
10678.0,50.19766666666666,0.050198
10679.0,50.19683333333333,0.050204
10680.0,50.196,0.05021
10681.0,50.1948,0.050207833333333333
10682.0,50.193599999999996,0.05020566666666666
10683.0,50.1924,0.0502035
10684.0,50.191199999999995,0.050201333333333334
10685.0,50.19,0.05019916666666666
10686.0,50.1888,0.050197
10687.0,50.187599999999996,0.050194833333333334
10688.0,50.1864,0.05019266666666666
10689.0,50.1852,0.0501905
10690.0,50.184,0.050188333333333335
10691.0,50.1828,0.050186166666666664
10692.0,50.181599999999996,0.050184
10693.0,50.1804,0.05018183333333333
10694.0,50.1792,0.050179666666666664
10695.0,50.178,0.0501775
10696.0,50.1768,0.05017533333333333
10697.0,50.175599999999996,0.050173166666666665
10698.0,50.1744,0.050171
10699.0,50.1732,0.05016883333333333
10700.0,50.172,0.050166666666666665
10701.0,50.1708,0.0501645
10702.0,50.1696,0.05016233333333333
10703.0,50.1684,0.050160166666666665
10704.0,50.1672,0.050158
10705.0,50.166,0.05015583333333333
10706.0,50.1648,0.050153666666666666
10707.0,50.1636,0.0501515
10708.0,50.1624,0.05014933333333333
10709.0,50.1612,0.050147166666666666
10710.0,50.16,0.050144999999999995
10711.0,50.1588,0.05014283333333333
10712.0,50.1576,0.05014066666666667
10713.0,50.1564,0.050138499999999996
10714.0,50.1552,0.05013633333333333
10715.0,50.154,0.05013416666666667
10716.0,50.1528,0.050131999999999996
10717.0,50.1516,0.05012983333333333
10718.0,50.1504,0.05012766666666667
10719.0,50.1492,0.050125499999999996
10720.0,50.148,0.05012333333333333
10721.0,50.1468,0.05012116666666667
10722.0,50.1456,0.050119
10723.0,50.144400000000005,0.05011683333333333
10724.0,50.1432,0.05011466666666667
10725.0,50.142,0.0501125
10726.0,50.1408,0.05011033333333333
10727.0,50.1396,0.05010816666666667
10728.0,50.138400000000004,0.050106
10729.0,50.1372,0.050103833333333334
10730.0,50.136,0.05010166666666667
10731.0,50.1348,0.0500995
10732.0,50.1336,0.050097333333333334
10733.0,50.132400000000004,0.05009516666666666
10734.0,50.1312,0.050093
10735.0,50.13,0.050090833333333334
10736.0,50.128800000000005,0.05008866666666666
10737.0,50.1276,0.0500865
10738.0,50.126400000000004,0.050084333333333335
10739.0,50.1252,0.050082166666666664
10740.0,50.124,0.05008
10741.0,50.12518333333333,0.05007483333333333
10742.0,50.12636666666667,0.050069666666666665
10743.0,50.12755,0.0500645
10744.0,50.12873333333334,0.05005933333333333
10745.0,50.12991666666667,0.050054166666666663
10746.0,50.1311,0.050048999999999996
10747.0,50.13228333333333,0.050043833333333336
10748.0,50.13346666666667,0.05003866666666667
10749.0,50.13465,0.0500335
10750.0,50.13583333333334,0.050028333333333334
10751.0,50.13701666666667,0.05002316666666667
10752.0,50.138200000000005,0.050018
10753.0,50.139383333333335,0.05001283333333333
10754.0,50.14056666666667,0.050007666666666666
10755.0,50.14175,0.0500025
10756.0,50.14293333333333,0.04999733333333333
10757.0,50.14411666666667,0.049992166666666664
10758.0,50.1453,0.049987000000000004
10759.0,50.146483333333336,0.049981833333333336
10760.0,50.147666666666666,0.04997666666666667
10761.0,50.14885,0.0499715
10762.0,50.15003333333333,0.049966333333333335
10763.0,50.15121666666667,0.04996116666666667
10764.0,50.1524,0.049956
10765.0,50.15358333333334,0.04995083333333333
10766.0,50.15476666666667,0.049945666666666666
10767.0,50.155950000000004,0.0499405
10768.0,50.157133333333334,0.04993533333333333
10769.0,50.15831666666667,0.049930166666666664
10770.0,50.1595,0.049925
10771.0,50.16068333333333,0.04991983333333334
10772.0,50.16186666666667,0.04991466666666667
10773.0,50.16305,0.0499095
10774.0,50.164233333333335,0.049904333333333335
10775.0,50.165416666666665,0.04989916666666667
10776.0,50.1666,0.049894
10777.0,50.16778333333333,0.049888833333333334
10778.0,50.16896666666667,0.049883666666666666
10779.0,50.17015,0.0498785
10780.0,50.17133333333334,0.04987333333333333
10781.0,50.17251666666667,0.049868166666666665
10782.0,50.173700000000004,0.049863000000000005
10783.0,50.174883333333334,0.04985783333333334
10784.0,50.17606666666667,0.04985266666666667
10785.0,50.17725,0.0498475
10786.0,50.17843333333333,0.049842333333333336
10787.0,50.17961666666667,0.04983716666666667
10788.0,50.1808,0.049832
10789.0,50.181983333333335,0.049826833333333334
10790.0,50.183166666666665,0.04982166666666667
10791.0,50.18435,0.0498165
10792.0,50.18553333333333,0.04981133333333333
10793.0,50.18671666666667,0.049806166666666665
10794.0,50.1879,0.049801
10795.0,50.189083333333336,0.04979583333333334
10796.0,50.190266666666666,0.04979066666666667
10797.0,50.19145,0.0497855
10798.0,50.19263333333333,0.049780333333333336
10799.0,50.19381666666667,0.04977516666666667
10800.0,50.195,0.04977
