time_s,mean_moisture,cumulative_loss_factor,effective_balance_residual
0.0,2.5499999999999914,0.0,-7.993605777301127e-15
1.0,2.549799183713762,4.024431982290894e-08,4.0531287748279965e-07
2.0,2.5495996944675863,8.014793192534554e-08,4.3412721373314866e-07
3.0,2.549401063278101,1.1987677310972082e-07,4.4714365010634083e-07
4.0,2.5492031228332874,1.5946642170057748e-07,4.5494179090610487e-07
5.0,2.549005776446301,1.9893676553190739e-07,4.602739611669904e-07
6.0,2.5488089588862106,2.383010655071909e-07,4.642137469978991e-07
7.0,2.5486126222691055,2.7756900164784467e-07,4.672773452618628e-07
8.0,2.548416729496956,3.167480501272704e-07,4.6974759326801063e-07
9.0,2.5482212507248705,3.5584421383822965e-07,4.7179406204023167e-07
10.0,2.548026161264787,3.9486245214999787e-07,4.7352553744772763e-07
11.0,2.54783144025082,4.3380695288270764e-07,4.7501523425808045e-07
12.0,2.54763706974404,4.7268131412959606e-07,4.7631468858000403e-07
13.0,2.547443034105572,5.114886711138697e-07,4.774611421787256e-07
14.0,2.5472493195435604,5.502317877859119e-07,4.784824905179619e-07
15.0,2.547055913775579,5.889131248647376e-07,4.793999033303464e-07
16.0,2.5468628057719354,6.275348915883967e-07,4.80229878085936e-07
17.0,2.5466699855562083,6.660990858627116e-07,4.809855225218485e-07
18.0,2.5464774440473597,7.046075259797739e-07,4.816772589677498e-07
19.0,2.5462851729334135,7.430618760361702e-07,4.823135948406332e-07
20.0,2.546093164568744,7.814636665718409e-07,4.82901603593433e-07
21.0,2.5459014118893784,8.198143115449754e-07,4.834471036829768e-07
22.0,2.545709908342747,8.58115122433989e-07,4.839549174739943e-07
23.0,2.545518647828996,8.963673200482838e-07,4.844292380568049e-07
24.0,2.545327624651004,9.345720445186986e-07,4.84873598161073e-07
25.0,2.545136833471944,9.727303638182782e-07,4.852910362451723e-07
26.0,2.5449462692787526,1.0108432810718668e-06,4.856841124833977e-07
27.0,2.544755927350785,1.0489117408655409e-06,4.860551130470014e-07
28.0,2.5445658032324387,1.086936634725125e-06,4.864060652032265e-07
29.0,2.544375892709184,1.1249188059081114e-06,4.867387253248978e-07
30.0,2.5441861917865523,1.1628590536122957e-06,4.870546144175592e-07
31.0,2.543996696671618,1.2007581366868192e-06,4.873550527584314e-07
32.0,2.5438074037566865,1.2386167769166933e-06,4.876412704746258e-07
33.0,2.5436183096046605,1.2764356619430927e-06,4.879143764568994e-07
34.0,2.5434294109359876,1.3142154478748583e-06,4.881753623564578e-07
35.0,2.5432407046169407,1.3519567616298955e-06,4.884250910386356e-07
36.0,2.5430521876491414,1.3896602030392201e-06,4.886643383272826e-07
37.0,2.542863857160072,1.4273263467439968e-06,4.88893792560674e-07
38.0,2.5426757103945463,1.4649557439108514e-06,4.891141012208777e-07
39.0,2.5424877447069507,1.5025489237867222e-06,4.893258851446092e-07
40.0,2.542299957554121,1.5401063951147227e-06,4.895296954465778e-07
41.0,2.542112346488876,1.5776286474270488e-06,4.897260121872193e-07
42.0,2.5419249091541567,1.615116152225786e-06,4.899152861170819e-07
43.0,2.54173764327759,1.6525693640638624e-06,4.900979102551162e-07
44.0,2.541550546666564,1.689988721537199e-06,4.902742505308311e-07
45.0,2.5413636172036553,1.7273746481975977e-06,4.904446440079369e-07
46.0,2.5411768528425056,1.764727553392422e-06,4.906094681622619e-07
47.0,2.540990251603812,1.802047833041288e-06,4.9076901875722e-07
48.0,2.5408038115717826,1.8393358703568328e-06,4.909235675754076e-07
49.0,2.5406175308908017,1.8765920365111665e-06,4.910733579777116e-07
50.0,2.5404314077623744,1.9138166912534656e-06,4.912186422068032e-07
51.0,2.5402454404422037,1.9510101834844485e-06,4.913596267641651e-07
52.0,2.540059627237548,1.988172851791727e-06,4.914965070490496e-07
53.0,2.5398739665047168,2.0253050249486014e-06,4.916294602530513e-07
54.0,2.539688456646841,2.0624070223779387e-06,4.917587315134142e-07
55.0,2.5395030961115133,2.099479154587867e-06,4.918844531687228e-07
56.0,2.5393178833888963,2.1365217235805766e-06,4.920067997460364e-07
57.0,2.539132817009769,2.173535023233104e-06,4.921259351142737e-07
58.0,2.5389478955436915,2.21051933965648e-06,4.922419742925399e-07
59.0,2.5387631175973895,2.2474749515323894e-06,4.923550518398656e-07
60.0,2.5385784818131985,2.284402130428451e-06,4.924653413951319e-07
61.0,2.5383939869463794,2.32130112537811e-06,4.925732706162478e-07
62.0,2.538209631782122,2.358172179280456e-06,4.926785246439636e-07
63.0,2.5380254150570645,2.3950155448334038e-06,4.9278123226415e-07
64.0,2.537841335538318,2.4318314686424584e-06,4.928815307003731e-07
65.0,2.537657392022055,2.4686201914921927e-06,4.929795167640805e-07
66.0,2.537473583332357,2.5053819485816697e-06,4.930752659504378e-07
67.0,2.537289908320165,2.542116969741515e-06,4.931688732945361e-07
68.0,2.537106365862224,2.578825479637894e-06,4.932604142915409e-07
69.0,2.536922954860124,2.615507697965512e-06,4.933499520021201e-07
70.0,2.5367396742394286,2.652163839629544e-06,4.934375770204724e-07
71.0,2.5365565229487683,2.6887941149180812e-06,4.935233595126931e-07
72.0,2.53637349995903,2.725398729666517e-06,4.936073629835391e-07
73.0,2.536190604262572,2.7619778854137147e-06,4.936896411678049e-07
74.0,2.536007834872489,2.7985317795503022e-06,4.937702411389466e-07
75.0,2.535825190821924,2.8350606054595995e-06,4.938492228490077e-07
76.0,2.535642671163428,2.87156455265111e-06,4.939266844417034e-07
77.0,2.535460274968196,2.908043806889418e-06,4.940026436806022e-07
78.0,2.5352780013255947,2.944498550316754e-06,4.940771791694942e-07
79.0,2.5350958493424383,2.980928961569867e-06,4.941502882438442e-07
80.0,2.534913818142528,3.0173352158925125e-06,4.942219908876666e-07
81.0,2.534731906866169,3.053717485240614e-06,4.942923728101789e-07
82.0,2.5345501146695315,3.0900759383841346e-06,4.943614526631279e-07
83.0,2.534368440724267,3.1264107410049955e-06,4.94429292619003e-07
84.0,2.53418688421693,3.162722055790724e-06,4.944958842401093e-07
85.0,2.534005444348654,3.1990100425243316e-06,4.945612763762597e-07
86.0,2.5338241203346668,3.2352748581693353e-06,4.946255138804645e-07
87.0,2.53364291140387,3.271516656952107e-06,4.946886313916821e-07
88.0,2.533461816798477,3.307735590440833e-06,4.947506817565284e-07
89.0,2.533280835773574,3.3439318076215313e-06,4.948116822944826e-07
90.0,2.5330999675968244,3.38010545497094e-06,4.948716796349117e-07
91.0,2.5329192115480574,3.4162566765265307e-06,4.949306906532058e-07
92.0,2.5327385669189715,3.452385613953956e-06,4.949887419947174e-07
93.0,2.532558033012799,3.4884924066116716e-06,4.950458580843531e-07
94.0,2.5323776091439814,3.5245771916133946e-06,4.951020491361646e-07
95.0,2.532197294637896,3.560640103888016e-06,4.951573364664341e-07
96.0,2.532017088830588,3.5966812762366674e-06,4.952117720335991e-07
97.0,2.531836991068377,3.6327008393890458e-06,4.952653225309689e-07
98.0,2.531657000707785,3.668698922056666e-06,4.953180687827796e-07
99.0,2.531477117115099,3.7046756509838375e-06,4.953700187826371e-07
100.0,2.5312973396661813,3.7406311509986154e-06,4.954211751950766e-07
101.0,2.5311176677463054,3.77656554506005e-06,4.954716064098363e-07
102.0,2.530938100749744,3.812478954305095e-06,4.955212702384415e-07
103.0,2.5307586380797646,3.8483714980935895e-06,4.955702332942735e-07
104.0,2.5305792791482427,3.884243294050893e-06,4.956184977977784e-07
105.0,2.5304000233755137,3.920094458110453e-06,4.956660664134915e-07
106.0,2.530220870190214,3.955925104553743e-06,4.957129835503338e-07
107.0,2.53004181902898,3.991735346049615e-06,4.957592287802015e-07
108.0,2.5298628693363776,4.027525293692063e-06,4.9580483851841e-07
109.0,2.529684020564645,4.063295057036389e-06,4.958498278639922e-07
110.0,2.5295052721735196,4.099044744135119e-06,4.958941959287699e-07
111.0,2.5293266236301206,4.134774461571797e-06,4.959379800162367e-07
112.0,2.5291480744086927,4.170484314494463e-06,4.959811654714485e-07
113.0,2.5289696239905464,4.206174406647803e-06,4.960237860451855e-07
114.0,2.528791271863833,4.241844840403918e-06,4.960658528396777e-07
115.0,2.528613017523404,4.277495716792971e-06,4.96107369407639e-07
116.0,2.528434860470703,4.313127135532139e-06,4.961483641707787e-07
117.0,2.5282568002135473,4.348739195054152e-06,4.9618881847735e-07
118.0,2.5280788362660966,4.384331992534837e-06,4.962287714072033e-07
119.0,2.5279009681486455,4.419905623919362e-06,4.962682429443532e-07
120.0,2.527723195387421,4.455460183947843e-06,4.963071607022584e-07
121.0,2.527545517488888,4.490995771281151e-06,4.963452946427083e-07
122.0,2.5273679339678954,4.526512483020605e-06,4.963829991488922e-07
123.0,2.527190444371971,4.562010409656403e-06,4.964202533486173e-07
124.0,2.5270130482540174,4.597489640609428e-06,4.964570652354894e-07
125.0,2.5268357451722543,4.632950264238324e-06,4.964934463558279e-07
126.0,2.5266585346901165,4.668392367855858e-06,4.965293962655437e-07
127.0,2.5264814163761926,4.703816037746984e-06,4.96564928287313e-07
128.0,2.526304389804112,4.739221359187313e-06,4.966000495265632e-07
129.0,2.52612745455245,4.774608416461639e-06,4.966347590951159e-07
130.0,2.5259506102046667,4.809977292882254e-06,4.966690787533423e-07
131.0,2.525773856348971,4.84532807080697e-06,4.967030062807964e-07
132.0,2.525597192578265,4.880660831656808e-06,4.96736549671084e-07
133.0,2.525420618490054,4.915975655933314e-06,4.967697209146138e-07
134.0,2.525244133686342,4.951272623235494e-06,4.968025200113857e-07
135.0,2.5250677377735777,4.98655181227632e-06,4.968349598399868e-07
136.0,2.5248914303625525,5.0218133008989115e-06,4.968670475058445e-07
137.0,2.5247152110683238,5.057057166092339e-06,4.968987861175833e-07
138.0,2.524539079510147,5.092283484007019e-06,4.969301827806305e-07
139.0,2.524363035311391,5.127492329969799e-06,4.969612406036106e-07
140.0,2.5241870780994704,5.162683778498621e-06,4.969919640274156e-07
141.0,2.5240112075057777,5.197857903316771e-06,4.970223619338299e-07
142.0,2.523835423165622,5.233014777366819e-06,4.97052456971403e-07
143.0,2.5236597247181067,5.2681544728244305e-06,4.970822296002098e-07
144.0,2.523484111806155,5.303277061111573e-06,4.971117131269409e-07
145.0,2.5233085840763305,5.33838261290968e-06,4.971408795739762e-07
146.0,2.5231331411788966,5.373471198172324e-06,4.971697586952928e-07
147.0,2.522957782767641,5.4085428861375504e-06,4.971983291746085e-07
148.0,2.5227825084999145,5.443597745340073e-06,4.972266154368299e-07
149.0,2.522607318036502,5.4786358436229725e-06,4.97254617481957e-07
150.0,2.522432211041586,5.5136572481494126e-06,4.972823339777221e-07
151.0,2.5222571871827486,5.548662025413579e-06,4.973098173266521e-07
152.0,2.522082246130758,5.583650241252043e-06,4.973370191230231e-07
153.0,2.52190738755969,5.618621960854708e-06,4.973639637917415e-07
154.0,2.521732611146782,5.65357724877503e-06,4.973906579941456e-07
155.0,2.5215579165723665,5.688516168940704e-06,4.974170706439907e-07
156.0,2.521383303519941,5.723438784663361e-06,4.974432581406063e-07
157.0,2.521208771675912,5.7583451586486656e-06,4.974691560910571e-07
158.0,2.5210343207298154,5.793235353005769e-06,4.974948448754901e-07
159.0,2.5208599503739673,5.828109429256798e-06,4.975202516632748e-07
160.0,2.5206856603037098,5.862967448346177e-06,4.97545441291436e-07
161.0,2.5205114502171506,5.897809470649237e-06,4.975703973286727e-07
162.0,2.52033731981521,5.932635555981497e-06,4.975951179986282e-07
163.0,2.520163268801566,5.9674457636072175e-06,4.976196028572133e-07
164.0,2.519989296882613,6.002240152247803e-06,4.976438527926064e-07
165.0,2.519815403767421,6.037018780089998e-06,4.976678718016103e-07
166.0,2.5196415891677075,6.071781704793943e-06,4.976916776477935e-07
167.0,2.5194678527977583,6.106528983501146e-06,4.977152645579963e-07
168.0,2.5192941943744267,6.1412606728422544e-06,4.977386387494676e-07
169.0,2.519120613617087,6.175976828944591e-06,4.977618104362591e-07
170.0,2.5189471102475793,6.210677507439659e-06,4.977847782861033e-07
171.0,2.5187736839901973,6.245362763470442e-06,4.97807550292606e-07
172.0,2.5186003345716297,6.280032651698509e-06,4.978301229030535e-07
173.0,2.518427061720949,6.314687226311051e-06,4.9785250499923e-07
174.0,2.518253865169554,6.349326541027719e-06,4.978746930284217e-07
175.0,2.5180807446511544,6.383950649107348e-06,4.9789669187561e-07
176.0,2.517907699901732,6.418559603354526e-06,4.979185050935087e-07
177.0,2.5177347306595017,6.453153456126039e-06,4.979401326821176e-07
178.0,2.5175618366648918,6.4877322593372106e-06,4.979615786382396e-07
179.0,2.5173890176605065,6.52229606446805e-06,4.97982847402767e-07
180.0,2.517216273391134,6.556844922569311e-06,4.980039811641745e-07
181.0,2.5170436036305355,6.591378878825475e-06,4.980246632868557e-07
182.0,2.516871008156473,6.625897977743071e-06,4.98045189090135e-07
183.0,2.5166984867225692,6.660402268595886e-06,4.98065549248139e-07
184.0,2.5165260390844915,6.694891800250169e-06,4.980857428726893e-07
185.0,2.5163536649998948,6.729366621176414e-06,4.981057775133024e-07
186.0,2.5161813642283706,6.763826779455591e-06,4.981256491731756e-07
187.0,2.516009136531444,6.798272322784474e-06,4.981453667340929e-07
188.0,2.515836981672521,6.832703298480697e-06,4.981649248669839e-07
189.0,2.5156648994168935,6.867119753487644e-06,4.981843324536328e-07
190.0,2.5154928895316915,6.901521734379224e-06,4.982035881617719e-07
191.0,2.515320951785866,6.935909287364571e-06,4.982226897709552e-07
192.0,2.515149085950183,6.970282458292673e-06,4.982416470511453e-07
193.0,2.514977291797173,7.004641292656921e-06,4.982604582259853e-07
194.0,2.514805569101125,7.038985835599581e-06,4.982791232954753e-07
195.0,2.5146339176380654,7.073316131916207e-06,4.982976471445966e-07
196.0,2.514462337185729,7.107632226059961e-06,4.983160293292599e-07
197.0,2.5142908275235483,7.141934162145901e-06,4.983342782871603e-07
198.0,2.514119388432607,7.176221983955191e-06,4.983523833601566e-07
199.0,2.5139480196956625,7.210495734939221e-06,4.98370359203193e-07
200.0,2.513776721097077,7.2447554582236816e-06,4.983881960463066e-07
201.0,2.5136054924228364,7.279001196612576e-06,4.984058996626572e-07
202.0,2.513434333460514,7.313232992592133e-06,4.984234753813155e-07
203.0,2.5132632439992513,7.3474508883346755e-06,4.984409254227273e-07
204.0,2.5130922238297346,7.381654925702459e-06,4.984582475664467e-07
205.0,2.5129212727441916,7.415845146251408e-06,4.984754493619903e-07
206.0,2.512750390536346,7.4500215912348355e-06,4.984925205953061e-07
207.0,2.5125795770014356,7.484184301607045e-06,4.985094714804461e-07
208.0,2.5124088319361646,7.51833331802692e-06,4.985262997969642e-07
209.0,2.5122381551387005,7.552468680861419e-06,4.985430082093956e-07
210.0,2.512067546408647,7.586590430189037e-06,4.985595927209374e-07
211.0,2.5118970055470515,7.6206986058032105e-06,4.985760679865336e-07
212.0,2.511726532356342,7.654793247215645e-06,4.98592420683508e-07
213.0,2.511556126640377,7.68887439365958e-06,4.986086756808561e-07
214.0,2.511385788204342,7.722942084093096e-06,4.986248081095823e-07
215.0,2.5112155168548265,7.756996357202318e-06,4.986408388418795e-07
216.0,2.511045312399737,7.791037251404471e-06,4.986567598841418e-07
217.0,2.5108751746483042,7.825064804851124e-06,4.986725605782283e-07
218.0,2.5107051034111088,7.859079055431062e-06,4.98688264460867e-07
219.0,2.510535098499976,7.893080040773379e-06,4.987038435544378e-07
220.0,2.5103651597280825,7.927067798250386e-06,4.987193351624342e-07
221.0,2.5101952869098083,7.961042364980453e-06,4.98734711307236e-07
222.0,2.5100254798608224,7.995003777831049e-06,4.987499782060922e-07
223.0,2.5098557383980387,8.028952073421354e-06,4.987651460730547e-07
224.0,2.5096860623395907,8.062887288125057e-06,4.987802166844801e-07
225.0,2.5095164515048167,8.096809458073178e-06,4.987951833790305e-07
226.0,2.5093469057142594,8.130718619156728e-06,4.988100434921705e-07
227.0,2.5091774247896534,8.164614807029326e-06,4.988248005766138e-07
228.0,2.509008008553912,8.198498057109788e-06,4.988394612936986e-07
229.0,2.5088386568311027,8.232368404584683e-06,4.988540269756925e-07
230.0,2.508669369446438,8.266225884410879e-06,4.988684931817033e-07
231.0,2.5085001462262766,8.300070531318021e-06,4.988828674612478e-07
232.0,2.5083309869980925,8.33390237981097e-06,4.988971480379689e-07
233.0,2.5081618915904773,8.367721464172233e-06,4.989113389086697e-07
234.0,2.507992859833119,8.40152781846434e-06,4.989254414056177e-07
235.0,2.5078238915567903,8.435321476532186e-06,4.989394519760992e-07
236.0,2.5076549865933493,8.469102472005341e-06,4.989533768373633e-07
237.0,2.5074861447757066,8.502870838300325e-06,4.989672088839825e-07
238.0,2.507317365937844,8.536626608622844e-06,4.989809587740979e-07
239.0,2.5071486499147717,8.570369815969998e-06,4.989946225109065e-07
240.0,2.5069799965425297,8.604100493132439e-06,4.990081925448919e-07
241.0,2.506811405583729,8.63781868772599e-06,4.990223598788646e-07
242.0,2.5066428767964686,8.671524448001224e-06,4.990364752543996e-07
243.0,2.5064744100113825,8.705217807824242e-06,4.99050504476628e-07
244.0,2.506306005060121,8.738898800864534e-06,4.990644444369252e-07
245.0,2.5061376617753965,8.772567460580324e-06,4.990782986880049e-07
246.0,2.5059693799909706,8.806223820218625e-06,4.990920641212426e-07
247.0,2.5058011595416554,8.839867912817246e-06,4.99105742068906e-07
248.0,2.5056330002633005,8.873499771207313e-06,4.991193378600656e-07
249.0,2.5054649019927693,8.907119428015889e-06,4.991328492742753e-07
250.0,2.5052968645679305,8.940726915668573e-06,4.99146274091089e-07
251.0,2.505128887827661,8.974322266392047e-06,4.991596220804695e-07
252.0,2.5049609716118013,9.007905512216547e-06,4.991728848047217e-07
253.0,2.5047931157611787,9.041476684978264e-06,4.991860707015405e-07
254.0,2.5046253201175674,9.075035816321667e-06,4.991991762182124e-07
255.0,2.5044575845236943,9.108582937701763e-06,4.992122035751834e-07
256.0,2.504289908823223,9.142118080386297e-06,4.992251549928994e-07
257.0,2.504122292860738,9.175641275457894e-06,4.992380282509146e-07
258.0,2.5039547364817474,9.209152553816135e-06,4.992508286782993e-07
259.0,2.503787239532655,9.242651946179597e-06,4.992635536105183e-07
260.0,2.5036198018607627,9.276139483087829e-06,4.992762026034825e-07
261.0,2.5034524233142643,9.309615194903307e-06,4.992887814303515e-07
262.0,2.503285103742218,9.343079111813327e-06,4.99301285206144e-07
263.0,2.503117842994561,9.376531263831871e-06,4.993137210362875e-07
264.0,2.502950640922075,9.40997168080142e-06,4.993260827035328e-07
265.0,2.5027834973764027,9.443400392394754e-06,4.993383773133075e-07
266.0,2.5026164122100174,9.476817428116686e-06,4.993506013128979e-07
267.0,2.502449385276226,9.510222817305793e-06,4.993627555904823e-07
268.0,2.5022824164291646,9.543616589136106e-06,4.993748459192204e-07
269.0,2.502115505523772,9.576998772618761e-06,4.993868665259527e-07
270.0,2.5019486524158014,9.610369396603635e-06,4.993988200752142e-07
271.0,2.501781856961803,9.64372848978094e-06,4.994107083433619e-07
272.0,2.501615119019117,9.677076080682806e-06,4.994225317744849e-07
273.0,2.5014484384458657,9.71041219768482e-06,4.994342903685833e-07
274.0,2.5012818151009455,9.743736869007567e-06,4.994459841256571e-07
275.0,2.5011152488440254,9.777050122718115e-06,4.994576165984199e-07
276.0,2.5009487395355268,9.810351986731499e-06,4.994691846782473e-07
277.0,2.500782287036629,9.843642488812177e-06,4.994806905855853e-07
278.0,2.5006158912092586,9.876921656575456e-06,4.9949213654088e-07
279.0,2.500449551916075,9.910189517488901e-06,4.995035203236853e-07
280.0,2.5002832690204753,9.943446098873729e-06,4.995148445985365e-07
281.0,2.5001170423865764,9.976691427906174e-06,4.995261080331659e-07
282.0,2.4999508718792183,1.0009925531618832e-05,4.995373128480196e-07
283.0,2.499784757363948,1.0043148436901998e-05,4.995484585990084e-07
284.0,2.4996186987070224,1.0076360170504969e-05,4.995595479506676e-07
285.0,2.499452695775388,1.0109560759037338e-05,4.995705755739266e-07
286.0,2.499286748436697,1.0142750228970272e-05,4.99581549018302e-07
287.0,2.499120856559275,1.0175928606637762e-05,4.995924642869909e-07
288.0,2.4989550200121333,1.0209095918237864e-05,4.996033231563501e-07
289.0,2.4987892386649597,1.0242252189833923e-05,4.996141300672718e-07
290.0,2.4986235123880993,1.0275397447355774e-05,4.996248788025071e-07
291.0,2.4984578410525686,1.0308531716600933e-05,4.996355738029479e-07
292.0,2.4982922245300334,1.034165502323577e-05,4.996462128481483e-07
293.0,2.498126662692814,1.0374767392796668e-05,4.996567981585542e-07
294.0,2.497961155413877,1.0407868850691159e-05,4.996673332868795e-07
295.0,2.497795702566817,1.0440959422199058e-05,4.996778129040536e-07
296.0,2.497630304025873,1.0474039132473575e-05,4.996882414509685e-07
297.0,2.497464959665905,1.0507108006542408e-05,4.996986175953566e-07
298.0,2.4972996693623974,1.0540166069308835e-05,4.997089422253964e-07
299.0,2.497134432991454,1.0573213345552777e-05,4.997192188938016e-07
300.0,2.4969692504297822,1.0606249859931818e-05,4.997294418274123e-07
301.0,2.496804121569153,1.0639275633976748e-05,4.997390372629695e-07
302.0,2.4966390463065267,1.0672290688414307e-05,4.997485989477468e-07
303.0,2.4964740245271853,1.070529504618604e-05,4.997581162236031e-07
304.0,2.496309056116903,1.0738288730138884e-05,4.997675979723226e-07
305.0,2.496144140961918,1.0771271763023649e-05,4.997770366443888e-07
306.0,2.495979278948966,1.0804244167493485e-05,4.997864340161584e-07
307.0,2.495814469965275,1.083720596610295e-05,4.997957900876315e-07
308.0,2.4956497138985654,1.087015718130749e-05,4.998051035265405e-07
309.0,2.4954850106370636,1.0903097835463208e-05,4.998143801060451e-07
310.0,2.4953203600694795,1.0936027950826824e-05,4.998236144970747e-07
311.0,2.4951557620850253,1.0968947549555762e-05,4.998328049232725e-07
312.0,2.4949912165734114,1.1001856653708367e-05,4.998419540491739e-07
313.0,2.4948267234248416,1.1034755285244193e-05,4.998510632070463e-07
314.0,2.494662282530009,1.1067643466024356e-05,4.998601315087114e-07
315.0,2.4944978937800983,1.1100521217811926e-05,4.998691585100801e-07
316.0,2.4943335570667844,1.1133388562272367e-05,4.998781468756874e-07
317.0,2.4941692722822237,1.116624552097402e-05,4.998870943850875e-07
318.0,2.494005039319057,1.1199092115388594e-05,4.99896000594191e-07
319.0,2.49384085807041,1.1231928366891679e-05,4.999048690557117e-07
320.0,2.49367672842988,1.1264754296763294e-05,4.999136971051144e-07
321.0,2.493512650291545,1.1297569926188419e-05,4.999224878510233e-07
322.0,2.4933486235499474,1.1330375276257555e-05,4.999312359643682e-07
323.0,2.493184648100112,1.1363170367967302e-05,4.999399494387546e-07
324.0,2.493020723837514,1.1395955222220924e-05,4.999486193923985e-07
325.0,2.4928568506581077,1.1428729859828936e-05,4.999572529307272e-07
326.0,2.4926930284583,1.146149430150968e-05,4.999658491655623e-07
327.0,2.4925292571349607,1.1494248567889918e-05,4.99974410761439e-07
328.0,2.4923655365854023,1.1526992679505409e-05,4.999829297247516e-07
329.0,2.4922018667074055,1.1559726656801502e-05,4.999914136050165e-07
330.0,2.4920382473991904,1.1592450520133733e-05,4.999998597376987e-07
331.0,2.4918746785594257,1.1625164289768406e-05,5.00008268122798e-07
332.0,2.4917111600872253,1.1657867985883181e-05,5.000166418689389e-07
333.0,2.491547691882139,1.1690561628567668e-05,5.00024977867497e-07
334.0,2.4913842738441545,1.1723245237824005e-05,5.000332752302938e-07
335.0,2.4912209058737007,1.1755918833567447e-05,5.000415383982215e-07
336.0,2.491057587871629,1.1788582435626944e-05,5.000497642626556e-07
337.0,2.4908943197392253,1.1821236063745717e-05,5.000579545999528e-07
338.0,2.4907311013781994,1.1853879737581841e-05,5.000661094101133e-07
339.0,2.4905679326906838,1.188651347670881e-05,5.000742282490478e-07
340.0,2.490404813579233,1.1919137300616117e-05,5.000823142253807e-07
341.0,2.4902417439468154,1.1951751228709804e-05,5.000903651186661e-07
342.0,2.4900787236968167,1.1984355280313045e-05,5.000983827052607e-07
343.0,2.4899157527330322,1.201694947466669e-05,5.001063660969862e-07
344.0,2.489752830959664,1.2049533830929827e-05,5.001143135174857e-07
345.0,2.4895899582813277,1.2082108368180332e-05,5.001222298517405e-07
346.0,2.489427134603034,1.2114673105415423e-05,5.001301119911261e-07
347.0,2.4892643598301984,1.2147228061552196e-05,5.001379599356426e-07
348.0,2.489101633868636,1.2179773255428173e-05,5.001457776820928e-07
349.0,2.488938956624548,1.2212308705801837e-05,5.001535581250494e-07
350.0,2.4887763280045427,1.224483443135316e-05,5.001613092581181e-07
351.0,2.4886137479156036,1.2277350450684136e-05,5.0016902486405e-07
352.0,2.4884512162651142,1.2309856782319308e-05,5.001767116041833e-07
353.0,2.4882887329608354,1.2342353444706284e-05,5.001843672580719e-07
354.0,2.488126297910909,1.2374840456216255e-05,5.001919909375374e-07
355.0,2.487963911023856,1.2407317835144507e-05,5.001995790898661e-07
356.0,2.487801572208586,1.243978559971093e-05,5.002071414850207e-07
357.0,2.4876392813743653,1.2472243768060525e-05,5.002146683530384e-07
358.0,2.4874770384308507,1.2504692358263897e-05,5.002221707961496e-07
359.0,2.4873148432880456,1.253713138831776e-05,5.002296350475888e-07
360.0,2.487152695856392,1.256956087614579e-05,5.002371215034884e-07
361.0,2.486990596066173,1.260198083570164e-05,5.002446816781969e-07
362.0,2.4868285438470292,1.2634391281031885e-05,5.002521894503786e-07
363.0,2.4866665391088563,1.2666792230160985e-05,5.002596616954236e-07
364.0,2.4865045817619853,1.269918370102308e-05,5.002671015219562e-07
365.0,2.4863426717171473,1.2731565711471385e-05,5.002745049331736e-07
366.0,2.486180808885473,1.2763938279281429e-05,5.0028188081086e-07
367.0,2.4860189931784578,1.2796301422152999e-05,5.002892233818557e-07
368.0,2.4858572245079813,1.2828655157711483e-05,5.002965393074987e-07
369.0,2.4856955027862746,1.2860999503508939e-05,5.00303819706005e-07
370.0,2.485533827925948,1.2893334477025009e-05,5.003110739032479e-07
371.0,2.4853721998399574,1.292566009566775e-05,5.003182965701569e-07
372.0,2.4852106184416187,1.2957976376774347e-05,5.003254912594457e-07
373.0,2.485049083644596,1.2990283337611786e-05,5.003326557506682e-07
374.0,2.4848875953629057,1.3022580995377476e-05,5.003397935965381e-07
375.0,2.484726153510901,1.305486936719985e-05,5.003469008002526e-07
376.0,2.484564758003285,1.3087148470138944e-05,5.003539800263468e-07
377.0,2.4844034087550977,1.3119418321186961e-05,5.003610330511776e-07
378.0,2.484242105681714,1.3151678937268788e-05,5.003680585424775e-07
379.0,2.4840808486988397,1.3183930335242518e-05,5.003750529475326e-07
380.0,2.4839196377225226,1.3216172531899954e-05,5.003820229276812e-07
381.0,2.48375847266913,1.3248405543967092e-05,5.003889662624772e-07
382.0,2.4835973534553566,1.328062938810461e-05,5.003958802873854e-07
383.0,2.483436279998227,1.3312844080908327e-05,5.004027694432978e-07
384.0,2.483275252215082,1.334504963890968e-05,5.004096310656792e-07
385.0,2.4831142700235835,1.3377246078576172e-05,5.004164651545295e-07
386.0,2.482953333341717,1.3409433416311824e-05,5.004232765948302e-07
387.0,2.482792442087771,1.3441611668457614e-05,5.004300600575107e-07
388.0,2.482631596180357,1.3473780851291905e-05,5.004368173189278e-07
389.0,2.4824707955383927,1.3505940981030874e-05,5.00443547490903e-07
390.0,2.482310040081109,1.353809207382893e-05,5.004502545702394e-07
391.0,2.4821493297280375,1.357023414577913e-05,5.004569336719555e-07
392.0,2.4819886643990223,1.3602367212913588e-05,5.004635910133004e-07
393.0,2.4818280440142013,1.3634491291203883e-05,5.004702212652035e-07
394.0,2.4816674684940203,1.366660639656145e-05,5.004768279803784e-07
395.0,2.4815069377592174,1.3698712544837986e-05,5.004834080502008e-07
396.0,2.481346451730836,1.3730809751825845e-05,5.004899659155626e-07
397.0,2.4811860103302052,1.3762898033258404e-05,5.004964980237503e-07
398.0,2.481025613478955,1.3794977404810474e-05,5.005030079274775e-07
399.0,2.480865261098999,1.3827047882098655e-05,5.005094929622089e-07
400.0,2.480704953112541,1.3859109480681711e-05,5.005159504634094e-07
401.0,2.4805446894420844,1.3891162216060957e-05,5.005223897569522e-07
402.0,2.480384470010398,1.39232061036806e-05,5.00528801516964e-07
403.0,2.480224294740548,1.3955241158928123e-05,5.005351892961585e-07
404.0,2.480064163555882,1.398726739713463e-05,5.005415562031601e-07
405.0,2.479904076380024,1.4019284833575206e-05,5.00547900461612e-07
406.0,2.479744033136872,1.4051293483469269e-05,5.005542189628898e-07
407.0,2.479584033750613,1.4083293361980913e-05,5.005605183683315e-07
408.0,2.4794240781456933,1.4115284484219264e-05,5.005667902402422e-07
409.0,2.479264166246849,1.4147266865238809e-05,5.005730434604061e-07
410.0,2.479104297979074,1.4179240520039741e-05,5.005792731438419e-07
411.0,2.4789444732676333,1.4211205463568295e-05,5.005854752937466e-07
412.0,2.478784692038075,1.424316171071707e-05,5.005916610123506e-07
413.0,2.4786249542161967,1.4275109276325374e-05,5.005978240824049e-07
414.0,2.478465259728068,1.4307048175179537e-05,5.006039662802664e-07
415.0,2.4783056085000146,1.4338978422013235e-05,5.00610081388686e-07
416.0,2.478146000458641,1.4370900031507818e-05,5.006161805098941e-07
417.0,2.4779864355307906,1.4402813018292616e-05,5.006222543180172e-07
418.0,2.4778269136435815,1.4434717396945257e-05,5.006283085862151e-07
419.0,2.4776674347243817,1.4466613181991988e-05,5.006343424263093e-07
420.0,2.477507998700823,1.4498500387907817e-05,5.006403629437273e-07
421.0,2.4773486055147886,1.453037902623776e-05,5.006459780076966e-07
422.0,2.477189255111395,1.4562249108037247e-05,5.006515819694357e-07
423.0,2.4770299474233863,1.4594110646756456e-05,5.006571690557848e-07
424.0,2.476870682383707,1.4625963655806548e-05,5.006627401549224e-07
425.0,2.476711459925492,1.4657808148560369e-05,5.0066829437867e-07
426.0,2.476552279982077,1.4689644138351795e-05,5.006738366120089e-07
427.0,2.4763931424869825,1.4721471638475148e-05,5.006793588613334e-07
428.0,2.4762340473739406,1.475329066218477e-05,5.006848651234463e-07
429.0,2.4760749945768805,1.4785101222694702e-05,5.006903545101693e-07
430.0,2.4759159840299327,1.4816903333178455e-05,5.006958256892347e-07
431.0,2.475757015667437,1.4848697006768848e-05,5.007012817692669e-07
432.0,2.4755980894239307,1.4880482256557913e-05,5.007067209739091e-07
433.0,2.4754392052341565,1.4912259095596834e-05,5.007121410827153e-07
434.0,2.4752803630330664,1.4944027536895923e-05,5.007175465365776e-07
435.0,2.4751215627558087,1.4975787593424623e-05,5.007229324505147e-07
436.0,2.474962804337746,1.5007539278111542e-05,5.00728304153597e-07
437.0,2.4748040877144333,1.5039282603844502e-05,5.007336563167541e-07
438.0,2.47464541282164,1.5071017583470607e-05,5.007389938249673e-07
439.0,2.474486779595332,1.5102744229796326e-05,5.007443144577906e-07
440.0,2.4743281879716754,1.5134462555587579e-05,5.007496137743317e-07
441.0,2.474169637887053,1.5166172573569845e-05,5.007549024327318e-07
442.0,2.474011129278029,1.5197874296428273e-05,5.007601711071175e-07
443.0,2.4738526620813857,1.5229567736807805e-05,5.007654251265592e-07
444.0,2.4736942362340946,1.52612529073133e-05,5.007706618265217e-07
445.0,2.473535851673331,1.5292929820509672e-05,5.007758798747375e-07
446.0,2.473377508336473,1.5324598488922024e-05,5.007810837120985e-07
447.0,2.4732192061610916,1.535625892503579e-05,5.007862711181588e-07
448.0,2.4730609450849563,1.5387911141296882e-05,5.007914412047398e-07
449.0,2.472902725046038,1.5419555150111834e-05,5.007965975245554e-07
450.0,2.4727445459824944,1.545119096384796e-05,5.00801734748535e-07
451.0,2.4725864078326873,1.5482818594833515e-05,5.008068555412137e-07
452.0,2.4724283105351708,1.5514438055357834e-05,5.00811960346681e-07
453.0,2.4722702540286927,1.554604935767151e-05,5.008170509412935e-07
454.0,2.4721122382521914,1.557765251398655e-05,5.00822124660516e-07
455.0,2.4719542631448013,1.5609247536476525e-05,5.00827184612973e-07
456.0,2.471796328645841,1.5640834437276755e-05,5.00832225469594e-07
457.0,2.4716384346948317,1.5672413228484445e-05,5.008372543358064e-07
458.0,2.471480581231473,1.570398392215888e-05,5.008422676588964e-07
459.0,2.4713227681956536,1.573554653032156e-05,5.008472618861504e-07
460.0,2.471164995527459,1.576710106495639e-05,5.008522414584604e-07
461.0,2.471007263167157,1.5798647538009843e-05,5.008572068199157e-07
462.0,2.4708495710551994,1.5830185961391115e-05,5.008621557500703e-07
463.0,2.4706919191322245,1.5861716346972303e-05,5.008670864725673e-07
464.0,2.4705343073390615,1.5893238706588575e-05,5.008720052046556e-07
465.0,2.4703767356167146,1.5924753052038325e-05,5.008769066172647e-07
466.0,2.4702192039063764,1.5956259395083352e-05,5.008817938190191e-07
467.0,2.4700617121494215,1.598775774744902e-05,5.00886667254008e-07
468.0,2.469904260287397,1.601924812082443e-05,5.00891519816804e-07
469.0,2.4697468482620493,1.605073052686258e-05,5.008963626096374e-07
470.0,2.469589476015284,1.6082204977180543e-05,5.009011876389025e-07
471.0,2.4694321434892017,1.6113671483359618e-05,5.009060002336696e-07
472.0,2.469274850626065,1.6145130056945508e-05,5.009107932885115e-07
473.0,2.4691175973683324,1.6176580709448483e-05,5.009155752411232e-07
474.0,2.468960383658623,1.620802345234354e-05,5.009203416506125e-07
475.0,2.46880320943974,1.6239458297070576e-05,5.009250934051579e-07
476.0,2.4686460746546577,1.6270885255034542e-05,5.009298309488486e-07
477.0,2.468488979246525,1.630230433760561e-05,5.009345538375953e-07
478.0,2.4683319231586625,1.6333715556119343e-05,5.009392598509521e-07
479.0,2.46817490633457,1.6365118921876846e-05,5.009439547620786e-07
480.0,2.4680179287179187,1.6396514446145067e-05,5.009486447882239e-07
481.0,2.4678609902845876,1.6427902133857692e-05,5.009538766032051e-07
482.0,2.4677040910061976,1.6459281990572612e-05,5.009590613447301e-07
483.0,2.467547230820507,1.649065402874135e-05,5.00964214111832e-07
484.0,2.4673904096656645,1.652201826073574e-05,5.00969343786295e-07
485.0,2.467233627480117,1.65533746988662e-05,5.009744485917622e-07
486.0,2.467076884202594,1.6584723355388245e-05,5.00979535633661e-07
487.0,2.4669201797720675,1.6616064242506193e-05,5.009845991388318e-07
488.0,2.466763514127768,1.6647397372375685e-05,5.009896471008801e-07
489.0,2.4666068872091405,1.6678722757105523e-05,5.009946688616651e-07
490.0,2.466450298955883,1.6710040408759097e-05,5.009996795202198e-07
491.0,2.4662937493078876,1.6741350339355573e-05,5.010046661979572e-07
492.0,2.4661372382052846,1.677265256087088e-05,5.010096395530184e-07
493.0,2.4659807655884007,1.6803947085238544e-05,5.010145942563327e-07
494.0,2.465824331397779,1.683523392435043e-05,5.010195316401678e-07
495.0,2.4656679355741624,1.6866513090057418e-05,5.010244499281669e-07
496.0,2.4655115780585044,1.689778459416999e-05,5.010293548934897e-07
497.0,2.46535525879195,1.6929048448458793e-05,5.010342443156901e-07
498.0,2.4651989777158385,1.6960304664655124e-05,5.010391146420545e-07
499.0,2.4650427347717128,1.6991553254451394e-05,5.01043970313475e-07
500.0,2.4648865299013005,1.702279422950157e-05,5.010488091095056e-07
501.0,2.4647303630465234,1.705402760142158e-05,5.010536319183245e-07
502.0,2.464574234149492,1.70852533817897e-05,5.010584414044672e-07
503.0,2.464418143152499,1.7116471582146946e-05,5.010632344593091e-07
504.0,2.464262089998024,1.714768221399737e-05,5.010680115269395e-07
505.0,2.464106074628731,1.717888528880844e-05,5.010727734955367e-07
506.0,2.463950096987464,1.721008081801133e-05,5.010775212532792e-07
507.0,2.4637941570172464,1.724126881300123e-05,5.010822530238102e-07
508.0,2.463638254661284,1.727244928513765e-05,5.010869728039324e-07
509.0,2.463482389862948,1.7303622245744714e-05,5.010916721559511e-07
510.0,2.4633265625658036,1.7334787706111408e-05,5.010963612939179e-07
511.0,2.463170772713576,1.736594567749188e-05,5.0110103622103e-07
512.0,2.4630150202501664,1.7397096171105672e-05,5.011056951609305e-07
513.0,2.4628593051196517,1.742823919813799e-05,5.011103421104224e-07
514.0,2.4627036272662726,1.7459374769739944e-05,5.011149730727027e-07
515.0,2.462547986634446,1.7490502897028772e-05,5.011195902682175e-07
516.0,2.462392383168752,1.7521623591088096e-05,5.011241932528776e-07
517.0,2.4622368168139444,1.7552736862968145e-05,5.011287855793967e-07
518.0,2.462081287514931,1.7583842723685967e-05,5.01133361474615e-07
519.0,2.461925795216795,1.7614941184225663e-05,5.01137924047157e-07
520.0,2.461770339864782,1.764603225553859e-05,5.011424755174687e-07
521.0,2.4616149214042915,1.767711594854357e-05,5.011470101123905e-07
522.0,2.4614595397808983,1.7708192274127105e-05,5.011515344932604e-07
523.0,2.461304194940327,1.773926124314357e-05,5.011560455514541e-07
524.0,2.4611488868284614,1.7770322866415418e-05,5.011605392901686e-07
525.0,2.460993615391357,1.780137715473337e-05,5.011650245911881e-07
526.0,2.4608383805752085,1.7832424118856613e-05,5.011694921286391e-07
527.0,2.4606831823263846,1.7863463769512988e-05,5.011739503402168e-07
528.0,2.460528020591399,1.789449611739917e-05,5.011783952291182e-07
529.0,2.4603728953169206,1.7925521173180864e-05,5.011828254630757e-07
530.0,2.460217806449778,1.7956538947492966e-05,5.011872437066245e-07
531.0,2.460062753936951,1.7987549450939756e-05,5.011916504038538e-07
532.0,2.4599077377255667,1.801855269409507e-05,5.011960424461392e-07
533.0,2.4597527577629106,1.804954868750247e-05,5.012004233861944e-07
534.0,2.4595978139964148,1.8080537441675415e-05,5.012047923358409e-07
535.0,2.459442906373661,1.811151896709744e-05,5.012091488509895e-07
536.0,2.4592880348423796,1.8142493274222297e-05,5.012134915993727e-07
537.0,2.4591331993504517,1.8173460373474155e-05,5.012178232455256e-07
538.0,2.458978399845902,1.8204420275247726e-05,5.012221411249129e-07
539.0,2.458823636276908,1.8235372989908454e-05,5.012264505666053e-07
540.0,2.4586689085917692,1.8266318527792383e-05,5.012307315865883e-07
541.0,2.458514216732822,1.829725690039169e-05,5.012347812360929e-07
542.0,2.4583595606443662,1.8328188118891356e-05,5.012388237801702e-07
543.0,2.4582049402778936,1.8359112192993355e-05,5.012428609951769e-07
544.0,2.4580503555849607,1.8390029132386165e-05,5.012468919929347e-07
545.0,2.4578958065172096,1.8420938946739868e-05,5.012509096680162e-07
546.0,2.457741293026402,1.8451841645704353e-05,5.012549246785625e-07
547.0,2.457586815064384,1.8482737238908322e-05,5.012589263664324e-07
548.0,2.457432372583125,1.8513625735958634e-05,5.01262918728429e-07
549.0,2.4572779655347046,1.8544507146439868e-05,5.012669044290874e-07
550.0,2.4571235938713074,1.8575381479914017e-05,5.012708781393371e-07
551.0,2.4569692575452415,1.8606248745920256e-05,5.012748434118919e-07
552.0,2.4568149565089246,1.8637108953974777e-05,5.01278798914484e-07
553.0,2.4566606907148913,1.866796211357067e-05,5.01282745535292e-07
554.0,2.456506460115793,1.869880823417784e-05,5.012866828302265e-07
555.0,2.4563522646643934,1.8729647325242952e-05,5.012906085788416e-07
556.0,2.4561981043135797,1.87604793961894e-05,5.012945272220293e-07
557.0,2.4560439790163455,1.879130445641727e-05,5.012984325425407e-07
558.0,2.455889888725815,1.882212251530336e-05,5.013023325339816e-07
559.0,2.4557358333952135,1.8852933582201158e-05,5.013062200909246e-07
560.0,2.4555818129778926,1.8883737666440883e-05,5.013100974338158e-07
561.0,2.4554278274273167,1.8914534777329508e-05,5.013139650067444e-07
562.0,2.4552738766970714,1.894532492415079e-05,5.013178259183348e-07
563.0,2.4551199607408476,1.897610811616531e-05,5.013216748395166e-07
564.0,2.454966079512459,1.9006884362610507e-05,5.013255122143789e-07
565.0,2.4548122329658413,1.903765367270075e-05,5.013293455924384e-07
566.0,2.4546584210550293,1.9068416055627363e-05,5.013331665359999e-07
567.0,2.4545046437341833,1.9099171520558696e-05,5.013369772655096e-07
568.0,2.4543509009575777,1.9129920076640187e-05,5.013407791132352e-07
569.0,2.4541971926795987,1.9160661732994416e-05,5.013445711909981e-07
570.0,2.4540435188547463,1.9191396498721178e-05,5.013483526106199e-07
571.0,2.453889879437638,1.9222124382897543e-05,5.013521264807252e-07
572.0,2.4537362743830013,1.9252845394577928e-05,5.013558914690464e-07
573.0,2.453582703645675,1.9283559542794163e-05,5.013596462433156e-07
574.0,2.4534291671806128,1.9314266836555566e-05,5.013633912476223e-07
575.0,2.453275664942884,1.9344967284849006e-05,5.013671295905908e-07
576.0,2.4531221968876595,1.9375660896638987e-05,5.013708550549723e-07
577.0,2.4529687629702353,1.9406347680867712e-05,5.013745743021047e-07
578.0,2.4528153631460055,1.9437027646455174e-05,5.013782820029178e-07
579.0,2.4526619973704853,1.946770080229921e-05,5.013819821542143e-07
580.0,2.4525086655992925,1.94983671572756e-05,5.013856712032805e-07
581.0,2.4523553677881607,1.9529026720238126e-05,5.013893518146517e-07
582.0,2.452202103892931,1.955967950001866e-05,5.013930248765064e-07
583.0,2.4520488738695483,1.9590325505427243e-05,5.01396685059774e-07
584.0,2.4518956776740772,1.962096474525215e-05,5.014003385817034e-07
585.0,2.4517425152626826,1.965159722825998e-05,5.014039832218486e-07
586.0,2.451589386591641,1.9682222963195733e-05,5.014076203124773e-07
587.0,2.451436291617332,1.9712841958782886e-05,5.01411246744965e-07
588.0,2.4512832302962475,1.974345422372347e-05,5.01414865627936e-07
589.0,2.4511302025849813,1.977405976669816e-05,5.014184725204984e-07
590.0,2.450977208440243,1.9804658596366335e-05,5.014220749721687e-07
591.0,2.450824247818834,1.9835250721366176e-05,5.014256654334304e-07
592.0,2.4506713206776722,1.9865836150314735e-05,5.014292465688186e-07
593.0,2.450518426973779,1.9896414891808013e-05,5.01432819710601e-07
594.0,2.4503655666642796,1.9926986954421044e-05,5.014363853028669e-07
595.0,2.450212739706401,1.9957552346707972e-05,5.014399415692594e-07
596.0,2.4500599460574777,1.998811107720213e-05,5.014434889538677e-07
597.0,2.449907185674947,2.0018663154416113e-05,5.014470283448702e-07
598.0,2.449754458516348,2.004920858684187e-05,5.014505579659101e-07
599.0,2.449601764539324,2.007974738295077e-05,5.014540787051658e-07
600.0,2.4494491037016237,2.0110279551193682e-05,5.014575927830833e-07
601.0,2.4492964758687816,2.0140805118724382e-05,5.014624040455828e-07
602.0,2.4491438809013895,2.0171324112952935e-05,5.014661548230492e-07
603.0,2.4489913187556214,2.0201836542856974e-05,5.014699069327833e-07
604.0,2.4488387893864667,2.0232342417437265e-05,5.014736537134468e-07
605.0,2.4486862927489614,2.0262841745686743e-05,5.01477395609129e-07
606.0,2.448533828798213,2.0293334536583128e-05,5.014811290671162e-07
607.0,2.448381397489425,2.0323820799085687e-05,5.014848540874084e-07
608.0,2.4482289987779016,2.035430054213364e-05,5.014885702259164e-07
609.0,2.44807663261905,2.038477377464525e-05,5.014922765944618e-07
610.0,2.4479242989683896,2.0415240505517283e-05,5.014959767457583e-07
611.0,2.4477719977815413,2.04457007436247e-05,5.014996653507353e-07
612.0,2.447619729014241,2.0476154497820504e-05,5.015033441857497e-07
613.0,2.4474674926223363,2.0506601776935645e-05,5.015070150271583e-07
614.0,2.4473152885617813,2.0537042589779004e-05,5.015106769867828e-07
615.0,2.447163116788642,2.056747694513738e-05,5.015143296205338e-07
616.0,2.4470109772590933,2.0597904851775555e-05,5.015179715961438e-07
617.0,2.4468588699294243,2.0628326318436336e-05,5.015216064663264e-07
618.0,2.446706794756026,2.065874135384064e-05,5.015252297901895e-07
619.0,2.446554751695409,2.068914996668757e-05,5.01528847340893e-07
620.0,2.4464027407041784,2.0719552165654507e-05,5.015324515689201e-07
621.0,2.4462507617390616,2.074994795939719e-05,5.015360482474307e-07
622.0,2.4460988147568883,2.078033735654982e-05,5.015396378205139e-07
623.0,2.44594689971459,2.0810720365725176e-05,5.015432167354561e-07
624.0,2.4457950165692144,2.084109699551469e-05,5.015467885449709e-07
625.0,2.445643165277908,2.0871467254488567e-05,5.015503514727015e-07
626.0,2.4454913457979233,2.090183115119588e-05,5.015539032982019e-07
627.0,2.4453395580866224,2.093218869416468e-05,5.015574462419181e-07
628.0,2.445187802101473,2.0962539891902083e-05,5.015609838565638e-07
629.0,2.4450360778000397,2.0992884752894393e-05,5.01564512145336e-07
630.0,2.444884385139992,2.1023223285607182e-05,5.015680284436996e-07
631.0,2.4447327240791097,2.105355549848541e-05,5.015715371925467e-07
632.0,2.4445810945752715,2.1083881399953512e-05,5.015750397241447e-07
633.0,2.4444294965864546,2.1114200998415508e-05,5.015785329298694e-07
634.0,2.4442779300707413,2.1144514302255093e-05,5.015820172538099e-07
635.0,2.4441263949863132,2.1174821319835745e-05,5.015854926959662e-07
636.0,2.443974891291455,2.1205122059500807e-05,5.015889597004275e-07
637.0,2.4438234189445507,2.1235416529573598e-05,5.015924191553722e-07
638.0,2.443671977904082,2.12657047383575e-05,5.01595870172622e-07
639.0,2.443520568128633,2.1295986694136062e-05,5.015993140844444e-07
640.0,2.443369189576882,2.1326262405173076e-05,5.016027477822149e-07
641.0,2.4432178422076114,2.1356531879712684e-05,5.016061752627365e-07
642.0,2.443066525979695,2.138679512597947e-05,5.016095929732955e-07
643.0,2.442915240852111,2.1417052152178543e-05,5.016130040225164e-07
644.0,2.4427639867839264,2.1447302966495627e-05,5.016164053017746e-07
645.0,2.4426127637343154,2.1477547577097165e-05,5.016198016960516e-07
646.0,2.442461571662534,2.1507785992130386e-05,5.016231865440091e-07
647.0,2.4423104105279463,2.15380182197234e-05,5.0162656384245e-07
648.0,2.4421592802900074,2.15682442679853e-05,5.016299344795527e-07
649.0,2.442008180908264,2.159846414500622e-05,5.016332957907821e-07
650.0,2.4418571123423645,2.1628677858857448e-05,5.016366522170301e-07
651.0,2.4417060745520427,2.1658885417591488e-05,5.016400006496724e-07
652.0,2.4415550674971294,2.1689086829242156e-05,5.016433406446197e-07
653.0,2.4414040911375468,2.1719282101824658e-05,5.016466708696043e-07
654.0,2.441253145433316,2.1749471243335672e-05,5.016499953214293e-07
655.0,2.441102230344545,2.1779654261753433e-05,5.016533126678269e-07
656.0,2.440951345831433,2.180983116503781e-05,5.016566224647079e-07
657.0,2.4408004918542696,2.184000196113039e-05,5.016599220475371e-07
658.0,2.4406496683734438,2.1870166657954546e-05,5.016632171894742e-07
659.0,2.4404988753494274,2.190032526341553e-05,5.016665056700731e-07
660.0,2.4403481127427797,2.1930477785400543e-05,5.016697830484418e-07
661.0,2.440197380541605,2.1960624226205136e-05,5.016726309925446e-07
662.0,2.440046678737514,2.1990764587589233e-05,5.016754607289897e-07
663.0,2.439896007296533,2.202089887635068e-05,5.016782873568104e-07
664.0,2.4397453661847415,2.205102709927384e-05,5.016811113200959e-07
665.0,2.439594755368257,2.208114926313462e-05,5.016839303984e-07
666.0,2.4394441748132443,2.2111265374700735e-05,5.016867485885257e-07
667.0,2.439293624485902,2.2141375440731445e-05,5.01689559673224e-07
668.0,2.439143104352482,2.217147946797716e-05,5.016923680933871e-07
669.0,2.438992614379276,2.2201577463179098e-05,5.016951720726581e-07
670.0,2.43884215453263,2.223166943306895e-05,5.016979751637507e-07
671.0,2.4386917247789275,2.226175538436859e-05,5.017007711494159e-07
672.0,2.4385413250846133,2.2291835323789818e-05,5.017035631382782e-07
673.0,2.4383909554161805,2.2321909258034125e-05,5.017063515744269e-07
674.0,2.4382406157401713,2.2351977193792505e-05,5.017091342374158e-07
675.0,2.438090306023189,2.238203913774527e-05,5.017119160122263e-07
676.0,2.4379400262318796,2.2412095096561913e-05,5.01714689793431e-07
677.0,2.4377897763329544,2.2442145076900955e-05,5.017174595778329e-07
678.0,2.437639556293175,2.2472189085409827e-05,5.017202249213426e-07
679.0,2.4374893660793613,2.250222712872476e-05,5.017229858239602e-07
680.0,2.437339205658388,2.2532259213470703e-05,5.017257418415966e-07
681.0,2.4371890749971863,2.2562285346261222e-05,5.017284929742516e-07
682.0,2.437038974062745,2.259230553369844e-05,5.017312378896577e-07
683.0,2.4368889028221177,2.2622319782372963e-05,5.01733983249153e-07
684.0,2.436738861242398,2.2652328098863822e-05,5.01736717506418e-07
685.0,2.4365888492907573,2.2682330489738418e-05,5.017394499873262e-07
686.0,2.436438866934413,2.2712326961552483e-05,5.017421762509855e-07
687.0,2.436288914140648,2.2742317520850033e-05,5.017448985178419e-07
688.0,2.4361389908768,2.2772302174163334e-05,5.017476172319846e-07
689.0,2.435989097110264,2.280228092801288e-05,5.017503288406999e-07
690.0,2.4358392328084983,2.2832253788907357e-05,5.01753035564434e-07
691.0,2.4356893979390235,2.286222076334363e-05,5.01755742288168e-07
692.0,2.435539592469403,2.2892181857806714e-05,5.017584374655826e-07
693.0,2.4353898163672807,2.292213707876976e-05,5.017611299784619e-07
694.0,2.4352400696003498,2.2952086432694054e-05,5.017638207149844e-07
695.0,2.435090352136357,2.298202992602899e-05,5.017665025697227e-07
696.0,2.4349406639431193,2.301196756521207e-05,5.017691804276581e-07
697.0,2.434791004988507,2.3041899356668906e-05,5.017718520683445e-07
698.0,2.4346413752404565,2.3071825306813206e-05,5.017745232649418e-07
699.0,2.4344917746669514,2.310174542204678e-05,5.01777186023844e-07
700.0,2.4343422032360467,2.3131659708759544e-05,5.017798447859434e-07
701.0,2.434192660915848,2.3161568173329512e-05,5.017824964426154e-07
702.0,2.4340431476745303,2.319147082212281e-05,5.01785144990663e-07
703.0,2.4338936634803177,2.322136766149368e-05,5.017877868773724e-07
704.0,2.433744208301501,2.3251258697784486e-05,5.017904238791004e-07
705.0,2.4335947821064283,2.3281143937325718e-05,5.017930573281149e-07
706.0,2.433445384863504,2.3311023386436014e-05,5.017956845598803e-07
707.0,2.4332960165411968,2.3340897051422158e-05,5.017983082389321e-07
708.0,2.43314667710803,2.3370764938579104e-05,5.018009261448242e-07
709.0,2.4329973665325877,2.3400627054189985e-05,5.018035382775565e-07
710.0,2.4328480847835134,2.3430483404526116e-05,5.018061446371291e-07
711.0,2.4326988318295117,2.3460333995847027e-05,5.018087474439881e-07
712.0,2.4325496076393454,2.3490178834400468e-05,5.018113484744902e-07
713.0,2.4324004121818272,2.3520017926422426e-05,5.018139401791188e-07
714.0,2.4322512454258445,2.3549851278137148e-05,5.018165309955691e-07
715.0,2.4321021073403246,2.3579678895757153e-05,5.018191111538783e-07
716.0,2.431952997894275,2.360950078548325e-05,5.018216917562768e-07
717.0,2.4318039170567425,2.3639316953504565e-05,5.018242661414263e-07
718.0,2.431654864796841,2.3669127405998556e-05,5.018268343093268e-07
719.0,2.431505841083743,2.369893214913103e-05,5.018293989245137e-07
720.0,2.431356845886697,2.3728731189056375e-05,5.018319795269122e-07
721.0,2.4312078792075806,2.3758524525446767e-05,5.018348150365171e-07
722.0,2.431058941046187,2.378831215828777e-05,5.018376265653046e-07
723.0,2.43091003136878,2.3818094094327766e-05,5.018404194423454e-07
724.0,2.4307611501418376,2.3847870340272404e-05,5.018432003289774e-07
725.0,2.4306122973319755,2.387764090279923e-05,5.018459723338253e-07
726.0,2.4304634729059247,2.3907405788562223e-05,5.018487363450674e-07
727.0,2.430314676830521,2.3937165004194222e-05,5.01851492806793e-07
728.0,2.4301659090726955,2.396691855630845e-05,5.018542381662883e-07
729.0,2.4300171695994806,2.399666645149955e-05,5.018569790848915e-07
730.0,2.4298684583779884,2.4026408696344396e-05,5.018597111217105e-07
731.0,2.429719775375425,2.405614529740273e-05,5.018624396058158e-07
732.0,2.429571120559068,2.4085876261217612e-05,5.018651569876909e-07
733.0,2.4294224938962894,2.4115601594315852e-05,5.018678694845846e-07
734.0,2.4292738953545334,2.4145321303208354e-05,5.018705757642294e-07
735.0,2.4291253249013227,2.4175035394390426e-05,5.018732753825361e-07
736.0,2.4289767825042596,2.4204743874342038e-05,5.018759705599507e-07
737.0,2.4288282681310154,2.4234446749528053e-05,5.018786564114919e-07
738.0,2.4286797817493455,2.4264144026398436e-05,5.018813382662302e-07
739.0,2.4285313233270682,2.429383571138844e-05,5.018840112391842e-07
740.0,2.428382892832087,2.4323521810918782e-05,5.018866815476031e-07
741.0,2.428234490232364,2.4353202331395794e-05,5.018893434183269e-07
742.0,2.4280861154959417,2.438287727921159e-05,5.018920004040694e-07
743.0,2.427937768590929,2.4412546660744188e-05,5.018946507284738e-07
744.0,2.4277894494855072,2.444221048235764e-05,5.018972961678969e-07
745.0,2.4276411581479262,2.4471868750402146e-05,5.018999376105171e-07
746.0,2.427492894546499,2.450152147121418e-05,5.019025706154423e-07
747.0,2.4273446586496172,2.453116865111658e-05,5.019052009558322e-07
748.0,2.427196450425729,2.4560810296418663e-05,5.019078228585272e-07
749.0,2.42704826984336,2.4590446413416307e-05,5.019104425407761e-07
750.0,2.4269001168710904,2.462007700839207e-05,5.01913051564884e-07
751.0,2.42675199147758,2.4649702087615253e-05,5.01915656592189e-07
752.0,2.426603893631549,2.4679321657342006e-05,5.019182593990479e-07
753.0,2.4264558233017763,2.4708935723815395e-05,5.019208537682118e-07
754.0,2.4263077804571163,2.4738544293265487e-05,5.019234441405729e-07
755.0,2.426159765066481,2.4768147371909422e-05,5.019260287397742e-07
756.0,2.4260117770988487,2.4797744965951496e-05,5.019286066776374e-07
757.0,2.4258638165232638,2.482733708158322e-05,5.019311806186977e-07
758.0,2.425715883308832,2.4856923724983403e-05,5.019337496747767e-07
759.0,2.425567977424723,2.4886504902318206e-05,5.019363147340528e-07
760.0,2.425420098840166,2.4916080619741216e-05,5.019388726879015e-07
761.0,2.425272247524459,2.494565088339352e-05,5.019414270890366e-07
762.0,2.4251244234469547,2.497521569940375e-05,5.01943973940655e-07
763.0,2.424976626577073,2.5004775073888158e-05,5.019465141309354e-07
764.0,2.4248288568842984,2.5034329012950667e-05,5.019490525448589e-07
765.0,2.424681114338172,2.5063877522682937e-05,5.019515874060687e-07
766.0,2.424533398908293,2.5093420609164416e-05,5.019541156059404e-07
767.0,2.424385710564323,2.5122958278462398e-05,5.019566353681171e-07
768.0,2.424238049275993,2.5152490536632085e-05,5.019591537980261e-07
769.0,2.424090415013083,2.518201738971663e-05,5.019616668988647e-07
770.0,2.423942807745439,2.52115388437472e-05,5.019641755588111e-07
771.0,2.4237952274429597,2.524105490474302e-05,5.019666753369734e-07
772.0,2.423647674075617,2.5270565578711435e-05,5.019691746710464e-07
773.0,2.4235001476134284,2.5300070871647955e-05,5.019716686760489e-07
774.0,2.423352648026473,2.5329570789536304e-05,5.019741551315349e-07
775.0,2.4232051752848984,2.535906533834847e-05,5.019766415870208e-07
776.0,2.423057729358894,2.5388554524044756e-05,5.019791187166334e-07
777.0,2.422910310218724,2.5418038352573826e-05,5.019815936257999e-07
778.0,2.4227629178346977,2.5447516829872748e-05,5.019840618736282e-07
779.0,2.422615552177191,2.547698996186705e-05,5.019865270128321e-07
780.0,2.4224682132167894,2.5506457754471002e-05,5.019891449187242e-07
781.0,2.4223209010170614,2.553592019487316e-05,5.01991427981352e-07
782.0,2.4221736156436724,2.5565377269993495e-05,5.019936404337955e-07
783.0,2.4220263570700236,2.559482898516297e-05,5.019958391194734e-07
784.0,2.42187912526974,2.562427534565693e-05,5.019980253706535e-07
785.0,2.421731920216576,2.5653716356726162e-05,5.020002076250307e-07
786.0,2.421584741884356,2.5683152023604508e-05,5.020023792212669e-07
787.0,2.421437590246989,2.5712582351512282e-05,5.020045512615923e-07
788.0,2.421290465278425,2.5742007345658094e-05,5.020067161964903e-07
789.0,2.4211433669526765,2.57714270112399e-05,5.020088766904962e-07
790.0,2.420996295243806,2.5800841353445715e-05,5.020110349640561e-07
791.0,2.4208492501259196,2.5830250377454086e-05,5.020131905730807e-07
792.0,2.4207022315731654,2.58596540884344e-05,5.020153381884995e-07
793.0,2.420555239559749,2.588905249154711e-05,5.020174853598292e-07
794.0,2.4204082740599078,2.59184455919439e-05,5.020196280902667e-07
795.0,2.420261335047928,2.594783339476783e-05,5.020217677120797e-07
796.0,2.420114422498136,2.5977215905153428e-05,5.020239037811791e-07
797.0,2.419967536384902,2.6006593128226755e-05,5.020260362975648e-07
798.0,2.4198206766826367,2.603596506910546e-05,5.020281643730584e-07
799.0,2.4196738433657954,2.606533173289884e-05,5.02030290228106e-07
800.0,2.4195270364088715,2.6094693124707855e-05,5.020324111981722e-07
801.0,2.4193802557864026,2.6124049249625187e-05,5.02034529059614e-07
802.0,2.419233501472965,2.6153400112735246e-05,5.020366420360745e-07
803.0,2.4190867734431856,2.6182745719114203e-05,5.02038757232981e-07
804.0,2.4189400716717144,2.6212086073829998e-05,5.020408648803709e-07
805.0,2.418793396133256,2.6241421181942362e-05,5.02042968530958e-07
806.0,2.4186467468025588,2.6270751048502826e-05,5.020450735138127e-07
807.0,2.418500123654395,2.630007567855474e-05,5.02047169170794e-07
808.0,2.4183535266635974,2.6329395077133285e-05,5.02049264383686e-07
809.0,2.4182069558050276,2.635870924926548e-05,5.020513555997752e-07
810.0,2.4180604110535926,2.6388018199970196e-05,5.020534441513291e-07
811.0,2.4179138923842363,2.6417321934258167e-05,5.020555278179017e-07
812.0,2.417767399771951,2.6446620457132e-05,5.020576119285636e-07
813.0,2.417620933191756,2.6475913773586186e-05,5.020596876015304e-07
814.0,2.4174744926187266,2.6505201888607104e-05,5.02061762830408e-07
815.0,2.4173280780279685,2.6534484807173035e-05,5.020638340624828e-07
816.0,2.41718168939463,2.6563762534254177e-05,5.020659017418438e-07
817.0,2.417035326693902,2.6593035074812647e-05,5.020679658684912e-07
818.0,2.4168889899010133,2.66223024338025e-05,5.020700264424249e-07
819.0,2.416742678991236,2.6651564616169725e-05,5.020720852400018e-07
820.0,2.4165963939398805,2.6680821626852277e-05,5.020741422612218e-07
821.0,2.4164501347222918,2.6710073470780068e-05,5.020761926211037e-07
822.0,2.416303901313863,2.673932015287499e-05,5.020782389841827e-07
823.0,2.416157693690031,2.6768561678050924e-05,5.020802862354401e-07
824.0,2.4160115118262575,2.6797798051213744e-05,5.020823268253594e-07
825.0,2.415865355698059,2.682702927726134e-05,5.020843665271002e-07
826.0,2.4157192252809816,2.6856255361083622e-05,5.020864004556813e-07
827.0,2.415573120550619,2.6885476307562535e-05,5.020884321638164e-07
828.0,2.415427041482598,2.6914692121572067e-05,5.020904589869701e-07
829.0,2.415280988052594,2.694390280797827e-05,5.020924862542131e-07
830.0,2.415134960236308,2.697310837163927e-05,5.020945050837611e-07
831.0,2.4149889580094963,2.7002308817405265e-05,5.020965230251306e-07
832.0,2.414842981347943,2.7031504150118563e-05,5.020985365256081e-07
833.0,2.4146970302274817,2.7060694374613576e-05,5.021005500260856e-07
834.0,2.4145511046239716,2.7089879495716843e-05,5.021025564211357e-07
835.0,2.4144052045133257,2.7119059518247036e-05,5.021045614839181e-07
836.0,2.4142593298714856,2.714823444701498e-05,5.021065612176301e-07
837.0,2.4141134806744393,2.717740428682366e-05,5.021085582868068e-07
838.0,2.413967656898213,2.7206569042468253e-05,5.021105549118943e-07
839.0,2.413821858518865,2.723572871873611e-05,5.021125462079112e-07
840.0,2.413676085512309,2.7264883320406117e-05,5.02114340328319e-07
841.0,2.4135303377756054,2.7294032868169585e-05,5.021164537488687e-07
842.0,2.4133846152049845,2.7323177382692426e-05,5.021184472653317e-07
843.0,2.4132389177767952,2.7352316868729533e-05,5.0212044344633e-07
844.0,2.4130932454670715,2.7381451331074904e-05,5.021224467327556e-07
845.0,2.412947598251785,2.741058077453289e-05,5.021244500191813e-07
846.0,2.412801976106899,2.7439705203910684e-05,5.021264528615177e-07
847.0,2.412656379008381,2.7468824624014664e-05,5.021284548156757e-07
848.0,2.4125108069322114,2.7497939039648508e-05,5.021304545493877e-07
849.0,2.4123652598543934,2.752704845561203e-05,5.021324542830996e-07
850.0,2.412219737750945,2.7556152876700287e-05,5.021344473554734e-07
851.0,2.4120742405979265,2.7585252307702964e-05,5.021364417601148e-07
852.0,2.411928768371417,2.7614346753403918e-05,5.021384370529347e-07
853.0,2.4117833210475204,2.7643436218580866e-05,5.021404252403272e-07
854.0,2.411637898602384,2.7672520708005175e-05,5.021424103190952e-07
855.0,2.4114925010121837,2.7701600226441664e-05,5.02144392733328e-07
856.0,2.4113471282531327,2.7730674778648444e-05,5.0214637559165e-07
857.0,2.4112017803014663,2.7759744369376765e-05,5.021483509004554e-07
858.0,2.41105645713347,2.7788809003370922e-05,5.021503253210824e-07
859.0,2.4109111587254546,2.7817868685368174e-05,5.021522961889957e-07
860.0,2.4107658850537734,2.7846923420098674e-05,5.021542675009982e-07
861.0,2.410620636094804,2.787597321228543e-05,5.021562317075734e-07
862.0,2.4104754118249727,2.790501806664425e-05,5.021581945818809e-07
863.0,2.410330212220734,2.7934057987883735e-05,5.021601530152964e-07
864.0,2.4101850372585822,2.7963092980705207e-05,5.021621087841766e-07
865.0,2.410039886915048,2.7992123049802724e-05,5.021640623326107e-07
866.0,2.409894761166698,2.8021148199863034e-05,5.02166014104688e-07
867.0,2.4097496599901342,2.8050168435565562e-05,5.021679627681408e-07
868.0,2.4096045833619946,2.8079183761582404e-05,5.021699069907015e-07
869.0,2.409459531258957,2.8108194182578318e-05,5.021718489928162e-07
870.0,2.4093145036577335,2.813719970321072e-05,5.021737878863064e-07
871.0,2.4091695005350746,2.8166200328129686e-05,5.021757236711721e-07
872.0,2.4090245218677633,2.819519606197794e-05,5.021776536828781e-07
873.0,2.4088795676326287,2.8224186909390864e-05,5.021795836945842e-07
874.0,2.4087346378065253,2.825317287499651e-05,5.021815083772196e-07
875.0,2.4085897323663548,2.8282153963415582e-05,5.021834330598551e-07
876.0,2.408444851289044,2.8311130179261465e-05,5.021853519693309e-07
877.0,2.408299994551566,2.8340101527140207e-05,5.021872677701822e-07
878.0,2.4081551621309294,2.836906801165054e-05,5.021891826828551e-07
879.0,2.4080103540041713,2.8398029637383888e-05,5.02191091378279e-07
880.0,2.4078655701483775,2.842698640892437e-05,5.021930000737029e-07
881.0,2.4077208105406585,2.8455938330848806e-05,5.021949029959671e-07
882.0,2.4075760751581723,2.8484885407726744e-05,5.021968068064098e-07
883.0,2.407431363978102,2.8513827644120454e-05,5.021987052877819e-07
884.0,2.4072866769776744,2.8542765044584943e-05,5.022005997723511e-07
885.0,2.407142014134149,2.857169761366797e-05,5.02202489371939e-07
886.0,2.4069973754248277,2.8600625355910055e-05,5.022043785274377e-07
887.0,2.4068527608270456,2.8629548275844498e-05,5.022062685711148e-07
888.0,2.406708170318162,2.865846637799738e-05,5.022081492889185e-07
889.0,2.4065636038755924,2.868737966688759e-05,5.022100308949007e-07
890.0,2.4064190614767718,2.8716288147026822e-05,5.022119062836339e-07
891.0,2.406274543099185,2.8745191822919606e-05,5.022137834487239e-07
892.0,2.406130048720336,2.8774090699063304e-05,5.022156530642974e-07
893.0,2.4059855783177797,2.8802984779948136e-05,5.02217520903514e-07
894.0,2.4058411318690998,2.8831874070057194e-05,5.022193865222846e-07
895.0,2.405696709351917,2.886075857386645e-05,5.022212499206091e-07
896.0,2.4055523107438836,2.8889638295844776e-05,5.022231079898631e-07
897.0,2.4054079360226948,2.891851324045395e-05,5.022249651709387e-07
898.0,2.4052635851660735,2.894738341214869e-05,5.02226817467033e-07
899.0,2.405119258151785,2.897624881537664e-05,5.022286688749489e-07
900.0,2.4049749549566615,2.900510945457773e-05,5.022295508361196e-07
901.0,2.4048306754208015,2.9033965362141826e-05,5.022315110458919e-07
902.0,2.4046864193804716,2.906281657060976e-05,5.022335209936557e-07
903.0,2.404542186811681,2.9091663084773138e-05,5.022355473727202e-07
904.0,2.4043979776901234,2.912050490949148e-05,5.022375813013014e-07
905.0,2.404253791991399,2.9149342049643775e-05,5.022396183385069e-07
906.0,2.4041096296910753,2.9178174510116133e-05,5.022416567079802e-07
907.0,2.403965490764711,2.9207002295796105e-05,5.022436919688289e-07
908.0,2.4038213751878765,2.9235825411569657e-05,5.022457254533208e-07
909.0,2.4036772829361617,2.9264643862319214e-05,5.022477584937235e-07
910.0,2.403533213985178,2.929345765292237e-05,5.022497902018586e-07
911.0,2.40338916831056,2.9322266788251093e-05,5.022518161368339e-07
912.0,2.403245145887985,2.935107127317111e-05,5.022538411836308e-07
913.0,2.403101146693156,2.9379871112541446e-05,5.022558640099817e-07
914.0,2.402957170701809,2.940866631121409e-05,5.022578801749944e-07
915.0,2.402813217889729,2.9437456874033732e-05,5.02259898116364e-07
916.0,2.4026692882327243,2.94662428058376e-05,5.02261912949109e-07
917.0,2.402525381706644,2.949502411145531e-05,5.02263921120516e-07
918.0,2.4023814982873817,2.9523800795708758e-05,5.022659261832985e-07
919.0,2.4022376379508676,2.9552572863412022e-05,5.022679281374565e-07
920.0,2.402093800673072,2.958134031937129e-05,5.02269929203436e-07
921.0,2.4019499864300005,2.9610103168384815e-05,5.022719249403451e-07
922.0,2.4018061951977026,2.9638861415242885e-05,5.022739175686297e-07
923.0,2.401662426952269,2.96676150647278e-05,5.022759088646467e-07
924.0,2.401518681669823,2.9696364121613844e-05,5.022778930552363e-07
925.0,2.401374959326539,2.972510859066729e-05,5.022798763576475e-07
926.0,2.401231259898623,2.9753848476646372e-05,5.022818556632558e-07
927.0,2.401087583362326,2.978258378430131e-05,5.022838331925072e-07
928.0,2.400943929693933,2.981131451837429e-05,5.022858053926882e-07
929.0,2.400800298869778,2.9840040683599483e-05,5.022877762606015e-07
930.0,2.4006566908662244,2.9868762284703054e-05,5.022897400230875e-07
931.0,2.4005131056596856,2.9897479326403173e-05,5.022917020092166e-07
932.0,2.4003695432266126,2.992619181341003e-05,5.022936631071673e-07
933.0,2.4002260035434886,2.9954899750425852e-05,5.022956184319582e-07
934.0,2.4000824865868466,2.9983603142144922e-05,5.022975719803924e-07
935.0,2.399938992333251,3.0012301993253595e-05,5.022995193115776e-07
936.0,2.3997955207593153,3.0040996308430312e-05,5.023014675309412e-07
937.0,2.3996520718416807,3.0069686092345625e-05,5.023034095330559e-07
938.0,2.399508645557039,3.009837134966222e-05,5.023053506469921e-07
939.0,2.399365241882109,3.0127052085034936e-05,5.023072842114118e-07
940.0,2.3992218607936624,3.015572830311078e-05,5.023092168876531e-07
941.0,2.399078502268501,3.0184400008528966e-05,5.023111464552699e-07
942.0,2.398935166283469,3.0213067205920923e-05,5.023130742465298e-07
943.0,2.3987918528154446,3.024172989991032e-05,5.023149967087193e-07
944.0,2.3986485618413522,3.0270388095113097e-05,5.023169182827303e-07
945.0,2.398505293338145,3.0299041796137487e-05,5.023188331954032e-07
946.0,2.3983620472828275,3.0327691007584028e-05,5.02320748108076e-07
947.0,2.3982188236524276,3.03563357340456e-05,5.023226563594108e-07
948.0,2.3980756224240256,3.0384975980107447e-05,5.023245632784779e-07
949.0,2.3979324435747333,3.041361175034719e-05,5.023264697534557e-07
950.0,2.3977892870816957,3.0442243049334857e-05,5.023283704552739e-07
951.0,2.3976461529221025,3.0470869881632913e-05,5.023302676043784e-07
952.0,2.3975030410731804,3.0499492251796278e-05,5.023321625330368e-07
953.0,2.397359951512192,3.052811016437235e-05,5.023340543530708e-07
954.0,2.397216884216436,3.055672362390103e-05,5.023359417322126e-07
955.0,2.3970738391632533,3.058533263491474e-05,5.023378277790869e-07
956.0,2.3969308163300185,3.0613937201938465e-05,5.02339711605515e-07
957.0,2.3967878156941396,3.064253732948975e-05,5.023415887706051e-07
958.0,2.396644837233073,3.067113302207874e-05,5.023434672679628e-07
959.0,2.3965018809242986,3.069972428420821e-05,5.023453404362499e-07
960.0,2.3963589467454285,3.072831112037384e-05,5.023472984255761e-07
961.0,2.3962160347939814,3.0756893510969614e-05,5.023488300892609e-07
962.0,2.3960731451703996,3.078547143598787e-05,5.023503395484852e-07
963.0,2.3959302778564746,3.081404489907074e-05,5.02351829023695e-07
964.0,2.3957874328343176,3.084261390379867e-05,5.023533113934775e-07
965.0,2.395644610086141,3.087117845372914e-05,5.02354787546011e-07
966.0,2.3955018095942266,3.089973855240621e-05,5.023562583694741e-07
967.0,2.3953590313409054,3.092829420336468e-05,5.023577296370263e-07
968.0,2.395216275308535,3.095684541013225e-05,5.023591969077756e-07
969.0,2.395073541479509,3.0985392176230864e-05,5.023606637344358e-07
970.0,2.394930829836238,3.1013934505177454e-05,5.023621256761146e-07
971.0,2.3947881403611646,3.104247240048448e-05,5.023635876177934e-07
972.0,2.3946454730367446,3.107100586566026e-05,5.023650464508478e-07
973.0,2.3945028278454576,3.109953490420922e-05,5.023665043957237e-07
974.0,2.3943602047698014,3.112805951963204e-05,5.023679623405997e-07
975.0,2.394217603792287,3.115657971542577e-05,5.023694167327619e-07
976.0,2.3940750248954505,3.1185095495083894e-05,5.02370870680835e-07
977.0,2.3939324680618426,3.12136068620964e-05,5.023723250729972e-07
978.0,2.3937899332740264,3.1242113819949766e-05,5.023737759124458e-07
979.0,2.3936474205145903,3.127061637212704e-05,5.023752263078052e-07
980.0,2.393504929766135,3.1299114522107786e-05,5.023766744827185e-07
981.0,2.393362461011279,3.132760827336812e-05,5.023781204371858e-07
982.0,2.393220014232663,3.135609762938068e-05,5.023795668357423e-07
983.0,2.3930775894129357,3.138458259361464e-05,5.023810096815851e-07
984.0,2.3929351865347743,3.141306316953568e-05,5.023824534156063e-07
985.0,2.3927928055808643,3.144153936060599e-05,5.023838949291815e-07
986.0,2.392650446533914,3.147001117028422e-05,5.023853355545782e-07
987.0,2.3925081093766436,3.1498478602025506e-05,5.023867717390829e-07
988.0,2.392365794091802,3.152694165928142e-05,5.023882096999444e-07
989.0,2.3922235006621446,3.1555400345499955e-05,5.023896449962706e-07
990.0,2.392081229070448,3.1583854664125535e-05,5.023910762957939e-07
991.0,2.3919389792995176,3.161230461859897e-05,5.023925129243878e-07
992.0,2.391796751332153,3.164075021235744e-05,5.023939411152867e-07
993.0,2.391654545151198,3.166919144883449e-05,5.023953710825424e-07
994.0,2.391512360739499,3.169762833146001e-05,5.023967992734413e-07
995.0,2.391370198079925,3.17260608636602e-05,5.023982265761617e-07
996.0,2.391228057155362,3.1754489048857605e-05,5.023996507702577e-07
997.0,2.391085937948717,3.178291289047103e-05,5.024010727439077e-07
998.0,2.3909438404429157,3.181133239191557e-05,5.024024942734684e-07
999.0,2.3908017646209014,3.1839747556602597e-05,5.024039149148507e-07
1000.0,2.3906597104656337,3.186815838793973e-05,5.024053328916978e-07
1001.0,2.3905176779600965,3.1896564889330815e-05,5.02406751312634e-07
1002.0,2.390375667087286,3.1924967064175946e-05,5.024081661808566e-07
1003.0,2.390233677830223,3.195336491587141e-05,5.0240958060499e-07
1004.0,2.390091710171941,3.1981758447809715e-05,5.024109905882312e-07
1005.0,2.389949764095504,3.201014766337955e-05,5.024124023478294e-07
1006.0,2.389807839583981,3.203853256596579e-05,5.024138105547138e-07
1007.0,2.3896659366204704,3.206691315894948e-05,5.02415218317509e-07
1008.0,2.389524055188083,3.209528944570783e-05,5.024166229716798e-07
1009.0,2.389382195269956,3.212366142961421e-05,5.024180276258505e-07
1010.0,2.389240356849237,3.215202911403812e-05,5.024194282832184e-07
1011.0,2.3890985399091043,3.218039250234521e-05,5.024208307169431e-07
1012.0,2.3889567444327424,3.220875159789724e-05,5.024222291538649e-07
1013.0,2.388814970403365,3.2237106404052124e-05,5.024236262585191e-07
1014.0,2.3886732178042043,3.226545692416386e-05,5.024250242513517e-07
1015.0,2.388531486618503,3.2293803161582574e-05,5.024264164710246e-07
1016.0,2.3883897768295355,3.2322145119654486e-05,5.024278086906975e-07
1017.0,2.388248088420593,3.235048280172192e-05,5.024292031308164e-07
1018.0,2.3881064213749736,3.237881621112329e-05,5.024305909095972e-07
1019.0,2.3879647756760103,3.240714535119308e-05,5.024319764679319e-07
1020.0,2.38782315130706,3.243547022526195e-05,5.024333700198724e-07
1021.0,2.3876815483561074,3.246379081589465e-05,5.024355811400483e-07
1022.0,2.3875399669047743,3.2492107106585984e-05,5.024377047746498e-07
1023.0,2.3873984069275016,3.2520419102459436e-05,5.024397995434526e-07
1024.0,2.3872568683991555,3.254872680854269e-05,5.024418694432597e-07
1025.0,2.3871153512948693,3.257703022981161e-05,5.024439277967474e-07
1026.0,2.3869738555899493,3.2605329371203804e-05,5.024459688307559e-07
1027.0,2.386832381259877,3.263362423762567e-05,5.024480058679615e-07
1028.0,2.3866909282802435,3.26619148339568e-05,5.024500282502231e-07
1029.0,2.386549496626776,3.269020116505297e-05,5.024520417507006e-07
1030.0,2.3864080862753037,3.2718483235748326e-05,5.024540459253046e-07
1031.0,2.386266697201758,3.2746761050857054e-05,5.024560438826597e-07
1032.0,2.3861253293821596,3.277503461517476e-05,5.024580338464091e-07
1033.0,2.385983982792621,3.280330393347953e-05,5.024600193692663e-07
1034.0,2.38584265740933,3.283156901053284e-05,5.024619946780717e-07
1035.0,2.385701353208563,3.285982985108033e-05,5.024639651018958e-07
1036.0,2.3855600701666675,3.288808645985244e-05,5.024659301966494e-07
1037.0,2.385418808260062,3.291633884156505e-05,5.024678877418864e-07
1038.0,2.3852775674652418,3.2944587000919926e-05,5.02469842178499e-07
1039.0,2.385136347758761,3.2972830942605185e-05,5.024717877333273e-07
1040.0,2.3849951491172527,3.300107067129571e-05,5.024737319558881e-07
1041.0,2.3848539715173986,3.30293061916535e-05,5.024756668525754e-07
1042.0,2.3847128149359578,3.3057537508328013e-05,5.024775986406382e-07
1043.0,2.3845716793497425,3.308576462595648e-05,5.024795255437198e-07
1044.0,2.384430564735626,3.311398754916416e-05,5.024814471177308e-07
1045.0,2.384289471070541,3.3142206282564586e-05,5.024833646949389e-07
1046.0,2.384148398331479,3.3170420830759816e-05,5.024852787194334e-07
1047.0,2.384007346495482,3.319863119834066e-05,5.024871860825897e-07
1048.0,2.383866315539654,3.3226837389886866e-05,5.024890885607647e-07
1049.0,2.3837253054411502,3.325503940996732e-05,5.02490987486226e-07
1050.0,2.3835843161771817,3.328323726314022e-05,5.024928833030629e-07
1051.0,2.383443347725007,3.331143095395325e-05,5.024947742349184e-07
1052.0,2.3833024000619405,3.333962048694372e-05,5.024966598377034e-07
1053.0,2.383161473165347,3.3367805866638754e-05,5.024985414436856e-07
1054.0,2.383020567012643,3.339598709755538e-05,5.025004208292216e-07
1055.0,2.3828796815812887,3.342416418420072e-05,5.025022931093304e-07
1056.0,2.382738816848803,3.3452337131072066e-05,5.025041640571715e-07
1057.0,2.3825979727927438,3.3480505942657044e-05,5.02506029675942e-07
1058.0,2.382457149390724,3.3508670623433696e-05,5.025078930742666e-07
1059.0,2.3823163466203963,3.353683117787061e-05,5.02509749811253e-07
1060.0,2.3821755644594695,3.3564987610427025e-05,5.025116052159717e-07
1061.0,2.382034802885691,3.359313992555292e-05,5.025134561797984e-07
1062.0,2.3818940618768587,3.3621288127689116e-05,5.02515304923179e-07
1063.0,2.3817533414108114,3.3649432221267385e-05,5.025171487815783e-07
1064.0,2.381612641465433,3.367757221071051e-05,5.025189859786394e-07
1065.0,2.3814719620186606,3.37057081004324e-05,5.025208231757006e-07
1066.0,2.3813313030484617,3.373383989483815e-05,5.025226532673344e-07
1067.0,2.3811906645328604,3.376196759832415e-05,5.025244815826113e-07
1068.0,2.3810500464499174,3.379009121527813e-05,5.025263085656206e-07
1069.0,2.380909448777732,3.3818210750079254e-05,5.025281288872918e-07
1070.0,2.3807688714944537,3.384632620709819e-05,5.025299452121601e-07
1071.0,2.380628314578273,3.387443759069719e-05,5.025317597606715e-07
1072.0,2.3804877780074203,3.3902544905230124e-05,5.025335716446477e-07
1073.0,2.3803472617601624,3.3930648155042586e-05,5.025353759791074e-07
1074.0,2.380206765814823,3.395874734447193e-05,5.025371829781022e-07
1075.0,2.3800662901497467,3.3986842477847335e-05,5.025389842039374e-07
1076.0,2.3799258347433305,3.4014933559489896e-05,5.025407805447912e-07
1077.0,2.3797853995740113,3.404302059371264e-05,5.025425751092882e-07
1078.0,2.3796449846202625,3.407110358482062e-05,5.025443661210716e-07
1079.0,2.3795045898605967,3.409918253711093e-05,5.025461518037844e-07
1080.0,2.3793642152735264,3.412725745487246e-05,5.025478890807733e-07
1081.0,2.379223860653302,3.4155328379112335e-05,5.025488643006781e-07
1082.0,2.379083525800162,3.418339534996271e-05,5.025499763000596e-07
1083.0,2.3789432107008777,3.421145837004979e-05,5.025511273792915e-07
1084.0,2.3788029153416668,3.423951744212613e-05,5.025522979984487e-07
1085.0,2.378662639708483,3.426757256899978e-05,5.025534823843714e-07
1086.0,2.3785223837871095,3.429562375351385e-05,5.025546792047919e-07
1087.0,2.3783821475632,3.432367099853632e-05,5.025558822424614e-07
1088.0,2.378241931022323,3.435171430695385e-05,5.025570928296474e-07
1089.0,2.378101734149965,3.437975368166776e-05,5.025583043050119e-07
1090.0,2.377961556931569,3.440778912559118e-05,5.02559525550339e-07
1091.0,2.3778213993525132,3.443582064164682e-05,5.025607481279337e-07
1092.0,2.3776812613981426,3.4463848232765364e-05,5.025619702614392e-07
1093.0,2.3775411430537745,3.449187190188414e-05,5.025631959476584e-07
1094.0,2.3774010443046945,3.451989165194605e-05,5.025644251865913e-07
1095.0,2.3772609651361645,3.454790748589867e-05,5.02565658422327e-07
1096.0,2.3771209055334226,3.457591940669348e-05,5.025668907698844e-07
1097.0,2.376980865481696,3.460392741728526e-05,5.025681231174417e-07
1098.0,2.376840844966197,3.463193152063154e-05,5.02569355464999e-07
1099.0,2.3767008439721287,3.46599317196921e-05,5.025705895889132e-07
1100.0,2.3765608624846837,3.468792801742859e-05,5.025718272655411e-07
1101.0,2.37642090048904,3.471592041680409e-05,5.025730613894552e-07
1102.0,2.376280957970383,3.4743908920782825e-05,5.025742977338155e-07
1103.0,2.376141034913886,3.4771893532329876e-05,5.025755358545325e-07
1104.0,2.376001131304716,3.4799874254410893e-05,5.025767708666251e-07
1105.0,2.375861247128047,3.482785108999187e-05,5.025780067668961e-07
1106.0,2.375721382369048,3.485582404203892e-05,5.025792431112563e-07
1107.0,2.3755815370128905,3.4883793113518096e-05,5.025804816760626e-07
1108.0,2.3754417110447403,3.491175830739516e-05,5.025817166881552e-07
1109.0,2.375301904449777,3.493971962663547e-05,5.025829552529615e-07
1110.0,2.375162117213171,3.496767707420378e-05,5.025841907091433e-07
1111.0,2.375022349320104,3.499563065306413e-05,5.025854252771467e-07
1112.0,2.3748826007557615,3.502358036617973e-05,5.025866607333285e-07
1113.0,2.37474287150533,3.505152621651278e-05,5.025878944131534e-07
1114.0,2.3746031615540057,3.5079468207024435e-05,5.025891285370676e-07
1115.0,2.374463470886988,3.510740634067464e-05,5.025903617728034e-07
1116.0,2.374323799489482,3.513534062042204e-05,5.025915927880931e-07
1117.0,2.3741841473467056,3.516327104922393e-05,5.025928260238288e-07
1118.0,2.3740445144438747,3.519119763003612e-05,5.025940557068509e-07
1119.0,2.373904900766219,3.521912036581289e-05,5.025952840576053e-07
1120.0,2.37376530629898,3.52470392595069e-05,5.02596515072895e-07
1121.0,2.373625731027397,3.5274954314069115e-05,5.025977429795603e-07
1122.0,2.373486174936726,3.530286553244876e-05,5.025989704421363e-07
1123.0,2.3733466380122312,3.5330772917593225e-05,5.026001979047123e-07
1124.0,2.373207120239184,3.535867647244804e-05,5.026014244791099e-07
1125.0,2.3730676216028654,3.538657619995679e-05,5.026026501653291e-07
1126.0,2.372928142088569,3.541447210306109e-05,5.026038749633699e-07
1127.0,2.372788681681596,3.544236418470051e-05,5.026050993173214e-07
1128.0,2.3726492403672585,3.5470252447812537e-05,5.026063218949162e-07
1129.0,2.37250981813088,3.549813689533255e-05,5.026075431402433e-07
1130.0,2.372370414957796,3.552601753019376e-05,5.02608765717838e-07
1131.0,2.37223103083335,3.555389435532715e-05,5.026099860749866e-07
1132.0,2.3720916657428965,3.55817673736615e-05,5.026112046557785e-07
1133.0,2.3719523196718058,3.560963658812327e-05,5.026124227924811e-07
1134.0,2.371812992605455,3.563750200163663e-05,5.026136387087377e-07
1135.0,2.371673684529238,3.56653636171234e-05,5.026148559572619e-07
1136.0,2.3715343954285557,3.569322143750303e-05,5.026160714294292e-07
1137.0,2.371395125288822,3.572107546569255e-05,5.026172855693289e-07
1138.0,2.371255874095466,3.5748925704606574e-05,5.026184992651395e-07
1139.0,2.371116641833923,3.5776772157157236e-05,5.026197098523255e-07
1140.0,2.3709774284899816,3.5804614826255837e-05,5.026212615000247e-07
1141.0,2.3708382342601406,3.5832453672563795e-05,5.026229601412524e-07
1142.0,2.370699059338503,3.586028865719856e-05,5.026244966899185e-07
1143.0,2.370559903706571,3.588811978388334e-05,5.026259883855744e-07
1144.0,2.370420767346442,3.5915947056203057e-05,5.026274578767698e-07
1145.0,2.370281650240497,3.594377047768199e-05,5.026289073839507e-07
1146.0,2.3701425523713193,3.597159005180523e-05,5.026303462329906e-07
1147.0,2.3700034737216322,3.599940578202872e-05,5.026317766443356e-07
1148.0,2.3698644142742693,3.6027217671785225e-05,5.026331959534502e-07
1149.0,2.369725374012166,3.605502572448837e-05,5.026346086012268e-07
1150.0,2.36958635291834,3.608282994353531e-05,5.026360168081112e-07
1151.0,2.369447350975879,3.611063033230862e-05,5.026374227945496e-07
1152.0,2.3693083681679292,3.6138426894177755e-05,5.026388185669362e-07
1153.0,2.36916940447771,3.616621963250031e-05,5.026402121188767e-07
1154.0,2.369030459888486,3.619400855062298e-05,5.026416012299251e-07
1155.0,2.3688915343835744,3.6221793651882296e-05,5.026429863441706e-07
1156.0,2.36875262794634,3.624957493960524e-05,5.02644367017524e-07
1157.0,2.3686137405601966,3.627735241710976e-05,5.026457459145206e-07
1158.0,2.3684748722085933,3.630512608770522e-05,5.026471199265359e-07
1159.0,2.368336022875026,3.633289595469282e-05,5.026484908299267e-07
1160.0,2.3681971925430285,3.636066202136594e-05,5.02649858624693e-07
1161.0,2.3680583811961693,3.638842429101045e-05,5.026512219785673e-07
1162.0,2.3679195888180584,3.641618276690496e-05,5.026525840001739e-07
1163.0,2.3677808153923365,3.644393745232104e-05,5.026539424690668e-07
1164.0,2.367642060902683,3.647168835052343e-05,5.026553004938705e-07
1165.0,2.367503325332802,3.649943546477022e-05,5.026566536336929e-07
1166.0,2.367364608666439,3.652717879831301e-05,5.026580045530693e-07
1167.0,2.367225910887366,3.655491835439711e-05,5.02659351919732e-07
1168.0,2.36708723197939,3.658265413626162e-05,5.026606988423055e-07
1169.0,2.366948571926342,3.6610386147139624e-05,5.026620408798976e-07
1170.0,2.36680993071209,3.663811439025826e-05,5.026633820293114e-07
1171.0,2.366671308320524,3.6665838868838877e-05,5.026647191819222e-07
1172.0,2.3665327047355706,3.669355958609706e-05,5.026660567786223e-07
1173.0,2.366394119941176,3.672127654524279e-05,5.026673908226087e-07
1174.0,2.3662555539213197,3.67489897494805e-05,5.02668722646149e-07
1175.0,2.366117006660007,3.677669920200915e-05,5.026700531374217e-07
1176.0,2.365978478141268,3.680440490602232e-05,5.026713800759808e-07
1177.0,2.3658399683491624,3.6832106864708254e-05,5.026727043500046e-07
1178.0,2.3657014772677782,3.6859805081249944e-05,5.026740286240283e-07
1179.0,2.3655630048812224,3.68874995588252e-05,5.026753489012492e-07
1180.0,2.3654245511736343,3.69151903006067e-05,5.026766682902917e-07
1181.0,2.3652861161291727,3.694287730976205e-05,5.026779836825312e-07
1182.0,2.3651476997320278,3.697056058945383e-05,5.026792977425032e-07
1183.0,2.365009301966413,3.699824014283965e-05,5.026806118024751e-07
1184.0,2.3648709228165607,3.702591597307218e-05,5.026819223097334e-07
1185.0,2.3647325622667323,3.7053588083299234e-05,5.02683229264278e-07
1186.0,2.364594220301215,3.708125647666376e-05,5.026845344424657e-07
1187.0,2.3644558969043223,3.7108921156303915e-05,5.02685842729278e-07
1188.0,2.3643175920603796,3.713658212535311e-05,5.026871456870197e-07
1189.0,2.364179305753746,3.716423938694e-05,5.026884464243153e-07
1190.0,2.3640410379688026,3.719189294418858e-05,5.026897462734325e-07
1191.0,2.363902788689953,3.721954280021818e-05,5.026910443461929e-07
1192.0,2.363764557901621,3.724718895814352e-05,5.026923393103289e-07
1193.0,2.36362634558826,3.727483142107473e-05,5.026936338303756e-07
1194.0,2.3634881517343374,3.7302470192117374e-05,5.026949247977086e-07
1195.0,2.363349976324353,3.733010527437249e-05,5.026962157650416e-07
1196.0,2.3632118193428204,3.735773667093661e-05,5.026975040678394e-07
1197.0,2.3630736807742805,3.73853643849018e-05,5.026987901501911e-07
1198.0,2.3629355606032956,3.7412988419355675e-05,5.02700074456186e-07
1199.0,2.3627974588144505,3.7440608777381425e-05,5.027013583180917e-07
1200.0,2.362659375392348,3.7468225462057845e-05,5.027026381831945e-07
1201.0,2.362521310090666,3.7495838522589443e-05,5.027036138471885e-07
1202.0,2.3623832626667864,3.752344800752559e-05,5.027044149841231e-07
1203.0,2.362245233111559,3.755105391873993e-05,5.02705259197711e-07
1204.0,2.362107221414867,3.757865625825275e-05,5.027061313889192e-07
1205.0,2.3619692275662794,3.7606255028146915e-05,5.027070146823576e-07
1206.0,2.3618312515551914,3.763385023054427e-05,5.027079135189183e-07
1207.0,2.361693293370847,3.766144186759398e-05,5.027088176845496e-07
1208.0,2.361555353002398,3.768902994146581e-05,5.027097276233405e-07
1209.0,2.361417430438918,3.7716614454345724e-05,5.027106473320941e-07
1210.0,2.361279525669405,3.774419540843271e-05,5.027115692612938e-07
1211.0,2.36114163868281,3.7771772805936474e-05,5.027124929668503e-07
1212.0,2.3610037694680406,3.7799346649075786e-05,5.027134202251204e-07
1213.0,2.3608659180139675,3.782691694007709e-05,5.027143537006395e-07
1214.0,2.3607280843094203,3.785448368117338e-05,5.027152876202479e-07
1215.0,2.360590268343207,3.788204687460328e-05,5.027162237603022e-07
1216.0,2.360452470104108,3.7909606522610286e-05,5.027171599003566e-07
1217.0,2.360314689580887,3.7937162627442166e-05,5.02718098260857e-07
1218.0,2.360176926762285,3.796471519135042e-05,5.02719037953625e-07
1219.0,2.3600391816370303,3.7992264216589794e-05,5.027199798668391e-07
1220.0,2.3599014541938335,3.801980970541787e-05,5.027209235564101e-07
1221.0,2.359763744421394,3.804735166009467e-05,5.027218676900702e-07
1222.0,2.3596260523084,3.8074890082882373e-05,5.027228122678196e-07
1223.0,2.3594883778435314,3.810242497604502e-05,5.027237572896581e-07
1224.0,2.359350721015461,3.8129956341848256e-05,5.027247031996751e-07
1225.0,2.359213081812853,3.8157484182559125e-05,5.027256491096921e-07
1226.0,2.3590754602243638,3.818500850044585e-05,5.027265936874414e-07
1227.0,2.3589378562386525,3.821252929777763e-05,5.027275413738153e-07
1228.0,2.3588002698443686,3.824004657682447e-05,5.027284917247243e-07
1229.0,2.3586627010301524,3.826756033985702e-05,5.027294380788305e-07
1230.0,2.358525149784653,3.829507058914644e-05,5.027303857652043e-07
1231.0,2.3583876160965125,3.832257732696426e-05,5.027313343397566e-07
1232.0,2.3582500999543705,3.835008055558227e-05,5.027322824702196e-07
1233.0,2.3581126013468663,3.837758027727239e-05,5.027332288243258e-07
1234.0,2.357975120262644,3.840507649430657e-05,5.02734177398878e-07
1235.0,2.3578376566903394,3.84325692089567e-05,5.02735123308895e-07
1236.0,2.357700210618598,3.8460058423494525e-05,5.027360714393581e-07
1237.0,2.3575627820360614,3.848754414019152e-05,5.027370195698211e-07
1238.0,2.3574253709313737,3.851502636131885e-05,5.027379685884625e-07
1239.0,2.3572879772931796,3.854250508914726e-05,5.027389167189256e-07
1240.0,2.357150601110128,3.856998032594704e-05,5.027398639612102e-07
1241.0,2.3570132423708716,3.859745207398791e-05,5.02740811647584e-07
1242.0,2.3568759010640616,3.8624920335539015e-05,5.027417571135118e-07
1243.0,2.35673857717836,3.865238511286883e-05,5.027427047998856e-07
1244.0,2.3566012707024218,3.8679846408245114e-05,5.027436480453673e-07
1245.0,2.3564639816249193,3.8707304223934856e-05,5.027445943994735e-07
1246.0,2.3563267099345166,3.873475856220422e-05,5.027455385331336e-07
1247.0,2.35618945561989,3.876220942531851e-05,5.02746483110883e-07
1248.0,2.356052218669717,3.878965681554212e-05,5.027474281327216e-07
1249.0,2.3559149990726755,3.881710073513848e-05,5.02748368713668e-07
1250.0,2.355777796817462,3.884454118637001e-05,5.027493128473282e-07
1251.0,2.3556406118927637,3.8871978171498134e-05,5.027502552046315e-07
1252.0,2.3555034442872786,3.8899411692783164e-05,5.027511948973995e-07
1253.0,2.3553662939897135,3.892684175248433e-05,5.027521359224352e-07
1254.0,2.355229160988779,3.8954268352859716e-05,5.027530782797385e-07
1255.0,2.355092045273185,3.898169149616623e-05,5.027540170843281e-07
1256.0,2.3549549468316577,3.9009111184659575e-05,5.027549563330069e-07
1257.0,2.3548178656529215,3.9036527420594236e-05,5.027558933612397e-07
1258.0,2.354680801725714,3.906394020622342e-05,5.027568317217401e-07
1259.0,2.354543755038775,3.909134954379906e-05,5.02757770970419e-07
1260.0,2.3544067255808554,3.911875543557187e-05,5.027587155481683e-07
1261.0,2.354269713405859,3.914615787088567e-05,5.027602880680604e-07
1262.0,2.3541327185627625,3.9173556839808346e-05,5.027618050768012e-07
1263.0,2.35399574103332,3.920095234599637e-05,5.027633025456169e-07
1264.0,2.3538587807995626,3.922834439304445e-05,5.027647853594885e-07
1265.0,2.3537218378436906,3.925573298451333e-05,5.027662579593084e-07
1266.0,2.3535849121480275,3.92831181239386e-05,5.027677212332549e-07
1267.0,2.353448003695002,3.931049981483528e-05,5.027691787340416e-07
1268.0,2.3533111124671238,3.933787806070072e-05,5.027706277971333e-07
1269.0,2.3531742384469903,3.936525286501658e-05,5.027720737516006e-07
1270.0,2.3530373816172583,3.9392624231250307e-05,5.027735103801945e-07
1271.0,2.352900541960665,3.9419992162856264e-05,5.027749465646991e-07
1272.0,2.352763719459992,3.9447356663276614e-05,5.027763756437764e-07
1273.0,2.35262691409809,3.947471773594207e-05,5.0277780117014e-07
1274.0,2.3524901258578583,3.950207538427252e-05,5.027792213674331e-07
1275.0,2.352353354722249,3.952942961167751e-05,5.027806371238341e-07
1276.0,2.3522166006742635,3.955678042155672e-05,5.027820475511646e-07
1277.0,2.3520798636969555,3.958412781730034e-05,5.027834579784951e-07
1278.0,2.351943143773413,3.961147180228943e-05,5.02784860856309e-07
1279.0,2.351806440886781,3.963881237989621e-05,5.027862628459445e-07
1280.0,2.351669755020239,3.9666149553484366e-05,5.027876612828663e-07
1281.0,2.3515330861570085,3.969348332640923e-05,5.027890552788961e-07
1282.0,2.351396434280355,3.972081370201807e-05,5.027904461663013e-07
1283.0,2.3512597993735813,3.974814068365024e-05,5.027918330569037e-07
1284.0,2.351123181420031,3.977546427463742e-05,5.027932186152384e-07
1285.0,2.3509865804030823,3.980278447830375e-05,5.027946015090379e-07
1286.0,2.3508499963061458,3.9830101297966004e-05,5.027959764092316e-07
1287.0,2.3507134291126848,3.985741473693373e-05,5.027973539739605e-07
1288.0,2.3505768788061805,3.9884724798509384e-05,5.027987279859758e-07
1289.0,2.3504403453701546,3.9912031485988465e-05,5.02800097557099e-07
1290.0,2.3503038287881672,3.9939334802659634e-05,5.028014657959545e-07
1291.0,2.3501673290438037,3.996663475180482e-05,5.028028282616503e-07
1292.0,2.3500308461206925,3.999393133669933e-05,5.028041898391677e-07
1293.0,2.34989438000249,4.0021224560611956e-05,5.028055500844175e-07
1294.0,2.3497579306728817,4.004851442680504e-05,5.02806907665132e-07
1295.0,2.3496214981155874,4.00758009385346e-05,5.028082612490437e-07
1296.0,2.3494850823143594,4.0103084099050395e-05,5.0280961216842e-07
1297.0,2.3493486832529817,4.013036391159599e-05,5.02810962199618e-07
1298.0,2.3492123009152626,4.015764037940887e-05,5.028123073458346e-07
1299.0,2.349075935285049,4.018491350572049e-05,5.02813652047962e-07
1300.0,2.348939586346212,4.021218329375634e-05,5.028149945296434e-07
1301.0,2.348803254082653,4.023944974673602e-05,5.028163334586111e-07
1302.0,2.3486669384783028,4.026671286787331e-05,5.028176697230435e-07
1303.0,2.348530639517124,4.0293972660376214e-05,5.028190055433868e-07
1304.0,2.3483943571831007,4.032122912744703e-05,5.028203364787487e-07
1305.0,2.3482580914602544,4.0348482272282406e-05,5.028216669700214e-07
1306.0,2.348121842332627,4.037573209807338e-05,5.028229947967588e-07
1307.0,2.3479856097842915,4.040297860800545e-05,5.028243195148718e-07
1308.0,2.3478493937993483,4.0430221805258626e-05,5.028256420125388e-07
1309.0,2.3477131943619263,4.0457461693007456e-05,5.028269640661165e-07
1310.0,2.3475770114561745,4.048469827442109e-05,5.028282803465345e-07
1311.0,2.3474408450662794,4.051193155266332e-05,5.028295966269525e-07
1312.0,2.347304695176448,4.053916153089264e-05,5.028309115751028e-07
1313.0,2.347168561770912,4.056638821226225e-05,5.02832223858718e-07
1314.0,2.34703244483393,4.059361159992014e-05,5.028335312573518e-07
1315.0,2.3468963443497928,4.0620831697009095e-05,5.028348386559855e-07
1316.0,2.3467602603028097,4.064804850666676e-05,5.028361442782625e-07
1317.0,2.346624192677318,4.067526203202567e-05,5.02837446791915e-07
1318.0,2.346488141457684,4.070247227621326e-05,5.028387510819243e-07
1319.0,2.346352106628287,4.072967924235194e-05,5.028400473783279e-07
1320.0,2.346216088173777,4.075688293355983e-05,5.028415763774774e-07
1321.0,2.346080086264468,4.0784083315661236e-05,5.028427749742548e-07
1322.0,2.345944101072596,4.081128035424745e-05,5.028438336829311e-07
1323.0,2.3458081325853963,4.0838474051892655e-05,5.028448604171842e-07
1324.0,2.345672180790524,4.0865664411069744e-05,5.028458733846719e-07
1325.0,2.3455362456758153,4.089285143421237e-05,5.028468779144646e-07
1326.0,2.345400327229217,4.092003512373088e-05,5.028478722302054e-07
1327.0,2.3452644254387662,4.094721548201976e-05,5.028488656577679e-07
1328.0,2.3451285402925457,4.0974392511461645e-05,5.028498546444382e-07
1329.0,2.344992671778689,4.100156621442989e-05,5.028508391902164e-07
1330.0,2.344856819885371,4.1028736593290276e-05,5.028518232919055e-07
1331.0,2.344720984600792,4.105590365040215e-05,5.028528033967916e-07
1332.0,2.3445851659131844,4.1083067388119254e-05,5.028537812812317e-07
1333.0,2.3444493638108033,4.111022780879038e-05,5.028547556129581e-07
1334.0,2.3443135782819327,4.1137384914759865e-05,5.028557326092198e-07
1335.0,2.344177809314867,4.1164538708367975e-05,5.028567073850354e-07
1336.0,2.3440420568979214,4.119168919195116e-05,5.028576777199589e-07
1337.0,2.343906321019434,4.121883636784234e-05,5.028586467226148e-07
1338.0,2.34377060166776,4.124598023837104e-05,5.028596161693599e-07
1339.0,2.3436348988312665,4.1273120805863634e-05,5.028605851720158e-07
1340.0,2.3434992124983336,4.130025807264342e-05,5.028615515101365e-07
1341.0,2.3433635426573614,4.132739204103076e-05,5.02862515627811e-07
1342.0,2.3432278892967626,4.135452271334315e-05,5.028634788573072e-07
1343.0,2.343092252404965,4.13816500918953e-05,5.028644420868034e-07
1344.0,2.3429566319704094,4.140877417899923e-05,5.02865406204478e-07
1345.0,2.342821027981543,4.143589497696428e-05,5.02866364993082e-07
1346.0,2.3426854404268393,4.146301248809723e-05,5.028673260021321e-07
1347.0,2.342549869294771,4.149012671470228e-05,5.028682830143794e-07
1348.0,2.342414314573835,4.1517237659081124e-05,5.028692413588942e-07
1349.0,2.3422787762525332,4.1544345323532967e-05,5.028701988152307e-07
1350.0,2.3421432543193816,4.157144971035456e-05,5.028711549392995e-07
1351.0,2.342007748762906,4.159855082184022e-05,5.028721079547438e-07
1352.0,2.3418722595716512,4.162564866028185e-05,5.028730609701881e-07
1353.0,2.3417367867341694,4.165274322796897e-05,5.028740148738109e-07
1354.0,2.341601330239024,4.167983452718873e-05,5.028749683333444e-07
1355.0,2.3414658900747876,4.170692256022594e-05,5.028759177960751e-07
1356.0,2.3413304662300525,4.173400732936303e-05,5.028768681469842e-07
1357.0,2.3411950586934145,4.176108883688014e-05,5.02877815833358e-07
1358.0,2.3410596674534876,4.178816708505508e-05,5.028787635197318e-07
1359.0,2.3409242924988933,4.181524207616336e-05,5.028797107620164e-07
1360.0,2.3407889338182675,4.184231381247817e-05,5.028806588924795e-07
1361.0,2.3406535914002493,4.1869382296270434e-05,5.028816021379612e-07
1362.0,2.340518265233502,4.1896447529808784e-05,5.028825467157105e-07
1363.0,2.340382955306692,4.192350951535958e-05,5.028834904052815e-07
1364.0,2.3402476616084966,4.1950568255186914e-05,5.028844318744063e-07
1365.0,2.3401123841276097,4.197762375155261e-05,5.028853733435312e-07
1366.0,2.339977122852734,4.200467600671623e-05,5.028863157008345e-07
1367.0,2.3398418777725785,4.203172502293509e-05,5.028872545054242e-07
1368.0,2.339706648875871,4.2058770802464265e-05,5.028881928659246e-07
1369.0,2.3395714361513473,4.2085813347556577e-05,5.028891307823358e-07
1370.0,2.3394362395877546,4.21128526604626e-05,5.028900682546578e-07
1371.0,2.3393010591738492,4.213988874343069e-05,5.028910030624445e-07
1372.0,2.339165894898403,4.216692159870695e-05,5.028919383143204e-07
1373.0,2.3390307467501965,4.219395122853527e-05,5.028928735661964e-07
1374.0,2.33889561471802,4.22209776351573e-05,5.028938070417155e-07
1375.0,2.338760498790677,4.224800082081247e-05,5.028947400731454e-07
1376.0,2.338625398956979,4.2275020787738e-05,5.028956695518616e-07
1377.0,2.3384903152057532,4.2302037538168865e-05,5.028965981423994e-07
1378.0,2.3383552475258402,4.2329051074337855e-05,5.028975302856509e-07
1379.0,2.33822019590608,4.235606139847552e-05,5.028984584320995e-07
1380.0,2.338085160335167,4.238306851280937e-05,5.028992142719346e-07
1381.0,2.337950140497757,4.2410072480422254e-05,5.028998688594299e-07
1382.0,2.33781513608065,4.243707336397782e-05,5.029005394341368e-07
1383.0,2.3376801470762665,4.2464071164996346e-05,5.02901248644605e-07
1384.0,2.337545173476082,4.249106588517872e-05,5.029019760627307e-07
1385.0,2.337410215271225,4.251805752629951e-05,5.029027230207817e-07
1386.0,2.3372752724525983,4.254504609017735e-05,5.02903485521955e-07
1387.0,2.3371403450109494,4.2572031578661796e-05,5.029042591253585e-07
1388.0,2.3370054329369174,4.259901399362508e-05,5.029050433869031e-07
1389.0,2.3368705362210553,4.2625993336956756e-05,5.029058396388564e-07
1390.0,2.336735654853843,4.265296961056015e-05,5.029066443285046e-07
1391.0,2.3366007888257023,4.267994281634961e-05,5.029074507945097e-07
1392.0,2.336465938127012,4.270691295624883e-05,5.029082568164256e-07
1393.0,2.336331102748117,4.273388003218947e-05,5.029090650587875e-07
1394.0,2.3361962826793254,4.276084404610992e-05,5.029098755215955e-07
1395.0,2.3360614779109197,4.278780499995436e-05,5.029106922016524e-07
1396.0,2.335926688433155,4.281476289567175e-05,5.02911514654869e-07
1397.0,2.3357919142362613,4.284171773521524e-05,5.029123379962641e-07
1398.0,2.335657155310453,4.2868669520541537e-05,5.029131613376592e-07
1399.0,2.3355224116459348,4.289561825361044e-05,5.029139873435895e-07
1400.0,2.335387683232887,4.2922563936384535e-05,5.029148102408953e-07
1401.0,2.335252970061488,4.294950657082877e-05,5.02915632694112e-07
1402.0,2.3351182721219046,4.2976446158910194e-05,5.029164560355071e-07
1403.0,2.33498358940429,4.3003382702597655e-05,5.029172789328129e-07
1404.0,2.3348489218987933,4.303031620386154e-05,5.029181018301188e-07
1405.0,2.33471426959556,4.305724666467358e-05,5.029189287242275e-07
1406.0,2.3345796324847212,4.308417408700659e-05,5.029197547301578e-07
1407.0,2.3344450105564127,4.3111098472834244e-05,5.02920584732891e-07
1408.0,2.3343104038007576,4.3138019824131004e-05,5.029214134033566e-07
1409.0,2.3341758122078784,4.316493814287189e-05,5.029222385211085e-07
1410.0,2.3340412357679057,4.319185343103241e-05,5.029230685238417e-07
1411.0,2.3339066744709527,4.321876569058845e-05,5.029238954179505e-07
1412.0,2.33377212830714,4.324567492351607e-05,5.029247209797916e-07
1413.0,2.333637597266589,4.3272581131791514e-05,5.029255469857219e-07
1414.0,2.333503081339416,4.3299484317391056e-05,5.029263716593846e-07
1415.0,2.3333685805157427,4.332638448229091e-05,5.029271976653149e-07
1416.0,2.333234094785684,4.335328162846719e-05,5.029280205626208e-07
1417.0,2.333099624139368,4.338017575789577e-05,5.029288474567295e-07
1418.0,2.3329651685669113,4.3407066872552234e-05,5.029296730185706e-07
1419.0,2.3328307280584357,4.343395497441183e-05,5.029304954717873e-07
1420.0,2.3326963026040732,4.3460840065449374e-05,5.029313205895392e-07
1421.0,2.3325618921939486,4.348772214763923e-05,5.029321452632018e-07
1422.0,2.3324274968181897,4.3514601222955214e-05,5.029329663841509e-07
1423.0,2.3322931164669396,4.3541477293370566e-05,5.029337928341704e-07
1424.0,2.332158751130324,4.3568350360857914e-05,5.029346139551194e-07
1425.0,2.3320244007984896,4.3595220427389203e-05,5.02935436408336e-07
1426.0,2.3318900654615806,4.362208749493568e-05,5.029362597497311e-07
1427.0,2.3317557451097413,4.364895156546781e-05,5.029370808706801e-07
1428.0,2.331621439733124,4.367581264095529e-05,5.029379011034507e-07
1429.0,2.3314871493218874,4.370267072336699e-05,5.029387231125781e-07
1430.0,2.331352873866188,4.372952581467091e-05,5.029395433453487e-07
1431.0,2.33121861335619,4.375637791683416e-05,5.029403613576733e-07
1432.0,2.3310843677820645,4.3783227031822904e-05,5.02941179814087e-07
1433.0,2.3309501371339865,4.381007316160238e-05,5.029419991586792e-07
1434.0,2.3308159214021327,4.3836916308136835e-05,5.02942817615093e-07
1435.0,2.330681720576686,4.38637564733895e-05,5.029436342951499e-07
1436.0,2.3305475346478377,4.389059365932259e-05,5.02944451419296e-07
1437.0,2.3304133636057807,4.3917427867897254e-05,5.029452676552637e-07
1438.0,2.3302792074407153,4.394425910107356e-05,5.029460834471422e-07
1439.0,2.3301450661428476,4.397108736081048e-05,5.029469005712883e-07
1440.0,2.330010939702403,4.399791264906602e-05,5.02947733682646e-07
1441.0,2.3298768282757707,4.402473493454814e-05,5.029485121710309e-07
1442.0,2.3297427320199477,4.405155418584832e-05,5.029491898511651e-07
1443.0,2.3296086509267186,4.4078370404624365e-05,5.029498408859467e-07
1444.0,2.3294745849882523,4.410518359244535e-05,5.029504794862305e-07
1445.0,2.329340534196878,4.4131993750846465e-05,5.029511109810869e-07
1446.0,2.3292064985450183,4.415880088134336e-05,5.029517358146052e-07
1447.0,2.3290724780251617,4.418560498543892e-05,5.029523570954098e-07
1448.0,2.328938472629843,4.421240606462697e-05,5.029529788203035e-07
1449.0,2.3288044823516203,4.4239204120394545e-05,5.0295359343977e-07
1450.0,2.32867050718309,4.4265999154223534e-05,5.029542085033256e-07
1451.0,2.3285365471168635,4.429279116759173e-05,5.029548226787028e-07
1452.0,2.3284026021455673,4.431958016197358e-05,5.029554359659016e-07
1453.0,2.3282686722618435,4.4346366138840795e-05,5.029560479208328e-07
1454.0,2.328134757458344,4.43731490996628e-05,5.029566585434964e-07
1455.0,2.3280008577277327,4.43999290459071e-05,5.029572687220707e-07
1456.0,2.327866973062679,4.442670597903953e-05,5.029578775683774e-07
1457.0,2.3277331034558646,4.445347990052448e-05,5.029584877469517e-07
1458.0,2.3275992488999706,4.448025081182507e-05,5.029590965932584e-07
1459.0,2.3274654093876874,4.450701871440329e-05,5.029597045513867e-07
1460.0,2.327331584911711,4.453378360972011e-05,5.029603120654258e-07
1461.0,2.3271977754647417,4.456054549923561e-05,5.029609204676433e-07
1462.0,2.327063981039482,4.458730438440905e-05,5.029615279816824e-07
1463.0,2.3269302016286386,4.46140602666989e-05,5.029621337193646e-07
1464.0,2.3267964372249264,4.4640813147562955e-05,5.029627416774929e-07
1465.0,2.3266626878210563,4.466756302845832e-05,5.029633487474428e-07
1466.0,2.3265289534097464,4.469430991084147e-05,5.02963954485125e-07
1467.0,2.3263952339837184,4.4721053796168306e-05,5.029645606668964e-07
1468.0,2.326261529535695,4.474779468589414e-05,5.029651664045787e-07
1469.0,2.326127840058403,4.4774532581473757e-05,5.029657721422609e-07
1470.0,2.3259941655445697,4.480126748436141e-05,5.029663774358539e-07
1471.0,2.325860505986927,4.482799939601083e-05,5.029669818412685e-07
1472.0,2.325726861378211,4.4854728317875256e-05,5.0296758802304e-07
1473.0,2.325593231711155,4.4881454251407424e-05,5.029681928725438e-07
1474.0,2.325459616978499,4.490817719805959e-05,5.029687972779584e-07
1475.0,2.325326017172984,4.493489715928351e-05,5.029694021274622e-07
1476.0,2.325192432287353,4.4961614136530474e-05,5.029700060887876e-07
1477.0,2.3250588623143544,4.498832813125128e-05,5.029706113823806e-07
1478.0,2.3249253072467333,4.501503914489626e-05,5.02971215343706e-07
1479.0,2.324791767077243,4.5041747178915274e-05,5.029718197491206e-07
1480.0,2.324658241798633,4.506845223475768e-05,5.029724219340892e-07
1481.0,2.324524731403662,4.509515431387238e-05,5.02973024563147e-07
1482.0,2.32439123588509,4.512185341770777e-05,5.029736294126508e-07
1483.0,2.324257755235673,4.514854954771178e-05,5.029742324857978e-07
1484.0,2.3241242894481773,4.517524270533184e-05,5.029748368912124e-07
1485.0,2.3239908385153636,4.520193289201488e-05,5.029754386320917e-07
1486.0,2.323857402430004,4.522862010920734e-05,5.029760412611495e-07
1487.0,2.323723981184867,4.525530435835514e-05,5.029766430020288e-07
1488.0,2.323590574772725,4.528198564090371e-05,5.029772438547297e-07
1489.0,2.323457183186357,4.530866395829794e-05,5.029778473719659e-07
1490.0,2.3233238064185384,4.533533931198223e-05,5.029784500010237e-07
1491.0,2.3231904444620493,4.536201170340043e-05,5.029790521859923e-07
1492.0,2.3230570973096727,4.538868113399587e-05,5.02979652594604e-07
1493.0,2.322923764954195,4.5415347605211337e-05,5.029802521150373e-07
1494.0,2.3227904473884053,4.544201111848907e-05,5.029808511913814e-07
1495.0,2.3226571446050976,4.546867167527076e-05,5.029814520440823e-07
1496.0,2.3225238565970647,4.549532927699755e-05,5.029820528967832e-07
1497.0,2.322390583357105,4.5521983925110014e-05,5.02982655525841e-07
1498.0,2.322257324878012,4.554863562104815e-05,5.029832532699174e-07
1499.0,2.3221240811525954,4.5575284366251395e-05,5.029838527903507e-07
1500.0,2.321990852173635,4.560193016215858e-05,5.029844287740559e-07
1501.0,2.3218576378800933,4.562857302106502e-05,5.029854190929939e-07
1502.0,2.321724438207769,4.5655212955729144e-05,5.029864151850916e-07
1503.0,2.3215912531447667,4.5681849968528854e-05,5.029874117212785e-07
1504.0,2.321458082679126,4.57084840618562e-05,5.029884078133762e-07
1505.0,2.321324926798891,4.5735115238102855e-05,5.029894061259199e-07
1506.0,2.321191785492111,4.576174349965704e-05,5.029903968889471e-07
1507.0,2.3210586587468747,4.578836884890241e-05,5.029913872078851e-07
1508.0,2.3209255465512872,4.5814991288217566e-05,5.029923757504662e-07
1509.0,2.3207924488934846,4.584161081997585e-05,5.029933642930473e-07
1510.0,2.320659365761621,4.5868227446545303e-05,5.029943479506471e-07
1511.0,2.320526297143886,4.58948411702887e-05,5.029953302759793e-07
1512.0,2.3203932430284917,4.592145199356358e-05,5.029963103808655e-07
1513.0,2.3202602034036786,4.5948059918722295e-05,5.029972904857516e-07
1514.0,2.320127178257704,4.5974664948112154e-05,5.029982652615672e-07
1515.0,2.3199941675788605,4.6001267084075446e-05,5.02999238261026e-07
1516.0,2.319861171355463,4.602786632894957e-05,5.03000211704574e-07
1517.0,2.3197281895758444,4.605446268506709e-05,5.030011802631407e-07
1518.0,2.3195952222283696,4.608105615475584e-05,5.030021492657966e-07
1519.0,2.319462269301419,4.610764674033901e-05,5.030031147157388e-07
1520.0,2.319329330783403,4.6134234444135176e-05,5.030040797215918e-07
1521.0,2.3191964066627486,4.6160819268458445e-05,5.030050416188203e-07
1522.0,2.3190634969279085,4.618740121561848e-05,5.030060012956028e-07
1523.0,2.318930601567356,4.6213980287920567e-05,5.030069591960284e-07
1524.0,2.318797720569587,4.624055648766571e-05,5.030079162082757e-07
1525.0,2.318664853923118,4.626712981715068e-05,5.030088718882553e-07
1526.0,2.3185320016164837,4.6293700278668046e-05,5.030098244596104e-07
1527.0,2.318399163638245,4.632026787450629e-05,5.030107770309655e-07
1528.0,2.318266339976977,4.6346832606949816e-05,5.030117269377854e-07
1529.0,2.318133530621279,4.637339447827901e-05,5.030126746241592e-07
1530.0,2.3180007355597696,4.6399953490770315e-05,5.030136218664438e-07
1531.0,2.317867954781086,4.642650964669625e-05,5.030145677764608e-07
1532.0,2.3177351882738835,4.6453062948325464e-05,5.030155114660317e-07
1533.0,2.3176024360268386,4.64796133979228e-05,5.030164533792458e-07
1534.0,2.317469698028646,4.650616099774931e-05,5.030173930720139e-07
1535.0,2.3173369742680197,4.6532705750062314e-05,5.030183318766035e-07
1536.0,2.317204264733691,4.6559247657115436e-05,5.030192684607471e-07
1537.0,2.3170715694144137,4.658578672115864e-05,5.030202077094259e-07
1538.0,2.316938888298948,4.661232294443826e-05,5.030211398526774e-07
1539.0,2.3168062213760874,4.6638856329197056e-05,5.030220733281965e-07
1540.0,2.3166735686346325,4.6665386877674226e-05,5.030230041391803e-07
1541.0,2.316540930063406,4.669191459210545e-05,5.030239340619858e-07
1542.0,2.3164083056512483,4.6718439474722925e-05,5.03024863540702e-07
1543.0,2.3162756953870134,4.674496152775539e-05,5.030257907989721e-07
1544.0,2.3161430992595737,4.677148075342816e-05,5.030267149486178e-07
1545.0,2.3160105172578223,4.679799715396314e-05,5.030276386541743e-07
1546.0,2.315877949370668,4.6824510731578886e-05,5.0302856280382e-07
1547.0,2.3157453955870317,4.6851021488490596e-05,5.030294851771089e-07
1548.0,2.3156128558958535,4.687752942691016e-05,5.030304048858625e-07
1549.0,2.31548033028609,4.6904034549046184e-05,5.030313214859916e-07
1550.0,2.3153478187467207,4.6930536857104e-05,5.030322411947452e-07
1551.0,2.31521532126673,4.695703635328571e-05,5.03033159127142e-07
1552.0,2.3150828378351216,4.6983533039790184e-05,5.030340730627358e-07
1553.0,2.314950368440922,4.701002691881312e-05,5.030349878865081e-07
1554.0,2.3148179130731634,4.7036517992547023e-05,5.030358991575667e-07
1555.0,2.3146854717209036,4.706300626318127e-05,5.030368104286254e-07
1556.0,2.31455304437321,4.7089491732902094e-05,5.030377212555948e-07
1557.0,2.3144206310191624,4.711597440389263e-05,5.030386263094044e-07
1558.0,2.31428823164787,4.714245427833292e-05,5.03039535360017e-07
1559.0,2.3141558462484393,4.716893135839994e-05,5.030404395256483e-07
1560.0,2.314023474810007,4.7195405646267625e-05,5.030413459117256e-07
1561.0,2.3138911173423766,4.7221877139902744e-05,5.03041890809186e-07
1562.0,2.3137587738582557,4.7248345836834545e-05,5.030424290453084e-07
1563.0,2.3136264443511765,4.727481173835841e-05,5.030429690577876e-07
1564.0,2.313494128814661,4.730127484576919e-05,5.030435077379991e-07
1565.0,2.3133618272422267,4.7327735160364845e-05,5.030440517472812e-07
1566.0,2.313229539627362,4.7354192683446666e-05,5.030445962006524e-07
1567.0,2.313097265963543,4.738064741631915e-05,5.030451393217561e-07
1568.0,2.312965006244236,4.740709936028969e-05,5.03045685107395e-07
1569.0,2.312832760462891,4.7433548516668384e-05,5.030462335575692e-07
1570.0,2.31270052861294,4.745999488676776e-05,5.030467793432081e-07
1571.0,2.312568310687816,4.7486438471902564e-05,5.030473295697391e-07
1572.0,2.3124361066809307,4.751287927338959e-05,5.030478793521809e-07
1573.0,2.3123039165856905,4.7539317292547454e-05,5.030484282464442e-07
1574.0,2.3121717403954962,4.7565752530696485e-05,5.030489793611537e-07
1575.0,2.312039578103739,4.7592184989158555e-05,5.030495322522199e-07
1576.0,2.311907429703798,4.761861466925695e-05,5.030500833669294e-07
1577.0,2.311775295189056,4.764504157231626e-05,5.030506375902632e-07
1578.0,2.311643174552877,4.767146569966225e-05,5.030511891490619e-07
1579.0,2.3115110677886324,4.769788705262177e-05,5.030517420401281e-07
1580.0,2.3113789748896796,4.772430563252269e-05,5.030522935989268e-07
1581.0,2.3112468958493824,4.775072144069374e-05,5.030528518190636e-07
1582.0,2.3111148306610803,4.777713447846452e-05,5.030534033778622e-07
1583.0,2.3109827793181323,4.780354474716535e-05,5.030539598216421e-07
1584.0,2.3108507418138777,4.782995224812726e-05,5.030545144890652e-07
1585.0,2.3107187181416586,4.785635698268188e-05,5.030550687123991e-07
1586.0,2.3105867082948173,4.788275895216141e-05,5.030556251561791e-07
1587.0,2.3104547122666865,4.790915815789854e-05,5.030561798236022e-07
1588.0,2.310322730050604,4.793555460122641e-05,5.030567367114713e-07
1589.0,2.310190761639896,4.796194828347856e-05,5.030572896025376e-07
1590.0,2.3100588070279024,4.7988339205988874e-05,5.030578473785852e-07
1591.0,2.309926866207947,4.801472737009155e-05,5.03058405598722e-07
1592.0,2.309794939173355,4.804111277712104e-05,5.030589611543235e-07
1593.0,2.3096630259174566,4.806749542841202e-05,5.030595171540142e-07
1594.0,2.3095311264335763,4.8093875325299346e-05,5.030600735977941e-07
1595.0,2.3093992407150394,4.812025246911803e-05,5.030606300415741e-07
1596.0,2.3092673687551706,4.814662686120319e-05,5.030611869294432e-07
1597.0,2.309135510547292,4.817299850289e-05,5.030617424850448e-07
1598.0,2.309003666084731,4.819936739551373e-05,5.030623002610923e-07
1599.0,2.308871835360809,4.822573354040962e-05,5.030628575930507e-07
1600.0,2.3087400183688485,4.825209693891293e-05,5.030634135927414e-07
1601.0,2.3086082151021756,4.827845759235886e-05,5.030639704806106e-07
1602.0,2.308476425554115,4.830481550208257e-05,5.030645282566581e-07
1603.0,2.3083446497179874,4.83311706694191e-05,5.030650833681705e-07
1604.0,2.3082128875871217,4.8357523095703395e-05,5.030656393678612e-07
1605.0,2.3080811391548433,4.8383872782270264e-05,5.030661953675519e-07
1606.0,2.3079494044144777,4.8410219730454344e-05,5.03066750034975e-07
1607.0,2.3078176833593567,4.84365639415901e-05,5.030673078110226e-07
1608.0,2.3076859759828023,4.8462905417011796e-05,5.030678620343565e-07
1609.0,2.307554282278152,4.848924415805347e-05,5.030684202544933e-07
1610.0,2.3074226022387294,4.851558016604892e-05,5.030689744778272e-07
1611.0,2.3072909358578704,4.854191344233169e-05,5.030695295893395e-07
1612.0,2.30715928312891,4.856824398823504e-05,5.030700860331194e-07
1613.0,2.307027644045179,4.8594571805091946e-05,5.030706393682749e-07
1614.0,2.3068960186000194,4.862089689423507e-05,5.030711953679656e-07
1615.0,2.3067644067867668,4.864721925699674e-05,5.030717509235672e-07
1616.0,2.3066328085987617,4.8673538894708954e-05,5.030723069232579e-07
1617.0,2.3065012240293434,4.8699855808703346e-05,5.030728607025026e-07
1618.0,2.306369653071857,4.8726170000311185e-05,5.030734135935688e-07
1619.0,2.3062380957196513,4.875248147086336e-05,5.030739687050811e-07
1620.0,2.306106551966065,4.877879022169039e-05,5.030745175993445e-07
1621.0,2.3059750217906534,4.8805096256934096e-05,5.030753245094388e-07
1622.0,2.3058435051709187,4.8831399581043e-05,5.030761345281576e-07
1623.0,2.3057120020971387,4.8857700195960705e-05,5.030769427705195e-07
1624.0,2.305580512559606,4.8883998103628345e-05,5.030777483483462e-07
1625.0,2.305449036548642,4.891029330598218e-05,5.030785534820836e-07
1626.0,2.3053175740545893,4.893658580495354e-05,5.030793577276427e-07
1627.0,2.3051861250678134,4.8962875602468925e-05,5.03080158420488e-07
1628.0,2.305054689578704,4.898916270045025e-05,5.030809560047089e-07
1629.0,2.3049232675776774,4.901544710081497e-05,5.030817527007514e-07
1630.0,2.304791859055166,4.904172880547633e-05,5.030825480645262e-07
1631.0,2.3046604640016244,4.906800781634345e-05,5.030833420960334e-07
1632.0,2.304529082407527,4.909428413532151e-05,5.030841352393622e-07
1633.0,2.304397714263366,4.912055776431185e-05,5.030849257181558e-07
1634.0,2.304266359559653,4.9146828705212125e-05,5.030857139765033e-07
1635.0,2.304135018286922,4.917309695991636e-05,5.030865040112076e-07
1636.0,2.304003690435713,4.919936253031508e-05,5.030872887168414e-07
1637.0,2.303872375996597,4.922562541829538e-05,5.030880747547428e-07
1638.0,2.303741074960152,4.925188562574101e-05,5.030888576840198e-07
1639.0,2.3036097873169767,4.927814315453243e-05,5.030896397251183e-07
1640.0,2.3034785130576854,4.930439800654691e-05,5.030904204339492e-07
1641.0,2.303347252172906,4.933065018365857e-05,5.030911998105125e-07
1642.0,2.3032160046532835,4.935689968773844e-05,5.030919760784514e-07
1643.0,2.3030847704894812,4.938314652065451e-05,5.030927545668362e-07
1644.0,2.30295354967217,4.940939068427179e-05,5.030935295025074e-07
1645.0,2.302822342192043,4.9435632180452366e-05,5.03094305326357e-07
1646.0,2.302691148039801,4.946187101105541e-05,5.030950789297606e-07
1647.0,2.302559967206163,4.9488107177937245e-05,5.030958498686289e-07
1648.0,2.3024287996818638,4.95143406829514e-05,5.030966212515864e-07
1649.0,2.302297645457649,4.9540571527948614e-05,5.030973926345439e-07
1650.0,2.3021665045242745,4.956679971477689e-05,5.030981595766093e-07
1651.0,2.302035376872519,4.959302524528153e-05,5.030989274068531e-07
1652.0,2.301904262493168,4.961924812130515e-05,5.030996943489185e-07
1653.0,2.301773161377019,4.9645468344687735e-05,5.031004586264487e-07
1654.0,2.30164207351489,4.9671685917266635e-05,5.031012237921573e-07
1655.0,2.301510998897603,4.969790084087663e-05,5.031019867374198e-07
1656.0,2.301379937515999,4.972411311734992e-05,5.031027492385931e-07
1657.0,2.301248889360928,4.975032274851619e-05,5.031035095193204e-07
1658.0,2.3011178544232562,4.977652973620259e-05,5.031042698000476e-07
1659.0,2.300986832693859,4.980273408223379e-05,5.031050287485073e-07
1660.0,2.3008558241636266,4.982893578843199e-05,5.031057872528777e-07
1661.0,2.3007248288234585,4.9855134856616945e-05,5.031065439808913e-07
1662.0,2.3005938466642704,4.9881331288605976e-05,5.031073007089049e-07
1663.0,2.300462877676985,4.9907525086214006e-05,5.031080556605616e-07
1664.0,2.3003319218525418,4.993371625125356e-05,5.031088101681291e-07
1665.0,2.3002009791818883,4.995990478553479e-05,5.031095628993398e-07
1666.0,2.300070049655985,4.998609069086551e-05,5.031103129660153e-07
1667.0,2.29993913326581,5.001227396905118e-05,5.031110665854044e-07
1668.0,2.2998082300023404,5.0038454621894964e-05,5.031118157639014e-07
1669.0,2.2996773398565753,5.00646326511977e-05,5.031125644983092e-07
1670.0,2.299546462819524,5.0090808058757944e-05,5.031133141208954e-07
1671.0,2.2994155988821996,5.0116980846371984e-05,5.03114060190768e-07
1672.0,2.299284748035637,5.014315101583384e-05,5.03114807148819e-07
1673.0,2.299153910270876,5.0169318568935304e-05,5.031155532186915e-07
1674.0,2.299023085578967,5.019548350746591e-05,5.03116297068118e-07
1675.0,2.2988922739509747,5.022164583321301e-05,5.031170404734553e-07
1676.0,2.2987614753779755,5.024780554796172e-05,5.03117784766971e-07
1677.0,2.2986306898510502,5.027396265349497e-05,5.03118525507773e-07
1678.0,2.298499917361299,5.030011715159352e-05,5.031192671367535e-07
1679.0,2.298369157899827,5.032626904403595e-05,5.031200074334663e-07
1680.0,2.2982384114577807,5.035241833259899e-05,5.031207761518885e-07
1681.0,2.298107678045664,5.0378565015213535e-05,5.031217322759574e-07
1682.0,2.297976957672274,5.040470909008351e-05,5.03122692396829e-07
1683.0,2.2978462503260593,5.043085055951679e-05,5.031236436359166e-07
1684.0,2.2977155559955933,5.0456989425799856e-05,5.031245930986472e-07
1685.0,2.2975848746695005,5.048312569120651e-05,5.031255336795937e-07
1686.0,2.297454206336471,5.050925935800058e-05,5.031264747046293e-07
1687.0,2.2973235509852232,5.053539042843736e-05,5.031274104005945e-07
1688.0,2.2971929086045195,5.056151890476458e-05,5.031283429879352e-07
1689.0,2.2970622791831588,5.0587644789223034e-05,5.031292746870974e-07
1690.0,2.2969316627099667,5.061376808404706e-05,5.03130202833546e-07
1691.0,2.296801059173802,5.0639888791464947e-05,5.031311274272809e-07
1692.0,2.296670468563555,5.066600691369923e-05,5.031320515769266e-07
1693.0,2.2965398908681376,5.069212245296698e-05,5.031329730620371e-07
1694.0,2.2964093260764935,5.0718235411479946e-05,5.031338936589691e-07
1695.0,2.2962787741775856,5.0744345791444815e-05,5.031348102590982e-07
1696.0,2.2961482351604054,5.0770453595063335e-05,5.031357228624245e-07
1697.0,2.2960177090139764,5.079655882453247e-05,5.031366394625536e-07
1698.0,2.2958871957273264,5.0822661482044536e-05,5.031375498454338e-07
1699.0,2.295756695289521,5.084876156978731e-05,5.031384580078679e-07
1700.0,2.295626207689645,5.087485908994411e-05,5.031393661703021e-07
1701.0,2.295495732916802,5.090095404469393e-05,5.031402725563794e-07
1702.0,2.295365270960119,5.09270464362115e-05,5.031411771660999e-07
1703.0,2.2952348218087426,5.0953136266667375e-05,5.031420799994635e-07
1704.0,2.2951043854518387,5.0979223538228e-05,5.031429792801134e-07
1705.0,2.294973961878599,5.100530825305581e-05,5.031438790048526e-07
1706.0,2.29484355107823,5.1031390413309245e-05,5.031447769532349e-07
1707.0,2.294713153039957,5.105747002114286e-05,5.031456717929927e-07
1708.0,2.2945827677530315,5.108354707870735e-05,5.031465688531966e-07
1709.0,2.2944523952067093,5.11096215881496e-05,5.031474579197948e-07
1710.0,2.294322035390286,5.113569355161277e-05,5.031483505391066e-07
1711.0,2.294191688293057,5.116176297123631e-05,5.031492391616155e-07
1712.0,2.294061353904347,5.118782984915599e-05,5.031501273400352e-07
1713.0,2.2939310322134925,5.121389418750401e-05,5.031510132980088e-07
1714.0,2.2938007232098516,5.123995598840897e-05,5.031518970355364e-07
1715.0,2.293670426882802,5.126601525399595e-05,5.031527825494209e-07
1716.0,2.29354014322173,5.129207198638654e-05,5.031536636224132e-07
1717.0,2.2934098722160505,5.1318126187698866e-05,5.03154545583584e-07
1718.0,2.2932796138551854,5.134417786004763e-05,5.03155423992041e-07
1719.0,2.29314936812858,5.137022700554414e-05,5.031563015123197e-07
1720.0,2.2930191350256965,5.139627362629636e-05,5.031571790325984e-07
1721.0,2.292888914536008,5.1422317724408906e-05,5.031580530001634e-07
1722.0,2.292758706649012,5.1448359301983104e-05,5.031589278559068e-07
1723.0,2.2926285113542133,5.147439836111701e-05,5.031597991589365e-07
1724.0,2.2924983286411424,5.1500434903905435e-05,5.03160670017877e-07
1725.0,2.2923681584993405,5.1526468932439965e-05,5.031615408768175e-07
1726.0,2.292238000918363,5.1552500448809004e-05,5.031624086271336e-07
1727.0,2.2921078558877848,5.157852945509779e-05,5.031632741570036e-07
1728.0,2.291977723397198,5.160455595338842e-05,5.03164140575052e-07
1729.0,2.2918476034362065,5.163057994575985e-05,5.031650065490112e-07
1730.0,2.29171749599443,5.165660143428798e-05,5.031658707466136e-07
1731.0,2.291587401061502,5.16826204210456e-05,5.031667305033238e-07
1732.0,2.2914573186270797,5.170863690810246e-05,5.031675924804802e-07
1733.0,2.291327248680824,5.173465089752528e-05,5.031684509049228e-07
1734.0,2.2911971912124205,5.176066239137777e-05,5.031693097734546e-07
1735.0,2.2910671462115633,5.1786671391720636e-05,5.031701668656297e-07
1736.0,2.2909371136679644,5.1812677900611627e-05,5.031710230696262e-07
1737.0,2.2908070935713507,5.183868192010552e-05,5.031718788295336e-07
1738.0,2.290677085911462,5.186468345225417e-05,5.031727332571734e-07
1739.0,2.2905470906780514,5.189068249910651e-05,5.031735845761887e-07
1740.0,2.290417107860905,5.1916679062708485e-05,5.031744478856126e-07
1741.0,2.2902871374635447,5.1942673142301535e-05,5.031750531792056e-07
1742.0,2.290157179491475,5.1968664736836764e-05,5.031756593609771e-07
1743.0,2.2900272339373884,5.19946538477761e-05,5.031762695395514e-07
1744.0,2.289897300793978,5.2020640476580076e-05,5.031768788299473e-07
1745.0,2.289767380053935,5.204662462471026e-05,5.031774867880756e-07
1746.0,2.2896374717099497,5.207260629362942e-05,5.031780974107392e-07
1747.0,2.2895075757546994,5.209858548480145e-05,5.031787071452243e-07
1748.0,2.289377692180861,5.2124562199691224e-05,5.031793177678878e-07
1749.0,2.28924782098111,5.215053643976443e-05,5.031799323873543e-07
1750.0,2.289117962148102,5.2176508206487435e-05,5.031805399013933e-07
1751.0,2.2889881156745138,5.220247750132716e-05,5.031811500799677e-07
1752.0,2.288858281553008,5.222844432575095e-05,5.031817633671665e-07
1753.0,2.288728459776242,5.225440868122648e-05,5.031823748780084e-07
1754.0,2.2885986503368785,5.2280370569221624e-05,5.031829872770288e-07
1755.0,2.2884688532275774,5.2306329991204416e-05,5.031836001201384e-07
1756.0,2.288339068440995,5.2332286948642934e-05,5.031842102987127e-07
1757.0,2.288209295969796,5.235824144300524e-05,5.031848226977331e-07
1758.0,2.2880795358066366,5.238419347575931e-05,5.031854337644859e-07
1759.0,2.287949787944181,5.241014304837299e-05,5.031860461635063e-07
1760.0,2.2878200523750865,5.243609016231391e-05,5.031866567861698e-07
1761.0,2.28769032909202,5.246203481904948e-05,5.031872678529226e-07
1762.0,2.287560618087647,5.2487977020046776e-05,5.031878811401214e-07
1763.0,2.287430919354627,5.251391676677255e-05,5.031884904305173e-07
1764.0,2.2873012328856355,5.253985406069318e-05,5.031891019413592e-07
1765.0,2.28717155867334,5.2565788903274605e-05,5.031897134522012e-07
1766.0,2.2870418967104107,5.259172129598232e-05,5.031903227425971e-07
1767.0,2.2869122469895253,5.2617651240281335e-05,5.031909324770822e-07
1768.0,2.2867826095033625,5.264357873763614e-05,5.031915439879242e-07
1769.0,2.2866529842445997,5.266950378951067e-05,5.031921537224093e-07
1770.0,2.286523371205921,5.269542639736829e-05,5.031927630128052e-07
1771.0,2.2863937703800112,5.272134656267177e-05,5.031933705268443e-07
1772.0,2.2862641817595653,5.274726428688323e-05,5.031939820376863e-07
1773.0,2.286134605337269,5.277317957146418e-05,5.031945904399038e-07
1774.0,2.2860050411058235,5.2799092417875436e-05,5.031952015066565e-07
1775.0,2.285875489057921,5.2825002827577124e-05,5.031958072443388e-07
1776.0,2.2857459491862717,5.285091080202868e-05,5.031964156465563e-07
1777.0,2.2856164214835797,5.287681634268879e-05,5.031970240487738e-07
1778.0,2.285486905942552,5.2902719451015415e-05,5.03197629786456e-07
1779.0,2.2853574025559076,5.292862012846575e-05,5.031982368564059e-07
1780.0,2.2852279113163614,5.295451837649621e-05,5.031988430381773e-07
1781.0,2.2850984322166377,5.298041419656243e-05,5.031994505522164e-07
1782.0,2.2849689652494596,5.300630759011923e-05,5.032000562898986e-07
1783.0,2.2848395104075583,5.303219855862062e-05,5.032006620275808e-07
1784.0,2.2847100676836694,5.305808710351977e-05,5.032012686534415e-07
1785.0,2.284580637070526,5.3083973226269024e-05,5.032018717265885e-07
1786.0,2.2844512185608754,5.310985692831986e-05,5.032024752438247e-07
1787.0,2.284321812147465,5.3135738211122885e-05,5.032030800933285e-07
1788.0,2.284192417823046,5.316161707612785e-05,5.032036858310107e-07
1789.0,2.2840630355803695,5.31874935247836e-05,5.032042880159793e-07
1790.0,2.2839336654122007,5.3213367558538104e-05,5.032048919773047e-07
1791.0,2.2838043073113017,5.323923917883841e-05,5.032054946063624e-07
1792.0,2.2836749612704432,5.326510838713068e-05,5.032060972354202e-07
1793.0,2.283545627282397,5.329097518486011e-05,5.032066980881211e-07
1794.0,2.283416305339945,5.331683957347101e-05,5.032073007171789e-07
1795.0,2.2832869954358666,5.334270155440673e-05,5.032079006817014e-07
1796.0,2.2831576975629524,5.3368561129109684e-05,5.032085015344023e-07
1797.0,2.2830284117139956,5.339441829902134e-05,5.032091028311925e-07
1798.0,2.2828991378817896,5.342027306558219e-05,5.032097010193581e-07
1799.0,2.282769876059142,5.344612543023178e-05,5.032103018720591e-07
1800.0,2.282640626238856,5.347197539440868e-05,5.032109000602247e-07
1801.0,2.2825113883673476,5.349782296886155e-05,5.032116559000599e-07
1802.0,2.2823821623904386,5.352366816437061e-05,5.032122922798976e-07
1803.0,2.2822529483006626,5.354951098245466e-05,5.032129366533411e-07
1804.0,2.2821237460903023,5.357535142465546e-05,5.032135801386062e-07
1805.0,2.2819945557516137,5.3601189492522765e-05,5.032142280647633e-07
1806.0,2.281865377276826,5.3627025187610305e-05,5.032148782113666e-07
1807.0,2.2817362106581554,5.365285851147398e-05,5.032155256934345e-07
1808.0,2.2816070558878208,5.367868946567087e-05,5.032161758400377e-07
1809.0,2.2814779129580316,5.370451805175858e-05,5.032168250984626e-07
1810.0,2.281348781861,5.37303442712948e-05,5.032174743568874e-07
1811.0,2.2812196625889376,5.375616812583697e-05,5.032181231712229e-07
1812.0,2.281090555134061,5.378198961694209e-05,5.032187719855585e-07
1813.0,2.2809614594885863,5.380780874616655e-05,5.032194194676265e-07
1814.0,2.2808323756447377,5.3833625515066e-05,5.032200682819621e-07
1815.0,2.280703303594737,5.385943992519526e-05,5.03220713543584e-07
1816.0,2.280574243330822,5.388525197810821e-05,5.032213636901872e-07
1817.0,2.2804451948452216,5.391106167535772e-05,5.03222010728166e-07
1818.0,2.2803161581301787,5.393686901849561e-05,5.032226573220555e-07
1819.0,2.280187133177939,5.396267400907262e-05,5.032233025836774e-07
1820.0,2.280058119980756,5.398847664863832e-05,5.032239482893885e-07
1821.0,2.279929118530887,5.4014276938741154e-05,5.032245931069212e-07
1822.0,2.279800128820595,5.4040074880928346e-05,5.032252370362755e-07
1823.0,2.2796711508421517,5.406587047674591e-05,5.032258818538082e-07
1824.0,2.279542184587832,5.409166372773863e-05,5.032265257831625e-07
1825.0,2.2794132300499177,5.4117454635450025e-05,5.032271683802492e-07
1826.0,2.2792842872206984,5.414324320142233e-05,5.032278105332466e-07
1827.0,2.279155356092471,5.416902942719651e-05,5.032284540185117e-07
1828.0,2.2790264366575337,5.419481331431222e-05,5.032290952833307e-07
1829.0,2.278897528908195,5.422059486430783e-05,5.032297347717929e-07
1830.0,2.278768632836771,5.424637407872037e-05,5.032303733720767e-07
1831.0,2.278639748435588,5.4272150959085555e-05,5.032310164132525e-07
1832.0,2.278510875696963,5.429792550693779e-05,5.032316527930902e-07
1833.0,2.2783820146132387,5.4323697723810126e-05,5.032322900611064e-07
1834.0,2.278253165176756,5.434946761123428e-05,5.032329282173009e-07
1835.0,2.2781243273798637,5.437523517074062e-05,5.032335672616739e-07
1836.0,2.2779955012149116,5.440100040385818e-05,5.032342031974224e-07
1837.0,2.277866686674267,5.4426763312114617e-05,5.032348409095277e-07
1838.0,2.2777378837502926,5.445252389703625e-05,5.032354746248302e-07
1839.0,2.277609092435371,5.4478282160148025e-05,5.032361114487571e-07
1840.0,2.2774803127218752,5.450403810297355e-05,5.032367433877027e-07
1841.0,2.277351544602202,5.4529791727035046e-05,5.032373775470944e-07
1842.0,2.277222788068744,5.455554303385339e-05,5.032380117064861e-07
1843.0,2.277094043113902,5.458129202494807e-05,5.032386432013425e-07
1844.0,2.2769653097300884,5.4607038701837234e-05,5.032392751402881e-07
1845.0,2.2768365879097185,5.4632783066037646e-05,5.032399075233229e-07
1846.0,2.2767078776452134,5.4658525119064704e-05,5.032405376859117e-07
1847.0,2.276579178929006,5.468426486243244e-05,5.032411691807681e-07
1848.0,2.27645049175353,5.471000229765352e-05,5.032417980110893e-07
1849.0,2.27632181611123,5.4735737426239223e-05,5.032424268414104e-07
1850.0,2.2761931519945575,5.476147024969948e-05,5.032430556717316e-07
1851.0,2.2760644993959716,5.478720076954283e-05,5.032436862784095e-07
1852.0,2.27593585830793,5.481292898727647e-05,5.032443128882846e-07
1853.0,2.2758072287229076,5.4838654904406204e-05,5.032449394981597e-07
1854.0,2.275678610633383,5.4864378522436474e-05,5.032455661080348e-07
1855.0,2.2755500040318384,5.4890099842870345e-05,5.032461909415531e-07
1856.0,2.2754214089107685,5.4915818867209526e-05,5.032468166632498e-07
1857.0,2.275292825262671,5.4941535596954355e-05,5.032474432731249e-07
1858.0,2.2751642530800464,5.49672500336038e-05,5.032480658861971e-07
1859.0,2.2750356923554116,5.499296217865546e-05,5.032486893874477e-07
1860.0,2.2749071430813124,5.501867203360571e-05,5.032493413104078e-07
1861.0,2.274778605383724,5.504437957319076e-05,5.03249678374118e-07
1862.0,2.274650079391203,5.507008477174728e-05,5.032499399426626e-07
1863.0,2.2745215651005566,5.5095787629925196e-05,5.032501833035496e-07
1864.0,2.2743930625088487,5.5121488148313956e-05,5.032504191149201e-07
1865.0,2.274264571613235,5.514718632748303e-05,5.032506509294876e-07
1866.0,2.274136092410922,5.517288216799206e-05,5.032508827440552e-07
1867.0,2.274007624899134,5.519857567039537e-05,5.032511114499982e-07
1868.0,2.273879169075117,5.5224266835244464e-05,5.032513397118521e-07
1869.0,2.273750724936123,5.52499556630894e-05,5.032515706382412e-07
1870.0,2.2736222924794,5.527564215447974e-05,5.032517989000951e-07
1871.0,2.2734938717022026,5.530132630996516e-05,5.032520289383058e-07
1872.0,2.273365462601778,5.532700813009587e-05,5.032522576442489e-07
1873.0,2.273237065175372,5.535268761542289e-05,5.032524872383703e-07
1874.0,2.273108679420226,5.537836476649824e-05,5.032527177206703e-07
1875.0,2.2729803053335718,5.540403958387514e-05,5.032529482029702e-07
1876.0,2.2728519429126397,5.542971206810806e-05,5.032531804616269e-07
1877.0,2.2727235921546476,5.5455382219752813e-05,5.032534122761945e-07
1878.0,2.272595253056811,5.548105003936661e-05,5.032536445348512e-07
1879.0,2.2724669256163343,5.550671552750808e-05,5.032538754612403e-07
1880.0,2.2723386098304235,5.5532378684737284e-05,5.032541103844324e-07
1881.0,2.2722103056962673,5.555803951161576e-05,5.03254346639892e-07
1882.0,2.2720820132110484,5.558369800870648e-05,5.03254581563084e-07
1883.0,2.2719537323719456,5.5609354176573875e-05,5.032548155980976e-07
1884.0,2.271825463176133,5.563500801578382e-05,5.032550527417357e-07
1885.0,2.271697205620772,5.5660659526903616e-05,5.032552907735521e-07
1886.0,2.2715689597030173,5.568630871050197e-05,5.032555279171902e-07
1887.0,2.2714407254200215,5.5711955567148984e-05,5.032557672812743e-07
1888.0,2.2713125027689243,5.5737600097416155e-05,5.0325600575718e-07
1889.0,2.27118429174686,5.5763242301876325e-05,5.032562420126396e-07
1890.0,2.271056092350964,5.5788882181103675e-05,5.032564831530806e-07
1891.0,2.2709279045783544,5.5814519735673706e-05,5.032567234053431e-07
1892.0,2.2707997284261485,5.5840154966163214e-05,5.032569654339625e-07
1893.0,2.2706715638914536,5.586578787315026e-05,5.03257205686225e-07
1894.0,2.2705434109713774,5.5891418457214156e-05,5.032574486030228e-07
1895.0,2.270415269663012,5.591704671893544e-05,5.03257690187553e-07
1896.0,2.2702871399634517,5.5942672658895856e-05,5.032579317720831e-07
1897.0,2.2701590218697842,5.596829627767833e-05,5.032581764652377e-07
1898.0,2.2700309153790843,5.599391757586695e-05,5.032584198261247e-07
1899.0,2.26990282048843,5.6019536554046934e-05,5.032586654074578e-07
1900.0,2.269774737194884,5.604515321280463e-05,5.032589078801664e-07
1901.0,2.269646665495517,5.607076755272746e-05,5.032591552378562e-07
1902.0,2.2695186053873795,5.6096379574403944e-05,5.032593999310109e-07
1903.0,2.2693905568675286,5.612198927842364e-05,5.032596472887008e-07
1904.0,2.2692625199330068,5.6147596665377137e-05,5.032598928700338e-07
1905.0,2.269134494580859,5.6173201735856047e-05,5.032601397836345e-07
1906.0,2.269006480808122,5.6198804490452973e-05,5.032603871413244e-07
1907.0,2.268878478611828,5.6224404929761484e-05,5.032606358312819e-07
1908.0,2.268750487989003,5.625000305437611e-05,5.032608840771502e-07
1909.0,2.2686225089366685,5.6275598864892307e-05,5.032611305466617e-07
1910.0,2.268494541451846,5.6301192361906455e-05,5.0326137879253e-07
1911.0,2.2683665855315516,5.632678354601584e-05,5.032616314792904e-07
1912.0,2.2682386411727853,5.6352372417818615e-05,5.032618788369803e-07
1913.0,2.268110708372559,5.63779589779138e-05,5.032621284151162e-07
1914.0,2.267982787127874,5.6403543226901276e-05,5.032623811018766e-07
1915.0,2.2678548774357195,5.642912516538173e-05,5.032626289036557e-07
1916.0,2.267726979293098,5.645470479395669e-05,5.032628820345053e-07
1917.0,2.26759909269699,5.648028211322845e-05,5.032631325008197e-07
1918.0,2.267471217644382,5.650585712380011e-05,5.032633834112232e-07
1919.0,2.267343354132258,5.6531429826275536e-05,5.032636365420728e-07
1920.0,2.2672155021575766,5.655700022125925e-05,5.032638736857109e-07
1921.0,2.267087661623855,5.658256832809908e-05,5.032643510816115e-07
1922.0,2.2669598324326534,5.6608134166444174e-05,5.032648746627899e-07
1923.0,2.2668320145777403,5.6633697737534116e-05,5.032654115666446e-07
1924.0,2.266704208052701,5.665925904264973e-05,5.032659502468562e-07
1925.0,2.2665764128510673,5.6684818083085075e-05,5.032664933679598e-07
1926.0,2.2664486289663337,5.671037486014039e-05,5.032670364890635e-07
1927.0,2.2663208563919848,5.673592937511901e-05,5.032675804983455e-07
1928.0,2.2661930951214915,5.676148162932564e-05,5.032681200667355e-07
1929.0,2.26606534514834,5.6787031624065403e-05,5.032686676287312e-07
1930.0,2.265937606465994,5.681257936064319e-05,5.032692107498349e-07
1931.0,2.265809879067936,5.683812484036325e-05,5.032697529827601e-07
1932.0,2.2656821629476527,5.686366806452886e-05,5.032702974361314e-07
1933.0,2.2655544580986273,5.6889209034442205e-05,5.032708387808782e-07
1934.0,2.2654267645143595,5.691474775140416e-05,5.032713810138034e-07
1935.0,2.2652990821883514,5.6940284216714224e-05,5.032719232467286e-07
1936.0,2.2651714111141095,5.696581843167043e-05,5.032724623710294e-07
1937.0,2.2650437512851544,5.6991350397569294e-05,5.032730014953302e-07
1938.0,2.2649161026950106,5.701688011570578e-05,5.032735401755417e-07
1939.0,2.2647884653372117,5.7042407587373276e-05,5.032740788557533e-07
1940.0,2.2646608392052983,5.7067932813863575e-05,5.032746166477864e-07
1941.0,2.2645332242928196,5.709345579646685e-05,5.032751544398195e-07
1942.0,2.2644056205933305,5.7118976536471665e-05,5.032756895673174e-07
1943.0,2.2642780281004002,5.714449503516496e-05,5.032762255829937e-07
1944.0,2.2641504468075992,5.717001129383206e-05,5.032767602664023e-07
1945.0,2.2640228767085118,5.719552531375669e-05,5.032772958379894e-07
1946.0,2.2638953177967234,5.722103709622094e-05,5.032778287450412e-07
1947.0,2.263767770065836,5.7246546642505316e-05,5.032783634284499e-07
1948.0,2.2636402335094483,5.727205395388872e-05,5.03278892782788e-07
1949.0,2.2635127081211825,5.7297559031648484e-05,5.032794256898399e-07
1950.0,2.2633851938946514,5.732306187706034e-05,5.032799537119104e-07
1951.0,2.2632576908234947,5.7348562491398464e-05,5.032804875071406e-07
1952.0,2.2631301989013393,5.7374060875935474e-05,5.03281017305568e-07
1953.0,2.263002718121832,5.739955703194244e-05,5.032815448835493e-07
1954.0,2.262875248478629,5.742505096068889e-05,5.032820742378874e-07
1955.0,2.262747789965387,5.745054266344282e-05,5.032826018158687e-07
1956.0,2.2626203425757754,5.747603214147073e-05,5.0328312939385e-07
1957.0,2.2624929063034673,5.750151939603759e-05,5.032836560836529e-07
1958.0,2.262365481142146,5.752700442840688e-05,5.032841809970989e-07
1959.0,2.2622380670855042,5.7552487239840604e-05,5.032847076869018e-07
1960.0,2.2621106641272326,5.757796783159928e-05,5.032852294917234e-07
1961.0,2.261983272261044,5.7603446204941963e-05,5.032857544051694e-07
1962.0,2.261855891480647,5.762892236112624e-05,5.032862788745263e-07
1963.0,2.2617285217797582,5.7654396301408276e-05,5.032868002352586e-07
1964.0,2.2616011631521085,5.767986802704277e-05,5.032873229282586e-07
1965.0,2.261473815591428,5.770533753928301e-05,5.032878434008126e-07
1966.0,2.2613464790914617,5.773080483938085e-05,5.032883665379018e-07
1967.0,2.261219153645953,5.775626992858675e-05,5.032888874545449e-07
1968.0,2.2610918392486563,5.778173280814977e-05,5.032894057066528e-07
1969.0,2.2609645358933363,5.780719347931755e-05,5.032899248469391e-07
1970.0,2.2608372435737625,5.783265194333638e-05,5.032904448754039e-07
1971.0,2.2607099622837055,5.785810820145114e-05,5.032909617952441e-07
1972.0,2.260582692016952,5.788356225490537e-05,5.032914796032628e-07
1973.0,2.2604554327672894,5.7909014104941225e-05,5.032919960790139e-07
1974.0,2.2603281845285133,5.793446375279953e-05,5.032925116665865e-07
1975.0,2.2602009472944293,5.795991119971974e-05,5.032930285864268e-07
1976.0,2.2600737210588435,5.798535644693999e-05,5.032935441739994e-07
1977.0,2.259946505815573,5.801079949569708e-05,5.032940593174828e-07
1978.0,2.259819301558439,5.8036240347226474e-05,5.03294571796431e-07
1979.0,2.2596921082812744,5.806167900276234e-05,5.032950869399144e-07
1980.0,2.2595649259775525,5.8087115463536615e-05,5.032952361538889e-07
1981.0,2.2594377545418762,5.8112549750651254e-05,5.032951331251923e-07
1982.0,2.2593105938703393,5.8137981885112824e-05,5.032959040640606e-07
1983.0,2.259183443956402,5.8163411868001556e-05,5.032964103257598e-07
1984.0,2.259056304794651,5.8188839700451965e-05,5.032969112583885e-07
1985.0,2.2589291763792794,5.8214265383619955e-05,5.032973797725049e-07
1986.0,2.2588020587044833,5.82396889186739e-05,5.032978531716026e-07
1987.0,2.258674951764387,5.8265110306790474e-05,5.032983398933766e-07
1988.0,2.2585478555530702,5.829052954915242e-05,5.032988328323995e-07
1989.0,2.258420770064596,5.8315946646946805e-05,5.032993306564038e-07
1990.0,2.25829369529301,5.834136160136391e-05,5.032998302567648e-07
1991.0,2.2581666312323456,5.8366774413596404e-05,5.033003280807691e-07
1992.0,2.2580395778766342,5.839218508483883e-05,5.033008290133978e-07
1993.0,2.2579125352198903,5.841759361628722e-05,5.033013272814912e-07
1994.0,2.2577855032561334,5.844300000913871e-05,5.033018273259415e-07
1995.0,2.257658481979372,5.846840426459133e-05,5.033023291467487e-07
1996.0,2.257531471383609,5.849380638384377e-05,5.033028287471097e-07
1997.0,2.257404471462854,5.851920636809516e-05,5.033033301238277e-07
1998.0,2.2572774822111072,5.854460421854494e-05,5.03303832388724e-07
1999.0,2.25715050362237,5.856999993639265e-05,5.033043337654419e-07
2000.0,2.2570235356906507,5.859539352283782e-05,5.033048404712304e-07
2001.0,2.2568965784099433,5.8620784979079945e-05,5.033053436243051e-07
2002.0,2.256769631774255,5.864617430631826e-05,5.033058467773799e-07
2003.0,2.256642695777589,5.867156150575181e-05,5.03306348598187e-07
2004.0,2.2565157704139533,5.8696946578579336e-05,5.033068508630834e-07
2005.0,2.256388855677354,5.8722329525999205e-05,5.033073509075336e-07
2006.0,2.2562619515618048,5.87477103492094e-05,5.033078522842516e-07
2007.0,2.256135058061313,5.877308904940743e-05,5.033083509964342e-07
2008.0,2.2560081751698973,5.879846562779031e-05,5.033088492645277e-07
2009.0,2.255881302881576,5.8823840085554516e-05,5.033093488648888e-07
2010.0,2.2557544411903696,5.884921242389595e-05,5.033098497975175e-07
2011.0,2.255627590090296,5.88745826440099e-05,5.033103458451649e-07
2012.0,2.2555007495753885,5.889995074709103e-05,5.033108441132583e-07
2013.0,2.255373919639675,5.8925316734333316e-05,5.033113423813518e-07
2014.0,2.2552471002771886,5.895068060693008e-05,5.033118397612668e-07
2015.0,2.2551202914819672,5.897604236607391e-05,5.03312337585271e-07
2016.0,2.25499349324805,5.900140201295671e-05,5.033128345210969e-07
2017.0,2.2548667055694813,5.902675954876961e-05,5.033133301246551e-07
2018.0,2.254739928440311,5.9052114974703e-05,5.033138266163917e-07
2019.0,2.2546131618545884,5.9077468291946504e-05,5.033143213317715e-07
2020.0,2.2544864058063743,5.910281950168896e-05,5.033148195998649e-07
2021.0,2.2543596602897207,5.9128168605118406e-05,5.033153134270663e-07
2022.0,2.2542329252986963,5.915351560342208e-05,5.033158072542676e-07
2023.0,2.2541062008273673,5.9178860497786404e-05,5.033163001932905e-07
2024.0,2.253979486869811,5.920420328939696e-05,5.033167962409379e-07
2025.0,2.2538527834200957,5.922954397943849e-05,5.033172887358717e-07
2026.0,2.253726090472309,5.925488256909491e-05,5.033177843394299e-07
2027.0,2.2535994080205293,5.9280219059549276e-05,5.033182763902744e-07
2028.0,2.2534727360588493,5.9305553451983775e-05,5.033187688852081e-07
2029.0,2.2533460745813603,5.933088574757973e-05,5.03319259603785e-07
2030.0,2.2532194235821623,5.93562159475176e-05,5.033197507664511e-07
2031.0,2.2530927830553567,5.938154405297696e-05,5.033202419291172e-07
2032.0,2.2529661529950515,5.9406870065136495e-05,5.033207348681401e-07
2033.0,2.2528395333953535,5.9432193985174017e-05,5.033212242544494e-07
2034.0,2.2527129242503796,5.945751581426643e-05,5.03321712308491e-07
2035.0,2.252586325554255,5.948283555358975e-05,5.033222043593355e-07
2036.0,2.252459737301097,5.950815320431908e-05,5.033226928574663e-07
2037.0,2.252333159485038,5.9533468767628624e-05,5.033231817996864e-07
2038.0,2.2522065921002103,5.9558782244691685e-05,5.033236694096388e-07
2039.0,2.2520800351407537,5.958409363668065e-05,5.033241574636804e-07
2040.0,2.2519534886008112,5.960940294476699e-05,5.033246468499897e-07
2041.0,2.251826952527967,5.963471015940457e-05,5.033249905750381e-07
2042.0,2.2517004269710026,5.9660015270862084e-05,5.033253134278937e-07
2043.0,2.2515739119260165,5.968531827992197e-05,5.033256269548758e-07
2044.0,2.251447407389225,5.971061918734316e-05,5.033259413700364e-07
2045.0,2.2513209133568672,5.9735917993876813e-05,5.033262517883941e-07
2046.0,2.25119442982521,5.976121470027026e-05,5.033265617626625e-07
2047.0,2.2510679567905285,5.978650930726869e-05,5.033268726251094e-07
2048.0,2.2509414942491004,5.981180181561612e-05,5.033271817111995e-07
2049.0,2.2508150421972126,5.9837092226055924e-05,5.033274930177356e-07
2050.0,2.250688600631145,5.986238053933113e-05,5.033278012156472e-07
2051.0,2.2505621695471882,5.988766675618469e-05,5.033281120780941e-07
2052.0,2.250435748941621,5.9912950877359624e-05,5.033284198319166e-07
2053.0,2.250309338810733,5.993823290359909e-05,5.033287289180066e-07
2054.0,2.2501829391508057,5.996351283564649e-05,5.033290388922751e-07
2055.0,2.2500565499581215,5.9988790674245466e-05,5.033293493106328e-07
2056.0,2.2499301712289594,6.001406642013999e-05,5.033296601730797e-07
2057.0,2.2498038029595984,6.003934007407434e-05,5.033299705914374e-07
2058.0,2.2496774451463146,6.006461163679315e-05,5.03330281009795e-07
2059.0,2.2495510977853836,6.008988110904136e-05,5.033305909840635e-07
2060.0,2.2494247608730795,6.0115148491564276e-05,5.033309014024212e-07
2061.0,2.249298434405672,6.0140413785107534e-05,5.03331210044422e-07
2062.0,2.249172118379438,6.016567699041709e-05,5.033315240154934e-07
2063.0,2.249045812790637,6.019093810823925e-05,5.033318339897619e-07
2064.0,2.24891951763554,6.021619713932061e-05,5.033321435199412e-07
2065.0,2.2487932329104154,6.02414540844081e-05,5.033324566028341e-07
2066.0,2.248666958611521,6.026670894424893e-05,5.033327661330134e-07
2067.0,2.248540694735125,6.0291961719590604e-05,5.033330787718171e-07
2068.0,2.2484144412774865,6.031721241118091e-05,5.033333914106208e-07
2069.0,2.248288198234862,6.034246101976788e-05,5.033337018289785e-07
2070.0,2.2481619656035154,6.036770754609982e-05,5.033340149118715e-07
2071.0,2.2480357433797007,6.0392951990925266e-05,5.033343275506752e-07
2072.0,2.247909531559673,6.0418194354992986e-05,5.033346384131221e-07
2073.0,2.2477833301396917,6.044343463905197e-05,5.033349519401042e-07
2074.0,2.2476571391160047,6.0468672843851406e-05,5.033352623584619e-07
2075.0,2.2475309584848717,6.049390897014069e-05,5.033355758854441e-07
2076.0,2.2474047882425396,6.05191430186694e-05,5.033358871919802e-07
2077.0,2.247278628385264,6.054437499018728e-05,5.033362007189623e-07
2078.0,2.247152478909291,6.056960488544424e-05,5.033365129136769e-07
2079.0,2.247026339810874,6.059483270519035e-05,5.03336826440659e-07
2080.0,2.246900211086257,6.062005845017581e-05,5.033371368590167e-07
2081.0,2.246774092731696,6.064528212115096e-05,5.033374512741773e-07
2082.0,2.2466479847434333,6.0670503718866254e-05,5.033377652452486e-07
2083.0,2.246521887117715,6.0695723244072264e-05,5.033380765517848e-07
2084.0,2.246395799850791,6.072094069751966e-05,5.033383900787669e-07
2085.0,2.246269722938906,6.07461560799592e-05,5.033387027175706e-07
2086.0,2.2461436563783064,6.0771369392141744e-05,5.033390158004636e-07
2087.0,2.246017600165238,6.0796580634818206e-05,5.03339329771535e-07
2088.0,2.245891554295945,6.082178980873957e-05,5.033396432985171e-07
2089.0,2.24576551876667,6.084699691465688e-05,5.033399550491424e-07
2090.0,2.245639493573662,6.087220195332122e-05,5.033402685761246e-07
2091.0,2.245513478713162,6.089740492548373e-05,5.033405812149283e-07
2092.0,2.245387474181417,6.092260583189557e-05,5.033408951859997e-07
2093.0,2.245261479974667,6.094780467330793e-05,5.03341206936625e-07
2094.0,2.2451354960891616,6.0973001450472006e-05,5.03341522239964e-07
2095.0,2.245009522521136,6.099819616413901e-05,5.033418317701432e-07
2096.0,2.2448835592668437,6.1023388815060154e-05,5.033421452971254e-07
2097.0,2.2447576063225267,6.104857940398664e-05,5.033424606004644e-07
2098.0,2.2446316636844235,6.107376793166966e-05,5.033427723510897e-07
2099.0,2.244505731348782,6.109895439886039e-05,5.033430845458042e-07
2100.0,2.2443798093118605,6.112413880631005e-05,5.033434113954627e-07
2101.0,2.2442538976226754,6.114932114423877e-05,5.033438696955272e-07
2102.0,2.244127996329081,6.11745014030484e-05,5.033443239987889e-07
2103.0,2.2440021054256136,6.119967958382989e-05,5.033447636471067e-07
2104.0,2.2438762249069923,6.122485568764122e-05,5.033451988545323e-07
2105.0,2.2437503547680016,6.125002971552549e-05,5.033456296210659e-07
2106.0,2.2436244950034765,6.127520166851595e-05,5.033460568348858e-07
2107.0,2.2434986456082893,6.130037154763864e-05,5.033464831605272e-07
2108.0,2.243372806577336,6.132553935391381e-05,5.033469054893658e-07
2109.0,2.243246977905541,6.135070508835683e-05,5.033473260418475e-07
2110.0,2.243121159587848,6.137586875197893e-05,5.033477434857048e-07
2111.0,2.242995351619225,6.14010303457877e-05,5.033481640381865e-07
2112.0,2.2428695539946424,6.14261898707875e-05,5.033485805938653e-07
2113.0,2.2427437667090975,6.145134732797974e-05,5.03348996705455e-07
2114.0,2.2426179897575933,6.14765027183631e-05,5.033494092643309e-07
2115.0,2.2424922231351543,6.150165604293377e-05,5.033498235995637e-07
2116.0,2.2423664668368097,6.152680730268559e-05,5.033502383788857e-07
2117.0,2.242240720857596,6.155195649861025e-05,5.033506478291372e-07
2118.0,2.242114985192571,6.157710363169736e-05,5.033510586116563e-07
2119.0,2.241989259836798,6.16022487029346e-05,5.033514716146215e-07
2120.0,2.2418635447853403,6.162739171330777e-05,5.033518797326053e-07
2121.0,2.2417378400332826,6.165253266380088e-05,5.033522874065e-07
2122.0,2.241612145575716,6.167767155539627e-05,5.033526977449299e-07
2123.0,2.241486461407731,6.170280838907458e-05,5.033531045306461e-07
2124.0,2.2413607875244366,6.172794316581493e-05,5.033535117604515e-07
2125.0,2.241235123920942,6.175307588659488e-05,5.033539172139001e-07
2126.0,2.2411094705923693,6.177820655239052e-05,5.033543226673487e-07
2127.0,2.2409838275338467,6.180333516417653e-05,5.033547298971541e-07
2128.0,2.240858194740501,6.182846172292616e-05,5.033551322419783e-07
2129.0,2.240732572207478,6.185358622961131e-05,5.033555350308916e-07
2130.0,2.2406069599299268,6.187870868520257e-05,5.03355940040251e-07
2131.0,2.240481357902996,6.19038290906692e-05,5.033563428291643e-07
2132.0,2.2403557661218487,6.192894744697924e-05,5.033567456180776e-07
2133.0,2.240230184581651,6.195406375509945e-05,5.03357148406991e-07
2134.0,2.2401046132775706,6.19791780159954e-05,5.033575480872798e-07
2135.0,2.2399790522047924,6.200429023063146e-05,5.03357950432104e-07
2136.0,2.2398535013584944,6.202940039997084e-05,5.033583492242144e-07
2137.0,2.239727960733871,6.205450852497559e-05,5.033587493485925e-07
2138.0,2.2396024303261153,6.207961460660663e-05,5.033591490288813e-07
2139.0,2.2394769101304295,6.210471864582377e-05,5.033595491532594e-07
2140.0,2.239351400142018,6.212982064358575e-05,5.033599470571914e-07
2141.0,2.239225900356093,6.21549206008502e-05,5.033603445170343e-07
2142.0,2.2391004107678745,6.21800185185737e-05,5.033607437532339e-07
2143.0,2.23897493137258,6.220511439771177e-05,5.033611398808091e-07
2144.0,2.238849462165442,6.223020823921888e-05,5.033615368965627e-07
2145.0,2.238724003141691,6.225530004404852e-05,5.033619339123163e-07
2146.0,2.2385985542965643,6.228038981315313e-05,5.033623304839807e-07
2147.0,2.238473115625304,6.230547754748416e-05,5.033627252792883e-07
2148.0,2.238347687123161,6.233056324799208e-05,5.033631222950419e-07
2149.0,2.2382222687853854,6.235564691562634e-05,5.033635175344386e-07
2150.0,2.238096860607234,6.238072855133548e-05,5.03363911885657e-07
2151.0,2.2379714625839697,6.240580815606703e-05,5.033643053486969e-07
2152.0,2.237846074710859,6.24308857307676e-05,5.033646979235584e-07
2153.0,2.2377206969831787,6.245596127638285e-05,5.033650936070444e-07
2154.0,2.2375953293961985,6.248103479385749e-05,5.033654866259951e-07
2155.0,2.237469971945201,6.250610628413533e-05,5.033658783126782e-07
2156.0,2.2373446246254747,6.253117574815922e-05,5.033662713316289e-07
2157.0,2.2372192874323074,6.255624318687114e-05,5.033666634624012e-07
2158.0,2.237093960360994,6.258130860121215e-05,5.033670555931735e-07
2159.0,2.236968643406833,6.26063719921224e-05,5.03367445947589e-07
2160.0,2.236843336565137,6.263143336054124e-05,5.03367843851521e-07
2161.0,2.2367180398705675,6.265649269958366e-05,5.033684864486077e-07
2162.0,2.2365927533558634,6.26815500026477e-05,5.033691024003417e-07
2163.0,2.2364674770136186,6.270660527121781e-05,5.03369708138024e-07
2164.0,2.236342210836562,6.27316585067489e-05,5.03370307214368e-07
2165.0,2.236216954817499,6.275670971068079e-05,5.033709036261769e-07
2166.0,2.2360917089492824,6.27817588844424e-05,5.033714951530044e-07
2167.0,2.2359664732248126,6.280680602945399e-05,5.033720831271182e-07
2168.0,2.235841247637025,6.283185114712858e-05,5.033726684366968e-07
2169.0,2.2357160321788903,6.285689423887271e-05,5.033732546344538e-07
2170.0,2.2355908268433957,6.288193530608723e-05,5.033738323945158e-07
2171.0,2.235465631623573,6.29069743501677e-05,5.033744119309347e-07
2172.0,2.235340446512466,6.293201137250487e-05,5.033749910232643e-07
2173.0,2.23521527150314,6.295704637448495e-05,5.033755656747019e-07
2174.0,2.235090106588689,6.29820793574899e-05,5.033761389938718e-07
2175.0,2.2349649517622217,6.300711032289762e-05,5.033767105366849e-07
2176.0,2.23483980701687,6.303213927208215e-05,5.033772811913195e-07
2177.0,2.2347146723457803,6.305716620641388e-05,5.033778500695973e-07
2178.0,2.234589547742121,6.308219112725967e-05,5.033784202801428e-07
2179.0,2.2344644331990713,6.310721403598294e-05,5.033789864938853e-07
2180.0,2.2343393287098303,6.313223493394385e-05,5.033795500430926e-07
2181.0,2.234214234267617,6.315725382249933e-05,5.033801140363892e-07
2182.0,2.2340891498656603,6.318227070300327e-05,5.033806771415072e-07
2183.0,2.2339640754972057,6.320728557680651e-05,5.033812389143577e-07
2184.0,2.2338390111555135,6.323229844525697e-05,5.033817989108513e-07
2185.0,2.2337139568338573,6.325730930969971e-05,5.033823566868989e-07
2186.0,2.233588912525528,6.328231817147702e-05,5.033829140188573e-07
2187.0,2.2334638782238305,6.330732503192842e-05,5.033834731271725e-07
2188.0,2.233338853922075,6.33323298923908e-05,5.033840295709524e-07
2189.0,2.2332138396135894,6.33573327541984e-05,5.033845820179295e-07
2190.0,2.233088835291721,6.33823336186829e-05,5.033851362412634e-07
2191.0,2.23296384094982,6.340733248717345e-05,5.03385687800062e-07
2192.0,2.2328388565812545,6.343232936099673e-05,5.033862389147714e-07
2193.0,2.2327138821794037,6.345732424147696e-05,5.033867891413024e-07
2194.0,2.232588917737658,6.3482317129936e-05,5.03387338479655e-07
2195.0,2.2324639632494194,6.350730802769333e-05,5.0338788648574e-07
2196.0,2.2323390187081023,6.353229693606611e-05,5.033884336036465e-07
2197.0,2.2322140841071336,6.35572838563692e-05,5.033889802774638e-07
2198.0,2.23208915943995,6.358226878991521e-05,5.033895265071919e-07
2199.0,2.231964244699999,6.360725173801452e-05,5.033900722928308e-07
2200.0,2.2318393398807377,6.363223270197531e-05,5.033906149698453e-07
2201.0,2.2317144449756383,6.365721168310359e-05,5.033911567586813e-07
2202.0,2.231589559978184,6.368218868270319e-05,5.033917003238741e-07
2203.0,2.2314646848818613,6.370716370207587e-05,5.033922412245317e-07
2204.0,2.231339819680174,6.373213674252128e-05,5.033927812370109e-07
2205.0,2.231214964366635,6.3757107805337e-05,5.033933208054009e-07
2206.0,2.2310901189347656,6.378207689181854e-05,5.033938590415232e-07
2207.0,2.2309652833781,6.38070440032594e-05,5.033943977217348e-07
2208.0,2.230840457690179,6.383200914095109e-05,5.033949350696787e-07
2209.0,2.230715641864555,6.385697230618312e-05,5.03395471085355e-07
2210.0,2.2305908358947897,6.388193350024303e-05,5.033960053246744e-07
2211.0,2.230466039774457,6.39068927244164e-05,5.033965395639939e-07
2212.0,2.230341253497137,6.393184997998692e-05,5.033970724710457e-07
2213.0,2.2302164770564246,6.395680526823632e-05,5.033976067103652e-07
2214.0,2.2300917104459153,6.39817585904445e-05,5.033981382851493e-07
2215.0,2.229966953659223,6.400670994788941e-05,5.033986703040227e-07
2216.0,2.2298422066899644,6.40316593418472e-05,5.033992009906285e-07
2217.0,2.2297174695317703,6.405660677359214e-05,5.033997316772343e-07
2218.0,2.229592742178277,6.408155224439668e-05,5.034002610315724e-07
2219.0,2.2294680246231326,6.410649575553146e-05,5.034007903859106e-07
2220.0,2.229343316859954,6.41314373082651e-05,5.03401280216309e-07
2221.0,2.2292186187903167,6.415637692221199e-05,5.034013770277568e-07
2222.0,2.2290939303190056,6.418131461650425e-05,5.034015275739989e-07
2223.0,2.2289692514442634,6.420625039148752e-05,5.034017016569692e-07
2224.0,2.228844582164045,6.423118424756717e-05,5.034018815130992e-07
2225.0,2.228719922476187,6.425611618517605e-05,5.034020675864781e-07
2226.0,2.228595272378436,6.428104620476516e-05,5.034022625416412e-07
2227.0,2.228470631868466,6.43059743067989e-05,5.034024614936072e-07
2228.0,2.2283460009439016,6.433090049175236e-05,5.034026639982869e-07
2229.0,2.2282213796023194,6.435582476010936e-05,5.034028669470558e-07
2230.0,2.2280967678412704,6.43807471123611e-05,5.034030765571629e-07
2231.0,2.227972165658258,6.440566754900524e-05,5.034032848350023e-07
2232.0,2.2278475730507723,6.443058607054507e-05,5.034034984419122e-07
2233.0,2.227722990016267,6.445550267748891e-05,5.034037124929114e-07
2234.0,2.227598416552179,6.448041737034958e-05,5.03403927432089e-07
2235.0,2.2274738526559235,6.450533014964399e-05,5.034041441476234e-07
2236.0,2.2273492983248993,6.453024101589278e-05,5.034043639717822e-07
2237.0,2.2272247535564844,6.455514996962008e-05,5.034045855722979e-07
2238.0,2.2271002183480393,6.458005701135311e-05,5.034048053964568e-07
2239.0,2.226975692696918,6.460496214162209e-05,5.034050292174186e-07
2240.0,2.22685117660045,6.462986536095994e-05,5.034052503738451e-07
2241.0,2.2267266700559634,6.465476666990215e-05,5.034054746388961e-07
2242.0,2.22660217306077,6.467966606898657e-05,5.034057033448391e-07
2243.0,2.2264776856121595,6.470456355875333e-05,5.034059267217117e-07
2244.0,2.2263532077074295,6.472945913974468e-05,5.034061536512979e-07
2245.0,2.226228739343858,6.475435281250485e-05,5.034063828013302e-07
2246.0,2.226104280518711,6.477924457757995e-05,5.034066110631841e-07
2247.0,2.2259798312292505,6.480413443551788e-05,5.034068406573056e-07
2248.0,2.22585539147273,6.482902238686822e-05,5.034070715836947e-07
2249.0,2.2257309612463922,6.485390843218218e-05,5.034073038423514e-07
2250.0,2.22560654054747,6.487879257201248e-05,5.034075329923837e-07
2251.0,2.225482129373198,6.49036748069133e-05,5.034077648069513e-07
2252.0,2.2253577277207945,6.49285551374402e-05,5.034079961774296e-07
2253.0,2.2252333355874794,6.495343356415008e-05,5.034082302124432e-07
2254.0,2.2251089529704595,6.497831008760109e-05,5.034084655797244e-07
2255.0,2.224984579866935,6.50031847083526e-05,5.034086987265596e-07
2256.0,2.2248602162741076,6.502805742696512e-05,5.034089336497516e-07
2257.0,2.224735862189166,6.505292824400027e-05,5.034091681288544e-07
2258.0,2.2246115176093,6.507779716002072e-05,5.03409404384314e-07
2259.0,2.224487182531687,6.510266417559016e-05,5.034096384193276e-07
2260.0,2.2243628569535088,6.512752929127326e-05,5.034098755629657e-07
2261.0,2.2242385408719345,6.51523925076356e-05,5.03410113150693e-07
2262.0,2.2241142342841287,6.517725382524368e-05,5.034103476297958e-07
2263.0,2.223989937187261,6.520211324466484e-05,5.034105861057014e-07
2264.0,2.223865649578485,6.522697076646728e-05,5.034108223611611e-07
2265.0,2.22374137145496,6.525182639121996e-05,5.034110603929776e-07
2266.0,2.2236171028138334,6.52766801194926e-05,5.034112970925264e-07
2267.0,2.2234928436522585,6.530153195185568e-05,5.034115377888781e-07
2268.0,2.223368593967372,6.532638188888037e-05,5.03411774488427e-07
2269.0,2.2232443537563173,6.535122993113852e-05,5.034120107438866e-07
2270.0,2.2231201230162374,6.537607607920262e-05,5.034122509961492e-07
2271.0,2.2229959017442615,6.540092033364583e-05,5.034124912484117e-07
2272.0,2.222871689937521,6.542576269504187e-05,5.03412731056585e-07
2273.0,2.222747487593144,6.545060316396504e-05,5.034129699765799e-07
2274.0,2.2226232947082583,6.547544174099024e-05,5.034132102288424e-07
2275.0,2.222499111279984,6.55002784266929e-05,5.034134491488373e-07
2276.0,2.222374937305442,6.552511322164891e-05,5.034136871806538e-07
2277.0,2.2222507727817558,6.554994612643476e-05,5.034139300974516e-07
2278.0,2.2221266177060333,6.557477714162732e-05,5.034141703497141e-07
2279.0,2.22200247207539,6.559960626780398e-05,5.034144106019767e-07
2280.0,2.2218783358868106,6.562443350554211e-05,5.034145216242791e-07
2281.0,2.221754208938077,6.564925889535252e-05,5.034148400362426e-07
2282.0,2.221630091025633,6.56740824779284e-05,5.034152756877575e-07
2283.0,2.2215059821443144,6.56989042542859e-05,5.034157446459631e-07
2284.0,2.221381882288525,6.572372422553948e-05,5.034162229300421e-07
2285.0,2.2212577914525125,6.574854239284031e-05,5.034167145367974e-07
2286.0,2.221133709630408,6.57733587573602e-05,5.034172092521771e-07
2287.0,2.2210096368162846,6.579817332028401e-05,5.034177052998245e-07
2288.0,2.220885573004179,6.582298608280557e-05,5.034182075647209e-07
2289.0,2.2207615181880853,6.584779704612496e-05,5.034187107177956e-07
2290.0,2.2206374723619775,6.58726062114468e-05,5.034192120945136e-07
2291.0,2.2205134355198215,6.5897413579979e-05,5.034197170239452e-07
2292.0,2.220389407655562,6.592221915293191e-05,5.03420222397466e-07
2293.0,2.220265388763143,6.594702293151756e-05,5.034207313237005e-07
2294.0,2.2201413788364897,6.597182491694921e-05,5.034212362531321e-07
2295.0,2.220017377869536,6.599662511044088e-05,5.034217411825637e-07
2296.0,2.2198933858562113,6.602142351320706e-05,5.034222474442629e-07
2297.0,2.219769402790442,6.604622012646247e-05,5.034227550382298e-07
2298.0,2.219645428666151,6.60710149514218e-05,5.034232604117506e-07
2299.0,2.2195214634772693,6.609580798929954e-05,5.034237675616282e-07
2300.0,2.219397507217723,6.612059924130982e-05,5.03424272935149e-07
2301.0,2.2192735598814473,6.614538870866631e-05,5.034247796409375e-07
2302.0,2.2191496214623743,6.61701763925821e-05,5.034252854585475e-07
2303.0,2.21902569195444,6.619496229426962e-05,5.034257890557114e-07
2304.0,2.2189017713515926,6.621974641494053e-05,5.034262957614999e-07
2305.0,2.2187778596477714,6.62445287558057e-05,5.034268006909315e-07
2306.0,2.2186539568369295,6.626930931807511e-05,5.034273056203631e-07
2307.0,2.2185300629130187,6.629408810295783e-05,5.034278083293486e-07
2308.0,2.2184061778699986,6.631886511166194e-05,5.034283088178881e-07
2309.0,2.2182823017018403,6.634364034539453e-05,5.034288137473197e-07
2310.0,2.2181584344025076,6.636841380536168e-05,5.034293164563053e-07
2311.0,2.2180345759659756,6.639318549276836e-05,5.034298182771124e-07
2312.0,2.2179107263862257,6.641795540881849e-05,5.034303187656519e-07
2313.0,2.2177868856572465,6.644272355471485e-05,5.034308214746375e-07
2314.0,2.2176630537730277,6.64674899316591e-05,5.034313237395338e-07
2315.0,2.2175392307275605,6.649225454085173e-05,5.034318197871812e-07
2316.0,2.2174154165148616,6.651701738349211e-05,5.03432322940256e-07
2317.0,2.2172916111289274,6.654177846077838e-05,5.034328198760818e-07
2318.0,2.217167814563781,6.656653777390752e-05,5.034333194764429e-07
2319.0,2.2170440268134377,6.65912953240753e-05,5.034338146359119e-07
2320.0,2.2169202478719328,6.661605111247629e-05,5.034343146803621e-07
2321.0,2.2167964777332907,6.664080514030383e-05,5.034348102839203e-07
2322.0,2.2166727163915567,6.666555740875008e-05,5.034353076638354e-07
2323.0,2.216548963840774,6.669030791900593e-05,5.03435804155572e-07
2324.0,2.2164252200749925,6.671505667226103e-05,5.034362984268625e-07
2325.0,2.216301485088274,6.673980366970382e-05,5.034367940304207e-07
2326.0,2.2161777588746787,6.67645489125215e-05,5.034372869694437e-07
2327.0,2.2160540414282788,6.678929240190002e-05,5.034377794643774e-07
2328.0,2.215930332743153,6.681403413902407e-05,5.034382741797572e-07
2329.0,2.2158066328133796,6.683877412507714e-05,5.034387657865125e-07
2330.0,2.2156829416330495,6.68635123612414e-05,5.034392569491786e-07
2331.0,2.215559259196259,6.688824884869783e-05,5.034397485559339e-07
2332.0,2.2154355854971093,6.691298358862613e-05,5.034402406067784e-07
2333.0,2.2153119205297065,6.693771658220476e-05,5.034407308812661e-07
2334.0,2.2151882642881664,6.696244783061092e-05,5.03441221599843e-07
2335.0,2.215064616766609,6.698717733502057e-05,5.034417123184198e-07
2336.0,2.214940977959156,6.701190509660842e-05,5.034421985961046e-07
2337.0,2.2148173478599484,6.703663111654792e-05,5.034426888705923e-07
2338.0,2.2146937264631186,6.706135539601129e-05,5.034431755923663e-07
2339.0,2.214570113762814,6.708607793616947e-05,5.034436618700511e-07
2340.0,2.2144465097532766,6.71107987381926e-05,5.034442400742023e-07
2341.0,2.214322914654583,6.71355177580144e-05,5.034446552976135e-07
2342.0,2.2141993286879256,6.716023495140635e-05,5.034449581664546e-07
2343.0,2.214075751849575,6.718495031912903e-05,5.034452206231776e-07
2344.0,2.213952184136322,6.720966386183019e-05,5.034454737540273e-07
2345.0,2.21382862554514,6.723437558011437e-05,5.034457126740222e-07
2346.0,2.2137050760731416,6.725908547456125e-05,5.034459484853926e-07
2347.0,2.2135815357175064,6.728379354573407e-05,5.034461771913357e-07
2348.0,2.2134580044754806,6.730849979418449e-05,5.034464036768327e-07
2349.0,2.2133344823443473,6.733320422045562e-05,5.034466261655268e-07
2350.0,2.213210969321426,6.735790682508402e-05,5.034468464337749e-07
2351.0,2.2130874654040604,6.738260760860099e-05,5.034470658138446e-07
2352.0,2.2129639705896142,6.74073065715338e-05,5.034472838616466e-07
2353.0,2.2128404848754686,6.743200371440635e-05,5.034475010212702e-07
2354.0,2.2127170082590175,6.745669903773977e-05,5.034477168486262e-07
2355.0,2.2125935407376653,6.748139254205295e-05,5.034479308996254e-07
2356.0,2.2124700823088315,6.750608422786283e-05,5.034481462828921e-07
2357.0,2.212346632969934,6.75307740956848e-05,5.034483585575344e-07
2358.0,2.2122231927184064,6.75554621460329e-05,5.03448571276266e-07
2359.0,2.2120997615516855,6.758014837942002e-05,5.034487862154435e-07
2360.0,2.211976339467206,6.760483279635815e-05,5.034489971578182e-07
2361.0,2.2118529264624187,6.762951539735836e-05,5.034492112088174e-07
2362.0,2.211729522534766,6.76541961829311e-05,5.03449422151192e-07
2363.0,2.2116061276817023,6.767887515358621e-05,5.034496339817451e-07
2364.0,2.2114827419006784,6.770355230983301e-05,5.034498440359414e-07
2365.0,2.2113593651891534,6.772822765218044e-05,5.034500563105837e-07
2366.0,2.211235997544581,6.775290118113706e-05,5.034502668088692e-07
2367.0,2.211112638964423,6.777757289721113e-05,5.034504795276007e-07
2368.0,2.2109892894461365,6.780224280091066e-05,5.034506904699754e-07
2369.0,2.2108659489871845,6.782691089274345e-05,5.034509023005285e-07
2370.0,2.2107426175850264,6.785157717321712e-05,5.034511127988139e-07
2371.0,2.2106192952371257,6.787624164283919e-05,5.03451322408921e-07
2372.0,2.2104959819409498,6.790090430211703e-05,5.034515355717417e-07
2373.0,2.2103726776939543,6.792556515155797e-05,5.034517447377596e-07
2374.0,2.2102493824936094,6.795022419166924e-05,5.034519561242234e-07
2375.0,2.2101260963373766,6.797488142295807e-05,5.034521675106873e-07
2376.0,2.2100028192227197,6.799953684593163e-05,5.03452378453062e-07
2377.0,2.209879551147103,6.802419046109709e-05,5.034525889513475e-07
2378.0,2.209756292107993,6.804884226896163e-05,5.03452801670079e-07
2379.0,2.209633042102848,6.807349227003245e-05,5.034530108360968e-07
2380.0,2.2095098011291383,6.809814046481675e-05,5.034532226666499e-07
2381.0,2.2093865691843253,6.812278685382179e-05,5.034534349412922e-07
2382.0,2.2092633462658724,6.814743143755484e-05,5.034536472159346e-07
2383.0,2.2091401323712407,6.817207421652325e-05,5.0345385771422e-07
2384.0,2.2090169274978955,6.819671519123438e-05,5.034540682125055e-07
2385.0,2.2088937316433004,6.82213543621957e-05,5.034542795989694e-07
2386.0,2.208770544804917,6.824599172991467e-05,5.034544909854333e-07
2387.0,2.2086473669802085,6.827062729489887e-05,5.034547032600756e-07
2388.0,2.2085241981666353,6.829526105765592e-05,5.034549155347179e-07
2389.0,2.208401038361661,6.83198930186935e-05,5.034551286975386e-07
2390.0,2.208277887562741,6.834452317851938e-05,5.034553383076457e-07
2391.0,2.208154745767343,6.836915153764139e-05,5.03455550582288e-07
2392.0,2.208031612972926,6.83937780965674e-05,5.034557633010195e-07
2393.0,2.207908489176946,6.841840285580539e-05,5.034559733552157e-07
2394.0,2.207785374376868,6.84430258158634e-05,5.034561856298581e-07
2395.0,2.2076622685701506,6.846764697724953e-05,5.034563987926788e-07
2396.0,2.207539171754248,6.849226634047196e-05,5.034566084027858e-07
2397.0,2.207416083926626,6.851688390603892e-05,5.034568211215174e-07
2398.0,2.2072930050847397,6.854149967445873e-05,5.034570338402489e-07
2399.0,2.2071699352260468,6.856611364623976e-05,5.034572461148912e-07
2400.0,2.2070468743480034,6.859072582189046e-05,5.034574561690874e-07
2401.0,2.2069238224209484,6.861533620740184e-05,5.034579584339838e-07
2402.0,2.20680077941295,6.863994480910025e-05,5.034584518170959e-07
2403.0,2.2066777453180983,6.866455162816973e-05,5.034589474206541e-07
2404.0,2.206554720130447,6.868915666579887e-05,5.034594416919447e-07
2405.0,2.2064317038440624,6.871375992317458e-05,5.034599359632352e-07
2406.0,2.2063086964530223,6.87383614014809e-05,5.034604275699905e-07
2407.0,2.206185697951423,6.876296110189873e-05,5.034609169562998e-07
2408.0,2.206062708333379,6.878755902560561e-05,5.034614072307875e-07
2409.0,2.205939727593016,6.881215517377587e-05,5.034618957289183e-07
2410.0,2.2058167557244777,6.883674954758058e-05,5.034623811184247e-07
2411.0,2.2056937927219273,6.886134214818767e-05,5.03462866507931e-07
2412.0,2.205570838579541,6.888593297676201e-05,5.034633518974374e-07
2413.0,2.205447893291506,6.891052203446546e-05,5.034638337342301e-07
2414.0,2.2053249568520297,6.893510932245697e-05,5.034643151269336e-07
2415.0,2.2052020292553327,6.895969484189266e-05,5.03464796519637e-07
2416.0,2.205079110495645,6.898427859392589e-05,5.034652752478053e-07
2417.0,2.2049562005672176,6.90088605797073e-05,5.034657548641519e-07
2418.0,2.2048332994643083,6.903344080038492e-05,5.034662335923201e-07
2419.0,2.204710407181185,6.905801925710423e-05,5.034667069914178e-07
2420.0,2.2045875237121435,6.908259595100815e-05,5.034671848314076e-07
2421.0,2.2044646490514697,6.910717088323715e-05,5.034676560100593e-07
2422.0,2.2043417831934837,6.913174405492935e-05,5.034681311855138e-07
2423.0,2.2042189261325,6.915631546722045e-05,5.034686028082547e-07
2424.0,2.2040960778628547,6.918088512124385e-05,5.034690744309955e-07
2425.0,2.2039732383788895,6.92054530181307e-05,5.034695433892011e-07
2426.0,2.2038504076749628,6.923001915900991e-05,5.034700127914959e-07
2427.0,2.2037275857454404,6.925458354500821e-05,5.034704821937908e-07
2428.0,2.203604772584696,6.927914617725018e-05,5.034709475992827e-07
2429.0,2.2034819681871234,6.930370705685828e-05,5.034714152252207e-07
2430.0,2.203359172547117,6.932826618495289e-05,5.034718819629802e-07
2431.0,2.2032363856590838,6.935282356265234e-05,5.034723460362045e-07
2432.0,2.203113607517447,6.937737919107296e-05,5.034728123298748e-07
2433.0,2.202990838116629,6.940193307132907e-05,5.034732750708315e-07
2434.0,2.2028680774510714,6.942648520453306e-05,5.03473737367699e-07
2435.0,2.2027453255152207,6.945103559179534e-05,5.034741978882096e-07
2436.0,2.2026225823035372,6.947558423422446e-05,5.03474660185077e-07
2437.0,2.202499847810483,6.950013113292708e-05,5.034751189292308e-07
2438.0,2.202377122030537,6.952467628900798e-05,5.034755776733846e-07
2439.0,2.2022544049581874,6.954921970357015e-05,5.034760386379844e-07
2440.0,2.2021316965879203,6.957376137771472e-05,5.034764947176029e-07
2441.0,2.202008996914247,6.959830131254106e-05,5.034769530176675e-07
2442.0,2.201886305931674,6.962283950914678e-05,5.034774082091076e-07
2443.0,2.2017636236347236,6.964737596862771e-05,5.034778625123693e-07
2444.0,2.201640950017929,6.967191069207799e-05,5.034783194801662e-07
2445.0,2.2015182850758244,6.969644368059001e-05,5.034787751156955e-07
2446.0,2.201395628802955,6.972097493525449e-05,5.034792276426003e-07
2447.0,2.201272981193879,6.974550445716047e-05,5.03479681945862e-07
2448.0,2.2011503422431575,6.977003224739534e-05,5.034801349168561e-07
2449.0,2.2010277119453607,6.979455830704482e-05,5.034805856674041e-07
2450.0,2.2009050902950706,6.981908263719304e-05,5.034810364179521e-07
2451.0,2.2007824772868743,6.98436052389225e-05,5.034814871685e-07
2452.0,2.200659872915365,6.98681261133141e-05,5.03481935698602e-07
2453.0,2.200537277175149,6.989264526144718e-05,5.034823851168824e-07
2454.0,2.200414690060836,6.991716268439948e-05,5.034828340910735e-07
2455.0,2.2002921115670437,6.994167838324723e-05,5.034832804007294e-07
2456.0,2.2001695416884037,6.996619235906506e-05,5.034837298190098e-07
2457.0,2.200046980419545,6.999070461292615e-05,5.034841765727549e-07
2458.0,2.1999244277551115,7.00152151459021e-05,5.034846224383216e-07
2459.0,2.199801883689753,7.003972395906302e-05,5.034850687479775e-07
2460.0,2.199679348218109,7.006423105347732e-05,5.034854964058866e-07
2461.0,2.199556821322166,7.008873643269629e-05,5.034856482843963e-07
2462.0,2.1994343029861585,7.011324009993125e-05,5.034858152619393e-07
2463.0,2.1993117932080875,7.013774205557928e-05,5.034859844599282e-07
2464.0,2.1991892919859017,7.016224230005186e-05,5.034861616515229e-07
2465.0,2.1990667993174946,7.01867408337688e-05,5.034863392872069e-07
2466.0,2.198944315200738,7.021123765715608e-05,5.034865191433369e-07
2467.0,2.198821839633477,7.023573277064464e-05,5.034867007758237e-07
2468.0,2.198699372613533,7.026022617466962e-05,5.034868815201321e-07
2469.0,2.1985769141387164,7.028471786966978e-05,5.034870658171542e-07
2470.0,2.198454464206817,7.030920785608706e-05,5.034872527787115e-07
2471.0,2.198332022815607,7.033369613436628e-05,5.034874388520905e-07
2472.0,2.198209589962851,7.035818270495484e-05,5.034876258136478e-07
2473.0,2.1980871656463017,7.038266756830251e-05,5.034878149956512e-07
2474.0,2.1979647498636967,7.040715072486124e-05,5.034880037335654e-07
2475.0,2.1978423426127702,7.043163217508496e-05,5.03488195580104e-07
2476.0,2.1977199438912383,7.045611191942947e-05,5.034883860943751e-07
2477.0,2.197597553696814,7.048058995835231e-05,5.034885766086461e-07
2478.0,2.197475172027205,7.050506629231265e-05,5.03488768899274e-07
2479.0,2.197352798880106,7.052954092177116e-05,5.034889625221695e-07
2480.0,2.197230434253204,7.055401384718997e-05,5.034891543687081e-07
2481.0,2.1971080781441867,7.057848506903255e-05,5.034893502120497e-07
2482.0,2.196985730550725,7.060295458776363e-05,5.034895438349452e-07
2483.0,2.1968633914704916,7.062742240384916e-05,5.034897379019299e-07
2484.0,2.196741060901151,7.065188851775625e-05,5.03489932857093e-07
2485.0,2.196618738840362,7.067635292995307e-05,5.034901282563453e-07
2486.0,2.19649642528578,7.070081564090886e-05,5.034903249878653e-07
2487.0,2.196374120235052,7.072527665109381e-05,5.034905217193852e-07
2488.0,2.196251823685822,7.074973596097907e-05,5.03490718006816e-07
2489.0,2.1961295356357313,7.077419357103669e-05,5.034909151824252e-07
2490.0,2.196007256082415,7.079864948173954e-05,5.034911132462128e-07
2491.0,2.195884985023504,7.082310369356136e-05,5.034913113100004e-07
2492.0,2.1957627224566254,7.084755620697662e-05,5.034915089296987e-07
2493.0,2.195640468379405,7.087200702246057e-05,5.03491708325754e-07
2494.0,2.1955182227894587,7.089645614048918e-05,5.034919055013631e-07
2495.0,2.195395985684411,7.092090356153911e-05,5.034921071178644e-07
2496.0,2.1952737570618663,7.094534928608765e-05,5.03492305181652e-07
2497.0,2.19515153691944,7.096979331461275e-05,5.034925045777072e-07
2498.0,2.1950293252547404,7.099423564759296e-05,5.034927057501193e-07
2499.0,2.1949071220653673,7.101867628550739e-05,5.034929047020853e-07
2500.0,2.194784927348926,7.104311522883574e-05,5.034931054304081e-07
2501.0,2.1946627411030137,7.106755247805825e-05,5.034933057146418e-07
2502.0,2.194540563325229,7.109198803365564e-05,5.034935077752323e-07
2503.0,2.194418394013161,7.111642189610917e-05,5.034937076153767e-07
2504.0,2.194296233164406,7.114085406590053e-05,5.03493909231878e-07
2505.0,2.194174080776549,7.116528454351194e-05,5.034941090720224e-07
2506.0,2.1940519368471816,7.118971332942598e-05,5.034943120207913e-07
2507.0,2.1939298013738853,7.12141404241257e-05,5.03494514525471e-07
2508.0,2.193807674354242,7.123856582809455e-05,5.034947152537939e-07
2509.0,2.193685555785834,7.126298954181639e-05,5.034949168702951e-07
2510.0,2.193563445666239,7.128741156577542e-05,5.034951167104396e-07
2511.0,2.1934413439930385,7.131183190045623e-05,5.034953201032977e-07
2512.0,2.1933192507638037,7.133625054634376e-05,5.034955230520666e-07
2513.0,2.193197165976108,7.136066750392328e-05,5.034957251126571e-07
2514.0,2.1930750896275266,7.138508277368037e-05,5.034959289496044e-07
2515.0,2.1929530217156237,7.140949635610096e-05,5.03496129233838e-07
2516.0,2.1928309622379767,7.143390825167124e-05,5.034963335148746e-07
2517.0,2.192708911192148,7.14583184608777e-05,5.034965373518219e-07
2518.0,2.192586868575703,7.14827269842071e-05,5.034967389683231e-07
2519.0,2.1924648343862074,7.15071338221465e-05,5.034969405848244e-07
2520.0,2.192342808621389,7.153153897518359e-05,5.034973074025118e-07
2521.0,2.1922207913515823,7.15559424291555e-05,5.034973602491277e-07
2522.0,2.192098782648385,7.158034416981899e-05,5.034974805973036e-07
2523.0,2.191976782510217,7.160474419747502e-05,5.034975925077845e-07
2524.0,2.1918547909357504,7.162914251238953e-05,5.034976986451056e-07
2525.0,2.1917328079237213,7.165353911481583e-05,5.034978012297131e-07
2526.0,2.1916108334729003,7.167793400500039e-05,5.034979029261422e-07
2527.0,2.1914888675820743,7.170232718318548e-05,5.034980024021252e-07
2528.0,2.1913669102500446,7.172671864961059e-05,5.034980983253945e-07
2529.0,2.191244961475629,7.175110840451338e-05,5.034981964691099e-07
2530.0,2.1911230212576442,7.177549644813032e-05,5.034982963891821e-07
2531.0,2.191001089594906,7.179988278069709e-05,5.034983923124514e-07
2532.0,2.190879166486246,7.182426740244884e-05,5.03498490900256e-07
2533.0,2.1907572519304854,7.184865031362048e-05,5.034985885998822e-07
2534.0,2.1906353459264505,7.18730315144468e-05,5.034986849672407e-07
2535.0,2.190513448472971,7.189741100516264e-05,5.034987848873129e-07
2536.0,2.190391559568866,7.1921788786003e-05,5.034988816987607e-07
2537.0,2.190269679212962,7.19461648572031e-05,5.034989780661192e-07
2538.0,2.1901478074040845,7.197053921899844e-05,5.034990775421022e-07
2539.0,2.1900259441410515,7.199491187162483e-05,5.034991761299068e-07
2540.0,2.1899040894226816,7.201928281531849e-05,5.034992747177114e-07
2541.0,2.1897822432477922,7.204365205031603e-05,5.034993728614268e-07
2542.0,2.189660405615196,7.206801957685454e-05,5.034994692287853e-07
2543.0,2.1895385765237125,7.209238539517155e-05,5.034995709252144e-07
2544.0,2.1894167559721422,7.211674950550505e-05,5.034996681807513e-07
2545.0,2.1892949439592995,7.214111190809356e-05,5.034997676567343e-07
2546.0,2.1891731404839865,7.21654726031761e-05,5.034998675768065e-07
2547.0,2.189051345545007,7.218983159099219e-05,5.034999683850572e-07
2548.0,2.188929559141158,7.221418887178186e-05,5.035000678610402e-07
2549.0,2.18880778127124,7.223854444578566e-05,5.035001686692908e-07
2550.0,2.1886860119340454,7.226289831324471e-05,5.035002694775415e-07
2551.0,2.188564251128366,7.22872504744006e-05,5.035003698417029e-07
2552.0,2.1884424988529916,7.23116009294955e-05,5.035004697617751e-07
2553.0,2.1883207551067096,7.233594967877208e-05,5.035005705700257e-07
2554.0,2.188199019888305,7.236029672247356e-05,5.035006731546332e-07
2555.0,2.188077293196557,7.238464206084366e-05,5.035007761833299e-07
2556.0,2.187955575030242,7.240898569412665e-05,5.035008761034021e-07
2557.0,2.1878338653881424,7.243332762256732e-05,5.03500979576188e-07
2558.0,2.187712164269023,7.245766784641095e-05,5.035010786080818e-07
2559.0,2.187590471671667,7.248200636590336e-05,5.03501184745403e-07
2560.0,2.1874687875948293,7.250634318129087e-05,5.03501284221386e-07
2561.0,2.1873471120372874,7.253067829282032e-05,5.035013894705287e-07
2562.0,2.1872254449977966,7.255501170073906e-05,5.035014924992254e-07
2563.0,2.1871037864751224,7.257934340529492e-05,5.035015977483681e-07
2564.0,2.1869821364680173,7.260367340673623e-05,5.03501699000708e-07
2565.0,2.186860494975244,7.262800170531182e-05,5.035018038057615e-07
2566.0,2.1867388619955515,7.2652328301271e-05,5.035019072785474e-07
2567.0,2.1866172375276927,7.267665319486355e-05,5.035020111954225e-07
2568.0,2.186495621570417,7.270097638633973e-05,5.035021164445652e-07
2569.0,2.1863740141224697,7.27252978759503e-05,5.03502221693708e-07
2570.0,2.1862524151825937,7.274961766394644e-05,5.035023264987615e-07
2571.0,2.1861308247495326,7.277393575057984e-05,5.035024321919934e-07
2572.0,2.1860092428220224,7.279825213610258e-05,5.035025361088685e-07
2573.0,2.1858876693988054,7.282256682076726e-05,5.035026422461897e-07
2574.0,2.1857661044786143,7.284687980482689e-05,5.035027492716893e-07
2575.0,2.1856445480601776,7.287119108853493e-05,5.035028527444751e-07
2576.0,2.185523000142231,7.289550067214526e-05,5.035029579936179e-07
2577.0,2.1854014607235035,7.29198085559122e-05,5.035030650191175e-07
2578.0,2.1852799298027183,7.294411474009051e-05,5.035031716005278e-07
2579.0,2.1851584073786015,7.296841922493536e-05,5.035032786260274e-07
2580.0,2.1850368934498623,7.299272201070228e-05,5.035033741052075e-07
2581.0,2.1849153878949945,7.301702312175277e-05,5.035037591305525e-07
2582.0,2.18479389059001,7.304132258284137e-05,5.03504217430617e-07
2583.0,2.1846724015294448,7.306562039504887e-05,5.035046899415363e-07
2584.0,2.184550920707639,7.30899165595062e-05,5.035051704460614e-07
2585.0,2.1844294481188498,7.311421107736019e-05,5.035056513946756e-07
2586.0,2.184307983757307,7.313850394976506e-05,5.035061332314683e-07
2587.0,2.1841865276172236,7.316279517787857e-05,5.03506617288707e-07
2588.0,2.1840650796927985,7.318708476285994e-05,5.035070986814105e-07
2589.0,2.1839436399782395,7.321137270586866e-05,5.035075836268277e-07
2590.0,2.183822208467747,7.323565900806372e-05,5.035080663517988e-07
2591.0,2.1837007851555312,7.325994367060307e-05,5.035085473004131e-07
2592.0,2.1835793700358126,7.32842266946433e-05,5.03509029581295e-07
2593.0,2.183457963102811,7.330850808133935e-05,5.035095083094632e-07
2594.0,2.183336564350767,7.333278783184443e-05,5.035099897021666e-07
2595.0,2.183215173773919,7.33570659473098e-05,5.035104684303349e-07
2596.0,2.183093791366522,7.338134242888471e-05,5.035109462703247e-07
2597.0,2.182972417122843,7.340561727771636e-05,5.035114254425821e-07
2598.0,2.1828510510371513,7.342989049494985e-05,5.035119010621258e-07
2599.0,2.182729693103736,7.345416208172813e-05,5.035123771257588e-07
2600.0,2.182608343316888,7.347843203919202e-05,5.035128487484997e-07
2601.0,2.1824870016709226,7.350270036848017e-05,5.035133239239542e-07
2602.0,2.1823656681601493,7.352696707072905e-05,5.035137951026059e-07
2603.0,2.182244342778902,7.3551232147073e-05,5.035142676135251e-07
2604.0,2.182123025521519,7.357549559864415e-05,5.035147401244444e-07
2605.0,2.1820017163823464,7.359975742657256e-05,5.035152099708284e-07
2606.0,2.181880415355747,7.362401763198609e-05,5.035156784849448e-07
2607.0,2.1817591224360933,7.364827621601052e-05,5.03516146554972e-07
2608.0,2.1816378376177665,7.36725331797695e-05,5.035166146249992e-07
2609.0,2.1815165608951563,7.369678852438457e-05,5.035170800304911e-07
2610.0,2.1813952922626685,7.372104225097526e-05,5.03517545435983e-07
2611.0,2.1812740317147186,7.374529436065896e-05,5.035180139500994e-07
2612.0,2.18115277924572,7.376954485455106e-05,5.035184758028777e-07
2613.0,2.181031534850113,7.379379373376493e-05,5.035189380997451e-07
2614.0,2.1809102985223396,7.38180409994119e-05,5.035193999525234e-07
2615.0,2.180789070256854,7.384228665260134e-05,5.035198613612124e-07
2616.0,2.1806678500481196,7.386653069444062e-05,5.035203232139907e-07
2617.0,2.1805466378906058,7.389077312603518e-05,5.035207824022336e-07
2618.0,2.1804254337787974,7.391501394848851e-05,5.035212407022982e-07
2619.0,2.180304237707189,7.393925316290217e-05,5.035217003346304e-07
2620.0,2.1801830496702763,7.396349077037582e-05,5.035221559701597e-07
2621.0,2.1800618696625764,7.398772677200724e-05,5.035226133820458e-07
2622.0,2.1799406976786067,7.401196116889231e-05,5.035230690175752e-07
2623.0,2.179819533712898,7.403619396212511e-05,5.035235242090152e-07
2624.0,2.1796983777599888,7.406042515279782e-05,5.035239785122769e-07
2625.0,2.1795772298144276,7.408465474200081e-05,5.035244323714494e-07
2626.0,2.1794560898707718,7.410888273082269e-05,5.035248857865326e-07
2627.0,2.1793349579235843,7.41331091203502e-05,5.035253360929914e-07
2628.0,2.1792138339674465,7.415733391166834e-05,5.035257886198963e-07
2629.0,2.1790927179969373,7.418155710586036e-05,5.035262398145335e-07
2630.0,2.1789716100066507,7.420577870400773e-05,5.035266901209923e-07
2631.0,2.1788505099911872,7.42299987071902e-05,5.035271386510942e-07
2632.0,2.178729417945157,7.425421711648578e-05,5.035275862930177e-07
2633.0,2.178608333863178,7.427843393297081e-05,5.035280326026736e-07
2634.0,2.178487257739883,7.430264915771988e-05,5.035284829091324e-07
2635.0,2.1783661895698962,7.432686279180596e-05,5.035289265542531e-07
2636.0,2.178245129347873,7.435107483630028e-05,5.035293746402658e-07
2637.0,2.178124077068455,7.437528529227246e-05,5.035298182853865e-07
2638.0,2.17800303272631,7.439949416079047e-05,5.035302628186855e-07
2639.0,2.1778819963161022,7.442370144292064e-05,5.035307060197169e-07
2640.0,2.1777609678325094,7.444790713972765e-05,5.0353114833257e-07
2641.0,2.17763994720447,7.447211126535182e-05,5.035312296008954e-07
2642.0,2.1775189343637043,7.449631383352973e-05,5.035313535017849e-07
2643.0,2.177397929308753,7.452051484454788e-05,5.035314929457968e-07
2644.0,2.1772769320379615,7.454471429873505e-05,5.0353163727479e-07
2645.0,2.1771559425495886,7.456891219643981e-05,5.035317882651213e-07
2646.0,2.1770349608418234,7.459310853802391e-05,5.035319436963448e-07
2647.0,2.1769139869128082,7.46173033238589e-05,5.035321035684603e-07
2648.0,2.17679302076064,7.464149655432413e-05,5.035322612201298e-07
2649.0,2.176672062383399,7.466568822980537e-05,5.035324264213159e-07
2650.0,2.1765511117791223,7.468987835069388e-05,5.035325925106804e-07
2651.0,2.17643016894583,7.471406691738566e-05,5.035327590441341e-07
2652.0,2.1763092338815224,7.473825393028084e-05,5.035329273539446e-07
2653.0,2.176188306584181,7.476243938978332e-05,5.035330983282904e-07
2654.0,2.1760673870517673,7.478662329630027e-05,5.035332693026362e-07
2655.0,2.1759464752822297,7.481080565024194e-05,5.035334398328928e-07
2656.0,2.1758255712735073,7.483498645202129e-05,5.035336143599523e-07
2657.0,2.175704675023519,7.485916570205384e-05,5.035337888870117e-07
2658.0,2.1755837865301757,7.488334340075746e-05,5.035339634140712e-07
2659.0,2.1754629057913784,7.490751954855218e-05,5.035341397174875e-07
2660.0,2.175342032805016,7.493169414586002e-05,5.035343169090822e-07
2661.0,2.17522116756897,7.49558671931049e-05,5.035344949888554e-07
2662.0,2.1751003100811106,7.498003869071246e-05,5.035346735127177e-07
2663.0,2.1749794603393022,7.500420863911003e-05,5.035348529247585e-07
2664.0,2.174858618341399,7.502837703872645e-05,5.035350318927101e-07
2665.0,2.1747377840852526,7.505254388999204e-05,5.035352135251969e-07
2666.0,2.1746169575686993,7.507670919333848e-05,5.035353924931485e-07
2667.0,2.174496138789581,7.510087294919874e-05,5.03535575457903e-07
2668.0,2.1743753277457207,7.512503515800702e-05,5.035357566463006e-07
2669.0,2.174254524434944,7.514919582019871e-05,5.035359378346982e-07
2670.0,2.1741337288550686,7.517335493621027e-05,5.035361207994526e-07
2671.0,2.174012941003906,7.519751250647922e-05,5.035363028760287e-07
2672.0,2.1738921608792667,7.522166853144407e-05,5.0353648761714e-07
2673.0,2.173771388478949,7.52458230115443e-05,5.035366710259837e-07
2674.0,2.1736506238007536,7.526997594722026e-05,5.035368553230057e-07
2675.0,2.1735298668424723,7.529412733891319e-05,5.035370387318494e-07
2676.0,2.1734091176019006,7.531827718706514e-05,5.035372270256744e-07
2677.0,2.173288376076815,7.534242549211895e-05,5.03537410434518e-07
2678.0,2.173167642265004,7.53665722545182e-05,5.035375956197186e-07
2679.0,2.173046916164246,7.539071747470716e-05,5.035377825812759e-07
2680.0,2.1729261977723127,7.541486115313084e-05,5.035379673223872e-07
2681.0,2.1728054870869773,7.543900329023486e-05,5.035381520634985e-07
2682.0,2.172684784106013,7.546314388646549e-05,5.035383408014127e-07
2683.0,2.1725640888271776,7.548728294226958e-05,5.035385259866132e-07
2684.0,2.1724434012482425,7.551142045809456e-05,5.03538716056795e-07
2685.0,2.1723227213669603,7.553555643438842e-05,5.035389030183524e-07
2686.0,2.1722020491810894,7.555969087159967e-05,5.035390882035529e-07
2687.0,2.172081384688389,7.558382377017733e-05,5.035392764973778e-07
2688.0,2.1719607278866095,7.560795513057088e-05,5.035394643471136e-07
2689.0,2.171840078773499,7.563208495323027e-05,5.035396508645817e-07
2690.0,2.1717194373468094,7.565621323860591e-05,5.035398396024959e-07
2691.0,2.171598803604282,7.568033998714864e-05,5.035400261199641e-07
2692.0,2.1714781775436673,7.570446519930969e-05,5.035402161901459e-07
2693.0,2.1713575591626997,7.572858887554067e-05,5.035404035957924e-07
2694.0,2.1712369484591245,7.57527110162936e-05,5.03540593221885e-07
2695.0,2.171116345430676,7.577683162202083e-05,5.035407810716208e-07
2696.0,2.1709957500750923,7.580095069317505e-05,5.035409680331782e-07
2697.0,2.1708751623901117,7.582506823020931e-05,5.035411589915384e-07
2698.0,2.1707545823734624,7.584918423357695e-05,5.035413477294526e-07
2699.0,2.170634010022879,7.587329870373161e-05,5.035415377996344e-07
2700.0,2.170513445336331,7.58974116411281e-05,5.035419721188816e-07
2701.0,2.1703928884903365,7.592152301033894e-05,5.035420316268358e-07
2702.0,2.1702723396626618,7.594563277589702e-05,5.035421475341195e-07
2703.0,2.1701517988516787,7.596974093811184e-05,5.035422385724075e-07
2704.0,2.1700312660562946,7.599384749720394e-05,5.035423149557516e-07
2705.0,2.169910741275584,7.601795245335978e-05,5.0354238334549e-07
2706.0,2.169790224508715,7.604205580674615e-05,5.035424464061578e-07
2707.0,2.1696697157549205,7.60661575575168e-05,5.035425050259335e-07
2708.0,2.16954921501348,7.60902577058164e-05,5.035425623134415e-07
2709.0,2.169428722283701,7.611435625178293e-05,5.035426164923251e-07
2710.0,2.1693082375649233,7.613845319554918e-05,5.035426697830303e-07
2711.0,2.1691877608564996,7.616254853724405e-05,5.035427204092002e-07
2712.0,2.169067292157805,7.618664227699329e-05,5.035427723676378e-07
2713.0,2.168946831468223,7.621073441492025e-05,5.035428252142538e-07
2714.0,2.1688263787871414,7.62348249511463e-05,5.035428736199776e-07
2715.0,2.168705934113967,7.625891388579121e-05,5.035429238020583e-07
2716.0,2.168585497448103,7.62830012189735e-05,5.035429708755146e-07
2717.0,2.168465068788965,7.630708695081073e-05,5.035430192812385e-07
2718.0,2.1683446481359656,7.633117108141966e-05,5.035430645783379e-07
2719.0,2.1682242354885304,7.635525361091646e-05,5.035431134281509e-07
2720.0,2.1681038308460754,7.637933453941685e-05,5.03543160057518e-07
2721.0,2.1679834342080277,7.64034138670362e-05,5.035432093514203e-07
2722.0,2.167863045573808,7.642749159388966e-05,5.035432568689657e-07
2723.0,2.1677426649428417,7.645156772009225e-05,5.035433034983328e-07
2724.0,2.1676222923145576,7.647564224575894e-05,5.035433527922351e-07
2725.0,2.167501927688375,7.64997151710047e-05,5.035433994216021e-07
2726.0,2.167381571063722,7.652378649594461e-05,5.035434456068799e-07
2727.0,2.167261222440023,7.654785622069383e-05,5.035434926803362e-07
2728.0,2.167140881816701,7.657192434536773e-05,5.035435401978816e-07
2729.0,2.1670205491931815,7.659599087008185e-05,5.035435912681407e-07
2730.0,2.1669002245688778,7.6620055794952e-05,5.03543638341597e-07
2731.0,2.1667799079432135,7.664411912009425e-05,5.035436854150532e-07
2732.0,2.1666595993156075,7.666818084562494e-05,5.035437329325987e-07
2733.0,2.166539298685477,7.669224097166075e-05,5.035437813383226e-07
2734.0,2.1664190060522346,7.67162994983187e-05,5.03543828855868e-07
2735.0,2.1662987214152962,7.674035642571617e-05,5.035438777056811e-07
2736.0,2.1661784447740704,7.676441175397091e-05,5.035439256673158e-07
2737.0,2.166058176127969,7.678846548320107e-05,5.035439749612181e-07
2738.0,2.165937915476399,7.681251761352516e-05,5.03544025587388e-07
2739.0,2.1658176628187626,7.683656814506213e-05,5.035440739931119e-07
2740.0,2.165697418154466,7.686061707793135e-05,5.035441232870141e-07
2741.0,2.1655771814829077,7.688466441225258e-05,5.035441712486488e-07
2742.0,2.165456952803492,7.690871014814605e-05,5.035442227629972e-07
2743.0,2.1653367321156103,7.693275428573239e-05,5.035442729450779e-07
2744.0,2.1652165194186583,7.695679682513269e-05,5.035443222389802e-07
2745.0,2.1650963147120317,7.698083776646849e-05,5.035443746415069e-07
2746.0,2.1649761179951144,7.700487710986177e-05,5.035444239354092e-07
2747.0,2.1648559292672998,7.702891485543497e-05,5.035444750056683e-07
2748.0,2.1647357485279737,7.705295100331098e-05,5.03544529184552e-07
2749.0,2.164615575776512,7.707698555361313e-05,5.035445784784542e-07
2750.0,2.1644954110123034,7.710101850646522e-05,5.035446299928026e-07
2751.0,2.1643752542347228,7.712504986199152e-05,5.035446810630617e-07
2752.0,2.1642551054431505,7.714907962031673e-05,5.035447347978561e-07
2753.0,2.1641349646369554,7.717310778156604e-05,5.035447863122045e-07
2754.0,2.1640148318155124,7.719713434586507e-05,5.03544838270642e-07
2755.0,2.1638947069781906,7.722115931333989e-05,5.035448906731688e-07
2756.0,2.1637745901243575,7.724518268411706e-05,5.035449435197847e-07
2757.0,2.1636544812533787,7.726920445832357e-05,5.035449972545791e-07
2758.0,2.1635343803646157,7.729322463608688e-05,5.035450505452843e-07
2759.0,2.1634142874574294,7.731724321753488e-05,5.035451042800787e-07
2760.0,2.1632942025310737,7.734126020279576e-05,5.035450532098196e-07
2761.0,2.1631741255317722,7.736527560268349e-05,5.035451904333854e-07
2762.0,2.163054056404705,7.738928942812939e-05,5.03545352525947e-07
2763.0,2.1629339951479465,7.741330167951481e-05,5.035455212798468e-07
2764.0,2.1628139417594685,7.743731235724514e-05,5.035456949187278e-07
2765.0,2.162693896237197,7.746132146173422e-05,5.035458685576089e-07
2766.0,2.1625738585790435,7.748532899340039e-05,5.035460461932928e-07
2767.0,2.1624538287828976,7.750933495266472e-05,5.035462216085307e-07
2768.0,2.162333806846647,7.753333933995001e-05,5.03546397911947e-07
2769.0,2.1622137927681733,7.75573421556802e-05,5.035465746594525e-07
2770.0,2.162093786545351,7.758134340027999e-05,5.035467518510472e-07
2771.0,2.161973788176058,7.760534307417452e-05,5.03546931263088e-07
2772.0,2.1618537976581593,7.762934117778928e-05,5.035471062342367e-07
2773.0,2.1617338149895344,7.765333771154986e-05,5.035472843140099e-07
2774.0,2.161613840168052,7.767733267588191e-05,5.035474619496938e-07
2775.0,2.1614938731915823,7.770132607121105e-05,5.035476382531101e-07
2776.0,2.161373914058003,7.772531789796279e-05,5.035478172210617e-07
2777.0,2.1612539627651812,7.77493081565625e-05,5.035479944126564e-07
2778.0,2.1611340193109942,7.77732968474354e-05,5.035481720483403e-07
2779.0,2.161014083693316,7.779728397100647e-05,5.035483492399351e-07
2780.0,2.1608941559100243,7.782126952770048e-05,5.035485273197082e-07
2781.0,2.160774235958992,7.784525351794192e-05,5.035487018467677e-07
2782.0,2.1606543238381035,7.786923594215504e-05,5.035488794824516e-07
2783.0,2.1605344195452374,7.78932168007638e-05,5.035490571181356e-07
2784.0,2.160414523078271,7.791719609419189e-05,5.035492312011058e-07
2785.0,2.160294634435095,7.794117382286268e-05,5.035494088367898e-07
2786.0,2.160174753613587,7.796514998719927e-05,5.035495842520277e-07
2787.0,2.1600548806116393,7.798912458762445e-05,5.035497623318008e-07
2788.0,2.159935015427133,7.80130976245607e-05,5.035499368588603e-07
2789.0,2.159815158057961,7.80370690984302e-05,5.035501127181874e-07
2790.0,2.159695308502014,7.80610390096548e-05,5.035502885775145e-07
2791.0,2.159575466757184,7.808500735865605e-05,5.035504648809308e-07
2792.0,2.159455632821363,7.81089741458552e-05,5.035506398520795e-07
2793.0,2.1593358066924484,7.813293937167317e-05,5.035508148232282e-07
2794.0,2.159215988368339,7.815690303653058e-05,5.035509924589121e-07
2795.0,2.1590961778469273,7.818086514084774e-05,5.035511665418824e-07
2796.0,2.1589763751261173,7.820482568504465e-05,5.035513410689418e-07
2797.0,2.15885658020381,7.8228784669541e-05,5.035515155960013e-07
2798.0,2.1587367930779093,7.825274209475616e-05,5.0355169056715e-07
2799.0,2.1586170137463183,7.827669796110923e-05,5.035518650942095e-07
2800.0,2.158497242206945,7.830065226901897e-05,5.035520405094474e-07
2801.0,2.158377478457693,7.832460501890385e-05,5.035522128160608e-07
2802.0,2.158257722496478,7.834855621118204e-05,5.035523886753879e-07
2803.0,2.1581379743212046,7.83725058462714e-05,5.035525623142689e-07
2804.0,2.1580182339297886,7.839645392458953e-05,5.035527368413284e-07
2805.0,2.1578985013201417,7.842040044655365e-05,5.035529104802094e-07
2806.0,2.1577787764901792,7.844434541258078e-05,5.035530836750013e-07
2807.0,2.157659059437819,7.846828882308758e-05,5.035532573138823e-07
2808.0,2.1575393501609783,7.849223067849046e-05,5.035534313968526e-07
2809.0,2.1574196486575756,7.851617097920552e-05,5.03553603703466e-07
2810.0,2.157299954925533,7.854010972564856e-05,5.035537764541687e-07
2811.0,2.1571802689627733,7.856404691823513e-05,5.035539496489605e-07
2812.0,2.1570605907672187,7.858798255738045e-05,5.035541215114847e-07
2813.0,2.156940920336799,7.86119166434995e-05,5.035542969267226e-07
2814.0,2.156821257669432,7.863584917700695e-05,5.0355446701289e-07
2815.0,2.156701602763055,7.865978015831719e-05,5.035546415399494e-07
2816.0,2.156581955615591,7.868370958784435e-05,5.035548134024737e-07
2817.0,2.156462316224972,7.870763746600228e-05,5.035549839327302e-07
2818.0,2.1563426845891334,7.873156379320453e-05,5.035551566834329e-07
2819.0,2.1562230607060076,7.87554885698644e-05,5.035553303223139e-07
2820.0,2.1561034445733753,7.877941179639447e-05,5.035553480858823e-07
2821.0,2.1559838360365013,7.880333350381236e-05,5.035555639132383e-07
2822.0,2.155864234939636,7.882725372324494e-05,5.035558614530089e-07
2823.0,2.1557446412792887,7.885117245537776e-05,5.035561780886155e-07
2824.0,2.155625055051659,7.887508970096923e-05,5.035565058264524e-07
2825.0,2.1555054762528125,7.889900546080502e-05,5.035568384492706e-07
2826.0,2.155385904878748,7.892291973568612e-05,5.035571790656945e-07
2827.0,2.1552663409254023,7.894683252642325e-05,5.035575192380293e-07
2828.0,2.155146784388693,7.897074383383372e-05,5.035578620748993e-07
2829.0,2.1550272352645106,7.899465365873952e-05,5.035582089085722e-07
2830.0,2.1549076935487217,7.901856200196598e-05,5.035585521895314e-07
2831.0,2.1547881592371936,7.904246886434083e-05,5.035588981350259e-07
2832.0,2.1546686323257753,7.90663742466935e-05,5.035592436364311e-07
2833.0,2.154549112810318,7.909027814985466e-05,5.035595918023716e-07
2834.0,2.154429600686658,7.911418057465583e-05,5.035599377478661e-07
2835.0,2.1543100959506396,7.913808152192903e-05,5.035602854697174e-07
2836.0,2.1541905985981002,7.916198099250657e-05,5.03560633635658e-07
2837.0,2.154071108624876,7.918587898722079e-05,5.035609804693308e-07
2838.0,2.153951626026807,7.920977550690395e-05,5.035613273030037e-07
2839.0,2.1538321507997327,7.923367055238813e-05,5.035616736925874e-07
2840.0,2.153712682939495,7.925756412450502e-05,5.035620205262603e-07
2841.0,2.1535932224419363,7.928145622408592e-05,5.035623664717548e-07
2842.0,2.1534737693029053,7.930534685196161e-05,5.035627137495169e-07
2843.0,2.153354323518247,7.932923600896225e-05,5.035630588068329e-07
2844.0,2.153234885083818,7.935312369591741e-05,5.035634056405058e-07
2845.0,2.1531154539954707,7.937700991365595e-05,5.035637511419111e-07
2846.0,2.1529960302490645,7.9400894663006e-05,5.035640948669595e-07
2847.0,2.1528766138404665,7.942477794479493e-05,5.035644417006324e-07
2848.0,2.152757204765538,7.944865975984934e-05,5.035647854256808e-07
2849.0,2.152637803020154,7.947254010899496e-05,5.035651291507293e-07
2850.0,2.1525184086001894,7.949641899305673e-05,5.035654737639561e-07
2851.0,2.1523990215015223,7.952029641285868e-05,5.035658161567369e-07
2852.0,2.152279641720039,7.954417236922395e-05,5.035661594376961e-07
2853.0,2.152160269251628,7.956804686297481e-05,5.035665027186553e-07
2854.0,2.152040904092179,7.959191989493261e-05,5.035668424469009e-07
2855.0,2.151921546237597,7.961579146591776e-05,5.035671866160385e-07
2856.0,2.151802195683777,7.963966157674975e-05,5.03567526344284e-07
2857.0,2.151682852426633,7.966353022824713e-05,5.03567869181154e-07
2858.0,2.15156351646207,7.968739742122749e-05,5.035682080212212e-07
2859.0,2.151444187786011,7.971126315650749e-05,5.035685490817343e-07
2860.0,2.1513248663943734,7.973512743490281e-05,5.035688879218014e-07
2861.0,2.1512055522830864,7.975899025722818e-05,5.03569227650047e-07
2862.0,2.15108624544808,7.978285162429734e-05,5.035695673782925e-07
2863.0,2.150966945885289,7.98067115369231e-05,5.035699053301812e-07
2864.0,2.150847653590657,7.983056999591727e-05,5.035702437261591e-07
2865.0,2.1507283685601277,7.98544270020907e-05,5.035705816780478e-07
2866.0,2.1506090907896516,7.987828255625324e-05,5.035709182976689e-07
2867.0,2.1504898202751845,7.99021366592138e-05,5.035712540291115e-07
2868.0,2.150370557012691,7.992598931178032e-05,5.035715933132678e-07
2869.0,2.15025130099813,7.994984051475971e-05,5.035719290447105e-07
2870.0,2.1501320522274727,7.997369026895799e-05,5.035722634438855e-07
2871.0,2.1500128106966967,7.999753857518014e-05,5.035725978430605e-07
2872.0,2.149893576401783,8.00213854342302e-05,5.035729344626816e-07
2873.0,2.1497743493387116,8.004523084691124e-05,5.035732684177674e-07
2874.0,2.149655129503474,8.006907481402536e-05,5.035736010405856e-07
2875.0,2.149535916892066,8.009291733637367e-05,5.035739349956714e-07
2876.0,2.1494167115004843,8.011675841475636e-05,5.035742667303111e-07
2877.0,2.1492975133247363,8.014059804997261e-05,5.035745997972185e-07
2878.0,2.149178322360828,8.016443624282068e-05,5.035749319759475e-07
2879.0,2.1490591386047724,8.018827299409784e-05,5.035752619342304e-07
2880.0,2.148939962052823,8.021210830460127e-05,5.035758299243298e-07
2881.0,2.1488207929996763,8.023594211524272e-05,5.035758907645516e-07
2882.0,2.148701631742412,8.025977436671147e-05,5.035759698124309e-07
2883.0,2.148582478279744,8.028360505925245e-05,5.035760066718353e-07
2884.0,2.1484633326111884,8.030743419296755e-05,5.035760266558498e-07
2885.0,2.148344194736511,8.03312617679041e-05,5.035760324290095e-07
2886.0,2.1482250646556387,8.035508778407825e-05,5.035760306526527e-07
2887.0,2.1481059423685918,8.037891224148582e-05,5.035760213267793e-07
2888.0,2.147986827875466,8.040273514010838e-05,5.035760084481922e-07
2889.0,2.1478677211764063,8.042655647991712e-05,5.035759924609806e-07
2890.0,2.1477486222715965,8.04503762608754e-05,5.03575974253323e-07
2891.0,2.1476295311612508,8.04741944829405e-05,5.035759538252194e-07
2892.0,2.147510447845606,8.049801114606492e-05,5.035759311766697e-07
2893.0,2.14739137232492,8.05218262501975e-05,5.035759080840307e-07
2894.0,2.147272304599465,8.054563979528412e-05,5.035758858795703e-07
2895.0,2.1471532446695187,8.056945178126822e-05,5.035758605664853e-07
2896.0,2.147034192535377,8.059326220809141e-05,5.035758348093111e-07
2897.0,2.146915148197339,8.06170710756938e-05,5.035758086080477e-07
2898.0,2.1467961116557097,8.064087838401432e-05,5.035757819626951e-07
2899.0,2.1466770829108017,8.0664684132991e-05,5.035757575377886e-07
2900.0,2.146558061962923,8.068848832256123e-05,5.035757295601684e-07
2901.0,2.1464390488123932,8.071229095266185e-05,5.035757029148158e-07
2902.0,2.146320043459529,8.073609202322936e-05,5.035756767135524e-07
2903.0,2.1462010459046477,8.075989153420008e-05,5.035756487359322e-07
2904.0,2.14608205614807,8.078368948551023e-05,5.035756216464904e-07
2905.0,2.1459630741901137,8.080748587709606e-05,5.035755945570486e-07
2906.0,2.145844100031098,8.083128070889391e-05,5.03575567911696e-07
2907.0,2.145725133671338,8.085507398084029e-05,5.035755399340758e-07
2908.0,2.145606175111154,8.087886569287194e-05,5.035755141769016e-07
2909.0,2.1454872243508576,8.090265584492589e-05,5.03575487531549e-07
2910.0,2.1453682813907626,8.092644443693951e-05,5.035754608861964e-07
2911.0,2.145249346231183,8.095023146885057e-05,5.035754364612899e-07
2912.0,2.145130418872425,8.097401694059725e-05,5.035754120363833e-07
2913.0,2.145011499314795,8.099780085211818e-05,5.035753867232984e-07
2914.0,2.144892587558598,8.102158320335246e-05,5.03575360522035e-07
2915.0,2.1447736836041362,8.10453639942397e-05,5.0357533520895e-07
2916.0,2.1446547874517092,8.106914322472008e-05,5.035753103399543e-07
2917.0,2.1445358991016166,8.109292089473426e-05,5.03575288579583e-07
2918.0,2.1444170185541442,8.111669700422352e-05,5.035752623783196e-07
2919.0,2.1442981458095898,8.114047155312967e-05,5.035752388415915e-07
2920.0,2.144179280868238,8.116424454139516e-05,5.03575214416685e-07
2921.0,2.144060423730377,8.1188015968963e-05,5.035751926563137e-07
2922.0,2.143941574396285,8.121178583577687e-05,5.03575170007764e-07
2923.0,2.143822732866242,8.1235554141781e-05,5.035751478033035e-07
2924.0,2.143703899140523,8.125932088692028e-05,5.035751247106646e-07
2925.0,2.1435850732193993,8.128308607114026e-05,5.035751011739364e-07
2926.0,2.143466255103144,8.130684969438707e-05,5.035750798576544e-07
2927.0,2.14334744479202,8.133061175660754e-05,5.035750580972831e-07
2928.0,2.14322864228629,8.135437225774909e-05,5.035750363369118e-07
2929.0,2.1431098475862145,8.137813119775983e-05,5.035750141324513e-07
2930.0,2.142991060692052,8.140188857658849e-05,5.035749950366153e-07
2931.0,2.1428722816040504,8.142564439418447e-05,5.03574973276244e-07
2932.0,2.1427535103224638,8.144939865049781e-05,5.035749532922296e-07
2933.0,2.1426347468475355,8.14731513454792e-05,5.035749319759475e-07
2934.0,2.142515991179514,8.149690247907999e-05,5.035749146564683e-07
2935.0,2.1423972433186314,8.152065205125218e-05,5.03574892896097e-07
2936.0,2.1422785032651324,8.154440006194842e-05,5.035748751325286e-07
2937.0,2.142159771019243,8.156814651112199e-05,5.035748533721573e-07
2938.0,2.1420410465812014,8.159189139872684e-05,5.035748364967674e-07
2939.0,2.1419223299512287,8.161563472471758e-05,5.035748169568421e-07
2940.0,2.1418036211295206,8.163937648904924e-05,5.035747672188506e-07
2941.0,2.141684919711263,8.166311677264896e-05,5.035745083148413e-07
2942.0,2.141566225292786,8.168685565634172e-05,5.03574494992165e-07
2943.0,2.1414475378743987,8.171059314002873e-05,5.035745429537997e-07
2944.0,2.1413288574555573,8.173432922381325e-05,5.035746242221251e-07
2945.0,2.141210184035325,8.17580639078796e-05,5.035747232540189e-07
2946.0,2.141091517612534,8.17817971924604e-05,5.035748364967674e-07
2947.0,2.1409728581858514,8.180552907782133e-05,5.035749586213001e-07
2948.0,2.1408542057538242,8.182925956425215e-05,5.035750856308141e-07
2949.0,2.140735560314917,8.185298865206113e-05,5.035752232984692e-07
2950.0,2.140616921867506,8.187671634157129e-05,5.035753631865703e-07
2951.0,2.1404982904099183,8.190044263311771e-05,5.035755075155635e-07
2952.0,2.140379665940428,8.192416752704535e-05,5.035756553972703e-07
2953.0,2.1402610484572686,8.194789102370758e-05,5.035758072757801e-07
2954.0,2.1401424379586347,8.197161312346502e-05,5.035759604865575e-07
2955.0,2.1400238344426934,8.19953338266845e-05,5.035761163618702e-07
2956.0,2.1399052379075836,8.201905313373831e-05,5.035762757898965e-07
2957.0,2.139786648351417,8.204277104500344e-05,5.035764347738336e-07
2958.0,2.1396680657722915,8.206648756086108e-05,5.035765977545736e-07
2959.0,2.1395494901682772,8.209020268169621e-05,5.035767589589568e-07
2960.0,2.139430921537434,8.211391640789716e-05,5.0357692016334e-07
2961.0,2.13931235987781,8.213762873985528e-05,5.035770871408829e-07
2962.0,2.1391938051874297,8.216133967796463e-05,5.035772536743366e-07
2963.0,2.139075257464314,8.218504922262173e-05,5.035774233164148e-07
2964.0,2.1389567167064625,8.220875737422532e-05,5.035775898498684e-07
2965.0,2.138838182911878,8.223246413317613e-05,5.035777590478574e-07
2966.0,2.138719656078543,8.225616949987679e-05,5.035779278017571e-07
2967.0,2.13860113620444,8.227987347473158e-05,5.035780987761029e-07
2968.0,2.1384826232875356,8.230357605814638e-05,5.035782679740919e-07
2969.0,2.1383641173257963,8.232727725052844e-05,5.035784389484377e-07
2970.0,2.1382456183171796,8.235097705228638e-05,5.035786121432295e-07
2971.0,2.138127126259633,8.237467546382996e-05,5.035787831175753e-07
2972.0,2.1380086411511066,8.239837248557009e-05,5.035789576446348e-07
2973.0,2.1378901629895375,8.242206811791866e-05,5.035791312835158e-07
2974.0,2.1377716917728615,8.244576236128852e-05,5.035793049223969e-07
2975.0,2.1376532274990088,8.246945521609339e-05,5.035794763408319e-07
2976.0,2.137534770165912,8.249314668274779e-05,5.035796513119806e-07
2977.0,2.13741631977149,8.251683676166696e-05,5.035798253949508e-07
2978.0,2.1372978763136636,8.254052545326688e-05,5.035799985897427e-07
2979.0,2.1371794397903527,8.256421275796412e-05,5.035801740049806e-07
2980.0,2.1370610101994676,8.258789867617586e-05,5.035803476438616e-07
2981.0,2.136942587538923,8.26115832083198e-05,5.035805226150103e-07
2982.0,2.136824171806626,8.263526635481415e-05,5.03580697586159e-07
2983.0,2.1367057630004824,8.26589481160776e-05,5.035808707809508e-07
2984.0,2.1365873611183988,8.268262849252924e-05,5.035810457520995e-07
2985.0,2.1364689661582776,8.270630748458856e-05,5.035812211673374e-07
2986.0,2.136350578118018,8.272998509267543e-05,5.035813956943969e-07
2987.0,2.1362321969955183,8.275366131721002e-05,5.035815688891887e-07
2988.0,2.13611382278868,8.277733615861282e-05,5.035817447485158e-07
2989.0,2.135995455495397,8.280100961730463e-05,5.035819206078429e-07
2990.0,2.1358770951135626,8.282468169370645e-05,5.035820955789916e-07
2991.0,2.1357587416410726,8.284835238823956e-05,5.035822709942295e-07
2992.0,2.13564039507582,8.287202170132542e-05,5.03582447741735e-07
2993.0,2.1355220554156924,8.289568963338567e-05,5.03582621380616e-07
2994.0,2.135403722658585,8.291935618484217e-05,5.035827963517647e-07
2995.0,2.1352853968023884,8.294302135611689e-05,5.035829735433595e-07
2996.0,2.1351670778449887,8.296668514763195e-05,5.035831489585973e-07
2997.0,2.135048765784277,8.29903475598096e-05,5.035833257061029e-07
2998.0,2.134930460618138,8.301400859307219e-05,5.035834997890731e-07
2999.0,2.134812162344465,8.303766824784215e-05,5.035836765365787e-07
3000.0,2.1346938709611423,8.3061326524542e-05,5.03583852839995e-07
3001.0,2.134575586910671,8.308498333476774e-05,5.035845105361147e-07
3002.0,2.134457310632637,8.310863859044512e-05,5.035848635870366e-07
3003.0,2.1343390421227006,8.31322922924893e-05,5.035851478041309e-07
3004.0,2.134220781377448,8.315594444158944e-05,5.035853960499992e-07
3005.0,2.1341025283939055,8.317959503834235e-05,5.035856176505149e-07
3006.0,2.1339842831693785,8.320324408328929e-05,5.035858254842651e-07
3007.0,2.133866045701356,8.322689157693272e-05,5.03586019995339e-07
3008.0,2.133747815987474,8.325053751974631e-05,5.03586206068718e-07
3009.0,2.133629594025475,8.327418191218156e-05,5.035863832603127e-07
3010.0,2.133511379813197,8.329782475467196e-05,5.03586557343283e-07
3011.0,2.1333931733485456,8.332146604763605e-05,5.035867265412719e-07
3012.0,2.1332749746294883,8.33451057914798e-05,5.035868881897443e-07
3013.0,2.133156783654051,8.336874398659844e-05,5.035870436209677e-07
3014.0,2.1330386004203095,8.339238063337794e-05,5.035871999403696e-07
3015.0,2.1329204249263713,8.34160157321962e-05,5.03587353151147e-07
3016.0,2.1328022571703857,8.343964928342382e-05,5.03587505473746e-07
3017.0,2.1326840971505274,8.346328128742495e-05,5.035876529113636e-07
3018.0,2.1325659448650054,8.348691174455788e-05,5.03587795464e-07
3019.0,2.13244780031206,8.351054065517573e-05,5.03587939348904e-07
3020.0,2.1323296634899442,8.353416801962689e-05,5.035880792370051e-07
3021.0,2.132211534396941,8.355779383825538e-05,5.03588218681017e-07
3022.0,2.1320934130313507,8.358141811140132e-05,5.035883581250289e-07
3023.0,2.1319752993914887,8.360504083940111e-05,5.035884949045055e-07
3024.0,2.1318571934756916,8.362866202258776e-05,5.035886307958037e-07
3025.0,2.1317390952823096,8.365228166129114e-05,5.035887657989235e-07
3026.0,2.1316210048097073,8.367589975583818e-05,5.035888990256865e-07
3027.0,2.1315029220562627,8.369951630655309e-05,5.035890286997358e-07
3028.0,2.1313848470203713,8.372313131375754e-05,5.035891597060527e-07
3029.0,2.1312667797004314,8.374674477777084e-05,5.035892862714775e-07
3030.0,2.131148720094866,8.377035669891004e-05,5.035894168337052e-07
3031.0,2.1310306682020927,8.379396707749011e-05,5.035895438432192e-07
3032.0,2.1309126240205503,8.381757591382404e-05,5.035896708527332e-07
3033.0,2.1307945875486842,8.384118320822292e-05,5.035897996386041e-07
3034.0,2.130676558784945,8.386478896099608e-05,5.035899262040289e-07
3035.0,2.130558537727797,8.388839317245115e-05,5.035900536576321e-07
3036.0,2.130440524375707,8.391199584289414e-05,5.035901784467001e-07
3037.0,2.130322518727156,8.393559697262956e-05,5.035903041239465e-07
3038.0,2.130204520780626,8.395919656196047e-05,5.035904293571036e-07
3039.0,2.130086530534608,8.398279461118857e-05,5.035905514816363e-07
3040.0,2.1299685479876023,8.40063911206142e-05,5.035906740502583e-07
3041.0,2.1298505731381123,8.402998609053649e-05,5.035907952866125e-07
3042.0,2.1297326059846515,8.405357952125335e-05,5.035909187434129e-07
3043.0,2.1296146465257295,8.407717141306154e-05,5.035910377593211e-07
3044.0,2.1294966947598764,8.410076176625672e-05,5.03591160327943e-07
3045.0,2.129378750685614,8.412435058113348e-05,5.035912820083865e-07
3046.0,2.129260814301477,8.41479378579854e-05,5.035914045770085e-07
3047.0,2.1291428856059986,8.417152359710508e-05,5.035915244810951e-07
3048.0,2.129024964597727,8.419510779878417e-05,5.035916483819847e-07
3049.0,2.128907051275197,8.421869046331341e-05,5.035917642892684e-07
3050.0,2.128789145636971,8.424227159098267e-05,5.035918850815335e-07
3051.0,2.1286712476815994,8.426585118208098e-05,5.035920049856202e-07
3052.0,2.128553357407641,8.428942923689656e-05,5.035921244456176e-07
3053.0,2.1284354748136596,8.431300575571684e-05,5.035922443497043e-07
3054.0,2.1283175998982204,8.433658073882849e-05,5.035923633656125e-07
3055.0,2.1281997326598945,8.436015418651742e-05,5.035924823815208e-07
3056.0,2.1280818730972575,8.438372609906886e-05,5.035926022856074e-07
3057.0,2.1279640212088826,8.440729647676732e-05,5.03592719969248e-07
3058.0,2.127846176993355,8.443086531989666e-05,5.035928389851563e-07
3059.0,2.1277283404492535,8.445443262874008e-05,5.035929544483508e-07
3060.0,2.1276105115751456,8.447799840358004e-05,5.035930463748173e-07
3061.0,2.12749268989797,8.450156273902565e-05,5.03593098777344e-07
3062.0,2.127374874944737,8.452512572972226e-05,5.035933492436584e-07
3063.0,2.127257066712696,8.454868737619469e-05,5.035936698760679e-07
3064.0,2.1271392651980436,8.457224767919583e-05,5.03594023371079e-07
3065.0,2.1270214703965573,8.459580663956795e-05,5.035943977382829e-07
3066.0,2.1269036823037593,8.461936425820541e-05,5.035947867604307e-07
3067.0,2.126785900915,8.464292053603705e-05,5.035951855525411e-07
3068.0,2.1266681262255096,8.466647547401631e-05,5.035955918941681e-07
3069.0,2.1265503582304266,8.469002907311492e-05,5.035960017885088e-07
3070.0,2.1264325969248232,8.471358133431859e-05,5.035964165678308e-07
3071.0,2.1263148423037186,8.473713225862411e-05,5.035968397848478e-07
3072.0,2.126197094362075,8.476068184703702e-05,5.035972607814188e-07
3073.0,2.126079353094835,8.478423010056997e-05,5.035976853307034e-07
3074.0,2.125961618496905,8.480777702024128e-05,5.03598112100434e-07
3075.0,2.125843890563172,8.483132260707405e-05,5.035985428669676e-07
3076.0,2.1257261692884954,8.485486686209515e-05,5.035989718571443e-07
3077.0,2.125608454667728,8.487840978633468e-05,5.035994021795887e-07
3078.0,2.125490746695708,8.490195138082521e-05,5.03599834722479e-07
3079.0,2.125373045367261,8.492549164660145e-05,5.036002685976371e-07
3080.0,2.1252553506772,8.494903058469972e-05,5.036006989200814e-07
3081.0,2.1251376626203444,8.497256819615771e-05,5.036011336834179e-07
3082.0,2.1250199811914987,8.499610448201412e-05,5.036015697790219e-07
3083.0,2.124902306385459,8.501963944330837e-05,5.036020014337339e-07
3084.0,2.1247846381970326,8.504317308108047e-05,5.036024353088919e-07
3085.0,2.1246669766210173,8.506670539637072e-05,5.03602871404496e-07
3086.0,2.124549321652207,8.50902363902196e-05,5.036033057237432e-07
3087.0,2.1244316732854007,8.511376606366759e-05,5.03603739154812e-07
3088.0,2.124314031515397,8.513729441775505e-05,5.036041730299701e-07
3089.0,2.124196396336997,8.516082145352211e-05,5.036046082373957e-07
3090.0,2.1240787677449964,8.518434717200857e-05,5.036050398921077e-07
3091.0,2.123961145734204,8.520787157425377e-05,5.036054733231765e-07
3092.0,2.1238435302994225,8.523139466129652e-05,5.036059058660669e-07
3093.0,2.123725921435461,8.525491643417507e-05,5.036063370766897e-07
3094.0,2.123608319137134,8.527843689392697e-05,5.036067696195801e-07
3095.0,2.1234907233992564,8.530195604158905e-05,5.036072021624705e-07
3096.0,2.1233731342166444,8.532547387819738e-05,5.036076320408256e-07
3097.0,2.123255551584126,8.534899040478719e-05,5.036080623632699e-07
3098.0,2.123137975496528,8.537250562239284e-05,5.036084926857143e-07
3099.0,2.123020405948683,8.539601953204777e-05,5.036089225640694e-07
3100.0,2.1229028429354324,8.541953213478447e-05,5.03609355551049e-07
3101.0,2.122785286451608,8.544304343163444e-05,5.036097809885121e-07
3102.0,2.122667736492069,8.54665534236282e-05,5.03610210422778e-07
3103.0,2.1225501930516595,8.54900621117952e-05,5.036106363043302e-07
3104.0,2.1224326561252473,8.551356949716383e-05,5.036110670708638e-07
3105.0,2.122315125707687,8.55370755807614e-05,5.036114942846837e-07
3106.0,2.1221976017938493,8.556058036361411e-05,5.036119206103251e-07
3107.0,2.122080084378611,8.558408384674708e-05,5.036123469359666e-07
3108.0,2.121962573456852,8.560758603118421e-05,5.036127737056972e-07
3109.0,2.1218450690234563,8.563108691794832e-05,5.036131986990711e-07
3110.0,2.1217275710733174,8.565458650806102e-05,5.036136232483557e-07
3111.0,2.121610079601332,8.567808480254276e-05,5.036140464653727e-07
3112.0,2.1214925946024086,8.570158180241279e-05,5.036144732351033e-07
3113.0,2.1213751160714502,8.572507750868917e-05,5.036148968962095e-07
3114.0,2.121257644003375,8.574857192238874e-05,5.036153192250481e-07
3115.0,2.121140178393105,8.577206504452713e-05,5.036157415538867e-07
3116.0,2.1210227192355675,8.579555687611873e-05,5.036161616622792e-07
3117.0,2.1209052665257007,8.581904741817673e-05,5.036165848792962e-07
3118.0,2.1207878202584394,8.584253667171306e-05,5.036170054317779e-07
3119.0,2.1206703804287326,8.586602463773843e-05,5.036174255401704e-07
3120.0,2.12055294703157,8.588951131726249e-05,5.036178829520566e-07
3121.0,2.120435520487179,8.591299662625174e-05,5.036184385076581e-07
3122.0,2.120318101215648,8.593648048061298e-05,5.03618713398879e-07
3123.0,2.1202006892135157,8.595996288108241e-05,5.036189283380565e-07
3124.0,2.1200832844781603,8.598344382819038e-05,5.036191126350786e-07
3125.0,2.1199658870073486,8.600692332238571e-05,5.036192778362647e-07
3126.0,2.1198484967990843,8.60304013640692e-05,5.036194310470421e-07
3127.0,2.119731113851526,8.60538779536093e-05,5.036195731555893e-07
3128.0,2.1196137381629523,8.607735309135105e-05,5.03619708158709e-07
3129.0,2.119496369731729,8.610082677762163e-05,5.036198378327583e-07
3130.0,2.119379008556291,8.612429901273427e-05,5.036199630659155e-07
3131.0,2.11926165463513,8.614776979699091e-05,5.036200851904482e-07
3132.0,2.119144307966783,8.617123913068418e-05,5.036202046504457e-07
3133.0,2.1190269685498224,8.619470701409891e-05,5.03620317449105e-07
3134.0,2.118909636382863,8.62181734475134e-05,5.036204302477643e-07
3135.0,2.1187923114645386,8.624163843120032e-05,5.036205408259775e-07
3136.0,2.1186749937935137,8.626510196542749e-05,5.0362065184828e-07
3137.0,2.1185576833684654,8.628856405045844e-05,5.036207579856011e-07
3138.0,2.118440380188098,8.631202468655301e-05,5.036208636788331e-07
3139.0,2.11832308425113,8.633548387396778e-05,5.03620969372065e-07
3140.0,2.1182057955562894,8.635894161295645e-05,5.036210724007617e-07
3141.0,2.118088514102325,8.63823979037701e-05,5.036211758735476e-07
3142.0,2.1179712398879897,8.640585274665753e-05,5.036212780140659e-07
3143.0,2.1178539729120525,8.642930614186543e-05,5.036213801545841e-07
3144.0,2.1177367131732847,8.645275808963865e-05,5.036214787423887e-07
3145.0,2.1176194606704777,8.647620859022031e-05,5.036215799947286e-07
3146.0,2.117502215402419,8.649965764385204e-05,5.036216799148008e-07
3147.0,2.117384977367907,8.652310525077406e-05,5.036217780585162e-07
3148.0,2.117267746565748,8.654655141122536e-05,5.036218753140531e-07
3149.0,2.1171505229947556,8.656999612544375e-05,5.036219747900361e-07
3150.0,2.1170333066537426,8.659343939366596e-05,5.036220729337515e-07
3151.0,2.1169160975415315,8.66168812161278e-05,5.036221710774669e-07
3152.0,2.1167988956569466,8.664032159306417e-05,5.036222678889146e-07
3153.0,2.1166817009988184,8.666376052470916e-05,5.036223647003624e-07
3154.0,2.1165645135659807,8.66871980112961e-05,5.036224619558993e-07
3155.0,2.1164473333572698,8.671063405305763e-05,5.036225583232579e-07
3156.0,2.1163301603715245,8.673406865022578e-05,5.036226542465272e-07
3157.0,2.1162129946075914,8.675750180303194e-05,5.036227519461534e-07
3158.0,2.116095836064313,8.678093351170701e-05,5.036228487576011e-07
3159.0,2.115978684740538,8.680436377648135e-05,5.036229455690489e-07
3160.0,2.115861540635115,8.682779259758488e-05,5.036230401600506e-07
3161.0,2.1157444037468998,8.685121997524707e-05,5.036231356392307e-07
3162.0,2.1156272740747464,8.687464590969698e-05,5.036232320065892e-07
3163.0,2.1155101516175097,8.689807040116333e-05,5.036233270416801e-07
3164.0,2.115393036374047,8.692149344987447e-05,5.03623419856325e-07
3165.0,2.115275928343222,8.694491505605845e-05,5.036235148914159e-07
3166.0,2.115158827523896,8.696833521994299e-05,5.036236117028636e-07
3167.0,2.1150417339149272,8.699175394175557e-05,5.036237058497761e-07
3168.0,2.1149246475151844,8.701517122172337e-05,5.036238017730454e-07
3169.0,2.1148075683235277,8.703858706007337e-05,5.036238950317795e-07
3170.0,2.114690496338829,8.706200145703229e-05,5.036239909550488e-07
3171.0,2.114573431559951,8.708541441282666e-05,5.036240846578721e-07
3172.0,2.114456373985765,8.710882592768279e-05,5.03624179692963e-07
3173.0,2.1143393236151375,8.713223600182685e-05,5.036242725076079e-07
3174.0,2.1142222804469433,8.71556446354848e-05,5.03624367986788e-07
3175.0,2.1141052444800486,8.717905182888247e-05,5.036244616896113e-07
3176.0,2.1139882157133276,8.72024575822455e-05,5.036245558365238e-07
3177.0,2.1138711941456516,8.722586189579943e-05,5.03624649539347e-07
3178.0,2.113754179775895,8.724926476976967e-05,5.036247441303487e-07
3179.0,2.11363717260293,8.727266620438148e-05,5.03624837833172e-07
3180.0,2.1135201726249124,8.729606619985796e-05,5.036242027856019e-07
3181.0,2.1134031796501644,8.731946479488572e-05,5.036245935841066e-07
3182.0,2.11328619348447,8.734286202802887e-05,5.036246153444779e-07
3183.0,2.113169214127997,8.736625789933652e-05,5.036246801815025e-07
3184.0,2.1130522415799757,8.738965240895596e-05,5.036247561207574e-07
3185.0,2.1129352758394733,8.741304555707347e-05,5.036248413858857e-07
3186.0,2.11281831690544,8.743643734389895e-05,5.03624935088709e-07
3187.0,2.112701364776744,8.745982776965847e-05,5.03625036785138e-07
3188.0,2.1125844194521903,8.748321683458992e-05,5.036251407020131e-07
3189.0,2.1124674809305435,8.750660453894042e-05,5.036252459511559e-07
3190.0,2.112350549210534,8.752999088296457e-05,5.036253574175475e-07
3191.0,2.112233624290853,8.755337586692315e-05,5.036254693280284e-07
3192.0,2.1121167061701716,8.757675949108202e-05,5.036255821266877e-07
3193.0,2.1119997948471423,8.760014175571131e-05,5.036256993662391e-07
3194.0,2.1118828903203903,8.762352266108489e-05,5.036258152735229e-07
3195.0,2.111765992588534,8.76469022074799e-05,5.036259342894311e-07
3196.0,2.1116491016501677,8.767028039517639e-05,5.036260501967149e-07
3197.0,2.1115322175038873,8.769365722445693e-05,5.036261727653368e-07
3198.0,2.1114153401482594,8.77170326956064e-05,5.036262917812451e-07
3199.0,2.111298469581856,8.774040680891167e-05,5.036264152380454e-07
3200.0,2.1111816058032304,8.776377956466143e-05,5.036265382507565e-07
3201.0,2.111064748810929,8.778715096314603e-05,5.036266599312e-07
3202.0,2.1109478986034973,8.781052100465728e-05,5.036267842761788e-07
3203.0,2.1108310551794647,8.783388968948839e-05,5.036269072888899e-07
3204.0,2.1107142185373613,8.785725701793385e-05,5.036270311897795e-07
3205.0,2.1105973886757075,8.788062299028929e-05,5.036271546465798e-07
3206.0,2.1104805655930234,8.790398760685138e-05,5.036272807679154e-07
3207.0,2.1103637492878167,8.792735086791781e-05,5.036274064451618e-07
3208.0,2.110246939758598,8.795071277378717e-05,5.036275347869434e-07
3209.0,2.110130137003866,8.797407332475886e-05,5.03627660908279e-07
3210.0,2.1100133410221225,8.799743252113306e-05,5.036277883618823e-07
3211.0,2.10989655181186,8.802079036321066e-05,5.036279140391287e-07
3212.0,2.1097797693715767,8.804414685129321e-05,5.036280432690887e-07
3213.0,2.109662993699755,8.806750198568292e-05,5.036281702786027e-07
3214.0,2.1095462247948853,8.809085576668254e-05,5.036282986203844e-07
3215.0,2.109429462655448,8.811420819459538e-05,5.036284256298984e-07
3216.0,2.1093127072799267,8.813755926972528e-05,5.036285535275908e-07
3217.0,2.1091959586667994,8.816090899237654e-05,5.036286827575509e-07
3218.0,2.109079216814537,8.818425736285388e-05,5.036288071025297e-07
3219.0,2.1089624817216226,8.820760438146247e-05,5.036289354443113e-07
3220.0,2.108845753386523,8.823095004850787e-05,5.036290628979145e-07
3221.0,2.108729031807712,8.825429436429597e-05,5.036291921278746e-07
3222.0,2.1086123169836526,8.827763732913304e-05,5.036293182492102e-07
3223.0,2.108495608912819,8.830097894332565e-05,5.036294474791703e-07
3224.0,2.108378907593675,8.832431920718066e-05,5.036295789295764e-07
3225.0,2.1082622130246795,8.834765812100522e-05,5.036297063831796e-07
3226.0,2.1081455252043004,8.837099568510675e-05,5.036298347249613e-07
3227.0,2.108028844130998,8.839433189979291e-05,5.036299630667429e-07
3228.0,2.1079121698032357,8.84176667653716e-05,5.03630094517149e-07
3229.0,2.1077955022194663,8.844100028215092e-05,5.03630221526663e-07
3230.0,2.107678841378153,8.846433245043919e-05,5.036303494243555e-07
3231.0,2.1075621872777535,8.848766327054491e-05,5.036304786543155e-07
3232.0,2.1074455399167245,8.851099274277676e-05,5.03630608772454e-07
3233.0,2.107328899293518,8.853432086744357e-05,5.036307366701465e-07
3234.0,2.107212265406593,8.855764764485434e-05,5.036308650119281e-07
3235.0,2.1070956382544015,8.858097307531822e-05,5.036309933537098e-07
3236.0,2.1069790178354,8.860429715914447e-05,5.03631123027759e-07
3237.0,2.1068624041480373,8.862761989664248e-05,5.036312504813623e-07
3238.0,2.1067457971907704,8.865094128812177e-05,5.036313797113223e-07
3239.0,2.10662919696205,8.867426133389196e-05,5.0363151027355e-07
3240.0,2.1065126034603336,8.869758003426279e-05,5.036316479412051e-07
3241.0,2.106396016690666,8.872089738822714e-05,5.036318020401609e-07
3242.0,2.1062794366579265,8.874421339480052e-05,5.036319294937641e-07
3243.0,2.1061628633603933,8.876752805433531e-05,5.036320702700436e-07
3244.0,2.1060462967963125,8.879084136718023e-05,5.036322141549476e-07
3245.0,2.1059297369639465,8.881415333368233e-05,5.0363235892803e-07
3246.0,2.1058131838615655,8.883746395418764e-05,5.036325041452017e-07
3247.0,2.1056966374874415,8.886077322904134e-05,5.036326489182841e-07
3248.0,2.1055800978398502,8.888408115858803e-05,5.036327910268312e-07
3249.0,2.1054635649170756,8.890738774317175e-05,5.036329349117352e-07
3250.0,2.1053470387173965,8.893069298313617e-05,5.036330779084608e-07
3251.0,2.105230519239097,8.895399687882455e-05,5.036332204610972e-07
3252.0,2.105114006480463,8.89772994305798e-05,5.036333630137335e-07
3253.0,2.1049975004397816,8.900060063874456e-05,5.036335051222807e-07
3254.0,2.104881001115342,8.902390050366116e-05,5.036336481190062e-07
3255.0,2.10476450850543,8.904719902567165e-05,5.036337888952858e-07
3256.0,2.104648022608343,8.907049620511785e-05,5.036339327801898e-07
3257.0,2.104531543422367,8.909379204234132e-05,5.036340740005585e-07
3258.0,2.1044150709457994,8.911708653768343e-05,5.036342169972841e-07
3259.0,2.1042986051769312,8.914037969148527e-05,5.036343582176528e-07
3260.0,2.1041821461140615,8.916367150408778e-05,5.036345007702892e-07
3261.0,2.1040656937554827,8.918696197583167e-05,5.036346415465687e-07
3262.0,2.1039492480994957,8.921025110705744e-05,5.036347836551158e-07
3263.0,2.103832809144397,8.923353889810541e-05,5.036349244313953e-07
3264.0,2.1037163768884874,8.925682534931572e-05,5.036350665399425e-07
3265.0,2.103599951330065,8.92801104610283e-05,5.036352068721328e-07
3266.0,2.1034835324674344,8.930339423358293e-05,5.036353498688584e-07
3267.0,2.1033671202988935,8.932667666731917e-05,5.036354902010487e-07
3268.0,2.103250714822751,8.934995776257643e-05,5.036356336418635e-07
3269.0,2.103134316037304,8.937323751969391e-05,5.03635774418143e-07
3270.0,2.10301792394086,8.939651593901067e-05,5.036359143062441e-07
3271.0,2.102901538531726,8.941979302086557e-05,5.036360546384344e-07
3272.0,2.1027851598082106,8.944306876559732e-05,5.0363619763516e-07
3273.0,2.102668787768615,8.946634317354443e-05,5.036363379673503e-07
3274.0,2.1025524224112524,8.948961624504528e-05,5.036364796318082e-07
3275.0,2.102436063734429,8.951288798043803e-05,5.036366195199093e-07
3276.0,2.102319711736456,8.953615838006073e-05,5.036367602961889e-07
3277.0,2.102203366415645,8.955942744425119e-05,5.036369015165576e-07
3278.0,2.102087027770306,8.958269517334711e-05,5.036370422928371e-07
3279.0,2.1019706957987525,8.9605961567686e-05,5.036371830691166e-07
3280.0,2.1018543704992947,8.96292266276052e-05,5.036373211808609e-07
3281.0,2.1017380518702535,8.965249035344188e-05,5.036374637334973e-07
3282.0,2.101621739909938,8.967575274553306e-05,5.036376040656876e-07
3283.0,2.1015054346166666,8.969901380421558e-05,5.036377452860563e-07
3284.0,2.101389135988754,8.972227352982611e-05,5.036378856182466e-07
3285.0,2.1012728440245176,8.974553192270117e-05,5.036380241740801e-07
3286.0,2.1011565587222774,8.97687889831771e-05,5.03638163618092e-07
3287.0,2.101040280080352,8.979204471159007e-05,5.036383030621039e-07
3288.0,2.100924008097064,8.981529910827609e-05,5.03638445170651e-07
3289.0,2.10080774277073,8.9838552173571e-05,5.036385855028414e-07
3290.0,2.100691484099671,8.986180390781048e-05,5.036387240586748e-07
3291.0,2.100575232082213,8.988505431133002e-05,5.036388639467759e-07
3292.0,2.10045898671668,8.990830338446498e-05,5.036390056112339e-07
3293.0,2.1003427480013888,8.993155112755051e-05,5.036391419466213e-07
3294.0,2.1002265159346734,8.995479754092165e-05,5.036392822788116e-07
3295.0,2.100110290514855,8.997804262491321e-05,5.036394217228235e-07
3296.0,2.0999940717402628,9.000128637985988e-05,5.036395629431922e-07
3297.0,2.099877859609219,9.002452880609615e-05,5.036397006108473e-07
3298.0,2.099761654120058,9.004776990395637e-05,5.036398404989484e-07
3299.0,2.0996454552711055,9.007100967377469e-05,5.036399794988711e-07
3300.0,2.0995292630606586,9.009424811588497e-05,5.036400838598354e-07
3301.0,2.0994130774079407,9.011748524640297e-05,5.03639955962143e-07
3302.0,2.099296898234195,9.014072108113157e-05,5.036398533775355e-07
3303.0,2.0991807255407067,9.016395561981173e-05,5.036397658919611e-07
3304.0,2.099064559328536,9.018718886223036e-05,5.036396886204386e-07
3305.0,2.098948399598635,9.021042080819541e-05,5.036396126811837e-07
3306.0,2.0988322463518996,9.023365145752866e-05,5.03639543403267e-07
3307.0,2.0987160995891636,9.025688081006225e-05,5.036394754576179e-07
3308.0,2.0985999593112314,9.028010886563661e-05,5.036394150614854e-07
3309.0,2.0984838255188576,9.030333562409897e-05,5.03639352888996e-07
3310.0,2.098367698212781,9.032656108530249e-05,5.036392942692203e-07
3311.0,2.0982515773937087,9.034978524910551e-05,5.036392369817122e-07
3312.0,2.0981354630623277,9.037300811537095e-05,5.036391832469178e-07
3313.0,2.0980193552192983,9.039622968396584e-05,5.036391281798558e-07
3314.0,2.0979032538652707,9.041944995476103e-05,5.036390766655074e-07
3315.0,2.097787159000872,9.044266892763086e-05,5.036390269275159e-07
3316.0,2.0976710706267125,9.046588660245287e-05,5.036389776336136e-07
3317.0,2.0975549887433913,9.048910297910762e-05,5.036389301160682e-07
3318.0,2.0974389133514872,9.051231805747848e-05,5.036388803780767e-07
3319.0,2.0973228444515777,9.053553183745149e-05,5.036388359691557e-07
3320.0,2.0972067820442137,9.055874431891519e-05,5.036387902279671e-07
3321.0,2.097090726129942,9.05819555017605e-05,5.036387453749569e-07
3322.0,2.096974676709299,9.060516538588063e-05,5.036387027423928e-07
3323.0,2.096858633782806,9.062837397117094e-05,5.03638660998007e-07
3324.0,2.0967425973509735,9.065158125752887e-05,5.036386183654429e-07
3325.0,2.09662656741431,9.067478724485383e-05,5.036385797296816e-07
3326.0,2.0965105439733036,9.069799193304712e-05,5.036385397616527e-07
3327.0,2.0963945270284396,9.072119532201192e-05,5.036384997936239e-07
3328.0,2.096278516580195,9.074439741165314e-05,5.036384611578626e-07
3329.0,2.0961625126290353,9.076759820187743e-05,5.036384229661905e-07
3330.0,2.096046515175419,9.079079769259307e-05,5.036383847745185e-07
3331.0,2.095930524219798,9.081399588370996e-05,5.036383483592033e-07
3332.0,2.095814539762616,9.083719277513952e-05,5.036383137202449e-07
3333.0,2.095698561804306,9.086038836679472e-05,5.03638279969465e-07
3334.0,2.0955825903452956,9.088358265858995e-05,5.036382457745958e-07
3335.0,2.0954666253860057,9.090677565044104e-05,5.036382115797267e-07
3336.0,2.095350666926853,9.092996734226519e-05,5.036381796053035e-07
3337.0,2.095234714968239,9.095315773398097e-05,5.036381440781668e-07
3338.0,2.0951187695105693,9.097634682550823e-05,5.036381112155652e-07
3339.0,2.0950028305542387,9.099953461676813e-05,5.036380801293205e-07
3340.0,2.094886898099634,9.102272110768306e-05,5.036380499312543e-07
3341.0,2.0947709721471335,9.104590629817664e-05,5.036380170686527e-07
3342.0,2.0946550526971195,9.106909018817368e-05,5.036379886469433e-07
3343.0,2.0945391397499566,9.109227277760016e-05,5.036379580047878e-07
3344.0,2.0944232333060104,9.111545406638322e-05,5.036379273626324e-07
3345.0,2.094307333365642,9.113863405445107e-05,5.036378980527445e-07
3346.0,2.0941914399292063,9.116181274173306e-05,5.036378722955703e-07
3347.0,2.0940755529970443,9.11849901281596e-05,5.036378429856825e-07
3348.0,2.093959672569503,9.120816621366212e-05,5.03637814563973e-07
3349.0,2.0938437986469216,9.123134099817313e-05,5.036377879186205e-07
3350.0,2.093727931229629,9.125451448162612e-05,5.036377599410002e-07
3351.0,2.0936120703179553,9.127768666395558e-05,5.036377337397369e-07
3352.0,2.0934962159122237,9.130085754509698e-05,5.036377093148303e-07
3353.0,2.093380368012748,9.132402712498674e-05,5.036376822253885e-07
3354.0,2.093264526619846,9.134719540356223e-05,5.03637657800482e-07
3355.0,2.0931486917338233,9.137036238076174e-05,5.03637632487397e-07
3356.0,2.093032863354983,9.139352805652446e-05,5.036376058420444e-07
3357.0,2.0929170414836293,9.14166924307905e-05,5.036375823053163e-07
3358.0,2.092801226120053,9.143985550350081e-05,5.036375578804098e-07
3359.0,2.092685417264547,9.146301727459724e-05,5.036375334555032e-07
3360.0,2.0925696149174344,9.148617774402275e-05,5.036375489986256e-07
3361.0,2.0924538191183295,9.150933690388968e-05,5.036377785927471e-07
3362.0,2.0923380299050467,9.153249474658561e-05,5.03637975324267e-07
3363.0,2.092222247275226,9.155565127258675e-05,5.036381605094675e-07
3364.0,2.0921064712266233,9.157880648234409e-05,5.036383443624004e-07
3365.0,2.091990701757039,9.160196037629661e-05,5.036385228862628e-07
3366.0,2.091874938864325,9.162511295487511e-05,5.036387014101251e-07
3367.0,2.091759182546353,9.164826421850419e-05,5.036388741608278e-07
3368.0,2.09164343280103,9.167141416760342e-05,5.036390477997088e-07
3369.0,2.091527689626277,9.169456280258824e-05,5.036392187740546e-07
3370.0,2.0914119530200352,9.171771012387042e-05,5.036393879720436e-07
3371.0,2.091296222980264,9.174085613185856e-05,5.036395571700325e-07
3372.0,2.0911804995049312,9.176400082695843e-05,5.036397241475754e-07
3373.0,2.091064782592027,9.178714420957322e-05,5.036398937896536e-07
3374.0,2.0909490722395394,9.181028628010379e-05,5.036400589908396e-07
3375.0,2.090833368445478,9.183342703894884e-05,5.036402228597581e-07
3376.0,2.0907176712078623,9.185656648650505e-05,5.036403880609441e-07
3377.0,2.0906019805247116,9.187970462316727e-05,5.036405483771489e-07
3378.0,2.090486296394071,9.190284144932862e-05,5.036407144665134e-07
3379.0,2.0903706188139726,9.192597696538054e-05,5.036408761149858e-07
3380.0,2.0902549477824706,9.194911117171296e-05,5.036410359871013e-07
3381.0,2.0901392832976278,9.197224406871433e-05,5.036411998560197e-07
3382.0,2.090023625357501,9.19953756567717e-05,5.036413601722245e-07
3383.0,2.0899079739601665,9.20185059362708e-05,5.036415209325185e-07
3384.0,2.089792329103699,9.20416349075961e-05,5.036416799164556e-07
3385.0,2.089676690786184,9.206476257113085e-05,5.036418389003927e-07
3386.0,2.0895610590057085,9.208788892725715e-05,5.036419947757054e-07
3387.0,2.0894454337603725,9.211101397635597e-05,5.036421528714641e-07
3388.0,2.0893298150482753,9.213413771880722e-05,5.036423118554012e-07
3389.0,2.08921420286752,9.215726015498975e-05,5.036424690629815e-07
3390.0,2.0890985972162186,9.218038128528143e-05,5.036426262705618e-07
3391.0,2.0889829980924857,9.220350111005913e-05,5.036427821458744e-07
3392.0,2.0888674054944416,9.222661962969881e-05,5.036429362448303e-07
3393.0,2.0887518194202155,9.224973684457551e-05,5.036430934524105e-07
3394.0,2.088636239867931,9.227285275506341e-05,5.036432484395448e-07
3395.0,2.088520666835723,9.22959673615358e-05,5.036434025385006e-07
3396.0,2.0884051003217325,9.231908066436516e-05,5.036435588579025e-07
3397.0,2.0882895403240957,9.234219266392314e-05,5.036437120686799e-07
3398.0,2.0881739868409626,9.236530336058061e-05,5.036438661676357e-07
3399.0,2.088058439870481,9.238841275470766e-05,5.036440202665915e-07
3400.0,2.087942899410806,9.241152084667366e-05,5.036441748096365e-07
3401.0,2.0878273654600914,9.24346276368472e-05,5.036443280204139e-07
3402.0,2.087711838016497,9.245773312559617e-05,5.036444785666561e-07
3403.0,2.0875963170781926,9.248083731328778e-05,5.036446322215227e-07
3404.0,2.0874808026433405,9.250394020028852e-05,5.036447836559432e-07
3405.0,2.087365294710114,9.252704178696422e-05,5.03644935534453e-07
3406.0,2.0872497932766856,9.255014207368005e-05,5.036450865247843e-07
3407.0,2.0871342983412355,9.257324106080055e-05,5.036452388473833e-07
3408.0,2.0870188099019416,9.25963387486896e-05,5.036453902818039e-07
3409.0,2.0869033279569886,9.261943513771048e-05,5.036455417162244e-07
3410.0,2.0867878525045627,9.264253022822584e-05,5.036456927065558e-07
3411.0,2.086672383542854,9.266562402059775e-05,5.036458432527979e-07
3412.0,2.086556921070054,9.268871651518767e-05,5.036459929108617e-07
3413.0,2.0864414650843583,9.27118077123565e-05,5.036461412366577e-07
3414.0,2.086326015583969,9.273489761246456e-05,5.036462922269891e-07
3415.0,2.0862105725670834,9.275798621587162e-05,5.03646442329142e-07
3416.0,2.086095136031907,9.278107352293688e-05,5.036465919872057e-07
3417.0,2.0859797059766447,9.2804159534019e-05,5.036467403130018e-07
3418.0,2.085864282399508,9.282724424947612e-05,5.036468895269763e-07
3419.0,2.0857488652987075,9.285032766966585e-05,5.036470374086832e-07
3420.0,2.08563345467243,9.287340979494502e-05,5.03647155536413e-07
3421.0,2.085518050479666,9.289649063346701e-05,5.036470018815464e-07
3422.0,2.085402652681665,9.29195701930423e-05,5.036468770924785e-07
3423.0,2.085287261279959,9.294264847336038e-05,5.036467616292839e-07
3424.0,2.0851718762759583,9.296572547413786e-05,5.036466483865354e-07
3425.0,2.085056497671013,9.298880119510497e-05,5.036465386965006e-07
3426.0,2.0849411254664267,9.30118756360015e-05,5.036464347796255e-07
3427.0,2.084825759663457,9.30349487965747e-05,5.036463313068396e-07
3428.0,2.0847104002633423,9.3058020676578e-05,5.03646232719035e-07
3429.0,2.0845950472672814,9.308109127577013e-05,5.036461327989628e-07
3430.0,2.0844797006764644,9.310416059391445e-05,5.036460373197826e-07
3431.0,2.084364360492049,9.312722863077849e-05,5.036459418406025e-07
3432.0,2.0842490267151796,9.315029538613355e-05,5.036458481377792e-07
3433.0,2.0841336993469834,9.317336085975443e-05,5.036457562113128e-07
3434.0,2.084018378388567,9.319642505141912e-05,5.036456633966679e-07
3435.0,2.083903063841032,9.32194879609086e-05,5.036455754670044e-07
3436.0,2.083787755705453,9.324254958800664e-05,5.036454866491624e-07
3437.0,2.0836724539828992,9.326560993249968e-05,5.036453982754097e-07
3438.0,2.0835571586744255,9.328866899417667e-05,5.036453094575677e-07
3439.0,2.0834418697810806,9.33117267728289e-05,5.03645225524707e-07
3440.0,2.083326587303891,9.333478326824997e-05,5.036451411477572e-07
3441.0,2.0832113112438764,9.335783848023561e-05,5.036450549944504e-07
3442.0,2.083096041602054,9.338089240858364e-05,5.036449728379466e-07
3443.0,2.0829807783794205,9.340394505309387e-05,5.036448906814428e-07
3444.0,2.0828655215769682,9.342699641356807e-05,5.036448089690282e-07
3445.0,2.082750271195679,9.345004648980979e-05,5.036447285888812e-07
3446.0,2.0826350272365257,9.347309528162442e-05,5.036446482087342e-07
3447.0,2.082519789700474,9.349614278881907e-05,5.036445700490333e-07
3448.0,2.0824045585884767,9.351918901120253e-05,5.036444901129755e-07
3449.0,2.0822893339014854,9.35422339485852e-05,5.036444119532746e-07
3450.0,2.082174115640439,9.356527760077908e-05,5.036443351258413e-07
3451.0,2.08205890380627,9.358831996759768e-05,5.036442587424972e-07
3452.0,2.081943698399902,9.361136104885601e-05,5.036441823591531e-07
3453.0,2.081828499422253,9.363440084437055e-05,5.036441064198982e-07
3454.0,2.081713306874236,9.365743935395918e-05,5.036440322570002e-07
3455.0,2.0815981207567513,9.368047657744118e-05,5.036439576500129e-07
3456.0,2.0814829410706968,9.370351251463718e-05,5.036438834871149e-07
3457.0,2.081367767816964,9.372654716536913e-05,5.036438102123952e-07
3458.0,2.0812526009964354,9.374958052946025e-05,5.036437373817648e-07
3459.0,2.081137440609989,9.377261260673506e-05,5.036436649952236e-07
3460.0,2.081022286658497,9.379564339701929e-05,5.0364359394095e-07
3461.0,2.0809071391428238,9.38186729001399e-05,5.036435237748549e-07
3462.0,2.0807919980638254,9.3841701115925e-05,5.036434509442245e-07
3463.0,2.080676863422362,9.386472804420391e-05,5.036433821103969e-07
3464.0,2.0805617352192756,9.388775368480709e-05,5.036433115002126e-07
3465.0,2.0804466134554103,9.391077803756608e-05,5.036432413341174e-07
3466.0,2.0803314981316063,9.393380110231356e-05,5.036431747207359e-07
3467.0,2.080216389248688,9.395682287888329e-05,5.0364310499873e-07
3468.0,2.080101286807483,9.397984336711006e-05,5.036430339444564e-07
3469.0,2.0799861908088193,9.400286256682976e-05,5.036429686633426e-07
3470.0,2.0798711012535036,9.402588047787924e-05,5.036429002736043e-07
3471.0,2.079756018142351,9.404889710009643e-05,5.036428336602228e-07
3472.0,2.079640941476166,9.40719124333202e-05,5.036427674909305e-07
3473.0,2.0795258712557474,9.409492647739044e-05,5.036426999893706e-07
3474.0,2.079410807481894,9.411793923214797e-05,5.036426342641676e-07
3475.0,2.0792957501553966,9.41409506974346e-05,5.036425703153213e-07
3476.0,2.0791806992770385,9.416396087309303e-05,5.036425041460291e-07
3477.0,2.0790656548476036,9.418696975896693e-05,5.036424388649152e-07
3478.0,2.0789506168678704,9.420997735490083e-05,5.036423753601582e-07
3479.0,2.078835585338609,9.423298366074021e-05,5.036423105231336e-07
3480.0,2.078720560260652,9.425598867633157e-05,5.036423105231336e-07
3481.0,2.0786055417138525,9.427899238573137e-05,5.036425099191888e-07
3482.0,2.078490529776207,9.430199477329322e-05,5.03642673344018e-07
3483.0,2.078375524445693,9.432499583942649e-05,5.036428261107062e-07
3484.0,2.078260525720487,9.434799558449615e-05,5.036429682192534e-07
3485.0,2.0781455335988688,9.437099400884734e-05,5.036431058869084e-07
3486.0,2.0780305480791794,9.439399111281236e-05,5.036432417782066e-07
3487.0,2.0779155691597992,9.441698689671414e-05,5.036433705640775e-07
3488.0,2.077800596839158,9.443998136086832e-05,5.036435002381268e-07
3489.0,2.077685631115704,9.44629745055845e-05,5.036436268035516e-07
3490.0,2.077570671987917,9.448596633116724e-05,5.036437538130656e-07
3491.0,2.0774557194542913,9.450895683791681e-05,5.036438759375983e-07
3492.0,2.0773407735133484,9.453194602612969e-05,5.036439976180418e-07
3493.0,2.077225834163622,9.455493389609895e-05,5.036441175221285e-07
3494.0,2.077110901403665,9.457792044811469e-05,5.036442387584827e-07
3495.0,2.0769959752320344,9.460090568246421e-05,5.036443559980341e-07
3496.0,2.0768810556473087,9.462388959943239e-05,5.036444714612287e-07
3497.0,2.0767661426480797,9.464687219930174e-05,5.036445891448693e-07
3498.0,2.0766512362329403,9.466985348235271e-05,5.036447046080639e-07
3499.0,2.0765363364005003,9.469283344886376e-05,5.036448196271692e-07
3500.0,2.076421443149376,9.47158120991115e-05,5.036449342021854e-07
3501.0,2.0763065564781926,9.473878943337083e-05,5.036450474449339e-07
3502.0,2.0761916763855837,9.476176545191502e-05,5.036451593554148e-07
3503.0,2.076076802870192,9.478474015501584e-05,5.036452717099849e-07
3504.0,2.0759619359306654,9.480771354294359e-05,5.036453840645549e-07
3505.0,2.075847075565658,9.483068561596722e-05,5.036454946427682e-07
3506.0,2.075732221773834,9.48536563743544e-05,5.036456065532491e-07
3507.0,2.0756173745538575,9.487662581837152e-05,5.036457157991947e-07
3508.0,2.0755025339044058,9.489959394828383e-05,5.036458254892295e-07
3509.0,2.075387699824156,9.492256076435543e-05,5.036459338469967e-07
3510.0,2.0752728723117957,9.494552626684933e-05,5.036460430929424e-07
3511.0,2.075158051366012,9.496849045602753e-05,5.036461501184419e-07
3512.0,2.075043236985504,9.499145333215102e-05,5.036462598084768e-07
3513.0,2.0749284291689665,9.501441489547984e-05,5.036463663898871e-07
3514.0,2.0748136279151073,9.503737514627311e-05,5.036464734153867e-07
3515.0,2.074698833222634,9.506033408478906e-05,5.036465799967971e-07
3516.0,2.0745840450902597,9.508329171128506e-05,5.03646685690029e-07
3517.0,2.0744692635167037,9.510624802601766e-05,5.036467927155286e-07
3518.0,2.074354488500685,9.51292030292426e-05,5.036468984087605e-07
3519.0,2.0742397200409295,9.515215672121486e-05,5.036470045460817e-07
3520.0,2.0741249581361676,9.517510910218864e-05,5.036471115715813e-07
3521.0,2.0740102027851273,9.519806017241743e-05,5.036472150443672e-07
3522.0,2.073895453986548,9.522100993215399e-05,5.036473189612423e-07
3523.0,2.07378071173917,9.524395838165043e-05,5.036474228781174e-07
3524.0,2.073665976041736,9.526690552115816e-05,5.036475272390817e-07
3525.0,2.073551246892992,9.528985135092795e-05,5.036476324882244e-07
3526.0,2.073436524291685,9.531279587120994e-05,5.036477350728319e-07
3527.0,2.073321808236569,9.533573908225366e-05,5.036478381015286e-07
3528.0,2.0732070987264013,9.535868098430801e-05,5.036479420184037e-07
3529.0,2.0730923957599376,9.538162157762132e-05,5.036480450471004e-07
3530.0,2.072977699335942,9.540456086244137e-05,5.036481494080647e-07
3531.0,2.072863009453173,9.542749883901534e-05,5.036482502163153e-07
3532.0,2.0727483261104034,9.545043550758987e-05,5.03648353245012e-07
3533.0,2.072633649306399,9.547337086841111e-05,5.036484549414411e-07
3534.0,2.0725189790399328,9.549630492172462e-05,5.036485566378701e-07
3535.0,2.0724043153097806,9.55192376677755e-05,5.036486587783884e-07
3536.0,2.072289658114718,9.554216910680834e-05,5.036487600307282e-07
3537.0,2.072175007453526,9.556509923906721e-05,5.036488626153357e-07
3538.0,2.0720603633249826,9.558802806479573e-05,5.036489616472295e-07
3539.0,2.0719457257278777,9.561095558423705e-05,5.036490633436586e-07
3540.0,2.0718310946609533,9.563388179763361e-05,5.036491219634343e-07
3541.0,2.071716469890391,9.565680675175785e-05,5.0364918058321e-07
3542.0,2.071601851182135,9.567973049345035e-05,5.036493870846925e-07
3543.0,2.071487238533776,9.570265302317031e-05,5.036496282251335e-07
3544.0,2.071372631942458,9.572557434148505e-05,5.036498840205184e-07
3545.0,2.0712580314051285,9.57484944490036e-05,5.036501469213306e-07
3546.0,2.071143436918623,9.577141334635901e-05,5.03650418703927e-07
3547.0,2.0710288484796937,9.579433103420017e-05,5.036506949274155e-07
3548.0,2.0709142660850373,9.58172475131869e-05,5.036509724831717e-07
3549.0,2.0707996897313197,9.584016278398714e-05,5.036512558120876e-07
3550.0,2.070685119415163,9.586307684727492e-05,5.03651538252825e-07
3551.0,2.0705705551331772,9.588598970372893e-05,5.036518224699194e-07
3552.0,2.070455996881952,9.590890135403146e-05,5.036521097956381e-07
3553.0,2.070341444658056,9.593181179886762e-05,5.036523949009108e-07
3554.0,2.070226898458059,9.595472103892477e-05,5.036526835588973e-07
3555.0,2.070112358278512,9.5977629074892e-05,5.036529726609729e-07
3556.0,2.069997824115961,9.600053590745971e-05,5.036532604307808e-07
3557.0,2.069883295966952,9.602344153731932e-05,5.036535495328565e-07
3558.0,2.0697687738280233,9.604634596516298e-05,5.036538386349321e-07
3559.0,2.06965425769571,9.606924919168338e-05,5.036541272929185e-07
3560.0,2.0695397475665485,9.609215121757358e-05,5.036544168390833e-07
3561.0,2.0694252434370703,9.611505204352679e-05,5.036547050529805e-07
3562.0,2.0693107453038135,9.613795167023633e-05,5.036549959314129e-07
3563.0,2.069196253163308,9.616085009839538e-05,5.036552854775778e-07
3564.0,2.0690817670120887,9.618374732869698e-05,5.036555741355642e-07
3565.0,2.068967286846693,9.620664336183395e-05,5.036558632376398e-07
3566.0,2.068852812663657,9.622953819849875e-05,5.03656151451537e-07
3567.0,2.068738344459522,9.625243183938347e-05,5.036564396654342e-07
3568.0,2.06862388223083,9.627532428517973e-05,5.03656729211599e-07
3569.0,2.068509425974122,9.629821553657869e-05,5.036570160932285e-07
3570.0,2.0683949756859508,9.632110559427095e-05,5.036573060834826e-07
3571.0,2.06828053136286,9.63439944589465e-05,5.036575929651121e-07
3572.0,2.0681660930014063,9.636688213129475e-05,5.036578807349201e-07
3573.0,2.068051660598145,9.638976861200442e-05,5.036581680606389e-07
3574.0,2.0679372341496354,9.64126539017636e-05,5.0365845405409e-07
3575.0,2.067822813652443,9.643553800125964e-05,5.03658741823898e-07
3576.0,2.0677083991031315,9.645842091117919e-05,5.036590282614384e-07
3577.0,2.067593990498272,9.648130263220817e-05,5.036593133667111e-07
3578.0,2.067479587834438,9.650418316503171e-05,5.036595971397162e-07
3579.0,2.067365191108212,9.652706251033418e-05,5.036598835772566e-07
3580.0,2.067250800316171,9.654994066879919e-05,5.036601677943509e-07
3581.0,2.0671364154549026,9.65728176411095e-05,5.036604506791775e-07
3582.0,2.0670220365209984,9.659569342794711e-05,5.036607344521826e-07
3583.0,2.066907663511053,9.661856802999318e-05,5.036610191133661e-07
3584.0,2.06679329642166,9.664144144792803e-05,5.036613011100144e-07
3585.0,2.066678935249428,9.666431368243117e-05,5.036615844389303e-07
3586.0,2.0665645799909598,9.668718473418126e-05,5.036618664355785e-07
3587.0,2.0664502306428667,9.67100546038561e-05,5.036621479881376e-07
3588.0,2.0663358872017676,9.673292329213268e-05,5.036624317611427e-07
3589.0,2.0662215496642764,9.67557907996871e-05,5.036627124255233e-07
3590.0,2.066107218027018,9.677865712719462e-05,5.036629917576363e-07
3591.0,2.065992892286625,9.680152227532962e-05,5.036632737542845e-07
3592.0,2.0658785724397255,9.682438624476562e-05,5.03663553974576e-07
3593.0,2.065764258482956,9.684724903617528e-05,5.036638328625997e-07
3594.0,2.0656499504129595,9.68701106502304e-05,5.036641121947127e-07
3595.0,2.0655356482263802,9.689297108760191e-05,5.036643906386473e-07
3596.0,2.06542135191987,9.691583034895985e-05,5.036646695266711e-07
3597.0,2.06530706149008,9.693868843497342e-05,5.036649475265165e-07
3598.0,2.065192776933672,9.696154534631091e-05,5.036652273027187e-07
3599.0,2.0650784982473054,9.698440108363979e-05,5.036655048584748e-07
3600.0,2.0649642254276475,9.700725564762663e-05,5.036657810819634e-07
3601.0,2.0648499587705147,9.70301089791058e-05,5.036660444268648e-07
3602.0,2.0647356985721217,9.705296101881022e-05,5.036661732127357e-07
3603.0,2.064621444830766,9.707581176709907e-05,5.036662615864884e-07
3604.0,2.0645071975453657,9.709866122419234e-05,5.036663281998699e-07
3605.0,2.064392956715105,9.712150939025535e-05,5.036663823787535e-07
3606.0,2.0642787223393197,9.714435626542145e-05,5.036664276758529e-07
3607.0,2.0641644944174553,9.716720184980262e-05,5.036664689761494e-07
3608.0,2.0640502729490238,9.719004614349546e-05,5.036665018387509e-07
3609.0,2.0639360579336077,9.721288914658503e-05,5.036665333690848e-07
3610.0,2.0638218493708247,9.723573085914741e-05,5.036665622348835e-07
3611.0,2.0637076472603306,9.725857128125145e-05,5.036665884361469e-07
3612.0,2.0635934516018097,9.728141041296016e-05,5.036666110846966e-07
3613.0,2.0634792623949734,9.730424825433171e-05,5.036666324009786e-07
3614.0,2.0633650796395506,9.732708480542027e-05,5.036666523849931e-07
3615.0,2.0632509033352893,9.734992006627656e-05,5.036666728130967e-07
3616.0,2.063136733481949,9.737275403694843e-05,5.036666919089328e-07
3617.0,2.063022570079303,9.73955867174812e-05,5.036667096725012e-07
3618.0,2.0629084131271345,9.741841810791806e-05,5.036667252156235e-07
3619.0,2.062794262625238,9.744124820830037e-05,5.036667403146566e-07
3620.0,2.062680118573418,9.746407701866784e-05,5.036667576341358e-07
3621.0,2.062565980971478,9.74869045390588e-05,5.03666772733169e-07
3622.0,2.062451849819234,9.750973076951035e-05,5.036667860558453e-07
3623.0,2.0623377251165076,9.753255571005848e-05,5.036668007107892e-07
3624.0,2.0622236068631215,9.755537936073827e-05,5.036668135893763e-07
3625.0,2.0621094950589076,9.757820172158396e-05,5.03666827800231e-07
3626.0,2.0619953897036947,9.760102279262905e-05,5.036668406788181e-07
3627.0,2.0618812907973214,9.762384257390645e-05,5.036668544455836e-07
3628.0,2.061767198339625,9.764666106544847e-05,5.036668677682599e-07
3629.0,2.061653112330445,9.766947826728696e-05,5.03666880646847e-07
3630.0,2.061539032769624,9.769229417945333e-05,5.03666891304988e-07
3631.0,2.061424959657008,9.771510880197863e-05,5.036669015190398e-07
3632.0,2.0613108929924464,9.773792213489357e-05,5.036669148417161e-07
3633.0,2.0611968327757837,9.776073417822861e-05,5.03666927276214e-07
3634.0,2.061082779006869,9.778354493201398e-05,5.036669397107119e-07
3635.0,2.0609687316855525,9.780635439627969e-05,5.036669517011205e-07
3636.0,2.0608546908116847,9.78291625710556e-05,5.0366696324744e-07
3637.0,2.0607406563851165,9.785196945637146e-05,5.036669743496702e-07
3638.0,2.060626628405702,9.787477505225688e-05,5.036669872282573e-07
3639.0,2.0605126068732913,9.789757935874139e-05,5.036669987745768e-07
3640.0,2.0603985917877377,9.792038237585447e-05,5.036670107649854e-07
3641.0,2.0602845831488956,9.794318410362557e-05,5.036670240876617e-07
3642.0,2.0601705809566146,9.796598454208409e-05,5.036670356339812e-07
3643.0,2.0600565852107504,9.798878369125944e-05,5.036670480684791e-07
3644.0,2.0599425959111537,9.801158155118104e-05,5.036670596147985e-07
3645.0,2.0598286130576806,9.803437812187832e-05,5.036670729374748e-07
3646.0,2.059714636650181,9.805717340338078e-05,5.036670853719727e-07
3647.0,2.0596006666885076,9.807996739571793e-05,5.036670978064706e-07
3648.0,2.059486703172513,9.810276009891937e-05,5.036671102409684e-07
3649.0,2.0593727461020497,9.812555151301474e-05,5.036671240077339e-07
3650.0,2.059258795476966,9.814834163803379e-05,5.036671355540534e-07
3651.0,2.0591448512971158,9.817113047400633e-05,5.036671479885513e-07
3652.0,2.0590309135623492,9.819391802096227e-05,5.036671613112276e-07
3653.0,2.058916982272514,9.821670427893162e-05,5.03667172857547e-07
3654.0,2.058803057427462,9.823948924794452e-05,5.036671852920449e-07
3655.0,2.058689139027043,9.826227292803118e-05,5.036671995028996e-07
3656.0,2.0585752270710995,9.828505531922198e-05,5.036672101610407e-07
3657.0,2.0584613215594865,9.830783642154737e-05,5.036672239278062e-07
3658.0,2.0583474224920475,9.833061623503796e-05,5.036672381386609e-07
3659.0,2.058233529868627,9.835339475972449e-05,5.036672501290695e-07
3660.0,2.0581196436890625,9.837617199563777e-05,5.036672519054264e-07
3661.0,2.05800576382699,9.839894796806085e-05,5.036672949820797e-07
3662.0,2.057891890155855,9.842172270229876e-05,5.036673491609633e-07
3663.0,2.0577780226750715,9.844449619847037e-05,5.036674237679506e-07
3664.0,2.05766416138374,9.846726845675358e-05,5.036675085889897e-07
3665.0,2.0575503062808496,9.849003947734949e-05,5.036675978509209e-07
3666.0,2.0574364573653265,9.851280926047274e-05,5.036676906655657e-07
3667.0,2.057322614636053,9.853557780634702e-05,5.036677883651919e-07
3668.0,2.0572087780918724,9.855834511520258e-05,5.03667886064818e-07
3669.0,2.0570949477316125,9.858111118727462e-05,5.036679859848903e-07
3670.0,2.0569811235540767,9.860387602280213e-05,5.036680881254085e-07
3671.0,2.056867305558054,9.862663962202714e-05,5.036681902659268e-07
3672.0,2.0567534937423217,9.864940198519417e-05,5.036682932946235e-07
3673.0,2.056639688105649,9.867216311254979e-05,5.036683985437662e-07
3674.0,2.056525888646793,9.869492300434227e-05,5.036685051251766e-07
3675.0,2.0564120953644984,9.871768166082129e-05,5.03668605489338e-07
3676.0,2.056298308257523,9.874043908223774e-05,5.036687125148376e-07
3677.0,2.0561845273246,9.876319526884352e-05,5.036688182080695e-07
3678.0,2.0560707525644655,9.878595022089144e-05,5.036689234572123e-07
3679.0,2.055956983975854,9.880870393863505e-05,5.036690295945334e-07
3680.0,2.055843221557495,9.883145642232854e-05,5.036691379523006e-07
3681.0,2.05572946530811,9.885420767222668e-05,5.036692440896218e-07
3682.0,2.0556157152264274,9.887695768858468e-05,5.036693515592106e-07
3683.0,2.0555019713111675,9.88997064716582e-05,5.036694590287993e-07
3684.0,2.05538823356105,9.892245402170321e-05,5.036695664983881e-07
3685.0,2.0552745019747904,9.894520033897601e-05,5.036696708593524e-07
3686.0,2.055160776551114,9.896794542373313e-05,5.036697801052981e-07
3687.0,2.0550470572887303,9.899068927623136e-05,5.036698875748868e-07
3688.0,2.0549333441863578,9.901343189672763e-05,5.036699963767433e-07
3689.0,2.0548196372427068,9.903617328547906e-05,5.036701025140644e-07
3690.0,2.0547059364564944,9.905891344274286e-05,5.036702090954748e-07
3691.0,2.0545922418264366,9.908165236877635e-05,5.036703187855096e-07
3692.0,2.0544785533512417,9.91043900638369e-05,5.036704266991876e-07
3693.0,2.0543648710296254,9.912712652818195e-05,5.036705359451332e-07
3694.0,2.0542511948602953,9.9149861762069e-05,5.036706407501867e-07
3695.0,2.0541375248419707,9.91725957657555e-05,5.036707486638647e-07
3696.0,2.0540238609733614,9.919532853949898e-05,5.036708570216319e-07
3697.0,2.0539102032531797,9.921806008355692e-05,5.036709649353099e-07
3698.0,2.0537965516801377,9.924079039818677e-05,5.036710724048987e-07
3699.0,2.0536829062529494,9.926351948364596e-05,5.036711798744875e-07
3700.0,2.0535692669703263,9.928624734019189e-05,5.036712864558979e-07
3701.0,2.0534556338309837,9.930897396808188e-05,5.036713939254867e-07
3702.0,2.053342006833635,9.93316993675732e-05,5.036715018391646e-07
3703.0,2.0532283859769924,9.935442353892303e-05,5.036716079764858e-07
3704.0,2.053114771259773,9.937714648238851e-05,5.036717158901638e-07
3705.0,2.05300116268069,9.939986819822665e-05,5.036718238038418e-07
3706.0,2.0528875602384593,9.94225886866944e-05,5.036719317175198e-07
3707.0,2.052773963931796,9.944530794804859e-05,5.036720396311978e-07
3708.0,2.052660373759415,9.946802598254597e-05,5.036721453244297e-07
3709.0,2.0525467897200356,9.949074279044315e-05,5.036722519058401e-07
3710.0,2.0524332118123745,9.951345837199666e-05,5.036723584872504e-07
3711.0,2.052319640035152,9.95361727274629e-05,5.036724672891069e-07
3712.0,2.0522060743870814,9.955888585709815e-05,5.036725725382496e-07
3713.0,2.0520925148668856,9.958159776115856e-05,5.0367267911966e-07
3714.0,2.051978961473285,9.960430843990017e-05,5.036727865892487e-07
3715.0,2.051865414204998,9.962701789357887e-05,5.036728931706591e-07
3716.0,2.051751873060748,9.964972612245042e-05,5.036730006402479e-07
3717.0,2.0516383380392527,9.967243312677046e-05,5.036731054453014e-07
3718.0,2.0515248091392393,9.969513890679446e-05,5.036732120267118e-07
3719.0,2.0514112863594294,9.971784346277778e-05,5.036733190522114e-07
3720.0,2.0512977696992345,9.974054679497756e-05,5.036741228536812e-07
3721.0,2.0511842592554754,9.976324888379855e-05,5.036744687991757e-07
3722.0,2.0510707551257177,9.978594970979962e-05,5.036747166009548e-07
3723.0,2.050957257307357,9.980864927350945e-05,5.036749048947797e-07
3724.0,2.050843765798081,9.983134757540455e-05,5.03675104290835e-07
3725.0,2.0507302805955896,9.985404461593995e-05,5.036752899201247e-07
3726.0,2.0506168016976822,9.98767403955571e-05,5.03675468443987e-07
3727.0,2.0505033291022077,9.989943491468768e-05,5.036756465237602e-07
3728.0,2.050389862807039,9.99221281737561e-05,5.036758201626412e-07
3729.0,2.050276402810087,9.99448201731808e-05,5.036759915810762e-07
3730.0,2.050162949109285,9.996751091337533e-05,5.03676162555422e-07
3731.0,2.050049501702585,9.999020039474894e-05,5.036763299770541e-07
3732.0,2.049936060587962,0.00010001288861770719,5.036764982868647e-07
3733.0,2.0498226257634,0.00010003557558265235,5.036766625998723e-07
3734.0,2.0497091972269064,0.00010005826128998385,5.036768260247015e-07
3735.0,2.0495957749764964,0.00010008094574009849,5.036769894495308e-07
3736.0,2.0494823590101974,0.00010010362893339068,5.036771510980032e-07
3737.0,2.0493689493260487,0.00010012631087025262,5.036773123023863e-07
3738.0,2.0492555459221014,0.00010014899155107449,5.036774743949479e-07
3739.0,2.0491421487964105,0.00010017167097624454,5.036776338229743e-07
3740.0,2.049028757947047,0.00010019434914614923,5.03677794139179e-07
3741.0,2.0489153733720857,0.00010021702606117337,5.036779531231161e-07
3742.0,2.0488019950696095,0.00010023970172170018,5.036781112188748e-07
3743.0,2.0486886230377075,0.00010026237612811143,5.036782653178307e-07
3744.0,2.0485752572744844,0.00010028504928078744,5.036784220813217e-07
3745.0,2.048461897778042,0.00010030772118010724,5.036785788448128e-07
3746.0,2.048348544546491,0.00010033039182644851,5.036787338319471e-07
3747.0,2.04823519757795,0.00010035306122018775,5.036788892631705e-07
3748.0,2.048121856870543,0.00010037572936170027,5.036790451384832e-07
3749.0,2.0480085224224003,0.0001003983962513602,5.036792019019742e-07
3750.0,2.047895194231652,0.0001004210618895406,5.036793555568408e-07
3751.0,2.0477818722964427,0.00010044372627661349,5.036795109880643e-07
3752.0,2.047668556614913,0.00010046638941294981,5.036796628665741e-07
3753.0,2.0475552471852176,0.00010048905129891957,5.036798160773515e-07
3754.0,2.047441944005509,0.00010051171193489179,5.036799683999504e-07
3755.0,2.0473286470739467,0.00010053437132123457,5.036801202784602e-07
3756.0,2.047215356388697,0.00010055702945831511,5.036802730451484e-07
3757.0,2.0471020719479243,0.00010057968634649972,5.036804235913905e-07
3758.0,2.0469887937498075,0.00010060234198615386,5.036805772462571e-07
3759.0,2.046875521792516,0.00010062499637764214,5.036807269043209e-07
3760.0,2.0467622560742345,0.00010064764952132838,5.036808770064738e-07
3761.0,2.046648996593151,0.00010067030141757556,5.036810293290728e-07
3762.0,2.046535743347448,0.00010069295206674593,5.036811780989581e-07
3763.0,2.0464224963353237,0.00010071560146920096,5.036813290892894e-07
3764.0,2.046309255554973,0.00010073824962530134,5.0368148052371e-07
3765.0,2.046196021004591,0.00010076089653540709,5.036816270731492e-07
3766.0,2.0460827926823897,0.00010078354219987746,5.036817776193914e-07
3767.0,2.0459695705865713,0.00010080618661907101,5.036819268333659e-07
3768.0,2.045856354715346,0.00010082882979334564,5.03682075159162e-07
3769.0,2.04574314506693,0.00010085147172305854,5.036822230408688e-07
3770.0,2.045629941639538,0.00010087411240856624,5.036823695903081e-07
3771.0,2.045516744431394,0.00010089675185022463,5.03682517472015e-07
3772.0,2.0454035534407207,0.00010091939004838895,5.036826657978111e-07
3773.0,2.045290368665744,0.00010094202700341378,5.03682813679518e-07
3774.0,2.0451771901046945,0.00010096466271565314,5.036829606730464e-07
3775.0,2.045064017755805,0.00010098729718546036,5.036831072224857e-07
3776.0,2.0449508516173114,0.00010100993041318822,5.036832528837465e-07
3777.0,2.0448376916874555,0.00010103256239918888,5.036834003213642e-07
3778.0,2.0447245379644765,0.00010105519314381392,5.036835468708034e-07
3779.0,2.04461139044662,0.00010107782264741434,5.036836925320642e-07
3780.0,2.0444982491320327,0.00010110045091034001,5.036837333882715e-07
3781.0,2.044385113807277,0.0001011230779752512,5.036835335481271e-07
3782.0,2.044271984261342,0.00010114570388440902,5.036833878868663e-07
3783.0,2.04415886049606,0.00010116832863744423,5.036832817495451e-07
3784.0,2.0440457425127097,0.0001011909522340966,5.036831933757924e-07
3785.0,2.043932630312359,0.00010121357467415202,5.036831196569835e-07
3786.0,2.0438195238959245,0.00010123619595742556,5.036830530436021e-07
3787.0,2.0437064232642257,0.0001012588160837528,5.036829904270235e-07
3788.0,2.043593328418008,0.00010128143505298521,5.03682934471783e-07
3789.0,2.0434802393579496,0.0001013040528649869,5.036828847337915e-07
3790.0,2.0433671560846736,0.00010132666951963248,5.036828363280677e-07
3791.0,2.043254078598764,0.00010134928501680537,5.036827914750575e-07
3792.0,2.0431410069007656,0.00010137189935639666,5.036827492865825e-07
3793.0,2.0430279409911907,0.00010139451253830418,5.036827119830889e-07
3794.0,2.0429148808705144,0.00010141712456243173,5.036826737914168e-07
3795.0,2.042801826539195,0.00010143973542868846,5.036826382642801e-07
3796.0,2.042688777997664,0.00010146234513698832,5.03682606289857e-07
3797.0,2.0425757352463263,0.00010148495368724966,5.036825752036123e-07
3798.0,2.0424626982855707,0.00010150756107939488,5.036825458937244e-07
3799.0,2.0423496671157637,0.00010153016731335009,5.036825148074797e-07
3800.0,2.042236641737264,0.0001015527723890449,5.036824890503055e-07
3801.0,2.0421236221504016,0.00010157537630641211,5.036824628490422e-07
3802.0,2.042010608355502,0.00010159797906538752,5.036824402004925e-07
3803.0,2.0418976003528657,0.0001016205806659097,5.036824148874075e-07
3804.0,2.0417845981427925,0.00010164318110791991,5.03682392682947e-07
3805.0,2.0416716017255605,0.00010166578039136188,5.036823704784865e-07
3806.0,2.0415586111014408,0.0001016883785161817,5.036823496062937e-07
3807.0,2.0414456262706913,0.00010171097548232771,5.036823305104576e-07
3808.0,2.041332647233558,0.00010173357128975037,5.036823105264432e-07
3809.0,2.0412196739902817,0.00010175616593840216,5.03682293206964e-07
3810.0,2.0411067065410897,0.00010177875942823751,5.036822776638417e-07
3811.0,2.040993744886196,0.0001018013517592127,5.036822603443625e-07
3812.0,2.040880789025817,0.00010182394293128572,5.03682246577597e-07
3813.0,2.0407678389601474,0.00010184653294441629,5.036822292581178e-07
3814.0,2.0406548946893874,0.00010186912179856572,5.036822163795307e-07
3815.0,2.040541956213718,0.00010189170949369691,5.036822030568544e-07
3816.0,2.040429023533318,0.00010191429602977423,5.036821897341781e-07
3817.0,2.0403160966483567,0.00010193688140676353,5.03682174635145e-07
3818.0,2.040203175559004,0.00010195946562463202,5.036821648651824e-07
3819.0,2.04009026026541,0.00010198204868334829,5.036821519865953e-07
3820.0,2.0399773507677303,0.00010200463058288218,5.036821417725434e-07
3821.0,2.0398644470661065,0.00010202721132320486,5.036821311144024e-07
3822.0,2.039751549160676,0.00010204979090428865,5.03682119568083e-07
3823.0,2.039638657051574,0.00010207236932610709,5.036821102422095e-07
3824.0,2.0395257707389263,0.00010209494658863483,5.036821009163361e-07
3825.0,2.039412890222853,0.00010211752269184766,5.036820920345519e-07
3826.0,2.0393000155034704,0.00010214009763572242,5.036820831527677e-07
3827.0,2.039187146580889,0.000102162671420237,5.036820742709835e-07
3828.0,2.0390742834552156,0.00010218524404537031,5.036820676096454e-07
3829.0,2.038961426126549,0.00010220781551110226,5.036820609483073e-07
3830.0,2.038848574594984,0.0001022303858174137,5.036820529547015e-07
3831.0,2.038735728860614,0.00010225295496428645,5.036820467374525e-07
3832.0,2.038622888923524,0.00010227552295170321,5.036820405202036e-07
3833.0,2.0385100547837958,0.00010229808977964761,5.036820343029547e-07
3834.0,2.0383972264415076,0.0001023206554481041,5.036820285297949e-07
3835.0,2.038284403896731,0.00010234321995705801,5.036820218684568e-07
3836.0,2.038171587149539,0.0001023657833064955,5.036820169834755e-07
3837.0,2.038058776199993,0.00010238834549640352,5.036820112103157e-07
3838.0,2.0379459710481576,0.00010241090652676982,5.036820072135129e-07
3839.0,2.0378331716940874,0.00010243346639758292,5.036820023285316e-07
3840.0,2.0377203781381508,0.000102456025108833,5.036823162996029e-07
3841.0,2.03760759045956,0.00010247858264462012,5.036826609128298e-07
3842.0,2.037494808736618,0.00010250113898914844,5.036823607085239e-07
3843.0,2.037382032969467,0.0001025236941425889,5.036824122228722e-07
3844.0,2.037269263157076,0.00010254624810507329,5.036824428650277e-07
3845.0,2.0371564992989066,0.00010256880087671716,5.036824930471084e-07
3846.0,2.037043741394408,0.00010259135245762634,5.036825401205647e-07
3847.0,2.0369309894430843,0.00010261390284789995,5.036825845294857e-07
3848.0,2.036818243444459,0.00010263645204763222,5.036826205007117e-07
3849.0,2.0367055033980845,0.00010265900005691367,5.036826533633132e-07
3850.0,2.036592769303529,0.00010268154687583188,5.0368268889045e-07
3851.0,2.036480041160361,0.00010270409250447206,5.036827217530515e-07
3852.0,2.0363673189681673,0.00010272663694291741,5.036827550597422e-07
3853.0,2.0362546027265425,0.0001027491801912494,5.036827901427898e-07
3854.0,2.03614189243508,0.00010277172224954803,5.036828203408561e-07
3855.0,2.0360291880933916,0.00010279426311789205,5.036828523152792e-07
3856.0,2.035916489701086,0.00010281680279635913,5.036828825133455e-07
3857.0,2.035803797257781,0.00010283934128502609,5.036829122673225e-07
3858.0,2.035691110763094,0.00010286187858396889,5.036829393567643e-07
3859.0,2.0355784302166557,0.00010288441469326283,5.03682970443009e-07
3860.0,2.035465755618084,0.00010290694961298259,5.036829975324508e-07
3861.0,2.0353530869670133,0.00010292948334320228,5.03683025510071e-07
3862.0,2.035240424263078,0.00010295201588399555,5.036830561522265e-07
3863.0,2.035127767505908,0.00010297454723543555,5.036830863502928e-07
3864.0,2.0350151166951407,0.00010299707739759508,5.036831165483591e-07
3865.0,2.0349024718304136,0.00010301960637054657,5.036831471905145e-07
3866.0,2.034789832911364,0.00010304213415436219,5.03683175612224e-07
3867.0,2.034677199937634,0.00010306466074911378,5.03683203145755e-07
3868.0,2.034564572908869,0.00010308718615487298,5.036832342319997e-07
3869.0,2.034451951824705,0.00010310971037171123,5.036832617655307e-07
3870.0,2.0343393366847917,0.00010313223339969976,5.036832910754185e-07
3871.0,2.0342267274887713,0.00010315475523890963,5.036833199412172e-07
3872.0,2.0341141242362877,0.00010317727588941178,5.03683347030659e-07
3873.0,2.034001526926991,0.00010319979535127703,5.036833763405468e-07
3874.0,2.0338889355605247,0.00010322231362457604,5.036834056504347e-07
3875.0,2.033776350136539,0.00010324483070937941,5.036834367366794e-07
3876.0,2.0336637706546763,0.00010326734660575764,5.036834651583888e-07
3877.0,2.0335511971145874,0.00010328986131378118,5.036834940241874e-07
3878.0,2.0334386295159197,0.00010331237483352039,5.036835220018077e-07
3879.0,2.0333260678583227,0.00010333488716504559,5.036835513116955e-07
3880.0,2.033213512141445,0.00010335739830842707,5.036835810656726e-07
3881.0,2.033100962364935,0.00010337990826373508,5.036836108196496e-07
3882.0,2.0329884185284395,0.00010340241703103985,5.036836392413591e-07
3883.0,2.0328758806316096,0.0001034249246104116,5.036836681071577e-07
3884.0,2.032763348674093,0.00010344743100192053,5.036836960847779e-07
3885.0,2.0326508226555404,0.00010346993620563684,5.036837253946658e-07
3886.0,2.0325383025756008,0.00010349244022163073,5.036837551486428e-07
3887.0,2.032425788433922,0.00010351494304997242,5.036837849026199e-07
3888.0,2.0323132802301527,0.00010353744469073212,5.036838137684185e-07
3889.0,2.032200777963942,0.00010355994514398008,5.036838430783064e-07
3890.0,2.0320882816349397,0.00010358244440978656,5.036838728322834e-07
3891.0,2.031975791242791,0.00010360494248822185,5.036839008099037e-07
3892.0,2.0318633067871494,0.00010362743937935625,5.036839314520591e-07
3893.0,2.031750828267658,0.00010364993508326014,5.036839594296794e-07
3894.0,2.031638355683969,0.00010367242960000388,5.036839891836564e-07
3895.0,2.031525889035727,0.0001036949229296579,5.036840171612766e-07
3896.0,2.0314134283225838,0.00010371741507229264,5.036840478034321e-07
3897.0,2.0313009735441834,0.00010373990602797863,5.0368407711332e-07
3898.0,2.031188524700173,0.0001037623957967864,5.036841055350294e-07
3899.0,2.031076081790204,0.00010378488437878656,5.036841375094525e-07
3900.0,2.0309636448143427,0.00010380737177405103,5.036845984740523e-07
3901.0,2.030851213870514,0.00010382985796279372,5.036844830108578e-07
3902.0,2.0307387890576862,0.00010385234292537136,5.036845434069903e-07
3903.0,2.0306263703741445,0.00010387482666210519,5.036846713046828e-07
3904.0,2.0305139578184397,0.00010389730917326536,5.036847672279521e-07
3905.0,2.0304015513893616,0.00010391979045910111,5.036848675921135e-07
3906.0,2.0302891510857197,0.00010394227051984866,5.036849635153828e-07
3907.0,2.0301767569063816,0.00010396474935573497,5.036850567741169e-07
3908.0,2.0300643688502453,0.00010398722696698007,5.036851464801373e-07
3909.0,2.029951986916239,0.00010400970335379849,5.036852321893548e-07
3910.0,2.029839611103314,0.00010403217851640021,5.036853156781262e-07
3911.0,2.029727241410444,0.00010405465245499135,5.036854013873437e-07
3912.0,2.029614877836611,0.00010407712516977466,5.036854848761152e-07
3913.0,2.0295025203808144,0.00010409959666094998,5.03685564812173e-07
3914.0,2.0293901690420704,0.00010412206692871461,5.036856438600523e-07
3915.0,2.029277823819403,0.00010414453597326357,5.036857211315748e-07
3916.0,2.02916548471185,0.00010416700379478987,5.036858001794542e-07
3917.0,2.0290531517184527,0.00010418947039348466,5.036858765627983e-07
3918.0,2.0289408248382674,0.00010421193576953735,5.036859547224992e-07
3919.0,2.0288285040703533,0.00010423439992313578,5.036860328822002e-07
3920.0,2.028716189413776,0.00010425686285446633,5.036861083773658e-07
3921.0,2.028603880867615,0.00010427932456371404,5.036861856488883e-07
3922.0,2.028491578430946,0.00010430178505106267,5.036862602558756e-07
3923.0,2.0283792821028586,0.00010432424431669483,5.03686333086506e-07
3924.0,2.028266991882446,0.00010434670236079205,5.036864068053148e-07
3925.0,2.0281547077688042,0.0001043691591835348,5.036864787477668e-07
3926.0,2.0280424297610384,0.00010439161478510262,5.036865520224865e-07
3927.0,2.027930157858253,0.0001044140691656741,5.036866244090277e-07
3928.0,2.0278178920595615,0.00010443652232542697,5.036866972396581e-07
3929.0,2.027705632364077,0.00010445897426453811,5.036867682939317e-07
3930.0,2.0275933787709235,0.00010448142498318362,5.036868420127405e-07
3931.0,2.0274811312792194,0.00010450387448153883,5.036869139551925e-07
3932.0,2.027368889888094,0.00010452632275977837,5.036869863417337e-07
3933.0,2.0272566545966777,0.00010454876981807618,5.036870591723641e-07
3934.0,2.027144425404101,0.0001045712156566055,5.036871293384593e-07
3935.0,2.0270322023095058,0.00010459366027553899,5.036872012809113e-07
3936.0,2.0269199853120274,0.00010461610367504868,5.036872714470064e-07
3937.0,2.0268077744108095,0.000104638545855306,5.03687340280834e-07
3938.0,2.0266955696050024,0.00010466098681648183,5.036874122232859e-07
3939.0,2.0265833708937477,0.00010468342655874652,5.036874810571135e-07
3940.0,2.026471178276203,0.00010470586508226988,5.036875529995655e-07
3941.0,2.026358991751517,0.00010472830238722122,5.036876236097498e-07
3942.0,2.0262468113188437,0.00010475073847376936,5.036876911113097e-07
3943.0,2.026134636977349,0.00010477317334208264,5.036877626096725e-07
3944.0,2.0260224687261865,0.00010479560699232895,5.036878318875893e-07
3945.0,2.025910306564521,0.00010481803942467571,5.036879002773276e-07
3946.0,2.0257981504915206,0.00010484047063928994,5.036879708875119e-07
3947.0,2.025686000506348,0.00010486290063633824,5.036880401654287e-07
3948.0,2.025573856608174,0.00010488532941598677,5.036881081110778e-07
3949.0,2.0254617187961688,0.00010490775697840133,5.036881760567269e-07
3950.0,2.025349587069509,0.0001049301833237473,5.036882457787328e-07
3951.0,2.025237461427366,0.00010495260845218972,5.036883150566496e-07
3952.0,2.025125341868915,0.00010497503236389325,5.036883821141203e-07
3953.0,2.02501322839334,0.00010499745505902219,5.036884518361262e-07
3954.0,2.024901120999814,0.00010501987653774048,5.036885171172401e-07
3955.0,2.024789019687525,0.00010504229680021176,5.036885846188e-07
3956.0,2.024676924455655,0.0001050647158465993,5.036886521203598e-07
3957.0,2.024564835303391,0.00010508713367706609,5.03688722286455e-07
3958.0,2.0244527522299145,0.00010510955029177474,5.036887888998365e-07
3959.0,2.0243406752343436,0.00010513196569088749,5.036887817944091e-07
3960.0,2.024228604313808,0.00010515437987456299,5.036866235208493e-07
3961.0,2.024116539279778,0.00010517679288132136,5.036863854890328e-07
3962.0,2.0240044799394776,0.00010519920474934626,5.036862096297057e-07
3963.0,2.023892426295104,0.00010522161547819272,5.036860684093369e-07
3964.0,2.0237803783483685,0.00010524402506751463,5.036859422880013e-07
3965.0,2.023668336100789,0.0001052664335170073,5.036858259366284e-07
3966.0,2.023556299553758,0.00010528884082639188,5.036857180229504e-07
3967.0,2.023444268708577,0.00010531124699540802,5.036856181028782e-07
3968.0,2.0233322435664713,0.00010533365202380957,5.036855195150736e-07
3969.0,2.0232202241286195,0.00010535605591136161,5.036854280326963e-07
3970.0,2.0231082103961437,0.00010537845865783859,5.036853374384975e-07
3971.0,2.0229962023701336,0.00010540086026302293,5.036852486206556e-07
3972.0,2.0228842000516467,0.00010542326072670396,5.036851669082409e-07
3973.0,2.0227722034416984,0.00010544566004867706,5.036850843076479e-07
3974.0,2.0226602125412905,0.00010546805822874291,5.036850057038578e-07
3975.0,2.022548227351392,0.00010549045526670703,5.036849275441568e-07
3976.0,2.0224362478729523,0.0001055128511623793,5.036848493844559e-07
3977.0,2.022324274106904,0.00010553524591557359,5.036847725570226e-07
3978.0,2.022212306054162,0.00010555763952610748,5.036847001704814e-07
3979.0,2.022100343715615,0.00010558003199380191,5.036846251194049e-07
3980.0,2.0219883870921533,0.00010560242331848097,5.036845589501127e-07
3981.0,2.0218764361846286,0.00010562481349997165,5.036844874517499e-07
3982.0,2.021764490993899,0.0001056472025381037,5.036844181738331e-07
3983.0,2.0216525515208033,0.00010566959043270946,5.036843511163624e-07
3984.0,2.0215406177661652,0.00010569197718362368,5.036842840588918e-07
3985.0,2.0214286897307985,0.00010571436279068345,5.036842165573319e-07
3986.0,2.02131676741551,0.00010573674725372804,5.036841508321288e-07
3987.0,2.0212048508210927,0.00010575913057259881,5.036840873273718e-07
3988.0,2.021092939948329,0.00010578151274713908,5.036840247107932e-07
3989.0,2.020981034797991,0.00010580389377719405,5.036839616501254e-07
3990.0,2.0208691353708454,0.00010582627366261075,5.036838999217252e-07
3991.0,2.020757241667649,0.0001058486524032379,5.036838390815035e-07
3992.0,2.0206453536891495,0.00010587102999892591,5.036837795735494e-07
3993.0,2.020533471436085,0.00010589340644952678,5.03683719621506e-07
3994.0,2.020421594909188,0.00010591578175489405,5.036836587812843e-07
3995.0,2.020309724109186,0.00010593815591488273,5.036836001615086e-07
3996.0,2.020197859036794,0.00010596052892934929,5.036835410976437e-07
3997.0,2.020085999692725,0.00010598290079815157,5.036834833660464e-07
3998.0,2.0199741460776828,0.00010600527152114873,5.036834269667168e-07
3999.0,2.0198622981923635,0.00010602764109820125,5.036833701232979e-07
4000.0,2.019750456037459,0.00010605000952917087,5.036833141680574e-07
4001.0,2.019638619613655,0.00010607237681392052,5.03683258212817e-07
4002.0,2.0195267889216293,0.00010609474295231431,5.036832013693981e-07
4003.0,2.0194149639620607,0.00010611710794421753,5.036831489668714e-07
4004.0,2.019303144735609,0.00010613947178949656,5.036830925675417e-07
4005.0,2.0191913312429435,0.00010616183448801888,5.036830383886581e-07
4006.0,2.019079523484721,0.00010618419603965302,5.036829864302206e-07
4007.0,2.0189677214615895,0.00010620655644426856,5.036829331395154e-07
4008.0,2.018855925174199,0.00010622891570173608,5.036828798488102e-07
4009.0,2.018744134623189,0.00010625127381192713,5.036828252258374e-07
4010.0,2.0186323498092027,0.00010627363077471426,5.036827745996675e-07
4011.0,2.0185205707328655,0.0001062959865899709,5.036827208648731e-07
4012.0,2.0184087973948115,0.00010631834125757146,5.036826693505247e-07
4013.0,2.018297029795662,0.00010634069477739118,5.036826182802656e-07
4014.0,2.0181852679360346,0.00010636304714930623,5.036825663218281e-07
4015.0,2.018073511816548,0.00010638539837319362,5.036825165838366e-07
4016.0,2.0179617614378076,0.00010640774844893121,5.036824641813098e-07
4017.0,2.0178500168004256,0.00010643009737639767,5.036824144433183e-07
4018.0,2.0177382779050017,0.0001064524451554725,5.036823647053268e-07
4019.0,2.017626544752134,0.00010647479178603598,5.036823145232461e-07
4020.0,2.0175148173428266,0.00010649713726796993,5.036826769000413e-07
4021.0,2.0174030957489397,0.00010651948158657208,5.036818007120303e-07
4022.0,2.017291380045762,0.00010654182472720293,5.036817776193914e-07
4023.0,2.0171796702324913,0.00010656416668984384,5.036817110060099e-07
4024.0,2.0170679663094875,0.00010658650747444034,5.036816896897278e-07
4025.0,2.016956268277049,0.00010660884708092425,5.03681671037981e-07
4026.0,2.016844576135544,0.00010663118550921911,5.036816399517363e-07
4027.0,2.0167328898853905,0.00010665352275924323,5.036816070891348e-07
4028.0,2.0166212095270164,0.00010667585883091096,5.03681571561998e-07
4029.0,2.016509535060867,0.00010669819372413366,5.03681535590772e-07
4030.0,2.016397866487398,0.00010672052743882032,5.036815000636352e-07
4031.0,2.016286203807069,0.00010674285997487823,5.036814605396955e-07
4032.0,2.016174547020351,0.00010676519133221336,5.036814187953098e-07
4033.0,2.0160628961277243,0.00010678752151073052,5.036813774950133e-07
4034.0,2.015951251129665,0.00010680985051033366,5.036813335301815e-07
4035.0,2.0158396120266624,0.00010683217833092596,5.036812926739742e-07
4036.0,2.0157279788191995,0.00010685450497241003,5.036812500414101e-07
4037.0,2.0156163515077696,0.00010687683043468792,5.036812100733812e-07
4038.0,2.015504730092862,0.00010689915471766132,5.036811692171739e-07
4039.0,2.0153931145749664,0.0001069214778212316,5.036811248082529e-07
4040.0,2.015281504954585,0.00010694379974529985,5.03681084840224e-07
4041.0,2.015169901232207,0.00010696612048976701,5.036810426517491e-07
4042.0,2.0150583034083303,0.00010698844005453392,5.036810004632741e-07
4043.0,2.0149467114834487,0.00010701075843950133,5.036809560543531e-07
4044.0,2.0148351254580614,0.00010703307564456992,5.036809116454322e-07
4045.0,2.0147235453326675,0.00010705539166964042,5.036808703451356e-07
4046.0,2.0146119711077572,0.00010707770651461356,5.036808254921255e-07
4047.0,2.0145004027838342,0.00010710002017939009,5.036807855240966e-07
4048.0,2.0143888403613888,0.00010712233266387085,5.036807437797108e-07
4049.0,2.014277283840918,0.00010714464396795676,5.036807024794143e-07
4050.0,2.014165733222916,0.00010716695409154885,5.036806607350286e-07
4051.0,2.014054188507877,0.00010718926303454826,5.036806189906429e-07
4052.0,2.0139426496962947,0.0001072115707968563,5.036805768021679e-07
4053.0,2.013831116788665,0.0001072338773783744,5.036805377223175e-07
4054.0,2.0137195897854747,0.00010725618277900416,5.036804959779317e-07
4055.0,2.013608068687216,0.00010727848699864738,5.036804533453676e-07
4056.0,2.013496553494382,0.00010730079003720603,5.036804124891603e-07
4057.0,2.0133850442074617,0.00010732309189458226,5.036803734093098e-07
4058.0,2.0132735408269395,0.00010734539257067846,5.036803325531025e-07
4059.0,2.0131620433533044,0.00010736769206539718,5.036802908087168e-07
4060.0,2.013050551787045,0.00010738999037864121,5.036802517288663e-07
4061.0,2.012939066128641,0.00010741228751031355,5.036802095403914e-07
4062.0,2.012827586378584,0.00010743458346031743,5.036801717928086e-07
4063.0,2.012716112537345,0.00010745687822855631,5.036801269397984e-07
4064.0,2.0126046446054193,0.00010747917181493387,5.036800891922155e-07
4065.0,2.0124931825832784,0.00010750146421935404,5.036800492241866e-07
4066.0,2.0123817264714026,0.00010752375544172099,5.036800083679793e-07
4067.0,2.012270276270274,0.00010754604548193911,5.036799701763073e-07
4068.0,2.0121588319803636,0.00010756833433991307,5.036799293201e-07
4069.0,2.012047393602151,0.00010759062201554776,5.036798902402495e-07
4070.0,2.0119359611361083,0.00010761290850874833,5.036798502722206e-07
4071.0,2.01182453458271,0.00010763519381942018,5.036798111923702e-07
4072.0,2.0117131139424274,0.00010765747794746896,5.036797730006981e-07
4073.0,2.011601699215729,0.00010767976089280057,5.0367973258858e-07
4074.0,2.0114902904030876,0.00010770204265532119,5.036796939528188e-07
4075.0,2.0113788875049696,0.00010772432323493722,5.036796562052359e-07
4076.0,2.0112674905218397,0.00010774660263155533,5.036796171253854e-07
4077.0,2.0111560994541646,0.00010776888084508246,5.036795776014458e-07
4078.0,2.011044714302408,0.00010779115787542581,5.036795376334169e-07
4079.0,2.0109333350670346,0.00010781343372249281,5.036794994417448e-07
4080.0,2.010821961748599,0.0001078357083861917,5.036795580615205e-07
4081.0,2.0107105944793773,0.00010785798184010472,5.036799013424798e-07
4082.0,2.0105992333887373,0.00010788025405829945,5.036802348534763e-07
4083.0,2.0104878784725346,0.00010790252504160278,5.036805492686369e-07
4084.0,2.010376529727007,0.00010792479479076833,5.036808494729428e-07
4085.0,2.010265187148555,0.00010794706330651671,5.036811390191076e-07
4086.0,2.0101538507336882,0.00010796933058954673,5.036814223480235e-07
4087.0,2.010042520478996,0.00010799159664054104,5.036817016801365e-07
4088.0,2.0099311963811277,0.00010801386146016945,5.03681975683179e-07
4089.0,2.00981987843679,0.00010803612504909108,5.036822461335078e-07
4090.0,2.0097085666427326,0.00010805838740795603,5.036825134752121e-07
4091.0,2.0095972609957453,0.00010808064853740639,5.03682777708292e-07
4092.0,2.009485961492652,0.00010810290843807718,5.036830383886581e-07
4093.0,2.0093746681303113,0.00010812516711059705,5.036832972926675e-07
4094.0,2.0092633809056086,0.00010814742455558887,5.036835535321416e-07
4095.0,2.0091520998154575,0.0001081696807736702,5.036838088834372e-07
4096.0,2.009040824856794,0.00010819193576545364,5.036840629024653e-07
4097.0,2.008929556026578,0.00010821418953154721,5.03684314256958e-07
4098.0,2.0088182933217906,0.00010823644207255464,5.036845642791832e-07
4099.0,2.008707036739432,0.0001082586933890756,5.036848107486946e-07
4100.0,2.0085957862765267,0.00010828094348170598,5.036850572182061e-07
4101.0,2.0084845419301125,0.00010830319235103802,5.036853032436284e-07
4102.0,2.008373303697242,0.00010832543999766053,5.036855452722477e-07
4103.0,2.0082620715749915,0.00010834768642215905,5.036857873008671e-07
4104.0,2.0081508455604498,0.00010836993162511594,5.036860302176649e-07
4105.0,2.008039625650714,0.00010839217560711059,5.03686267361303e-07
4106.0,2.007928411842909,0.00010841441836871949,5.036865067253871e-07
4107.0,2.0078172041341618,0.00010843665991051636,5.036867443131143e-07
4108.0,2.0077060025216205,0.00010845890023307222,5.036869823449308e-07
4109.0,2.0075948070024374,0.00010848113933695554,5.036872159358552e-07
4110.0,2.0074836175737887,0.00010850337722273226,5.03687450414958e-07
4111.0,2.0073724342328525,0.00010852561389096592,5.036876826736147e-07
4112.0,2.007261256976827,0.00010854784934221768,5.036879162645391e-07
4113.0,2.007150085802913,0.00010857008357704646,5.036881458586606e-07
4114.0,2.0070389207083315,0.00010859231659600895,5.036883767850497e-07
4115.0,2.0069277616903065,0.00010861454839965971,5.036886054909928e-07
4116.0,2.00681660874608,0.00010863677898855118,5.036888364173819e-07
4117.0,2.0067054618728934,0.00010865900836323376,5.03689062902879e-07
4118.0,2.00659432106801,0.0001086812365242559,5.036892902765544e-07
4119.0,2.006483186328697,0.00010870346347216405,5.036895180943191e-07
4120.0,2.00637205765223,0.00010872568920750284,5.036897445798161e-07
4121.0,2.0062609350358933,0.00010874791373081498,5.036899688448671e-07
4122.0,2.0061498184769846,0.0001087701370426414,5.036901922217396e-07
4123.0,2.0060387079728077,0.00010879235914352126,5.036904147104337e-07
4124.0,2.005927603520678,0.00010881458003399198,5.036906385313955e-07
4125.0,2.005816505117915,0.00010883679971458928,5.036908619082681e-07
4126.0,2.005705412761846,0.00010885901818584722,5.036910826206054e-07
4127.0,2.005594326449813,0.0001088812354482982,5.036913042211211e-07
4128.0,2.0054832461791583,0.00010890345150247307,5.036915244893692e-07
4129.0,2.0053721719472386,0.00010892566634890106,5.036917447576172e-07
4130.0,2.0052611037514128,0.00010894787998810987,5.036919628054193e-07
4131.0,2.005150041589053,0.00010897009242062569,5.036921821854889e-07
4132.0,2.005038985457535,0.00010899230364697321,5.036924015655586e-07
4133.0,2.0049279353542406,0.00010901451366767567,5.036926196133606e-07
4134.0,2.0048168912765596,0.00010903672248325485,5.036928345525382e-07
4135.0,2.0047058532218953,0.00010905893009423112,5.036930512680726e-07
4136.0,2.004594821187648,0.00010908113650112347,5.036932662072502e-07
4137.0,2.004483795171235,0.00010910334170444949,5.036934829227846e-07
4138.0,2.00437277517007,0.00010912554570472542,5.036936978619622e-07
4139.0,2.0042617611815805,0.0001091477485024662,5.036939119129613e-07
4140.0,2.004150753202999,0.00010916995009818446,5.036939221270131e-07
4141.0,2.0040397511132975,0.00010919215051607941,5.036936951974269e-07
4142.0,2.003928754794062,0.00010921434977989961,5.036935606383963e-07
4143.0,2.0038177642469353,0.00010923654788930205,5.036934460633802e-07
4144.0,2.0037067794732986,0.00010925874484400886,5.036933434787727e-07
4145.0,2.0035958004743915,0.00010928094064377114,5.036932475555034e-07
4146.0,2.003484827251363,0.00010930313528835877,5.036931569613046e-07
4147.0,2.0033738598052957,0.0001093253287775554,5.036930734725331e-07
4148.0,2.0032628981372134,0.00010934752111115542,5.036929908719401e-07
4149.0,2.003151942248102,0.00010936971228896205,5.036929127122391e-07
4150.0,2.0030409921389065,0.00010939190231078595,5.036928367729843e-07
4151.0,2.002930047810542,0.00010941409117644413,5.036927630541754e-07
4152.0,2.002819109263896,0.00010943627888575919,5.036926924439911e-07
4153.0,2.002708176499828,0.00010945846543855873,5.036926222778959e-07
4154.0,2.0025972495191797,0.00010948065083467482,5.036925543322468e-07
4155.0,2.002486328322769,0.00010950283507394358,5.036924877188653e-07
4156.0,2.0023754129113978,0.00010952501815620482,5.036924224377515e-07
4157.0,2.0022645032858493,0.00010954720008130172,5.036923584889053e-07
4158.0,2.0021535994468924,0.00010956938084908067,5.036922963164159e-07
4159.0,2.002042701395279,0.00010959156045939095,5.036922341439265e-07
4160.0,2.0019318091317526,0.00010961373891208459,5.036921764123292e-07
4161.0,2.001820922657035,0.00010963591620701617,5.036921164602859e-07
4162.0,2.001710041971844,0.00010965809234404266,5.036920578405102e-07
4163.0,2.0015991670768836,0.00010968026732302333,5.036920005530021e-07
4164.0,2.001488297972845,0.00010970244114381957,5.036919437095833e-07
4165.0,2.0013774346604123,0.00010972461380629482,5.036918868661644e-07
4166.0,2.001266577140261,0.00010974678531031449,5.036918340195484e-07
4167.0,2.001155725413049,0.00010976895565574579,5.036917785083972e-07
4168.0,2.0010448794794375,0.00010979112484245772,5.036917269940488e-07
4169.0,2.000934039340068,0.00010981329287032096,5.036916737033437e-07
4170.0,2.0008232049955827,0.00010983545973920777,5.036916221889953e-07
4171.0,2.0007123764466095,0.00010985762544899201,5.036915702305578e-07
4172.0,2.000601553693774,0.00010987978999954898,5.036915196043878e-07
4173.0,2.000490736737692,0.00010990195339075545,5.036914698663963e-07
4174.0,2.00037992557897,0.00010992411562248954,5.03691418352048e-07
4175.0,2.000269120218215,0.00010994627669463073,5.036913690581457e-07
4176.0,2.000158320656022,0.00010996843660705975,5.036913215406003e-07
4177.0,2.0000475268929785,0.00010999059535965861,5.03691272246698e-07
4178.0,1.9999367389296745,0.00011001275295231049,5.036912273936878e-07
4179.0,1.9998259567666787,0.00011003490938489974,5.036911780997855e-07
4180.0,1.9997151804045732,0.00011005706465731182,5.036911328026861e-07
4181.0,1.9996044098439192,0.00011007921876943332,5.036910866174082e-07
4182.0,1.9994936450852787,0.00011010137172115185,5.036910386557736e-07
4183.0,1.9993828861292129,0.00011012352351235608,5.036909938027634e-07
4184.0,1.9992721329762706,0.00011014567414293567,5.036909493938424e-07
4185.0,1.9991613856269963,0.00011016782361278126,5.036909032085646e-07
4186.0,1.9990506440819376,0.00011018997192178445,5.036908605760004e-07
4187.0,1.9989399083416257,0.00011021211906983774,5.036908148348118e-07
4188.0,1.9988291784065984,0.00011023426505683453,5.036907713140693e-07
4189.0,1.9987184542773813,0.00011025640988266913,5.036907273492375e-07
4190.0,1.9986077359544996,0.00011027855354723668,5.036906833844057e-07
4191.0,1.9984970234384745,0.00011030069605043318,5.036906407518416e-07
4192.0,1.9983863167298195,0.00011032283739215542,5.03690597231099e-07
4193.0,1.9982756158290502,0.00011034497757230102,5.036905559308025e-07
4194.0,1.9981649207366725,0.00011036711659076837,5.036905150745952e-07
4195.0,1.9980542314531895,0.0001103892544474566,5.036904728861202e-07
4196.0,1.9979435479791017,0.00011041139114226563,5.036904302535561e-07
4197.0,1.9978328703149093,0.00011043352667509609,5.036903902855272e-07
4198.0,1.9977221984611013,0.00011045566104584932,5.036903485411415e-07
4199.0,1.9976115324181716,0.0001104777942544274,5.036903090172018e-07
4200.0,1.9975008721866023,0.00011049992630073304,5.036902681609945e-07
4201.0,1.9973902177199858,0.00011052205719405312,5.036902521737829e-07
4202.0,1.9972795689711609,0.00011054418694383936,5.036903583111041e-07
4203.0,1.9971689259387744,0.0001105663155503386,5.036904680011389e-07
4204.0,1.997058288621503,0.00011058844301381569,5.036905821320659e-07
4205.0,1.9969476570179876,0.00011061056933454147,5.036906953748144e-07
4206.0,1.9968370311268606,0.00011063269451278973,5.036908099498305e-07
4207.0,1.9967264109467453,0.00011065481854883595,5.036909258571143e-07
4208.0,1.996615796476258,0.00011067694144295645,5.036910408762196e-07
4209.0,1.9965051877140148,0.00011069906319542808,5.03691155895325e-07
4210.0,1.9963945846586324,0.00011072118380652786,5.03691272246698e-07
4211.0,1.9962839873087235,0.00011074330327653285,5.036913885980709e-07
4212.0,1.996173395662902,0.00011076542160572002,5.036915027289979e-07
4213.0,1.9960628097197877,0.0001107875387943661,5.036916186362816e-07
4214.0,1.995952229477995,0.00011080965484274759,5.03691733655387e-07
4215.0,1.9958416549361457,0.00011083176975114066,5.036918495626708e-07
4216.0,1.9957310860928565,0.00011085388351982115,5.036919628054193e-07
4217.0,1.995620522946755,0.00011087599614906455,5.036920782686138e-07
4218.0,1.9955099654964612,0.00011089810763914591,5.036921915113624e-07
4219.0,1.9953994137406064,0.00011092021799033993,5.036923065304677e-07
4220.0,1.9952888676778173,0.00011094232720292085,5.036924224377515e-07
4221.0,1.995178327306722,0.00011096443527716253,5.036925352364108e-07
4222.0,1.9950677926259563,0.00011098654221333838,5.036926489232485e-07
4223.0,1.9949572636341548,0.00011100864801172138,5.03692762165997e-07
4224.0,1.9948467403299552,0.00011103075267258409,5.036928762969239e-07
4225.0,1.994736222711995,0.00011105285619619864,5.03692988651494e-07
4226.0,1.9946257107789185,0.0001110749585828367,5.03693102782421e-07
4227.0,1.9945152045293661,0.00011109705983276954,5.036932146929018e-07
4228.0,1.994404703961988,0.000111119159946268,5.036933288238288e-07
4229.0,1.9942942090754263,0.00011114125892360247,5.03693439402042e-07
4230.0,1.9941837198683383,0.00011116335676504294,5.03693553532969e-07
4231.0,1.9940732363393692,0.00011118545347085897,5.036936645552714e-07
4232.0,1.993962758487177,0.00011120754904131967,5.036937760216631e-07
4233.0,1.9938522863104189,0.00011122964347669378,5.036938883762332e-07
4234.0,1.993741819807751,0.00011125173677724958,5.036939993985357e-07
4235.0,1.993631358977836,0.00011127382894325498,5.036941117531057e-07
4236.0,1.9935209038193344,0.00011129591997497746,5.03694222331319e-07
4237.0,1.9934104543309126,0.0001113180098726841,5.036943337977107e-07
4238.0,1.993300010511236,0.00011134009863664155,5.036944443759239e-07
4239.0,1.9931895723589745,0.0001113621862671161,5.036945558423156e-07
4240.0,1.9930791398727985,0.00011138427276437364,5.036946673087073e-07
4241.0,1.9929687130513791,0.00011140635812867965,5.036947778869205e-07
4242.0,1.992858291893392,0.0001114284423602992,5.036948884651338e-07
4243.0,1.9927478763975104,0.00011145052545949703,5.036949963788118e-07
4244.0,1.9926374665624198,0.00011147260742653745,5.036951074011142e-07
4245.0,1.9925270623867941,0.0001114946882616844,5.036952166470599e-07
4246.0,1.9924166638693175,0.00011151676796520145,5.036953254489163e-07
4247.0,1.9923062710086765,0.00011153884653735179,5.036954360271295e-07
4248.0,1.992195883803554,0.00011156092397839825,5.036955461612536e-07
4249.0,1.9920855022526391,0.00011158300028860327,5.036956562953776e-07
4250.0,1.9919751263546182,0.00011160507546822893,5.036957633208772e-07
4251.0,1.9918647561081886,0.00011162714951753695,5.036958738990904e-07
4252.0,1.9917543915120361,0.00011164922243678869,5.036959800364116e-07
4253.0,1.9916440325648626,0.00011167129422624516,5.03696088838268e-07
4254.0,1.9915336792653633,0.00011169336488616698,5.03696198972392e-07
4255.0,1.991423331612235,0.00011171543441681446,5.036963077742485e-07
4256.0,1.991312989604178,0.00011173750281844754,5.036964161320157e-07
4257.0,1.9912026532398928,0.0001117595700913258,5.036965222693368e-07
4258.0,1.9910923225180892,0.00011178163623570849,5.036966324034609e-07
4259.0,1.9909819974374645,0.00011180370125185452,5.036967376526036e-07
4260.0,1.9908716779967606,0.00011182576514002261,5.03696873987991e-07
4261.0,1.990761364293903,0.00011184782788065681,5.036971875149732e-07
4262.0,1.9906510564253235,0.00011186988945442767,5.036974624061941e-07
4263.0,1.9905407543876736,0.00011189194986200938,5.036977213102034e-07
4264.0,1.9904304581778474,0.0001119140091040245,5.036979704442501e-07
4265.0,1.9903201677928506,0.00011193606718107301,5.036982160255832e-07
4266.0,1.9902098832297515,0.00011195812409374037,5.036984540573997e-07
4267.0,1.9900996044856807,0.00011198017984260139,5.036986880924132e-07
4268.0,1.9899893315578092,0.00011200223442822247,5.036989221274268e-07
4269.0,1.989879064443335,0.00011202428785116319,5.036991517215483e-07
4270.0,1.9897688031394931,0.00011204634011197734,5.036993804274914e-07
4271.0,1.9896585476435364,0.00011206839121121361,5.036996051366316e-07
4272.0,1.989548297952749,0.00011209044114941624,5.036998307339502e-07
4273.0,1.989438054064425,0.00011211248992712544,5.037000527785551e-07
4274.0,1.989327815975884,0.00011213453754487777,5.037002734908924e-07
4275.0,1.9892175836844623,0.0001121565840032065,5.037004955354973e-07
4276.0,1.9891073571875062,0.00011217862930264179,5.037007158037454e-07
4277.0,1.9889971364823777,0.0001122006734437109,5.03700932963369e-07
4278.0,1.9888869215664573,0.00011222271642693846,5.037011501229927e-07
4279.0,1.988776712437133,0.00011224475825284649,5.037013659503486e-07
4280.0,1.9886665090918072,0.00011226679892195467,5.037015813336154e-07
4281.0,1.9885563115278924,0.0001122888384347804,5.037017949405254e-07
4282.0,1.9884461197428125,0.00011231087679183892,5.037020076592569e-07
4283.0,1.9883359337340036,0.0001123329139936434,5.037022212661668e-07
4284.0,1.9882257534989063,0.00011235495004070506,5.037024322085415e-07
4285.0,1.9881155790349776,0.00011237698493353317,5.037026440390946e-07
4286.0,1.9880054103396776,0.00011239901867263521,5.037028540932909e-07
4287.0,1.9878952474104759,0.00011242105125851688,5.037030610388626e-07
4288.0,1.987785090244859,0.00011244308269168219,5.037032706489697e-07
4289.0,1.9876749388403123,0.00011246511297263347,5.037034802590767e-07
4290.0,1.987564793194327,0.0001124871421018715,5.037036849842025e-07
4291.0,1.9874546533044144,0.00011250917007989546,5.037038923738635e-07
4292.0,1.9873445191680827,0.00011253119690720306,5.037040984312569e-07
4293.0,1.987234390782849,0.00011255322258429055,5.037043022682042e-07
4294.0,1.9871242681462447,0.00011257524711165273,5.037045087696868e-07
4295.0,1.9870141512557982,0.000112597270489783,5.037047139389017e-07
4296.0,1.9869040401090496,0.00011261929271917343,5.037049173317598e-07
4297.0,1.9867939347035473,0.00011264131380031473,5.037051216127963e-07
4298.0,1.9866838350368414,0.00011266333373369633,5.037053236733868e-07
4299.0,1.986573741106494,0.00011268535251980638,5.037055266221557e-07
4300.0,1.986463652910068,0.00011270737015913177,5.037057273504786e-07
4301.0,1.9863535704451385,0.00011272938665215819,5.037059298551583e-07
4302.0,1.9862434937092774,0.00011275140199937014,5.037061288071243e-07
4303.0,1.9861334227000753,0.00011277341620125094,5.037063304236256e-07
4304.0,1.9860233574151165,0.00011279542925828273,5.037065307078592e-07
4305.0,1.9859132978519975,0.00011281744117094655,5.037067309920928e-07
4306.0,1.9858032440083175,0.00011283945193972231,5.037069299440589e-07
4307.0,1.9856931958816826,0.00011286146156508883,5.03707127119668e-07
4308.0,1.9855831534697068,0.00011288347004752386,5.037073269598125e-07
4309.0,1.9854731167700037,0.00011290547738750408,5.037075245795108e-07
4310.0,1.9853630857801938,0.00011292748358550513,5.037077199787632e-07
4311.0,1.9852530604979097,0.00011294948864200162,5.0370791848664e-07
4312.0,1.9851430409207786,0.00011297149255746714,5.037081147740707e-07
4313.0,1.9850330270464405,0.0001129934953323743,5.037083128378583e-07
4314.0,1.984923018872534,0.0001130154969671947,5.037085082371107e-07
4315.0,1.9848130163967084,0.000113037497462399,5.037087040804522e-07
4316.0,1.9847030196166136,0.00011305949681845686,5.037088985915261e-07
4317.0,1.9845930285299083,0.00011308149503583703,5.037090939907785e-07
4318.0,1.9844830431342517,0.00011310349211500729,5.037092889459416e-07
4319.0,1.984373063427309,0.00011312548805643454,5.037094821247479e-07
4320.0,1.9842630894067503,0.0001131474828605847,5.037096744153757e-07
4321.0,1.9841531210247403,0.00011316947653692215,5.037093515625202e-07
4322.0,1.9840431582374805,0.00011319146909431666,5.037090642368014e-07
4323.0,1.9839332010484458,0.00011321346053206824,5.037087875692237e-07
4324.0,1.9838232494609616,0.00011323545084951146,5.037085193393409e-07
4325.0,1.9837133034782566,0.00011325744004599956,5.03708255106261e-07
4326.0,1.9836033631035002,0.00011327942812089927,5.037079970904301e-07
4327.0,1.9834934283397985,0.00011330141507358814,5.037077399627776e-07
4328.0,1.9833834991902244,0.00011332340090345281,5.037074890523741e-07
4329.0,1.983273575657799,0.00011334538560988787,5.037072390301489e-07
4330.0,1.9831636577455183,0.00011336736919229493,5.037069934488159e-07
4331.0,1.9830537454563386,0.00011338935165008195,5.037067487556612e-07
4332.0,1.9829438387931928,0.00011341133298266274,5.037065071711311e-07
4333.0,1.9828339377589832,0.00011343331318945648,5.037062660306901e-07
4334.0,1.9827240423565924,0.00011345529226988735,5.037060297752305e-07
4335.0,1.982614152588873,0.00011347727022338423,5.037057948520385e-07
4336.0,1.9825042684586571,0.00011349924704938042,5.037055599288465e-07
4337.0,1.9823943899687586,0.00011352122274731338,5.037053258938329e-07
4338.0,1.9822845171219732,0.00011354319731662457,5.037050967438006e-07
4339.0,1.9821746499210697,0.00011356517075675921,5.037048662615007e-07
4340.0,1.982064788368807,0.00011358714306716615,5.03704638443736e-07
4341.0,1.9819549324679233,0.0001136091142472977,5.037044124023282e-07
4342.0,1.9818450822211389,0.00011363108429660948,5.037041868050096e-07
4343.0,1.9817352376311603,0.00011365305321456034,5.037039625399586e-07
4344.0,1.981625398700678,0.00011367502100061219,5.037037396071753e-07
4345.0,1.9815155654323686,0.00011369698765422994,5.03703518894838e-07
4346.0,1.9814057378288907,0.00011371895317488139,5.037032981825007e-07
4347.0,1.981295915892893,0.00011374091756203711,5.03703078802431e-07
4348.0,1.981186099627009,0.00011376288081517041,5.037028616428074e-07
4349.0,1.9810762890338565,0.0001137848429337572,5.037026431509162e-07
4350.0,1.9809664841160473,0.00011380680391727596,5.037024277676494e-07
4351.0,1.9808566848761748,0.00011382876376520765,5.037022137166502e-07
4352.0,1.9807468913168196,0.00011385072247703568,5.037019987774727e-07
4353.0,1.980637103440557,0.0001138726800522458,5.037017865028304e-07
4354.0,1.9805273212499424,0.00011389463649032605,5.037015733400096e-07
4355.0,1.9804175447475278,0.00011391659179076677,5.03701362397635e-07
4356.0,1.9803077739358483,0.00011393854595306045,5.037011510111711e-07
4357.0,1.9801980088174325,0.00011396049897670175,5.037009418451532e-07
4358.0,1.980088249394795,0.00011398245086118745,5.037007331232246e-07
4359.0,1.9799784956704416,0.00011400440160601635,5.037005239572068e-07
4360.0,1.9798687476468704,0.0001140263512106893,5.037003174557242e-07
4361.0,1.9797590053265655,0.00011404829967470912,5.037001113983308e-07
4362.0,1.9796492687120009,0.00011407024699758056,5.03699904452759e-07
4363.0,1.97953953780565,0.00011409219317881027,5.036997019480793e-07
4364.0,1.9794298126099616,0.00011411413821790679,5.036994963347752e-07
4365.0,1.979320093127389,0.00011413608211438045,5.036992920537386e-07
4366.0,1.9792103793603733,0.0001141580248677434,5.036990908813266e-07
4367.0,1.9791006713113395,0.00011417996647750957,5.036988879325577e-07
4368.0,1.9789909689827143,0.00011420190694319462,5.036986880924132e-07
4369.0,1.978881272376906,0.0001142238462643159,5.036984860318228e-07
4370.0,1.9787715814963243,0.00011424578444039247,5.036982870798568e-07
4371.0,1.9786618963433615,0.00011426772147094503,5.036980872397123e-07
4372.0,1.9785522169204088,0.00011428965735549593,5.036978891759247e-07
4373.0,1.9784425432298458,0.00011431159209356908,5.036976920003156e-07
4374.0,1.9783328752740457,0.00011433352568469,5.03697496156974e-07
4375.0,1.9782232130553692,0.00011435545812838576,5.036972985372756e-07
4376.0,1.9781135565761774,0.00011437738942418496,5.036971026939341e-07
4377.0,1.9780039058388175,0.00011439931957161772,5.036969068505925e-07
4378.0,1.9778942608456342,0.00011442124857021563,5.03696713227697e-07
4379.0,1.977784621598957,0.00011444317641951179,5.036965164961771e-07
4380.0,1.9776749881011186,0.0001144651031190407,5.036963228732816e-07
4381.0,1.977565360334161,0.00011448702867242673,5.036962953397506e-07
4382.0,1.9774557382787852,0.00011450895308349779,5.036962744675577e-07
4383.0,1.977346121935249,0.000114530876352201,5.036962549276325e-07
4384.0,1.977236511303791,0.00011455279847848903,5.036962367199749e-07
4385.0,1.977126906384638,0.00011457471946231578,5.036962176241389e-07
4386.0,1.9770173071780202,0.0001145966393036354,5.036961976401244e-07
4387.0,1.976907713684168,0.00011461855800240201,5.036961785442884e-07
4388.0,1.9767981259033116,0.00011464047555856947,5.036961594484524e-07
4389.0,1.976688543835683,0.00011466239197209138,5.036961403526163e-07
4390.0,1.9765789674815142,0.00011468430724292103,5.036961199245127e-07
4391.0,1.9764693968410432,0.00011470622137101148,5.036961012727659e-07
4392.0,1.9763598319145035,0.00011472813435631544,5.036960812887514e-07
4393.0,1.9762502727021336,0.00011475004619878538,5.03696061304737e-07
4394.0,1.9761407192041727,0.00011477195689837353,5.036960408766333e-07
4395.0,1.9760311714208596,0.00011479386645503186,5.036960195603513e-07
4396.0,1.975921629352438,0.00011481577486871218,5.036959995763368e-07
4397.0,1.9758120929991485,0.00011483768213936608,5.036959795923224e-07
4398.0,1.9757025623612325,0.00011485958826694498,5.036959582760403e-07
4399.0,1.9755930374389383,0.00011488149325140016,5.036959396242935e-07
4400.0,1.9754835182325046,0.00011490339709268273,5.036959187521006e-07
4401.0,1.9753740047421786,0.00011492529979074373,5.036958978799078e-07
4402.0,1.975264496968207,0.00011494720134553405,5.036958778958933e-07
4403.0,1.9751549949108338,0.00011496910175700449,5.036958570237005e-07
4404.0,1.975045498570308,0.0001149910010251058,5.036958374837752e-07
4405.0,1.9749360079468719,0.00011501289914978864,5.036958157234039e-07
4406.0,1.9748265230407762,0.00011503479613100361,5.036957948512111e-07
4407.0,1.9747170438522688,0.00011505669196870126,5.03695775755375e-07
4408.0,1.9746075703815926,0.00011507858666283212,5.036957539950038e-07
4409.0,1.9744981026290003,0.00011510048021334669,5.036957344550785e-07
4410.0,1.974388640594735,0.00011512237262019544,5.036957131387965e-07
4411.0,1.9742791842790475,0.00011514426388332884,5.036956922666036e-07
4412.0,1.974169733682183,0.00011516615400269734,5.036956705062323e-07
4413.0,1.9740602888043943,0.00011518804297825142,5.036956518544855e-07
4414.0,1.9739508496459222,0.00011520993080994155,5.036956305382034e-07
4415.0,1.9738414162070184,0.00011523181749771822,5.036956101100998e-07
4416.0,1.9737319884879292,0.00011525370304153196,5.036955896819961e-07
4417.0,1.9736225664888998,0.0001152755874413333,5.036955665893572e-07
4418.0,1.973513150210184,0.00011529747069707283,5.036955488257888e-07
4419.0,1.9734037396520205,0.00011531935280870117,5.036955270654175e-07
4420.0,1.9732943348146608,0.00011534123377616897,5.036955061932247e-07
4421.0,1.97318493569835,0.00011536311359942696,5.036954853210318e-07
4422.0,1.9730755423033353,0.00011538499227842588,5.036954653370174e-07
4423.0,1.972966154629861,0.00011540686981311657,5.036954444648245e-07
4424.0,1.972856772678174,0.00011542874620344988,5.036954240367209e-07
4425.0,1.9727473964485187,0.00011545062144937678,5.03695403164528e-07
4426.0,1.9726380259411416,0.00011547249555084826,5.036953836246028e-07
4427.0,1.972528661156285,0.0001154943685078154,5.036953623083207e-07
4428.0,1.9724193020941967,0.00011551624032022934,5.036953441006631e-07
4429.0,1.9723099487551146,0.00011553811098804131,5.036953214521134e-07
4430.0,1.9722006011392887,0.00011555998051120261,5.036953023562774e-07
4431.0,1.9720912592469568,0.00011558184888966462,5.036952805959061e-07
4432.0,1.9719819230783668,0.00011560371612337879,5.0369526150007e-07
4433.0,1.9718725926337577,0.00011562558221229668,5.036952415160556e-07
4434.0,1.9717632679133716,0.0001156474471563699,5.036952219761304e-07
4435.0,1.971653948917449,0.00011566931095555019,5.036952006598483e-07
4436.0,1.9715446356462334,0.00011569117360978935,5.036951806758339e-07
4437.0,1.9714353280999641,0.00011571303511903928,5.036951611359086e-07
4438.0,1.9713260262788799,0.00011573489548325198,5.036951402637158e-07
4439.0,1.971216730183222,0.00011575675470237954,5.036951202797013e-07
4440.0,1.971107439813229,0.00011577861277637413,5.036951002956869e-07
4441.0,1.9709981552019626,0.00011580046969866329,5.036952797077277e-07
4442.0,1.970888876380907,0.0001158223254629082,5.036954484616274e-07
4443.0,1.9707796033480378,0.00011584418006951397,5.036956083337429e-07
4444.0,1.9706703361014368,0.00011586603351886507,5.03695762876788e-07
4445.0,1.9705610746392352,0.00011588788581133576,5.036959147552977e-07
4446.0,1.9704518189595999,0.0001159097369472932,5.036960666338075e-07
4447.0,1.9703425690607188,0.00011593158692709902,5.036962145155144e-07
4448.0,1.970233324940809,0.00011595343575111028,5.036963610649536e-07
4449.0,1.9701240865981058,0.00011597528341968017,5.036965071703037e-07
4450.0,1.970014854030859,0.00011599712993315845,5.036966519433861e-07
4451.0,1.9699056272373352,0.00011601897529189183,5.036967949401117e-07
4452.0,1.9697964062158144,0.00011604081949622422,5.036969361604804e-07
4453.0,1.9696871909645912,0.00011606266254649702,5.036970769367599e-07
4454.0,1.9695779814819714,0.00011608450444304924,5.036972181571286e-07
4455.0,1.9694687777662667,0.0001161063451862177,5.036973558247837e-07
4456.0,1.9693595798158077,0.00011612818477633717,5.03697493936528e-07
4457.0,1.9692503876289305,0.00011615002321374046,5.036976333805399e-07
4458.0,1.969141201203976,0.00011617186049875856,5.036977692718381e-07
4459.0,1.9690320205393026,0.0001161936966317207,5.036979069394931e-07
4460.0,1.9689228456332695,0.00011621553161295442,5.036980419426129e-07
4461.0,1.9688136764842497,0.00011623736544278571,5.036981787220896e-07
4462.0,1.9687045130906138,0.000116259198121539,5.036983092843172e-07
4463.0,1.9685953554507585,0.00011628102964953725,5.036984451756155e-07
4464.0,1.9684862035630675,0.00011630286002710202,5.036985784023784e-07
4465.0,1.968377057425943,0.00011632468925455349,5.03698710740963e-07
4466.0,1.968267917037789,0.00011634651733221053,5.036988421913691e-07
4467.0,1.968158782397019,0.00011636834426039074,5.03698973197686e-07
4468.0,1.9680496535020517,0.00011639017003941046,5.036991046480921e-07
4469.0,1.9679405303513116,0.00011641199466958488,5.036992365425874e-07
4470.0,1.967831412943226,0.00011643381815122795,5.036993662166367e-07
4471.0,1.9677223012762328,0.00011645564048465253,5.03699495890686e-07
4472.0,1.9676131953487743,0.00011647746167017037,5.036996268970029e-07
4473.0,1.9675040951592928,0.00011649928170809215,5.036997543506061e-07
4474.0,1.9673950007062433,0.0001165211005987275,5.036998813601201e-07
4475.0,1.9672859119880834,0.000116542918342385,5.037000092578126e-07
4476.0,1.9671768290032734,0.00011656473493937228,5.037001353791482e-07
4477.0,1.9670677517502826,0.00011658655038999595,5.037002628327514e-07
4478.0,1.9669586802275807,0.00011660836469456168,5.037003898422654e-07
4479.0,1.9668496144336445,0.00011663017785337421,5.037005164076902e-07
4480.0,1.966740554366954,0.00011665198986673736,5.037006416408474e-07
4481.0,1.9666315000259973,0.00011667380073495404,5.037007682062722e-07
4482.0,1.9665224514092612,0.0001166956104583263,5.037008929953402e-07
4483.0,1.9664134085152425,0.0001167174190371553,5.03701019560765e-07
4484.0,1.966304371342435,0.00011673922647174139,5.037011425734761e-07
4485.0,1.9661953398893466,0.00011676103276238406,5.037012673625441e-07
4486.0,1.96608631415448,0.00011678283790938198,5.037013903752552e-07
4487.0,1.9659772941363485,0.00011680464191303305,5.037015142761447e-07
4488.0,1.9658682798334655,0.00011682644477363434,5.037016377329451e-07
4489.0,1.9657592712443492,0.00011684824649148218,5.037017607456562e-07
4490.0,1.965650268367522,0.00011687004706687211,5.037018833142781e-07
4491.0,1.965541271201508,0.00011689184650009896,5.037020032183648e-07
4492.0,1.9654322797448442,0.00011691364479145676,5.03702128451522e-07
4493.0,1.9653232939960537,0.00011693544194123886,5.037022483556086e-07
4494.0,1.9652143139536808,0.00011695723794973787,5.037023709242305e-07
4495.0,1.9651053396162625,0.00011697903281724571,5.037024917164956e-07
4496.0,1.9649963709823441,0.0001170008265440536,5.037026125087607e-07
4497.0,1.9648874080504724,0.00011702261913045207,5.037027333010258e-07
4498.0,1.964778450819199,0.00011704441057673097,5.037028545373801e-07
4499.0,1.9646694992870761,0.00011706620088317948,5.037029739973775e-07
4500.0,1.9645605534527506,0.00011708799005008632,5.037031827193061e-07
4501.0,1.9644516133811005,0.00011710977806443122,5.037032573262934e-07
4502.0,1.9643426791375733,0.00011713156491315089,5.03703328380567e-07
4503.0,1.9642337507212628,0.00011715335059642537,5.037033901089671e-07
4504.0,1.9641248281314232,0.00011717513511440475,5.037034473964752e-07
4505.0,1.9640159113673668,0.00011719691846722737,5.037035042398941e-07
4506.0,1.9639070004284302,0.00011721870065502463,5.037035539778856e-07
4507.0,1.963798095313989,0.00011724048167792321,5.037036054922339e-07
4508.0,1.9636891960234248,0.00011726226153604632,5.037036570065823e-07
4509.0,1.9635803025561325,0.00011728404022951451,5.037037058563953e-07
4510.0,1.9634714149115227,0.0001173058177584462,5.037037542621192e-07
4511.0,1.9633625330890103,0.00011732759412295805,5.037038008914863e-07
4512.0,1.9632536570880228,0.0001173493693231653,5.037038497412993e-07
4513.0,1.963144786907986,0.00011737114335918192,5.037038963706664e-07
4514.0,1.9630359225483365,0.00011739291623112076,5.037039407795874e-07
4515.0,1.9629270640085181,0.00011741468793909374,5.037039874089544e-07
4516.0,1.9628182112879724,0.00011743645848321193,5.037040327060538e-07
4517.0,1.962709364386149,0.00011745822786358569,5.037040780031532e-07
4518.0,1.9626005233025,0.00011747999608032465,5.037041237443418e-07
4519.0,1.96249168803648,0.00011750176313353783,5.037041694855304e-07
4520.0,1.9623828585875447,0.0001175235290233337,5.037042138944514e-07
4521.0,1.962274034955155,0.00011754529374982018,5.037042565270156e-07
4522.0,1.9621652171387785,0.0001175670573131047,5.037043027122934e-07
4523.0,1.9620564051378737,0.00011758881971329427,5.037043457889467e-07
4524.0,1.9619475989519126,0.00011761058095049547,5.037043906419569e-07
4525.0,1.9618387985803614,0.00011763234102481448,5.037044341626995e-07
4526.0,1.9617300040226915,0.00011765409993635712,5.037044776834421e-07
4527.0,1.9616212152783772,0.00011767585768522884,5.03704522092363e-07
4528.0,1.9615124323468904,0.00011769761427153478,5.037045647249272e-07
4529.0,1.9614036552277079,0.00011771936969537975,5.037046073574913e-07
4530.0,1.9612948839203082,0.00011774112395686827,5.037046499900555e-07
4531.0,1.9611861184241708,0.00011776287705610456,5.037046943989765e-07
4532.0,1.961077358738773,0.00011778462899319256,5.037047365874514e-07
4533.0,1.9609686048636004,0.00011780637976823596,5.037047805522832e-07
4534.0,1.9608598567981301,0.0001178281293813382,5.037048218525797e-07
4535.0,1.9607511145418521,0.00011784987783260248,5.037048649292331e-07
4536.0,1.9606423780942495,0.00011787162512213175,5.037049088940648e-07
4537.0,1.9605336474548056,0.00011789337125002873,5.037049497502721e-07
4538.0,1.9604249226230126,0.00011791511621639595,5.037049928269255e-07
4539.0,1.9603162035983563,0.00011793686002133569,5.037050354594896e-07
4540.0,1.9602074903803264,0.00011795860266495005,5.037050772038754e-07
4541.0,1.9600987829684156,0.00011798034414734092,5.037051207246179e-07
4542.0,1.959990081362112,0.00011800208446860999,5.037051624690037e-07
4543.0,1.959881385560909,0.00011802382362885876,5.03705203325211e-07
4544.0,1.9597726955643007,0.00011804556162818858,5.037052441814183e-07
4545.0,1.9596640113717847,0.00011806729846670055,5.0370528814625e-07
4546.0,1.9595553329828508,0.00011808903414449568,5.037053298906358e-07
4547.0,1.9594466603969984,0.00011811076866167474,5.037053729672891e-07
4548.0,1.9593379936137207,0.00011813250201833834,5.03705412935318e-07
4549.0,1.9592293326325194,0.00011815423421458698,5.037054546797037e-07
4550.0,1.9591206774528913,0.00011817596525052094,5.037054964240895e-07
4551.0,1.9590120280743355,0.00011819769512624036,5.037055381684752e-07
4552.0,1.9589033844963533,0.00011821942384184525,5.037055799128609e-07
4553.0,1.9587947467184432,0.00011824115139743544,5.037056207690682e-07
4554.0,1.9586861147401107,0.0001182628777931106,5.037056642898108e-07
4555.0,1.9585774885608522,0.00011828460302897031,5.037057042578397e-07
4556.0,1.9584688681801754,0.00011830632710511395,5.037057460022254e-07
4557.0,1.9583602535975808,0.00011832805002164078,5.037057850820759e-07
4558.0,1.958251644812577,0.00011834977177864993,5.037058272705508e-07
4559.0,1.9581430418246661,0.00011837149237624036,5.037058685708473e-07
4560.0,1.958034444633337,0.00011839321181451088,5.037058921075754e-07
4561.0,1.9579258530256738,0.00011841493013605896,5.037059689350087e-07
4562.0,1.957817266788792,0.00011843664738344601,5.037060226698031e-07
4563.0,1.9577086859222534,0.00011845836355677096,5.037061088231098e-07
4564.0,1.9576001104250578,0.00011848007865622975,5.037062069668252e-07
4565.0,1.95749154029603,0.0001185017926820569,5.037063153245924e-07
4566.0,1.9573829755338805,0.00011852350563450986,5.037064303436978e-07
4567.0,1.957274416137241,0.00011854521751386151,5.03706549359606e-07
4568.0,1.9571658621046912,0.00011856692832039587,5.037066710400495e-07
4569.0,1.9570573134347682,0.0001185886380544056,5.037067967172959e-07
4570.0,1.956948770125975,0.00011861034671618997,5.037069255031668e-07
4571.0,1.9568402321767864,0.00011863205430605358,5.037070547331268e-07
4572.0,1.9567316995856576,0.00011865376082430543,5.037071852953545e-07
4573.0,1.956623172351026,0.00011867546627125823,5.037073176339391e-07
4574.0,1.956514650471311,0.00011869717064722772,5.037074499725236e-07
4575.0,1.9564061339449241,0.00011871887395253222,5.037075858638218e-07
4576.0,1.9562976227702569,0.00011874057618749227,5.037077186464956e-07
4577.0,1.9561891169457053,0.00011876227735243027,5.03707857202329e-07
4578.0,1.9560806164696398,0.00011878397744767032,5.037079922054488e-07
4579.0,1.9559721213404386,0.00011880567647353788,5.037081285408362e-07
4580.0,1.9558636315564666,0.0001188273744303597,5.037082657644021e-07
4581.0,1.9557551471160863,0.00011884907131846356,5.037084047643248e-07
4582.0,1.9556466680176519,0.00011887076713817817,5.037085433201582e-07
4583.0,1.9555381942595156,0.00011889246188983303,5.037086814319025e-07
4584.0,1.9554297258400273,0.00011891415557375835,5.037088195436468e-07
4585.0,1.955321262757533,0.00011893584819028493,5.037089580994802e-07
4586.0,1.955212805010374,0.0001189575397397441,5.037090953230461e-07
4587.0,1.955104352596897,0.00011897923022246765,5.037092356552364e-07
4588.0,1.9549959055154345,0.00011900091963878775,5.037093737669807e-07
4589.0,1.9548874637643283,0.00011902260798903688,5.037095132109926e-07
4590.0,1.954779027341913,0.00011904429527354781,5.037096526550044e-07
4591.0,1.9546705962465256,0.00011906598149265351,5.037097938753732e-07
4592.0,1.954562170476497,0.00011908766664668715,5.037099333193851e-07
4593.0,1.9544537500301615,0.000119109350735982,5.037100723193078e-07
4594.0,1.9543453349058544,0.00011913103376087148,5.037102126514981e-07
4595.0,1.9542369251019072,0.00011915271572168904,5.037103529836884e-07
4596.0,1.9541285206166488,0.00011917439661876822,5.037104906513434e-07
4597.0,1.9540201214484167,0.00011919607645244254,5.037106300953553e-07
4598.0,1.9539117275955422,0.00011921775522304551,5.037107704275456e-07
4599.0,1.9538033390563554,0.00011923943293091066,5.037109094274683e-07
4600.0,1.9536949558291912,0.00011926110957637141,5.037110488714802e-07
4601.0,1.9535865779123815,0.00011928278515976113,5.037111878714029e-07
4602.0,1.9534782053042614,0.00011930445968141311,5.037113273154148e-07
4603.0,1.9533698380031632,0.00011932613314166053,5.037114663153375e-07
4604.0,1.9532614760074232,0.00011934780554083644,5.037116062034386e-07
4605.0,1.9531531193153757,0.00011936947687927377,5.037117452033613e-07
4606.0,1.9530447679253566,0.00011939114715730529,5.037118837591947e-07
4607.0,1.952936421835704,0.00011941281637526362,5.037120227591174e-07
4608.0,1.952828081044755,0.0001194344845334812,5.037121613149509e-07
4609.0,1.9527197455508485,0.00011945615163229032,5.037123007589628e-07
4610.0,1.9526114153523233,0.00011947781767202303,5.037124393147963e-07
4611.0,1.95250309044752,0.00011949948265301124,5.037125769824513e-07
4612.0,1.9523947708347822,0.00011952114657558661,5.03712715982374e-07
4613.0,1.9522864565124491,0.00011954280944008061,5.037128527618506e-07
4614.0,1.952178147478868,0.00011956447124682448,5.037129908735949e-07
4615.0,1.9520698437323818,0.00011958613199614922,5.037131285412499e-07
4616.0,1.9519615452713377,0.0001196077916883856,5.03713266208905e-07
4617.0,1.951853252094084,0.00011962945032386419,5.037134056529169e-07
4618.0,1.9517449641989648,0.00011965110790291526,5.037135415442151e-07
4619.0,1.9516366815843338,0.00011967276442586887,5.03713678767781e-07
4620.0,1.9515284042486036,0.00011969441989305495,5.037138790520146e-07
4621.0,1.9514201325087774,0.00011971607424106691,5.03714112642939e-07
4622.0,1.9513118666813665,0.00011973772740657658,5.037142498665048e-07
4623.0,1.9512036067645322,0.00011975937938996193,5.037143426811497e-07
4624.0,1.95109535275714,0.00011978103019145464,5.037144137354232e-07
4625.0,1.9509871046583294,0.00011980267981122771,5.037144683583961e-07
4626.0,1.9508788624674194,0.000119824328249419,5.037145149877631e-07
4627.0,1.9507706261838413,0.00011984597550614245,5.037145540676136e-07
4628.0,1.9506623958071156,0.00011986762158149448,5.037145887065719e-07
4629.0,1.9505541713368277,0.00011988926647555801,5.03714618460549e-07
4630.0,1.9504459527726161,0.00011991091018840519,5.037146428854555e-07
4631.0,1.9503377401141668,0.00011993255272009947,5.037146646458268e-07
4632.0,1.9502295333612005,0.00011995419407069705,5.037146864061981e-07
4633.0,1.9501213325134648,0.00011997583424024796,5.037147050579449e-07
4634.0,1.9500131375707357,0.00011999747322879694,5.037147210451565e-07
4635.0,1.949904948532813,0.00012001911103638419,5.037147343678328e-07
4636.0,1.9497967653995154,0.00012004074766304597,5.037147459141522e-07
4637.0,1.9496885881706818,0.00012006238310881506,5.037147574604717e-07
4638.0,1.9495804168461632,0.00012008401737372113,5.037147694508803e-07
4639.0,1.9494722514258231,0.00012010565045779107,5.03714779220843e-07
4640.0,1.9493640919095396,0.0001201272823610493,5.037147867703595e-07
4641.0,1.9492559382972028,0.00012014891308351806,5.037147938757869e-07
4642.0,1.9491477905887125,0.00012017054262521753,5.03714800537125e-07
4643.0,1.949039648783976,0.0001201921709861661,5.037148071984632e-07
4644.0,1.9489315128829092,0.00012021379816638052,5.037148125275337e-07
4645.0,1.9488233828854358,0.00012023542416587601,5.037148165243366e-07
4646.0,1.9487152587914902,0.00012025704898466642,5.037148227415855e-07
4647.0,1.9486071406010046,0.00012027867262276432,5.037148267383884e-07
4648.0,1.9484990283139245,0.00012030029508018111,5.037148307351913e-07
4649.0,1.9483909219301958,0.00012032191635692712,5.037148320674589e-07
4650.0,1.948282821449775,0.00012034353645301169,5.037148338438158e-07
4651.0,1.94817472687262,0.00012036515536844324,5.03714836508351e-07
4652.0,1.9480666381986902,0.00012038677310322935,5.037148373965294e-07
4653.0,1.947958555427955,0.00012040838965737682,5.037148396169755e-07
4654.0,1.9478504785603825,0.0001204300050308917,5.037148418374215e-07
4655.0,1.9477424075959464,0.00012045161922377939,5.037148440578676e-07
4656.0,1.9476343425346205,0.00012047323223604464,5.037148445019568e-07
4657.0,1.9475262833763867,0.00012049484406769161,5.037148453901352e-07
4658.0,1.947418230121226,0.0001205164547187239,5.037148462783136e-07
4659.0,1.9473101827691233,0.00012053806418914462,5.037148471664921e-07
4660.0,1.9472021413200653,0.00012055967247895637,5.037148476105813e-07
4661.0,1.9470941057740399,0.00012058127958816134,5.037148471664921e-07
4662.0,1.9469860761310374,0.00012060288551676127,5.037148445019568e-07
4663.0,1.9468780523910574,0.00012062449026475753,5.037148453901352e-07
4664.0,1.9467700345540884,0.00012064609383215112,5.037148445019568e-07
4665.0,1.9466620226201305,0.0001206676962189427,5.037148445019568e-07
4666.0,1.9465540165891801,0.00012068929742513259,5.037148436137784e-07
4667.0,1.9464460164612354,0.00012071089745072082,5.037148400610647e-07
4668.0,1.9463380222363083,0.00012073249629570716,5.037148445019568e-07
4669.0,1.9462300339143856,0.00012075409396009108,5.037148418374215e-07
4670.0,1.9461220514954818,0.00012077569044387182,5.037148413933323e-07
4671.0,1.9460140749795987,0.00012079728574704837,5.037148409492431e-07
4672.0,1.9459061043667412,0.00012081887986961953,5.037148391728863e-07
4673.0,1.9457981396569177,0.00012084047281158387,5.037148378406187e-07
4674.0,1.945690180850139,0.00012086206457293979,5.037148382847079e-07
4675.0,1.9455822279464081,0.0001208836551536855,5.037148360642618e-07
4676.0,1.9454742809457415,0.00012090524455381902,5.037148373965294e-07
4677.0,1.9453663398481424,0.00012092683277333824,5.03714834287905e-07
4678.0,1.9452584046536292,0.0001209484198122409,5.03714834287905e-07
4679.0,1.945150475362208,0.0001209700056705246,5.037148316233697e-07
4680.0,1.9450425519738166,0.00012099159034818645,5.037147494668659e-07
4681.0,1.944934634276022,0.0001210131738877168,5.037146064701403e-07
4682.0,1.9448267220568205,0.00012103475633155662,5.037146042496943e-07
4683.0,1.9447188153162518,0.00012105633767967657,5.03714635335939e-07
4684.0,1.9446109140539571,0.00012107791793214447,5.037146801889492e-07
4685.0,1.9445030182694005,0.00012109949708906684,5.037147352560112e-07
4686.0,1.9443951279619314,0.00012112107515057327,5.03714798316679e-07
4687.0,1.9442872431308176,0.00012114265211680897,5.037148631537036e-07
4688.0,1.9441793637752791,0.00012116422798793049,5.037149319875311e-07
4689.0,1.9440714898944893,0.0001211858027641031,5.037150052622508e-07
4690.0,1.943963621487585,0.00012120737644549895,5.037150803133272e-07
4691.0,1.9438557585536784,0.0001212289490322957,5.037151575848497e-07
4692.0,1.9437479010918561,0.00012125052052467555,5.03715234412283e-07
4693.0,1.94364004910119,0.00012127209092282453,5.037153134601624e-07
4694.0,1.9435322025807347,0.00012129366022693196,5.03715395172577e-07
4695.0,1.943424361529529,0.0001213152284371899,5.037154791054377e-07
4696.0,1.9433165259465943,0.0001213367955537928,5.037155590414955e-07
4697.0,1.9432086958309573,0.00012135836157693715,5.037156438625345e-07
4698.0,1.9431008711816196,0.00012137992650682127,5.037157264631276e-07
4699.0,1.9429930519975853,0.00012140149034364508,5.037158112841666e-07
4700.0,1.942885238277847,0.00012142305308760989,5.037158969933841e-07
4701.0,1.9427774300213887,0.00012144461473891828,5.037159804821556e-07
4702.0,1.9426696272271993,0.00012146617529777392,5.037160692999976e-07
4703.0,1.9425618298942482,0.00012148773476438144,5.037161558973935e-07
4704.0,1.94245403802151,0.00012150929313894636,5.037162424947894e-07
4705.0,1.9423462516079537,0.00012153085042167496,5.037163290921853e-07
4706.0,1.9422384706525462,0.0001215524066127742,5.037164179100273e-07
4707.0,1.942130695154242,0.00012157396171245171,5.037165009547095e-07
4708.0,1.9420229251120116,0.00012159551572091563,5.037165902166407e-07
4709.0,1.9419151605248033,0.00012161706863837462,5.037166768140366e-07
4710.0,1.941807401391576,0.00012163862046503779,5.037167656318786e-07
4711.0,1.941699647711281,0.00012166017120111466,5.037168548938098e-07
4712.0,1.9415918994828683,0.00012168172084681506,5.03716944155741e-07
4713.0,1.9414841567052854,0.00012170326940234918,5.037170320854045e-07
4714.0,1.9413764193774825,0.00012172481686792744,5.037171204591573e-07
4715.0,1.941268687498406,0.00012174636324376053,5.037172092769993e-07
4716.0,1.941160961067001,0.00012176790853005936,5.037172985389304e-07
4717.0,1.9410532400822105,0.000121789452727035,5.037173860245048e-07
4718.0,1.9409455245429807,0.00012181099583489873,5.037174748423467e-07
4719.0,1.9408378144482528,0.00012183253785386193,5.037175632160995e-07
4720.0,1.9407301097969705,0.00012185407878413615,5.037176520339415e-07
4721.0,1.940622410588074,0.00012187561862593299,5.037177395195158e-07
4722.0,1.9405147168205075,0.00012189715737946414,5.03717828781447e-07
4723.0,1.940407028493211,0.00012191869504494142,5.037179184874674e-07
4724.0,1.9402993456051227,0.00012194023162257662,5.037180064171309e-07
4725.0,1.9401916681551867,0.00012196176711258161,5.037180952349729e-07
4726.0,1.9400839961423424,0.00012198330151516828,5.037181844969041e-07
4727.0,1.9399763295655303,0.00012200483483054851,5.037182737588353e-07
4728.0,1.9398686684236897,0.00012202636705893423,5.037183616884988e-07
4729.0,1.939761012715763,0.00012204789820053731,5.037184500622516e-07
4730.0,1.9396533624406898,0.00012206942825556962,5.037185384360043e-07
4731.0,1.9395457175974111,0.000122090957224243,5.037186268097571e-07
4732.0,1.9394380781848681,0.00012211248510676927,5.037187151835099e-07
4733.0,1.9393304442020018,0.00012213401190336017,5.037188031131734e-07
4734.0,1.9392228156477531,0.00012215553761422743,5.03718891042837e-07
4735.0,1.939115192521066,0.00012217706223958266,5.037189798606789e-07
4736.0,1.93900757482088,0.00012219858577963748,5.037190677903425e-07
4737.0,1.938899962546138,0.00012222010823460336,5.03719155720006e-07
4738.0,1.9387923556957847,0.00012224162960469177,5.037192440937588e-07
4739.0,1.938684754268761,0.00012226314989011402,5.037193315793331e-07
4740.0,1.9385771582637068,0.0001222846690910803,5.037191086465498e-07
4741.0,1.938469567547784,0.00012230618723422197,5.037188945955506e-07
4742.0,1.938361981989424,0.00012232770434586653,5.037187573719848e-07
4743.0,1.9382544015903174,0.00012234922042566451,5.037186405765226e-07
4744.0,1.9381468263518635,0.00012237073547333418,5.037185348832907e-07
4745.0,1.9380392562753235,0.00012239224948862296,5.037184389600213e-07
4746.0,1.9379316913618627,0.00012241376247129683,5.037183474776441e-07
4747.0,1.9378241316125842,0.00012243527442113526,5.037182608802482e-07
4748.0,1.9377165770285352,0.00012245678533792821,5.037181769473875e-07
4749.0,1.9376090276107256,0.00012247829522147411,5.037180970113297e-07
4750.0,1.9375014833601256,0.00012249980407157848,5.037180188516288e-07
4751.0,1.9373939442776758,0.000122521311888053,5.037179415801063e-07
4752.0,1.9372864103642955,0.00012254281867071475,5.037178696376543e-07
4753.0,1.9371788816208688,0.00012256432441938548,5.037177968070239e-07
4754.0,1.9370713580482706,0.00012258582913389122,5.037177270850179e-07
4755.0,1.936963839647348,0.00012260733281406187,5.037176582511904e-07
4756.0,1.9368563264189367,0.00012262883545973086,5.037175916378089e-07
4757.0,1.936748818363849,0.00012265033707073488,5.03717524136249e-07
4758.0,1.9366413154828899,0.00012267183764691362,5.03717458411046e-07
4759.0,1.9365338177768463,0.00012269333718810957,5.03717394906289e-07
4760.0,1.9364263252464937,0.00012271483569416787,5.03717333621978e-07
4761.0,1.9363188378925893,0.00012273633316493604,5.03717270117221e-07
4762.0,1.9362113557158895,0.000122757829600264,5.037172101651777e-07
4763.0,1.9361038787171303,0.0001227793250000038,5.037171497690451e-07
4764.0,1.9359964068970432,0.0001228008193640096,5.037170915933586e-07
4765.0,1.935888940256342,0.0001228223126921375,5.037170303090477e-07
4766.0,1.9357814787957468,0.00012284380498424555,5.037169752419857e-07
4767.0,1.9356740225159488,0.00012286529624019353,5.037169170662992e-07
4768.0,1.9355665714176453,0.00012288678645984294,5.037168606669695e-07
4769.0,1.9354591255015212,0.00012290827564305693,5.037168064880859e-07
4770.0,1.9353516847682488,0.00012292976378970024,5.037167505328455e-07
4771.0,1.9352442492185022,0.0001229512508996391,5.037166981303187e-07
4772.0,1.935136818852937,0.00012297273697274122,5.037166435073459e-07
4773.0,1.9350293936722096,0.00012299422200887572,5.037165888843731e-07
4774.0,1.9349219736769692,0.00012301570600791307,5.037165351495787e-07
4775.0,1.9348145588678574,0.0001230371889697251,5.037164831911412e-07
4776.0,1.9347071492455086,0.00012305867089418482,5.037164334531496e-07
4777.0,1.934599744810547,0.0001230801517811666,5.037163806065337e-07
4778.0,1.9344923455636016,0.00012310163163054585,5.037163313126314e-07
4779.0,1.9343849515052844,0.00012312311044219927,5.037162815746399e-07
4780.0,1.9342775626362088,0.0001231445882160046,5.037162322807376e-07
4781.0,1.9341701789569792,0.00012316606495184072,5.037161834309245e-07
4782.0,1.9340628004681957,0.00012318754064958752,5.03716133692933e-07
4783.0,1.933955427170453,0.00012320901530912595,5.037160835108523e-07
4784.0,1.9338480590643456,0.000123230488930338,5.03716036437396e-07
4785.0,1.9337406961504544,0.0001232519615131066,5.037159880316722e-07
4786.0,1.9336333384293611,0.00012327343305731567,5.037159400700375e-07
4787.0,1.9335259859016432,0.00012329490356285003,5.037158938847597e-07
4788.0,1.9334186385678702,0.0001233163730295954,5.037158476994819e-07
4789.0,1.9333112964286079,0.00012333784145743848,5.037158010701148e-07
4790.0,1.9332039594844197,0.00012335930884626673,5.037157539966586e-07
4791.0,1.9330966277358657,0.0001233807751959685,5.037157086995592e-07
4792.0,1.932989301183497,0.00012340224050643302,5.037156625142813e-07
4793.0,1.932881979827867,0.00012342370477755026,5.037156189935388e-07
4794.0,1.9327746636695178,0.00012344516800921103,5.037155736964394e-07
4795.0,1.9326673527089944,0.00012346663020130694,5.037155297316076e-07
4796.0,1.9325600469468325,0.0001234880913537303,5.037154844345082e-07
4797.0,1.9324527463835683,0.00012350955146637422,5.037154400255872e-07
4798.0,1.932345451019733,0.00012353101053913255,5.037153965048446e-07
4799.0,1.9322381608558548,0.0001235524685718998,5.037153543163697e-07
4800.0,1.9321308758924538,0.0001235739255645713,5.037153107956271e-07
4801.0,1.9320235962229284,0.00012359538149845213,5.037151895592729e-07
4802.0,1.931916321940798,0.00012361683635486953,5.037151464826195e-07
4803.0,1.931809053046428,0.0001236382901337323,5.037150900832899e-07
4804.0,1.9317017895404904,0.00012365974283490763,5.037150292430681e-07
4805.0,1.93159453142373,0.00012368119445824635,5.037149621855974e-07
4806.0,1.9314872786969426,0.00012370264500358985,5.037148924635915e-07
4807.0,1.9313800313609535,0.00012372409447077343,5.037148214093179e-07
4808.0,1.9312727894166093,0.00012374554285962797,5.037147494668659e-07
4809.0,1.9311655528647704,0.00012376699016998106,5.037146761921463e-07
4810.0,1.9310583217063118,0.00012378843640165795,5.037146020292482e-07
4811.0,1.930951095942116,0.00012380988155448198,5.037145265340826e-07
4812.0,1.9308438755730757,0.00012383132562827513,5.037144519270953e-07
4813.0,1.930736660600085,0.00012385276862285824,5.037143768760188e-07
4814.0,1.9306294510240436,0.00012387421053805124,5.037143004926747e-07
4815.0,1.9305222468458587,0.00012389565137367338,5.037142263297767e-07
4816.0,1.9304150480664317,0.00012391709112954336,5.037141490582542e-07
4817.0,1.9303078546866728,0.00012393852980547958,5.037140713426425e-07
4818.0,1.9302006667074934,0.0001239599674013001,5.037139945152092e-07
4819.0,1.9300934841298039,0.00012398140391682287,5.037139190200435e-07
4820.0,1.9299863069545136,0.00012400283935186566,5.037138426366994e-07
4821.0,1.929879135182535,0.0001240242737062462,5.037137666974445e-07
4822.0,1.929771968814779,0.00012404570697978226,5.037136907581896e-07
4823.0,1.9296648078521554,0.00012406713917229164,5.037136143748455e-07
4824.0,1.9295576522955769,0.00012408857028359225,5.037135388796798e-07
4825.0,1.9294505021459507,0.0001241100003135021,5.037134616081573e-07
4826.0,1.9293433574041865,0.0001241314292618394,5.037133843366348e-07
4827.0,1.9292362180711946,0.00012415285712842256,5.037133079532907e-07
4828.0,1.9291290841478812,0.0001241742839130702,5.037132329022143e-07
4829.0,1.9290219556351496,0.00012419570961560116,5.03713156074781e-07
4830.0,1.9289148325339074,0.00012421713423583456,5.037130805796153e-07
4831.0,1.9288077148450564,0.00012423855777358975,5.03713005972628e-07
4832.0,1.928700602569498,0.00012425998022868643,5.037129304774624e-07
4833.0,1.9285934957081319,0.00012428140160094454,5.037128549822967e-07
4834.0,1.9284863942618569,0.00012430282189018435,5.037127790430418e-07
4835.0,1.9283792982315733,0.0001243242410962264,5.037127057683222e-07
4836.0,1.928272207618172,0.00012434565921889165,5.037126307172457e-07
4837.0,1.9281651224225476,0.00012436707625800133,5.037125547779908e-07
4838.0,1.9280580426455967,0.00012438849221337703,5.037124823914496e-07
4839.0,1.9279509682882028,0.0001244099070848407,5.037124068962839e-07
4840.0,1.927843899351261,0.00012443132087221458,5.037123345097427e-07
4841.0,1.9277368358356521,0.00012445273357532136,5.037122594586663e-07
4842.0,1.9276297777422648,0.00012447414519398402,5.037121852957682e-07
4843.0,1.9275227250719813,0.00012449555572802595,5.037121115769594e-07
4844.0,1.9274156778256841,0.0001245169651772709,5.037120391904182e-07
4845.0,1.92730863600425,0.00012453837354154293,5.037119650275201e-07
4846.0,1.9272015996085594,0.00012455978082066656,5.037118926409789e-07
4847.0,1.9270945686394854,0.00012458118701446665,5.037118193662593e-07
4848.0,1.926987543097903,0.0001246025921227684,5.037117456474505e-07
4849.0,1.926880522984687,0.00012462399614539743,5.037116745931769e-07
4850.0,1.9267735083007018,0.00012464539908217973,5.037116008743681e-07
4851.0,1.9266664990468207,0.00012466680093294166,5.037115298200945e-07
4852.0,1.9265594952239058,0.00012468820169750995,5.037114561012856e-07
4853.0,1.9264524968328258,0.00012470960137571174,5.037113850470121e-07
4854.0,1.9263455038744406,0.00012473099996737454,5.037113139927385e-07
4855.0,1.9262385163496114,0.00012475239747232619,5.037112429384649e-07
4856.0,1.9261315342591958,0.00012477379389039497,5.037111709960129e-07
4857.0,1.9260245576040513,0.00012479518922140954,5.037110994976501e-07
4858.0,1.9259175863850326,0.0001248165834651989,5.037110279992874e-07
4859.0,1.925810620602994,0.00012483797662159245,5.037109569450138e-07
4860.0,1.9257036602587962,0.00012485936869042002,5.037108969929704e-07
4861.0,1.925596705452231,0.00012488075965179566,5.037112100758634e-07
4862.0,1.925489756280185,0.00012490214948625663,5.037114685357835e-07
4863.0,1.925382812739507,0.00012492353819444063,5.037117105644029e-07
4864.0,1.9252758748272865,0.00012494492577693096,5.037119419348812e-07
4865.0,1.9251689425407374,0.00012496631223428583,5.037121670881106e-07
4866.0,1.9250620158771528,0.0001249876975670467,5.037123869122695e-07
4867.0,1.9249550948338898,0.00012500908177574263,5.037126036278039e-07
4868.0,1.9248481794083516,0.0001250304648608926,5.037128150142678e-07
4869.0,1.9247412695979877,0.00012505184682300738,5.037130255125533e-07
4870.0,1.9246343654002789,0.0001250732276625905,5.037132320140358e-07
4871.0,1.9245274668127395,0.00012509460738013934,5.037134367391616e-07
4872.0,1.9244205738329099,0.00012511598597614562,5.037136383556629e-07
4873.0,1.9243136864583579,0.00012513736345109606,5.037138386398965e-07
4874.0,1.924206804686673,0.00012515873980547282,5.037140375918625e-07
4875.0,1.9240999285154654,0.0001251801150397538,5.037142352115609e-07
4876.0,1.9239930579423654,0.00012520148915441302,5.037144310549024e-07
4877.0,1.9238861929650208,0.00012522286214992077,5.037146251218871e-07
4878.0,1.9237793335810969,0.000125244234026744,5.03714817412515e-07
4879.0,1.9236724797882765,0.00012526560478534642,5.037150092590537e-07
4880.0,1.9235656315842555,0.00012528697442618872,5.037151997733247e-07
4881.0,1.9234587889667458,0.0001253083429497287,5.037153898435065e-07
4882.0,1.9233519519334699,0.0001253297103564214,5.037155772491531e-07
4883.0,1.923245120482167,0.00012535107664671922,5.037157637666212e-07
4884.0,1.9231382946105908,0.0001253724418210721,5.037159520604462e-07
4885.0,1.923031474316499,0.0001253938058799276,5.037161376897359e-07
4886.0,1.9229246595976648,0.0001254151688237309,5.037163197663119e-07
4887.0,1.9228178504518776,0.00012543653065292507,5.037165036192448e-07
4888.0,1.9227110468769308,0.00012545789136795096,5.0371668613991e-07
4889.0,1.92260424887063,0.00012547925096924737,5.037168677723969e-07
4890.0,1.92249745643079,0.00012550060945725117,5.037170462962592e-07
4891.0,1.9223906695552413,0.00012552196683239726,5.037172283728353e-07
4892.0,1.9222838882418136,0.00012554332309511865,5.037174073407868e-07
4893.0,1.9221771124883527,0.00012556467824584658,5.037175863087384e-07
4894.0,1.9220703422927081,0.0001255860322850105,5.037177612798871e-07
4895.0,1.9219635776527488,0.00012560738521303822,5.037179406919279e-07
4896.0,1.9218568185663363,0.0001256287370303558,5.037181156630766e-07
4897.0,1.9217500650313526,0.0001256500877373877,5.037182915224037e-07
4898.0,1.9216433170456815,0.00012567143733455686,5.037184664935523e-07
4899.0,1.9215365746072173,0.00012569278582228458,5.037186405765226e-07
4900.0,1.9214298377138606,0.00012571413320099076,5.037188151035821e-07
4901.0,1.9213231063635179,0.00012573547947109377,5.037189874101955e-07
4902.0,1.921216380554107,0.0001257568246330106,5.037191606049873e-07
4903.0,1.9211096602835502,0.00012577816868715675,5.037193346879576e-07
4904.0,1.9210029455497741,0.00012579951163394642,5.03719506994571e-07
4905.0,1.9208962363507152,0.00012582085347379244,5.037196779689168e-07
4906.0,1.9207895326843152,0.00012584219420710635,5.03719847610995e-07
4907.0,1.9206828345485276,0.00012586353383429834,5.037200199176084e-07
4908.0,1.9205761419413026,0.0001258848723557774,5.037201900037758e-07
4909.0,1.9204694548606027,0.00012590620977195126,5.037203596458539e-07
4910.0,1.9203627733043944,0.00012592754608322642,5.03720527067486e-07
4911.0,1.9202560972706555,0.0001259488812900082,5.037206971536534e-07
4912.0,1.9201494267573613,0.0001259702153927007,5.03720865463464e-07
4913.0,1.9200427617624973,0.00012599154839170693,5.037210324410069e-07
4914.0,1.919936102284055,0.00012601288028742872,5.037211994185498e-07
4915.0,1.9198294483200298,0.00012603421108026684,5.037213646197358e-07
4916.0,1.9197227998684279,0.00012605554077062088,5.037215329295464e-07
4917.0,1.9196161569272503,0.00012607686935888943,5.037216981307324e-07
4918.0,1.9195095194945118,0.00012609819684547,5.037218624437401e-07
4919.0,1.9194028875682323,0.00012611952323075902,5.037220280890153e-07
4920.0,1.919296261146458,0.00012614084851515184,5.037222177151079e-07
4921.0,1.9191896402678505,0.00012616217269082808,5.037219916737001e-07
4922.0,1.9190830249743092,0.00012618349574948832,5.037217514214376e-07
4923.0,1.918976415268701,0.0001262048176905619,5.037215111691751e-07
4924.0,1.918869811153915,0.00012622613851347067,5.037212691405557e-07
4925.0,1.918763212632842,0.00012624745821763735,5.037210293323824e-07
4926.0,1.9186566197083545,0.000126268776802487,5.037207899682983e-07
4927.0,1.9185500323833151,0.0001262900942674476,5.037205537128386e-07
4928.0,1.9184434506605654,0.0001263114106119502,5.037203170132898e-07
4929.0,1.9183368745429399,0.00012633272583542892,5.037200851987222e-07
4930.0,1.9182303040332462,0.0001263540399373209,5.037198511637087e-07
4931.0,1.918123739134286,0.00012637535291706628,5.037196180168735e-07
4932.0,1.9180171798488461,0.00012639666477410805,5.037193870904844e-07
4933.0,1.9179106261796974,0.000126417975507892,5.037191579404521e-07
4934.0,1.917804078129596,0.00012643928511786663,5.037189296785982e-07
4935.0,1.9176975357012855,0.00012646059360348305,5.037187014167444e-07
4936.0,1.9175909988975,0.00012648190096419494,5.037184753753365e-07
4937.0,1.9174844677209555,0.00012650320719945844,5.037182484457503e-07
4938.0,1.9173779421743637,0.00012652451230873207,5.037180246247885e-07
4939.0,1.9172714222604164,0.0001265458162914767,5.037178003597376e-07
4940.0,1.9171649079817996,0.00012656711914715545,5.037175774269542e-07
4941.0,1.9170583993411876,0.00012658842087523363,5.037173562705277e-07
4942.0,1.9169518963412406,0.0001266097214751787,5.03717134670012e-07
4943.0,1.916845398984614,0.0001266310209464602,5.037169157340315e-07
4944.0,1.9167389072739456,0.00012665231928854975,5.037166950216942e-07
4945.0,1.9166324212118742,0.00012667361650092092,5.037164796384275e-07
4946.0,1.9165259408010131,0.00012669491258304923,5.037162598142686e-07
4947.0,1.9164194660439828,0.0001267162075344121,5.037160439869126e-07
4948.0,1.9163129969433834,0.0001267375013544888,5.037158281595566e-07
4949.0,1.9162065335018093,0.00012675879404276045,5.037156118881114e-07
4950.0,1.9161000757218476,0.00012678008559870993,5.037153978371123e-07
4951.0,1.9159936236060748,0.00012680137602182181,5.037151846742915e-07
4952.0,1.9158871771570574,0.00012682266531158248,5.037149701792032e-07
4953.0,1.915780736377358,0.00012684395346747993,5.037147583486501e-07
4954.0,1.9156743012695272,0.0001268652404890038,5.037145469621862e-07
4955.0,1.9155678718361069,0.0001268865263756454,5.037143346875439e-07
4956.0,1.9154614480796353,0.00012690781112689755,5.037141237451692e-07
4957.0,1.915355030002641,0.00012692909474225467,5.037139150232406e-07
4958.0,1.915248617607639,0.0001269503772212127,5.037137031926875e-07
4959.0,1.9151422108971505,0.00012697165856326913,5.037134966912049e-07
4960.0,1.9150358098736735,0.0001269929387679229,5.037132884133655e-07
4961.0,1.9149294145397082,0.00012701421783467437,5.037130805796153e-07
4962.0,1.9148230248977463,0.00012703549576302542,5.037128740781327e-07
4963.0,1.9147166409502692,0.00012705677255247928,5.037126662443825e-07
4964.0,1.9146102626997585,0.00012707804820254057,5.03712461963346e-07
4965.0,1.9145038901486764,0.00012709932271271534,5.037122536855065e-07
4966.0,1.914397523299495,0.00012712059608251095,5.037120502926484e-07
4967.0,1.914291162154665,0.00012714186831143612,5.037118460116119e-07
4968.0,1.91418480671664,0.00012716313939900085,5.037116448391998e-07
4969.0,1.9140784569878577,0.00012718440934471646,5.037114405581633e-07
4970.0,1.9139721129707605,0.00012720567814809557,5.03711238941662e-07
4971.0,1.913865774667775,0.00012722694580865202,5.037110355488039e-07
4972.0,1.9137594420813284,0.00012724821232590095,5.037108334882134e-07
4973.0,1.9136531152138385,0.00012726947769935867,5.037106323158014e-07
4974.0,1.9135467940677164,0.00012729074192854275,5.037104306993001e-07
4975.0,1.9134404786453723,0.00012731200501297197,5.037102326355125e-07
4976.0,1.9133341689492023,0.00012733326695216627,5.037100341276357e-07
4977.0,1.9132278649815984,0.00012735452774564679,5.037098329552236e-07
4978.0,1.913121566744955,0.00012737578739293578,5.037096344473468e-07
4979.0,1.9130152742416535,0.0001273970458935567,5.037094377158269e-07
4980.0,1.9129089874739447,0.00012741830324703368,5.037091135307037e-07
4981.0,1.9128027062782715,0.00012743955948615082,5.037090260451293e-07
4982.0,1.9126964304900658,0.0001274608146437724,5.037089283455032e-07
4983.0,1.9125901601106605,0.00012748206871963835,5.037088528503375e-07
4984.0,1.9124838951409755,0.0001275033217135624,5.037087880133129e-07
4985.0,1.9123776355817939,0.00012752457362538724,5.037087307258048e-07
4986.0,1.9122713814338137,0.00012754582445497276,5.037086778791888e-07
4987.0,1.9121651326976743,0.0001275670742021904,5.037086268089297e-07
4988.0,1.9120588893739787,0.0001275883228669201,5.037085797354734e-07
4989.0,1.911952651463293,0.00012760957044904823,5.037085348824633e-07
4990.0,1.91184641896616,0.0001276308169484664,5.037084922498991e-07
4991.0,1.9117401918830996,0.00012765206236507026,5.037084513936918e-07
4992.0,1.9116339702146148,0.0001276733066987591,5.037084109815737e-07
4993.0,1.9115277539611961,0.00012769454994943506,5.037083719017232e-07
4994.0,1.9114215431233188,0.00012771579211700288,5.037083337100512e-07
4995.0,1.9113153377014478,0.0001277370332013695,5.037082959624684e-07
4996.0,1.9112091376960394,0.00012775827320244377,5.037082586589747e-07
4997.0,1.9111029431075404,0.0001277795121201363,5.037082222436595e-07
4998.0,1.9109967539363915,0.0001278007499543592,5.037081880487904e-07
4999.0,1.9108905701830214,0.00012782198670502603,5.037081520775644e-07
5000.0,1.9107843918478589,0.0001278432223720515,5.037081169945168e-07
5001.0,1.910678218931325,0.0001278644569553516,5.03708083687826e-07
5002.0,1.9105720514338311,0.00012788569045484326,5.037080481606893e-07
5003.0,1.9104658893557938,0.0001279069228704444,5.037080161862661e-07
5004.0,1.9103597326976125,0.00012792815420207388,5.037079824354862e-07
5005.0,1.9102535814596924,0.00012794938444965132,5.037079495728847e-07
5006.0,1.9101474356424328,0.0001279706136130971,5.037079189307292e-07
5007.0,1.9100412952462225,0.00012799184169233244,5.037078851799492e-07
5008.0,1.9099351602714567,0.0001280130686872791,5.037078527614369e-07
5009.0,1.909829030718524,0.00012803429459785955,5.037078221192814e-07
5010.0,1.9097229065878065,0.00012805551942399686,5.03707791477126e-07
5011.0,1.9096167878796855,0.00012807674316561463,5.037077590586136e-07
5012.0,1.9095106745945427,0.00012809796582263699,5.037077284164582e-07
5013.0,1.9094045667327517,0.0001281191873949886,5.037076955538566e-07
5014.0,1.9092984642946915,0.00012814040788259465,5.037076653557904e-07
5015.0,1.9091923672807307,0.0001281616272853807,5.037076347136349e-07
5016.0,1.9090862756912388,0.00012818284560327286,5.037076036273902e-07
5017.0,1.9089801895265865,0.00012820406283619757,5.037075747615916e-07
5018.0,1.908874108787136,0.00012822527898408173,5.037075450076145e-07
5019.0,1.9087680334732522,0.00012824649404685263,5.037075161418159e-07
5020.0,1.9086619635852953,0.0001282677080244379,5.037074854996604e-07
5021.0,1.908555899123628,0.0001282889209167656,5.037074566338617e-07
5022.0,1.9084498400886056,0.00012831013272376402,5.037074264357955e-07
5023.0,1.9083437864805877,0.00012833134344536194,5.03707398014086e-07
5024.0,1.908237738299926,0.00012835255308148836,5.03707368260109e-07
5025.0,1.9081316955469765,0.00012837376163207264,5.037073402824888e-07
5026.0,1.9080256582220878,0.00012839496909704444,5.037073105285117e-07
5027.0,1.9079196263256122,0.0001284161754763337,5.037072812186238e-07
5028.0,1.9078135998579009,0.00012843738076987067,5.037072550173605e-07
5029.0,1.907707578819295,0.0001284585849775859,5.037072248192942e-07
5030.0,1.907601563210144,0.0001284797880994102,5.037071955094063e-07
5031.0,1.9074955530307924,0.0001285009901352746,5.037071661995185e-07
5032.0,1.907389548281585,0.00012852219108511052,5.037071382218983e-07
5033.0,1.9072835489628632,0.00012854339094884947,5.037071111324565e-07
5034.0,1.9071775550749641,0.00012856458972642333,5.037070813784794e-07
5035.0,1.9070715666182312,0.00012858578741776417,5.037070525126808e-07
5036.0,1.9069655835930037,0.00012860698402280434,5.037070258673282e-07
5037.0,1.9068596059996143,0.00012862817954147637,5.037069965574403e-07
5038.0,1.9067536338384043,0.00012864937397371308,5.03706970356177e-07
5039.0,1.9066476671097035,0.00012867056731944744,5.037069414903783e-07
5040.0,1.9065417058149434,0.00012869175957861477,5.03708017962623e-07
5041.0,1.9064357500581617,0.00012871295072999263,5.037081254322118e-07
5042.0,1.9063297999454238,0.00012873414075256456,5.037082471126553e-07
5043.0,1.9062238554751496,0.0001287553296466408,5.037083541381548e-07
5044.0,1.9061179166460596,0.00012877651741247833,5.03708451837781e-07
5045.0,1.9060119834569844,0.00012879770405031164,5.037085433201582e-07
5046.0,1.9059060559068228,0.00012881888956036124,5.03708629473465e-07
5047.0,1.9058001339945259,0.0001288400739428375,5.037087138504148e-07
5048.0,1.9056942177190799,0.00012886125719794298,5.037087951187402e-07
5049.0,1.9055883070795023,0.00012888243932587402,5.037088732784412e-07
5050.0,1.9054824020748402,0.00012890362032682182,5.037089496617853e-07
5051.0,1.9053765027041591,0.00012892480020097315,5.037090256010401e-07
5052.0,1.9052706089665448,0.0001289459789485109,5.037090997639382e-07
5053.0,1.9051647208611018,0.00012896715656961463,5.037091752591039e-07
5054.0,1.9050588383869411,0.00012898833306446085,5.037092458692882e-07
5055.0,1.9049529615431982,0.00012900950843322342,5.037093155912942e-07
5056.0,1.9048470903290164,0.00012903068267607371,5.037093857573893e-07
5057.0,1.9047412247435498,0.0001290518557931809,5.037094550353061e-07
5058.0,1.904635364785963,0.00012907302778471203,5.037095238691336e-07
5059.0,1.9045295104554296,0.00012909419865083223,5.037095913706935e-07
5060.0,1.9044236617511339,0.00012911536839170488,5.037096588722534e-07
5061.0,1.904317818672265,0.00012913653700749166,5.03709723709278e-07
5062.0,1.9042119812180243,0.00012915770449835272,5.037097885463027e-07
5063.0,1.9041061493876184,0.00012917887086444675,5.037098529392381e-07
5064.0,1.9040003231802614,0.00012920003610593104,5.037099168880843e-07
5065.0,1.9038945025951728,0.00012922120022296156,5.037099812810197e-07
5066.0,1.9037886876315808,0.00012924236321569304,5.037100465621336e-07
5067.0,1.9036828782887139,0.00012926352508427902,5.037101096228014e-07
5068.0,1.9035770745658098,0.00012928468582887193,5.037101700189339e-07
5069.0,1.9034712764621162,0.00012930584544962307,5.037102321914233e-07
5070.0,1.9033654839768794,0.00012932700394668273,5.037102934757343e-07
5071.0,1.9032596971093527,0.00012934816132020022,5.03710354315956e-07
5072.0,1.9031539158587936,0.0001293693175703239,5.037104138239101e-07
5073.0,1.9030481402244674,0.0001293904726972012,5.037104742200427e-07
5074.0,1.90294237020564,0.00012941162670097872,5.03710534172086e-07
5075.0,1.9028366058015829,0.00012943277958180212,5.037105941241293e-07
5076.0,1.9027308470115716,0.00012945393133981633,5.037106540761727e-07
5077.0,1.9026250938348857,0.0001294750819751654,5.037107131400376e-07
5078.0,1.9025193462708074,0.00012949623148799267,5.037107713157241e-07
5079.0,1.9024136043186268,0.00012951737987844074,5.037108312677674e-07
5080.0,1.902307867977631,0.00012953852714665148,5.037108889993647e-07
5081.0,1.9022021372471176,0.00012955967329276603,5.037109485073188e-07
5082.0,1.9020964121263804,0.00012958081831692487,5.037110053507377e-07
5083.0,1.9019906926147236,0.00012960196221926783,5.037110635264241e-07
5084.0,1.901884978711449,0.0001296231049999341,5.037111199257538e-07
5085.0,1.901779270415866,0.00012964424665906226,5.037111781014403e-07
5086.0,1.901673567727281,0.0001296653871967902,5.037112322803239e-07
5087.0,1.9015678706450143,0.0001296865266132553,5.037112913441888e-07
5088.0,1.9014621791683748,0.0001297076649085944,5.037113472994292e-07
5089.0,1.901356493296684,0.00012972880208294364,5.037114028105805e-07
5090.0,1.9012508130292654,0.00012974993813643873,5.037114596539993e-07
5091.0,1.9011451383654407,0.00012977107306921476,5.037115151651506e-07
5092.0,1.9010394693045394,0.00012979220688140634,5.037115715644802e-07
5093.0,1.9009338058458887,0.00012981333957314757,5.037116270756314e-07
5094.0,1.9008281479888214,0.000129834471144572,5.037116821426935e-07
5095.0,1.900722495732672,0.00012985560159581278,5.037117367656663e-07
5096.0,1.90061684907678,0.00012987673092700248,5.037117931649959e-07
5097.0,1.900511208020481,0.0001298978591382732,5.037118477879687e-07
5098.0,1.9004055725631175,0.0001299189862297567,5.037119015227631e-07
5099.0,1.9002999427040355,0.0001299401122015841,5.037119565898251e-07
5100.0,1.9001943184425727,0.0001299612370538862,5.037120041073706e-07
5101.0,1.9000886996449626,0.00012998236081343924,5.03712159538594e-07
5102.0,1.8999830861765576,0.0001300034835071598,5.037123571582924e-07
5103.0,1.8998774780350638,0.0001300246051355011,5.03712569877024e-07
5104.0,1.899771875217932,0.0001300457256989718,5.037127914775397e-07
5105.0,1.8996662777225115,0.000130066845198101,5.037130170748583e-07
5106.0,1.8995606855461005,0.00013008796363342902,5.037132462248906e-07
5107.0,1.8994550986859602,0.00013010908100550308,5.037134762631013e-07
5108.0,1.899349517139331,0.000130130197314875,5.037137067454012e-07
5109.0,1.8992439409034412,0.00013015131256209964,5.037139398922363e-07
5110.0,1.899138369975501,0.0001301724267477339,5.037141708186255e-07
5111.0,1.8990328043527243,0.0001301935398723361,5.037144052977283e-07
5112.0,1.898927244032312,0.0001302146519364654,5.037146393327419e-07
5113.0,1.8988216890114653,0.0001302357629406815,5.037148733677554e-07
5114.0,1.898716139287384,0.0001302568728855443,5.037151060705014e-07
5115.0,1.89861059485727,0.00013027798177161367,5.037153392173366e-07
5116.0,1.898505055718326,0.00013029908959944934,5.037155732523502e-07
5117.0,1.8983995218677525,0.00013032019636961072,5.037158068432745e-07
5118.0,1.8982939933027547,0.0001303413020826567,5.037160391019313e-07
5119.0,1.8981884700205434,0.00013036240673914575,5.037162726928557e-07
5120.0,1.898082952018325,0.00013038351033963565,5.03716504063334e-07
5121.0,1.8979774392933182,0.00013040461288468355,5.037167363219908e-07
5122.0,1.8978719318427382,0.00013042571437484588,5.037169681365583e-07
5123.0,1.8977664296638066,0.0001304468148106783,5.037171986188582e-07
5124.0,1.8976609327537524,0.0001304679141927357,5.037174313216042e-07
5125.0,1.8975554411098006,0.0001304890125215721,5.037176618039041e-07
5126.0,1.897449954729188,0.0001305101097977407,5.03717892286204e-07
5127.0,1.897344473609151,0.0001305312060217938,5.037181205480579e-07
5128.0,1.8972389977469368,0.00013055230119428287,5.037183519185362e-07
5129.0,1.8971335271397867,0.0001305733953157584,5.037185792922116e-07
5130.0,1.8970280617849589,0.00013059448838677,5.037188093304223e-07
5131.0,1.8969226016797043,0.00013061558040786638,5.037190367040978e-07
5132.0,1.8968171468212887,0.00013063667137959528,5.037192658541301e-07
5133.0,1.896711697206976,0.00013065776130250352,5.037194941159839e-07
5134.0,1.8966062528340357,0.00013067885017713698,5.037197214896594e-07
5135.0,1.8965008136997437,0.00013069993800404061,5.03719947086978e-07
5136.0,1.8963953798013813,0.0001307210247837584,5.03720173572475e-07
5137.0,1.896289951136231,0.00013074211051683336,5.037203982816152e-07
5138.0,1.8961845277015874,0.00013076319520380762,5.037206260993798e-07
5139.0,1.8960791094947376,0.0001307842788452223,5.037208494762524e-07
5140.0,1.895973696512985,0.00013080536144161764,5.037210737413034e-07
5141.0,1.8958682887536338,0.00013082644299353285,5.037212984504436e-07
5142.0,1.895762886213989,0.00013084752350150627,5.037215209391377e-07
5143.0,1.89565748889137,0.00013086860296607526,5.037217469805455e-07
5144.0,1.8955520967830883,0.00013088968138777625,5.037219703574181e-07
5145.0,1.8954467098864678,0.00013091075876714477,5.03722192402023e-07
5146.0,1.8953413281988376,0.00013093183510471534,5.037224148907171e-07
5147.0,1.8952359517175266,0.00013095291040102162,5.037226351589652e-07
5148.0,1.895130580439875,0.00013097398465659632,5.037228572035701e-07
5149.0,1.8950252143632216,0.00013099505787197126,5.037230783599966e-07
5150.0,1.8949198534849108,0.00013101613004767726,5.037232977400663e-07
5151.0,1.8948144978022985,0.0001310372011842443,5.037235206728496e-07
5152.0,1.8947091473127327,0.00013105827128220146,5.037237404970085e-07
5153.0,1.8946038020135758,0.00013107934034207682,5.037239607652566e-07
5154.0,1.8944984619021896,0.00013110040836439768,5.037241783689694e-07
5155.0,1.8943931269759438,0.00013112147534969038,5.037243959726823e-07
5156.0,1.8942877972322145,0.00013114254129848035,5.037246171291088e-07
5157.0,1.8941824726683727,0.00013116360621129216,5.037248338446432e-07
5158.0,1.8940771532818041,0.00013118467008864954,5.037250523365344e-07
5159.0,1.8939718390698923,0.00013120573293107525,5.037252690520688e-07
5160.0,1.8938665300300541,0.00013122679473909132,5.037255115247774e-07
5161.0,1.8937612262731436,0.00013124785549046736,5.037254808826219e-07
5162.0,1.8936559279121536,0.00013126891516265096,5.037254089401699e-07
5163.0,1.8935506349478939,0.00013128997375548614,5.037253250073093e-07
5164.0,1.8934453473813688,0.00013131103126877344,5.037252366335565e-07
5165.0,1.8933400652136503,0.00013133208770229853,5.037251433748224e-07
5166.0,1.8932347884458516,0.0001313531430558396,5.037250501160884e-07
5167.0,1.8931295170791007,0.00013137419732917057,5.03724954192819e-07
5168.0,1.8930242511145425,0.0001313952505220629,5.037248578254605e-07
5169.0,1.892918990553328,0.00013141630263428653,5.037247610140128e-07
5170.0,1.8928137353966108,0.0001314373536656108,5.037246655348326e-07
5171.0,1.8927084856455447,0.00013145840361580472,5.037245691674741e-07
5172.0,1.892603241301285,0.0001314794524846373,5.037244719119371e-07
5173.0,1.8924980023649864,0.00013150050027187788,5.03724376432757e-07
5174.0,1.8923927688377984,0.00013152154697729622,5.037242800653985e-07
5175.0,1.8922875407208704,0.00013154259260066267,5.037241841421292e-07
5176.0,1.8921823180153485,0.00013156363714174818,5.037240899952167e-07
5177.0,1.8920771007223716,0.00013158468060032446,5.037239945160366e-07
5178.0,1.8919718888430799,0.00013160572297616401,5.037239003691241e-07
5179.0,1.891866682378606,0.0001316267642690401,5.0372380711039e-07
5180.0,1.891761481330078,0.00013164780447872683,5.037237129634775e-07
5181.0,1.8916562856986228,0.00013166884360499918,5.037236192606542e-07
5182.0,1.8915510954853596,0.000131689881647633,5.037235251137417e-07
5183.0,1.891445910691408,0.00013171091860640502,5.037234340754537e-07
5184.0,1.8913407313178752,0.0001317319544810928,5.037233399285412e-07
5185.0,1.8912355573658741,0.00013175298927147483,5.037232488902532e-07
5186.0,1.8911303888365036,0.0001317740229773305,5.037231565196976e-07
5187.0,1.891025225730864,0.00013179505559844,5.037230645932311e-07
5188.0,1.890920068050052,0.00013181608713458447,5.037229748872107e-07
5189.0,1.8908149157951548,0.00013183711758554587,5.037228847371011e-07
5190.0,1.890709768967259,0.00013185814695110704,5.037227945869915e-07
5191.0,1.890604627567446,0.00013187917523105168,5.037227048809712e-07
5192.0,1.8904994915967923,0.0001319002024251643,5.037226142867723e-07
5193.0,1.8903943610563727,0.00013192122853323036,5.037225250248412e-07
5194.0,1.8902892359472572,0.00013194225355503598,5.037224375392668e-07
5195.0,1.890184116270509,0.00013196327749036822,5.037223504977817e-07
5196.0,1.8900790020271845,0.00013198430033901492,5.037222599035829e-07
5197.0,1.88997389321835,0.00013200532210076474,5.037221746384546e-07
5198.0,1.8898687898450495,0.0001320263427754071,5.037220858206126e-07
5199.0,1.8897636919083383,0.00013204736236273223,5.037220001113951e-07
5200.0,1.8896585994092558,0.0001320683808625311,5.037219117376424e-07
5201.0,1.8895535123488472,0.0001320893982745955,5.037218251402464e-07
5202.0,1.889448430728148,0.0001321104145987179,5.037217380987613e-07
5203.0,1.8893433545481941,0.00013213142983469164,5.03721652833633e-07
5204.0,1.8892382838100141,0.00013215244398231065,5.037215680125939e-07
5205.0,1.8891332185146328,0.0001321734570413697,5.037214818592872e-07
5206.0,1.8890281586630757,0.00013219446901166422,5.037213974823374e-07
5207.0,1.888923104256361,0.0001322154798929904,5.037213135494767e-07
5208.0,1.888818055295503,0.0001322364896851451,5.037212291725268e-07
5209.0,1.8887130117815143,0.0001322574983879259,5.037211443514877e-07
5210.0,1.8886079737154058,0.00013227850600113102,5.037210617508947e-07
5211.0,1.88850294109818,0.0001322995125245594,5.037209773739448e-07
5212.0,1.888397913930839,0.00013232051795801064,5.037208925529058e-07
5213.0,1.8882928922143862,0.000132341522301285,5.037208117286696e-07
5214.0,1.8881878759498125,0.00013236252555418342,5.037207304603442e-07
5215.0,1.8880828651381087,0.00013238352771650742,5.037206465274835e-07
5216.0,1.8879778597802672,0.00013240452878805924,5.037205639268905e-07
5217.0,1.8878728598772736,0.00013242552876864173,5.037204826585651e-07
5218.0,1.8877678654301089,0.00013244652765805832,5.037204009461504e-07
5219.0,1.8876628764397518,0.0001324675254561131,5.037203179014682e-07
5220.0,1.88755789290635,0.00013248852216260864,5.037193937518225e-07
5221.0,1.8874529146872139,0.00013250951780650178,5.037197232660162e-07
5222.0,1.887347941636654,0.00013253051241658606,5.037195847101827e-07
5223.0,1.8872429737575402,0.00013255150599238898,5.03719485678289e-07
5224.0,1.8871380110517646,0.00013257249853350955,5.037193129275863e-07
5225.0,1.8870330535212647,0.00013259349003957616,5.037191459500434e-07
5226.0,1.8869281011678225,0.0001326144805102357,5.037190016210502e-07
5227.0,1.8868231539931204,0.0001326354699451477,5.037188595125031e-07
5228.0,1.8867182119988104,0.0001326564583439818,5.037187200684912e-07
5229.0,1.8866132751865063,0.00013267744570641583,5.037185859535498e-07
5230.0,1.8865083435577827,0.00013269843203213408,5.037184536149653e-07
5231.0,1.8864034171141955,0.0001327194173208265,5.037183283818081e-07
5232.0,1.8862984958572664,0.0001327404015721879,5.037182062572754e-07
5233.0,1.8861935797884979,0.0001327613847859173,5.037180850209211e-07
5234.0,1.8860886689093754,0.00013278236696171768,5.037179646727452e-07
5235.0,1.885983763221368,0.00013280334809929542,5.03717845656837e-07
5236.0,1.8858788627259235,0.00013282432819836017,5.037177248645719e-07
5237.0,1.8857739674244853,0.00013284530725862453,5.037176085131989e-07
5238.0,1.8856690773184726,0.00013286628527980383,5.037174921618259e-07
5239.0,1.8855641924092992,0.00013288726226161592,5.037173793631666e-07
5240.0,1.8854593126983596,0.00013290823820378097,5.037172652322397e-07
5241.0,1.8853544381870502,0.00013292921310602133,5.037171573185617e-07
5242.0,1.885249568876739,0.00013295018696806148,5.037170471844377e-07
5243.0,1.8851447047687964,0.00013297115978962778,5.03716935718046e-07
5244.0,1.8850398458645867,0.00013299213157044848,5.037168295807248e-07
5245.0,1.8849349921654497,0.00013301310231025363,5.037167185584224e-07
5246.0,1.884830143672735,0.000133034072008775,5.037166106447444e-07
5247.0,1.884725300387772,0.000133055040665746,5.037165027310664e-07
5248.0,1.8846204623118832,0.00013307600828090158,5.037163917087639e-07
5249.0,1.8845156294463932,0.0001330969748539782,5.037162846832643e-07
5250.0,1.8844108017926071,0.00013311794038471376,5.037161767695864e-07
5251.0,1.884305979351831,0.00013313890487284762,5.037160697440868e-07
5252.0,1.884201162125361,0.0001331598683181204,5.037159636067656e-07
5253.0,1.8840963501144867,0.0001331808307202741,5.037158579135337e-07
5254.0,1.8839915433204915,0.00013320179207905187,5.037157513321233e-07
5255.0,1.8838867417446543,0.00013322275239419817,5.037156456388914e-07
5256.0,1.8837819453882485,0.00013324371166545862,5.037155421661055e-07
5257.0,1.883677154252538,0.00013326466989257998,5.037154382492304e-07
5258.0,1.8835723683387822,0.00013328562707531016,5.037153334441768e-07
5259.0,1.8834675876482367,0.00013330658321339812,5.037152281950341e-07
5260.0,1.8833628121821557,0.00013332753830659394,5.037151260545158e-07
5261.0,1.883258041941779,0.00013334849235464868,5.037150230258192e-07
5262.0,1.8831532769283499,0.0001333694453573145,5.03714923105747e-07
5263.0,1.8830485171430977,0.00013339039731434445,5.037148205211395e-07
5264.0,1.8829437625872532,0.00013341134822549263,5.037147170483536e-07
5265.0,1.8828390132620452,0.00013343229809051403,5.037146157960137e-07
5266.0,1.8827342691686924,0.0001334532469091646,5.037145158759415e-07
5267.0,1.8826295303084088,0.0001334741946812012,5.037144155117801e-07
5268.0,1.882524796682405,0.00013349514140638153,5.037143133712618e-07
5269.0,1.882420068291891,0.00013351608708446426,5.037142130071004e-07
5270.0,1.8823153451380676,0.00013353703171520883,5.03714112642939e-07
5271.0,1.882210627222135,0.00013355797529837558,5.037140136110452e-07
5272.0,1.8821059145452845,0.00013357891783372564,5.037139132468837e-07
5273.0,1.88200120710871,0.00013359985932102095,5.037138151031684e-07
5274.0,1.8818965049135945,0.00013362079976002425,5.037137165153638e-07
5275.0,1.881791807961122,0.0001336417391504991,5.037136179275592e-07
5276.0,1.8816871162524706,0.0001336626774922098,5.03713520227933e-07
5277.0,1.8815824297888153,0.00013368361478492138,5.037134225283069e-07
5278.0,1.8814777485713274,0.00013370455102839967,5.037133266050375e-07
5279.0,1.881373072601172,0.00013372548622241122,5.037132284613222e-07
5280.0,1.8812684018795625,0.0001337464203667236,5.037131809437767e-07
5281.0,1.881163736659152,0.00013376735341089245,5.037136148189347e-07
5282.0,1.8810590771887907,0.0001337882853050269,5.037139256813816e-07
5283.0,1.8809544234646414,0.00013380921604991104,5.037141970198888e-07
5284.0,1.880849775483426,0.00013383014564620434,5.037144483743816e-07
5285.0,1.8807451332421232,0.0001338510740945124,5.037146855180197e-07
5286.0,1.8806404967378774,0.0001338720013954066,5.037149111153383e-07
5287.0,1.8805358659679619,0.00013389292754943392,5.037151322717648e-07
5288.0,1.880431240929732,0.00013391385255712236,5.037153445464071e-07
5289.0,1.8803266216206278,0.00013393477641898457,5.037155514919789e-07
5290.0,1.880222008038152,0.00013395569913552055,5.037157553289262e-07
5291.0,1.880117400179856,0.00013397662070721938,5.037159533927138e-07
5292.0,1.8800127980433459,0.0001339975411345607,5.037161501242338e-07
5293.0,1.8799082016262636,0.0001340184604180158,5.0371634330304e-07
5294.0,1.879803610926289,0.00013403937855804848,5.037165320409542e-07
5295.0,1.8796990259411392,0.00013406029555511586,5.037167190025116e-07
5296.0,1.8795944466685586,0.0001340812114096689,5.037169037436229e-07
5297.0,1.879489873106322,0.00013410212612215302,5.03717088040645e-07
5298.0,1.8793853052522256,0.00013412303969300834,5.03717267896775e-07
5299.0,1.8792807431040954,0.0001341439521226703,5.037174473088157e-07
5300.0,1.8791761866597738,0.00013416486341156976,5.037176231681428e-07
5301.0,1.8790716359171302,0.00013418577356013353,5.037177985833807e-07
5302.0,1.8789670908740495,0.00013420668256878442,5.037179722222618e-07
5303.0,1.8788625515284367,0.00013422759043794157,5.037181449729644e-07
5304.0,1.8787580178782135,0.0001342484971680206,5.037183172795778e-07
5305.0,1.8786534899213163,0.0001342694027594338,5.037184860334776e-07
5306.0,1.8785489676557028,0.00013429030721259034,5.037186552314665e-07
5307.0,1.8784444510793394,0.00013431121052789638,5.037188217649202e-07
5308.0,1.87833994019021,0.00013433211270575524,5.037189865220171e-07
5309.0,1.8782354349863133,0.00013435301374656745,5.037191512791139e-07
5310.0,1.8781309354656597,0.000134373913650731,5.037193151480324e-07
5311.0,1.878026441626271,0.00013439481241864129,5.037194781287724e-07
5312.0,1.8779219534661853,0.00013441571005069135,5.0371964244178e-07
5313.0,1.877817470983442,0.00013443660654727187,5.037198018698064e-07
5314.0,1.8777129941761066,0.00013445750190877126,5.037199635182787e-07
5315.0,1.8776085230422435,0.00013447839613557583,5.037201233903943e-07
5316.0,1.8775040575799304,0.00013449928922806974,5.037202797097962e-07
5317.0,1.8773995977872597,0.00013452018118663515,5.03720436029198e-07
5318.0,1.8772951436623309,0.00013454107201165227,5.037205927926891e-07
5319.0,1.8771906952032513,0.00013456196170349942,5.03720749112091e-07
5320.0,1.8770862524081378,0.00013458285026255305,5.03720903655136e-07
5321.0,1.8769818152751188,0.00013460373768918785,5.037210586422702e-07
5322.0,1.8768773838023278,0.00013462462398377675,5.037212122971368e-07
5323.0,1.8767729579879104,0.000134645509146691,5.037213659520035e-07
5324.0,1.8766685378300176,0.00013466639317830022,5.037215191627809e-07
5325.0,1.8765641233268093,0.00013468727607897243,5.03721671929469e-07
5326.0,1.876459714476453,0.00013470815784907405,5.037218238079788e-07
5327.0,1.8763553112771234,0.00013472903848897,5.037219739101317e-07
5328.0,1.8762509137270065,0.00013474991799902373,5.037221257886415e-07
5329.0,1.8761465218242879,0.0001347707963795972,5.037222745585268e-07
5330.0,1.8760421355671686,0.00013479167363105102,5.037224242165905e-07
5331.0,1.8759377549538514,0.00013481254975374437,5.037225738746542e-07
5332.0,1.875833379982547,0.00013483342474803506,5.037227230886288e-07
5333.0,1.875729010651473,0.00013485429861427958,5.037228714144248e-07
5334.0,1.8756246469588516,0.00013487517135283314,5.037230179638641e-07
5335.0,1.8755202889029172,0.00013489604296404968,5.037231662896602e-07
5336.0,1.8754159364819012,0.0001349169134482819,5.037233115068318e-07
5337.0,1.8753115896940524,0.00013493778280588125,5.037234593885387e-07
5338.0,1.875207248537613,0.000134958651037198,5.037236037175319e-07
5339.0,1.8751029130108416,0.00013497951814258122,5.037237484906143e-07
5340.0,1.8749985831117921,0.00013500038412237795,5.03723682321322e-07
5341.0,1.8748942585278658,0.00013502124903906433,5.037231880500315e-07
5342.0,1.874789938950473,0.000135042112954479,5.037228687498896e-07
5343.0,1.8746856243835726,0.00013506297586780454,5.037225956350255e-07
5344.0,1.8745813148304642,0.00013508383777837655,5.037223473891572e-07
5345.0,1.8744770102941353,0.0001351046986855961,5.037221164627681e-07
5346.0,1.8743727107773696,0.0001351255585889055,5.037218975267876e-07
5347.0,1.874268416282804,0.00013514641748777655,5.037216874725914e-07
5348.0,1.8741641268129665,0.00013516727538170366,5.037214854120009e-07
5349.0,1.874059842370292,0.00013518813227019939,5.037212895686594e-07
5350.0,1.873955562957143,0.0001352089881527913,5.037210999425668e-07
5351.0,1.8738512885758134,0.0001352298430290198,5.037209129810094e-07
5352.0,1.8737470192285481,0.0001352506968984364,5.037207304603442e-07
5353.0,1.8736427549175403,0.00013527154976060232,5.03720552380571e-07
5354.0,1.87353849564494,0.00013529240161508737,5.037203774094223e-07
5355.0,1.8734342414128569,0.00013531325246146918,5.037202033264521e-07
5356.0,1.8733299922233717,0.00013533410229933242,5.037200341284631e-07
5357.0,1.8732257480785275,0.00013535495112826818,5.03719868927277e-07
5358.0,1.8731215089803361,0.0001353757989478735,5.037197041701802e-07
5359.0,1.8730172749307867,0.00013539664575775082,5.037195411894402e-07
5360.0,1.8729130459318413,0.00013541749155750765,5.03719379985057e-07
5361.0,1.8728088219854415,0.00013543833634675623,5.037192232215659e-07
5362.0,1.8727046030934977,0.00013545918012511322,5.037190642376288e-07
5363.0,1.8726003892579104,0.00013548002289219942,5.037189079182269e-07
5364.0,1.8724961804805562,0.00013550086464763955,5.037187547074495e-07
5365.0,1.8723919767632908,0.00013552170539106201,5.037186014966721e-07
5366.0,1.8722877781079574,0.00013554254512209872,5.037184513945192e-07
5367.0,1.872183584516377,0.00013556338384038488,5.037183021805447e-07
5368.0,1.8720793959903583,0.0001355842215455589,5.037181534106594e-07
5369.0,1.871975212531694,0.00013560505823726214,5.037180055289525e-07
5370.0,1.8718710341421647,0.0001356258939151389,5.037178598676917e-07
5371.0,1.8717668608235316,0.00013564672857883621,5.037177133182524e-07
5372.0,1.8716626925775501,0.00013566756222800378,5.037175694333484e-07
5373.0,1.8715585294059593,0.00013568839486229381,5.037174291011581e-07
5374.0,1.8714543713104803,0.00013570922648136098,5.037172856603434e-07
5375.0,1.8713502182928319,0.00013573005708486229,5.037171439958854e-07
5376.0,1.8712460703547205,0.000135750886672457,5.037170058841411e-07
5377.0,1.8711419274978334,0.0001357717152438066,5.037168668842185e-07
5378.0,1.8710377897238544,0.00013579254279857462,5.03716728328385e-07
5379.0,1.8709336570344564,0.00013581336933642669,5.037165902166407e-07
5380.0,1.8708295294313002,0.0001358341948570304,5.037164529930749e-07
5381.0,1.8707254069160402,0.00013585501936005527,5.037163171017767e-07
5382.0,1.870621289490316,0.00013587584284517265,5.037161798782108e-07
5383.0,1.8705171771557678,0.00013589666531205573,5.037160470955371e-07
5384.0,1.8704130699140136,0.00013591748676037945,5.037159112042389e-07
5385.0,1.8703089677666738,0.0001359383071898204,5.037157762011191e-07
5386.0,1.8702048707153591,0.0001359591266000569,5.037156443066237e-07
5387.0,1.8701007787616661,0.00013597994499076887,5.037155110798608e-07
5388.0,1.8699966919071886,0.00013600076236163777,5.03715378297187e-07
5389.0,1.869892610153513,0.0001360215787123466,5.037152464026917e-07
5390.0,1.8697885335022162,0.00013604239404257993,5.037151162845532e-07
5391.0,1.8696844619548667,0.0001360632083520237,5.037149857223255e-07
5392.0,1.8695803955130286,0.0001360840216403653,5.03714855604187e-07
5393.0,1.8694763341782583,0.00013610483390729354,5.03714726374227e-07
5394.0,1.8693722779521045,0.0001361256451524986,5.037145980324453e-07
5395.0,1.869268226836108,0.00013614645537567198,5.037144688024853e-07
5396.0,1.8691641808318082,0.00013616726457650643,5.037143409047928e-07
5397.0,1.8690601399407338,0.00013618807275469607,5.037142147834572e-07
5398.0,1.868956104164407,0.00013620887990993622,5.037140886621216e-07
5399.0,1.8688520735043448,0.0001362296860419234,5.03713962540786e-07
5400.0,1.8687480479620586,0.00013625049115035542,5.037138364194504e-07
5401.0,1.8686440278568155,0.00013627129517152422,5.037144372721514e-07
5402.0,1.868540013502561,0.0001362920980424591,5.037148569364547e-07
5403.0,1.8684360048941364,0.0001363128997642183,5.037152286391233e-07
5404.0,1.8683320020270593,0.00013633370033770272,5.037155736964394e-07
5405.0,1.8682280048971767,0.0001363544997637449,5.037159014342762e-07
5406.0,1.8681240135005455,0.00013637529804313395,5.037162158494368e-07
5407.0,1.8680200278333814,0.00013639609517662784,5.037165213828132e-07
5408.0,1.8679160478920145,0.00013641689116496026,5.037168162580485e-07
5409.0,1.8678120736728792,0.00013643768600884554,5.037171075805702e-07
5410.0,1.8677081051724835,0.0001364584797089817,5.037173926858429e-07
5411.0,1.867604142387407,0.0001364792722660529,5.037176720179559e-07
5412.0,1.86750018531429,0.00013650006368073106,5.037179460209984e-07
5413.0,1.8673962339498282,0.0001365208539536776,5.037182169154164e-07
5414.0,1.8672922882907617,0.00013654164308554435,5.037184842571207e-07
5415.0,1.8671883483338754,0.00013656243107697448,5.037187484902006e-07
5416.0,1.8670844140759917,0.0001365832179286033,5.037190087264776e-07
5417.0,1.8669804855139727,0.00013660400364105894,5.037192680745761e-07
5418.0,1.8668765626447066,0.0001366247882149629,5.037195216495149e-07
5419.0,1.8667726454651234,0.00013664557165093052,5.037197765567214e-07
5420.0,1.8666687339721693,0.00013666635394957142,5.037200270230358e-07
5421.0,1.8665648281628262,0.00013668713511148981,5.037202757129933e-07
5422.0,1.8664609280340978,0.00013670791513728484,5.03720522626594e-07
5423.0,1.8663570335830126,0.00013672869402755092,5.037207677638378e-07
5424.0,1.8662531448066204,0.00013674947178287793,5.037210106806356e-07
5425.0,1.8661492617019924,0.0001367702484038515,5.037212504888089e-07
5426.0,1.8660453842662252,0.0001367910238910532,5.037214916292498e-07
5427.0,1.8659415124964274,0.00013681179824506076,5.037217318815124e-07
5428.0,1.8658376463897277,0.00013683257146644814,5.037219690251504e-07
5429.0,1.8657337859432732,0.0001368533435557858,5.03722203060164e-07
5430.0,1.8656299311542326,0.00013687411451364078,5.037224370951776e-07
5431.0,1.8655260820197856,0.00013689488434057688,5.03722670686102e-07
5432.0,1.8654222385371257,0.00013691565303715477,5.037229002802235e-07
5433.0,1.86531840070347,0.0001369364206039321,5.037231312066126e-07
5434.0,1.8652145685160424,0.0001369571870414636,5.037233612448233e-07
5435.0,1.8651107419720807,0.00013697795235030125,5.037235877303203e-07
5436.0,1.8650069210688425,0.00013699871653099422,5.037238142158174e-07
5437.0,1.8649031058035968,0.00013701947958408907,5.037240424776712e-07
5438.0,1.8647992961736162,0.00013704024151012985,5.037242658545438e-07
5439.0,1.8646954921761991,0.0001370610023096581,5.037244901195947e-07
5440.0,1.8645916938086486,0.00013708176198321293,5.037247139405565e-07
5441.0,1.8644879010682802,0.00013710252053133123,5.037249368733399e-07
5442.0,1.8643841139524209,0.0001371232779545475,5.037251589179448e-07
5443.0,1.86428033245841,0.00013714403425339405,5.037253809625497e-07
5444.0,1.8641765565835955,0.00013716478942840107,5.037256012307978e-07
5445.0,1.8640727863253375,0.00013718554348009666,5.037258214990459e-07
5446.0,1.8639690216810056,0.0001372062964090068,5.037260404350263e-07
5447.0,1.863865262647976,0.00013722704821565558,5.037262544860255e-07
5448.0,1.8637615092236484,0.00013724779890056504,5.037264743101844e-07
5449.0,1.8636577614054133,0.00013726854846425536,5.037266905816296e-07
5450.0,1.8635540191906805,0.00013728929690724485,5.037269055208071e-07
5451.0,1.8634502825768693,0.00013731004423005,5.037271200158955e-07
5452.0,1.8633465515614056,0.00013733079043318547,5.037273336228054e-07
5453.0,1.8632428261417242,0.00013735153551716424,5.037275458974477e-07
5454.0,1.8631391063152696,0.00013737227948249753,5.037277577280008e-07
5455.0,1.863035392079496,0.00013739302232969487,5.037279708908216e-07
5456.0,1.862931683431861,0.00013741376405926418,5.037281822772854e-07
5457.0,1.8628279803698327,0.00013743450467171173,5.037283918873925e-07
5458.0,1.8627242828908899,0.00013745524416754223,5.037286014974995e-07
5459.0,1.8626205909925178,0.0001374759825472588,5.037288124398742e-07
5460.0,1.862516904672192,0.00013749671981136297,5.037290073950373e-07
5461.0,1.8624132238285778,0.00013751745598004566,5.037288066667145e-07
5462.0,1.8623095483635337,0.00013753819107302148,5.037286414655284e-07
5463.0,1.8622058782791067,0.00013755892508987715,5.037284931397323e-07
5464.0,1.8621022135770884,0.0001375796580302534,5.037283559161665e-07
5465.0,1.8619985542591435,0.00013760038989381573,5.037282226894035e-07
5466.0,1.861894900326866,0.00013762112068024606,5.037280970121571e-07
5467.0,1.8617912517817792,0.0001376418503892384,5.03727971779e-07
5468.0,1.861687608625372,0.0001376625790204963,5.037278540953594e-07
5469.0,1.8615839708590785,0.0001376833065737313,5.037277355235403e-07
5470.0,1.8614803384843128,0.00013770403304866154,5.037276209485242e-07
5471.0,1.8613767115024529,0.00013772475844501107,5.037275090380433e-07
5472.0,1.8612730899148517,0.00013774548276250905,5.037273975716516e-07
5473.0,1.8611694737228412,0.0001377662060008892,5.037272878816168e-07
5474.0,1.8610658629277341,0.00013778692815988943,5.037271817442956e-07
5475.0,1.8609622575308187,0.00013780764923925138,5.037270760510637e-07
5476.0,1.860858657533369,0.0001378283692387202,5.037269703578318e-07
5477.0,1.860755062936646,0.00013784908815804413,5.037268673291351e-07
5478.0,1.8606514737418924,0.0001378698059969745,5.03726765632706e-07
5479.0,1.8605478899503363,0.0001378905227552654,5.03726663936277e-07
5480.0,1.8604443115631968,0.00013791123843267343,5.03726564460294e-07
5481.0,1.8603407385816757,0.0001379319530289577,5.037264645402217e-07
5482.0,1.8602371710069683,0.00013795266654387958,5.037263668405956e-07
5483.0,1.8601336088402558,0.00013797337897720265,5.037262695850586e-07
5484.0,1.8600300520827104,0.00013799409032869256,5.037261736617893e-07
5485.0,1.8599265007354924,0.00013801480059811688,5.037260772944308e-07
5486.0,1.859822954799758,0.0001380355097852451,5.037259840356967e-07
5487.0,1.8597194142766456,0.00013805621788984853,5.037258890006058e-07
5488.0,1.8596158791672959,0.00013807692491170012,5.037257970741393e-07
5489.0,1.8595123494728303,0.00013809763085057453,5.037257033713161e-07
5490.0,1.8594088251943708,0.0001381183357062479,5.037256110007604e-07
5491.0,1.859305306333028,0.00013813903947849804,5.037255186302048e-07
5492.0,1.8592017928899067,0.0001381597421671041,5.037254275919167e-07
5493.0,1.8590982848661022,0.00013818044377184664,5.037253361095395e-07
5494.0,1.8589947822627084,0.0001382011442925077,5.037252477357868e-07
5495.0,1.8588912850808048,0.0001382218437288705,5.037251580297664e-07
5496.0,1.8587877933214698,0.00013824254208071962,5.03725068323746e-07
5497.0,1.8586843069857732,0.00013826323934784085,5.037249781736364e-07
5498.0,1.8585808260747847,0.00013828393553002119,5.037248911321512e-07
5499.0,1.858477350589558,0.00013830463062704875,5.037248023143093e-07
5500.0,1.8583738805311498,0.00013832532463871285,5.037247148287349e-07
5501.0,1.8582704159006076,0.00013834601756480385,5.037246273431606e-07
5502.0,1.858166956698975,0.00013836670940511322,5.037245416339431e-07
5503.0,1.8580635029272863,0.00013838740015943344,5.037244541483687e-07
5504.0,1.8579600545865782,0.00013840808982755798,5.037243684391512e-07
5505.0,1.8578566116778772,0.00013842877840928138,5.037242845062906e-07
5506.0,1.8577531742022035,0.00013844946590439906,5.037241996852515e-07
5507.0,1.8576497421605775,0.00013847015231270742,5.037241153083016e-07
5508.0,1.8575463155540106,0.00013849083763400378,5.037240300431733e-07
5509.0,1.8574428943835142,0.00013851152186808636,5.037239465544019e-07
5510.0,1.85733947865009,0.00013853220501475425,5.037238617333628e-07
5511.0,1.8572360683547426,0.0001385528870738074,5.037237804650374e-07
5512.0,1.8571326634984635,0.00013857356804504662,5.03723696976266e-07
5513.0,1.8570292640822483,0.0001385942479282735,5.037236161520298e-07
5514.0,1.8569258701070788,0.00013861492672329048,5.037235317750799e-07
5515.0,1.8568224815739454,0.0001386356044299008,5.037234500626653e-07
5516.0,1.8567190984838282,0.0001386562810479084,5.037233710147859e-07
5517.0,1.8566157208376968,0.00013867695657711812,5.037232879701037e-07
5518.0,1.8565123486365298,0.0001386976310173354,5.037232075899567e-07
5519.0,1.8564089818812946,0.0001387183043683665,5.037231276538989e-07
5520.0,1.8563056205727946,0.0001387389766300177,5.037228834048335e-07
5521.0,1.8562022644267895,0.00013875964785913704,5.037224752868497e-07
5522.0,1.8560989131604124,0.00013878031811238124,5.03722319411537e-07
5523.0,1.8559955667758115,0.00013880098738927138,5.037221688652949e-07
5524.0,1.855892225274741,0.00013882165568946043,5.037220436321377e-07
5525.0,1.8557888886586582,0.00013884232301265557,5.037219366066381e-07
5526.0,1.8556855569288524,0.00013886298935859712,5.037218384629227e-07
5527.0,1.855582230086507,0.00013888365472704826,5.037217487569023e-07
5528.0,1.855478908132716,0.0001389043191177894,5.037216639358633e-07
5529.0,1.855375591068509,0.00013892498253061472,5.037215831116271e-07
5530.0,1.8552722788948603,0.0001389456449653295,5.037215085046398e-07
5531.0,1.8551689716126947,0.00013896630642174824,5.037214365621878e-07
5532.0,1.8550656692228997,0.00013898696689969325,5.037213663960927e-07
5533.0,1.854962371726329,0.00013900762639899365,5.037212980063543e-07
5534.0,1.8548590791238084,0.00013902828491948465,5.037212322811513e-07
5535.0,1.8547557914161372,0.00013904894246100682,5.037211718850187e-07
5536.0,1.8546525086040817,0.00013906959902340544,5.037211097125294e-07
5537.0,1.8545492306884015,0.0001390902546065301,5.037210528691105e-07
5538.0,1.854445957669823,0.00013911090921023427,5.03720994693424e-07
5539.0,1.854342689549061,0.00013913156283437494,5.037209360736483e-07
5540.0,1.8542394263268194,0.00013915221547881244,5.037208823388539e-07
5541.0,1.854136168003775,0.00013917286714341015,5.037208263836135e-07
5542.0,1.854032914580601,0.00013919351782803424,5.037207726488191e-07
5543.0,1.8539296660579516,0.00013921416753255356,5.037207198022031e-07
5544.0,1.8538264224364722,0.0001392348162568394,5.037206700642116e-07
5545.0,1.8537231837167936,0.00013925546400076532,5.037206207703093e-07
5546.0,1.8536199498995378,0.00013927611076420708,5.037205736968531e-07
5547.0,1.85351672098531,0.00013929675654704245,5.03720522626594e-07
5548.0,1.8534134969747231,0.00013931740134915112,5.037204791058514e-07
5549.0,1.853310277868357,0.0001393380451704146,5.037204307001275e-07
5550.0,1.8532070636668012,0.00013935868801071618,5.037203827384928e-07
5551.0,1.8531038543706329,0.0001393793298699408,5.037203374413934e-07
5552.0,1.8530006499804157,0.00013939997074797494,5.037202908120264e-07
5553.0,1.8528974504967117,0.00013942061064470664,5.03720245514927e-07
5554.0,1.8527942559200754,0.00013944124956002536,5.037202028823629e-07
5555.0,1.8526910662510478,0.00013946188749382196,5.037201584734419e-07
5556.0,1.8525878814901708,0.00013948252444598858,5.037201140645209e-07
5557.0,1.8524847016379784,0.00013950316041641867,5.037200723201352e-07
5558.0,1.8523815266949955,0.0001395237954050069,5.037200305757494e-07
5559.0,1.8522783566617431,0.00013954442941164908,5.037199888313637e-07
5560.0,1.8521751915387363,0.00013956506243624218,5.037199479751564e-07
5561.0,1.852072031326484,0.0001395856944786843,5.037199062307707e-07
5562.0,1.8519688760254929,0.0001396063255388745,5.037198658186526e-07
5563.0,1.85186572563626,0.00013962695561671297,5.037198254065345e-07
5564.0,1.8517625801592814,0.00013964758471210083,5.03719786326684e-07
5565.0,1.8516594395950439,0.00013966821282494017,5.037197454704767e-07
5566.0,1.8515563039440366,0.00013968883995513402,5.037197072788047e-07
5567.0,1.8514531732067352,0.00013970946610258628,5.037196673107758e-07
5568.0,1.8513500473836182,0.0001397300912672018,5.037196277868361e-07
5569.0,1.8512469264751596,0.00013975071544888618,5.037195909274317e-07
5570.0,1.8511438104818223,0.00013977133864754592,5.037195527357596e-07
5571.0,1.8510406994040731,0.0001397919608630883,5.03719515432266e-07
5572.0,1.8509375932423704,0.00013981258209542135,5.037194776846832e-07
5573.0,1.850834491997169,0.00013983320234445392,5.037194390489219e-07
5574.0,1.8507313956689246,0.00013985382161009555,5.037194030776959e-07
5575.0,1.850628304258084,0.00013987443989225653,5.037193671064699e-07
5576.0,1.8505252177650902,0.00013989505719084786,5.037193298029763e-07
5577.0,1.850422136190387,0.0001399156735057812,5.037192933876611e-07
5578.0,1.8503190595344121,0.00013993628883696892,5.037192574164351e-07
5579.0,1.850215987797603,0.00013995690318432402,5.037192236656551e-07
5580.0,1.8501129209819585,0.0001399775165477635,5.03720776645622e-07
5581.0,1.8500098594651466,0.0001399981288516423,5.03723358580288e-07
5582.0,1.8499068036186008,0.0001400187400206732,5.037219676928828e-07
5583.0,1.849803753445463,0.00014003935005536293,5.037222781112405e-07
5584.0,1.8497007089418793,0.00014005995895604323,5.037220960346644e-07
5585.0,1.849597670107404,0.000140080566722973,5.037222696735455e-07
5586.0,1.8494946369405985,0.00014010117335636676,5.037224330983747e-07
5587.0,1.849391609440497,0.0001401217788564088,5.037225414561419e-07
5588.0,1.849288587606312,0.00014014238322325998,5.037226125104155e-07
5589.0,1.849185571437351,0.0001401629864570631,5.037226671333883e-07
5590.0,1.8490825609329762,0.00014018358855794662,5.037227097659525e-07
5591.0,1.8489795560926163,0.00014020418952602695,5.037227519544274e-07
5592.0,1.8488765569157337,0.0001402247893614107,5.037227879256534e-07
5593.0,1.8487735634018392,0.00014024538806419576,5.037228185678089e-07
5594.0,1.8486705755504862,0.0001402659856344726,5.037228496540536e-07
5595.0,1.8485675933612515,0.00014028658207232512,5.037228776316738e-07
5596.0,1.8484646168337486,0.00014030717737783112,5.037229047211156e-07
5597.0,1.8483616459676153,0.00014032777155106304,5.037229313664682e-07
5598.0,1.8482586807625105,0.00014034836459208853,5.037229535709287e-07
5599.0,1.8481557212181214,0.00014036895650097083,5.037229762194784e-07
5600.0,1.848052767334143,0.00014038954727776926,5.037229899862439e-07
5601.0,1.847949819110304,0.00014041013692253962,5.03723002864831e-07
5602.0,1.8478468765463416,0.0001404307254353345,5.037230148552396e-07
5603.0,1.8477439396420041,0.0001404513128162034,5.03723021960667e-07
5604.0,1.8476410083970685,0.00014047189906519315,5.037230348392541e-07
5605.0,1.8475380828113035,0.00014049248418234795,5.037230437210383e-07
5606.0,1.8474351628845083,0.0001405130681677095,5.037230565996254e-07
5607.0,1.847332248616481,0.00014053365102131732,5.037230681459448e-07
5608.0,1.847229340007035,0.00014055423274320875,5.037230792481751e-07
5609.0,1.8471264370559977,0.00014057481333341917,5.03723093903119e-07
5610.0,1.8470235397631918,0.00014059539279198205,5.037231027849032e-07
5611.0,1.8469206481284695,0.00014061597111892916,5.037231161075795e-07
5612.0,1.8468177621516713,0.00014063654831429062,5.037231249893637e-07
5613.0,1.8467148818326575,0.00014065712437809496,5.037231329829694e-07
5614.0,1.8466120071712961,0.00014067769931036932,5.037231431970213e-07
5615.0,1.8465091381674519,0.00014069827311113942,5.037231494142702e-07
5616.0,1.8464062748210077,0.00014071884578042968,5.037231569637868e-07
5617.0,1.8463034171318489,0.00014073941731826327,5.03723165845571e-07
5618.0,1.8462005650998605,0.00014075998772466216,5.037231720628199e-07
5619.0,1.8460977187249437,0.00014078055699964724,5.037231805005149e-07
5620.0,1.8459948780069932,0.0001408011251432383,5.037231853854962e-07
5621.0,1.8458920429459211,0.00014082169215545406,5.037231920468344e-07
5622.0,1.8457892135416372,0.00014084225803631233,5.037231995963509e-07
5623.0,1.8456863897940536,0.00014086282278582995,5.03723204037243e-07
5624.0,1.8455835717030946,0.00014088338640402291,5.037232098104028e-07
5625.0,1.8454807592686806,0.0001409039488909063,5.037232129190272e-07
5626.0,1.8453779524907448,0.00014092451024649442,5.037232173599193e-07
5627.0,1.8452751513692183,0.0001409450704708008,5.037232226889898e-07
5628.0,1.8451723559040363,0.0001409656295638382,5.037232280180604e-07
5629.0,1.8450695660951382,0.00014098618752561866,5.037232320148632e-07
5630.0,1.8449667819424678,0.00014100674435615354,5.037232360116661e-07
5631.0,1.8448640034459725,0.00014102730005545352,5.037232404525582e-07
5632.0,1.8447612306055987,0.00014104785462352868,5.037232426730043e-07
5633.0,1.8446584634213035,0.00014106840806038846,5.03723246225718e-07
5634.0,1.8445557018930394,0.0001410889603660417,5.03723248446164e-07
5635.0,1.844452946020767,0.0001411095115404967,5.037232511106993e-07
5636.0,1.8443501958044468,0.00014113006158376117,5.037232533311453e-07
5637.0,1.8442474512440437,0.00014115061049584237,5.037232559956806e-07
5638.0,1.8441447123395223,0.00014117115827674698,5.037232577720374e-07
5639.0,1.8440419790908533,0.00014119170492648118,5.037232599924835e-07
5640.0,1.8439392514975224,0.0001412122504450492,5.037227688298174e-07
5641.0,1.843836529241828,0.00014123279489617891,5.037227230886288e-07
5642.0,1.8437338120052913,0.00014125333834347881,5.037226862292243e-07
5643.0,1.8436310997885925,0.0001412738807868202,5.037226942228301e-07
5644.0,1.8435283925916313,0.00014129442222621884,5.037227261972532e-07
5645.0,1.8434256904140323,0.00014131496266174795,5.03722772382531e-07
5646.0,1.8433229932552535,0.00014133550209351485,5.037228283377715e-07
5647.0,1.8432203011146404,0.00014135604052165028,5.037228922866177e-07
5648.0,1.8431176139914482,0.00014137657794630195,5.0372295845591e-07
5649.0,1.843014931884878,0.00014139711436763055,5.037230312865404e-07
5650.0,1.8429122547940708,0.00014141764978580716,5.037231072257953e-07
5651.0,1.8428095827181292,0.0001414381842010112,5.037231858295854e-07
5652.0,1.8427069156561207,0.00014145871761342906,5.037232666538216e-07
5653.0,1.8426042536070857,0.00014147925002325283,5.037233505866823e-07
5654.0,1.8425015965700355,0.00014149978143067956,5.037234340754537e-07
5655.0,1.842398944543968,0.00014152031183591054,5.037235211169389e-07
5656.0,1.8422962975278538,0.00014154084123915077,5.03723608158424e-07
5657.0,1.8421936555206562,0.00014156136964060836,5.037236987526228e-07
5658.0,1.8420910185213155,0.00014158189704049424,5.037237875704648e-07
5659.0,1.8419883865287676,0.00014160242343902175,5.037238768323959e-07
5660.0,1.8418857595419371,0.00014162294883640647,5.0372397009113e-07
5661.0,1.8417831375597304,0.00014164347323286584,5.037240602412396e-07
5662.0,1.8416805205810571,0.00014166399662861908,5.037241530558845e-07
5663.0,1.8415779086048127,0.00014168451902388693,5.037242480909754e-07
5664.0,1.8414753016298828,0.0001417050404188915,5.037243409056202e-07
5665.0,1.841372699655156,0.00014172556081385617,5.03724437717068e-07
5666.0,1.8412701026795035,0.00014174608020900534,5.037245309758021e-07
5667.0,1.8411675107018044,0.00014176659860456442,5.037246268990714e-07
5668.0,1.8410649237209227,0.00014178711600075977,5.037247219341623e-07
5669.0,1.8409623417357242,0.0001418076323978185,5.037248169692532e-07
5670.0,1.84085976474507,0.00014182814779596848,5.037249128925225e-07
5671.0,1.8407571927478183,0.0001418486621954382,5.037250097039703e-07
5672.0,1.8406546257428211,0.00014186917559645673,5.037251056272396e-07
5673.0,1.840552063728934,0.00014188968799925376,5.037252033268658e-07
5674.0,1.8404495067050033,0.00014191019940405932,5.037253005824027e-07
5675.0,1.840346954669878,0.00014193070981110393,5.037253982820289e-07
5676.0,1.840244407622401,0.00014195121922061846,5.03725493761209e-07
5677.0,1.8401418655614228,0.00014197172763283413,5.037255941253704e-07
5678.0,1.840039328485777,0.00014199223504798243,5.037256896045506e-07
5679.0,1.8399367963943118,0.00014201274146629514,5.037257881923551e-07
5680.0,1.8398342692858645,0.00014203324688800425,5.037258863360705e-07
5681.0,1.839731747159273,0.00014205375131334195,5.037259831475183e-07
5682.0,1.8396292300133765,0.0001420742547425406,5.03726079958966e-07
5683.0,1.8395267178470116,0.00014209475717583275,5.037261758822353e-07
5684.0,1.8394242106590184,0.000142115258613451,5.037262740259507e-07
5685.0,1.8393217084482323,0.0001421357590556281,5.037263735019337e-07
5686.0,1.8392192112134849,0.0001421562585025969,5.037264698692923e-07
5687.0,1.839116718953616,0.00014217675695459025,5.037265675689184e-07
5688.0,1.8390142316674583,0.0001421972544118411,5.037266643803662e-07
5689.0,1.8389117493538507,0.00014221775087458236,5.037267629681708e-07
5690.0,1.838809272011625,0.00014223824634304705,5.037268606677969e-07
5691.0,1.8387067996396163,0.0001422587408174681,5.037269574792447e-07
5692.0,1.8386043322366619,0.0001422792342980785,5.037270551788708e-07
5693.0,1.8385018698015954,0.00014229972678511115,5.037271515462294e-07
5694.0,1.838399412333255,0.00014232021827879896,5.037272505781232e-07
5695.0,1.838296959830473,0.00014234070877937473,5.037273473895709e-07
5696.0,1.838194512292086,0.00014236119828707128,5.03727442868751e-07
5697.0,1.838092069716934,0.00014238168680212132,5.037275410124664e-07
5698.0,1.8379896321038498,0.00014240217432475748,5.037276378239142e-07
5699.0,1.8378871994516728,0.0001424226608552123,5.037277350794511e-07
5700.0,1.8377847717592768,0.00014244314639371854,5.037278700825709e-07
5701.0,1.8376823493841745,0.00014246363086878842,5.037281174402608e-07
5702.0,1.837579932683186,0.0001424841142090023,5.03728198264497e-07
5703.0,1.8374775216551813,0.00014250459641461008,5.037282324593662e-07
5704.0,1.8373751162997305,0.00014252507748570208,5.037282413411504e-07
5705.0,1.8372727166167113,0.00014254555742230463,5.037282351239014e-07
5706.0,1.8371703226061868,0.00014256603622440607,5.037282178044222e-07
5707.0,1.8370679342683491,0.00014258651389196896,5.037281947117833e-07
5708.0,1.8369655516034769,0.00014260699042493693,5.037281618491818e-07
5709.0,1.836863174611932,0.00014262746582323918,5.03728128542491e-07
5710.0,1.8367608032941203,0.0001426479400867936,5.037280890185514e-07
5711.0,1.8366584376505024,0.00014266841321550872,5.037280463859872e-07
5712.0,1.8365560776815748,0.00014268888520928546,5.037280028652447e-07
5713.0,1.8364537233878644,0.00014270935606801823,5.037279562358776e-07
5714.0,1.8363513747699256,0.00014272982579159601,5.037279060537969e-07
5715.0,1.8362490318283387,0.00014275029437990313,5.037278549835378e-07
5716.0,1.836146694563704,0.0001427707618328198,5.037278034691894e-07
5717.0,1.8360443629766354,0.00014279122815022264,5.037277492903058e-07
5718.0,1.8359420370677695,0.00014281169333198515,5.037276959996007e-07
5719.0,1.835839716837748,0.00014283215737797807,5.037276391561818e-07
5720.0,1.835737402287235,0.00014285262028806967,5.037275840891198e-07
5721.0,1.8356350934168946,0.00014287308206212604,5.037275254693441e-07
5722.0,1.8355327902274092,0.00014289354270001134,5.037274664054792e-07
5723.0,1.8354304927194691,0.00014291400220158793,5.037274095620603e-07
5724.0,1.835328200893766,0.0001429344605667166,5.03727349610017e-07
5725.0,1.8352259147510053,0.00014295491779525666,5.037272892138844e-07
5726.0,1.835123634291897,0.0001429753738870662,5.037272288177519e-07
5727.0,1.8350213595171563,0.00014299582884200212,5.037271675334409e-07
5728.0,1.8349190904275055,0.00014301628265992022,5.037271071373084e-07
5729.0,1.8348168270236664,0.0001430367353406754,5.037270440766406e-07
5730.0,1.834714569306374,0.00014305718688412163,5.037269827923296e-07
5731.0,1.8346123172763584,0.0001430776372901121,5.037269192875726e-07
5732.0,1.8345100709343625,0.00014309808655849928,5.037268593355293e-07
5733.0,1.834407830281121,0.000143118534689135,5.037267967189507e-07
5734.0,1.8343055953173792,0.00014313898168187046,5.037267318819261e-07
5735.0,1.8342033660438883,0.0001431594275365563,5.037266705976151e-07
5736.0,1.8341011424613924,0.0001431798722530427,5.037266066487689e-07
5737.0,1.8339989245706445,0.00014320031583117934,5.037265418117443e-07
5738.0,1.8338967123724004,0.00014322075827081555,5.037264787510765e-07
5739.0,1.8337945058674125,0.00014324119957180028,5.037264148022302e-07
5740.0,1.8336923050564404,0.00014326163973398212,5.037263517415624e-07
5741.0,1.83359010994024,0.00014328207875720933,5.03726287348627e-07
5742.0,1.8334879205195733,0.00014330251664132997,5.0372622384387e-07
5743.0,1.8333857367952013,0.00014332295338619178,5.037261607832022e-07
5744.0,1.833283558767883,0.00014334338899164232,5.037260950579991e-07
5745.0,1.8331813864383872,0.00014336382345752892,5.037260324414206e-07
5746.0,1.8330792198074735,0.00014338425678369878,5.037259680484851e-07
5747.0,1.8329770588759096,0.00014340468896999892,5.037259049878173e-07
5748.0,1.8328749036444594,0.00014342512001627624,5.037258410389711e-07
5749.0,1.8327727541138887,0.0001434455499223775,5.037257770901249e-07
5750.0,1.8326706102849648,0.00014346597868814938,5.037257122531003e-07
5751.0,1.832568472158456,0.00014348640631343848,5.037256491924325e-07
5752.0,1.8324663397351286,0.0001435068327980913,5.037255856876754e-07
5753.0,1.8323642130157496,0.0001435272581419543,5.037255217388292e-07
5754.0,1.8322620920010877,0.0001435476823448739,5.03725457789983e-07
5755.0,1.8321599766919117,0.00014356810540669653,5.037253951734044e-07
5756.0,1.8320578670889869,0.00014358852732726852,5.037253298922906e-07
5757.0,1.8319557631930836,0.00014360894810643625,5.037252654993551e-07
5758.0,1.831853665004971,0.0001436293677440461,5.037252019945981e-07
5759.0,1.8317515725254154,0.0001436497862399444,5.037251380457519e-07
5760.0,1.8316494857538252,0.00014367020359397478,5.037236996408012e-07
5761.0,1.8315474042939546,0.0001436906198855138,5.037215240477622e-07
5762.0,1.8314453277553402,0.00014371103519355102,5.037230956794758e-07
5763.0,1.8313432561359657,0.00014373144951728797,5.037224060089329e-07
5764.0,1.8312411894419929,0.00014375186285610936,5.037225401238743e-07
5765.0,1.8311391276748887,0.0001437722752094776,5.037222772230621e-07
5766.0,1.831037070837481,0.00014379268657690292,5.037219961145922e-07
5767.0,1.8309350189320948,0.00014381309695792784,5.037217345460476e-07
5768.0,1.8308329719609242,0.0001438335063521196,5.037215227154945e-07
5769.0,1.8307309299260275,0.00014385391475906596,5.037213579583977e-07
5770.0,1.8306288928293533,0.00014387432217837084,5.03721208300334e-07
5771.0,1.830526860672797,0.0001438947286096509,5.037210519809321e-07
5772.0,1.8304248334582374,0.00014391513405253415,5.037209085401173e-07
5773.0,1.8303228111874743,0.00014393553850665838,5.037207668756594e-07
5774.0,1.8302207938622819,0.00014395594197166985,5.037206318725396e-07
5775.0,1.8301187814843813,0.00014397634444722246,5.037204942048845e-07
5776.0,1.8300167740554758,0.00014399674593297698,5.037203614222108e-07
5777.0,1.8299147715772242,0.00014401714642860058,5.037202277513586e-07
5778.0,1.8298127740512655,0.00014403754593376617,5.037200971891309e-07
5779.0,1.8297107814792088,0.00014405794444815193,5.037199692914385e-07
5780.0,1.8296087938626349,0.0001440783419714408,5.037198396173892e-07
5781.0,1.8295068112031176,0.0001440987385033202,5.037197192692133e-07
5782.0,1.829404833502193,0.0001441191340434817,5.037196020296619e-07
5783.0,1.82930286076138,0.00014413952859162042,5.037194825696645e-07
5784.0,1.8292008929821955,0.00014415992214743525,5.037193724355404e-07
5785.0,1.829098930166111,0.00014418031471062824,5.037192525314538e-07
5786.0,1.8289969723146156,0.0001442007062809047,5.037191397327945e-07
5787.0,1.8288950194291598,0.00014422109685797296,5.037190251577783e-07
5788.0,1.828793071511187,0.00014424148644154406,5.037189079182269e-07
5789.0,1.8286911285621334,0.00014426187503133184,5.037187933432108e-07
5790.0,1.828589190583412,0.00014428226262705264,5.037186756595702e-07
5791.0,1.8284872575764355,0.00014430264922842527,5.037185624168217e-07
5792.0,1.8283853295425945,0.00014432303483517085,5.037184491740732e-07
5793.0,1.8282834064832731,0.0001443434194470127,5.037183372635923e-07
5794.0,1.8281814883998453,0.00014436380306367627,5.037182271294682e-07
5795.0,1.8280795752936698,0.000144384185684889,5.037181152189874e-07
5796.0,1.8279776671661039,0.00014440456731038028,5.037180059730417e-07
5797.0,1.8278757640184895,0.00014442494793988141,5.037178971711853e-07
5798.0,1.8277738658521583,0.00014444532757312546,5.037177861488829e-07
5799.0,1.8276719726684425,0.0001444657062098472,5.037176791233833e-07
5800.0,1.8275700844686549,0.00014448608384978314,5.037175712097053e-07
5801.0,1.827468201254108,0.00014450646049267137,5.037174655164733e-07
5802.0,1.8273663230260986,0.0001445268361382516,5.037173571587061e-07
5803.0,1.8272644497859256,0.00014454721078626496,5.03717251021385e-07
5804.0,1.8271625815348727,0.00014456758443645413,5.037171439958854e-07
5805.0,1.8270607182742218,0.00014458795708856322,5.037170383026535e-07
5806.0,1.8269588600052464,0.00014460832874233767,5.037169352739568e-07
5807.0,1.8268570067292085,0.0001446286993975243,5.037168304689033e-07
5808.0,1.8267551584473696,0.00014464906905387119,5.037167261079389e-07
5809.0,1.8266533151609836,0.00014466943771112773,5.03716622635153e-07
5810.0,1.8265514768712954,0.00014468980536904452,5.037165187182779e-07
5811.0,1.8264496435795465,0.0001447101720273734,5.037164139132244e-07
5812.0,1.8263478152869757,0.00014473053768586732,5.037163126608846e-07
5813.0,1.8262459919948064,0.00014475090234428045,5.037162091880987e-07
5814.0,1.8261441737042692,0.00014477126600236803,5.037161101562049e-07
5815.0,1.8260423604165752,0.00014479162865988637,5.037160075715974e-07
5816.0,1.8259405521329426,0.0001448119903165929,5.037159076515252e-07
5817.0,1.825838748854576,0.00014483235097224604,5.037158068432745e-07
5818.0,1.8257369505826802,0.00014485271062660528,5.037157069232023e-07
5819.0,1.8256351573184515,0.00014487306927943105,5.037156074472193e-07
5820.0,1.8255333690631594,0.00014489342693048518,5.037155861309373e-07
5821.0,1.8254315862886206,0.00014491378348548882,5.037160653031947e-07
5822.0,1.8253298094625603,0.00014493413885076245,5.037163730570171e-07
5823.0,1.8252280385810862,0.00014495449302710458,5.03716609756566e-07
5824.0,1.8251262736413476,0.0001449748460150925,5.03716810928978e-07
5825.0,1.82502451464093,0.00014499519781521132,5.037169872323943e-07
5826.0,1.8249227615776988,0.00014501554842788952,5.037171471045099e-07
5827.0,1.8248210144497163,0.00014503589785351564,5.037172949862168e-07
5828.0,1.8247192732551907,0.00014505624609244803,5.037174313216042e-07
5829.0,1.824617537992453,0.00014507659314502139,5.037175605515642e-07
5830.0,1.8245158086599265,0.00014509693901155107,5.037176822320077e-07
5831.0,1.8244140852561201,0.00014511728369233614,5.03717801247916e-07
5832.0,1.824312367779606,0.0001451376271876617,5.037179149347537e-07
5833.0,1.8242106562290152,0.00014515796949780087,5.037180201838964e-07
5834.0,1.8241089506030412,0.00014517831062301625,5.037181232125931e-07
5835.0,1.8240072509004175,0.0001451986505635612,5.037182240208438e-07
5836.0,1.8239055571199176,0.00014521898931968064,5.037183212763807e-07
5837.0,1.8238038692603569,0.00014523932689161192,5.0371841719965e-07
5838.0,1.8237021873205799,0.00014525966327958554,5.037185082379381e-07
5839.0,1.8236005112994684,0.00014527999848382573,5.037185979439585e-07
5840.0,1.8234988411959259,0.00014530033250455103,5.037186814327299e-07
5841.0,1.8233971770088921,0.00014532066534197463,5.037187658096798e-07
5842.0,1.8232955187373232,0.00014534099699630495,5.037188484102728e-07
5843.0,1.8231938663802008,0.00014536132746774576,5.037189301226874e-07
5844.0,1.823092219936528,0.0001453816567564966,5.03719011835102e-07
5845.0,1.8229905794053232,0.0001454019848627531,5.037190891066246e-07
5846.0,1.8228889447856325,0.00014542231178670703,5.037191681545039e-07
5847.0,1.8227873160765056,0.00014544263752854674,5.037192400969559e-07
5848.0,1.8226856932770281,0.00014546296208845725,5.037193147039432e-07
5849.0,1.822584076386281,0.0001454832854666205,5.037193839818599e-07
5850.0,1.822482465403379,0.00014550360766321543,5.037194568124903e-07
5851.0,1.8223808603274338,0.00014552392867841826,5.037195256463178e-07
5852.0,1.8222792611575804,0.00014554424851240247,5.037195935919669e-07
5853.0,1.8221776678929669,0.0001455645671653391,5.037196628698837e-07
5854.0,1.8220760805327465,0.00014558488463739668,5.037197303714436e-07
5855.0,1.8219744990760904,0.0001456052009287415,5.037197987611819e-07
5856.0,1.821872923522176,0.00014562551603953763,5.03719864486385e-07
5857.0,1.8217713538701945,0.000145645829969947,5.03719930211588e-07
5858.0,1.8216697901193446,0.00014566614272012955,5.037199928281666e-07
5859.0,1.8215682322688398,0.00014568645429024327,5.037200567770128e-07
5860.0,1.8214666803178958,0.0001457067646804443,5.037201176172346e-07
5861.0,1.8213651342657444,0.000145727073890887,5.037201797897239e-07
5862.0,1.8212635941116218,0.00014574738192172398,5.037202424063025e-07
5863.0,1.82116205985477,0.00014576768877310625,5.037203019142567e-07
5864.0,1.821060531494446,0.00014578799444518316,5.037203623103892e-07
5865.0,1.820959009029909,0.00014580829893810258,5.037204222624325e-07
5866.0,1.820857492460425,0.00014582860225201082,5.037204799940298e-07
5867.0,1.820755981785275,0.0001458489043870528,5.037205395019839e-07
5868.0,1.8206544770037378,0.00014586920534337205,5.037205985658488e-07
5869.0,1.8205529781151033,0.0001458895051211107,5.037206576297137e-07
5870.0,1.8204514851186646,0.00014590980372040962,5.03720713140865e-07
5871.0,1.820349998013728,0.00014593010114140843,5.037207708724623e-07
5872.0,1.8202485167995994,0.0001459503973842455,5.037208272717919e-07
5873.0,1.8201470414755958,0.00014597069244905799,5.037208863356568e-07
5874.0,1.820045572041031,0.00014599098633598191,5.037209409586296e-07
5875.0,1.8199441084952361,0.0001460112790451522,5.037209978020485e-07
5876.0,1.8198426508375398,0.00014603157057670266,5.037210537572889e-07
5877.0,1.819741199067278,0.00014605186093076606,5.03721108824351e-07
5878.0,1.819639753183792,0.0001460721501074741,5.037211630032346e-07
5879.0,1.8195383131864282,0.0001460924381069575,5.037212162939397e-07
5880.0,1.8194368790742845,0.00014611272492934485,5.037210093483679e-07
5881.0,1.819335450315766,0.00014613301068099892,5.037207611024996e-07
5882.0,1.8192340263800937,0.0001461532954681422,5.037208050673314e-07
5883.0,1.8191326072669287,0.00014617357929079777,5.037209183100799e-07
5884.0,1.8190311929749405,0.00014619386214922555,5.037210688563221e-07
5885.0,1.8189297835023444,0.0001462141440437795,5.037212424952031e-07
5886.0,1.818828378847083,0.00014623442497486936,5.037214303449389e-07
5887.0,1.8187269790069152,0.00014625470494294266,5.037216292969049e-07
5888.0,1.8186255839794658,0.0001462749839484742,5.037218371306551e-07
5889.0,1.818524193762254,0.00014629526199195952,5.037220520698327e-07
5890.0,1.8184228083527167,0.0001463155390739105,5.037222696735455e-07
5891.0,1.8183214277482347,0.00014633581519485215,5.037224961590425e-07
5892.0,1.818220051946121,0.00014635609035532014,5.037227222004503e-07
5893.0,1.8181186809436587,0.00014637636455585906,5.037229544591071e-07
5894.0,1.818017314738082,0.00014639663779702095,5.03723187161853e-07
5895.0,1.8179159533266016,0.00014641691007936423,5.037234234173127e-07
5896.0,1.817814596706398,0.00014643718140345272,5.037236623373076e-07
5897.0,1.817713244874625,0.00014645745176985483,5.037238994809456e-07
5898.0,1.817611897828426,0.00014647772117914302,5.03724141509565e-07
5899.0,1.8175105555649176,0.0001464979896318932,5.037243839822736e-07
5900.0,1.8174092180812045,0.00014651825712868423,5.03724626010893e-07
5901.0,1.8173078853743825,0.00014653852367009767,5.037248711481368e-07
5902.0,1.8172065574415284,0.0001465587892567173,5.037251153972022e-07
5903.0,1.8171052342797156,0.0001465790538891289,5.037253605344461e-07
5904.0,1.8170039158860078,0.00014659931756791996,5.037256083362252e-07
5905.0,1.816902602257458,0.00014661958029367941,5.03725855693915e-07
5906.0,1.816801293391114,0.00014663984206699754,5.037261021634265e-07
5907.0,1.8166999892840199,0.00014666010288846571,5.037263490770272e-07
5908.0,1.816598689933216,0.00014668036275867623,5.037265977669847e-07
5909.0,1.816497395335734,0.00014670062167822226,5.03726846012853e-07
5910.0,1.8163961054886064,0.0001467208796476976,5.037270951468997e-07
5911.0,1.8162948203888605,0.00014674113666769665,5.037273442809465e-07
5912.0,1.81619354003352,0.0001467613927388143,5.037275920827256e-07
5913.0,1.8160922644196127,0.00014678164786164572,5.037278421049507e-07
5914.0,1.815990993544158,0.00014680190203678644,5.037280907949082e-07
5915.0,1.8158897274041776,0.0001468221552648322,5.037283394848657e-07
5916.0,1.8157884659966932,0.00014684240754637886,5.037285881748232e-07
5917.0,1.8156872093187244,0.00014686265888202236,5.037288368647808e-07
5918.0,1.8155859573672917,0.0001468829092723587,5.037290855547383e-07
5919.0,1.8154847101394143,0.00014690315871798378,5.037293338006066e-07
5920.0,1.8153834676321148,0.00014692340721949345,5.037295824905641e-07
5921.0,1.8152822298424125,0.00014694365477748345,5.037298302923432e-07
5922.0,1.8151809967673314,0.00014696390139254932,5.037300785382115e-07
5923.0,1.8150797684038942,0.00014698414706528642,5.037303267840798e-07
5924.0,1.814978544749123,0.00014700439179628986,5.037305728095021e-07
5925.0,1.814877325800048,0.00014702463558615447,5.037308210553704e-07
5926.0,1.8147761115536938,0.0001470448784354748,5.037310684130603e-07
5927.0,1.814674902007088,0.00014706512034484503,5.037313139943933e-07
5928.0,1.8145736971572664,0.000147085361314859,5.037315617961724e-07
5929.0,1.8144724970012567,0.00014710560134611022,5.037318082656839e-07
5930.0,1.814371301536098,0.0001471258404391917,5.037320569556414e-07
5931.0,1.8142701107588217,0.00014714607859469612,5.037323029810636e-07
5932.0,1.8141689246664707,0.00014716631581321567,5.037325494505751e-07
5933.0,1.8140677432560848,0.0001471865520953421,5.037327959200866e-07
5934.0,1.8139665665247062,0.00014720678744166665,5.03733040169152e-07
5935.0,1.8138653944693872,0.00014722702185278013,5.037332884150203e-07
5936.0,1.8137642270871674,0.00014724725532927282,5.037335322199965e-07
5937.0,1.8136630643751057,0.00014726748787173446,5.03733778689508e-07
5938.0,1.8135619063302517,0.00014728771948075434,5.037340238267518e-07
5939.0,1.8134607529496622,0.0001473079501569211,5.037342685199064e-07
5940.0,1.8133596042303994,0.00014732817990082295,5.037345149894179e-07
5941.0,1.8132584606876878,0.00014734840860944467,5.037349120051715e-07
5942.0,1.8131573228358413,0.0001473686361798567,5.037351251679922e-07
5943.0,1.813056190672029,0.00014738886261264741,5.037352668324502e-07
5944.0,1.8129550641944965,0.00014740908790817562,5.037353751902174e-07
5945.0,1.812853943401921,0.00014742931206670784,5.037354608994349e-07
5946.0,1.8127528282932535,0.00014744953508845566,5.037355323977977e-07
5947.0,1.8126517188676272,0.00014746975697359327,5.037355941261978e-07
5948.0,1.8125506151243067,0.0001474899777222675,5.037356447523678e-07
5949.0,1.8124495170626669,0.0001475101973346042,5.037356882731103e-07
5950.0,1.812348424682165,0.00014753041581071251,5.037357282411392e-07
5951.0,1.8122473379823223,0.00014755063315068803,5.037357628800976e-07
5952.0,1.8121462569627176,0.00014757084935461496,5.037357930781639e-07
5953.0,1.8120451816229786,0.00014759106442256803,5.037358192794272e-07
5954.0,1.811944111962774,0.00014761127835461382,5.037358437043338e-07
5955.0,1.8118430479818053,0.00014763149115081184,5.037358650206158e-07
5956.0,1.8117419896798068,0.00014765170281121547,5.037358845605411e-07
5957.0,1.8116409370565363,0.0001476719133358726,5.037358996595742e-07
5958.0,1.8115398901117845,0.0001476921227248264,5.037359169790534e-07
5959.0,1.8114388488453501,0.00014771233097811567,5.037359289694621e-07
5960.0,1.8113378132570634,0.0001477325380957755,5.037359414039599e-07
5961.0,1.8112367833467662,0.00014775274407783753,5.03735954282547e-07
5962.0,1.8111357591143127,0.00014777294892433018,5.037359640525096e-07
5963.0,1.8110347405595753,0.0001477931526352791,5.037359716020262e-07
5964.0,1.8109337276824418,0.00014781335521070737,5.037359791515428e-07
5965.0,1.8108327204828072,0.00014783355665063568,5.037359862569701e-07
5966.0,1.8107317189605794,0.0001478537569550826,5.037359929183083e-07
5967.0,1.8106307231156729,0.00014787395612406474,5.037359973592004e-07
5968.0,1.8105297329480183,0.00014789415415759685,5.037360031323601e-07
5969.0,1.8104287484575454,0.000147914351055692,5.037360062409846e-07
5970.0,1.8103277696442008,0.0001479345468183617,5.037360097936983e-07
5971.0,1.8102267965079326,0.00014795474144561606,5.037360133464119e-07
5972.0,1.8101258290486966,0.00014797493493746378,5.037360160109472e-07
5973.0,1.8100248672664567,0.00014799512729391239,5.037360191195717e-07
5974.0,1.80992391116118,0.00014801531851496818,5.037360213400177e-07
5975.0,1.8098229607328398,0.00014803550860063646,5.037360226722853e-07
5976.0,1.8097220159814174,0.00014805569755092142,5.037360248927314e-07
5977.0,1.8096210769068959,0.00014807588536582637,5.037360284454451e-07
5978.0,1.8095201435092578,0.00014809607204535372,5.037360271131774e-07
5979.0,1.8094192157885034,0.00014811625758950507,5.037360293336235e-07
5980.0,1.8093182937446213,0.0001481364419982812,5.037360280013559e-07
5981.0,1.8092173773776168,0.0001481566252716822,5.037360284454451e-07
5982.0,1.80911646668749,0.00014817680740970745,5.037360275572667e-07
5983.0,1.8090155616742465,0.0001481969884123557,5.037360257809098e-07
5984.0,1.8089146623378987,0.0001482171682796251,5.037360248927314e-07
5985.0,1.8088137686784576,0.0001482373470115132,5.03736024004553e-07
5986.0,1.8087128806959387,0.00014825752460801705,5.037360244486422e-07
5987.0,1.808611998390357,0.00014827770106913313,5.037360231163746e-07
5988.0,1.808511121761733,0.00014829787639485752,5.037360213400177e-07
5989.0,1.80841025081009,0.00014831805058518576,5.037360195636609e-07
5990.0,1.8083093855354517,0.00014833822364011302,5.037360173432148e-07
5991.0,1.8082085259378446,0.00014835839555963406,5.03736015566858e-07
5992.0,1.8081076720172966,0.0001483785663437432,5.037360133464119e-07
5993.0,1.8080068237738378,0.00014839873599243448,5.037360106818767e-07
5994.0,1.8079059812074998,0.00014841890450570153,5.037360080173414e-07
5995.0,1.8078051443183156,0.0001484390718835377,5.037360044646277e-07
5996.0,1.807704313106322,0.00014845923812593597,5.037360022441817e-07
5997.0,1.8076034875715534,0.0001484794032328891,5.037359995796464e-07
5998.0,1.8075026677140473,0.00014849956720438957,5.037359955828435e-07
5999.0,1.807401853533844,0.0001485197300404295,5.037359920301299e-07
6000.0,1.807301045030984,0.0001485398917410009,5.037359893655946e-07
6001.0,1.8072002418936486,0.00014856005236836003,5.037354493531154e-07
6002.0,1.807099443813248,0.00014858021198439005,5.037351988868011e-07
6003.0,1.806998650792772,0.0001486003705884432,5.037349883885156e-07
6004.0,1.806897862834717,0.00014862052818001697,5.037348023151367e-07
6005.0,1.806797079941285,0.00014864068475866976,5.037346340053261e-07
6006.0,1.8066963021144915,0.0001486608403239976,5.037344799063703e-07
6007.0,1.806595529356218,0.00014868099487562263,5.037343315805742e-07
6008.0,1.8064947616682534,0.00014870114841318698,5.037341890279379e-07
6009.0,1.8063939990523112,0.00014872130093634874,5.037340558011749e-07
6010.0,1.80629324151003,0.00014874145244477897,5.037339252389472e-07
6011.0,1.8061924890430012,0.00014876160293815952,5.037337995617008e-07
6012.0,1.8060917416527669,0.0001487817524161815,5.037336747726329e-07
6013.0,1.8059909993408327,0.0001488019008785442,5.03733554424457e-07
6014.0,1.8058902621086643,0.00014882204832495407,5.037334354085488e-07
6015.0,1.8057895299577005,0.00014884219475512397,5.037333208335326e-07
6016.0,1.8056888028893436,0.0001488623401687725,5.037332067026057e-07
6017.0,1.8055880809049802,0.00014888248456562344,5.037330979007493e-07
6018.0,1.8054873640059614,0.00014890262794540525,5.037329882107144e-07
6019.0,1.8053866521936293,0.00014892277030785072,5.037328834056609e-07
6020.0,1.805285945469293,0.00014894291165269666,5.037327768242505e-07
6021.0,1.8051852438342513,0.0001489630519796836,5.03732669798751e-07
6022.0,1.8050845472897865,0.00014898319128855557,5.037325649936975e-07
6023.0,1.8049838558371618,0.00014900332957905983,5.037324615209116e-07
6024.0,1.8048831694776273,0.0001490234668509467,5.037323611567501e-07
6025.0,1.8047824882124168,0.00014904360310396934,5.037322643453024e-07
6026.0,1.8046818120427492,0.00014906373833788354,5.037321675338546e-07
6027.0,1.8045811409698302,0.00014908387255244772,5.037320693901393e-07
6028.0,1.8044804749948604,0.00014910400574742259,5.037319739109591e-07
6029.0,1.8043798141190224,0.00014912413792257125,5.037318793199574e-07
6030.0,1.8042791583434863,0.00014914426907765895,5.037317816203313e-07
6031.0,1.8041785076694234,0.00014916439921245305,5.037316892497756e-07
6032.0,1.8040778620979794,0.00014918452832672285,5.037315942146847e-07
6033.0,1.803977221630302,0.00014920465642023965,5.037315009559507e-07
6034.0,1.803876586267523,0.00014922478349277648,5.037314059208597e-07
6035.0,1.803775956010775,0.00014924490954410823,5.037313166589286e-07
6036.0,1.8036753308611682,0.00014926503457401142,5.037312260647298e-07
6037.0,1.8035747108198144,0.00014928515858226421,5.037311359146202e-07
6038.0,1.8034740958878144,0.00014930528156864635,5.03731046652689e-07
6039.0,1.8033734860662607,0.00014932540353293906,5.037309565025794e-07
6040.0,1.8032728813562429,0.00014934552447492505,5.037308685729158e-07
6041.0,1.8031722817588374,0.00014936564439438845,5.037307801991631e-07
6042.0,1.803071687275118,0.00014938576329111476,5.037306922694995e-07
6043.0,1.8029710979061506,0.00014940588116489078,5.037306052280144e-07
6044.0,1.802870513652994,0.00014942599801550464,5.0373051774244e-07
6045.0,1.8027699345167016,0.00014944611384274571,5.037304307009549e-07
6046.0,1.802669360498323,0.00014946622864640458,5.037303467680943e-07
6047.0,1.8025687915988942,0.000149486342426273,5.037302597266091e-07
6048.0,1.8024682278194546,0.0001495064551821439,5.037301744614808e-07
6049.0,1.802367669161032,0.00014952656691381134,5.037300891963525e-07
6050.0,1.8022671156246521,0.00014954667762107044,5.037300048194027e-07
6051.0,1.802166567211333,0.0001495667873037174,5.037299204424528e-07
6052.0,1.8020660239220874,0.00014958689596154945,5.037298351773245e-07
6053.0,1.8019654857579268,0.00014960700359436486,5.03729751688553e-07
6054.0,1.8018649527198527,0.00014962711020196287,5.037296677556924e-07
6055.0,1.8017644248088667,0.00014964721578414369,5.037295855991886e-07
6056.0,1.801663902025959,0.00014966732034070847,5.037295021104171e-07
6057.0,1.8015633843721228,0.00014968742387145933,5.037294199539133e-07
6058.0,1.8014628718483412,0.00014970752637619926,5.037293377974095e-07
6059.0,1.8013623644555965,0.00014972762785473212,5.037292578613517e-07
6060.0,1.8012618621948149,0.00014974772830686242,5.037291277432132e-07
6061.0,1.8011613650473748,0.00014976782773631922,5.037289714238113e-07
6062.0,1.8010608729952526,0.0001497879261467077,5.037287915676814e-07
6063.0,1.800960386040647,0.00014980802353759378,5.037286165965327e-07
6064.0,1.8008599041856623,0.000149828119908556,5.037284429576516e-07
6065.0,1.8007594274323744,0.0001498482152591795,5.03728272427395e-07
6066.0,1.8006589557828325,0.00014986830958905415,5.037281041175845e-07
6067.0,1.8005584892390667,0.0001498884028977737,5.03727935807774e-07
6068.0,1.8004580278030928,0.0001499084951849351,5.037277688302311e-07
6069.0,1.8003575714769127,0.00014992858645013833,5.037276049613126e-07
6070.0,1.8002571202625084,0.00014994867669298592,5.037274384278589e-07
6071.0,1.8001566741618609,0.0001499687659130828,5.037272754471189e-07
6072.0,1.8000562331769312,0.00014998885411003618,5.037271129104681e-07
6073.0,1.799955797309674,0.00015000894128345537,5.037269512619957e-07
6074.0,1.7998553665620314,0.0001500290274329517,5.037267905017018e-07
6075.0,1.7997549409359386,0.00015004911255813835,5.037266306295862e-07
6076.0,1.7996545204333183,0.00015006919665863031,5.037264703133815e-07
6077.0,1.7995541050560901,0.00015008927973404434,5.03726312661712e-07
6078.0,1.7994536948061606,0.00015010936178399883,5.037261554541317e-07
6079.0,1.7993532896854254,0.0001501294428081138,5.037259951379269e-07
6080.0,1.7992528896957847,0.00015014952280601086,5.037258397067035e-07
6081.0,1.7991524948391178,0.00015016960177731306,5.037256838313908e-07
6082.0,1.7990521051173023,0.00015018967972164497,5.03725527511989e-07
6083.0,1.79895172053221,0.00015020975663863255,5.037253734130331e-07
6084.0,1.7988513410857028,0.00015022983252790313,5.037252188699881e-07
6085.0,1.7987509667796375,0.00015024990738908545,5.037250652151215e-07
6086.0,1.7986505976158624,0.0001502699812218095,5.037249106720765e-07
6087.0,1.7985502335962247,0.0001502900540257066,5.037247583494775e-07
6088.0,1.7984498747225588,0.00015031012580040928,5.037246055827893e-07
6089.0,1.7983495209966986,0.00015033019654555138,5.037244563688148e-07
6090.0,1.7982491724204634,0.00015035026626076788,5.037243036021266e-07
6091.0,1.7981488289956773,0.00015037033494569497,5.037241526117953e-07
6092.0,1.7980484907241516,0.00015039040259997,5.037240020655531e-07
6093.0,1.7979481576076946,0.00015041046922323141,5.037238524074894e-07
6094.0,1.7978478296481089,0.00015043053481511885,5.037237036376041e-07
6095.0,1.7977475068471878,0.000150450599375273,5.03723553091362e-07
6096.0,1.797647189206729,0.00015047066290333562,5.037234074301011e-07
6097.0,1.79754687672851,0.00015049072539894954,5.037232582161266e-07
6098.0,1.7974465694143165,0.00015051078686175866,5.037231103344197e-07
6099.0,1.7973462672659246,0.0001505308472914079,5.037229646731589e-07
6100.0,1.7972459702851014,0.0001505509066875431,5.037228176796305e-07
6101.0,1.7971456784736144,0.00015057096504981127,5.037226711301912e-07
6102.0,1.7970453918332225,0.00015059102237786025,5.03722524580752e-07
6103.0,1.7969451103656835,0.0001506110786713389,5.037223784754019e-07
6104.0,1.7968448340727476,0.00015063113392989707,5.037222337023195e-07
6105.0,1.7967445629561611,0.0001506511881531855,5.037220893733263e-07
6106.0,1.7966442970176646,0.00015067124134085584,5.037219446002439e-07
6107.0,1.7965440362589953,0.00015069129349256074,5.037217998271615e-07
6108.0,1.7964437806818887,0.00015071134460795368,5.037216577186143e-07
6109.0,1.7963435302880673,0.00015073139468668907,5.037215129455319e-07
6110.0,1.7962432850792587,0.0001507514437284222,5.037213699488063e-07
6111.0,1.796143045057181,0.00015077149173280919,5.0372122739617e-07
6112.0,1.7960428102235497,0.00015079153869950707,5.03721085731712e-07
6113.0,1.795942580580074,0.0001508115846281737,5.037209427349865e-07
6114.0,1.7958423561284613,0.00015083162951846774,5.037208006264393e-07
6115.0,1.7957421368704158,0.00015085167337004876,5.03720660294249e-07
6116.0,1.7956419228076328,0.0001508717161825771,5.037205190738803e-07
6117.0,1.7955417139418075,0.00015089175795571393,5.037203778535115e-07
6118.0,1.7954415102746313,0.00015091179868912118,5.037202375213212e-07
6119.0,1.7953413118077892,0.00015093183838246163,5.037200980773093e-07
6120.0,1.7952411185429886,0.00015095187703539906,5.037199843904716e-07
6121.0,1.7951409306070396,0.00015097191462267576,5.03720419153808e-07
6122.0,1.7950407481224004,0.00015099195111967692,5.037207855274062e-07
6123.0,1.794940571084614,0.00015101198652730282,5.037211288083654e-07
6124.0,1.79484039948954,0.00015103202084638384,5.037214596548267e-07
6125.0,1.7947402333331963,0.0001510520540777174,5.037217838399499e-07
6126.0,1.7946400726117053,0.00015107208622207866,5.037220991432889e-07
6127.0,1.7945399173212782,0.0001510921172802261,5.037224091175574e-07
6128.0,1.7944397674581907,0.0001511121472529046,5.037227142068446e-07
6129.0,1.7943396230187767,0.00015113217614084768,5.03723015743418e-07
6130.0,1.794239483999418,0.0001511522039447791,5.037233141713671e-07
6131.0,1.7941393503965373,0.000151172230665414,5.037236077143348e-07
6132.0,1.7940392222065997,0.0001511922563034597,5.037238985927672e-07
6133.0,1.7939390994261026,0.0001512122808596166,5.037241863625752e-07
6134.0,1.7938389820515805,0.00015123230433457867,5.037244745764724e-07
6135.0,1.7937388700795878,0.00015125232672903396,5.037247583494775e-07
6136.0,1.793638763506714,0.00015127234804366503,5.037250399020365e-07
6137.0,1.7935386623295737,0.00015129236827914926,5.037253205664172e-07
6138.0,1.7934385665448014,0.00015131238743615926,5.037255981221733e-07
6139.0,1.7933384761490576,0.00015133240551536308,5.037258734574834e-07
6140.0,1.7932383911390266,0.00015135242251742442,5.037261492368827e-07
6141.0,1.7931383115114061,0.00015137243844300295,5.037264214635684e-07
6142.0,1.7930382372629203,0.00015139245329275436,5.037266928020756e-07
6143.0,1.792938168390308,0.0001514124670673307,5.037269619201368e-07
6144.0,1.7928381048903281,0.00015143247976738037,5.037272305941087e-07
6145.0,1.7927380467597551,0.00015145249139354844,5.037274979358131e-07
6146.0,1.7926379939953794,0.0001514725019464766,5.037277630570713e-07
6147.0,1.7925379465940108,0.0001514925114268034,5.037280281783296e-07
6148.0,1.792437904552468,0.00015151251983516436,5.037282906350526e-07
6149.0,1.7923378678675923,0.000151532527172192,5.037285526476865e-07
6150.0,1.7922378365362344,0.00015155253343851602,5.037288151044095e-07
6151.0,1.7921378105552568,0.0001515725386347633,5.037290740084188e-07
6152.0,1.7920377899215423,0.0001515925427615581,5.037293333565174e-07
6153.0,1.7919377746319816,0.00015161254581952198,5.037295918164375e-07
6154.0,1.7918377646834776,0.00015163254780927403,5.037298485000008e-07
6155.0,1.79173776007295,0.00015165254873143088,5.037301051835641e-07
6156.0,1.7916377607973257,0.0001516725485866067,5.037303596466813e-07
6157.0,1.791537766853547,0.00015169254737541334,5.037306141097986e-07
6158.0,1.7914377782385642,0.0001517125450984604,5.03730866796559e-07
6159.0,1.7913377949493419,0.00015173254175635523,5.03731118595141e-07
6160.0,1.791237816982854,0.000151752537349703,5.037313695055445e-07
6161.0,1.791137844336087,0.0001517725318791067,5.037316213041265e-07
6162.0,1.7910378770060331,0.00015179252534516734,5.037318704381732e-07
6163.0,1.7909379149897,0.00015181251774848385,5.0373211957222e-07
6164.0,1.7908379582841019,0.00015183250908965313,5.037323682621775e-07
6165.0,1.7907380068862644,0.00015185249936927015,5.037326156198674e-07
6166.0,1.7906380607932217,0.00015187248858792798,5.037328620893788e-07
6167.0,1.7905381200020192,0.0001518924767462178,5.037331090029795e-07
6168.0,1.7904381845097075,0.00015191246384472893,5.037333528079557e-07
6169.0,1.7903382543133504,0.00015193244988404893,5.037335957247535e-07
6170.0,1.790238329410021,0.00015195243486476351,5.037338390856405e-07
6171.0,1.7901384097967972,0.0001519724187874567,5.037340811142599e-07
6172.0,1.7900384954707695,0.0001519924016527108,5.037343240310577e-07
6173.0,1.7899385864290347,0.0001520123834611064,5.037345673919447e-07
6174.0,1.7898386826686936,0.00015203236421322249,5.037348067560288e-07
6175.0,1.7897387841868644,0.00015205234390963632,5.037350465642021e-07
6176.0,1.7896388909806682,0.00015207232255092366,5.037352872605538e-07
6177.0,1.7895390030472302,0.00015209230013765864,5.037355239601027e-07
6178.0,1.7894391203836923,0.00015211227667041383,5.037357619919192e-07
6179.0,1.7893392429871973,0.00015213225214976027,5.037359991355572e-07
6180.0,1.7892393708548655,0.00015215222657626729,5.037362025284153e-07
6181.0,1.7891395039315303,0.0001521721999609007,5.03736034662694e-07
6182.0,1.7890396421650714,0.00015219217231416594,5.037359014359311e-07
6183.0,1.7889397855571112,0.00015221214363573334,5.037357784232199e-07
6184.0,1.78883993410913,0.0001522321139253061,5.037356607395793e-07
6185.0,1.788740087822532,0.0001522520831826037,5.037355510495445e-07
6186.0,1.7886402466986568,0.00015227205140735692,5.037354422476881e-07
6187.0,1.7885404107388079,0.00015229201859930512,5.037353338899209e-07
6188.0,1.7884405799442586,0.00015231198475819472,5.03735232637581e-07
6189.0,1.788340754316241,0.00015233194988377807,5.037351318293304e-07
6190.0,1.7882409338559697,0.00015235191397581265,5.03735033685615e-07
6191.0,1.7881411185646319,0.00015237187703406052,5.037349350978104e-07
6192.0,1.7880413084434004,0.00015239183905828779,5.037348400627195e-07
6193.0,1.7879415034934243,0.0001524118000482642,5.03734745915807e-07
6194.0,1.7878417037158378,0.00015243176000376293,5.037346531011622e-07
6195.0,1.7877419091117606,0.0001524517189245602,5.037345620628741e-07
6196.0,1.7876421196822931,0.00015247167681043506,5.037344688041401e-07
6197.0,1.7875423354285338,0.0001524916336611693,5.037343808744765e-07
6198.0,1.787442556351555,0.00015251158947654717,5.037342916125453e-07
6199.0,1.7873427824524282,0.00015253154425635523,5.037342050151494e-07
6200.0,1.7872430137322044,0.00015255149800038232,5.037341166413967e-07
6201.0,1.7871432501919347,0.0001525714507084193,5.037340318203576e-07
6202.0,1.7870434918326505,0.00015259140238025907,5.037339465552293e-07
6203.0,1.78694373865538,0.00015261135301569638,5.037338621782794e-07
6204.0,1.7868439906611384,0.00015263130261452778,5.037337778013296e-07
6205.0,1.7867442478509374,0.00015265125117655155,5.037336956448257e-07
6206.0,1.7866445102257735,0.00015267119870156757,5.037336117119651e-07
6207.0,1.7865447777866434,0.00015269114518937736,5.037335308877289e-07
6208.0,1.7864450505345295,0.0001527110906397839,5.037334496194035e-07
6209.0,1.7863453284704112,0.00015273103505259166,5.037333701274349e-07
6210.0,1.7862456115952559,0.00015275097842760649,5.037332888591095e-07
6211.0,1.78614589991003,0.0001527709207646356,5.037332084789625e-07
6212.0,1.7860461934156924,0.00015279086206348747,5.037331303192616e-07
6213.0,1.7859464921131918,0.00015281080232397188,5.037330517154714e-07
6214.0,1.7858467960034747,0.00015283074154589984,5.037329744439489e-07
6215.0,1.785747105087479,0.0001528506797290835,5.037328967283372e-07
6216.0,1.7856474193661374,0.00015287061687333615,5.037328185686363e-07
6217.0,1.7855477388403806,0.00015289055297847227,5.037327426293814e-07
6218.0,1.7854480635111287,0.00015291048804430733,5.037326658019481e-07
6219.0,1.7853483933792997,0.0001529304220706579,5.037325898626932e-07
6220.0,1.7852487284458074,0.00015295035505734158,5.037325156997952e-07
6221.0,1.7851490687115539,0.0001529702870041769,5.037324388723619e-07
6222.0,1.7850494141774471,0.00015299021791098343,5.037323647094638e-07
6223.0,1.7849497648443822,0.00015301014777758165,5.03732290990655e-07
6224.0,1.7848501207132508,0.00015303007660379296,5.037322163836677e-07
6225.0,1.7847504817849433,0.0001530500043894397,5.037321422207697e-07
6226.0,1.7846508480603425,0.000153069931134345,5.037320680578716e-07
6227.0,1.78455121954033,0.00015308985683833295,5.037319952272412e-07
6228.0,1.7844515962257812,0.0001531097815012284,5.037319237288784e-07
6229.0,1.7843519781175645,0.00015312970512285708,5.037318504541588e-07
6230.0,1.7842523652165525,0.00015314962770304546,5.037317802880636e-07
6231.0,1.7841527575236014,0.00015316954924162086,5.037317061251656e-07
6232.0,1.7840531550395777,0.0001531894697384113,5.037316346268028e-07
6233.0,1.7839535577653356,0.00015320938919324563,5.037315644607077e-07
6234.0,1.7838539657017267,0.00015322930760595338,5.037314942946125e-07
6235.0,1.7837543788495984,0.00015324922497636484,5.037314232403389e-07
6236.0,1.7836547972097978,0.00015326914130431098,5.037313530742438e-07
6237.0,1.7835552207831649,0.0001532890565896235,5.037312829081486e-07
6238.0,1.7834556495705385,0.00015330897083213477,5.037312127420535e-07
6239.0,1.7833560835727549,0.00015332888403167782,5.037311443523151e-07
6240.0,1.7832565227907087,0.00015334879618808663,5.037311425759583e-07
6241.0,1.7831569672648353,0.00015336870729327118,5.037311918698606e-07
6242.0,1.7830574170350006,0.00015338861733923801,5.037311914257714e-07
6243.0,1.7829578721011865,0.0001534085263260008,5.037311909816822e-07
6244.0,1.7828583324634157,0.00015342843425355393,5.037311860967009e-07
6245.0,1.782758798121758,0.00015344834112188368,5.037311772149167e-07
6246.0,1.7826592690763108,0.00015346824693097144,5.037311683331325e-07
6247.0,1.7825597453271813,0.0001534881516807951,5.037311576749914e-07
6248.0,1.782460226874497,0.00015350805537133003,5.037311479050288e-07
6249.0,1.7823607137183863,0.0001535279580025495,5.037311345823525e-07
6250.0,1.7822612058589946,0.0001535478595744252,5.037311212596762e-07
6251.0,1.7821617032964712,0.00015356776008692747,5.037311088251784e-07
6252.0,1.7820622060309674,0.00015358765954002554,5.037310955025021e-07
6253.0,1.7819627140626413,0.00015360755793368772,5.037310804034689e-07
6254.0,1.7818632273916595,0.0001536274552678815,5.037310675248818e-07
6255.0,1.7817637460181843,0.0001536473515425737,5.037310533140271e-07
6256.0,1.7816642699423864,0.00015366724675773045,5.037310391031724e-07
6257.0,1.7815647991644343,0.00015368714091331745,5.037310222277824e-07
6258.0,1.7814653336845072,0.00015370703400929988,5.037310071287493e-07
6259.0,1.7813658735027802,0.00015372692604564254,5.037309933619838e-07
6260.0,1.7812664186194267,0.00015374681702230988,5.037309764865938e-07
6261.0,1.7811669690346328,0.00015376670693926603,5.037309636080067e-07
6262.0,1.7810675247485734,0.0001537865957964748,5.037309480648844e-07
6263.0,1.7809680857614318,0.00015380648359389985,5.037309316335836e-07
6264.0,1.7808686520733934,0.00015382637033150448,5.037309160904613e-07
6265.0,1.7807692236846393,0.0001538462560092519,5.037308992150713e-07
6266.0,1.7806698005953585,0.0001538661406271051,5.037308845601274e-07
6267.0,1.7805703828057327,0.00015388602418502694,5.037308681288266e-07
6268.0,1.7804709703159503,0.00015390590668298016,5.037308516975258e-07
6269.0,1.780371563126198,0.00015392578812092734,5.037308352662251e-07
6270.0,1.780272161236665,0.000153945668498831,5.037308206112812e-07
6271.0,1.780172764647536,0.00015396554781665355,5.037308041799804e-07
6272.0,1.7800733733590013,0.00015398542607435734,5.03730788636858e-07
6273.0,1.779973987371249,0.00015400530327190463,5.037307726496465e-07
6274.0,1.7798746066844675,0.00015402517940925765,5.037307562183457e-07
6275.0,1.7797752312988457,0.00015404505448637855,5.037307393429558e-07
6276.0,1.7796758612145769,0.0001540649285032295,5.03730725132101e-07
6277.0,1.7795764964318448,0.00015408480145977257,5.037307082567111e-07
6278.0,1.7794771369508418,0.00015410467335596985,5.037306913813211e-07
6279.0,1.7793777827717594,0.0001541245441917834,5.037306771704664e-07
6280.0,1.779278433894784,0.0001541444139671753,5.037306611832548e-07
6281.0,1.7791790903201048,0.00015416428268210763,5.037306434196864e-07
6282.0,1.779079752047915,0.0001541841503365424,5.037306274324749e-07
6283.0,1.7789804190784038,0.00015420401693044168,5.03730612777531e-07
6284.0,1.778881091411759,0.00015422388246376758,5.037305972344086e-07
6285.0,1.7787817690481693,0.00015424374693648218,5.037305808031078e-07
6286.0,1.7786824519878284,0.00015426361034854758,5.037305670363423e-07
6287.0,1.7785831402309187,0.00015428347269992593,5.037305488286847e-07
6288.0,1.7784838337776347,0.0001543033339905794,5.03730532397384e-07
6289.0,1.7783845326281653,0.00015432319422047016,5.037305164101724e-07
6290.0,1.7782852367826991,0.00015434305338956044,5.037305017552285e-07
6291.0,1.778185946241423,0.00015436291149781251,5.037304862121061e-07
6292.0,1.7780866610045258,0.00015438276854518867,5.037304697808054e-07
6293.0,1.777987381072197,0.00015440262453165126,5.037304537935938e-07
6294.0,1.7778881064446237,0.0001544224794571627,5.037304378063823e-07
6295.0,1.7777888371219952,0.00015444233332168538,5.037304227073491e-07
6296.0,1.7776895731044984,0.0001544621861251818,5.037304080524052e-07
6297.0,1.7775903143923184,0.00015448203786761446,5.037303911770152e-07
6298.0,1.777491060985646,0.00015450188854894596,5.037303765220713e-07
6299.0,1.7773918128846655,0.00015452173816913893,5.03730360978949e-07
6300.0,1.7772925700894688,0.0001545415867281556,5.037302472921112e-07
6301.0,1.777193332322063,0.0001545614342815859,5.037299932730832e-07
6302.0,1.777094099306419,0.00015458128088465718,5.037297055032752e-07
6303.0,1.7769948710459722,0.0001546011265367026,5.037294856791164e-07
6304.0,1.7768956475433542,0.00015462097123718593,5.037292845067043e-07
6305.0,1.7767964288009657,0.00015464081498562605,5.037290962128793e-07
6306.0,1.7766972148210418,0.00015466065778157605,5.037289225739983e-07
6307.0,1.7765980056056907,0.00015468049962461293,5.037287560405446e-07
6308.0,1.7764988011569325,0.000154700340514332,5.037285930598046e-07
6309.0,1.7763996014767192,0.0001547201804503434,5.037284367404027e-07
6310.0,1.77630040656694,0.00015474001943226924,5.03728287082339e-07
6311.0,1.7762012164294299,0.0001547598574597418,5.037281396447213e-07
6312.0,1.776102031065983,0.00015477969453240207,5.037279939834605e-07
6313.0,1.7760028504783574,0.0001547995306498987,5.037278514308241e-07
6314.0,1.7759036746682748,0.0001548193658118872,5.03727711542723e-07
6315.0,1.7758045036374281,0.00015483920001802922,5.037275747632464e-07
6316.0,1.7757053373874785,0.00015485903326799188,5.037274384278589e-07
6317.0,1.7756061759200699,0.00015487886556144723,5.037273065333636e-07
6318.0,1.775507019236816,0.00015489869689807193,5.037271764152251e-07
6319.0,1.7754078673393119,0.00015491852727754686,5.037270467411759e-07
6320.0,1.775308720229133,0.00015493835669955677,5.037269175112158e-07
6321.0,1.7752095779078372,0.00015495818516379016,5.037267887253449e-07
6322.0,1.775110440376969,0.0001549780126699389,5.037266643803662e-07
6323.0,1.7750113076380483,0.00015499783921769803,5.03726539147209e-07
6324.0,1.774912179692587,0.00015501766480676568,5.037264161344979e-07
6325.0,1.774813056542082,0.00015503748943684277,5.037262966745004e-07
6326.0,1.7747139381880104,0.00015505731310763287,5.037261754381461e-07
6327.0,1.774614824631846,0.00015507713581884214,5.037260573104163e-07
6328.0,1.7745157158750415,0.00015509695757017915,5.037259378504189e-07
6329.0,1.774416611919044,0.00015511677836135482,5.037258188345106e-07
6330.0,1.774317512765291,0.00015513659819208224,5.037257029272268e-07
6331.0,1.7742184184152008,0.00015515641706207665,5.037255843554078e-07
6332.0,1.7741193288701924,0.00015517623497105531,5.037254697803917e-07
6333.0,1.7740202441316666,0.00015519605191873748,5.037253543171971e-07
6334.0,1.773921164201019,0.00015521586790484424,5.037252406303594e-07
6335.0,1.7738220890796337,0.00015523568292909849,5.037251269435217e-07
6336.0,1.7737230187688908,0.00015525549699122487,5.037250159212192e-07
6337.0,1.773623953270155,0.00015527531009094974,5.037249040107383e-07
6338.0,1.773524892584787,0.00015529512222800103,5.037247929884359e-07
6339.0,1.7734258367141402,0.00015531493340210825,5.037246819661334e-07
6340.0,1.7733267856595587,0.00015533474361300245,5.037245713879202e-07
6341.0,1.7732277394223814,0.00015535455286041616,5.037244625860637e-07
6342.0,1.773128698003935,0.00015537436114408334,5.037243524519397e-07
6343.0,1.7730296614055463,0.00015539416846373935,5.037242436500833e-07
6344.0,1.7729306296285308,0.0001554139748191209,5.037241357364053e-07
6345.0,1.7728316026741964,0.000155433780209966,5.037240269345489e-07
6346.0,1.7727325805438494,0.00015545358463601398,5.037239199090493e-07
6347.0,1.772633563238785,0.00015547338809700535,5.037238124394605e-07
6348.0,1.7725345507602974,0.00015549319059268192,5.03723707634407e-07
6349.0,1.7724355431096674,0.00015551299212278666,5.037236010529966e-07
6350.0,1.7723365402881763,0.00015553279268706367,5.037234953597647e-07
6351.0,1.7722375422970993,0.0001555525922852582,5.037233909988004e-07
6352.0,1.772138549137702,0.00015557239091711664,5.037232857496576e-07
6353.0,1.7720395608112482,0.0001555921885823864,5.037231809446041e-07
6354.0,1.7719405773189958,0.00015561198528081603,5.037230765836398e-07
6355.0,1.7718415986621985,0.00015563178101215503,5.037229739990323e-07
6356.0,1.7717426248421009,0.00015565157577615397,5.037228714144248e-07
6357.0,1.7716436558599462,0.00015567136957256439,5.037227688298174e-07
6358.0,1.7715446917169704,0.00015569116240113883,5.037226649129423e-07
6359.0,1.771445732414409,0.00015571095426163075,5.037225632165132e-07
6360.0,1.7713467779553695,0.00015573074515379945,5.037243675509728e-07
6361.0,1.771247828674271,0.00015575053500981146,5.03723328826311e-07
6362.0,1.7711488849124435,0.00015577032376220122,5.037234500626653e-07
6363.0,1.771049946666804,0.00015579011141134982,5.037235535354512e-07
6364.0,1.7709510139362268,0.00015580989795747736,5.037236143756729e-07
6365.0,1.770852086719971,0.00015582968340073963,5.037236698868242e-07
6366.0,1.7707531650174462,0.00015584946774125334,5.037237134075667e-07
6367.0,1.7706542488282067,0.00015586925097910742,5.037237444938114e-07
6368.0,1.7705553381519104,0.00015588903311437033,5.03723762701469e-07
6369.0,1.7704564329883012,0.0001559088141470947,5.037237751359669e-07
6370.0,1.7703575333371837,0.00015592859407732033,5.037237857941079e-07
6371.0,1.7702586391984123,0.00015594837290507625,5.037237942318029e-07
6372.0,1.770159750571887,0.0001559681506303823,5.037237991167842e-07
6373.0,1.770060867457545,0.0001559879272532504,5.037237977845166e-07
6374.0,1.7699619898553645,0.00015600770277368563,5.037237928995353e-07
6375.0,1.7698631177653472,0.00015602747719168711,5.037237831295727e-07
6376.0,1.7697642511875316,0.00015604725050724882,5.037237760241453e-07
6377.0,1.7696653901219628,0.00015606702272035996,5.037237631455582e-07
6378.0,1.7695665345687268,0.00015608679383100548,5.037237547078632e-07
6379.0,1.769467684527911,0.0001561065638391665,5.037237440497222e-07
6380.0,1.7693688399996268,0.0001561263327448206,5.037237302829567e-07
6381.0,1.7692700009840079,0.00015614610054794214,5.037237191807264e-07
6382.0,1.7691711674811887,0.0001561658672485025,5.037237018612473e-07
6383.0,1.7690723394913304,0.00015618563284647041,5.037236827654112e-07
6384.0,1.7689735170146017,0.00015620539734181215,5.03723663225486e-07
6385.0,1.7688747000511824,0.00015622516073449168,5.037236414651147e-07
6386.0,1.768775888601266,0.0001562449230244709,5.037236210370111e-07
6387.0,1.7686770826650489,0.00015626468421170968,5.037235979443722e-07
6388.0,1.7685782822427467,0.00015628444429616607,5.037235775162685e-07
6389.0,1.7684794873345755,0.00015630420327779638,5.037235579763433e-07
6390.0,1.7683806979407588,0.0001563239611565553,5.037235357718828e-07
6391.0,1.7682819140615331,0.000156343717932396,5.037235135674223e-07
6392.0,1.7681831356971396,0.00015636347360527018,5.037234909188726e-07
6393.0,1.768084362847829,0.00015638322817512824,5.037234709348581e-07
6394.0,1.7679855955138486,0.00015640298164191932,5.037234456217732e-07
6395.0,1.7678868336954647,0.00015642273400559133,5.037234220850451e-07
6396.0,1.7677880773929422,0.00015644248526609108,5.037233981042277e-07
6397.0,1.7676893266065508,0.00015646223542336432,5.037233727911428e-07
6398.0,1.7675905813365698,0.0001564819844773558,5.037233492544146e-07
6399.0,1.7674918415832765,0.0001565017324280093,5.037233234972405e-07
6400.0,1.7673931073469584,0.0001565214792752677,5.037232972959771e-07
6401.0,1.7672943786279065,0.00015654122501907307,5.037232724269813e-07
6402.0,1.7671956554264123,0.0001565609696593666,5.037232457816287e-07
6403.0,1.7670969377427765,0.0001565807131960887,5.037232204685438e-07
6404.0,1.766998225577299,0.00015660045562917904,5.037231947113696e-07
6405.0,1.7668995189302845,0.00015662019695857665,5.037231685101062e-07
6406.0,1.7668008178020422,0.00015663993718421983,5.037231418647536e-07
6407.0,1.7667021221928814,0.00015665967630604626,5.037231134430442e-07
6408.0,1.7666034321031214,0.000156679414323993,5.037230867976916e-07
6409.0,1.7665047475330757,0.00015669915123799657,5.037230592641606e-07
6410.0,1.7664060684830678,0.00015671888704799287,5.03723032618808e-07
6411.0,1.766307394953417,0.0001567386217539173,5.037230041970986e-07
6412.0,1.7662087269444524,0.00015675835535570475,5.037229766635676e-07
6413.0,1.7661100644564995,0.00015677808785328963,5.037229482418581e-07
6414.0,1.7660114074898898,0.00015679781924660588,5.037229198201487e-07
6415.0,1.7659127560449566,0.000156817549535587,5.037228922866177e-07
6416.0,1.765814110122033,0.00015683727872016606,5.037228638649083e-07
6417.0,1.7657154697214568,0.00015685700680027572,5.037228358872881e-07
6418.0,1.765616834843565,0.00015687673377584824,5.037228070214894e-07
6419.0,1.7655182054886995,0.00015689645964681552,5.037227777116016e-07
6420.0,1.7654195816563358,0.00015691618441310742,5.037218735459703e-07
6421.0,1.7653209630762217,0.00015693590812900404,5.037212424952031e-07
6422.0,1.7652223494797445,0.00015695563084852464,5.037223682613501e-07
6423.0,1.765123740865679,0.00015697535257116555,5.037215076164614e-07
6424.0,1.7650251372390238,0.00015699507329654675,5.037217580827758e-07
6425.0,1.7649265385999933,0.00015701479302434113,5.03721699463e-07
6426.0,1.76482794495022,0.0001570345117542535,5.037214880765362e-07
6427.0,1.7647293562912512,0.00015705422948601025,5.037213028913357e-07
6428.0,1.7646307726243773,0.00015707394621935404,5.037211479042014e-07
6429.0,1.7645321939508094,0.00015709366195404057,5.037210129010816e-07
6430.0,1.7644336202717372,0.00015711337668983656,5.03720920530526e-07
6431.0,1.7643350515882474,0.0001571330904265177,5.037208365976653e-07
6432.0,1.7642364879014094,0.00015715280316386655,5.03720742894842e-07
6433.0,1.764137929212282,0.00015717251490167177,5.037206416425022e-07
6434.0,1.7640393755218882,0.00015719222563972764,5.03720527067486e-07
6435.0,1.7639408268312529,0.00015721193537783363,5.037204213742541e-07
6436.0,1.7638422831413356,0.0001572316441157936,5.037203041347027e-07
6437.0,1.7637437444531336,0.00015725135185341556,5.03720211764147e-07
6438.0,1.7636452107675484,0.00015727105859051103,5.037201042945583e-07
6439.0,1.763546682085554,0.0001572907643268948,5.037200287993926e-07
6440.0,1.7634481584080213,0.00015731046906238474,5.037199453106211e-07
6441.0,1.7633496397358557,0.00015733017279680102,5.037198613777605e-07
6442.0,1.7632511260699548,0.00015734987552996666,5.037197885471301e-07
6443.0,1.7631526174111825,0.000157369577261707,5.037197179369457e-07
6444.0,1.7630541137604012,0.0001573892779918495,5.037196495472074e-07
6445.0,1.7629556151184662,0.00015740897772022368,5.03719585154272e-07
6446.0,1.7628571214862139,0.0001574286764466609,5.037195189849797e-07
6447.0,1.7627586328644818,0.0001574483741709944,5.03719454147955e-07
6448.0,1.762660149254093,0.00015746807089305913,5.037193893109304e-07
6449.0,1.7625616706558656,0.00015748776661269156,5.037193240298166e-07
6450.0,1.762463197070609,0.00015750746132972974,5.037192583046135e-07
6451.0,1.7623647284991255,0.0001575271550440132,5.037191921353212e-07
6452.0,1.7622662649422143,0.00015754684775538274,5.037191286305642e-07
6453.0,1.7621678064006623,0.00015756653946368058,5.037190660139856e-07
6454.0,1.76206935287525,0.00015758623016875009,5.03719001176961e-07
6455.0,1.7619709043667586,0.00015760591987043585,5.037189385603824e-07
6456.0,1.7618724608759557,0.0001576256085685836,5.03718874167447e-07
6457.0,1.761774022403613,0.0001576452962630401,5.037188137713144e-07
6458.0,1.7616755889504843,0.00015766498295365322,5.037187507106466e-07
6459.0,1.7615771605173296,0.00015768466864027176,5.037186889822465e-07
6460.0,1.7614787371048986,0.00015770435332274554,5.037186268097571e-07
6461.0,1.7613803187139396,0.00015772403700092526,5.037185664136246e-07
6462.0,1.7612819053451931,0.00015774371967466254,5.037185064615812e-07
6463.0,1.7611834969993958,0.00015776340134380986,5.037184456213595e-07
6464.0,1.7610850936772828,0.00015778308200822052,5.037183861134054e-07
6465.0,1.7609866953795823,0.0001578027616677486,5.03718326161362e-07
6466.0,1.760888302107019,0.00015782244032224902,5.037182648770511e-07
6467.0,1.76078991386032,0.00015784211797157738,5.03718207589543e-07
6468.0,1.7606915306401978,0.00015786179461559004,5.037181485256781e-07
6469.0,1.760593152447369,0.00015788147025414407,5.037180899059024e-07
6470.0,1.7604947792825445,0.00015790114488709722,5.037180312861267e-07
6471.0,1.760396411146432,0.00015792081851430793,5.037179722222618e-07
6472.0,1.7602980480397374,0.00015794049113563525,5.037179140465753e-07
6473.0,1.7601996899631618,0.00015796016275093888,5.037178567590672e-07
6474.0,1.7601013369174023,0.00015797983336007912,5.037177985833807e-07
6475.0,1.7600029889031563,0.00015799950296291687,5.037177412958727e-07
6476.0,1.759904645921116,0.00015801917155931362,5.03717684896543e-07
6477.0,1.7598063079719706,0.00015803883914913144,5.037176284972134e-07
6478.0,1.7597079750564062,0.00015805850573223296,5.037175716537945e-07
6479.0,1.7596096471751062,0.00015807817130848132,5.03717513478108e-07
6480.0,1.7595113243288267,0.00015809783587774061,5.03717530353498e-07
6481.0,1.759413006842429,0.00015811749937514466,5.037181529665702e-07
6482.0,1.7593146950357461,0.00015813716173658195,5.037186565637342e-07
6483.0,1.759216388902558,0.00015815682296331035,5.037191104229066e-07
6484.0,1.7591180884373978,0.0001581764830564279,5.037195376367265e-07
6485.0,1.7590197936351304,0.00015819614201696282,5.037199453106211e-07
6486.0,1.7589215044908464,0.00015821579984589887,5.037203414381963e-07
6487.0,1.7588232209997885,0.00015823545654418755,5.037207269076305e-07
6488.0,1.7587249431573253,0.00015825511211275535,5.03721102607102e-07
6489.0,1.75862667095893,0.00015827476655250831,5.037214720893246e-07
6490.0,1.758528404400158,0.00015829441986433542,5.037218353542983e-07
6491.0,1.7584301434766396,0.000158314072049111,5.037221950665582e-07
6492.0,1.7583318881840646,0.00015833372310769647,5.037225476733909e-07
6493.0,1.758233638518186,0.00015835337304094183,5.037228958393314e-07
6494.0,1.758135394474808,0.00015837302184968676,5.037232422289151e-07
6495.0,1.758037156049775,0.00015839266953476168,5.037235841776067e-07
6496.0,1.7579389232389786,0.0001584123160969885,5.037239216854061e-07
6497.0,1.757840696038352,0.0001584319615371812,5.037242583050272e-07
6498.0,1.7577424744438574,0.00015845160585614647,5.037245904837562e-07
6499.0,1.7576442584514995,0.0001584712490546842,5.037249208861283e-07
6500.0,1.7575460480573075,0.0001584908911335879,5.037252477357868e-07
6501.0,1.7574478432573457,0.00015851053209364518,5.037255723649992e-07
6502.0,1.7573496440477054,0.00015853017193563786,5.037258952178547e-07
6503.0,1.7572514504245034,0.0001585498106603425,5.037262162943534e-07
6504.0,1.7571532623838824,0.0001585694482685305,5.037265355944953e-07
6505.0,1.7570550799220082,0.00015858908476096845,5.037268508978343e-07
6506.0,1.756956903035074,0.0001586087201384183,5.037271662011733e-07
6507.0,1.75685873171929,0.00015862835440163755,5.037274783958878e-07
6508.0,1.756760565970891,0.00015864798755137953,5.037277892583347e-07
6509.0,1.756662405786132,0.0001586676195883934,5.037280996766924e-07
6510.0,1.756564251161286,0.00015868725051342448,5.037284087627825e-07
6511.0,1.7564661020926446,0.00015870688032721422,5.037287160725157e-07
6512.0,1.7563679585765175,0.0001587265090305005,5.037290207177136e-07
6513.0,1.7562698206092366,0.0001587461366240176,5.037293253629116e-07
6514.0,1.7561716881871456,0.00015876576310849643,5.037296282317527e-07
6515.0,1.7560735613066063,0.00015878538848466457,5.037299297683262e-07
6516.0,1.7559754399639984,0.0001588050127532464,5.037302313048997e-07
6517.0,1.7558773241557137,0.0001588246359149632,5.037305301769379e-07
6518.0,1.7557792138781614,0.00015884425797053314,5.037308277167085e-07
6519.0,1.755681109127767,0.00015886387892067154,5.037311252564791e-07
6520.0,1.7555830099009673,0.0001588834987660908,5.037314219080713e-07
6521.0,1.7554849161942125,0.00015890311750750054,5.037317158951282e-07
6522.0,1.7553868280039706,0.00015892273514560764,5.037320094380959e-07
6523.0,1.7552887453267207,0.00015894235168111633,5.037323029810636e-07
6524.0,1.7551906681589524,0.0001589619671147282,5.037325938594961e-07
6525.0,1.7550925964971713,0.00015898158144714237,5.037328838497501e-07
6526.0,1.7549945303378958,0.00015900119467905543,5.037331733959149e-07
6527.0,1.7548964696776546,0.00015902080681116156,5.037334629420798e-07
6528.0,1.7547984145129865,0.00015904041784415253,5.037337498237093e-07
6529.0,1.7547003648404478,0.00015906002777871781,5.037340375935173e-07
6530.0,1.7546023206565982,0.00015907963661554458,5.037343218106116e-07
6531.0,1.7545042819580157,0.00015909924435531778,5.037346051395275e-07
6532.0,1.7544062487412901,0.00015911885099872014,5.037348915770679e-07
6533.0,1.754308221003012,0.00015913845654643224,5.037351740178053e-07
6534.0,1.7542101987397927,0.00015915806099913254,5.037354560144536e-07
6535.0,1.754112181948247,0.00015917766435749744,5.037357349024774e-07
6536.0,1.7540141706250092,0.0001591972666222013,5.037360160109472e-07
6537.0,1.7539161647667136,0.0001592168677939164,5.037362962312386e-07
6538.0,1.7538181643700086,0.00015923646787331314,5.037365746751732e-07
6539.0,1.7537201694315512,0.00015925606686105994,5.037368513427509e-07
6540.0,1.75362217994796,0.00015927566475782293,5.037370756078019e-07
6541.0,1.753524195605064,0.00015929526162628539,5.037364916304909e-07
6542.0,1.753426216094777,0.0001593148575282678,5.037361163751086e-07
6543.0,1.7533282414216802,0.00015933445246282203,5.037357908577178e-07
6544.0,1.7532302715897148,0.00015935404642915496,5.037354902093227e-07
6545.0,1.753132306602499,0.00015937363942654156,5.037352073244961e-07
6546.0,1.7530343464634346,0.00015939323145430038,5.037349368741673e-07
6547.0,1.7529363911757692,0.00015941282251178153,5.037346775260687e-07
6548.0,1.7528384407426287,0.00015943241259835965,5.037344275038436e-07
6549.0,1.7527404951670353,0.00015945200171342923,5.037341819225105e-07
6550.0,1.7526425544519348,0.00015947158985640144,5.037339425584264e-07
6551.0,1.7525446186002007,0.0001594911770267017,5.037337098556804e-07
6552.0,1.75244668761464,0.0001595107632237679,5.03733480261559e-07
6553.0,1.7523487614980098,0.00015953034844704895,5.037332551083296e-07
6554.0,1.7522508402530161,0.0001595499326960036,5.037330343959923e-07
6555.0,1.7521529238823175,0.00015956951597009947,5.037328154600118e-07
6556.0,1.752055012388539,0.0001595890982688124,5.037326018531019e-07
6557.0,1.7519571057742611,0.00015960867959162564,5.037323900225488e-07
6558.0,1.7518592040420335,0.00015962825993802928,5.037321804124417e-07
6559.0,1.7517613071943747,0.00015964783930751982,5.037319743550484e-07
6560.0,1.75166341523377,0.0001596674176995997,5.037317691858334e-07
6561.0,1.7515655281626812,0.00015968699511377697,5.037315666811537e-07
6562.0,1.7514676459835434,0.00015970657154956483,5.037313681732769e-07
6563.0,1.751369768698761,0.0001597261470064815,5.037311692213109e-07
6564.0,1.7512718963107237,0.00015974572148404973,5.037309729338801e-07
6565.0,1.751174028821793,0.0001597652949817968,5.037307775346278e-07
6566.0,1.7510761662343137,0.00015978486749925413,5.037305847999107e-07
6567.0,1.7509783085506077,0.00015980443903595713,5.037303938415505e-07
6568.0,1.7508804557729785,0.00015982400959144502,5.037302042154579e-07
6569.0,1.7507826079037108,0.00015984357916526065,5.037300145893653e-07
6570.0,1.7506847649450747,0.0001598631477569504,5.037298271837187e-07
6571.0,1.7505869268993206,0.0001598827153660639,5.037296406662506e-07
6572.0,1.750489093768683,0.00015990228199215412,5.037294541487825e-07
6573.0,1.7503912655553855,0.000159921847634777,5.03729271184028e-07
6574.0,1.7502934422616305,0.00015994141229349154,5.037290886633627e-07
6575.0,1.7501956238896086,0.00015996097596785954,5.037289070308759e-07
6576.0,1.7500978104414988,0.00015998053865744563,5.037287276188351e-07
6577.0,1.7500000019194606,0.00016000010036181707,5.037285464304375e-07
6578.0,1.7499021983256495,0.0001600196610805437,5.037283687947536e-07
6579.0,1.7498043996622006,0.00016003922081319792,5.037281907149804e-07
6580.0,1.7497066059312412,0.00016005877955935452,5.037280144115641e-07
6581.0,1.7496088171348854,0.00016007833731859067,5.037278394404154e-07
6582.0,1.7495110332752346,0.0001600978940904858,5.037276644692668e-07
6583.0,1.7494132543543823,0.00016011744987462162,5.037274912744749e-07
6584.0,1.7493154803744075,0.00016013700467058193,5.037273176355939e-07
6585.0,1.7492177113373801,0.0001601565584779527,5.037271439967128e-07
6586.0,1.7491199472453651,0.0001601761112963219,5.037269752428131e-07
6587.0,1.7490221881004044,0.00016019566312527956,5.037268029361996e-07
6588.0,1.748924433904547,0.00016021521396441762,5.037266359586567e-07
6589.0,1.7488266846598157,0.0001602347638133299,5.037264658724894e-07
6590.0,1.748728940368237,0.0001602543126716121,5.03726298006768e-07
6591.0,1.7486312010318221,0.00016027386053886174,5.037261314733144e-07
6592.0,1.748533466652573,0.00016029340741467808,5.03725963607593e-07
6593.0,1.7484357372324872,0.00016031295329866214,5.03725798406407e-07
6594.0,1.748338012773549,0.00016033249819041664,5.037256327611317e-07
6595.0,1.7482402932777386,0.0001603520420895459,5.037254688922133e-07
6596.0,1.748142578747026,0.00016037158499565595,5.037253063555625e-07
6597.0,1.7480448691833703,0.00016039112690835434,5.03725142486644e-07
6598.0,1.7479471645887283,0.0001604106678272502,5.037249799499932e-07
6599.0,1.7478494649650473,0.00016043020775195416,5.0372481874561e-07
6600.0,1.747751770314265,0.0001604497466820784,5.037246575412269e-07
6601.0,1.7476540809102445,0.00016046928456293005,5.037248951289541e-07
6602.0,1.747556397024149,0.00016048882134016388,5.03724968847763e-07
6603.0,1.7474587186550279,0.0001605083570139956,5.037250065953458e-07
6604.0,1.7473610458024436,0.00016052789158451557,5.037250221384681e-07
6605.0,1.7472633784662146,0.00016054742505176202,5.037250252470926e-07
6606.0,1.7471657166463086,0.00016056695741574156,5.037250168093976e-07
6607.0,1.7470680603428077,0.0001605864886764388,5.037250021544537e-07
6608.0,1.7469704095558733,0.00016060601883382194,5.037249835027069e-07
6609.0,1.7468727642857265,0.0001606255478878462,5.037249581896219e-07
6610.0,1.7467751245326455,0.0001606450758384565,5.037249284356449e-07
6611.0,1.746677490296951,0.00016066460268558935,5.037248982375786e-07
6612.0,1.7465798615789947,0.00016068412842917395,5.037248649308879e-07
6613.0,1.7464822383791623,0.00016070365306913338,5.037248298478403e-07
6614.0,1.7463846206978653,0.00016072317660538533,5.037247925443467e-07
6615.0,1.7462870085355382,0.00016074269903784284,5.03724753020407e-07
6616.0,1.7461894018926367,0.00016076222036641498,5.037247121641997e-07
6617.0,1.7460918007696318,0.0001607817405910071,5.037246677552787e-07
6618.0,1.7459942051670174,0.00016080125971152135,5.037246246786253e-07
6619.0,1.7458966150852964,0.00016082077772785702,5.037245820460612e-07
6620.0,1.7457990305249818,0.0001608402946399107,5.037245358607834e-07
6621.0,1.745701451486607,0.00016085981044757663,5.03724490563684e-07
6622.0,1.745603877970708,0.00016087932515074682,5.037244426020493e-07
6623.0,1.7455063099778363,0.00016089883874931144,5.037243941963254e-07
6624.0,1.7454087475085487,0.00016091835124315874,5.037243426819771e-07
6625.0,1.7453111905634155,0.00016093786263217543,5.037242933880748e-07
6626.0,1.7452136391430089,0.00016095737291624667,5.037242427619049e-07
6627.0,1.7451160932479126,0.00016097688209525623,5.03724194356181e-07
6628.0,1.7450185528787092,0.00016099639016908658,5.037241428418326e-07
6629.0,1.744921018035997,0.00016101589713761897,5.037240926597519e-07
6630.0,1.744823488720373,0.0001610354030007336,5.037240415894928e-07
6631.0,1.74472596493244,0.00016105490775830962,5.037239887428768e-07
6632.0,1.7446284466728093,0.0001610744114102252,5.037239358962609e-07
6633.0,1.7445309339420945,0.00016109391395635768,5.037238834937341e-07
6634.0,1.744433426740912,0.00016111341539658353,5.037238302030289e-07
6635.0,1.744335925069883,0.0001611329157307785,5.037237760241453e-07
6636.0,1.7442384289296327,0.00016115241495881765,5.037237214011725e-07
6637.0,1.74414093832079,0.0001611719130805753,5.037236672222889e-07
6638.0,1.7440434532439864,0.00016119141009592522,5.037236130434053e-07
6639.0,1.7439459736998564,0.0001612109060047406,5.037235597527001e-07
6640.0,1.7438484996890353,0.00016123040080689402,5.037235060179057e-07
6641.0,1.7437510312121638,0.00016124989450225767,5.037234527272005e-07
6642.0,1.7436535682698813,0.00016126938709070318,5.037233976601385e-07
6643.0,1.7435561108628346,0.00016128887857210178,5.037233439253441e-07
6644.0,1.743458658991666,0.00016130836894632426,5.037232879701037e-07
6645.0,1.7433612126570273,0.00016132785821324107,5.037232333471309e-07
6646.0,1.743263771859566,0.00016134734637272228,5.037231782800689e-07
6647.0,1.7431663365999348,0.0001613668334246376,5.037231232130068e-07
6648.0,1.7430689068787855,0.0001613863193688565,5.03723068590034e-07
6649.0,1.7429714826967733,0.00016140580420524807,5.037230139670612e-07
6650.0,1.7428740640545515,0.0001614252879336812,5.037229580118208e-07
6651.0,1.7427766509527793,0.00016144477055402449,5.037229025006695e-07
6652.0,1.742679243392115,0.00016146425206614633,5.037228469895183e-07
6653.0,1.742581841373217,0.00016148373246991488,5.037227919224563e-07
6654.0,1.742484444896746,0.0001615032117651981,5.037227372994835e-07
6655.0,1.7423870539633621,0.00016152268995186378,5.037226817883322e-07
6656.0,1.7422896685737268,0.0001615421670297795,5.037226249449134e-07
6657.0,1.7421922887285066,0.0001615616429988127,5.037225707660298e-07
6658.0,1.7420949144283608,0.00016158111785883068,5.037225148107893e-07
6659.0,1.7419975456739556,0.00016160059160970057,5.037224588555489e-07
6660.0,1.7419001824659017,0.0001616200642512892,5.037223482773356e-07
6661.0,1.741802824672037,0.0001616395358100566,5.037223202997154e-07
6662.0,1.741705472159841,0.0001616590063124947,5.037223149706449e-07
6663.0,1.7416081249294457,0.0001616784757585767,5.037223296255888e-07
6664.0,1.741510782980687,0.00016169794414833298,5.037223527182277e-07
6665.0,1.7414134463132998,0.00016171741148181612,5.03722380695848e-07
6666.0,1.741316114926954,0.0001617368777590916,5.037224126702711e-07
6667.0,1.7412187888212776,0.00016175634298023345,5.037224455328726e-07
6668.0,1.7411214679958715,0.0001617758071453218,5.037224810600094e-07
6669.0,1.7410241524503105,0.00016179527025444128,5.037225174753246e-07
6670.0,1.7409268421841557,0.00016181473230768005,5.037225565551751e-07
6671.0,1.74082953719695,0.00016183419330512895,5.037225951909363e-07
6672.0,1.7407322374882286,0.00016185365324688104,5.037226342707868e-07
6673.0,1.7406349430575199,0.00016187311213303112,5.037226760151725e-07
6674.0,1.7405376539043393,0.00016189256996367547,5.03722717315469e-07
6675.0,1.7404403700282012,0.00016191202673891154,5.03722759503944e-07
6676.0,1.7403430914286115,0.00016193148245883775,5.037228008042405e-07
6677.0,1.740245818105075,0.00016195093712355335,5.037228425486262e-07
6678.0,1.7401485500570923,0.00016197039073315828,5.037228842930119e-07
6679.0,1.7400512872841618,0.00016198984328775305,5.037229278137545e-07
6680.0,1.7399540297857754,0.00016200929478743861,5.03722969114051e-07
6681.0,1.7398567775614295,0.00016202874523231636,5.037230117466152e-07
6682.0,1.7397595306106153,0.00016204819462248792,5.037230557114469e-07
6683.0,1.7396622889328202,0.0001620676429580552,5.037230965676542e-07
6684.0,1.7395650525275381,0.00016208709023912037,5.03723140532486e-07
6685.0,1.739467821394255,0.00016210653646578566,5.037231836091394e-07
6686.0,1.739370595532458,0.0001621259816381535,5.037232262417035e-07
6687.0,1.7392733749416378,0.00016214542575632634,5.037232702065353e-07
6688.0,1.739176159621278,0.00016216486882040675,5.037233123950102e-07
6689.0,1.7390789495708694,0.00016218431083049728,5.03723356359842e-07
6690.0,1.7389817447898965,0.00016220375178670052,5.037233998805846e-07
6691.0,1.7388845452778456,0.00016222319168911903,5.037234411808811e-07
6692.0,1.7387873510342078,0.0001622426305378553,5.037234847016236e-07
6693.0,1.7386901620584685,0.00016226206833301181,5.037235282223662e-07
6694.0,1.738592978350116,0.000162281505074691,5.037235717431088e-07
6695.0,1.738495799908638,0.00016230094076299514,5.037236143756729e-07
6696.0,1.738398626733523,0.00016232037539802652,5.037236561200586e-07
6697.0,1.7383014588242618,0.0001623398089798873,5.037236987526228e-07
6698.0,1.7382042961803437,0.00016235924150867945,5.037237413851869e-07
6699.0,1.7381071388012594,0.00016237867298450495,5.037237849059295e-07
6700.0,1.7380099866864978,0.00016239810340746557,5.03723826206226e-07
6701.0,1.7379128398355534,0.000162417532777663,5.037238692828794e-07
6702.0,1.7378156982479176,0.00016243696109519878,5.037239119154435e-07
6703.0,1.7377185619230815,0.0001624563883601743,5.037239536598292e-07
6704.0,1.737621430860541,0.0001624758145726908,5.037239958483042e-07
6705.0,1.737524305059791,0.0001624952397328494,5.037240384808683e-07
6706.0,1.7374271845203249,0.00016251466384075106,5.037240806693433e-07
6707.0,1.7373300692416387,0.00016253408689649658,5.03724122413729e-07
6708.0,1.7372329592232303,0.0001625535089001866,5.037241637140255e-07
6709.0,1.7371358544645987,0.0001625729298519216,5.037242072347681e-07
6710.0,1.7370387549652366,0.0001625923497518019,5.037242467587077e-07
6711.0,1.7369416607246513,0.00016261176859992766,5.037242902794503e-07
6712.0,1.7368445717423375,0.00016263118639639885,5.037243324679253e-07
6713.0,1.7367474880177949,0.00016265060314131534,5.037243719918649e-07
6714.0,1.7366504095505306,0.00016267001883477677,5.037244150685183e-07
6715.0,1.736553336340042,0.00016268943347688263,5.037244559247256e-07
6716.0,1.7364562683858358,0.00016270884706773222,5.037244972250221e-07
6717.0,1.7363592056874146,0.0001627282596074247,5.037245389694078e-07
6718.0,1.7362621482442837,0.00016274767109605907,5.037245798256151e-07
6719.0,1.7361650960559494,0.00016276708153373413,5.037246206818224e-07
6720.0,1.736068049121805,0.00016278649092054832,5.037245469630136e-07
6721.0,1.735971007408362,0.00016280589926326644,5.037246948447205e-07
6722.0,1.735873970881294,0.0001628253065686963,5.037247761130459e-07
6723.0,1.7357769395397005,0.00016284471283703247,5.03724863154531e-07
6724.0,1.7356799133825365,0.00016286411806848295,5.03724951972373e-07
6725.0,1.7355828924087382,0.0001628835222632605,5.037250412343042e-07
6726.0,1.735485876617229,0.00016290292542158044,5.03725131828503e-07
6727.0,1.7353888660069243,0.00016292232754365954,5.037252224227018e-07
6728.0,1.735291860576736,0.00016294172862971545,5.03725313905079e-07
6729.0,1.735194860325572,0.00016296112867996644,5.03725404943367e-07
6730.0,1.7350978652523399,0.00016298052769463106,5.037254955375658e-07
6731.0,1.735000875355947,0.0001629999256739281,5.037255879081215e-07
6732.0,1.734903890635297,0.0001630193226180763,5.037256789464095e-07
6733.0,1.734806911089299,0.00016303871852729445,5.037257717610544e-07
6734.0,1.7347099367168557,0.00016305811340180118,5.037258623552532e-07
6735.0,1.7346129675168769,0.000163077507241815,5.037259525053628e-07
6736.0,1.7345160034882723,0.00016309690004755425,5.0372604398774e-07
6737.0,1.7344190446299494,0.00016311629181923698,5.03726135026028e-07
6738.0,1.73432209094082,0.00016313568255708102,5.037262256202268e-07
6739.0,1.734225142419796,0.00016315507226130393,5.037263162144257e-07
6740.0,1.734128199065791,0.00016317446093212296,5.037264063645353e-07
6741.0,1.734031260877721,0.00016319384856975508,5.037264969587341e-07
6742.0,1.7339343278545034,0.00016321323517441694,5.037265888852005e-07
6743.0,1.7338373999950518,0.00016323262074632484,5.03726676814864e-07
6744.0,1.7337404772982934,0.0001632520052856948,5.037267678531521e-07
6745.0,1.7336435597631445,0.00016327138879274248,5.037268575591725e-07
6746.0,1.7335466473885304,0.00016329077126768323,5.037269468211036e-07
6747.0,1.7334497401733762,0.00016331015271073198,5.03727036527124e-07
6748.0,1.7333528381166083,0.00016332953312210338,5.037271257890552e-07
6749.0,1.7332559412171544,0.00016334891250201173,5.037272137187188e-07
6750.0,1.733159049473949,0.00016336829085067094,5.037273043129176e-07
6751.0,1.7330621628859186,0.0001633876681682946,5.037273922425811e-07
6752.0,1.7329652814520025,0.0001634070444550959,5.037274823926907e-07
6753.0,1.7328684051711314,0.00016342641971128774,5.037275707664435e-07
6754.0,1.7327715340422454,0.00016344579393708265,5.037276591401962e-07
6755.0,1.7326746680642826,0.00016346516713269278,5.037277470698598e-07
6756.0,1.7325778072361857,0.00016348453929832996,5.037278358877018e-07
6757.0,1.7324809515568955,0.00016350391043420563,5.037279242614545e-07
6758.0,1.7323841010253551,0.0001635232805405309,5.03728009970672e-07
6759.0,1.7322872556405153,0.00016354264961751657,5.03728098788514e-07
6760.0,1.7321904154013223,0.00016356201766537303,5.037281880504452e-07
6761.0,1.732093580306721,0.00016358138468431033,5.037282733155735e-07
6762.0,1.7319967503556695,0.0001636007506745382,5.037283608011478e-07
6763.0,1.7318999255471157,0.00016362011563626603,5.037284465103653e-07
6764.0,1.7318031058800194,0.00016363947956970283,5.037285339959396e-07
6765.0,1.731706291353335,0.0001636588424750573,5.037286219256032e-07
6766.0,1.731609481966019,0.00016367820435253782,5.037287089670883e-07
6767.0,1.7315126777170315,0.00016369756520235234,5.037287937881274e-07
6768.0,1.7314158786053377,0.00016371692502470858,5.037288812737017e-07
6769.0,1.731319084629898,0.00016373628381981383,5.037289678710977e-07
6770.0,1.7312222957896775,0.00016375564158787513,5.037290535803152e-07
6771.0,1.7311255120836413,0.00016377499832909915,5.037291375131758e-07
6772.0,1.7310287335107617,0.00016379435404369222,5.037292232223933e-07
6773.0,1.7309319600700086,0.00016381370873186035,5.037293111520569e-07
6774.0,1.7308351917603495,0.00016383306239380922,5.037293964171852e-07
6775.0,1.7307384285807597,0.00016385241502974422,5.037294812382243e-07
6776.0,1.730641670530215,0.00016387176663987035,5.03729567391531e-07
6777.0,1.7305449176076897,0.00016389111722439235,5.0372965221257e-07
6778.0,1.730448169812163,0.0001639104667835146,5.037297365895199e-07
6779.0,1.7303514271426161,0.00016392981531744121,5.037298227428266e-07
6780.0,1.7302546895980409,0.00016394916282637596,5.037299213306312e-07
6781.0,1.7301579572309975,0.00016396850929976494,5.037298227428266e-07
6782.0,1.7300612300956677,0.0001639878547268045,5.037296908483313e-07
6783.0,1.7299645081936297,0.00016400719910718476,5.037295540688547e-07
6784.0,1.7298677915265241,0.00016402654244057833,5.037294164011996e-07
6785.0,1.7297710800960102,0.000164045884726653,5.037292756249201e-07
6786.0,1.729674373903763,0.00016406522596507488,5.03729137957265e-07
6787.0,1.72957767295145,0.00016408456615550957,5.037289985132531e-07
6788.0,1.7294809772407451,0.00016410390529762294,5.037288604015089e-07
6789.0,1.729384286773313,0.00016412324339108145,5.037287205134078e-07
6790.0,1.7292876015508176,0.00016414258043555242,5.037285801812175e-07
6791.0,1.729190921574922,0.00016416191643070413,5.037284434017408e-07
6792.0,1.729094246847277,0.0001641812513762059,5.037283070663534e-07
6793.0,1.7289975773695283,0.00016420058527172825,5.037281702868768e-07
6794.0,1.7289009131433193,0.00016421991811694275,5.037280335074001e-07
6795.0,1.728804254170285,0.0001642392499115222,5.037278967279235e-07
6796.0,1.728707600452059,0.00016425858065514048,5.037277621688929e-07
6797.0,1.7286109519902628,0.00016427791034747275,5.037276271657731e-07
6798.0,1.7285143087865162,0.00016429723898819527,5.037274930508318e-07
6799.0,1.7284176708424315,0.00016431656657698546,5.037273593799796e-07
6800.0,1.7283210381596148,0.00016433589311352188,5.03727224820949e-07
6801.0,1.7282244107396716,0.0001643552185974842,5.037270933705429e-07
6802.0,1.7281277885841937,0.00016437454302855323,5.037269605878691e-07
6803.0,1.7280311716947747,0.00016439386640641087,5.037268295815522e-07
6804.0,1.7279345600729952,0.00016441318873074007,5.037266963547893e-07
6805.0,1.7278379537204405,0.0001644325100012249,5.037265657925616e-07
6806.0,1.7277413526386827,0.00016445183021755044,5.037264352303339e-07
6807.0,1.7276447568292903,0.00016447114937940283,5.037263051121954e-07
6808.0,1.7275481662938275,0.00016449046748646918,5.037261741058785e-07
6809.0,1.7274515810338555,0.00016450978453843765,5.037260444318292e-07
6810.0,1.7273550010509284,0.00016452910053499738,5.037259160900476e-07
6811.0,1.7272584263465944,0.00016454841547583845,5.037257873041767e-07
6812.0,1.727161856922399,0.0001645677293606519,5.037256589623951e-07
6813.0,1.7270652927798809,0.00016458704218912977,5.037255301765242e-07
6814.0,1.726968733920579,0.00016460635396096498,5.037254044992778e-07
6815.0,1.726872180346019,0.00016462566467585136,5.037252761574962e-07
6816.0,1.7267756320577312,0.00016464497433348366,5.037251500361606e-07
6817.0,1.7266790890572357,0.00016466428293355752,5.03725023914825e-07
6818.0,1.72658255134605,0.00016468359047576946,5.037248977934894e-07
6819.0,1.7264860189256865,0.00016470289695981683,5.037247712280646e-07
6820.0,1.7263894917976572,0.00016472220238539787,5.03724647327175e-07
6821.0,1.7262929699634613,0.00016474150675221166,5.03724520317661e-07
6822.0,1.7261964534246066,0.0001647608100599581,5.037243977490391e-07
6823.0,1.7260999421825827,0.00016478011230833787,5.037242725158819e-07
6824.0,1.7260034362388847,0.00016479941349705252,5.037241481709032e-07
6825.0,1.7259069355950027,0.00016481871362580437,5.03724025158192e-07
6826.0,1.7258104402524181,0.0001648380126942965,5.037239012573025e-07
6827.0,1.7257139502126129,0.00016485731070223285,5.037237778005021e-07
6828.0,1.7256174654770646,0.00016487660764931801,5.037236552318802e-07
6829.0,1.7255209860472456,0.0001648959035352574,5.037235331073475e-07
6830.0,1.7254245119246234,0.0001649151983597572,5.037234100946364e-07
6831.0,1.7253280431106661,0.0001649344921225243,5.037232884141929e-07
6832.0,1.7252315796068356,0.00016495378482326632,5.037231676219278e-07
6833.0,1.7251351214145874,0.0001649730764616916,5.037230459414843e-07
6834.0,1.7250386685353796,0.0001649923670375092,5.037229260373977e-07
6835.0,1.7249422209706602,0.00016501165655042891,5.037228052451326e-07
6836.0,1.7248457787218778,0.00016503094500016117,5.037226844528675e-07
6837.0,1.724749341790479,0.00016505023238641716,5.037225654369593e-07
6838.0,1.7246529101779002,0.0001650695187089087,5.03722444200605e-07
6839.0,1.724556483885584,0.00016508880396734832,5.037223260728751e-07
6840.0,1.724460062914963,0.00016510808816144922,5.037222097215022e-07
6841.0,1.724363647326371,0.00016512737127923754,5.037225592197103e-07
6842.0,1.7242672371764878,0.0001651466533092762,5.037228691939788e-07
6843.0,1.7241708324615406,0.0001651659342523256,5.037231689541954e-07
6844.0,1.7240744331779225,0.00016518521410910787,5.037234624971632e-07
6845.0,1.7239780393221211,0.00016520449288032551,5.037237493787927e-07
6846.0,1.7238816508906947,0.0001652237705666671,5.037240309313518e-07
6847.0,1.723785267880258,0.00016524304716881028,5.037243102634648e-07
6848.0,1.7236888902874665,0.00016526232268742363,5.037245851546857e-07
6849.0,1.7235925181090161,0.00016528159712316795,5.037248564931929e-07
6850.0,1.7234961513416405,0.00016530087047669713,5.037251269435217e-07
6851.0,1.723399789982099,0.00016532014274865895,5.03725394285226e-07
6852.0,1.7233034340271798,0.00016533941393969553,5.037256580742167e-07
6853.0,1.723207083473702,0.0001653586840504439,5.037259223072965e-07
6854.0,1.723110738318502,0.00016537795308153624,5.037261838758411e-07
6855.0,1.723014398558441,0.00016539722103360037,5.037264432239397e-07
6856.0,1.7229180641904014,0.0001654164879072599,5.037267016838598e-07
6857.0,1.722821735211284,0.0001654357537031345,5.037269570351555e-07
6858.0,1.722725411618012,0.00016545501842184012,5.037272132746295e-07
6859.0,1.7226290934075201,0.00016547428206398917,5.037274664054792e-07
6860.0,1.722532780576764,0.00016549354463019067,5.037277177599719e-07
6861.0,1.7224364731227164,0.00016551280612105046,5.037279691144647e-07
6862.0,1.722340171042362,0.00016553206653717123,5.037282186926006e-07
6863.0,1.7222438743327035,0.00016555132587915277,5.037284678266474e-07
6864.0,1.722147582990755,0.00016557058414759193,5.037287151843373e-07
6865.0,1.7220512970135462,0.00016558984134308285,5.037289612097595e-07
6866.0,1.7219550163981194,0.00016560909746621703,5.037292050147357e-07
6867.0,1.7218587411415311,0.00016562835251758337,5.037294488197119e-07
6868.0,1.7217624712408512,0.00016564760649776826,5.037296930687774e-07
6869.0,1.7216662066931552,0.00016566685940735571,5.037299342092183e-07
6870.0,1.7215699474955393,0.00016568611124692737,5.037301766819269e-07
6871.0,1.721473693645101,0.0001657053620170626,5.037304147137434e-07
6872.0,1.7213774451389594,0.00016572461171833854,5.037306527455598e-07
6873.0,1.721281201974243,0.00016574386035133015,5.0373089433009e-07
6874.0,1.7211849641480799,0.00016576310791661033,5.037311319178173e-07
6875.0,1.7210887316576182,0.0001657823544147499,5.037313681732769e-07
6876.0,1.720992504500016,0.00016580159984631762,5.037316048728258e-07
6877.0,1.7208962826724388,0.00016582084421188037,5.037318411282854e-07
6878.0,1.7208000661720597,0.00016584008751200307,5.037320756073882e-07
6879.0,1.7207038549960652,0.0001658593297472488,5.037323096424018e-07
6880.0,1.7206076491416478,0.00016587857091817873,5.037325419010585e-07
6881.0,1.720511448606012,0.00016589781102535232,5.037327741597153e-07
6882.0,1.7204152533863706,0.0001659170500693272,5.037330073065505e-07
6883.0,1.720319063479941,0.0001659362880506593,5.037332382329396e-07
6884.0,1.7202228788839533,0.00016595552496990283,5.037334678270611e-07
6885.0,1.7201266995956441,0.00016597476082761038,5.037336965330041e-07
6886.0,1.7200305256122619,0.00016599399562433286,5.037339270153041e-07
6887.0,1.7199343569310557,0.00016601322936061962,5.037341543889795e-07
6888.0,1.7198381935492915,0.00016603246203701838,5.03734383983101e-07
6889.0,1.7197420354642325,0.00016605169365407538,5.037346100245088e-07
6890.0,1.7196458826731595,0.00016607092421233526,5.037348365100058e-07
6891.0,1.7195497351733542,0.0001660901537123412,5.037350607750568e-07
6892.0,1.7194535929621115,0.00016610938215463487,5.037352863723754e-07
6893.0,1.7193574560367288,0.00016612860953975654,5.03735511969694e-07
6894.0,1.7192613243945103,0.00016614783586824501,5.037357357906558e-07
6895.0,1.71916519803277,0.0001661670611406377,5.037359591675283e-07
6896.0,1.7190690769488277,0.00016618628535747056,5.037361812121333e-07
6897.0,1.7189729611400115,0.00016620550851927828,5.037364032567382e-07
6898.0,1.7188768506036542,0.00016622473062659414,5.037366253013431e-07
6899.0,1.7187807453370954,0.0001662439516799501,5.037368464577696e-07
6900.0,1.7186846453376727,0.00016626317167987669,5.037370569560551e-07
6901.0,1.7185885505303475,0.00016628239064131055,5.037369006366532e-07
6902.0,1.7184924608429282,0.00016630160857877306,5.037367940552429e-07
6903.0,1.7183963762767358,0.0001663208254919923,5.037366981319735e-07
6904.0,1.7183002968329244,0.00016634004138073687,5.037366093141316e-07
6905.0,1.7182042225125538,0.0001663592562447945,5.037365267135385e-07
6906.0,1.7181081533166196,0.00016637847008396563,5.037364485538376e-07
6907.0,1.7180120892460706,0.00016639768289806032,5.037363730586719e-07
6908.0,1.717916030301818,0.00016641689468689625,5.037362997839523e-07
6909.0,1.717819976484741,0.00016643610545029745,5.037362287296787e-07
6910.0,1.7177239277956933,0.00016645531518809335,5.037361607840296e-07
6911.0,1.7176278842355013,0.0001664745239001181,5.037360923942913e-07
6912.0,1.7175318458049766,0.00016649373158621005,5.037360275572667e-07
6913.0,1.7174358125049063,0.0001665129382462113,5.037359636084204e-07
6914.0,1.717339784336063,0.00016653214387996737,5.037359005477526e-07
6915.0,1.7172437612992035,0.00016655134848732683,5.037358383752633e-07
6916.0,1.717147743395071,0.00016657055206814112,5.037357770909523e-07
6917.0,1.7170517306243962,0.00016658975462226433,5.037357184711766e-07
6918.0,1.7169557229878945,0.000166608956149553,5.037356598514009e-07
6919.0,1.7168597204862717,0.00016662815664986598,5.037356021198036e-07
6920.0,1.7167637231202233,0.00016664735612306422,5.037355448322955e-07
6921.0,1.716667730890435,0.0001666665545690107,5.037354888770551e-07
6922.0,1.7165717437975827,0.00016668575198757032,5.037354351422607e-07
6923.0,1.7164757618423303,0.0001667049483786098,5.037353800751987e-07
6924.0,1.7163797850253377,0.0001667241437419975,5.037353258963151e-07
6925.0,1.7162838133472547,0.00016674333807760352,5.037352726056099e-07
6926.0,1.7161878468087228,0.0001667625313852994,5.037352202030831e-07
6927.0,1.7160918854103773,0.00016678172366495827,5.03735169132824e-07
6928.0,1.7159959291528433,0.00016680091491645454,5.037351167302972e-07
6929.0,1.7158999780367445,0.00016682010513966407,5.037350656600381e-07
6930.0,1.7158040320626953,0.00016683929433446398,5.037350159220466e-07
6931.0,1.7157080912313025,0.00016685848250073268,5.037349666281443e-07
6932.0,1.715612155543167,0.00016687766963834974,5.037349164460636e-07
6933.0,1.7155162249988856,0.00016689685574719593,5.037348658198937e-07
6934.0,1.7154202995990535,0.0001669160408271531,5.037348196346159e-07
6935.0,1.7153243793442496,0.0001669352248781042,5.03734771228892e-07
6936.0,1.715228464235058,0.0001669544078999332,5.03734724599525e-07
6937.0,1.7151325542720512,0.0001669735898925251,5.037346775260687e-07
6938.0,1.7150366494558003,0.00016699277085576583,5.037346300085233e-07
6939.0,1.714940749786872,0.00016701195078954234,5.037345842673346e-07
6940.0,1.7148448552658244,0.00016703112969374242,5.037345371938784e-07
6941.0,1.7147489658932173,0.0001670503075682548,5.03734491896779e-07
6942.0,1.7146530816695993,0.00016706948441296907,5.03734445267412e-07
6943.0,1.714557202595523,0.00016708866022777563,5.037344017466694e-07
6944.0,1.7144613286715262,0.00016710783501256574,5.037343555613916e-07
6945.0,1.7143654598981548,0.0001671270087672314,5.037343124847382e-07
6946.0,1.7142695962759391,0.0001671461814916654,5.037342667435496e-07
6947.0,1.7141737378054158,0.00016716535318576133,5.03734223222807e-07
6948.0,1.7140778844871114,0.00016718452384941346,5.037341792579753e-07
6949.0,1.7139820363215512,0.00016720369348251682,5.037341357372327e-07
6950.0,1.7138861933092568,0.0001672228620849671,5.037340931046685e-07
6951.0,1.7137903554507452,0.00016724202965666068,5.037340491398368e-07
6952.0,1.7136945227465326,0.00016726119619749465,5.037340065072726e-07
6953.0,1.7135986951971303,0.00016728036170736668,5.037339643187977e-07
6954.0,1.713502872803046,0.00016729952618617516,5.037339221303228e-07
6955.0,1.7134070555647856,0.00016731868963381903,5.037338812741154e-07
6956.0,1.713311243482849,0.00016733785205019788,5.037338390856405e-07
6957.0,1.713215436557736,0.00016735701343521188,5.037337960089872e-07
6958.0,1.713119634789947,0.00016737617378876182,5.037337569291367e-07
6959.0,1.713023838179955,0.00016739533311074898,5.03733700529807e-07
6960.0,1.7129280467270809,0.00016741449140107408,5.037324517509489e-07
6961.0,1.712832260328296,0.00016743364868086332,5.037326129553321e-07
6962.0,1.712736478876668,0.00016745280497116745,5.037325059298325e-07
6963.0,1.7126407023735664,0.00016747196027177194,5.037324268819532e-07
6964.0,1.7125449308197969,0.00016749111458251153,5.037323549395012e-07
6965.0,1.7124491642160942,0.00016751026790324126,5.037323012047068e-07
6966.0,1.7123534025631046,0.00016752942023382883,5.037322492462692e-07
6967.0,1.7122576458614442,0.00016754857157415056,5.037321977319209e-07
6968.0,1.7121618941116998,0.0001675677219240894,5.03732147105751e-07
6969.0,1.7120661473144325,0.00016758687128353366,5.037321013645624e-07
6970.0,1.7119704054701745,0.00016760601965237607,5.037320556233738e-07
6971.0,1.7118746685794497,0.000167625167030513,5.037320152112557e-07
6972.0,1.7117789366427545,0.000167644313417844,5.037319752432268e-07
6973.0,1.7116832096605799,0.00016766345881427132,5.037319370515547e-07
6974.0,1.7115874876334014,0.00016768260321969972,5.037319006362395e-07
6975.0,1.711491770561681,0.00016770174663403614,5.037318624445675e-07
6976.0,1.7113960584458783,0.00016772088905718952,5.037318264733415e-07
6977.0,1.711300351286435,0.0001677400304890707,5.037317891698478e-07
6978.0,1.7112046490837933,0.00016775917092959222,5.037317549749787e-07
6979.0,1.71110895183838,0.00016777831037866813,5.037317212241987e-07
6980.0,1.7110132595506184,0.00016779744883621393,5.037316888056864e-07
6981.0,1.7109175722209253,0.00016781658630214647,5.037316581635309e-07
6982.0,1.7108218898497067,0.00016783572277638385,5.03731626633197e-07
6983.0,1.710726212437368,0.00016785485825884536,5.037315955469523e-07
6984.0,1.7106305399843067,0.0001678739927494514,5.037315644607077e-07
6985.0,1.7105348724909155,0.00016789312624812346,5.03731533374463e-07
6986.0,1.7104392099575823,0.000167912258754784,5.037315027323075e-07
6987.0,1.7103435523846873,0.00016793139026935648,5.037314703137952e-07
6988.0,1.7102478997726132,0.0001679505207917653,5.037314401157289e-07
6989.0,1.7101522521217318,0.0001679696503219357,5.03731410805841e-07
6990.0,1.7100566094324108,0.0001679887788597938,5.037313801636856e-07
6991.0,1.7099609717050184,0.00016800790640526646,5.037313512978869e-07
6992.0,1.709865338939914,0.0001680270329582814,5.037313215439099e-07
6993.0,1.7097697111374581,0.00016804615851876702,5.037312935662897e-07
6994.0,1.7096740882980015,0.00016806528308665247,5.037312642564018e-07
6995.0,1.7095784704218993,0.00016808440666186755,5.037312376110492e-07
6996.0,1.7094828575094945,0.0001681035292443428,5.037312091893398e-07
6997.0,1.7093872495611337,0.00016812265083400937,5.037311812117196e-07
6998.0,1.7092916465771568,0.000168141771430799,5.037311523459209e-07
6999.0,1.709196048557904,0.00016816089103464412,5.037311252564791e-07
7000.0,1.7091004555037104,0.0001681800096454777,5.037310994993049e-07
7001.0,1.709004867414904,0.0001681991272632333,5.037310710775955e-07
7002.0,1.7089092842918188,0.000168218243887845,5.037310444322429e-07
7003.0,1.7088137061347786,0.00016823735951924752,5.037310168987119e-07
7004.0,1.7087181329441103,0.000168256474157376,5.037309906974485e-07
7005.0,1.7086225647201336,0.00016827558780216614,5.037309649402744e-07
7006.0,1.7085270014631666,0.00016829470045355417,5.037309378508326e-07
7007.0,1.708431443173529,0.00016831381211147677,5.03730913425926e-07
7008.0,1.7083358898515304,0.0001683329227758711,5.037308867805734e-07
7009.0,1.7082403414974865,0.00016835203244667485,5.037308614674885e-07
7010.0,1.708144798111706,0.00016837114112382606,5.037308370425819e-07
7011.0,1.7080492596944932,0.0001683902488072633,5.037308103972293e-07
7012.0,1.707953726246158,0.00016840935549692555,5.03730786416412e-07
7013.0,1.7078581977669998,0.0001684284611927522,5.037307615474163e-07
7014.0,1.7077626742573193,0.00016844756589468312,5.037307353461529e-07
7015.0,1.7076671557174192,0.0001684666696026585,5.03730712253514e-07
7016.0,1.7075716421475908,0.00016848577231661898,5.037306860522506e-07
7017.0,1.7074761335481345,0.00016850487403650562,5.037306629596117e-07
7018.0,1.7073806299193388,0.00016852397476225983,5.037306385347051e-07
7019.0,1.707285131261497,0.0001685430744938234,5.037306145538878e-07
7020.0,1.7071896375750288,0.00016856217323113886,5.037307237998334e-07
7021.0,1.7070941489926625,0.0001685812709475811,5.037305688126992e-07
7022.0,1.7069986656478149,0.00016860036761654452,5.037305381705437e-07
7023.0,1.706903187540651,0.00016861946323796744,5.037304888766414e-07
7024.0,1.7068077146717793,0.00016863855781172995,5.037304293686873e-07
7025.0,1.706712247041914,0.00016865765133768933,5.037303614230382e-07
7026.0,1.7066167846518436,0.00016867674381568958,5.037302921451214e-07
7027.0,1.706521327502391,0.00016869583524556567,5.037302197585802e-07
7028.0,1.7064258755944162,0.00016871492562714612,5.03730147372039e-07
7029.0,1.7063304289287977,0.00016873401496025466,5.037300714327841e-07
7030.0,1.7062349875064375,0.0001687531032447113,5.037299946053508e-07
7031.0,1.7061395513282513,0.0001687721904803331,5.037299173338283e-07
7032.0,1.7060441203951655,0.00016879127666693465,5.037298391741274e-07
7033.0,1.7059486947081146,0.0001688103618043287,5.037297587939804e-07
7034.0,1.7058532742680466,0.00016882944589232635,5.037296788579226e-07
7035.0,1.7057578590759122,0.00016884852893073746,5.037295998100433e-07
7036.0,1.7056624491326644,0.00016886761091937074,5.037295185417179e-07
7037.0,1.7055670444392668,0.000168886691858034,5.037294372733925e-07
7038.0,1.7054716449966856,0.0001689057717465343,5.037293577814239e-07
7039.0,1.7053762508058854,0.00016892485058467806,5.037292765130985e-07
7040.0,1.7052808618678372,0.00016894392837227116,5.037291934684163e-07
7041.0,1.7051854781835163,0.00016896300510911908,5.037291122000909e-07
7042.0,1.705090099753894,0.00016898208079502698,5.037290295994978e-07
7043.0,1.7049947265799492,0.00016900115542979968,5.037289483311724e-07
7044.0,1.7048993586626557,0.00016902022901324186,5.037288657305794e-07
7045.0,1.704803996002994,0.00016903930154515796,5.03728784462254e-07
7046.0,1.7047086386019408,0.00016905837302535237,5.037287031939286e-07
7047.0,1.7046132864604726,0.0001690774434536293,5.037286197051571e-07
7048.0,1.7045179395795735,0.00016909651282979302,5.037285393250102e-07
7049.0,1.704422597960215,0.00016911558115364773,5.037284540598819e-07
7050.0,1.7043272616033838,0.0001691346484249977,5.037283727915565e-07
7051.0,1.7042319305100542,0.00016915371464364722,5.037282906350526e-07
7052.0,1.7041366046812056,0.00016917277980940063,5.037282093667272e-07
7053.0,1.7040412841178159,0.0001691918439220624,5.03728128542491e-07
7054.0,1.7039459688208591,0.00016921090698143707,5.037280450537196e-07
7055.0,1.7038506587913176,0.00016922996898732936,5.037279646735726e-07
7056.0,1.703755354030162,0.00016924902993954407,5.03727882961158e-07
7057.0,1.70366005453837,0.00016926808983788616,5.037278012487434e-07
7058.0,1.7035647603169157,0.0001692871486821608,5.037277204245072e-07
7059.0,1.7034694713667728,0.0001693062064721733,5.037276400443602e-07
7060.0,1.7033741876889106,0.00016932526320772917,5.03727556999678e-07
7061.0,1.703278909284306,0.0001693443188886341,5.037274770636202e-07
7062.0,1.7031836361539248,0.000169363373514694,5.037273953512056e-07
7063.0,1.7030883682987399,0.00016938242708571503,5.037273154151478e-07
7064.0,1.7029931057197163,0.00016940147960150352,5.037272345909116e-07
7065.0,1.7028978484178223,0.00016942053106186602,5.03727152878497e-07
7066.0,1.7028025963940245,0.00016943958146660936,5.037270720542608e-07
7067.0,1.7027073496492884,0.00016945863081554058,5.03726992118203e-07
7068.0,1.7026121081845784,0.00016947767910846696,5.037269139585021e-07
7069.0,1.7025168720008508,0.00016949672634519603,5.037268313579091e-07
7070.0,1.7024216410990722,0.00016951577252553559,5.037267505336729e-07
7071.0,1.702326415480203,0.00016953481764929364,5.037266714857935e-07
7072.0,1.7022311951451983,0.00016955386171627851,5.037265915497358e-07
7073.0,1.7021359800950178,0.00016957290472629876,5.037265120577672e-07
7074.0,1.7020407703306162,0.0001695919466791632,5.037264325657986e-07
7075.0,1.7019455658529485,0.0001696109875746809,5.037263535179193e-07
7076.0,1.701850366662968,0.00016963002741266124,5.037262749141291e-07
7077.0,1.701755172761625,0.00016964906619291382,5.037261945339822e-07
7078.0,1.7016599841498725,0.00016966810391524855,5.03726115930192e-07
7079.0,1.7015648008286577,0.00016968714057947557,5.037260359941342e-07
7080.0,1.701469622798931,0.00016970617618540537,5.037259582785225e-07
7081.0,1.7013744501276291,0.00016972521071969906,5.037261252560654e-07
7082.0,1.7012792828797996,0.00016974424416929185,5.037262593710068e-07
7083.0,1.7011841210537963,0.0001697632765345173,5.037263837159855e-07
7084.0,1.70108896464813,0.00016978230781567377,5.037264991791801e-07
7085.0,1.7009938136613956,0.0001698013380130434,5.037266128660178e-07
7086.0,1.7008986680922344,0.00016982036712689748,5.037267225560527e-07
7087.0,1.7008035279393314,0.00016983939515749933,5.037268286933738e-07
7088.0,1.700708393201404,0.00016985842210510583,5.037269334984273e-07
7089.0,1.7006132638771931,0.00016987744796996847,5.037270360830348e-07
7090.0,1.7005181399654647,0.0001698964727523342,5.03727136003107e-07
7091.0,1.7004230214650071,0.00016991549645244591,5.037272372554469e-07
7092.0,1.7003279083746194,0.00016993451907054303,5.03727334955073e-07
7093.0,1.7002328006931218,0.00016995354060686172,5.037274308783424e-07
7094.0,1.70013769841935,0.0001699725610616352,5.037275263575225e-07
7095.0,1.7000426015521513,0.00016999158043509406,5.037276222807918e-07
7096.0,1.699947510090384,0.0001700105987274664,5.037277168717935e-07
7097.0,1.699852424032919,0.00017002961593897802,5.037278096864384e-07
7098.0,1.6997573433786373,0.00017004863206985258,5.037279007247264e-07
7099.0,1.6996622681264333,0.0001700676471203117,5.037279922071036e-07
7100.0,1.6995671982752074,0.0001700866610905751,5.037280836894809e-07
7101.0,1.6994721338238679,0.0001701056739808607,5.037281716191444e-07
7102.0,1.6993770747713364,0.0001701246857913847,5.037282604369864e-07
7103.0,1.6992820211165398,0.00017014369652236175,5.037283492548283e-07
7104.0,1.6991869728584132,0.00017016270617400484,5.037284380726703e-07
7105.0,1.699091929995896,0.00017018171474652557,5.03728524225977e-07
7106.0,1.6989968925279404,0.0001702007222401341,5.037286112674622e-07
7107.0,1.6989018604535016,0.00017021972865503916,5.037286978648581e-07
7108.0,1.6988068337715418,0.00017023873399144826,5.037287835740756e-07
7109.0,1.6987118124810299,0.00017025773824956762,5.037288683951147e-07
7110.0,1.69861679658094,0.00017027674142960225,5.037289518838861e-07
7111.0,1.6985217860702564,0.000170295743531756,5.037290367049252e-07
7112.0,1.6984267809479616,0.00017031474455623152,5.037291197496074e-07
7113.0,1.698331781213049,0.00017033374450323047,5.037292019061113e-07
7114.0,1.6982367868645185,0.00017035274337295336,5.037292858389719e-07
7115.0,1.6981417979013707,0.00017037174116559973,5.037293697718326e-07
7116.0,1.6980468143226086,0.00017039073788136812,5.037294497078904e-07
7117.0,1.6979518361272508,0.00017040973352045605,5.03729531420305e-07
7118.0,1.6978568633143107,0.00017042872808306013,5.03729611800452e-07
7119.0,1.6977618958828116,0.00017044772156937606,5.037296921805989e-07
7120.0,1.6976669338317796,0.00017046671397959865,5.037297734489243e-07
7121.0,1.6975719771602433,0.00017048570531392183,5.037298529408929e-07
7122.0,1.6974770258672385,0.00017050469557253867,5.037299324328615e-07
7123.0,1.6973820799518042,0.00017052368475564146,5.0373001192483e-07
7124.0,1.6972871394129818,0.00017054267286342162,5.037300905286202e-07
7125.0,1.6971922042498195,0.00017056165989606982,5.037301691324103e-07
7126.0,1.6970972744613653,0.00017058064585377596,5.037302455157544e-07
7127.0,1.6970023500466793,0.00017059963073672921,5.037303258959014e-07
7128.0,1.6969074310048133,0.00017061861454511796,5.037304036115131e-07
7129.0,1.6968125173348314,0.0001706375972791299,5.037304813271248e-07
7130.0,1.6967176090357992,0.000170656578938952,5.03730559930915e-07
7131.0,1.696622706106783,0.00017067555952477055,5.037306363142591e-07
7132.0,1.6965278085468571,0.00017069453903677118,5.037307135857816e-07
7133.0,1.6964329163550957,0.00017071351747513885,5.037307904132149e-07
7134.0,1.696338029530578,0.00017073249484005784,5.037308681288266e-07
7135.0,1.6962431480723832,0.00017075147113171184,5.037309427358139e-07
7136.0,1.6961482719795986,0.00017077044635028388,5.037310186750688e-07
7137.0,1.6960534012513122,0.00017078942049595638,5.037310946143236e-07
7138.0,1.6959585358866136,0.00017080839356891118,5.037311701094893e-07
7139.0,1.695863675884597,0.0001708273655693295,5.037312451605658e-07
7140.0,1.6957688212435993,0.00017084633649738955,5.037305474964171e-07
7141.0,1.695673971600244,0.0001708653064261298,5.037308938860008e-07
7142.0,1.6955791265899902,0.00017088427542813345,5.037306580746304e-07
7143.0,1.6954842862165165,0.00017090324350279237,5.037304791066788e-07
7144.0,1.6953894504819735,0.00017092221064967018,5.03730325007723e-07
7145.0,1.695294619388186,0.00017094117686840125,5.037301926691384e-07
7146.0,1.6951997929367557,0.00017096014215866334,5.03730073209141e-07
7147.0,1.6951049711291386,0.0001709791065201648,5.037299630750169e-07
7148.0,1.6950101539666735,0.00017099806995263725,5.037298604904095e-07
7149.0,1.6949153414506113,0.00017101703245583065,5.037297650112293e-07
7150.0,1.6948205335821247,0.0001710359940295098,5.037296744170305e-07
7151.0,1.6947257303623264,0.00017105495467345194,5.03729586487367e-07
7152.0,1.694630931792276,0.00017107391438744515,5.037295025545063e-07
7153.0,1.6945361378729893,0.00017109287317128684,5.037294239507162e-07
7154.0,1.6944413486054355,0.00017111183102478257,5.037293488996397e-07
7155.0,1.694346563990549,0.00017113078794774505,5.037292747367417e-07
7156.0,1.6942517840292357,0.00017114974393999354,5.037292041265573e-07
7157.0,1.6941570087223694,0.00017116869900135308,5.037291352927298e-07
7158.0,1.6940622380707961,0.0001711876531316541,5.037290673470807e-07
7159.0,1.693967472075341,0.00017120660633073188,5.037290011777884e-07
7160.0,1.6938727107368061,0.00017122555859842622,5.037289376730314e-07
7161.0,1.6937779540559708,0.00017124450993458105,5.037288768328096e-07
7162.0,1.6936832020335983,0.0001712634603390441,5.037288195453016e-07
7163.0,1.6935884546704265,0.0001712824098116666,5.037287600373475e-07
7164.0,1.693493711967187,0.00017130135835230313,5.037287031939286e-07
7165.0,1.693398973924589,0.0001713203059608114,5.037286467945989e-07
7166.0,1.69330424054333,0.00017133925263705205,5.037285908393585e-07
7167.0,1.6932095118240922,0.00017135819838088839,5.037285348841181e-07
7168.0,1.6931147877675483,0.00017137714319218642,5.037284807052345e-07
7169.0,1.693020068374358,0.00017139608707081457,5.037284314113322e-07
7170.0,1.6929253536451614,0.00017141503001664361,5.037283798969838e-07
7171.0,1.6928306435805967,0.0001714339720295465,5.037283297149031e-07
7172.0,1.692735938181291,0.00017145291310939828,5.037282830855361e-07
7173.0,1.6926412374478537,0.000171471853256076,5.03728234235723e-07
7174.0,1.6925465413808936,0.0001714907924694586,5.037281871622667e-07
7175.0,1.6924518499810064,0.00017150973074942687,5.037281414210781e-07
7176.0,1.6923571632487788,0.0001715286680958633,5.037280961239787e-07
7177.0,1.692262481184788,0.00017154760450865207,5.037280490505225e-07
7178.0,1.692167803789607,0.00017156653998767898,5.037280024211555e-07
7179.0,1.6920731310638006,0.00017158547453283136,5.037279580122345e-07
7180.0,1.6919784630079233,0.00017160440814399804,5.037279140474027e-07
7181.0,1.6918837996225222,0.00017162334082106924,5.037278687503033e-07
7182.0,1.6917891409081414,0.00017164227256393657,5.037278247854715e-07
7183.0,1.691694486865317,0.00017166120337249295,5.037277825969966e-07
7184.0,1.6915998374945753,0.0001716801332466326,5.03727739076254e-07
7185.0,1.6915051927964426,0.00017169906218625092,5.037276977759575e-07
7186.0,1.6914105527714336,0.0001717179901912446,5.037276573638394e-07
7187.0,1.6913159174200578,0.00017173691726151132,5.037276147312753e-07
7188.0,1.6912212867428227,0.00017175584339695004,5.037275734309787e-07
7189.0,1.6911266607402293,0.0001717747685974607,5.037275334629499e-07
7190.0,1.6910320394127714,0.00017179369286294437,5.037274939390102e-07
7191.0,1.6909374227609375,0.00017181261619330303,5.037274530828029e-07
7192.0,1.690842810785214,0.00017183153858843975,5.03727413114774e-07
7193.0,1.690748203486083,0.00017185046004825844,5.037273758112804e-07
7194.0,1.6906536008640158,0.00017186938057266407,5.037273367314299e-07
7195.0,1.690559002919485,0.00017188830016156244,5.037272976515794e-07
7196.0,1.6904644096529586,0.00017190721881486025,5.037272603480858e-07
7197.0,1.690369821064895,0.00017192613653246506,5.037272208241461e-07
7198.0,1.6902752371557548,0.00017194505331428523,5.037271813002064e-07
7199.0,1.6901806579259944,0.00017196396916023,5.037271448848912e-07
7200.0,1.6900860833760611,0.00017198288407020937,5.03727108469576e-07
7201.0,1.6899915137650947,0.00017200179799245908,5.037273909103135e-07
7202.0,1.6898969493499927,0.0001720207108755112,5.037275490060722e-07
7203.0,1.689802390128768,0.0001720396227197811,5.037276742392294e-07
7204.0,1.6897078360999522,0.00017205853352556528,5.037277790442829e-07
7205.0,1.6896132872623164,0.00017207744329311096,5.037278718589278e-07
7206.0,1.689518743614776,0.00017209635202263497,5.037279513508963e-07
7207.0,1.6894242051563568,0.00017211525971433327,5.037280237374375e-07
7208.0,1.6893296718861617,0.00017213416636838622,5.037280934594435e-07
7209.0,1.6892351438033495,0.00017215307198496175,5.037281587405573e-07
7210.0,1.689140620907131,0.00017217197656421758,5.037282195807791e-07
7211.0,1.6890461031967579,0.00017219088010630312,5.037282737596627e-07
7212.0,1.6889515906715236,0.00017220978261136083,5.037283283826355e-07
7213.0,1.688857083330744,0.00017222868407952707,5.037283798969838e-07
7214.0,1.6887625811737663,0.0001722475845109329,5.037284314113322e-07
7215.0,1.6886680841999575,0.00017226648390570467,5.037284815934129e-07
7216.0,1.6885735924087062,0.0001722853822639646,5.037285295550475e-07
7217.0,1.6884791057994202,0.00017230427958583104,5.037285757403254e-07
7218.0,1.6883846243715235,0.00017232317587141912,5.037286197051571e-07
7219.0,1.6882901481244568,0.00017234207112084085,5.037286614495429e-07
7220.0,1.688195677057675,0.00017236096533420554,5.037287031939286e-07
7221.0,1.6881012111706428,0.00017237985851161993,5.037287431619575e-07
7222.0,1.6880067504628424,0.00017239875065318846,5.037287853504324e-07
7223.0,1.6879122949337582,0.00017241764175901343,5.037288257625505e-07
7224.0,1.687817844582891,0.00017243653182919504,5.03728867062847e-07
7225.0,1.6877233994097465,0.00017245542086383165,5.037289052545191e-07
7226.0,1.6876289594138443,0.00017247430886301992,5.037289443343695e-07
7227.0,1.6875345245947049,0.00017249319582685483,5.037289798615063e-07
7228.0,1.687440094951866,0.0001725120817554299,5.037290162768215e-07
7229.0,1.6873456704848633,0.00017253096664883718,5.037290495835123e-07
7230.0,1.687251251193247,0.00017254985050716738,5.037290846665599e-07
7231.0,1.6871568370765686,0.00017256873333051004,5.037291193055182e-07
7232.0,1.6870624281343858,0.00017258761511895342,5.037291535003874e-07
7233.0,1.6869680243662644,0.0001726064958725847,5.03729188583435e-07
7234.0,1.6868736257717714,0.00017262537559148994,5.037292214460365e-07
7235.0,1.6867792323504833,0.0001726442542757542,5.037292547527272e-07
7236.0,1.6866848441019817,0.00017266313192546159,5.03729290279864e-07
7237.0,1.6865904610258462,0.00017268200854069526,5.037293231424655e-07
7238.0,1.6864960831216687,0.00017270088412153753,5.037293568932455e-07
7239.0,1.6864017103890385,0.00017271975866806985,5.037293884235794e-07
7240.0,1.6863073428275561,0.00017273863218037288,5.037294212861809e-07
7241.0,1.6862129804368204,0.00017275750465852653,5.037294537046932e-07
7242.0,1.686118623216435,0.00017277637610260994,5.037294852350271e-07
7243.0,1.6860242711660094,0.0001727952465127016,5.037295180976287e-07
7244.0,1.6859299242851513,0.0001728141158888793,5.037295482956949e-07
7245.0,1.6858355825734779,0.00017283298423122017,5.037295793819396e-07
7246.0,1.6857412460306058,0.00017285185153980077,5.037296104681843e-07
7247.0,1.6856469146561563,0.000172870717814697,5.037296419985182e-07
7248.0,1.6855525884497502,0.00017288958305598424,5.037296717524953e-07
7249.0,1.6854582674110155,0.0001729084472637373,5.037297023946508e-07
7250.0,1.6853639515395809,0.00017292731043803045,5.037297339249847e-07
7251.0,1.6852696408350758,0.00017294617257893744,5.037297636789617e-07
7252.0,1.685175335297135,0.00017296503368653153,5.037297934329388e-07
7253.0,1.6850810349253955,0.0001729838937608855,5.03729823631005e-07
7254.0,1.6849867397194942,0.00017300275280207172,5.037298533849821e-07
7255.0,1.684892449679073,0.000173021610810162,5.037298835830484e-07
7256.0,1.684798164803773,0.00017304046778522783,5.037299128929362e-07
7257.0,1.6847038850932416,0.00017305932372734022,5.037299435350917e-07
7258.0,1.6846096105471235,0.00017307817863656977,5.037299728449796e-07
7259.0,1.6845153411650673,0.0001730970325129867,5.03730001266689e-07
7260.0,1.6844210769467216,0.0001731158853566608,5.037300261356847e-07
7261.0,1.684326817878939,0.00017313473717017343,5.037298067556151e-07
7262.0,1.6842325639505087,0.00017315358795581812,5.037295998100433e-07
7263.0,1.6841383151639129,0.00017317243771309708,5.037293990817204e-07
7264.0,1.684044071521575,0.00017319128644152483,5.037291996856652e-07
7265.0,1.6839498330258855,0.00017321013414062328,5.03729002510056e-07
7266.0,1.6838555996792077,0.0001732289808099199,5.037288075548929e-07
7267.0,1.683761371483881,0.00017324782644894678,5.037286157083543e-07
7268.0,1.6836671484422223,0.00017326667105724004,5.037284229736372e-07
7269.0,1.6835729305565355,0.00017328551463433926,5.037282324593662e-07
7270.0,1.6834787178291073,0.00017330435717978723,5.037280441655412e-07
7271.0,1.6833845102622063,0.00017332319869312968,5.03727855427627e-07
7272.0,1.683290307858093,0.00017334203917391503,5.037276689101589e-07
7273.0,1.6831961106190105,0.0001733608786216942,5.037274823926907e-07
7274.0,1.683101918547194,0.00017337971703602052,5.037272972074902e-07
7275.0,1.6830077316448646,0.00017339855441644953,5.037271129104681e-07
7276.0,1.682913549914235,0.00017341739076253887,5.037269299457137e-07
7277.0,1.6828193733575056,0.0001734362260738483,5.037267478691376e-07
7278.0,1.682725201976868,0.00017345506034993939,5.037265653484724e-07
7279.0,1.6826310357745058,0.00017347389359037566,5.03726384604164e-07
7280.0,1.6825368747525922,0.00017349272579472236,5.037262043039448e-07
7281.0,1.682442718913293,0.00017351155696254648,5.037260257800824e-07
7282.0,1.6823485682587627,0.00017353038709341667,5.037258463680416e-07
7283.0,1.6822544227911511,0.00017354921618690323,5.037256678441793e-07
7284.0,1.6821602825125992,0.00017356804424257795,5.037254893203169e-07
7285.0,1.6820661474252419,0.00017358687126001413,5.037253130169006e-07
7286.0,1.6819720175312032,0.00017360569723878658,5.037251367134843e-07
7287.0,1.6818778928326026,0.00017362452217847154,5.037249608541572e-07
7288.0,1.6817837733315522,0.0001736433460786466,5.037247858830085e-07
7289.0,1.681689659030156,0.00017366216893889078,5.037246104677706e-07
7290.0,1.681595549930515,0.00017368099075878434,5.037244372729788e-07
7291.0,1.6815014460347182,0.0001736998115379089,5.037242631900085e-07
7292.0,1.6814073473448532,0.0001737186312758473,5.037240904393059e-07
7293.0,1.6813132538630005,0.00017373744997218365,5.037239194649601e-07
7294.0,1.6812191655912299,0.00017375626762650327,5.037237467142575e-07
7295.0,1.6811250825316117,0.00017377508423839266,5.037235757399117e-07
7296.0,1.6810310046862047,0.00017379389980743952,5.03723402989209e-07
7297.0,1.6809369320570702,0.00017381271433323262,5.037232337912201e-07
7298.0,1.6808428646462532,0.00017383152781536192,5.037230632609635e-07
7299.0,1.6807488024558,0.00017385034025341848,5.037228931747961e-07
7300.0,1.6806547454877512,0.0001738691516469944,5.037227239768072e-07
7301.0,1.6805606937441397,0.00017388796199568294,5.037225547788182e-07
7302.0,1.680466647226995,0.0001739067712990783,5.037223869130969e-07
7303.0,1.6803726059383386,0.00017392557955677577,5.037222181591972e-07
7304.0,1.6802785698801919,0.00017394438676837163,5.03722050737565e-07
7305.0,1.6801845390545656,0.0001739631929334632,5.037218819836653e-07
7306.0,1.6800905134634714,0.00017398199805164876,5.037217158943008e-07
7307.0,1.6799964931089104,0.00017400080212252758,5.037215489167579e-07
7308.0,1.6799024779928826,0.00017401960514569988,5.037213823833042e-07
7309.0,1.6798084681173822,0.00017403840712076682,5.037212167380289e-07
7310.0,1.6797144634843983,0.0001740572080473305,5.037210515368429e-07
7311.0,1.6796204640959165,0.00017407600792499395,5.03720886779746e-07
7312.0,1.679526469953916,0.00017409480675336107,5.037207220226492e-07
7313.0,1.6794324810603722,0.0001741136045320367,5.037205563773739e-07
7314.0,1.6793384974172616,0.00017413240126062655,5.037203947289015e-07
7315.0,1.679244519026543,0.00017415119693873723,5.037202295277154e-07
7316.0,1.6791505458901863,0.00017416999156597617,5.037200678792431e-07
7317.0,1.6790565780101447,0.00017418878514195168,5.037199035662354e-07
7318.0,1.678962615388378,0.0001742075776662729,5.037197432500307e-07
7319.0,1.6788686580268288,0.00017422636913854981,5.037195784929338e-07
7320.0,1.678774705927492,0.00017424515955839353,5.03719460365204e-07
7321.0,1.678680759290655,0.00017426394888584454,5.037198782531505e-07
7322.0,1.6785868183125334,0.00017428273708152428,5.037201553648174e-07
7323.0,1.6784928829897336,0.0001743015241461341,5.037204044988641e-07
7324.0,1.678398953319257,0.00017432031008027542,5.037206345370748e-07
7325.0,1.6783050292983295,0.0001743390948845053,5.037208565816798e-07
7326.0,1.6782111109243034,0.00017435787855935223,5.037210653036084e-07
7327.0,1.6781171981946512,0.00017437666110532374,5.037212704728233e-07
7328.0,1.6780232911069128,0.0001743954425229111,5.037214689807001e-07
7329.0,1.6779293896587015,0.0001744142228125922,5.037216630476848e-07
7330.0,1.677835493847682,0.00017443300197483367,5.037218508974206e-07
7331.0,1.677741603671575,0.00017445178001009246,5.03722037858978e-07
7332.0,1.6776477191281365,0.00017447055691881703,5.03722222156e-07
7333.0,1.6775538402151609,0.00017448933270144818,5.037224024562192e-07
7334.0,1.6774599669304786,0.00017450810735841995,5.037225787596356e-07
7335.0,1.677366099271954,0.0001745268808901602,5.037227555071411e-07
7336.0,1.6772722372374727,0.00017454565329709106,5.037229287019329e-07
7337.0,1.6771783808249523,0.00017456442457962945,5.037231001203679e-07
7338.0,1.677084530032331,0.00017458319473818743,5.037232688742677e-07
7339.0,1.676990684857573,0.00017460196377317255,5.037234362958998e-07
7340.0,1.6768968452986621,0.00017462073168498813,5.037236032734427e-07
7341.0,1.6768030113535988,0.0001746394984740335,5.037237666982719e-07
7342.0,1.6767091830204077,0.0001746582641407042,5.037239292349227e-07
7343.0,1.6766153602971303,0.00017467702868539229,5.037240922156627e-07
7344.0,1.6765215431818181,0.00017469579210848644,5.037242507555106e-07
7345.0,1.6764277316725484,0.00017471455441037207,5.037244092953586e-07
7346.0,1.676333925767409,0.0001747333155914316,5.037245673911173e-07
7347.0,1.676240125464501,0.0001747520756520445,5.037247241546083e-07
7348.0,1.676146330761941,0.00017477083459258749,5.037248791417426e-07
7349.0,1.67605254165786,0.00017478959241343456,5.037250332406984e-07
7350.0,1.6759587581503994,0.00017480834911495717,5.037251855632974e-07
7351.0,1.6758649802377168,0.0001748271046975243,5.037253387740748e-07
7352.0,1.6757712079179756,0.0001748458591615025,5.037254884321385e-07
7353.0,1.6756774411893587,0.0001748646125072561,5.03725639866559e-07
7354.0,1.675583680050054,0.00017488336473514717,5.037257904128012e-07
7355.0,1.6754899244982604,0.00017490211584553564,5.037259391826865e-07
7356.0,1.6753961745321895,0.00017492086583877935,5.037260870643934e-07
7357.0,1.6753024301500639,0.00017493961471523413,5.037262349461002e-07
7358.0,1.6752086913501134,0.0001749583624752539,5.037263837159855e-07
7359.0,1.675114958130575,0.00017497710911919064,5.037265289331572e-07
7360.0,1.6750212304897003,0.0001749958546473945,5.037266732621504e-07
7361.0,1.6749275084257478,0.00017501459906021384,5.037268175911436e-07
7362.0,1.6748337919369856,0.0001750333423579953,5.037269628083152e-07
7363.0,1.6747400810216857,0.00017505208454108383,5.037271053609516e-07
7364.0,1.674646375678134,0.00017507082560982268,5.037272479135879e-07
7365.0,1.6745526759046205,0.00017508956556455357,5.037273891339566e-07
7366.0,1.6744589816994477,0.0001751083044056166,5.037275312425038e-07
7367.0,1.6743652930609199,0.00017512704213335032,5.037276720187833e-07
7368.0,1.6742716099873527,0.00017514577874809184,5.037278123509736e-07
7369.0,1.674177932477067,0.00017516451425017676,5.037279513508963e-07
7370.0,1.6740842605283934,0.0001751832486399393,5.03728090350819e-07
7371.0,1.6739905941396662,0.00017520198191771222,5.037282280184741e-07
7372.0,1.67389693330923,0.00017522071408382697,5.037283652420399e-07
7373.0,1.6738032780354333,0.00017523944513861363,5.037285020215165e-07
7374.0,1.6737096283166348,0.00017525817508240096,5.037286401332608e-07
7375.0,1.6736159841511924,0.00017527690391551647,5.037287755804698e-07
7376.0,1.6735223455374784,0.0001752956316382864,5.037289110276788e-07
7377.0,1.6734287124738674,0.00017531435825103573,5.037290464748878e-07
7378.0,1.6733350849587383,0.00017533308375408823,5.0372918014574e-07
7379.0,1.6732414629904806,0.00017535180814776653,5.037293138165921e-07
7380.0,1.6731478465673422,0.0001753705314323914,5.037292996057374e-07
7381.0,1.6730542354231182,0.0001753892536611526,5.03728881717791e-07
7382.0,1.6729606292952144,0.00017540797488667772,5.037286032738564e-07
7383.0,1.672867028187086,0.00017542669510825555,5.037283643538615e-07
7384.0,1.6727734321016283,0.00017544541432530324,5.037281449737918e-07
7385.0,1.672679841041476,0.00017546413253729308,5.037279420250229e-07
7386.0,1.6725862550090864,0.0001754828497437321,5.03727747513949e-07
7387.0,1.6724926740068005,0.00017550156594415225,5.037275623287485e-07
7388.0,1.6723990980368575,0.0001755202811381046,5.037273811403509e-07
7389.0,1.6723055271014273,0.0001755389953251556,5.03727205725113e-07
7390.0,1.6722119612026147,0.00017555770850488433,5.037270369712132e-07
7391.0,1.6721184003424647,0.00017557642067688085,5.037268695495811e-07
7392.0,1.6720248445229842,0.00017559513184074455,5.037267074570195e-07
7393.0,1.6719312937461321,0.00017561384199608307,5.037265480289932e-07
7394.0,1.671837748013832,0.00017563255114251132,5.037263890450561e-07
7395.0,1.6717442073279793,0.00017565125927965084,5.037262340579218e-07
7396.0,1.6716506716904367,0.00017566996640712914,5.037260830675905e-07
7397.0,1.671557141103037,0.00017568867252457917,5.037259334095268e-07
7398.0,1.6714636155675902,0.00017570737763163887,5.037257850837307e-07
7399.0,1.6713700950858836,0.0001757260817279508,5.037256380902022e-07
7400.0,1.6712765796596842,0.00017574478481316175,5.03725493761209e-07
7401.0,1.6711830692907363,0.0001757634868869226,5.03725349876305e-07
7402.0,1.671089563980769,0.00017578218794888785,5.037252086559363e-07
7403.0,1.6709960637314893,0.0001758008879987156,5.037250678796568e-07
7404.0,1.670902568544593,0.00017581958703606718,5.037249297679125e-07
7405.0,1.670809078421755,0.00017583828506060708,5.03724791212079e-07
7406.0,1.670715593364641,0.00017585698207200274,5.037246553207808e-07
7407.0,1.6706221133748957,0.00017587567806992435,5.03724518097215e-07
7408.0,1.6705286384541607,0.00017589437305404478,5.037243853145412e-07
7409.0,1.6704351686040546,0.00017591306702403946,5.037242525318675e-07
7410.0,1.6703417038261872,0.0001759317599795862,5.037241188610153e-07
7411.0,1.6702482441221622,0.0001759504519203652,5.037239887428768e-07
7412.0,1.6701547894935624,0.00017596914284605884,5.037238572924707e-07
7413.0,1.6700613399419695,0.00017598783275635162,5.037237280625106e-07
7414.0,1.669967895468948,0.00017600652165093012,5.037235992766398e-07
7415.0,1.6698744560760566,0.00017602520952948283,5.037234713789474e-07
7416.0,1.6697810217648412,0.0001760438963917002,5.037233425930765e-07
7417.0,1.6696875925368435,0.00017606258223727448,5.037232164717409e-07
7418.0,1.6695941683935909,0.0001760812670658997,5.037230899063161e-07
7419.0,1.6695007493366059,0.0001760999508772716,5.037229642290697e-07
7420.0,1.6694073353674015,0.00017611863367108756,5.037228398840909e-07
7421.0,1.669313926487483,0.00017613731544704656,5.037227164272906e-07
7422.0,1.6692205226983456,0.00017615599620484916,5.037225920823118e-07
7423.0,1.6691271240014802,0.00017617467594419742,5.037224677373331e-07
7424.0,1.6690337303983707,0.00017619335466479485,5.037223456128004e-07
7425.0,1.6689403418904893,0.0001762120323663464,5.037222217119108e-07
7426.0,1.6688469584793078,0.00017623070904855838,5.037221000314673e-07
7427.0,1.6687535801662867,0.00017624938471113845,5.037219796832915e-07
7428.0,1.6686602069528802,0.0001762680593537956,5.037218588910264e-07
7429.0,1.6685668388405375,0.0001762867329762401,5.037217385428505e-07
7430.0,1.6684734758307003,0.00017630540557818348,5.037216181946746e-07
7431.0,1.6683801179248061,0.0001763240771593384,5.037214987346772e-07
7432.0,1.6682867651242856,0.0001763427477194188,5.037213801628582e-07
7433.0,1.6681934174305622,0.00017636141725813976,5.037212615910391e-07
7434.0,1.668100074845056,0.00017638008577521746,5.037211439073985e-07
7435.0,1.668006737369178,0.0001763987532703692,5.037210244474011e-07
7436.0,1.6679134050043425,0.0001764174197433134,5.037209098723849e-07
7437.0,1.6678200777519463,0.0001764360851937695,5.037207944091904e-07
7438.0,1.667726755613386,0.00017645474962145797,5.037206762814606e-07
7439.0,1.6676334385900584,0.00017647341302610032,5.03720560818266e-07
7440.0,1.667540126683432,0.00017649207540741953,5.037205301761105e-07
7441.0,1.6674468200931303,0.00017651073672555199,5.037208907765489e-07
7442.0,1.6673535190152704,0.00017652939694118408,5.03721191424944e-07
7443.0,1.6672602234461211,0.00017654805605506768,5.037214600989159e-07
7444.0,1.6671669333824346,0.0001765667140678553,5.037217118974979e-07
7445.0,1.667073648821175,0.0001765853709801557,5.037219543702065e-07
7446.0,1.6669803697594368,0.00017660402679254978,5.03722186184774e-07
7447.0,1.6668870961944238,0.00017662268150559786,5.037224135584495e-07
7448.0,1.6667938281234096,0.00017664133511984456,5.037226329385192e-07
7449.0,1.666700565543742,0.0001766599876358215,5.037228500981428e-07
7450.0,1.6666073084528157,0.00017667863905404947,5.037230637050527e-07
7451.0,1.6665140568480725,0.0001766972893750399,5.037232724269813e-07
7452.0,1.6664208107269964,0.00017671593859929614,5.037234775961963e-07
7453.0,1.6663275700871119,0.0001767345867273142,5.037236836535897e-07
7454.0,1.6662343349259643,0.00017675323375958364,5.037238830496449e-07
7455.0,1.6661411052411403,0.00017677187969658805,5.037240811134325e-07
7456.0,1.6660478810302484,0.0001767905245388057,5.037242774008632e-07
7457.0,1.665954662290923,0.00017680916828670984,5.037244728001156e-07
7458.0,1.6658614490208201,0.00017682781094076916,5.037246664230111e-07
7459.0,1.665768241217618,0.00017684645250144802,5.037248587136389e-07
7460.0,1.6656750388790134,0.00017686509296920678,5.037250478956423e-07
7461.0,1.6655818420027244,0.00017688373234450207,5.037252353012889e-07
7462.0,1.6654886505864877,0.00017690237062778695,5.037254227069354e-07
7463.0,1.6653954646280515,0.00017692100781951112,5.037256078921359e-07
7464.0,1.6653022841251854,0.00017693964392012114,5.037257917450688e-07
7465.0,1.6652091090756722,0.00017695827893006054,5.037259755980017e-07
7466.0,1.6651159394773076,0.00017697691284976992,5.037261576745777e-07
7467.0,1.6650227753279017,0.0001769955456796872,5.037263384188861e-07
7468.0,1.6649296166252785,0.0001770141774202476,5.037265169427485e-07
7469.0,1.6648364633672763,0.00017703280807188386,5.037266963547893e-07
7470.0,1.6647433155517422,0.0001770514376350263,5.037268739904732e-07
7471.0,1.6646501731765346,0.00017707006611010286,5.037270494057111e-07
7472.0,1.664557036239529,0.00017708869349753928,5.037272261532166e-07
7473.0,1.6644639047386045,0.00017710731979775913,5.037274006802761e-07
7474.0,1.6643707786716557,0.00017712594501118382,5.037275756514248e-07
7475.0,1.6642776580365841,0.0001771445691382328,5.037277488462166e-07
7476.0,1.6641845428313031,0.00017716319217932357,5.037279215969193e-07
7477.0,1.6640914330537349,0.00017718181413487166,5.037280934594435e-07
7478.0,1.6639983287018114,0.0001772004350052908,5.037282657660569e-07
7479.0,1.6639052297734718,0.0001772190547909929,5.037284367404027e-07
7480.0,1.6638121362666651,0.00017723767349238814,5.037286063824808e-07
7481.0,1.6637190481793505,0.00017725629110988504,5.037287764686482e-07
7482.0,1.6636259655094932,0.00017727490764389038,5.037289456666372e-07
7483.0,1.663532888255065,0.0001772935230948094,5.037291126441801e-07
7484.0,1.6634398164140534,0.00017731213746304577,5.037292827303474e-07
7485.0,1.6633467499844405,0.00017733075074900158,5.037294488197119e-07
7486.0,1.6632536889642282,0.00017734936295307746,5.03729616241344e-07
7487.0,1.6631606333514182,0.00017736797407567255,5.037297814425301e-07
7488.0,1.663067583144022,0.0001773865841171846,5.037299457555378e-07
7489.0,1.66297453834006,0.00017740519307800996,5.037301105126346e-07
7490.0,1.6628814989375567,0.00017742380095854356,5.037302748256423e-07
7491.0,1.6627884649345432,0.00017744240775917906,5.037304391386499e-07
7492.0,1.662695436329058,0.00017746101348030873,5.037306021193899e-07
7493.0,1.6626024131191453,0.00017747961812232362,5.037307637678623e-07
7494.0,1.6625093953028576,0.0001774982216856135,5.037309258604239e-07
7495.0,1.6624163828782528,0.00017751682417056688,5.037310875088963e-07
7496.0,1.6623233758433928,0.00017753542557757108,5.037312487132795e-07
7497.0,1.6622303741963467,0.00017755402590701223,5.037314081413058e-07
7498.0,1.6621373779351927,0.00017757262515927529,5.037315697897782e-07
7499.0,1.6620443870580077,0.000177591223334744,5.037317283296261e-07
7500.0,1.6619514015626962,0.00017760982043380034,5.03731698575649e-07
7501.0,1.6618584212889278,0.00017762841648850597,5.037314583233865e-07
7502.0,1.6617654460787878,0.00017764701153050264,5.037313015598954e-07
7503.0,1.661672475934225,0.00017766560555938855,5.037311683331325e-07
7504.0,1.6615795108568454,0.0001776841985748407,5.037310493172242e-07
7505.0,1.6614865508480852,0.00017770279057657037,5.037309374067434e-07
7506.0,1.6613935959092807,0.00017772138156431065,5.037308343780467e-07
7507.0,1.6613006460416826,0.00017773997153781033,5.037307349020637e-07
7508.0,1.6612077012464879,0.00017775856049683035,5.03730640311062e-07
7509.0,1.6611147615248405,0.00017777714844114146,5.037305483845955e-07
7510.0,1.6610218268778454,0.00017779573537052263,5.037304591226643e-07
7511.0,1.6609288973065732,0.00017781432128475972,5.037303725252684e-07
7512.0,1.6608359728120667,0.00017783290618364472,5.037302908128538e-07
7513.0,1.6607430533953331,0.00017785149006697496,5.0373020865635e-07
7514.0,1.660650139057365,0.00017787007293455247,5.037301278321138e-07
7515.0,1.6605572297991298,0.00017788865478618362,5.037300483401452e-07
7516.0,1.6604643256215783,0.00017790723562167862,5.037299719568011e-07
7517.0,1.6603714265256386,0.00017792581544085126,5.03729895573457e-07
7518.0,1.6602785325122271,0.0001779443942435186,5.037298209664698e-07
7519.0,1.6601856435822449,0.00017796297202950074,5.037297490240178e-07
7520.0,1.6600927597365733,0.0001779815487986205,5.037296761933874e-07
7521.0,1.6599998809760872,0.00017800012455070337,5.037296046950246e-07
7522.0,1.6599070073016462,0.0001780186992855773,5.037295331966618e-07
7523.0,1.6598141387141017,0.00017803727300307252,5.037294648069235e-07
7524.0,1.6597212752142887,0.00017805584570302138,5.037293964171852e-07
7525.0,1.6596284168030366,0.00017807441738525834,5.037293289156253e-07
7526.0,1.6595355634811624,0.00017809298804961977,5.037292618581546e-07
7527.0,1.6594427152494766,0.0001781115576959439,5.037291965770407e-07
7528.0,1.6593498721087767,0.00017813012632407065,5.037291304077485e-07
7529.0,1.659257034059858,0.00017814869393384164,5.037290669029915e-07
7530.0,1.6591642011035015,0.00017816726052510007,5.03729002510056e-07
7531.0,1.6590713732404836,0.00017818582609769066,5.037289372289422e-07
7532.0,1.6589785504715775,0.0001782043906514596,5.037288759446312e-07
7533.0,1.6588857327975401,0.00017822295418625444,5.037288128839634e-07
7534.0,1.6587929202191305,0.0001782415167019241,5.037287515996525e-07
7535.0,1.6587001127370953,0.00017826007819831877,5.037286894271631e-07
7536.0,1.658607310352179,0.0001782786386752899,5.037286290310306e-07
7537.0,1.6585145130651175,0.00017829719813269014,5.03728568634898e-07
7538.0,1.6584217208766423,0.00017831575657037326,5.037285091269439e-07
7539.0,1.6583289337874798,0.00017833431398819419,5.037284513953466e-07
7540.0,1.6582361517983466,0.00017835287038600887,5.037283914433033e-07
7541.0,1.6581433749099597,0.00017837142576367435,5.037283319353492e-07
7542.0,1.6580506031230298,0.00017838998012104866,5.037282737596627e-07
7543.0,1.6579578364382614,0.0001784085334579908,5.037282160280654e-07
7544.0,1.6578650748563544,0.00017842708577436075,5.037281587405573e-07
7545.0,1.6577723183780044,0.00017844563707001938,5.037281018971385e-07
7546.0,1.657679567003901,0.00017846418734482848,5.037280441655412e-07
7547.0,1.6575868207347344,0.00017848273659865072,5.037279886543899e-07
7548.0,1.6574940795711837,0.00017850128483134958,5.037279322550603e-07
7549.0,1.657401343513928,0.00017851983204278938,5.037278754116414e-07
7550.0,1.657308612563643,0.00017853837823283525,5.037278199004902e-07
7551.0,1.6572158867209983,0.00017855692340135312,5.03727764389339e-07
7552.0,1.65712316598666,0.00017857546754820964,5.037277088781877e-07
7553.0,1.6570304503612918,0.00017859401067327226,5.037276538111257e-07
7554.0,1.6569377398455527,0.00017861255277640912,5.037275987440637e-07
7555.0,1.6568450344400976,0.0001786310938574891,5.037275436770017e-07
7556.0,1.6567523341455812,0.0001786496339163817,5.037274903862965e-07
7557.0,1.6566596389626498,0.0001786681729529572,5.037274362074129e-07
7558.0,1.6565669488919494,0.00017868671096708648,5.037273824726185e-07
7559.0,1.6564742639341232,0.0001787052479586411,5.037273291819133e-07
7560.0,1.6563815840889557,0.0001787237839274915,5.037264139140518e-07
7561.0,1.656288909285353,0.00017874231888808772,5.03725792189158e-07
7562.0,1.6561962394518812,0.00017876085285480154,5.03725889444695e-07
7563.0,1.6561035745888617,0.0001787793858273701,5.037257126971895e-07
7564.0,1.656010914697866,0.00017879791780556507,5.037256918249966e-07
7565.0,1.6559182597797728,0.0001788164487891732,5.037256394224698e-07
7566.0,1.6558256098355912,0.0001788349787779906,5.037255448314681e-07
7567.0,1.6557329648663468,0.00017885350777181985,5.037254466877528e-07
7568.0,1.655640324873013,0.00017887203577046876,5.037253574258216e-07
7569.0,1.6555476898565247,0.00017889056277374936,5.037252721606933e-07
7570.0,1.6554550598178082,0.0001789090887814772,5.037251944450816e-07
7571.0,1.6553624347577678,0.00017892761379347091,5.037251229467188e-07
7572.0,1.655269814677289,0.0001789461378095517,5.037250478956423e-07
7573.0,1.65517719957726,0.00017896466082954307,5.037249759531903e-07
7574.0,1.655084589458552,0.00017898318285327068,5.037249057870952e-07
7575.0,1.6549919843220258,0.00017900170388056207,5.037248365091784e-07
7576.0,1.6548993841685324,0.0001790202239112466,5.037247658989941e-07
7577.0,1.654806788998921,0.00017903874294515517,5.037246975092557e-07
7578.0,1.6547141988140264,0.00017905726098212037,5.037246286754282e-07
7579.0,1.6546216136146803,0.0001790757780219761,5.037245611738683e-07
7580.0,1.6545290334017047,0.00017909429406455773,5.037244936723084e-07
7581.0,1.654436458175917,0.00017911280910970183,5.037244266148377e-07
7582.0,1.6543438879381296,0.00017913132315724626,5.037243613337239e-07
7583.0,1.6542513226891453,0.00017914983620702997,5.037242956085208e-07
7584.0,1.6541587624297653,0.00017916834825889303,5.037242312155854e-07
7585.0,1.6540662071607841,0.00017918685931267656,5.037241677108284e-07
7586.0,1.65397365688299,0.00017920536936822268,5.037241037619822e-07
7587.0,1.6538811115971654,0.0001792238784253745,5.037240384808683e-07
7588.0,1.653788571304096,0.000179242386483976,5.037239767524682e-07
7589.0,1.6536960360045498,0.00017926089354387216,5.037239110272651e-07
7590.0,1.6536035056993041,0.00017927939960490872,5.037238484106865e-07
7591.0,1.653510980389124,0.00017929790466693235,5.037237862381971e-07
7592.0,1.653418460074771,0.00017931640872979047,5.037237240657078e-07
7593.0,1.653325944757004,0.00017933491179333136,5.037236614491292e-07
7594.0,1.6532334344365778,0.000179353413857404,5.037235983884614e-07
7595.0,1.6531409291142454,0.0001793719149218582,5.037235371041504e-07
7596.0,1.6530484287907525,0.0001793904149865444,5.03723474931661e-07
7597.0,1.6529559334668447,0.00017940891405131382,5.037234145355285e-07
7598.0,1.6528634431432607,0.0001794274121160183,5.037233528071283e-07
7599.0,1.652770957820739,0.00017944590918051042,5.037232919669066e-07
7600.0,1.6526784775000134,0.00017946440524464337,5.037232306825956e-07
7601.0,1.652586002181815,0.000179482900308271,5.037231707305523e-07
7602.0,1.652493531866872,0.0001795013943712478,5.037231116666874e-07
7603.0,1.6524010665559064,0.00017951988743342885,5.037230512705548e-07
7604.0,1.6523086062496424,0.00017953837949466982,5.037229922066899e-07
7605.0,1.6522161509487971,0.000179556870554827,5.037229326987358e-07
7606.0,1.6521237006540863,0.0001795753606137572,5.037228727466925e-07
7607.0,1.652031255366223,0.0001795938496713179,5.037228132387384e-07
7608.0,1.6519388150859202,0.00017961233772736702,5.037227559512303e-07
7609.0,1.6518463798138812,0.00017963082478176306,5.037226968873654e-07
7610.0,1.6517539495508125,0.0001796493108343651,5.037226382675897e-07
7611.0,1.6516615242974169,0.00017966779588503268,5.037225809800816e-07
7612.0,1.6515691040543916,0.0001796862799336259,5.037225219162167e-07
7613.0,1.6514766888224361,0.00017970476298000533,5.03722463296441e-07
7614.0,1.6513842786022435,0.00017972324502403206,5.037224042325761e-07
7615.0,1.6512918733945088,0.00017974172606556767,5.037223478332464e-07
7616.0,1.6511994731999202,0.0001797602061044742,5.03722291878006e-07
7617.0,1.6511070780191612,0.0001797786851406142,5.037222328141411e-07
7618.0,1.6510146878529233,0.00017979716317385067,5.037221773029898e-07
7619.0,1.6509223027018853,0.00017981564020404703,5.037221209036602e-07
7620.0,1.6508299225677017,0.0001798341162310701,5.037230526028225e-07
7621.0,1.650737547740196,0.00017985259119648655,5.037226293858055e-07
7622.0,1.650645178511784,0.0001798710650422068,5.037228185678089e-07
7623.0,1.6505528148795179,0.00017988953776868597,5.037229482418581e-07
7624.0,1.6504604568418524,0.00017990800937624154,5.037230605964282e-07
7625.0,1.650368104397481,0.00017992647986513465,5.037231547433407e-07
7626.0,1.6502757575452789,0.00017994494923559168,5.03723237788023e-07
7627.0,1.6501834162842375,0.000179963417487815,5.037233128390994e-07
7628.0,1.6500910806134386,0.00017998188462198868,5.037233825611054e-07
7629.0,1.6499987505320348,0.00018000035063828255,5.037234482863084e-07
7630.0,1.6499064260392355,0.00018001881553685446,5.03723508682441e-07
7631.0,1.649814107134302,0.00018003727931785246,5.037235646376814e-07
7632.0,1.6497217938165345,0.00018005574198141623,5.037236161520298e-07
7633.0,1.6496294860852745,0.00018007420352767828,5.037236663341105e-07
7634.0,1.64953718393989,0.0001800926639567648,5.037237147398343e-07
7635.0,1.649444887379779,0.00018011112326879634,5.037237613692014e-07
7636.0,1.6493525964043658,0.00018012958146388836,5.037238079985684e-07
7637.0,1.6492603110130906,0.0001801480385421517,5.037238497429541e-07
7638.0,1.6491680312054238,0.0001801664945036932,5.037238905991615e-07
7639.0,1.6490757569808479,0.0001801849493486159,5.037239279026551e-07
7640.0,1.6489834883388683,0.0001802034030770195,5.037239665384163e-07
7641.0,1.6488912252789993,0.00018022185568900053,5.037240025096423e-07
7642.0,1.6487989678007764,0.00018024030718465255,5.03724039813136e-07
7643.0,1.6487067159037407,0.00018025875756406647,5.037240735639159e-07
7644.0,1.6486144695874565,0.00018027720682733063,5.037241099792311e-07
7645.0,1.6485222288514894,0.000180295654974531,5.037241450622787e-07
7646.0,1.648429993695418,0.00018031410200575136,5.037241757044342e-07
7647.0,1.6483377641188375,0.00018033254792107337,5.03724205014322e-07
7648.0,1.6482455401213507,0.0001803509927205768,5.037242352123883e-07
7649.0,1.6481533217025637,0.00018036943640433955,5.037242618577409e-07
7650.0,1.6480611088621018,0.00018038787897243784,5.037242916117179e-07
7651.0,1.6479689015995869,0.00018040632042494619,5.037243182570705e-07
7652.0,1.6478766999146577,0.0001804247607619376,5.037243462346908e-07
7653.0,1.6477845038069558,0.0001804431999834836,5.037243746564002e-07
7654.0,1.6476923132761299,0.00018046163808965425,5.03724401745842e-07
7655.0,1.647600128321836,0.00018048007508051833,5.037244283911946e-07
7656.0,1.647507948943738,0.0001804985109561433,5.037244550365472e-07
7657.0,1.6474157751415046,0.00018051694571659537,5.03724482125989e-07
7658.0,1.6473236069148092,0.00018053537936193963,5.037245078831631e-07
7659.0,1.6472314442633316,0.00018055381189224,5.037245323080697e-07
7660.0,1.6471392871867596,0.00018057224330755937,5.037245571770654e-07
7661.0,1.6470471356847822,0.0001805906736079596,5.037245807137936e-07
7662.0,1.6469549897570956,0.0001806091027935015,5.037246038064325e-07
7663.0,1.6468628494034023,0.000180627530864245,5.037246277872498e-07
7664.0,1.646770714623405,0.0001806459578202491,5.037246508798887e-07
7665.0,1.6466785854168147,0.0001806643836615719,5.03724674860706e-07
7666.0,1.646586461783344,0.00018068280838827065,5.03724697953345e-07
7667.0,1.6464943437227109,0.0001807012320004018,5.037247201578055e-07
7668.0,1.6464022312346367,0.000180719654498021,5.037247423622659e-07
7669.0,1.646310124318848,0.00018073807588118312,5.037247641226372e-07
7670.0,1.6462180229750742,0.00018075649614994233,5.037247863270977e-07
7671.0,1.646125927203046,0.00018077491530435206,5.037248067552014e-07
7672.0,1.6460338370025032,0.00018079333334446504,5.037248289596619e-07
7673.0,1.645941752373184,0.0001808117502703334,5.037248516082116e-07
7674.0,1.6458496733148282,0.0001808301660820085,5.037248711481368e-07
7675.0,1.6457575998271863,0.0001808485807795412,5.037248929085081e-07
7676.0,1.6456655319100053,0.0001808669943629817,5.037249142247902e-07
7677.0,1.645573469563036,0.0001808854068323796,5.037249346528938e-07
7678.0,1.6454814127860353,0.0001809038181877839,5.037249555250867e-07
7679.0,1.6453893615787591,0.00018092222842924313,5.037249755091011e-07
7680.0,1.6452973159408442,0.00018094063755680483,5.037248689276907e-07
7681.0,1.6452052756463431,0.00018095904561570104,5.037248489436763e-07
7682.0,1.645113240469065,0.0001809774526511707,5.037249191097715e-07
7683.0,1.6450212104082793,0.00018099585866334763,5.037250181416653e-07
7684.0,1.6449291854628136,0.00018101426365246334,5.037251309403246e-07
7685.0,1.6448371656313168,0.00018103266761878753,5.037252548412141e-07
7686.0,1.6447451509123208,0.00018105107056261215,5.037253818507281e-07
7687.0,1.644653141304296,0.00018106947248424388,5.037255159656695e-07
7688.0,1.6445611368056516,0.00018108787338399996,5.037256518569677e-07
7689.0,1.6444691374147615,0.00018110627326220548,5.037257895246228e-07
7690.0,1.6443771431299727,0.00018112467211919148,5.037259307449915e-07
7691.0,1.6442851539496037,0.00018114306995529377,5.037260732976279e-07
7692.0,1.6441931698719559,0.00018116146677085192,5.037262158502642e-07
7693.0,1.6441011908953171,0.00018117986256620852,5.037263601792574e-07
7694.0,1.6440092170179614,0.0001811982573417087,5.03726505396429e-07
7695.0,1.6439172482381532,0.00018121665109769949,5.037266510576899e-07
7696.0,1.643825284554149,0.0001812350438345297,5.037267980512183e-07
7697.0,1.6437333259641957,0.0001812534355525494,5.0372694326839e-07
7698.0,1.6436413724665413,0.00018127182625210986,5.037270911500968e-07
7699.0,1.643549424059422,0.00018129021593356318,5.037272385877145e-07
7700.0,1.6434574807410736,0.00018130860459726226,5.03727385581243e-07
7701.0,1.6433655425097309,0.00018132699224356058,5.037275343511283e-07
7702.0,1.6432736093636224,0.00018134537887281202,5.037276831210136e-07
7703.0,1.6431816813009763,0.00018136376448537087,5.037278314468097e-07
7704.0,1.6430897583200206,0.00018138214908159164,5.037279793285165e-07
7705.0,1.642997840418981,0.00018140053266182902,5.03728126322045e-07
7706.0,1.6429059275960862,0.0001814189152264378,5.037282755360195e-07
7707.0,1.642814019849559,0.0001814372967757728,5.037284238618156e-07
7708.0,1.6427221171776265,0.00018145567731018885,5.037285712994333e-07
7709.0,1.6426302195785163,0.0001814740568300407,5.037287205134078e-07
7710.0,1.6425383270504526,0.00018149243533568295,5.037288679510254e-07
7711.0,1.6424464395916647,0.0001815108128274701,5.037290158327323e-07
7712.0,1.6423545572003815,0.00018152918930575642,5.037291641585284e-07
7713.0,1.6422626798748312,0.00018154756477089599,5.037293115961461e-07
7714.0,1.6421708076132455,0.00018156593922324262,5.03729459477853e-07
7715.0,1.6420789404138574,0.0001815843126631499,5.037296073595599e-07
7716.0,1.6419870782748982,0.00018160268509097107,5.037297543530883e-07
7717.0,1.6418952211946047,0.00018162105650705912,5.037299009025276e-07
7718.0,1.6418033691712146,0.00018163942691176667,5.037300483401452e-07
7719.0,1.6417115222029655,0.000181657796305446,5.037301962218521e-07
7720.0,1.6416196802880971,0.00018167616468844908,5.037303432153806e-07
7721.0,1.641527843424852,0.0001816945320611274,5.037304897648198e-07
7722.0,1.6414360116114741,0.00018171289842383218,5.037306354260807e-07
7723.0,1.6413441848462105,0.00018173126377691418,5.037307819755199e-07
7724.0,1.6412523631273082,0.0001817496281207238,5.037309276367807e-07
7725.0,1.641160546453019,0.00018176799145561097,5.0373107418622e-07
7726.0,1.641068734821593,0.00018178635378192525,5.037312198474808e-07
7727.0,1.6409769282312852,0.00018180471510001578,5.037313646205632e-07
7728.0,1.640885126680353,0.00018182307541023124,5.037315098377348e-07
7729.0,1.6407933301670556,0.00018184143471291987,5.037316554989957e-07
7730.0,1.640701538689652,0.00018185979300842952,5.037318002720781e-07
7731.0,1.6406097522464056,0.00018187815029710753,5.037319437128929e-07
7732.0,1.6405179708355846,0.00018189650657930085,5.037320893741537e-07
7733.0,1.640426194455452,0.00018191486185535592,5.037322319267901e-07
7734.0,1.6403344231042833,0.00018193321612561877,5.037323775880509e-07
7735.0,1.640242656780345,0.00018195156939043494,5.037325201406873e-07
7736.0,1.6401508954819155,0.00018196992165014954,5.037326640255912e-07
7737.0,1.6400591392072712,0.0001819882729051072,5.037328079104952e-07
7738.0,1.6399673879546899,0.0001820066231556521,5.037329509072208e-07
7739.0,1.6398756417224536,0.00018202497240212793,5.037330939039464e-07
7740.0,1.639783900508828,0.00018204332064487781,5.037332173607467e-07
7741.0,1.6396921641933506,0.0001820616679079105,5.037329038337646e-07
7742.0,1.6396004326589826,0.00018208001421473515,5.037326586965207e-07
7743.0,1.6395087059087265,0.00018209835956474086,5.037324313228453e-07
7744.0,1.6394169839453132,0.00018211670395738052,5.037322163836677e-07
7745.0,1.6393252667713258,0.00018213504739213656,5.037320094380959e-07
7746.0,1.6392335543892536,0.00018215338986851107,5.037318095979515e-07
7747.0,1.639141846801509,0.0001821717313860208,5.0373161375461e-07
7748.0,1.6390501440104472,0.00018219007194419435,5.037314196876252e-07
7749.0,1.6389584460183817,0.00018220841154257007,5.037312327260679e-07
7750.0,1.638866752827572,0.00018222675018069476,5.037310462085998e-07
7751.0,1.6387750644402508,0.00018224508785812257,5.037308641320237e-07
7752.0,1.6386833808586112,0.0001822634245744142,5.037306829436261e-07
7753.0,1.6385917020848235,0.00018228176032913633,5.037305057520314e-07
7754.0,1.6385000281210245,0.000182300095121861,5.037303298927043e-07
7755.0,1.6384083589693288,0.00018231842895216518,5.037301553656448e-07
7756.0,1.6383166946318302,0.0001823367618196305,5.037299835031206e-07
7757.0,1.6382250351105978,0.00018235509372384283,5.037298125287748e-07
7758.0,1.6381333804076834,0.00018237342466439203,5.037296442189643e-07
7759.0,1.6380417305251174,0.00018239175464087175,5.037294767973322e-07
7760.0,1.6379500854649147,0.00018241008365287918,5.037293111520569e-07
7761.0,1.6378584452290719,0.00018242841170001487,5.037291468390492e-07
7762.0,1.6377668098195701,0.00018244673878188257,5.0372898341422e-07
7763.0,1.6376751792383746,0.00018246506489808908,5.0372882043348e-07
7764.0,1.6375835534874388,0.0001824833900482441,5.037286601172752e-07
7765.0,1.6374919325686972,0.00018250171423196012,5.037284984688029e-07
7766.0,1.6374003164840798,0.00018252003744885227,5.037283417053118e-07
7767.0,1.6373087052354915,0.00018253835969853825,5.037281831654639e-07
7768.0,1.6372170988248347,0.00018255668098063826,5.037280264019728e-07
7769.0,1.6371254972539944,0.0001825750012947748,5.037278687503033e-07
7770.0,1.63703390052485,0.0001825933206405728,5.037277146513475e-07
7771.0,1.6369423086392643,0.0001826116390176592,5.037275609964809e-07
7772.0,1.6368507215990902,0.00018262995642566332,5.037274073416143e-07
7773.0,1.636759139406172,0.00018264827286421637,5.037272545749261e-07
7774.0,1.636667562062342,0.00018266658833295167,5.037271009200595e-07
7775.0,1.6365759895694285,0.00018268490283150448,5.037269512619957e-07
7776.0,1.6364844219292405,0.00018270321635951192,5.037268007157536e-07
7777.0,1.6363928591435846,0.000182721528916613,5.037266501695115e-07
7778.0,1.6363013012142595,0.00018273984050244855,5.037265027318938e-07
7779.0,1.636209748143047,0.00018275815111666106,5.037263530738301e-07
7780.0,1.6361181999317311,0.0001827764607588948,5.037262056362124e-07
7781.0,1.6360266565820802,0.0001827947694287957,5.037260595308624e-07
7782.0,1.6359351180958561,0.0001828130771260113,5.037259129814231e-07
7783.0,1.6358435844748114,0.0001828313838501907,5.037257655438054e-07
7784.0,1.6357520557206984,0.0001828496896009846,5.037256216589014e-07
7785.0,1.63566053183525,0.00018286799437804515,5.037254764417298e-07
7786.0,1.6355690128202023,0.00018288629818102606,5.03725333000915e-07
7787.0,1.6354774986772764,0.00018290460100958244,5.03725189116011e-07
7788.0,1.6353859894081937,0.0001829229028633708,5.037250483397315e-07
7789.0,1.6352944850146587,0.00018294120374204913,5.037249048989167e-07
7790.0,1.63520298549838,0.00018295950364527667,5.037247641226372e-07
7791.0,1.6351114908610525,0.00018297780257271406,5.037246233463577e-07
7792.0,1.6350200011043643,0.00018299610052402326,5.037244812378106e-07
7793.0,1.6349285162300047,0.00018301439749886751,5.037243426819771e-07
7794.0,1.634837036239646,0.00018303269349691128,5.037242032379652e-07
7795.0,1.6347455611349624,0.00018305098851782028,5.037240642380425e-07
7796.0,1.6346540909176188,0.00018306928256126148,5.037239270144767e-07
7797.0,1.634562625589272,0.000183087575626903,5.037237875704648e-07
7798.0,1.634471165151579,0.0001831058677144142,5.037236507909881e-07
7799.0,1.6343797096061865,0.00018312415882346553,5.037235148996899e-07
7800.0,1.6342882589547332,0.0001831424489537286,5.037233767879457e-07
7801.0,1.634196813390471,0.00018316073806668646,5.037239039218377e-07
7802.0,1.634105373101763,0.0001831790261245064,5.037242956085208e-07
7803.0,1.634013938083867,0.00018319731312815756,5.037246553207808e-07
7804.0,1.6339225083324485,0.00018321559907850984,5.037249981576508e-07
7805.0,1.6338310838433867,0.00018323388397638814,5.037253281159337e-07
7806.0,1.6337396646127094,0.000183252167822588,5.037256500806109e-07
7807.0,1.6336482506365488,0.00018327045061788318,5.037259653839499e-07
7808.0,1.6335568419111222,0.0001832887323630303,5.037262744700399e-07
7809.0,1.6334654384327179,0.0001833070130587719,5.037265777829703e-07
7810.0,1.6333740401976837,0.00018332529270583846,5.037268766550085e-07
7811.0,1.6332826472024216,0.00018334357130495005,5.037271724184222e-07
7812.0,1.633191259443377,0.00018336184885681757,5.037274655173007e-07
7813.0,1.6330998769170364,0.00018338012536214362,5.037277550634656e-07
7814.0,1.6330084996199232,0.0001833984008216234,5.037280410569167e-07
7815.0,1.6329171275485976,0.00018341667523594528,5.037283243858326e-07
7816.0,1.6328257606996484,0.0001834349486057913,5.037286054943024e-07
7817.0,1.6327343990696959,0.0001834532209318378,5.037288857145938e-07
7818.0,1.632643042655383,0.0001834714922147556,5.037291614939932e-07
7819.0,1.6325516914533835,0.0001834897624552105,5.037294363852141e-07
7820.0,1.6324603454603939,0.00018350803165386348,5.037297117205242e-07
7821.0,1.632369004673126,0.00018352629981137114,5.037299826149422e-07
7822.0,1.6322776690883223,0.00018354456692838572,5.037302517330033e-07
7823.0,1.6321863387027427,0.00018356283300555547,5.037305208510645e-07
7824.0,1.6320950135131607,0.00018358109804352479,5.037307850841444e-07
7825.0,1.6320036935163784,0.00018359936204293434,5.037310506494919e-07
7826.0,1.6319123787092074,0.00018361762500442133,5.037313144384825e-07
7827.0,1.631821069088478,0.00018363588692861958,5.037315764511163e-07
7828.0,1.6317297646510374,0.00018365414781615965,5.037318362433041e-07
7829.0,1.6316384653937508,0.00018367240766766903,5.037320964795811e-07
7830.0,1.6315471713134946,0.00018369066648377217,5.037323558276796e-07
7831.0,1.631455882407159,0.00018370892426509066,5.037326129553321e-07
7832.0,1.6313645986716525,0.00018372718101224324,5.037328691948062e-07
7833.0,1.6312733201038938,0.000183745436725846,5.037331241020127e-07
7834.0,1.631182046700816,0.00018376369140651235,5.037333781210407e-07
7835.0,1.6310907784593671,0.00018378194505485316,5.037336334723364e-07
7836.0,1.6309995153765005,0.0001838001976714769,5.037338852709183e-07
7837.0,1.6309082574491884,0.00018381844925698953,5.037341366254111e-07
7838.0,1.6308170046744124,0.00018383669981199475,5.037343866476363e-07
7839.0,1.6307257570491656,0.00018385494933709397,5.03734635781683e-07
7840.0,1.6306345145704537,0.0001838731978328864,5.037348862479973e-07
7841.0,1.630543277235289,0.00018389144529996904,5.037351349379549e-07
7842.0,1.6304520450406963,0.0001839096917389368,5.037353809633771e-07
7843.0,1.6303608179837143,0.0001839279371503826,5.037356278769778e-07
7844.0,1.6302695960613864,0.00018394618153489724,5.037358730142216e-07
7845.0,1.6301783792707685,0.00018396442489306965,5.03736117263287e-07
7846.0,1.6300871676089268,0.00018398266722548676,5.037363610682632e-07
7847.0,1.6299959610729355,0.0001840009085327337,5.037366044291502e-07
7848.0,1.6299047596598792,0.00018401914881539366,5.037368482341265e-07
7849.0,1.629813563366847,0.00018403738807404812,5.037370880422998e-07
7850.0,1.6297223721909457,0.0001840556263092767,5.037373296268299e-07
7851.0,1.6296311861292836,0.0001840738635216574,5.037375712113601e-07
7852.0,1.6295400051789788,0.0001840920997117664,5.037378114636226e-07
7853.0,1.629448829337157,0.00018411033488017822,5.037380486072607e-07
7854.0,1.6293576586009566,0.00018412856902746584,5.03738286194988e-07
7855.0,1.6292664929675207,0.0001841468021542005,5.037385237827152e-07
7856.0,1.6291753324340004,0.00018416503426095195,5.037387604822641e-07
7857.0,1.6290841769975546,0.00018418326534828835,5.037389967377237e-07
7858.0,1.6289930266553516,0.0001842014954167763,5.037392338813618e-07
7859.0,1.6289018814045624,0.00018421972446698093,5.037394674722862e-07
7860.0,1.6288107412423685,0.0001842379524994658,5.037396979545861e-07
7861.0,1.6287196061136677,0.00018425617952516157,5.037394763540703e-07
7862.0,1.6286284759668892,0.00018427440555448055,5.037392925011375e-07
7863.0,1.6285373508042569,0.0001842926305869726,5.03739120194524e-07
7864.0,1.628446230627844,0.00018431085462222203,5.03738954993338e-07
7865.0,1.6283551154396392,0.00018432907765983074,5.037387933448656e-07
7866.0,1.6282640052415718,0.00018434729969941295,5.037386370254637e-07
7867.0,1.628172900035521,0.00018436552074059255,5.037384842587755e-07
7868.0,1.628081799823327,0.00018438374078300128,5.037383341566226e-07
7869.0,1.627990704606797,0.0001844019598262777,5.037381858308265e-07
7870.0,1.627899614387708,0.00018442017787006628,5.037380401695657e-07
7871.0,1.6278085291678126,0.00018443839491401667,5.037378962846617e-07
7872.0,1.6277174489488375,0.0001844566109577833,5.037377546202038e-07
7873.0,1.627626373732489,0.0001844748260010249,5.037376138439242e-07
7874.0,1.6275353035204538,0.00018449304004340418,5.037374752880908e-07
7875.0,1.6274442383143997,0.00018451125308458746,5.037373376204357e-07
7876.0,1.6273531781159778,0.00018452946512424455,5.037372008409591e-07
7877.0,1.6272621229268236,0.0001845476761620484,5.037370662819285e-07
7878.0,1.6271710727485575,0.00018456588619767504,5.037369334992547e-07
7879.0,1.6270800275827828,0.00018458409523080323,5.037367993843134e-07
7880.0,1.6269889874310959,0.00018460230326111448,5.037366688220857e-07
7881.0,1.6268979522950746,0.00018462051028829288,5.037365395921256e-07
7882.0,1.6268069221762849,0.0001846387163120249,5.037364099180763e-07
7883.0,1.6267158970762843,0.00018465692133199936,5.037362815762947e-07
7884.0,1.6266248769966167,0.00018467512534790727,5.037361536786022e-07
7885.0,1.6265338619388168,0.00018469332835944184,5.037360266690882e-07
7886.0,1.6264428519044087,0.00018471153036629824,5.037359005477526e-07
7887.0,1.6263518468949063,0.0001847297313681737,5.037357753145955e-07
7888.0,1.626260846911816,0.00018474793136476726,5.037356527459735e-07
7889.0,1.6261698519566286,0.00018476613035577985,5.037355284009948e-07
7890.0,1.6260788620308346,0.00018478432834091415,5.037354058323729e-07
7891.0,1.62598787713591,0.00018480252531987454,5.037352832637509e-07
7892.0,1.6258968972733256,0.00018482072129236707,5.037351615833074e-07
7893.0,1.6258059224445431,0.00018483891625809942,5.037350407910424e-07
7894.0,1.6257149526510157,0.0001848571102167808,5.037349199987773e-07
7895.0,1.62562398789419,0.00018487530316812194,5.037348000946906e-07
7896.0,1.625533028175505,0.00018489349511183504,5.037346806346932e-07
7897.0,1.6254420734963944,0.00018491168604763375,5.03734563839231e-07
7898.0,1.625351123858278,0.0001849298759752331,5.037344439351443e-07
7899.0,1.6252601792625785,0.00018494806489434952,5.037343266955929e-07
7900.0,1.6251692397107063,0.0001849662528047007,5.037342103442199e-07
7901.0,1.625078305204064,0.0001849844397060057,5.037340931046685e-07
7902.0,1.6249873757440523,0.0001850026255979848,5.037339767532956e-07
7903.0,1.6248964513320625,0.00018502081048035952,5.037338604019226e-07
7904.0,1.6248055319694832,0.0001850389943528526,5.037337467150849e-07
7905.0,1.6247146176576908,0.00018505717721518797,5.037336312518903e-07
7906.0,1.6246237083980641,0.0001850753590670907,5.037335180091418e-07
7907.0,1.6245328041919687,0.00018509353990828697,5.037334038782149e-07
7908.0,1.6244419050407684,0.00018511171973850413,5.037332897472879e-07
7909.0,1.6243510109458241,0.00018512989855747059,5.037331773927178e-07
7910.0,1.6242601219084851,0.0001851480763649158,5.037330645940585e-07
7911.0,1.6241692379301007,0.00018516625316057032,5.037329526835777e-07
7912.0,1.6240783590120138,0.00018518442894416566,5.037328425494536e-07
7913.0,1.6239874851555587,0.0001852026037154344,5.037327310830619e-07
7914.0,1.6238966163620694,0.00018522077747411007,5.037326205048487e-07
7915.0,1.6238057526328733,0.0001852389502199272,5.037325099266354e-07
7916.0,1.623714893969293,0.00018525712195262124,5.037323997925114e-07
7917.0,1.6236240403726467,0.00018527529267192865,5.037322905465658e-07
7918.0,1.6235331918442468,0.00018529346237758674,5.037321808565309e-07
7919.0,1.6234423483854024,0.0001853116310693338,5.037320720546745e-07
7920.0,1.6233515099973976,0.00018532979874690887,5.037319423806252e-07
7921.0,1.6232606766549653,0.00018534796541537775,5.037318548950509e-07
7922.0,1.623169848332633,0.00018536613107982753,5.037317714062794e-07
7923.0,1.6230790250314433,0.00018538429574004899,5.037316888056864e-07
7924.0,1.6229882067523844,0.00018540245939584484,5.037316093137179e-07
7925.0,1.6228973934964135,0.00018542062204702283,5.037315280453925e-07
7926.0,1.6228065852644815,0.00018543878369339385,5.037314512179591e-07
7927.0,1.6227157820575189,0.00018545694433477115,5.037313752787043e-07
7928.0,1.6226249838764493,0.00018547510397096977,5.037312988953602e-07
7929.0,1.6225341907221902,0.00018549326260180625,5.037312220679269e-07
7930.0,1.6224434025956538,0.00018551142022709847,5.037311465727612e-07
7931.0,1.6223526194977445,0.0001855295768466655,5.037310724098631e-07
7932.0,1.622261841429361,0.00018554773246032743,5.037309986910543e-07
7933.0,1.6221710683913961,0.00018556588706790538,5.037309236399778e-07
7934.0,1.6220803003847442,0.0001855840406692213,5.037308512534366e-07
7935.0,1.6219895374102866,0.00018560219326409802,5.037307775346278e-07
7936.0,1.6218987794689084,0.00018562034485235915,5.037307047039974e-07
7937.0,1.6218080265614858,0.00018563849543382907,5.03730631873367e-07
7938.0,1.621717278688895,0.00018565664500833288,5.03730559930915e-07
7939.0,1.6216265358520052,0.00018567479357569638,5.037304875443738e-07
7940.0,1.6215357980516854,0.00018569294113574605,5.03730416046011e-07
7941.0,1.621445065288798,0.000185711087688309,5.037303436594698e-07
7942.0,1.6213543375642057,0.00018572923323321303,5.037302712729286e-07
7943.0,1.6212636148787685,0.00018574737777028648,5.037302015509226e-07
7944.0,1.6211728972333384,0.00018576552129935832,5.037301304966491e-07
7945.0,1.6210821846287677,0.00018578366382025811,5.037300589982863e-07
7946.0,1.6209914770659095,0.00018580180533281598,5.037299901644587e-07
7947.0,1.6209007745456048,0.0001858199458368626,5.037299182220067e-07
7948.0,1.620810077068702,0.0001858380853322292,5.037298485000008e-07
7949.0,1.6207193846360426,0.00018585622381874756,5.037297809984409e-07
7950.0,1.6206286972484605,0.00018587436129624996,5.037297108323457e-07
7951.0,1.6205380149067945,0.0001858924977645692,5.037296411103398e-07
7952.0,1.6204473376118778,0.00018591063322353861,5.037295713883339e-07
7953.0,1.6203566653645427,0.00018592876767299201,5.037295034426847e-07
7954.0,1.620265998165615,0.0001859469011127637,5.03729434164768e-07
7955.0,1.6201753360159223,0.0001859650335426885,5.037293653309405e-07
7956.0,1.620084678916289,0.00018598316496260165,5.037292978293806e-07
7957.0,1.6199940268675355,0.0001860012953723389,5.037292303278207e-07
7958.0,1.61990337987048,0.00018601942477173647,5.037291628262608e-07
7959.0,1.619812737925939,0.00018603755316063102,5.037290948806117e-07
7960.0,1.6197221010347282,0.0001860556805388597,5.037290273790518e-07
7961.0,1.6196314691976585,0.00018607380690626002,5.037289594334027e-07
7962.0,1.6195408424155417,0.00018609193226267005,5.037288928200212e-07
7963.0,1.6194502206891823,0.0001861100566079282,5.037288239861937e-07
7964.0,1.6193596040193914,0.00018612817994187334,5.037287587050798e-07
7965.0,1.6192689924069672,0.0001861463022643448,5.037286920916983e-07
7966.0,1.6191783858527127,0.0001861644235751823,5.037286245901385e-07
7967.0,1.6190877843574278,0.000186182543874226,5.037285584208462e-07
7968.0,1.6189971879219092,0.00018620066316131644,5.037284918074647e-07
7969.0,1.6189065965469531,0.0001862187814362946,5.037284265263509e-07
7970.0,1.618816010233351,0.0001862368986990018,5.037283608011478e-07
7971.0,1.6187254289818953,0.00018625501494927985,5.037282950759447e-07
7972.0,1.6186348527933747,0.00018627313018697091,5.037282297948309e-07
7973.0,1.6185442816685756,0.00018629124441191754,5.037281636255386e-07
7974.0,1.618453715608284,0.0001863093576239627,5.037280983444248e-07
7975.0,1.6183631546132844,0.00018632746982294972,5.037280335074001e-07
7976.0,1.6182725986843565,0.00018634558100872229,5.037279682262863e-07
7977.0,1.6181820478222801,0.0001863636911811245,5.037279033892617e-07
7978.0,1.6180915020278346,0.00018638180034000085,5.037278394404154e-07
7979.0,1.618000961301794,0.00018639990848519613,5.037277754915692e-07
7980.0,1.6179104256449366,0.00018641801561655562,5.037277150954367e-07
7981.0,1.6178198950974962,0.00018643612172607364,5.037278651975896e-07
7982.0,1.6177293696980657,0.00018645422680598503,5.037279913189252e-07
7983.0,1.6176388494451093,0.00018647233085660004,5.037281098907442e-07
7984.0,1.617548334337194,0.00018649043387820608,5.037282249098496e-07
7985.0,1.6174578243729385,0.0001865085358710795,5.037283368203305e-07
7986.0,1.6173673195510005,0.00018652663683548908,5.037284465103653e-07
7987.0,1.6172768198700638,0.00018654473677169787,5.037285535358649e-07
7988.0,1.6171863253288379,0.00018656283567996425,5.03728659673186e-07
7989.0,1.6170958359260517,0.0001865809335605426,5.03728765366418e-07
7990.0,1.6170053516604463,0.0001865990304136839,5.037288666187578e-07
7991.0,1.616914872530787,0.00018661712623963613,5.037289683151869e-07
7992.0,1.6168243985358475,0.00018663522103864452,5.037290704557051e-07
7993.0,1.6167339296744112,0.00018665331481095183,5.037291708198666e-07
7994.0,1.616643465945276,0.0001866714075567986,5.037292694076712e-07
7995.0,1.616553007347251,0.00018668949927642324,5.037293675513865e-07
7996.0,1.616462553879154,0.00018670758997006226,5.037294656951019e-07
7997.0,1.6163721055398101,0.0001867256796379503,5.037295620624604e-07
7998.0,1.616281662328055,0.00018674376828032034,5.037296570975514e-07
7999.0,1.6161912242427345,0.00018676185589740373,5.037297539089991e-07
8000.0,1.616100791282697,0.00018677994248943029,5.0372984894409e-07
8001.0,1.6160103634468002,0.0001867980280566284,5.037299426469133e-07
8002.0,1.6159199407339109,0.00018681611259922505,5.037300367938258e-07
8003.0,1.615829523142899,0.00018683419611744594,5.037301291643814e-07
8004.0,1.6157391106726446,0.0001868522786115155,5.037302228672047e-07
8005.0,1.6156487033220288,0.00018687036008165696,5.037303143495819e-07
8006.0,1.6155583010899437,0.00018688844052809237,5.037304062760484e-07
8007.0,1.615467903975284,0.00018690651995104267,5.037304977584256e-07
8008.0,1.61537751197695,0.00018692459835072773,5.037305892408028e-07
8009.0,1.6152871250938459,0.0001869426757273664,5.03730678502734e-07
8010.0,1.6151967433248855,0.00018696075208117646,5.037307682087544e-07
8011.0,1.6151063666689836,0.00018697882741237478,5.037308579147748e-07
8012.0,1.6150159951250598,0.00018699690172117728,5.037309467326168e-07
8013.0,1.6149256286920417,0.00018701497500779897,5.037310368827264e-07
8014.0,1.6148352673688555,0.00018703304727245396,5.037311257005683e-07
8015.0,1.6147449111544354,0.0001870511185153555,5.037312136302319e-07
8016.0,1.614654560047722,0.000187069188736716,5.037313024480738e-07
8017.0,1.6145642140476517,0.00018708725793674708,5.037313877132021e-07
8018.0,1.6144738731531783,0.00018710532611565953,5.037314765310441e-07
8019.0,1.614383537363245,0.00018712339327366337,5.037315622402616e-07
8020.0,1.6142932066768088,0.0001871414594109679,5.037316488376575e-07
8021.0,1.614202881092825,0.00018715952452778164,5.037317341027858e-07
8022.0,1.6141125606102587,0.00018717758862431245,5.037318215883602e-07
8023.0,1.614022245228069,0.00018719565170076743,5.037319068534885e-07
8024.0,1.6139319349452272,0.000187213713757353,5.037319930067952e-07
8025.0,1.6138416297607012,0.00018723177479427496,5.037320764955666e-07
8026.0,1.6137513296734687,0.00018724983481173838,5.037321613166057e-07
8027.0,1.6136610346825073,0.00018726789380994773,5.03732246581734e-07
8028.0,1.6135707447867964,0.00018728595178910685,5.037323309586839e-07
8029.0,1.6134804599853203,0.00018730400874941892,5.037324153356337e-07
8030.0,1.6133901802770658,0.00018732206469108657,5.037324992684944e-07
8031.0,1.6132999056610229,0.0001873401196143118,5.037325823131766e-07
8032.0,1.6132096361361858,0.000187358173519296,5.037326666901265e-07
8033.0,1.6131193717015493,0.00018737622640624006,5.03732750178898e-07
8034.0,1.6130291123561118,0.00018739427827534424,5.037328336676694e-07
8035.0,1.6129388580988742,0.0001874123291268083,5.037329162682624e-07
8036.0,1.6128486089288407,0.00018743037896083142,5.037329984247663e-07
8037.0,1.6127583648450192,0.00018744842777761227,5.037330810253593e-07
8038.0,1.612668125846419,0.00018746647557734894,5.037331640700415e-07
8039.0,1.6125778919320508,0.0001874845223602391,5.037332466706346e-07
8040.0,1.6124876631010088,0.00018750256812648017,5.037334100954638e-07
8041.0,1.6123974396180853,0.00018752061282307033,5.037334376289948e-07
8042.0,1.6123072217487966,0.00018753865639691957,5.037333949964307e-07
8043.0,1.6122170094934973,0.00018755669884796373,5.037333163926405e-07
8044.0,1.6121268028530988,0.0001875747401760247,5.037332226898172e-07
8045.0,1.612036601828719,0.00018759278038087994,5.037331196611206e-07
8046.0,1.6119464064216016,0.0001876108194622811,5.037330077506397e-07
8047.0,1.611856216633077,0.00018762885741996252,5.037328900669991e-07
8048.0,1.611766032464539,0.00018764689425364628,5.037327710510908e-07
8049.0,1.6116758539174205,0.0001876649299630453,5.037326475942905e-07
8050.0,1.6115856809931954,0.00018768296454786532,5.037325228052225e-07
8051.0,1.6114955136933617,0.00018770099800780645,5.037323944634409e-07
8052.0,1.6114053520194438,0.0001877190303425643,5.037322661216592e-07
8053.0,1.6113151959729823,0.0001877370615518307,5.037321364476099e-07
8054.0,1.6112250455555315,0.00018775509163529447,5.037320041090254e-07
8055.0,1.6111349007686635,0.00018777312059264182,5.037318731027085e-07
8056.0,1.6110447616139552,0.00018779114842355687,5.037317403200348e-07
8057.0,1.6109546280929972,0.0001878091751277219,5.037316070932718e-07
8058.0,1.6108645002073843,0.00018782720070481773,5.037314734224196e-07
8059.0,1.6107743779587185,0.0001878452251545238,5.037313379752106e-07
8060.0,1.61068426134861,0.00018786324847651855,5.0373120341618e-07
8061.0,1.6105941503786698,0.00018788127067047948,5.03731067968971e-07
8062.0,1.6105040450505166,0.0001878992917360833,5.037309338540297e-07
8063.0,1.6104139453657669,0.0001879173116730061,5.037307979627315e-07
8064.0,1.6103238513260443,0.00018793533048092344,5.037306620714332e-07
8065.0,1.610233762932973,0.00018795334815951045,5.037305257360458e-07
8066.0,1.6101436801881812,0.00018797136470844188,5.037303911770152e-07
8067.0,1.6100536030932928,0.00018798938012739222,5.037302543975386e-07
8068.0,1.6099635316499379,0.0001880073944160357,5.037301171739728e-07
8069.0,1.6098734658597489,0.00018802540757404648,5.037299817267638e-07
8070.0,1.609783405724352,0.00018804341960109854,5.037298453913763e-07
8071.0,1.6096933512453795,0.00018806143049686583,5.037297090559889e-07
8072.0,1.6096033024244623,0.00018807944026102229,5.037295740528691e-07
8073.0,1.6095132592632264,0.00018809744889324188,5.037294363852141e-07
8074.0,1.609423221763307,0.0001881154563931986,5.037293004939158e-07
8075.0,1.6093331899263312,0.00018813346276056657,5.037291646026176e-07
8076.0,1.6092431637539295,0.00018815146799501994,5.037290295994978e-07
8077.0,1.6091531432477277,0.0001881694720962331,5.037288937081996e-07
8078.0,1.6090631284093566,0.00018818747506388055,5.037287600373475e-07
8079.0,1.608973119240438,0.00018820547689763696,5.037286232578708e-07
8080.0,1.6088831157426013,0.00018822347759717722,5.037284878106618e-07
8081.0,1.6087931179174704,0.00018824147716217643,5.037283532516312e-07
8082.0,1.608703125766668,0.0001882594755923099,5.037282178044222e-07
8083.0,1.6086131392918168,0.0001882774728872532,5.037280832453916e-07
8084.0,1.608523158494537,0.00018829546904668216,5.037279482422719e-07
8085.0,1.6084331833764496,0.00018831346407027292,5.037278145714197e-07
8086.0,1.6083432139391682,0.0001883314579577018,5.03727677791943e-07
8087.0,1.608253250184315,0.00018834945070864554,5.037275432329125e-07
8088.0,1.6081632921135032,0.00018836744232278107,5.037274091179711e-07
8089.0,1.6080733397283462,0.00018838543279978568,5.037272754471189e-07
8090.0,1.6079833930304563,0.000188403422139337,5.037271417762668e-07
8091.0,1.6078934520214414,0.00018842141034111287,5.037270063290578e-07
8092.0,1.6078035167029148,0.00018843939740479163,5.03726873546384e-07
8093.0,1.6077135870764787,0.0001884573833300518,5.03726738099175e-07
8094.0,1.607623663143744,0.00018847536811657234,5.037266062046797e-07
8095.0,1.60753374490631,0.00018849335176403248,5.037264729779167e-07
8096.0,1.6074438323657794,0.00018851133427211187,5.037263393070646e-07
8097.0,1.6073539255237528,0.00018852931564049047,5.037262056362124e-07
8098.0,1.6072640243818295,0.0001885472958688486,5.037260728535387e-07
8099.0,1.6071741289416048,0.00018856527495686698,5.037259405149541e-07
8100.0,1.6070842392042526,0.00018858325290422635,5.037253849593526e-07
8101.0,1.6069943547464816,0.00018860122979576832,5.037253236750416e-07
8102.0,1.6069044751426609,0.00018861920571655995,5.037254613426967e-07
8103.0,1.6068146003913122,0.00018863718066686782,5.037256518569677e-07
8104.0,1.6067247304901766,0.00018865515464713825,5.037258685725021e-07
8105.0,1.6066348654366678,0.00018867312765788677,5.037261021634265e-07
8106.0,1.6065450052280026,0.00018869109969966858,5.037263459684027e-07
8107.0,1.6064551498612707,0.00018870907077306488,5.037265955465386e-07
8108.0,1.606365299333475,0.0001887270408786752,5.037268513419235e-07
8109.0,1.6062754536415487,0.00018874501001711242,5.037271111341113e-07
8110.0,1.6061856127823757,0.00018876297818899964,5.037273744790127e-07
8111.0,1.6060957767528004,0.0001887809453949678,5.03727639600271e-07
8112.0,1.6060059455496396,0.000188798911635654,5.037279100505998e-07
8113.0,1.6059161191696774,0.00018881687691170023,5.03728179168661e-07
8114.0,1.6058262976096866,0.0001888348412237524,5.037284491749006e-07
8115.0,1.6057364808664232,0.0001888528045724595,5.037287214015862e-07
8116.0,1.6056466689366276,0.00018887076695847313,5.037289936282718e-07
8117.0,1.605556861817033,0.00018888872838244676,5.037292676313143e-07
8118.0,1.6054670595043643,0.00018890668884503548,5.03729542078446e-07
8119.0,1.6053772619953364,0.00018892464834689555,5.037298147492208e-07
8120.0,1.605287469286668,0.0001889426068886842,5.037300896404417e-07
8121.0,1.6051976813750664,0.00018896056447105934,5.037303636434842e-07
8122.0,1.6051078982572429,0.00018897852109467933,5.037306398669728e-07
8123.0,1.6050181199298994,0.00018899647676020283,5.037309143141044e-07
8124.0,1.6049283463897448,0.0001890144314682886,5.037311883171469e-07
8125.0,1.6048385776334855,0.00018903238521959543,5.037314632083678e-07
8126.0,1.604748813657828,0.00018905033801478198,5.037317385436779e-07
8127.0,1.6046590544594785,0.00018906828985450672,5.037320125467204e-07
8128.0,1.6045693000351482,0.00018908624073942775,5.037322874379413e-07
8129.0,1.6044795503815459,0.00018910419067020285,5.037325605528054e-07
8130.0,1.6043898054953873,0.0001891221396474893,5.037328345558478e-07
8131.0,1.6043000653733868,0.0001891400876719439,5.037331067825335e-07
8132.0,1.6042103300122652,0.00018915803474422286,5.037333798973975e-07
8133.0,1.6041205994087435,0.0001891759808649818,5.037336530122616e-07
8134.0,1.6040308735595468,0.00018919392603487567,5.037339256830364e-07
8135.0,1.6039411524614038,0.00018921187025455874,5.037341979097221e-07
8136.0,1.6038514361110459,0.00018922981352468456,5.037344692482293e-07
8137.0,1.6037617245052112,0.00018924775584590588,5.037347410308257e-07
8138.0,1.6036720176406387,0.00018926569721887474,5.037350132575114e-07
8139.0,1.6035823155140696,0.00018928363764424234,5.037352819314833e-07
8140.0,1.6034926181222582,0.00018930157712265905,5.03735554158169e-07
8141.0,1.6034029254619513,0.00018931951565477444,5.037358241644085e-07
8142.0,1.6033132375299066,0.00018933745324123716,5.037360932824697e-07
8143.0,1.603223554322886,0.00018935538988269508,5.037363619564417e-07
8144.0,1.603133875837656,0.00018937332557979512,5.037366324067705e-07
8145.0,1.6030442020709834,0.00018939126033318336,5.037369006366532e-07
8146.0,1.602954533019644,0.00018940919414350493,5.037371693106252e-07
8147.0,1.602864868680415,0.0001894271270114041,5.037374362082403e-07
8148.0,1.6027752090500815,0.00018944505893752419,5.037377031058554e-07
8149.0,1.6026855541254323,0.0001894629899225076,5.03737970891649e-07
8150.0,1.6025959039032587,0.00018948091996699582,5.037382382333533e-07
8151.0,1.6025062583803575,0.0001894988490716294,5.037385051309684e-07
8152.0,1.6024166175535302,0.00018951677723704795,5.037387702522267e-07
8153.0,1.6023269814195857,0.00018953470446389015,5.037390371498418e-07
8154.0,1.6022373499753317,0.00018955263075279378,5.037393013829217e-07
8155.0,1.6021477232175882,0.0001895705561043956,5.037395669482692e-07
8156.0,1.6020581011431732,0.00018958848051933147,5.03739831181349e-07
8157.0,1.601968483748913,0.0001896064039982363,5.037400949703397e-07
8158.0,1.6018788710316378,0.00018962432654174408,5.037403587593303e-07
8159.0,1.6017892629881814,0.00018964224815048783,5.037406212160533e-07
8160.0,1.6016996596154087,0.0001896601688250997,5.037409076535937e-07
8161.0,1.6016100610570856,0.00018967808853674668,5.037408197239301e-07
8162.0,1.6015204674599677,0.0001896960072561421,5.037406789476506e-07
8163.0,1.6014308788256755,0.0001897139249829692,5.037405221841595e-07
8164.0,1.6013412951560697,0.00018973184171685797,5.03740360091598e-07
8165.0,1.601251716453088,0.00018974975745742105,5.037401940022335e-07
8166.0,1.6011621427187142,0.00018976767220426274,5.037400283569582e-07
8167.0,1.6010725739549447,0.00018978558595698298,5.037398600471477e-07
8168.0,1.6009830101637936,0.0001898034987151795,5.037396917373371e-07
8169.0,1.6008934513472777,0.0001898214104784491,5.037395238716158e-07
8170.0,1.6008038975074121,0.0001898393212463884,5.037393546736268e-07
8171.0,1.6007143486462159,0.00018985723101859445,5.037391885842624e-07
8172.0,1.6006248047656952,0.00018987513979466504,5.037390211626303e-07
8173.0,1.6005352658678589,0.00018989304757419893,5.037388541850873e-07
8174.0,1.6004457319547072,0.00018991095435679607,5.037386880957229e-07
8175.0,1.6003562030282326,0.0001899288601420577,5.037385215622692e-07
8176.0,1.6002666790904236,0.00018994676492958642,5.037383563610831e-07
8177.0,1.6001771601432608,0.00018996466871898634,5.037381929362539e-07
8178.0,1.6000876461887141,0.000189982571509863,5.037380295114247e-07
8179.0,1.5999981372287477,0.00019000047330182347,5.037378656425062e-07
8180.0,1.5999086332653216,0.00019001837409447637,5.037377039940338e-07
8181.0,1.5998191343003827,0.0001900362738874318,5.037375423455615e-07
8182.0,1.5997296403358727,0.00019005417268030147,5.037373806970891e-07
8183.0,1.5996401513737275,0.00019007207047269856,5.037372208249735e-07
8184.0,1.5995506674158715,0.0001900899672642378,5.03737060952858e-07
8185.0,1.5994611884642231,0.00019010786305453546,5.037369010807424e-07
8186.0,1.5993717145206963,0.00019012575784320925,5.037367429849837e-07
8187.0,1.5992822455871918,0.0001901436516298784,5.037365844451358e-07
8188.0,1.5991927816656089,0.00019016154441416365,5.037364276816447e-07
8189.0,1.5991033227578348,0.00019017943619568714,5.037362709181537e-07
8190.0,1.5990138688657518,0.00019019732697407246,5.037361145987518e-07
8191.0,1.5989244199912351,0.00019021521674894462,5.037359587234391e-07
8192.0,1.5988349761361524,0.00019023310551993003,5.037358032922157e-07
8193.0,1.598745537302366,0.00019025099328665647,5.037356491932599e-07
8194.0,1.5986561034917297,0.00019026888004875314,5.037354959824825e-07
8195.0,1.5985666747060894,0.00019028676580585052,5.037353427717051e-07
8196.0,1.5984772509472869,0.00019030465055758043,5.037351895609277e-07
8197.0,1.5983878322171554,0.00019032253430357603,5.037350363501503e-07
8198.0,1.5982984185175244,0.00019034041704347175,5.037348835834621e-07
8199.0,1.5982090098502169,0.0001903582987769033,5.037347339253984e-07
8200.0,1.598119606217045,0.00019037617950350762,5.037345838232454e-07
8201.0,1.598030207619818,0.0001903940592229229,5.037344332770033e-07
8202.0,1.597940814060338,0.0001904119379347886,5.037342813984935e-07
8203.0,1.5978514255404053,0.00019042981563874533,5.037341326286082e-07
8204.0,1.5977620420618097,0.00019044769233443493,5.037339847469013e-07
8205.0,1.5976726636263348,0.00019046556802150035,5.037338373092837e-07
8206.0,1.597583290235759,0.00019048344269958576,5.037336880953092e-07
8207.0,1.5974939218918585,0.00019050131636833646,5.037335415458699e-07
8208.0,1.5974045585964,0.00019051918902739887,5.037333949964307e-07
8209.0,1.597315200351145,0.00019053706067642052,5.037332484469914e-07
8210.0,1.5972258471578509,0.00019055493131505004,5.037331018975522e-07
8211.0,1.5971364990182704,0.00019057280094293715,5.037329566803805e-07
8212.0,1.5970471559341475,0.00019059066955973267,5.037328114632089e-07
8213.0,1.5969578179072228,0.0001906085371650884,5.037326653578589e-07
8214.0,1.5968684849392352,0.00019062640375865726,5.037325219170441e-07
8215.0,1.596779157031911,0.00019064426934009316,5.037323771439617e-07
8216.0,1.5966898341869793,0.00019066213390905106,5.037322350354145e-07
8217.0,1.5966005164061576,0.0001906799974651869,5.037320929268674e-07
8218.0,1.59651120369116,0.00019069786000815766,5.037319490419634e-07
8219.0,1.596421896043701,0.0001907157215376212,5.037318078215947e-07
8220.0,1.5963325934654857,0.0001907335820532365,5.03731668821672e-07
8221.0,1.5962432960903594,0.0001907514415283164,5.03731941936536e-07
8222.0,1.5961540040490123,0.00019076929993662749,5.037321502143755e-07
8223.0,1.5960647173388962,0.0001907871572786877,5.03732335399576e-07
8224.0,1.5959754359577731,0.00019080501355494701,5.037325085943678e-07
8225.0,1.59588615990355,0.00019082286876582485,5.037326746837323e-07
8226.0,1.5957968891742313,0.0001908407229117208,5.037328358881155e-07
8227.0,1.5957076237678895,0.00019085857599301996,5.037329899870713e-07
8228.0,1.5956183636826615,0.0001908764280100959,5.03733141865581e-07
8229.0,1.595529108916725,0.0001908942789633129,5.037332901913771e-07
8230.0,1.5954398594682984,0.00019091212885302732,5.037334354085488e-07
8231.0,1.5953506153356332,0.00019092997767958874,5.037335775170959e-07
8232.0,1.5952613765170143,0.00019094782544334065,5.037337182933754e-07
8233.0,1.5951721430107495,0.0001909656721446213,5.037338564051197e-07
8234.0,1.5950829148151724,0.0001909835177837641,5.037339936286855e-07
8235.0,1.594993691928639,0.0001910013623610981,5.03734129964073e-07
8236.0,1.5949044743495202,0.00019101920587694836,5.037342627467467e-07
8237.0,1.594815262076212,0.0001910370483316362,5.037343933089744e-07
8238.0,1.594726055107126,0.00019105488972547964,5.037345247593805e-07
8239.0,1.5946368534406874,0.0001910727300587934,5.03734654877519e-07
8240.0,1.594547657075337,0.00019109056933188932,5.037347841074791e-07
8241.0,1.5944584660095282,0.0001911084075450764,5.037349111169931e-07
8242.0,1.5943692802417306,0.00019112624469866103,5.037350363501503e-07
8243.0,1.594280099770426,0.0001911440807929471,5.037351620273967e-07
8244.0,1.5941909245941053,0.00019116191582823613,5.037352863723754e-07
8245.0,1.5941017547112712,0.00019117974980482747,5.037354093850865e-07
8246.0,1.5940125901204394,0.00019119758272301827,5.0373553106553e-07
8247.0,1.5939234308201342,0.00019121541458310366,5.037356531900627e-07
8248.0,1.593834276808891,0.00019123324538537686,5.037357757586847e-07
8249.0,1.593745128085249,0.0001912510751301292,5.037358956627713e-07
8250.0,1.5936559846477634,0.00019126890381765022,5.037360151227688e-07
8251.0,1.5935668464949928,0.00019128673144822776,5.037361323623202e-07
8252.0,1.593477713625511,0.000191304558022148,5.037362513782284e-07
8253.0,1.5933885860378902,0.0001913223835396955,5.037363686177798e-07
8254.0,1.5932994637307174,0.00019134020800115338,5.037364849691528e-07
8255.0,1.5932103467025833,0.0001913580314068032,5.037365999882581e-07
8256.0,1.5931212349520905,0.00019137585375692508,5.037367163396311e-07
8257.0,1.5930321284778421,0.0001913936750517978,5.037368318028257e-07
8258.0,1.5929430272784522,0.00019141149529169877,5.03736946821931e-07
8259.0,1.5928539313525394,0.0001914293144769041,5.037370605087688e-07
8260.0,1.5927648406987318,0.0001914471326076887,5.037371759719633e-07
8261.0,1.592675755315657,0.0001914649496843261,5.037372878824442e-07
8262.0,1.592586675201957,0.0001914827657070888,5.037374015692819e-07
8263.0,1.592497600356273,0.00019150058067624807,5.03737513923852e-07
8264.0,1.5924085307772557,0.00019151839459207405,5.037376267225113e-07
8265.0,1.5923194664635583,0.00019153620745483577,5.037377377448138e-07
8266.0,1.592230407413843,0.0001915540192648012,5.037378496552947e-07
8267.0,1.592141353626774,0.00019157183002223733,5.037379611216863e-07
8268.0,1.592052305101021,0.00019158963972741,5.037380712558104e-07
8269.0,1.591963261835261,0.00019160744838058415,5.037381822781128e-07
8270.0,1.591874223828171,0.00019162525598202373,5.037382901917908e-07
8271.0,1.591785191078441,0.00019164306253199173,5.037384003259149e-07
8272.0,1.591696163584757,0.00019166086803075022,5.037385086836821e-07
8273.0,1.5916071413458155,0.00019167867247856036,5.037386179296277e-07
8274.0,1.5915181243603134,0.0001916964758756824,5.037387258433057e-07
8275.0,1.5914291126269542,0.00019171427822237575,5.037388333128945e-07
8276.0,1.5913401061444454,0.00019173207951889894,5.037389407824833e-07
8277.0,1.591251104911499,0.0001917498797655097,5.03739048252072e-07
8278.0,1.5911621089268293,0.00019176767896246489,5.037391543893932e-07
8279.0,1.591073118189158,0.0001917854771100206,5.037392614148928e-07
8280.0,1.5909841326971736,0.00019180327420843194,5.03739333801434e-07
8281.0,1.5908951522778814,0.00019182107029220658,5.037389150253091e-07
8282.0,1.5908061767622372,0.00019183886539526657,5.037385704120823e-07
8283.0,1.5907172061544594,0.00019185665951675906,5.037382551087433e-07
8284.0,1.5906282404583527,0.0001918744526559202,5.037379544603482e-07
8285.0,1.590539279677534,0.00019189224481202627,5.037376658023618e-07
8286.0,1.5904503238154841,0.0001919100359843797,5.037373829175351e-07
8287.0,1.590361372875595,0.00019192782617230233,5.037371071381358e-07
8288.0,1.590272426861179,0.00019194561537513128,5.037368357996286e-07
8289.0,1.5901834857754893,0.00019196340359221628,5.037365711224595e-07
8290.0,1.5900945496217187,0.00019198119082291775,5.037363082216473e-07
8291.0,1.590005618403022,0.0001919989770666054,5.037360497617271e-07
8292.0,1.5899166921225059,0.00019201676232265724,5.037357926340746e-07
8293.0,1.589827770783246,0.00019203454659045858,5.03735539503225e-07
8294.0,1.5897388543882822,0.00019205232986940144,5.037352899250891e-07
8295.0,1.5896499429406221,0.00019207011215888398,5.037350425673992e-07
8296.0,1.5895610364432469,0.00019208789345830993,5.037347969860662e-07
8297.0,1.5894721348991103,0.0001921056737670883,5.037345522929115e-07
8298.0,1.5893832383111466,0.00019212345308463293,5.037343115965598e-07
8299.0,1.5892943466822584,0.00019214123141036223,5.037340700120296e-07
8300.0,1.5892054600153376,0.00019215900874369892,5.037338328683916e-07
8301.0,1.589116578313247,0.0001921767850840698,5.037335966129319e-07
8302.0,1.5890277015788337,0.0001921945604309054,5.037333612456507e-07
8303.0,1.5889388298149256,0.00019221233478364003,5.037331263224587e-07
8304.0,1.5888499630243362,0.00019223010814171143,5.03732894063802e-07
8305.0,1.5887611012098593,0.0001922478805045607,5.037326631374128e-07
8306.0,1.5886722443742722,0.00019226565187163206,5.037324330992021e-07
8307.0,1.5885833925203414,0.0001922834222423729,5.037322066137051e-07
8308.0,1.5884945456508095,0.0001923011916162334,5.037319770195836e-07
8309.0,1.5884057037684176,0.0001923189599926667,5.037317518663542e-07
8310.0,1.5883168668758831,0.00019233672737112864,5.03731527157214e-07
8311.0,1.5882280349759132,0.00019235449375107764,5.037313020039846e-07
8312.0,1.5881392080712047,0.00019237225913197473,5.037310786271121e-07
8313.0,1.5880503861644393,0.0001923900235132834,5.037308570265964e-07
8314.0,1.5879615692582867,0.00019240778689446955,5.037306349819914e-07
8315.0,1.5878727573554081,0.00019242554927500135,5.037304156019218e-07
8316.0,1.5877839504584481,0.00019244331065434926,5.037301948895845e-07
8317.0,1.5876951485700455,0.00019246107103198596,5.03729975953604e-07
8318.0,1.5876063516928258,0.00019247883040738624,5.037297574617128e-07
8319.0,1.5875175598294051,0.000192496588780027,5.037295407461784e-07
8320.0,1.5874287729823868,0.00019251434614938714,5.037293231424655e-07
8321.0,1.5873399911543695,0.00019253210251494755,5.037291077591988e-07
8322.0,1.5872512143479371,0.00019254985787619107,5.037288928200212e-07
8323.0,1.5871624425656672,0.0001925676122326024,5.037286796572005e-07
8324.0,1.5870736758101247,0.00019258536558366816,5.037284660502905e-07
8325.0,1.5869849140838712,0.00019260311792887666,5.037282551079159e-07
8326.0,1.58689615738945,0.0001926208692677181,5.037280410569167e-07
8327.0,1.586807405729409,0.0001926386195996843,5.037278310027204e-07
8328.0,1.5867186591062759,0.00019265636892426885,5.037276209485242e-07
8329.0,1.586629917522575,0.000192674117240967,5.037274104502387e-07
8330.0,1.5865411809808234,0.00019269186454927564,5.037272021723993e-07
8331.0,1.5864524494835262,0.0001927096108486932,5.037269925622923e-07
8332.0,1.5863637230331857,0.0001927273561387197,5.03726784728542e-07
8333.0,1.5862750016322933,0.0001927451004188568,5.037265777829703e-07
8334.0,1.586186285283334,0.00019276284368860755,5.037263721696661e-07
8335.0,1.5860975739887824,0.00019278058594747658,5.037261661122727e-07
8336.0,1.586008867751109,0.00019279832719496992,5.037259591667009e-07
8337.0,1.5859201665727791,0.0001928160674305951,5.037257553297536e-07
8338.0,1.5858314704562453,0.00019283380665386103,5.037255510487171e-07
8339.0,1.585742779403958,0.000192851544864278,5.037253485440374e-07
8340.0,1.585654093418389,0.00019286928206135797,5.037251793460484e-07
8341.0,1.5855654126868948,0.00019288701820773115,5.037255510487171e-07
8342.0,1.5854767373924947,0.00019290475326666915,5.037258410389711e-07
8343.0,1.5853880675316085,0.00019292248723889855,5.037261021634265e-07
8344.0,1.5852994031010934,0.00019294022012505033,5.037263455243135e-07
8345.0,1.5852107440980148,0.00019295795192571252,5.037265777829703e-07
8346.0,1.585122090519576,0.00019297568264144526,5.037268029361996e-07
8347.0,1.5850334423630776,0.00019299341227278817,5.037270192076448e-07
8348.0,1.5849447996259074,0.00019301114082026486,5.037272323704656e-07
8349.0,1.5848561623055117,0.00019302886828438562,5.03727440648305e-07
8350.0,1.5847675303993949,0.00019304659466564967,5.037276440411631e-07
8351.0,1.584678903905109,0.0001930643199645466,5.037278425490399e-07
8352.0,1.5845902828202532,0.00019308204418155747,5.037280410569167e-07
8353.0,1.584501667142454,0.0001930997673171558,5.037282337916338e-07
8354.0,1.5844130568693837,0.00019311748937180832,5.037284256381724e-07
8355.0,1.5843244519987358,0.0001931352103459756,5.037286143760866e-07
8356.0,1.5842358525282394,0.00019315293024011246,5.037288022258224e-07
8357.0,1.5841472584556444,0.00019317064905466857,5.037289878551121e-07
8358.0,1.584058669778726,0.00019318836679008868,5.037291699316881e-07
8359.0,1.5839700864952868,0.000193206083446813,5.037293524523534e-07
8360.0,1.5838815086031417,0.0001932237990252776,5.037295305321265e-07
8361.0,1.5837929361001355,0.00019324151352591445,5.037297081678105e-07
8362.0,1.5837043689841246,0.00019325922694915184,5.037298844712268e-07
8363.0,1.5836158072529871,0.0001932769392954145,5.037300598864647e-07
8364.0,1.583527250904614,0.00019329465056512371,5.037302330812565e-07
8365.0,1.5834386999369179,0.00019331236075869766,5.037304067201376e-07
8366.0,1.5833501543478201,0.0001933300698765514,5.037305776944834e-07
8367.0,1.5832616141352618,0.00019334777791909705,5.037307473365615e-07
8368.0,1.5831730792971965,0.000193365484886744,5.037309169786397e-07
8369.0,1.5830845498315884,0.00019338319077989895,5.037310839561826e-07
8370.0,1.582996025736421,0.00019340089559896596,5.037312513778147e-07
8371.0,1.5829075070096834,0.00019341859934434666,5.037314174671792e-07
8372.0,1.5828189936493802,0.00019343630201644032,5.037315822242761e-07
8373.0,1.5827304856535271,0.00019345400361564388,5.037317469813729e-07
8374.0,1.5826419830201497,0.00019347170414235206,5.037319104062021e-07
8375.0,1.5825534857472865,0.00019348940359695743,5.037320742751206e-07
8376.0,1.5824649938329831,0.00019350710197985047,5.03732235923593e-07
8377.0,1.5823765072752978,0.0001935247992914197,5.037323966838869e-07
8378.0,1.582288026072298,0.00019354249553205167,5.037325570000917e-07
8379.0,1.5821995502220625,0.00019356019070213096,5.037327177603856e-07
8380.0,1.5821110797226734,0.00019357788480204043,5.037328763002336e-07
8381.0,1.582022614572228,0.00019359557783216107,5.037330339519031e-07
8382.0,1.5819341547688295,0.00019361326979287218,5.037331907153941e-07
8383.0,1.581845700310591,0.00019363096068455133,5.037333483670636e-07
8384.0,1.581757251195631,0.00019364865050757444,5.037335037982871e-07
8385.0,1.58166880742208,0.00019366633926231586,5.037336596735997e-07
8386.0,1.581580368988072,0.00019368402694914835,5.037338142166448e-07
8387.0,1.581491935891752,0.00019370171356844314,5.037339683156006e-07
8388.0,1.5814035081312718,0.00019371939912056995,5.037341224145564e-07
8389.0,1.5813150857047906,0.00019373708360589703,5.037342765135122e-07
8390.0,1.5812266686104721,0.00019375476702479126,5.037344288361112e-07
8391.0,1.581138256846488,0.00019377244937761808,5.037345789382641e-07
8392.0,1.5810498504110222,0.00019379013066474156,5.037347308167739e-07
8393.0,1.5809614493022583,0.00019380781088652443,5.037348809189268e-07
8394.0,1.5808730535183912,0.00019382549004332814,5.037350323533474e-07
8395.0,1.580784663057617,0.0001938431681355128,5.037351815673219e-07
8396.0,1.580696277918143,0.00019386084516343733,5.037353303372072e-07
8397.0,1.5806078980981815,0.00019387852112745936,5.037354786630033e-07
8398.0,1.580519523595949,0.00019389619602793535,5.037356265447102e-07
8399.0,1.580431154409672,0.00019391386986522056,5.037357753145955e-07
8400.0,1.5803427905375762,0.00019393154263966904,5.037359218640347e-07
8401.0,1.5802544317923841,0.0001939492143886655,5.037357122539277e-07
8402.0,1.5801660779893696,0.00019396688514924763,5.037356083370526e-07
8403.0,1.5800777291298316,0.00019398455492113974,5.0373553106553e-07
8404.0,1.5799893852146976,0.00019400222370415443,5.037354702253083e-07
8405.0,1.579901046244708,0.00019401989149814177,5.037354173786923e-07
8406.0,1.5798127122204966,0.0001940375583029752,5.037353729697713e-07
8407.0,1.5797243831426089,0.00019405522411854477,5.037353334458317e-07
8408.0,1.5796360590115315,0.00019407288894475295,5.037352965864272e-07
8409.0,1.579547739827703,0.00019409055278151225,5.037352646120041e-07
8410.0,1.5794594255915175,0.00019410821562874334,5.037352348580271e-07
8411.0,1.5793711163033393,0.00019412587748637375,5.037352086567637e-07
8412.0,1.5792828119634972,0.0001941435383543369,5.037351820114111e-07
8413.0,1.579194512572303,0.00019416119823257119,5.037351598069506e-07
8414.0,1.57910621813004,0.00019417885712101962,5.037351384906685e-07
8415.0,1.5790179286369714,0.00019419651501962918,5.037351180625649e-07
8416.0,1.578929644093348,0.00019421417192835036,5.037351002989965e-07
8417.0,1.5788413644993973,0.00019423182784713687,5.037350820913389e-07
8418.0,1.5787530898553392,0.00019424948277594535,5.037350665482165e-07
8419.0,1.578664820161376,0.00019426713671473508,5.037350518932726e-07
8420.0,1.5785765554176976,0.00019428478966346778,5.037350372383287e-07
8421.0,1.5784882956244854,0.00019430244162210744,5.03735023027474e-07
8422.0,1.5784000407819092,0.00019432009259062014,5.037350105929761e-07
8423.0,1.5783117908901299,0.00019433774256897391,5.037349999348351e-07
8424.0,1.5782235459492948,0.00019435539155713852,5.037349879444264e-07
8425.0,1.57813530595955,0.00019437303955508546,5.037349777303746e-07
8426.0,1.5780470709210268,0.00019439068656278776,5.037349661840551e-07
8427.0,1.5779588408338576,0.00019440833258021996,5.037349581904493e-07
8428.0,1.5778706156981581,0.00019442597760735794,5.037349484204867e-07
8429.0,1.577782395514046,0.00019444362164417896,5.037349413150594e-07
8430.0,1.5776941802816242,0.00019446126469066145,5.03734931989186e-07
8431.0,1.5776059700009994,0.00019447890674678507,5.037349253278478e-07
8432.0,1.5775177646722645,0.00019449654781253056,5.037349177783312e-07
8433.0,1.5774295642955138,0.0001945141878878797,5.037349128933499e-07
8434.0,1.57734136887083,0.0001945318269728153,5.037349071201902e-07
8435.0,1.577253178398296,0.0001945494650673211,5.037349022352089e-07
8436.0,1.5771649928779867,0.00019456710217138177,5.0373489601796e-07
8437.0,1.577076812309976,0.0001945847382849828,5.037348906888894e-07
8438.0,1.5769886366943333,0.00019460237340811055,5.037348866920865e-07
8439.0,1.5769004660311203,0.00019462000754075218,5.037348818071052e-07
8440.0,1.5768123003204002,0.0001946376406828956,5.037348786984808e-07
8441.0,1.5767241395622262,0.00019465527283452945,5.037348738134995e-07
8442.0,1.5766359837566541,0.00019467290399564305,5.037348702607858e-07
8443.0,1.576547832903734,0.00019469053416622644,5.037348667080721e-07
8444.0,1.576459687003512,0.00019470816334627025,5.037348635994476e-07
8445.0,1.5763715460560324,0.00019472579153576575,5.037348618230908e-07
8446.0,1.576283410061334,0.00019474341873470483,5.037348587144663e-07
8447.0,1.5761952790194562,0.00019476104494307994,5.037348564940203e-07
8448.0,1.576107152930433,0.0001947786701608841,5.03734853829485e-07
8449.0,1.5760190317942984,0.0001947962943881108,5.037348529413066e-07
8450.0,1.57593091561108,0.00019481391762475416,5.037348511649498e-07
8451.0,1.5758428043808044,0.00019483153987080872,5.037348485004145e-07
8452.0,1.5757546981034998,0.00019484916112626953,5.037348480563253e-07
8453.0,1.5756665967791845,0.00019486678139113208,5.0373484539179e-07
8454.0,1.5755785004078828,0.00019488440066539237,5.0373484539179e-07
8455.0,1.5754904089896091,0.0001949020189490468,5.037348436154332e-07
8456.0,1.575402322524381,0.00019491963624209224,5.037348427272548e-07
8457.0,1.575314241012213,0.00019493725254452588,5.037348427272548e-07
8458.0,1.575226164453113,0.00019495486785634539,5.037348405068087e-07
8459.0,1.5751380928470948,0.00019497248217754883,5.037348396186303e-07
8460.0,1.575050026194145,0.00019499009550813455,5.037348183023482e-07
8461.0,1.5749619644541877,0.00019500770785614886,5.037349324332752e-07
8462.0,1.5748739075861375,0.00019502531922978498,5.037350629955029e-07
8463.0,1.5747858555884622,0.00019504292962934657,5.037351957781766e-07
8464.0,1.5746978084595726,0.00019506053905515128,5.037353294490288e-07
8465.0,1.5746097661978578,0.00019507814750752118,5.037354644521486e-07
8466.0,1.574521728801698,0.00019509575498678023,5.037355994552684e-07
8467.0,1.574433696269469,0.00019511336149325334,5.03735736234745e-07
8468.0,1.5743456685995418,0.00019513096702726576,5.037358712378648e-07
8469.0,1.574257645790293,0.00019514857158914277,5.037360075732522e-07
8470.0,1.5741696278400947,0.00019516617517920944,5.03736142576372e-07
8471.0,1.5740816147473244,0.0001951837777977906,5.03736278023581e-07
8472.0,1.5739936065103592,0.00019520137944521057,5.037364125826116e-07
8473.0,1.5739056031275798,0.00019521898012179326,5.03736546697553e-07
8474.0,1.5738176045973706,0.00019523657982786207,5.037366817006728e-07
8475.0,1.5737296109181156,0.0001952541785637399,5.037368153715249e-07
8476.0,1.5736416220882035,0.000195271776329749,5.037369490423771e-07
8477.0,1.5735536381060273,0.00019528937312621107,5.037370831573185e-07
8478.0,1.5734656589699814,0.00019530696895344728,5.037372186045275e-07
8479.0,1.5733776846784604,0.00019532456381177816,5.037373518312904e-07
8480.0,1.5732897152298648,0.00019534215770152365,5.037374837257858e-07
8481.0,1.5732017506226017,0.0001953597506230031,5.037376178407271e-07
8482.0,1.573113790855072,0.0001953773425765353,5.037377492911332e-07
8483.0,1.5730258359256886,0.0001953949335624384,5.037378811856286e-07
8484.0,1.572937885832863,0.00019541252358102996,5.037380135242131e-07
8485.0,1.57284994057501,0.00019543011263262698,5.037381454187084e-07
8486.0,1.5727620001505465,0.0001954477007175459,5.037382764250253e-07
8487.0,1.572674064557896,0.00019546528783610253,5.037384092076991e-07
8488.0,1.5725861337954785,0.0001954828739886121,5.037385397699268e-07
8489.0,1.5724982078617236,0.00019550045917538934,5.037386707762437e-07
8490.0,1.57241028675506,0.00019551804339674837,5.037388022266498e-07
8491.0,1.5723223704739169,0.00019553562665300275,5.037389310125207e-07
8492.0,1.5722344590167328,0.0001955532089444655,5.037390606865699e-07
8493.0,1.572146552381946,0.00019557079027144903,5.037391916928868e-07
8494.0,1.5720586505679945,0.00019558837063426532,5.037393218110253e-07
8495.0,1.571970753573322,0.0001956059500332257,5.037394510409854e-07
8496.0,1.5718828613963742,0.00019562352846864105,5.037395802709455e-07
8497.0,1.5717949740356005,0.00019564110594082166,5.037397095009055e-07
8498.0,1.5717070914894495,0.00019565868245007733,5.037398369545087e-07
8499.0,1.571619213756379,0.0001956762579967173,5.037399657403796e-07
8500.0,1.5715313408348432,0.00019569383258105034,5.037400954144289e-07
8501.0,1.5714434727232993,0.0001957114062033847,5.037402233121213e-07
8502.0,1.5713556094202101,0.0001957289788640281,5.037403512098138e-07
8503.0,1.5712677509240387,0.00019574655056328776,5.037404782193278e-07
8504.0,1.5711798972332545,0.00019576412130147043,5.037406070051986e-07
8505.0,1.571092048346321,0.00019578169107888234,5.037407331265342e-07
8506.0,1.5710042042617152,0.00019579925989582925,5.037408619124051e-07
8507.0,1.570916364977906,0.00019581682775261642,5.037409889219191e-07
8508.0,1.570828530493371,0.00019583439464954862,5.037411145991655e-07
8509.0,1.5707407008065892,0.00019585196058693015,5.037412407205011e-07
8510.0,1.5706528759160423,0.00019586952556506488,5.037413672859259e-07
8511.0,1.5705650558202124,0.00019588708958425614,5.037414938513507e-07
8512.0,1.5704772405175849,0.00019590465264480685,5.037416195285971e-07
8513.0,1.5703894300066472,0.00019592221474701944,5.037417447617543e-07
8514.0,1.5703016242858903,0.0001959397758911959,5.037418704390006e-07
8515.0,1.5702138233538072,0.00019595733607763772,5.03741996116247e-07
8516.0,1.5701260272088924,0.00019597489530664598,5.037421226816718e-07
8517.0,1.5700382358496394,0.00019599245357852132,5.037422465825614e-07
8518.0,1.569950449274551,0.0001960100108935639,5.037423709275402e-07
8519.0,1.5698626674821274,0.00019602756725207348,5.037424952725189e-07
8520.0,1.569774890470875,0.00019604512265434935,5.037426222820329e-07
8521.0,1.569687118299582,0.00019606267708858842,5.037425245824068e-07
8522.0,1.5695993510288717,0.00019608023054270638,5.037424042342309e-07
8523.0,1.5695115886601578,0.00019609778301642433,5.037422798892521e-07
8524.0,1.5694238311949325,0.00019611533450944395,5.037421528797381e-07
8525.0,1.5693360786347177,0.0001961328850214617,5.037420267584025e-07
8526.0,1.5692483309810372,0.0001961504345521721,5.037418984166209e-07
8527.0,1.5691605882354238,0.00019616798310126928,5.037417705189284e-07
8528.0,1.5690728503994047,0.00019618553066844764,5.037416435094144e-07
8529.0,1.5689851174745049,0.00019620307725340234,5.037415173880788e-07
8530.0,1.5688973894622433,0.00019622062285582948,5.037413912667432e-07
8531.0,1.5688096663641329,0.00019623816747542632,5.037412651454076e-07
8532.0,1.568721948181683,0.00019625571111189132,5.037411399122504e-07
8533.0,1.5686342349163933,0.0001962732537649242,5.037410146790933e-07
8534.0,1.5685465265697605,0.000196290795434226,5.037408912222929e-07
8535.0,1.5684588231432723,0.00019630833611949903,5.037407682095818e-07
8536.0,1.5683711246384098,0.00019632587582044697,5.037406451968707e-07
8537.0,1.568283431056649,0.00019634341453677475,5.037405235164272e-07
8538.0,1.5681957423994577,0.00019636095226818864,5.037404013918945e-07
8539.0,1.5681080586682987,0.0001963784890143962,5.037402801555402e-07
8540.0,1.568020379864627,0.00019639602477510628,5.037401589191859e-07
8541.0,1.5679327059898938,0.00019641355955002892,5.037400390150992e-07
8542.0,1.5678450370455412,0.00019643109333887545,5.037399191110126e-07
8543.0,1.5677573730330068,0.0001964486261413584,5.037397996510151e-07
8544.0,1.5676697139537237,0.00019646615795719153,5.037396819673745e-07
8545.0,1.567582059809113,0.00019648368878608975,5.037395625073771e-07
8546.0,1.5674944106005997,0.00019650121862776912,5.037394457119149e-07
8547.0,1.5674067663295939,0.00019651874748194688,5.037393289164527e-07
8548.0,1.567319126997503,0.00019653627534834138,5.037392107887229e-07
8549.0,1.567231492605734,0.00019655380222667208,5.037390948814391e-07
8550.0,1.5671438631556813,0.0001965713281166595,5.037389794182445e-07
8551.0,1.567056238648737,0.00019658885301802528,5.0373886395505e-07
8552.0,1.5669686190862877,0.00019660637693049205,5.037387484918554e-07
8553.0,1.5668810044697157,0.00019662389985378352,5.037386339168393e-07
8554.0,1.5667933948003963,0.00019664142178762442,5.037385188977339e-07
8555.0,1.5667057900797041,0.00019665894273174046,5.03738406987253e-07
8556.0,1.5666181903090006,0.00019667646268585836,5.037382928563261e-07
8557.0,1.5665305954896502,0.00019669398164970579,5.037381796135776e-07
8558.0,1.56644300562301,0.0001967114996230114,5.037380677030967e-07
8559.0,1.5663554207104313,0.00019672901660550477,5.037379557926158e-07
8560.0,1.5662678407532602,0.00019674653259691642,5.037378429939565e-07
8561.0,1.566180265752842,0.00019676404759697778,5.037377315275648e-07
8562.0,1.5660926957105137,0.0001967815616054212,5.037376200611732e-07
8563.0,1.566005130627608,0.0001967990746219799,5.037375081506923e-07
8564.0,1.5659175705054578,0.00019681658664638796,5.037373980165682e-07
8565.0,1.565830015345386,0.00019683409767838036,5.037372883265334e-07
8566.0,1.5657424651487148,0.00019685160771769296,5.037371804128554e-07
8567.0,1.5656549199167569,0.00019686911676406238,5.03737069390553e-07
8568.0,1.5655673796508285,0.00019688662481722615,5.037369597005181e-07
8569.0,1.565479844352239,0.00019690413187692257,5.037368526750186e-07
8570.0,1.565392314022289,0.00019692163794289078,5.037367434290729e-07
8571.0,1.5653047886622813,0.0001969391430148707,5.037366355153949e-07
8572.0,1.5652172682735108,0.00019695664709260306,5.037365267135385e-07
8573.0,1.5651297528572725,0.00019697415017582933,5.03736419688039e-07
8574.0,1.5650422424148533,0.00019699165226429183,5.037363131066286e-07
8575.0,1.5649547369475387,0.00019700915335773355,5.037362069693074e-07
8576.0,1.5648672364566076,0.00019702665345589827,5.037360994997186e-07
8577.0,1.5647797409433408,0.00019704415255853054,5.037359942505759e-07
8578.0,1.564692250409009,0.00019706165066537559,5.037358876691655e-07
8579.0,1.5646047648548846,0.0001970791477761794,5.037357824200228e-07
8580.0,1.564517284282664,0.00019709664389069007,5.03736115042841e-07
8581.0,1.5644298089313886,0.00019711413896098906,5.037363344229107e-07
8582.0,1.5643423390389706,0.00019713163293949944,5.037364680937628e-07
8583.0,1.5642548746037104,0.00019714912582657098,5.03736565793389e-07
8584.0,1.5641674156244407,0.00019716661762244055,5.037366439530899e-07
8585.0,1.5640799621002197,0.00019718410832729802,5.037367105664714e-07
8586.0,1.5639925140302458,0.00019720159794130434,5.037367678539795e-07
8587.0,1.563905071413819,0.00019721908646460002,5.03736819812417e-07
8588.0,1.5638176342503136,0.00019723657389731004,5.03736864221338e-07
8589.0,1.5637302025391688,0.00019725406023954724,5.037369055216345e-07
8590.0,1.5636427762798706,0.00019727154549141452,5.037369437133066e-07
8591.0,1.5635553554719472,0.00019728902965300638,5.037369796845326e-07
8592.0,1.5634679401149623,0.00019730651272441017,5.037370134353125e-07
8593.0,1.5633805302085066,0.00019732399470570702,5.037370423011112e-07
8594.0,1.5632931257522071,0.0001973414755969727,5.037370711669098e-07
8595.0,1.5632057267457062,0.0001973589553982782,5.037370978122624e-07
8596.0,1.563118333188673,0.0001973764341096901,5.037371240135258e-07
8597.0,1.563030945080792,0.00019739391173127124,5.037371488825215e-07
8598.0,1.5629435624217656,0.00019741138826308085,5.037371706428928e-07
8599.0,1.562856185211317,0.000197428863705175,5.037371924032641e-07
8600.0,1.5627688134491762,0.00019744633805760678,5.037372106109217e-07
8601.0,1.562681447135095,0.00019746381132042663,5.037372288185793e-07
8602.0,1.5625940862688326,0.00019748128349368252,5.037372456939693e-07
8603.0,1.5625067308501623,0.0001974987545774201,5.037372634575377e-07
8604.0,1.5624193808788658,0.00019751622457168288,5.037372807770168e-07
8605.0,1.5623320363547337,0.0001975336934765123,5.0373729587605e-07
8606.0,1.5622446972775714,0.00019755116129194803,5.037373118632615e-07
8607.0,1.5621573636471853,0.00019756862801802784,5.037373251859378e-07
8608.0,1.5620700354633978,0.00019758609365478797,5.037373385086141e-07
8609.0,1.5619827127260335,0.00019760355820226306,5.037373491667552e-07
8610.0,1.5618953954349293,0.00019762102166048627,5.037373611571638e-07
8611.0,1.561808083589926,0.0001976384840294894,5.037373735916617e-07
8612.0,1.5617207771908674,0.00019765594530930295,5.037373829175351e-07
8613.0,1.5616334762376118,0.00019767340549995617,5.037373931315869e-07
8614.0,1.5615461807300162,0.00019769086460147712,5.037374024574603e-07
8615.0,1.5614588906679499,0.00019770832261389274,5.037374140037798e-07
8616.0,1.5613716060512783,0.00019772577953722892,5.037374237737424e-07
8617.0,1.56128432687988,0.0001977432353715105,5.037374330996158e-07
8618.0,1.5611970531536339,0.00019776069011676138,5.037374415373108e-07
8619.0,1.5611097848724267,0.00019777814377300448,5.037374495309166e-07
8620.0,1.5610225220361478,0.00019779559634026188,5.037374575245224e-07
8621.0,1.5609352646446901,0.00019781304781855483,5.037374646299497e-07
8622.0,1.5608480126979538,0.00019783049820790372,5.037374730676447e-07
8623.0,1.5607607661958383,0.0001978479475083282,5.037374797289829e-07
8624.0,1.5606735251382486,0.00019786539571984714,5.037374850580534e-07
8625.0,1.560586289525098,0.00019788284284247873,5.037374921634807e-07
8626.0,1.5604990593562953,0.00019790028887624046,5.037374983807297e-07
8627.0,1.560411834631758,0.00019791773382114917,5.037375045979786e-07
8628.0,1.5603246153514045,0.00019793517767722102,5.037375103711383e-07
8629.0,1.5602374015151577,0.00019795262044447162,5.037375161442981e-07
8630.0,1.5601501931229422,0.00019797006212291592,5.03737522361547e-07
8631.0,1.5600629901746847,0.00019798750271256835,5.037375268024391e-07
8632.0,1.5599757926703186,0.0001980049422134428,5.03737533019688e-07
8633.0,1.5598886006097747,0.0001980223806255526,5.037375383487586e-07
8634.0,1.5598014139929905,0.0001980398179489106,5.037375441219183e-07
8635.0,1.559714232819902,0.00019805725418352911,5.037375481187212e-07
8636.0,1.5596270570904522,0.00019807468932942006,5.037375530037025e-07
8637.0,1.559539886804584,0.0001980921233865948,5.037375587768622e-07
8638.0,1.5594527219622405,0.0001981095563550643,5.037375627736651e-07
8639.0,1.5593655625633696,0.00019812698823483911,5.037375658822896e-07
8640.0,1.5592784086067601,0.00019814441902592613,5.037363912663295e-07
8641.0,1.5591912598029007,0.00019816184878664086,5.037361057169676e-07
8642.0,1.559104115860909,0.00019817927757497298,5.03735774426417e-07
8643.0,1.5590169767836988,0.0001981967053903762,5.037355803594323e-07
8644.0,1.5589298425732208,0.00019821413223244182,5.037354302572794e-07
8645.0,1.5588427132312088,0.00019823155810081748,5.037352965864272e-07
8646.0,1.5587555887592446,0.0001982489829951853,5.037351713532701e-07
8647.0,1.5586684691587989,0.00019826640691525166,5.037350576664323e-07
8648.0,1.5585813544312468,0.000198283829860741,5.037349524172896e-07
8649.0,1.5584942445778904,0.0001983012518313919,5.037348507208605e-07
8650.0,1.5584071395999772,0.00019831867282695467,5.037347512448775e-07
8651.0,1.5583200394987067,0.00019833609284718948,5.037346544334298e-07
8652.0,1.5582329442752394,0.00019835351189186493,5.037345647274094e-07
8653.0,1.558145853930694,0.00019837092996075677,5.037344785741027e-07
8654.0,1.5580587684661573,0.00019838834705364697,5.037343928648852e-07
8655.0,1.557971687882693,0.00019840576317032313,5.037343093761137e-07
8656.0,1.5578846121813363,0.00019842317831057787,5.037342263314315e-07
8657.0,1.5577975413631024,0.00019844059247420832,5.037341446190169e-07
8658.0,1.5577104754289846,0.00019845800566101575,5.037340637947807e-07
8659.0,1.5576234143799592,0.00019847541787080527,5.03733986079169e-07
8660.0,1.5575363582169832,0.00019849282910338538,5.037339105840033e-07
8661.0,1.5574493069409985,0.00019851023935856774,5.037338377533729e-07
8662.0,1.557362260552931,0.00019852764863616693,5.037337662550101e-07
8663.0,1.5572752190536905,0.00019854505693600027,5.037336925362013e-07
8664.0,1.5571881824441842,0.00019856246425788764,5.037336232582845e-07
8665.0,1.5571011507252928,0.0001985798706016513,5.037335495394757e-07
8666.0,1.5570141238979014,0.0001985972759671157,5.03733480261559e-07
8667.0,1.5569271019628714,0.00019861468035410753,5.037334096513746e-07
8668.0,1.556840084921062,0.00019863208376245538,5.037333394852794e-07
8669.0,1.5567530727733208,0.00019864948619198981,5.037332706514519e-07
8670.0,1.5566660655204876,0.00019866688764254314,5.037332040380704e-07
8671.0,1.55657906316339,0.0001986842881139494,5.03733137424689e-07
8672.0,1.5564920657028516,0.0001987016876060442,5.037330730317535e-07
8673.0,1.5564050731396835,0.00019871908611866475,5.037330077506397e-07
8674.0,1.5563180854746939,0.00019873648365164966,5.03732942913615e-07
8675.0,1.5562311027086846,0.000198753880204839,5.037328802970364e-07
8676.0,1.556144124842444,0.0001987712757780742,5.037328154600118e-07
8677.0,1.5560571518767596,0.0001987886703711979,5.037327497348087e-07
8678.0,1.555970183812416,0.0001988060639840541,5.037326871182302e-07
8679.0,1.5558832206501843,0.00019882345661648794,5.037326245016516e-07
8680.0,1.555796262390833,0.00019884084826834572,5.037325623291622e-07
8681.0,1.5557093090351237,0.00019885823893947487,5.037324988244052e-07
8682.0,1.5556223605838175,0.00019887562862972385,5.037324375400942e-07
8683.0,1.5555354170376647,0.0001988930173389422,5.037323762557833e-07
8684.0,1.555448478397412,0.00019891040506698042,5.037323149714723e-07
8685.0,1.5553615446638047,0.00019892779181369003,5.037322554635182e-07
8686.0,1.5552746158375763,0.00019894517757892345,5.037321941792072e-07
8687.0,1.555187691919464,0.00019896256236253402,5.037321346712531e-07
8688.0,1.5551007729101942,0.00019897994616437594,5.037320742751206e-07
8689.0,1.5550138588104927,0.0001989973289843043,5.037320147671664e-07
8690.0,1.5549269496210802,0.000199014710822175,5.037319557033015e-07
8691.0,1.5548400453426725,0.0001990320916778448,5.037318970835258e-07
8692.0,1.554753145975982,0.00019904947155117113,5.037318380196609e-07
8693.0,1.5546662515217171,0.0001990668504420123,5.037317793998852e-07
8694.0,1.5545793619805848,0.00019908422835022732,5.037317221123772e-07
8695.0,1.5544924773532833,0.00019910160527567594,5.037316634926015e-07
8696.0,1.554405597640512,0.0001991189812182186,5.03731605316915e-07
8697.0,1.5543187228429645,0.00019913635617771648,5.037315475853177e-07
8698.0,1.5542318529613333,0.00019915373015403138,5.037314907418988e-07
8699.0,1.5541449879963043,0.00019917110314702575,5.037314334543908e-07
8700.0,1.554058127948744,0.00019918847515656347,5.037315617961724e-07
8701.0,1.553971272984612,0.0001992058461494248,5.037317367673211e-07
8702.0,1.5538844232685587,0.00019922321609266202,5.037318691059056e-07
8703.0,1.5537975787988507,0.000199240584986626,5.037319814604757e-07
8704.0,1.5537107395741372,0.0001992579528315884,5.037320796041911e-07
8705.0,1.553623905593231,0.00019927531962778762,5.037321697543007e-07
8706.0,1.5535370768550458,0.0001992926853754416,5.037322545753398e-07
8707.0,1.5534502533585652,0.00019931005007475352,5.037323336232191e-07
8708.0,1.5533634351028294,0.00019932741372591552,5.03732407342028e-07
8709.0,1.5532766220869259,0.00019934477632911095,5.037324810608368e-07
8710.0,1.5531898143099723,0.00019936213788451592,5.037325525591996e-07
8711.0,1.553103011771117,0.0001993794983923004,5.037326196166703e-07
8712.0,1.5530162144695392,0.00019939685785262912,5.037326853418733e-07
8713.0,1.5529294224044377,0.00019941421626566228,5.037327497348087e-07
8714.0,1.5528426355750318,0.0001994315736315561,5.037328127954765e-07
8715.0,1.5527558539805575,0.0001994489299504632,5.037328740797875e-07
8716.0,1.5526690776202698,0.000199466285222533,5.037329353640985e-07
8717.0,1.5525823064934352,0.00019948363944791194,5.037329953161418e-07
8718.0,1.552495540599332,0.00019950099262674387,5.037330517154714e-07
8719.0,1.5524087799372575,0.0001995183447591702,5.037331090029795e-07
8720.0,1.552322024506514,0.0001995356958453301,5.0373316495822e-07
8721.0,1.5522352743064156,0.00019955304588536063,5.037332191371036e-07
8722.0,1.5521485293362904,0.00019957039487939702,5.037332759805224e-07
8723.0,1.5520617895954665,0.00019958774282757263,5.03733330159406e-07
8724.0,1.551975055083287,0.00019960508973001915,5.037333834501112e-07
8725.0,1.5518883257991023,0.0001996224355868667,5.037334362967272e-07
8726.0,1.5518016017422684,0.0001996397803982439,5.037334882551647e-07
8727.0,1.5517148829121508,0.00019965712416427798,5.037335411017807e-07
8728.0,1.5516281693081164,0.00019967446688509485,5.037335912838614e-07
8729.0,1.5515414609295453,0.00019969180856081915,5.037336414659421e-07
8730.0,1.5514547577758169,0.00019970914919157436,5.037336889834876e-07
8731.0,1.5513680598463262,0.0001997264887774828,5.037337404978359e-07
8732.0,1.5512813671404615,0.00019974382731866572,5.037337906799166e-07
8733.0,1.551194679657621,0.00019976116481524336,5.037338381974621e-07
8734.0,1.5511079973972113,0.00019977850126733494,5.03733886603186e-07
8735.0,1.5510213203586412,0.00019979583667505875,5.03733935452999e-07
8736.0,1.5509346485413227,0.00019981317103853218,5.037339843028121e-07
8737.0,1.5508479819446723,0.00019983050435787173,5.037340313762684e-07
8738.0,1.5507613205681128,0.00019984783663319308,5.037340788938138e-07
8739.0,1.550674664411069,0.00019986516786461113,5.037341250790917e-07
8740.0,1.5505880134729717,0.00019988249805223996,5.037341721525479e-07
8741.0,1.5505013677532522,0.00019989982719619296,5.037342174496473e-07
8742.0,1.5504147272513495,0.00019991715529658275,5.037342636349251e-07
8743.0,1.5503280919667028,0.0001999344823535213,5.03734309820203e-07
8744.0,1.5502414618987552,0.00019995180836711988,5.037343551173024e-07
8745.0,1.5501548370469551,0.00019996913333748912,5.037344013025802e-07
8746.0,1.5500682174107503,0.00019998645726473902,5.037344457115012e-07
8747.0,1.549981602989595,0.00020000378014897898,5.037344901204222e-07
8748.0,1.549894993782947,0.0002000211019903178,5.037345363057e-07
8749.0,1.549808389790262,0.0002000384227888637,5.03734580714621e-07
8750.0,1.5497217910110033,0.00020005574254472434,5.037346255676312e-07
8751.0,1.5496351974446332,0.00020007306125800685,5.037346677561061e-07
8752.0,1.5495486090906252,0.00020009037892881787,5.037347148295623e-07
8753.0,1.5494620259484388,0.00020010769555726344,5.037347565739481e-07
8754.0,1.5493754480175552,0.0002001250111434492,5.037348018710475e-07
8755.0,1.5492888752974443,0.00020014232568748024,5.037348462799685e-07
8756.0,1.5492023077875832,0.00020015963918946117,5.03734889800711e-07
8757.0,1.549115745487451,0.0002001769516494962,5.037349324332752e-07
8758.0,1.549029188396529,0.00020019426306768905,5.037349750658393e-07
8759.0,1.5489426365143026,0.00020021157344414303,5.037350185865819e-07
8760.0,1.5488560898393078,0.00020022888277895833,5.037341002100959e-07
8761.0,1.548769548020808,0.00020024619114252103,5.037334136481775e-07
8762.0,1.548683010708603,0.00020026349860492932,5.037332502233483e-07
8763.0,1.5485964779040233,0.00020028080516582494,5.037331485269192e-07
8764.0,1.548509949608029,0.00020029811082501178,5.037330885748759e-07
8765.0,1.548423425821254,0.0002003154155823598,5.037330534918283e-07
8766.0,1.5483369065441346,0.00020033271943777902,5.037330299551002e-07
8767.0,1.5482503917769785,0.00020035002239120683,5.037330130797102e-07
8768.0,1.548163881519997,0.00020036732444260106,5.037330028656584e-07
8769.0,1.5480773757733193,0.00020038462559193577,5.037329988688555e-07
8770.0,1.5479908745370112,0.0002004019258391981,5.037330024215692e-07
8771.0,1.5479043778110804,0.00020041922518438586,5.037330104151749e-07
8772.0,1.54781788559549,0.00020043652362750585,5.037330201851375e-07
8773.0,1.5477313978901668,0.00020045382116857244,5.03733029511011e-07
8774.0,1.5476449146950066,0.0002004711178076069,5.037330415014196e-07
8775.0,1.5475584360098735,0.00020048841354463638,5.037330557122743e-07
8776.0,1.547471961834606,0.0002005057083796933,5.037330730317535e-07
8777.0,1.5473854921690189,0.00020052300231281474,5.03733093015768e-07
8778.0,1.547299027012907,0.0002005402953440419,5.037331169965853e-07
8779.0,1.5472125663660408,0.00020055758747341973,5.037331400892242e-07
8780.0,1.5471261102281815,0.00020057487870099656,5.0373316495822e-07
8781.0,1.5470396585990693,0.00020059216902682388,5.037331893831265e-07
8782.0,1.546953211478434,0.00020060945845095597,5.037332142521223e-07
8783.0,1.5468667688659896,0.00020062674697344984,5.037332395652072e-07
8784.0,1.5467803307614412,0.00020064403459436487,5.037332662105598e-07
8785.0,1.54669389716448,0.00020066132131376274,5.0373329418818e-07
8786.0,1.5466074680747905,0.00020067860713170716,5.037333270507816e-07
8787.0,1.5465210434920371,0.00020069589204826376,5.037333568047586e-07
8788.0,1.5464346234158908,0.0002007131760635,5.03733391443717e-07
8789.0,1.5463482078459974,0.00020073045917748497,5.037334225299617e-07
8790.0,1.54626179678201,0.00020074774139028934,5.0373345716892e-07
8791.0,1.5461753902235633,0.00020076502270198525,5.037334900315216e-07
8792.0,1.5460889881702913,0.00020078230311264625,5.037335228941231e-07
8793.0,1.5460025906218215,0.00020079958262234714,5.037335575330815e-07
8794.0,1.5459161975777682,0.00020081686123116403,5.037335886193262e-07
8795.0,1.5458298090377514,0.00020083413893917415,5.037336223701061e-07
8796.0,1.5457434250013768,0.00020085141574645584,5.037336565649753e-07
8797.0,1.54565704546825,0.00020086869165308844,5.037336925362013e-07
8798.0,1.545570670437964,0.00020088596665915237,5.037337262869812e-07
8799.0,1.545484299910117,0.00020090324076472884,5.03733761814118e-07
8800.0,1.5453979338842974,0.00020092051396990008,5.037337982294332e-07
8801.0,1.5453115723600879,0.00020093778627474908,5.0373383375657e-07
8802.0,1.5452252153370722,0.0002009550576793596,5.037338710600636e-07
8803.0,1.5451388628148255,0.00020097232818381628,5.037339074753788e-07
8804.0,1.5450525147929215,0.00020098959778820432,5.03733943890694e-07
8805.0,1.544966171270933,0.00020100686649260975,5.037339820823661e-07
8806.0,1.5448798322484212,0.00020102413429711922,5.037340176095029e-07
8807.0,1.5447934977249553,0.00020104140120181995,5.037340558011749e-07
8808.0,1.5447071677000923,0.00020105866720679984,5.037340922164901e-07
8809.0,1.5446208421733927,0.00020107593231214732,5.037341295199838e-07
8810.0,1.5445345211444097,0.0002010931965179514,5.037341672675666e-07
8811.0,1.5444482046126964,0.00020111045982430155,5.037342050151494e-07
8812.0,1.5443618925778038,0.00020112772223128785,5.037342436509107e-07
8813.0,1.544275585039276,0.00020114498373900077,5.037342805103151e-07
8814.0,1.5441892819966612,0.00020116224434753126,5.037343178138087e-07
8815.0,1.5441029834495026,0.00020117950405697076,5.037343568936592e-07
8816.0,1.5440166893973386,0.0002011967628674111,5.03734394641242e-07
8817.0,1.5439303998397111,0.0002012140207789445,5.037344341651817e-07
8818.0,1.5438441147761535,0.00020123127779166363,5.037344723568538e-07
8819.0,1.5437578342062028,0.00020124853390566147,5.037345105485258e-07
8820.0,1.5436715581300169,0.00020126578912103366,5.037351855641248e-07
8821.0,1.5435852870564204,0.00020128304333574606,5.037351513692556e-07
8822.0,1.543499021494683,0.0002013002964481469,5.037354182668707e-07
8823.0,1.5434127614409798,0.0002013175484589247,5.037356038961605e-07
8824.0,1.543326506893082,0.00020133479936853353,5.037357504455997e-07
8825.0,1.5432402578492097,0.00020135204917733264,5.037358734583108e-07
8826.0,1.5431540143078621,0.00020136929788562365,5.037359809278996e-07
8827.0,1.543067776267732,0.00020138654549366813,5.037360732984553e-07
8828.0,1.5429815437276677,0.00020140379200169796,5.037361581194943e-07
8829.0,1.5428953166866248,0.00020142103740992208,5.037362358351061e-07
8830.0,1.5428090951436544,0.00020143828171853058,5.037363077775581e-07
8831.0,1.5427228790978824,0.00020145552492769803,5.037363730586719e-07
8832.0,1.5426366685485025,0.00020147276703758602,5.037364334548045e-07
8833.0,1.5425504634947638,0.00020149000804834503,5.037364894100449e-07
8834.0,1.542464263935963,0.0002015072479601159,5.037365427007501e-07
8835.0,1.5423780698714393,0.0002015244867730309,5.037365942150984e-07
8836.0,1.542291881300567,0.00020154172448721478,5.037366412885547e-07
8837.0,1.5422056982227583,0.00020155896110278558,5.037366865856541e-07
8838.0,1.5421195206374496,0.00020157619661985524,5.03736726553683e-07
8839.0,1.5420333485441144,0.00020159343103853035,5.037367665217118e-07
8840.0,1.5419471819422421,0.0002016106643589126,5.037368056015623e-07
8841.0,1.5418610208313461,0.00020162789658109906,5.037368420168775e-07
8842.0,1.5417748652109646,0.00020164512770518272,5.037368788762819e-07
8843.0,1.5416887150806486,0.00020166235773125268,5.037369126270619e-07
8844.0,1.5416025704399716,0.00020167958665939458,5.037369450455742e-07
8845.0,1.5415164312885223,0.00020169681448969071,5.037369765759081e-07
8846.0,1.541430297625901,0.00020171404122222038,5.037370036653499e-07
8847.0,1.5413441694517298,0.00020173126685706007,5.037370307547917e-07
8848.0,1.5412580467656394,0.00020174849139428368,5.037370582883227e-07
8849.0,1.5411719295672714,0.00020176571483396258,5.037370849336753e-07
8850.0,1.5410858178562818,0.00020178293717616581,5.037371115790279e-07
8851.0,1.5409997116323355,0.00020180015842096032,5.037371377802913e-07
8852.0,1.540913610895108,0.0002018173785684109,5.037371630933762e-07
8853.0,1.5408275156442834,0.00020183459761858048,5.037371866301044e-07
8854.0,1.5407414258795606,0.00020185181557153009,5.037372114991001e-07
8855.0,1.5406553416006374,0.00020186903242731905,5.037372332594714e-07
8856.0,1.5405692628072285,0.00020188624818600506,5.037372541316643e-07
8857.0,1.5404831894990516,0.00020190346284764424,5.037372736715895e-07
8858.0,1.5403971216758368,0.00020192067641229127,5.037372936556039e-07
8859.0,1.540311059337315,0.0002019378888799994,5.0373731275144e-07
8860.0,1.5402250024832278,0.00020195510025082058,5.037373314031868e-07
8861.0,1.5401389511133243,0.0002019723105248054,5.037373518312904e-07
8862.0,1.5400529052273533,0.00020198951970200335,5.037373704830372e-07
8863.0,1.5399668648250748,0.00020200672778246262,5.037373882466056e-07
8864.0,1.539880829906255,0.0002020239347662304,5.037374077865309e-07
8865.0,1.539794800470659,0.00020204114065335273,5.03737422885564e-07
8866.0,1.539708776518069,0.0002020583454438747,5.037374433136677e-07
8867.0,1.5396227580482564,0.0002020755491378404,5.0373745885679e-07
8868.0,1.5395367450610105,0.00020209275173529293,5.0373747573218e-07
8869.0,1.539450737556119,0.00020210995323627454,5.037374921634807e-07
8870.0,1.539364735533375,0.00020212715364082662,5.037375090388707e-07
8871.0,1.5392787389925753,0.0002021443529489897,5.037375241379038e-07
8872.0,1.5391927479335221,0.00020216155116080348,5.037375401251154e-07
8873.0,1.5391067623560195,0.000202178748276307,5.037375552241485e-07
8874.0,1.5390207822598772,0.00020219594429553845,5.037375698790925e-07
8875.0,1.538934807644908,0.00020221313921853535,5.037375854222148e-07
8876.0,1.5388488385109271,0.00020223033304533452,5.037376005212479e-07
8877.0,1.538762874857753,0.00020224752577597212,5.037376142880134e-07
8878.0,1.538676916685208,0.00020226471741048365,5.037376267225113e-07
8879.0,1.5385909639931212,0.000202281907948904,5.037376418215445e-07
8880.0,1.538505016780957,0.00020229909739126608,5.037372878824442e-07
8881.0,1.5384190747442534,0.00020231628579851055,5.037368064897407e-07
8882.0,1.5383331375807927,0.00020233347323114428,5.037365147231299e-07
8883.0,1.5382472052940854,0.00020235065968843735,5.037362726945105e-07
8884.0,1.538161277887032,0.00020236784516980462,5.037360555348869e-07
8885.0,1.538075355362247,0.0002023850296747213,5.037358543624748e-07
8886.0,1.537989437722162,0.00020240221320270003,5.037356625159362e-07
8887.0,1.5379035249690796,0.0002024193957532801,5.037354804393601e-07
8888.0,1.537817617105201,0.00020243657732602088,5.037353059123006e-07
8889.0,1.5377317141326465,0.0002024537579204976,5.037351349379549e-07
8890.0,1.5376458160534743,0.00020247093753629876,5.037349688485904e-07
8891.0,1.5375599228696868,0.00020248811617302394,5.03734807200118e-07
8892.0,1.5374740345832378,0.0002025052938302822,5.037346491043593e-07
8893.0,1.5373881511960392,0.00020252247050769092,5.037344945613142e-07
8894.0,1.537302272709967,0.00020253964620487477,5.037343413505369e-07
8895.0,1.537216399126866,0.00020255682092146495,5.037341912483839e-07
8896.0,1.5371305304485494,0.0002025739946570986,5.037340429225878e-07
8897.0,1.5370446666768063,0.0002025911674114182,5.037338977054162e-07
8898.0,1.536958807813398,0.00020260833918407117,5.037337547086906e-07
8899.0,1.5368729538600645,0.00020262550997470933,5.037336117119651e-07
8900.0,1.5367871048185275,0.0002026426797829887,5.037334713797748e-07
8901.0,1.536701260690486,0.00020265984860856913,5.037333319357629e-07
8902.0,1.536615421477623,0.0002026770164511141,5.037331942681078e-07
8903.0,1.5365295871816051,0.00020269418331029046,5.037330579327204e-07
8904.0,1.5364437578040817,0.0002027113491857682,5.037329233736898e-07
8905.0,1.5363579333466877,0.0002027285140772203,5.037327897028376e-07
8906.0,1.5362721138110436,0.00020274567798432257,5.037326569201639e-07
8907.0,1.536186299198758,0.00020276284090675346,5.03732525913847e-07
8908.0,1.5361004895114267,0.00020278000284419394,5.037323966838869e-07
8909.0,1.5360146847506284,0.0002027971637963274,5.037322661216592e-07
8910.0,1.53592888491794,0.00020281432376283948,5.037321382239668e-07
8911.0,1.5358430900149183,0.0002028314827434181,5.037320094380959e-07
8912.0,1.535757300043115,0.00020284864073775319,5.037318815404035e-07
8913.0,1.5356715150040707,0.00020286579774553675,5.037317549749787e-07
8914.0,1.5355857348993156,0.00020288295376646269,5.037316292977323e-07
8915.0,1.5354999597303707,0.00020290010880022677,5.037315049527535e-07
8916.0,1.5354141894987494,0.00020291726284652658,5.037313828282208e-07
8917.0,1.5353284242059542,0.00020293441590506136,5.037312615918665e-07
8918.0,1.535242663853476,0.00020295156797553205,5.037311368027986e-07
8919.0,1.5351569084428096,0.00020296871905764116,5.037310160105335e-07
8920.0,1.5350711579754293,0.00020298586915109282,5.037308938860008e-07
8921.0,1.5349854124528097,0.00020300301825559262,5.037307730937357e-07
8922.0,1.5348996718764136,0.0002030201663708476,5.037306523014706e-07
8923.0,1.5348139362477002,0.00020303731349656623,5.037305319532948e-07
8924.0,1.5347282055681204,0.00020305445963245838,5.037304129373865e-07
8925.0,1.534642479839117,0.0002030716047782352,5.037302934773891e-07
8926.0,1.5345567590621287,0.00020308874893360917,5.037301753496592e-07
8927.0,1.534471043238588,0.00020310589209829405,5.037300589982863e-07
8928.0,1.5343853323699155,0.00020312303427200482,5.03729939982378e-07
8929.0,1.5342996264575357,0.0002031401754544576,5.037298245191835e-07
8930.0,1.5342139255028573,0.0002031573156453698,5.037297068355429e-07
8931.0,1.53412822950729,0.00020317445484445987,5.037295900400807e-07
8932.0,1.534042538472238,0.00020319159305144741,5.037294754650645e-07
8933.0,1.5339568523990932,0.0002032087302660531,5.037293591136915e-07
8934.0,1.5338711712892494,0.00020322586648799875,5.03729243650497e-07
8935.0,1.533785495144094,0.0002032430017170071,5.037291299636593e-07
8936.0,1.5336998239650044,0.000203260135952802,5.037290149445539e-07
8937.0,1.53361415775336,0.00020327726919510823,5.037289017018054e-07
8938.0,1.53352849651053,0.00020329440144365162,5.037287889031461e-07
8939.0,1.53344284023788,0.0002033115326981589,5.037286752163084e-07
8940.0,1.5333571889367976,0.000203328662958358,5.037285881748232e-07
8941.0,1.5332715426939079,0.00020334579220702073,5.037290118359294e-07
8942.0,1.5331859015916691,0.00020336292042754623,5.037294008580773e-07
8943.0,1.533100265625366,0.00020338004762088103,5.037297716725675e-07
8944.0,1.533014634790538,0.0002033971737879189,5.037301327170951e-07
8945.0,1.5329290090828485,0.00020341429892952736,5.037304857680169e-07
8946.0,1.5328433884980541,0.00020343142304655583,5.037308339339575e-07
8947.0,1.532757773031979,0.00020344854613983955,5.037311772149167e-07
8948.0,1.532672162680504,0.0002034656682102022,5.037315156108946e-07
8949.0,1.5325865574395612,0.00020348278925845764,5.037318500100696e-07
8950.0,1.5325009573051267,0.000203499909285411,5.037321821887986e-07
8951.0,1.5324153622732135,0.00020351702829185972,5.037325125911707e-07
8952.0,1.5323297723398648,0.0002035341462785943,5.037328367762939e-07
8953.0,1.532244187501167,0.00020355126324639889,5.037331622936847e-07
8954.0,1.532158607753225,0.0002035683791960517,5.037334838142726e-07
8955.0,1.532073033092175,0.00020358549412832555,5.037338035585037e-07
8956.0,1.5319874635141795,0.00020360260804398806,5.037341206381996e-07
8957.0,1.531901899015427,0.00020361972094380212,5.037344381619846e-07
8958.0,1.5318163395921196,0.00020363683282852605,5.037347503566991e-07
8959.0,1.5317307852404924,0.00020365394369891384,5.037350621073244e-07
8960.0,1.531645235956796,0.00020367105355571544,5.037353738579498e-07
8961.0,1.5315596917372971,0.00020368816239967687,5.037356820558614e-07
8962.0,1.5314741525782867,0.0002037052702315404,5.037359893655946e-07
8963.0,1.5313886184760725,0.0002037223770520447,5.037362966753278e-07
8964.0,1.531303089426975,0.00020373948286192504,5.037366008764366e-07
8965.0,1.5312175654273363,0.0002037565876619133,5.037369033011885e-07
8966.0,1.5311320464735145,0.00020377369145273822,5.037372061700296e-07
8967.0,1.531046532561879,0.0002037907942351254,5.037375063743355e-07
8968.0,1.5309610236888178,0.00020380789600979747,5.037378056904629e-07
8969.0,1.5308755198507336,0.00020382499677747414,5.037381050065903e-07
8970.0,1.5307900210440397,0.00020384209653887228,5.037384016581825e-07
8971.0,1.530704527265168,0.00020385919529470608,5.037386991979531e-07
8972.0,1.530619038510559,0.00020387629304568703,5.037389945172777e-07
8973.0,1.5305335547766687,0.000203893389792524,5.037392889484238e-07
8974.0,1.5304480760599646,0.00020391048553592336,5.037395820473023e-07
8975.0,1.530362602356928,0.00020392758027658906,5.037398738139132e-07
8976.0,1.5302771336640526,0.00020394467401522255,5.037401660246132e-07
8977.0,1.5301916699778404,0.00020396176675252303,5.037404560148673e-07
8978.0,1.5301062112948083,0.0002039788584891873,5.037407455610321e-07
8979.0,1.5300207576114837,0.00020399594922591,5.037410342190185e-07
8980.0,1.5299353089244039,0.00020401303896338353,5.037413219888265e-07
8981.0,1.5298498652301176,0.00020403012770229815,5.03741608870456e-07
8982.0,1.5297644265251849,0.000204047215443342,5.037418953079964e-07
8983.0,1.529678992806174,0.00020406430218720113,5.037421799691799e-07
8984.0,1.5295935640696665,0.0002040813879345596,5.037424650744526e-07
8985.0,1.529508140312249,0.0002040984726860995,5.037427470711009e-07
8986.0,1.5294227215305252,0.00020411555644250085,5.037430299559276e-07
8987.0,1.5293373077211025,0.00020413263920444186,5.03743312396665e-07
8988.0,1.5292518988805988,0.00020414972097259883,5.037435935051349e-07
8989.0,1.5291664950056418,0.00020416680174764615,5.037438728372479e-07
8990.0,1.5290810960928718,0.00020418388153025643,5.037441543898069e-07
8991.0,1.5289957021389304,0.00020420096032110048,5.037444332778307e-07
8992.0,1.528910313140473,0.00020421803812084731,5.037447103894976e-07
8993.0,1.5288249290941658,0.00020423511493016422,5.037449875011646e-07
8994.0,1.5287395499966798,0.00020425219074971678,5.037452646128315e-07
8995.0,1.5286541758446952,0.0002042692655801689,5.037455399481416e-07
8996.0,1.528568806634902,0.00020428633942218277,5.037458161716302e-07
8997.0,1.5284834423639946,0.00020430341227641898,5.037460897305834e-07
8998.0,1.5283980830286816,0.00020432048414353648,5.037463646218043e-07
8999.0,1.528312728625674,0.00020433755502419264,5.037466377366684e-07
9000.0,1.5282273791516938,0.00020435462491904323,5.037469104074432e-07
9001.0,1.5281420347301709,0.0002043716938033824,5.037470836022351e-07
9002.0,1.5280566954857417,0.00020438876165228086,5.037471466629029e-07
9003.0,1.527971361417652,0.00020440582846590827,5.037471937363591e-07
9004.0,1.527886032525317,0.00020442289424438346,5.037472345925664e-07
9005.0,1.5278007088082393,0.00020443995898780635,5.037472718960601e-07
9006.0,1.527715390265974,0.00020445702269626635,5.037473065350184e-07
9007.0,1.5276300768981073,0.00020447408536984607,5.037473385094415e-07
9008.0,1.5275447687042507,0.00020449114700862349,5.037473687075078e-07
9009.0,1.5274594656840321,0.00020450820761267318,5.037473989055741e-07
9010.0,1.5273741678370913,0.00020452526718206719,5.037474277713727e-07
9011.0,1.5272888751630775,0.00020454232571687564,5.037474566371714e-07
9012.0,1.5272035876616479,0.00020455938321716714,5.037474841707024e-07
9013.0,1.5271183053324655,0.0002045764396830091,5.037475117042334e-07
9014.0,1.5270330281751987,0.00020459349511446796,5.037475392377644e-07
9015.0,1.5269477561895197,0.00020461054951160943,5.037475676594738e-07
9016.0,1.5268624893750997,0.0002046276028744985,5.037475925284696e-07
9017.0,1.5267772277316207,0.00020464465520319972,5.037476200620006e-07
9018.0,1.5266919712587594,0.0002046617064977772,5.037476458191747e-07
9019.0,1.5266067199561988,0.00020467875675829464,5.037476724645273e-07
9020.0,1.5265214738236204,0.00020469580598481553,5.037476986657907e-07
9021.0,1.5264362328607088,0.00020471285417740309,5.037477248670541e-07
9022.0,1.5263509970671485,0.00020472990133612033,5.037477506242283e-07
9023.0,1.5262657664426242,0.00020474694746103013,5.03747775493224e-07
9024.0,1.5261805409868259,0.00020476399255219522,5.037478025826658e-07
9025.0,1.5260953206994365,0.00020478103660967822,5.0374782833984e-07
9026.0,1.5260101055801452,0.00020479807963354172,5.037478545411034e-07
9027.0,1.52592489562864,0.00020481512162384816,5.03747881186456e-07
9028.0,1.5258396908446048,0.00020483216258066,5.037479051672733e-07
9029.0,1.5257544912277332,0.0002048492025040396,5.037479318126259e-07
9030.0,1.52566929677771,0.00020486624139404942,5.037479575698001e-07
9031.0,1.5255841074942247,0.00020488327925075175,5.037479842151527e-07
9032.0,1.525498923376964,0.00020490031607420895,5.037480090841484e-07
9033.0,1.5254137444256182,0.0002049173518644834,5.03748035729501e-07
9034.0,1.525328570639874,0.00020493438662163741,5.037480614866752e-07
9035.0,1.525243402019421,0.0002049514203457334,5.03748088576117e-07
9036.0,1.5251582385639444,0.00020496845303683372,5.037481138892019e-07
9037.0,1.5250730802731358,0.0002049854846950008,5.037481405345545e-07
9038.0,1.5249879271466813,0.00020500251532029704,5.037481671799071e-07
9039.0,1.5249027791842669,0.0002050195449127849,5.037481920489029e-07
9040.0,1.5248176363855823,0.00020503657347252686,5.037482169178986e-07
9041.0,1.524732498750317,0.00020505360099958543,5.037482444514296e-07
9042.0,1.5246473662781543,0.00020507062749402315,5.03748270652693e-07
9043.0,1.5245622389687836,0.00020508765295590257,5.037482968539564e-07
9044.0,1.5244771168218902,0.0002051046773852863,5.037483226111306e-07
9045.0,1.5243919998371631,0.00020512170078223698,5.037483483683047e-07
9046.0,1.5243068880142876,0.00020513872314681728,5.037483745695681e-07
9047.0,1.5242217813529513,0.0002051557444790899,5.037484012149207e-07
9048.0,1.5241366798528382,0.00020517276477911758,5.037484265280057e-07
9049.0,1.5240515835136372,0.00020518978404696309,5.037484531733583e-07
9050.0,1.5239664923350333,0.00020520680228268924,5.037484798187108e-07
9051.0,1.52388140631671,0.00020522381948635888,5.037485051317958e-07
9052.0,1.5237963254583562,0.0002052408356580349,5.037485313330592e-07
9053.0,1.5237112497596559,0.0002052578507977802,5.037485575343226e-07
9054.0,1.5236261792202948,0.00020527486490565775,5.037485841796752e-07
9055.0,1.5235411138399564,0.0002052918779817305,5.037486094927601e-07
9056.0,1.5234560536183284,0.00020530889002606147,5.037486361381127e-07
9057.0,1.5233709985550932,0.0002053259010387137,5.037486623393761e-07
9058.0,1.523285948649938,0.00020534291101975032,5.037486903169963e-07
9059.0,1.5232009039025423,0.0002053599199692344,5.037487147419029e-07
9060.0,1.523115864312524,0.0002053769278872287,5.037486681125358e-07
9061.0,1.5230308297608997,0.00020539393479748603,5.037483306047363e-07
9062.0,1.5229458001314706,0.00020541094072330711,5.037480068637024e-07
9063.0,1.5228607754282233,0.0002054279456638959,5.03747703550772e-07
9064.0,1.5227757556548094,0.00020544494961852026,5.03747411340072e-07
9065.0,1.5226907408147399,0.00020546195258647735,5.037471271229776e-07
9066.0,1.5226057309114298,0.00020547895456708397,5.037468500113107e-07
9067.0,1.5225207259482165,0.0002054959555596716,5.037465751200898e-07
9068.0,1.5224357259283896,0.00020551295556358348,5.037463073342963e-07
9069.0,1.522350730855177,0.00020552995457817267,5.037460408807704e-07
9070.0,1.522265740731773,0.00020554695260280079,5.037457775358689e-07
9071.0,1.5221807555613336,0.00020556394963683686,5.037455186318596e-07
9072.0,1.5220957753469786,0.0002055809456796566,5.037452619482963e-07
9073.0,1.5220108000917976,0.00020559794073064176,5.037450070410898e-07
9074.0,1.5219258297988538,0.00020561493478917964,5.037447525779726e-07
9075.0,1.5218408644711894,0.00020563192785466266,5.037445034439259e-07
9076.0,1.5217559041118123,0.000205648919926488,5.037442529776115e-07
9077.0,1.5216709487237194,0.00020566591100405722,5.037440060640108e-07
9078.0,1.5215859983098796,0.00020568290108677613,5.03743760926767e-07
9079.0,1.5215010528732438,0.00020569989017405447,5.037435166777016e-07
9080.0,1.521416112416745,0.0002057168782653057,5.03743274204993e-07
9081.0,1.5213311769432991,0.00020573386535994683,5.037430335086412e-07
9082.0,1.5212462464558016,0.00020575085145739834,5.037427937004679e-07
9083.0,1.521161320957135,0.0002057678365570839,5.037425552245622e-07
9084.0,1.5210764004501667,0.00020578482065843027,5.037423185250134e-07
9085.0,1.5209914849377444,0.00020580180376086727,5.037420813813753e-07
9086.0,1.5209065744227082,0.00020581878586382757,5.037418469022725e-07
9087.0,1.5208216689078797,0.00020583576696674662,5.037416133113481e-07
9088.0,1.520736768396067,0.00020585274706906253,5.037413806086022e-07
9089.0,1.5206518728900678,0.00020586972617021607,5.037411487940346e-07
9090.0,1.5205669823926664,0.00020588670426965053,5.037409196440024e-07
9091.0,1.520482096906631,0.0002059036813668116,5.037406896057917e-07
9092.0,1.520397216434724,0.00020592065746114733,5.037404613439378e-07
9093.0,1.5203123409796928,0.00020593763255210814,5.037402339702624e-07
9094.0,1.5202274705442735,0.00020595460663914669,5.037400074847653e-07
9095.0,1.5201426051311917,0.00020597157972171776,5.037397809992683e-07
9096.0,1.520057744743164,0.00020598855179927833,5.037395562901281e-07
9097.0,1.5199728893828943,0.00020600552287128744,5.037393320250771e-07
9098.0,1.5198880390530765,0.00020602249293720618,5.037391077600262e-07
9099.0,1.5198031937563972,0.0002060394619964976,5.037388857154212e-07
9100.0,1.5197183534955285,0.00020605643004862674,5.037386627826379e-07
9101.0,1.5196335182731389,0.00020607339709306048,5.037384416262114e-07
9102.0,1.5195486880918825,0.00020609036312926762,5.037382213579633e-07
9103.0,1.5194638629544073,0.00020610732815671876,5.037380015338044e-07
9104.0,1.5193790428633496,0.00020612429217488628,5.037377817096456e-07
9105.0,1.5192942278213415,0.00020614125518324432,5.037375636618435e-07
9106.0,1.5192094178310012,0.00020615821718126875,5.037373456140415e-07
9107.0,1.5191246128949425,0.00020617517816843713,5.037371288985071e-07
9108.0,1.519039813015768,0.00020619213814422865,5.037369121829727e-07
9109.0,1.5189550181960743,0.00020620909710812417,5.037366954674383e-07
9110.0,1.51887022843845,0.00020622605505960615,5.037364814164391e-07
9111.0,1.5187854437454738,0.0002062430119981586,5.0373626736544e-07
9112.0,1.5187006641197165,0.00020625996792326707,5.037360524262624e-07
9113.0,1.5186158895637456,0.0002062769228344187,5.037358397075309e-07
9114.0,1.5185311200801175,0.00020629387673110202,5.037356278769778e-07
9115.0,1.5184463556713794,0.00020631082961280716,5.037354156023355e-07
9116.0,1.5183615963400754,0.00020632778147902563,5.037352042158716e-07
9117.0,1.5182768420887423,0.00020634473232925037,5.037349946057645e-07
9118.0,1.5181920929199044,0.00020636168216297578,5.037347841074791e-07
9119.0,1.5181073488360843,0.0002063786309796976,5.037345727210152e-07
9120.0,1.5180226098396772,0.00020639557877891252,5.037342405422862e-07
9121.0,1.5179378756805553,0.0002064125256107326,5.037342187819149e-07
9122.0,1.5178531461067344,0.000206429471525504,5.037342547531409e-07
9123.0,1.517768421117961,0.00020644641652327173,5.03734320478344e-07
9124.0,1.5176837007134676,0.00020646336060418675,5.037344021907586e-07
9125.0,1.5175989848922888,0.0002064803037684403,5.037344910086006e-07
9126.0,1.517514273653353,0.00020649724601624658,5.037345864877807e-07
9127.0,1.517429566995513,0.00020651418734783493,5.037346881842097e-07
9128.0,1.5173448649175656,0.00020653112776344512,5.037347916569956e-07
9129.0,1.5172601674182729,0.0002065480672633248,5.037348973502276e-07
9130.0,1.517175474496367,0.00020656500584772744,5.037350048198164e-07
9131.0,1.5170907861505578,0.00020658194351691112,5.03735114065762e-07
9132.0,1.5170061023795356,0.0002065988802711375,5.037352237557968e-07
9133.0,1.5169214231819794,0.00020661581611067123,5.037353361103669e-07
9134.0,1.516836748556552,0.00020663275103577924,5.03735448464937e-07
9135.0,1.5167520785019093,0.00020664968504673038,5.037355617076855e-07
9136.0,1.5166674130166986,0.0002066666181437951,5.03735674950434e-07
9137.0,1.5165827520995632,0.00020668355032724505,5.03735789081361e-07
9138.0,1.5164980957491379,0.00020670048159735302,5.037359032122879e-07
9139.0,1.5164134439640549,0.0002067174119543926,5.037360186754825e-07
9140.0,1.5163287967429422,0.00020673434139863807,5.037361332504986e-07
9141.0,1.516244154084425,0.0002067512699303643,5.037362469373363e-07
9142.0,1.5161595159871295,0.0002067681975498466,5.037363632887093e-07
9143.0,1.516074882449674,0.00020678512425736058,5.037364774196362e-07
9144.0,1.515990253470681,0.00020680205005318218,5.037365924387416e-07
9145.0,1.5159056290487702,0.0002068189749375875,5.037367083460254e-07
9146.0,1.5158210091825588,0.00020683589891085276,5.037368233651307e-07
9147.0,1.5157363938706678,0.00020685282197325426,5.037369397165037e-07
9148.0,1.5156517831117127,0.00020686974412506833,5.037370551796982e-07
9149.0,1.5155671769043126,0.00020688666536657126,5.037371697547144e-07
9150.0,1.5154825752470873,0.0002069035856980393,5.037372843297305e-07
9151.0,1.515397978138657,0.00020692050511974863,5.037374006811035e-07
9152.0,1.515313385577638,0.00020693742363197528,5.037375152561197e-07
9153.0,1.5152287975626535,0.00020695434123499517,5.037376298311358e-07
9154.0,1.515144214092324,0.00020697125792908406,5.037377448502411e-07
9155.0,1.5150596351652708,0.0002069881737145175,5.037378589811681e-07
9156.0,1.5149750607801196,0.00020700508859157086,5.037379744443626e-07
9157.0,1.514890490935493,0.00020702200256051927,5.037380899075572e-07
9158.0,1.514805925630015,0.00020703891562163766,5.037382040384841e-07
9159.0,1.5147213648623135,0.0002070558277752007,5.037383172812326e-07
9160.0,1.5146368086310176,0.0002070727390214828,5.037384318562488e-07
9161.0,1.5145522569347545,0.00020708964936075815,5.037385455430865e-07
9162.0,1.5144677097721548,0.00020710655879330065,5.037386583417458e-07
9163.0,1.514383167141854,0.00020712346731938385,5.037387738049404e-07
9164.0,1.514298629042481,0.00020714037493928112,5.037388870476889e-07
9165.0,1.5142140954726726,0.00020715728165326546,5.037390002904374e-07
9166.0,1.5141295664310654,0.0002071741874616096,5.037391139772751e-07
9167.0,1.5140450419162979,0.00020719109236458597,5.037392285522913e-07
9168.0,1.5139605219270076,0.00020720799636246668,5.037393413509506e-07
9169.0,1.5138760064618355,0.00020722489945552354,5.037394537055206e-07
9170.0,1.5137914955194258,0.00020724180164402803,5.0373956650418e-07
9171.0,1.5137069890984223,0.00020725870292825135,5.037396797469285e-07
9172.0,1.5136224871974704,0.0002072756033084643,5.037397925455878e-07
9173.0,1.5135379898152164,0.0002072925027849375,5.037399044560686e-07
9174.0,1.5134534969503108,0.00020730940135794108,5.037400168106387e-07
9175.0,1.5133690086014042,0.00020732629902774495,5.03740129609298e-07
9176.0,1.513284524767148,0.00020734319579461866,5.037402419638681e-07
9177.0,1.513200045446197,0.00020736009165883145,5.037403547625274e-07
9178.0,1.5131155706372037,0.0002073769866206522,5.037404653407407e-07
9179.0,1.5130311003388297,0.0002073938806803495,5.037405776953108e-07
9180.0,1.5129466345497373,0.00020741077383819163,5.037406958230406e-07
9181.0,1.5128621736340917,0.0002074276660213634,5.037409089858613e-07
9182.0,1.5127777179556872,0.00020744455715705255,5.03740950730247e-07
9183.0,1.5126932675138753,0.0002074614472454138,5.037409449570873e-07
9184.0,1.5126088223087029,0.00020747833628644222,5.037409143149318e-07
9185.0,1.5125243823405217,0.00020749522428006948,5.037408699060109e-07
9186.0,1.5124399476098642,0.0002075121112261899,5.037408143948596e-07
9187.0,1.5123555181173876,0.0002075289971246726,5.037407508901026e-07
9188.0,1.5122710938638395,0.00020754588197536848,5.037406825003643e-07
9189.0,1.5121866748500357,0.00020756276577811464,5.037406096697339e-07
9190.0,1.5121022610768469,0.00020757964853273728,5.03740533730479e-07
9191.0,1.5120178525451833,0.00020759653023905386,5.03740453350332e-07
9192.0,1.511933449255996,0.00020761341089687473,5.037403698615606e-07
9193.0,1.5118490512102642,0.00020763029050600428,5.037402863727891e-07
9194.0,1.511764658408991,0.00020764716906624187,5.037402011076608e-07
9195.0,1.5116802708531998,0.00020766404657738256,5.037401131779973e-07
9196.0,1.5115958885439345,0.00020768092303921778,5.037400239160661e-07
9197.0,1.5115115114822544,0.0002076977984515358,5.037399337659565e-07
9198.0,1.5114271396692323,0.00020771467281412216,5.037398436158469e-07
9199.0,1.5113427731059517,0.00020773154612675998,5.037397521334697e-07
9200.0,1.511258411793507,0.00020774841838923027,5.037396593188248e-07
9201.0,1.5111740557330033,0.00020776528960131225,5.037395651719123e-07
9202.0,1.511089704925554,0.00020778215976278346,5.037394719131782e-07
9203.0,1.5110053593722779,0.00020779902887342003,5.037393786544442e-07
9204.0,1.5109210190742977,0.00020781589693299684,5.037392827311749e-07
9205.0,1.5108366840327494,0.00020783276394128764,5.037391881401732e-07
9206.0,1.5107523542487655,0.0002078496298980652,5.037390922169038e-07
9207.0,1.5106680297234891,0.0002078664948031014,5.037389967377237e-07
9208.0,1.5105837104580633,0.0002078833586561673,5.037389003703652e-07
9209.0,1.5104993964536357,0.00020790022145703336,5.037388031148282e-07
9210.0,1.5104150877113598,0.00020791708320546938,5.037387071915589e-07
9211.0,1.510330784232386,0.00020793394390124464,5.037386099360219e-07
9212.0,1.5102464860178717,0.000207950803544128,5.037385122363958e-07
9213.0,1.5101621930689768,0.00020796766213388788,5.037384167572156e-07
9214.0,1.5100779053868565,0.00020798451967029235,5.037383190575895e-07
9215.0,1.5099936229726747,0.00020800137615310915,5.037382213579633e-07
9216.0,1.5099093458275936,0.00020801823158210584,5.037381236583371e-07
9217.0,1.5098250739527777,0.00020803508595704972,5.037380268468894e-07
9218.0,1.509740807349389,0.00020805193927770792,5.037379291472632e-07
9219.0,1.5096565460185958,0.0002080687915438474,5.037378332239939e-07
9220.0,1.5095722899615591,0.00020808564275523505,5.037377346361893e-07
9221.0,1.5094880391794498,0.00020810249291163766,5.0373763871292e-07
9222.0,1.5094037936734306,0.00020811934201282197,5.037375410132938e-07
9223.0,1.5093195534446708,0.00020813619005855466,5.037374446459353e-07
9224.0,1.5092353184943355,0.00020815303704860242,5.037373482785767e-07
9225.0,1.509151088823589,0.00020816988298273198,5.037372496907722e-07
9226.0,1.509066864433602,0.00020818672786071003,5.037371528793244e-07
9227.0,1.5089826453255382,0.0002082035716823034,5.037370556237875e-07
9228.0,1.508898431500564,0.00020822041444727889,5.037369592564289e-07
9229.0,1.5088142229598447,0.00020823725615540345,5.037368624449812e-07
9230.0,1.5087300197045432,0.0002082540968064441,5.037367643012658e-07
9231.0,1.5086458217358283,0.00020827093640016797,5.037366688220857e-07
9232.0,1.5085616290548591,0.00020828777493634232,5.037365711224595e-07
9233.0,1.508477441662802,0.00020830461241473451,5.037364751991902e-07
9234.0,1.5083932595608167,0.0002083214488351121,5.03736377499564e-07
9235.0,1.5083090827500665,0.00020833828419724272,5.037362806881163e-07
9236.0,1.5082249112317143,0.00020835511850089423,5.037361860971146e-07
9237.0,1.5081407450069146,0.00020837195174583465,5.037360883974884e-07
9238.0,1.5080565840768305,0.00020838878393183213,5.037359920301299e-07
9239.0,1.50797242844262,0.00020840561505865507,5.037358961068605e-07
9240.0,1.507888278105438,0.000208422445126072,5.037357984072344e-07
9241.0,1.5078041330392051,0.00020843927413936202,5.037360160109472e-07
9242.0,1.5077199932152994,0.0002084561021041887,5.037362433846226e-07
9243.0,1.5076358586310057,0.00020847292902109285,5.037364707582981e-07
9244.0,1.5075517292836074,0.00020848975489061743,5.037366950233491e-07
9245.0,1.507467605170404,0.00020850657971330263,5.037369175120432e-07
9246.0,1.5073834862887145,0.00020852340348968528,5.03737141333005e-07
9247.0,1.5072993726358686,0.0002085402262202986,5.037373620453423e-07
9248.0,1.5072152642092176,0.00020855704790567235,5.037375800931443e-07
9249.0,1.5071311610061346,0.00020857386854633282,5.03737799473214e-07
9250.0,1.5070470630239996,0.00020859068814280308,5.037380153005699e-07
9251.0,1.5069629702602152,0.00020860750669560304,5.037382311279259e-07
9252.0,1.5068788827121966,0.00020862432420524953,5.037384451789251e-07
9253.0,1.506794800377374,0.00020864114067225653,5.037386570094782e-07
9254.0,1.506710723253193,0.00020865795609713517,5.037388697282097e-07
9255.0,1.5066266513371096,0.0002086747704803939,5.037390793383167e-07
9256.0,1.5065425846265972,0.00020869158382253857,5.037392907247806e-07
9257.0,1.5064585231191356,0.00020870839612407248,5.037394985585308e-07
9258.0,1.506374466812224,0.0002087252073854965,5.037397072804595e-07
9259.0,1.5062904157033667,0.0002087420176073091,5.037399128937636e-07
9260.0,1.5062063697900854,0.00020875882679000654,5.037401185070678e-07
9261.0,1.5061223290699073,0.00020877563493408281,5.037403218999259e-07
9262.0,1.5060382935403778,0.00020879244204002973,5.037405270691409e-07
9263.0,1.505954263199044,0.00020880924810833703,5.037407295738205e-07
9264.0,1.5058702380434703,0.0002088260531394924,5.037409329666787e-07
9265.0,1.5057862180712256,0.00020884285713398154,5.037411336950015e-07
9266.0,1.5057022032798926,0.0002088596600922882,5.037413339792352e-07
9267.0,1.505618193667063,0.0002088764620148942,5.037415342634688e-07
9268.0,1.505534189230334,0.00020889326290227962,5.037417327713456e-07
9269.0,1.505450189967318,0.0002089100627549226,5.037419317233116e-07
9270.0,1.505366195875631,0.0002089268615732996,5.0374212934301e-07
9271.0,1.5052822069528986,0.0002089436593578853,5.037423256304407e-07
9272.0,1.50519822319676,0.00020896045610915276,5.037425245824068e-07
9273.0,1.5051142446048507,0.00020897725182757328,5.037427173171238e-07
9274.0,1.5050302711748313,0.00020899404651361666,5.037429153809114e-07
9275.0,1.5049463029043533,0.000209010840167751,5.037431090038069e-07
9276.0,1.5048623397910865,0.0002090276327904429,5.03743301738524e-07
9277.0,1.5047783818327083,0.00020904442438215745,5.037434962495979e-07
9278.0,1.5046944290268953,0.0002090612149433582,5.037436867638689e-07
9279.0,1.5046104813713437,0.0002090780044745072,5.037438803867644e-07
9280.0,1.5045265388637445,0.00020909479297606516,5.037440709010355e-07
9281.0,1.5044426015018053,0.00020911158044849127,5.037442623034849e-07
9282.0,1.5043586692832354,0.00020912836689224336,5.037444528177559e-07
9283.0,1.5042747422057514,0.00020914515230777787,5.037446411115809e-07
9284.0,1.5041908202670802,0.00020916193669554993,5.037448302935843e-07
9285.0,1.504106903464953,0.0002091787200560133,5.037450203637661e-07
9286.0,1.504022991797105,0.00020919550238962046,5.037452077694127e-07
9287.0,1.503939085261282,0.0002092122836968226,5.037453951750592e-07
9288.0,1.503855183855234,0.0002092290639780696,5.037455825807058e-07
9289.0,1.5037712875767173,0.00020924584323381016,5.037457686540847e-07
9290.0,1.503687396423495,0.00020926262146449173,5.037459538392852e-07
9291.0,1.5036035103933365,0.00020927939867056053,5.037461394685749e-07
9292.0,1.5035196294840154,0.0002092961748524616,5.037463242096862e-07
9293.0,1.5034357536933143,0.0002093129500106388,5.037465089507975e-07
9294.0,1.5033518830190198,0.00020932972414553484,5.037466945800873e-07
9295.0,1.503268017458921,0.00020934649725759126,5.037468779889309e-07
9296.0,1.5031841570108166,0.0002093632693472485,5.037470596214177e-07
9297.0,1.5031003016725124,0.0002093800404149459,5.037472425861722e-07
9298.0,1.5030164514418156,0.00020939681046112165,5.037474246627482e-07
9299.0,1.5029326063165414,0.0002094135794862129,5.037476067393243e-07
9300.0,1.502848766294429,0.00020943034749065523,5.037477057712181e-07
9301.0,1.5027649310821911,0.00020944711453301212,5.037472523561348e-07
9302.0,1.502681100391052,0.00020946388067117724,5.037469388291527e-07
9303.0,1.5025972742249178,0.00020948064590435036,5.037466701551807e-07
9304.0,1.5025134525870476,0.0002094974102318751,5.037464236856692e-07
9305.0,1.5024296354804048,0.00020951417365315772,5.037461936474585e-07
9306.0,1.502345822907756,0.00020953093616764406,5.037459769319241e-07
9307.0,1.5022620148717225,0.00020954769777480867,5.037457664336387e-07
9308.0,1.5021782113748245,0.0002095644584741482,5.03745566149405e-07
9309.0,1.5020944124194837,0.0002095812182651772,5.037453703060635e-07
9310.0,1.5020106180080528,0.00020959797714742515,5.037451793477032e-07
9311.0,1.5019268281428222,0.00020961473512043428,5.037449941625027e-07
9312.0,1.501843042826023,0.00020963149218375791,5.037448134181943e-07
9313.0,1.5017592620598397,0.0002096482483369592,5.037446362265996e-07
9314.0,1.50167548584641,0.00020966500357961007,5.037444608113617e-07
9315.0,1.501591714187838,0.0002096817579112903,5.037442902811051e-07
9316.0,1.501507947086185,0.00020969851133158685,5.037441197508485e-07
9317.0,1.5014241845434866,0.00020971526384009335,5.037439536614841e-07
9318.0,1.501340426561743,0.00020973201543640944,5.03743790680744e-07
9319.0,1.5012566731429267,0.0002097487661201404,5.037436294763609e-07
9320.0,1.5011729242889862,0.00020976551589089673,5.037434704924237e-07
9321.0,1.5010891800018433,0.00020978226474829384,5.037433132848435e-07
9322.0,1.5010054402833974,0.00020979901269195173,5.037431569654416e-07
9323.0,1.5009217051355266,0.00020981575972149472,5.037430006460397e-07
9324.0,1.5008379745600922,0.00020983250583655127,5.0374284876753e-07
9325.0,1.5007542485589298,0.00020984925103675363,5.03742698665377e-07
9326.0,1.5006705271338607,0.00020986599532173776,5.037425503395809e-07
9327.0,1.5005868102866857,0.0002098827386911431,5.037424020137848e-07
9328.0,1.5005030980191922,0.00020989948114461242,5.037422550202564e-07
9329.0,1.5004193903331502,0.00020991622268179167,5.037421089149063e-07
9330.0,1.5003356872303144,0.00020993296330232983,5.037419641418239e-07
9331.0,1.5002519887124264,0.00020994970300587882,5.037418211450984e-07
9332.0,1.5001682947812107,0.00020996644179209338,5.037416781483728e-07
9333.0,1.5000846054383827,0.00020998317966063087,5.037415378161825e-07
9334.0,1.5000009206856393,0.0002099999166111513,5.037413965958137e-07
9335.0,1.4999172405246688,0.0002100166526433172,5.03741255375445e-07
9336.0,1.4998335649571495,0.00021003338775679343,5.037411172637007e-07
9337.0,1.499749893984743,0.00021005012195124723,5.037409795960457e-07
9338.0,1.4996662276091013,0.0002100668552263481,5.037408423724798e-07
9339.0,1.4995825658318678,0.00021008358758176765,5.037407064811816e-07
9340.0,1.4994989086546735,0.00021010031901717968,5.037405723662403e-07
9341.0,1.499415256079136,0.00021011704953226003,5.03740436474942e-07
9342.0,1.499331608106871,0.00021013377912668647,5.037403041363575e-07
9343.0,1.4992479647394767,0.00021015050780013873,5.037401709095946e-07
9344.0,1.4991643259785459,0.00021016723555229843,5.0374003857101e-07
9345.0,1.4990806918256616,0.00021018396238284902,5.037399071206039e-07
9346.0,1.4989970622823978,0.00021020068829147567,5.037397765583762e-07
9347.0,1.4989134373503197,0.00021021741327786534,5.037396468843269e-07
9348.0,1.4988298170309837,0.00021023413734170662,5.037395172102777e-07
9349.0,1.498746201325939,0.00021025086048268978,5.037393884244068e-07
9350.0,1.4986625902367268,0.00021026758270050673,5.037392609708036e-07
9351.0,1.4985789837648773,0.00021028430399485084,5.037391317408435e-07
9352.0,1.4984953819119209,0.0002103010243654171,5.037390069517755e-07
9353.0,1.4984117846793699,0.00021031774381190198,5.037388803863507e-07
9354.0,1.498328192068738,0.0002103344623340034,5.037387551531936e-07
9355.0,1.4982446040815265,0.00021035117993142068,5.037386303641256e-07
9356.0,1.4981610207192335,0.00021036789660385457,5.037385069073252e-07
9357.0,1.4980774419833458,0.00021038461235100718,5.037383821182573e-07
9358.0,1.4979938678753482,0.00021040132717258195,5.037382586614569e-07
9359.0,1.4979102983967176,0.00021041804106828368,5.037381365369242e-07
9360.0,1.4978267335489455,0.00021043475403781858,5.037380388372981e-07
9361.0,1.4977431735585116,0.00021045146603598298,5.037384269712675e-07
9362.0,1.4976596186481803,0.00021046817701810341,5.037386978656855e-07
9363.0,1.497576068814602,0.00021048488698486648,5.037389350093235e-07
9364.0,1.4974925240549137,0.0002105015959368478,5.037391530571256e-07
9365.0,1.4974089843664846,0.0002105183038745749,5.037393600026974e-07
9366.0,1.4973254497468333,0.0002105350107985447,5.037395571783065e-07
9367.0,1.4972419201935863,0.00021055171670923228,5.037397481366668e-07
9368.0,1.4971583957044536,0.00021056842160709576,5.037399328777781e-07
9369.0,1.4970748762772121,0.0002105851254925797,5.037401114016404e-07
9370.0,1.4969913619097022,0.00021060182836611736,5.037402894814136e-07
9371.0,1.4969078525997987,0.00021061853022813227,5.037404604557594e-07
9372.0,1.4968243483454313,0.00021063523107903964,5.037406300978375e-07
9373.0,1.4967408491445597,0.0002106519309192473,5.037407970753804e-07
9374.0,1.4966573549951776,0.00021066862974915656,5.037409609442989e-07
9375.0,1.496573865895309,0.0002106853275691628,5.037411234809497e-07
9376.0,1.4964903818430018,0.000210702024379656,5.037412824648868e-07
9377.0,1.4964069028363334,0.00021071872018102133,5.037414405606455e-07
9378.0,1.4963234288733995,0.0002107354149736394,5.037415973241366e-07
9379.0,1.4962399599523186,0.00021075210875788665,5.0374175275536e-07
9380.0,1.4961564960712261,0.00021076880153413573,5.037419055220482e-07
9381.0,1.4960730372282791,0.00021078549330275564,5.037420578446472e-07
9382.0,1.495989583421647,0.00021080218406411202,5.037422075027109e-07
9383.0,1.4959061346495188,0.00021081887381856732,5.03742355828507e-07
9384.0,1.4958226909100987,0.000210835562566481,5.037425041543031e-07
9385.0,1.4957392522016015,0.00021085225030820974,5.037426507037424e-07
9386.0,1.4956558185222593,0.0002108689370441075,5.037427972531816e-07
9387.0,1.4955723898703115,0.00021088562277452573,5.037429406939964e-07
9388.0,1.4954889662440183,0.00021090230749981346,5.03743085911168e-07
9389.0,1.4954055476416408,0.0002109189912203174,5.037432284638044e-07
9390.0,1.4953221340614602,0.00021093567393638203,5.037433710164407e-07
9391.0,1.4952387255017634,0.00021095235564834975,5.037435126808987e-07
9392.0,1.4951553219608467,0.00021096903635656094,5.037436516808214e-07
9393.0,1.495071923437021,0.00021098571606135402,5.037437920130117e-07
9394.0,1.4949885299286005,0.00021100239476306556,5.037439287924883e-07
9395.0,1.494905141433915,0.0002110190724620303,5.037440673483218e-07
9396.0,1.4948217579512975,0.00021103574915858132,5.037442045718876e-07
9397.0,1.494738379479092,0.00021105242485304994,5.037443422395427e-07
9398.0,1.494655006015648,0.0002110690995457659,5.037444781308409e-07
9399.0,1.4945716375593272,0.00021108577323705738,5.037446144662283e-07
9400.0,1.4944882741084942,0.00021110244592725106,5.037447499134373e-07
9401.0,1.494404915661524,0.0002111191176166721,5.037448853606463e-07
9402.0,1.4943215622167976,0.00021113578830564428,5.037450194755877e-07
9403.0,1.4942382137727024,0.00021115245799448998,5.037451527023507e-07
9404.0,1.4941548703276355,0.00021116912668353024,5.037452872613812e-07
9405.0,1.4940715318799944,0.0002111857943730848,5.037454191558766e-07
9406.0,1.4939881984281902,0.00021120246106347214,5.037455514944611e-07
9407.0,1.4939048699706354,0.00021121912675500947,5.037456833889564e-07
9408.0,1.4938215465057507,0.00021123579144801283,5.037458152834517e-07
9409.0,1.4937382280319607,0.00021125245514279706,5.037459467338579e-07
9410.0,1.4936549145476965,0.00021126911783967586,5.037460764079071e-07
9411.0,1.493571606051397,0.0002112857795389618,5.037462069701348e-07
9412.0,1.493488302541503,0.0002113024402409664,5.037463357560057e-07
9413.0,1.493405004016463,0.00021131909994600006,5.037464636536981e-07
9414.0,1.4933217104747327,0.00021133575865437215,5.037465942159258e-07
9415.0,1.4932384219147663,0.00021135241636639106,5.037467221136183e-07
9416.0,1.4931551383350288,0.00021136907308236412,5.037468500113107e-07
9417.0,1.4930718597339878,0.00021138572880259772,5.037469770208247e-07
9418.0,1.4929885861101166,0.0002114023835273973,5.037471040303387e-07
9419.0,1.4929053174618934,0.00021141903725706732,5.037472305957635e-07
9420.0,1.4928220537876706,0.0002114356899919108,5.03747225266693e-07
9421.0,1.492738795026782,0.00021145234174409688,5.037472670110787e-07
9422.0,1.4926555411192015,0.00021146899252561018,5.037472532443132e-07
9423.0,1.4925722920652167,0.00021148564233640582,5.037472461388859e-07
9424.0,1.4924890478648982,0.00021150229117646946,5.037472461388859e-07
9425.0,1.4924058085182506,0.0002115189390457998,5.037472501356888e-07
9426.0,1.4923225740252362,0.00021153558594440384,5.037472559088485e-07
9427.0,1.49223934438579,0.00021155223187229445,5.037472630142759e-07
9428.0,1.492156119599826,0.00021156887682948912,5.037472723401493e-07
9429.0,1.4920728996672374,0.00021158552081600897,5.037472825542011e-07
9430.0,1.4919896845879033,0.00021160216383187813,5.037472945446098e-07
9431.0,1.491906474361689,0.00021161880587712323,5.0374730564684e-07
9432.0,1.491823268988453,0.00021163544695177317,5.037473194136055e-07
9433.0,1.491740068468039,0.0002116520870558587,5.03747333180371e-07
9434.0,1.4916568728002866,0.00021166872618941224,5.037473482794042e-07
9435.0,1.491573681985024,0.0002116853643524677,5.037473633784373e-07
9436.0,1.4914904960220765,0.00021170200154506033,5.037473784774704e-07
9437.0,1.4914073149112606,0.00021171863776722663,5.03747394464682e-07
9438.0,1.49132413865239,0.00021173527301900414,5.03747411340072e-07
9439.0,1.49124096724527,0.0002117519073004314,5.037474273272835e-07
9440.0,1.4911578006897042,0.00021176854061154794,5.037474442026735e-07
9441.0,1.4910746389854912,0.00021178517295239406,5.037474619662419e-07
9442.0,1.4909914821324257,0.00021180180432301085,5.037474806179887e-07
9443.0,1.490908330130297,0.00021181843472344014,5.037474983815571e-07
9444.0,1.4908251829788934,0.00021183506415372441,5.037475161451255e-07
9445.0,1.4907420406780003,0.0002118516926139068,5.037475347968723e-07
9446.0,1.490658903227397,0.00021186832010403102,5.037475525604407e-07
9447.0,1.490575770626864,0.00021188494662414132,5.037475712121875e-07
9448.0,1.4904926428761784,0.00021190157217428247,5.037475916402911e-07
9449.0,1.4904095199751117,0.00021191819675449975,5.037476111802164e-07
9450.0,1.4903264019234364,0.00021193482036483883,5.037476307201416e-07
9451.0,1.4902432887209198,0.00021195144300534586,5.037476493718884e-07
9452.0,1.4901601803673332,0.0002119680646760674,5.037476706881705e-07
9453.0,1.4900770768624374,0.0002119846853770504,5.037476902280957e-07
9454.0,1.4899939782060005,0.00021200130510834212,5.037477115443778e-07
9455.0,1.489910884397779,0.00021201792386999022,5.03747731084303e-07
9456.0,1.4898277954375372,0.00021203454166204266,5.037477510683175e-07
9457.0,1.4897447113250324,0.00021205115848454774,5.037477719405103e-07
9458.0,1.489661632060021,0.00021206777433755404,5.037477914804356e-07
9459.0,1.4895785576422607,0.00021208438922111042,5.037478132408069e-07
9460.0,1.489495488071504,0.00021210100313526605,5.037478350011781e-07
9461.0,1.489412423347504,0.0002121176160800703,5.03747855873371e-07
9462.0,1.4893293634700118,0.0002121342280555728,5.037478763014747e-07
9463.0,1.48924630843878,0.00021215083906182345,5.037478976177567e-07
9464.0,1.4891632582535559,0.00021216744909887235,5.037479184899496e-07
9465.0,1.489080212914089,0.00021218405816676985,5.037479389180533e-07
9466.0,1.4889971724201274,0.00021220066626556646,5.037479602343353e-07
9467.0,1.488914136771418,0.0002122172733953129,5.037479833269742e-07
9468.0,1.4888311059677024,0.00021223387955606013,5.037480037550779e-07
9469.0,1.4887480800087285,0.00021225048474785924,5.0374802507136e-07
9470.0,1.4886650588942387,0.0002122670889707615,5.037480468317312e-07
9471.0,1.488582042623976,0.00021228369222481841,5.037480685921025e-07
9472.0,1.4884990311976831,0.00021230029451008156,5.037480916847414e-07
9473.0,1.4884160246150953,0.00021231689582660272,5.037481094483098e-07
9474.0,1.4883330228759628,0.00021233349617443386,5.037481325409487e-07
9475.0,1.4882500259800182,0.000212350095553627,5.037481538572308e-07
9476.0,1.488167033927004,0.00021236669396423443,5.037481769498697e-07
9477.0,1.488084046716656,0.00021238329140630847,5.037481991543302e-07
9478.0,1.4880010643487114,0.0002123998878799016,5.037482200265231e-07
9479.0,1.4879180868229094,0.00021241648338506645,5.037482422309836e-07
9480.0,1.4878351141383848,0.0002124330779218545,5.037476578095834e-07
9481.0,1.4877521462568881,0.0002124496714982683,5.037482302405749e-07
9482.0,1.4876691831369857,0.00021246626412226214,5.037482968539564e-07
9483.0,1.4875862247792344,0.00021248285579380496,5.037482595504628e-07
9484.0,1.4875032711838305,0.00021249944651288583,5.037482604386412e-07
9485.0,1.4874203223507403,0.00021251603627950172,5.037482497805001e-07
9486.0,1.4873373782799744,0.0002125326250936546,5.037482480041433e-07
9487.0,1.4872544389714992,0.00021254921295534994,5.037482497805001e-07
9488.0,1.4871715044252722,0.00021256579986459582,5.037482520009462e-07
9489.0,1.4870885746412421,0.0002125823858214025,5.037482551095707e-07
9490.0,1.4870056496193473,0.00021259897082578208,5.037482582181951e-07
9491.0,1.4869227293595222,0.00021261555487774814,5.037482635472657e-07
9492.0,1.4868398138616918,0.00021263213797731556,5.037482702086038e-07
9493.0,1.4867569031257755,0.00021264872012450036,5.037482777581204e-07
9494.0,1.4866739971516878,0.00021266530131931952,5.037482861958154e-07
9495.0,1.4865910959393396,0.000212681881561791,5.037482950775996e-07
9496.0,1.4865081994886369,0.0002126984608519335,5.037483048475622e-07
9497.0,1.486425307799481,0.00021271503918976652,5.037483137293464e-07
9498.0,1.4863424208717704,0.0002127316165753102,5.037483217229521e-07
9499.0,1.486259538705405,0.00021274819300858542,5.037483323810932e-07
9500.0,1.4861766613002725,0.0002127647684896136,5.037483412628774e-07
9501.0,1.486093788656265,0.00021278134301841678,5.037483492564832e-07
9502.0,1.486010920773272,0.00021279791659501744,5.037483599146242e-07
9503.0,1.4859280576511784,0.00021281448921943859,5.037483719050329e-07
9504.0,1.4858451992898623,0.0002128310608917037,5.037483812309063e-07
9505.0,1.4857623456892097,0.00021284763161183667,5.037483936654041e-07
9506.0,1.485679496849095,0.00021286420137986182,5.037484043235452e-07
9507.0,1.4855966527693958,0.00021288077019580382,5.037484154257754e-07
9508.0,1.4855138134499888,0.00021289733805968775,5.037484283043625e-07
9509.0,1.4854309788907418,0.00021291390497153904,5.037484376302359e-07
9510.0,1.4853481490915308,0.00021293047093138347,5.037484487324662e-07
9511.0,1.4852653240522244,0.00021294703593924714,5.037484607228748e-07
9512.0,1.48518250377269,0.00021296359999515644,5.037484727132835e-07
9513.0,1.4850996882527923,0.00021298016309913807,5.037484833714245e-07
9514.0,1.4850168774923993,0.00021299672525121907,5.03748494917744e-07
9515.0,1.484934071491372,0.0002130132864514267,5.037485060199742e-07
9516.0,1.4848512702495753,0.00021302984669978848,5.037485180103829e-07
9517.0,1.4847684737668694,0.00021304640599633222,5.037485313330592e-07
9518.0,1.4846856820431114,0.00021306296434108596,5.037485419912002e-07
9519.0,1.4846028950781636,0.000213079521734078,5.037485544256981e-07
9520.0,1.4845201128718817,0.00021309607817533686,5.03748566860196e-07
9521.0,1.4844373354241214,0.00021311263366489126,5.037485784065154e-07
9522.0,1.4843545627347405,0.00021312918820277018,5.037485917291917e-07
9523.0,1.4842717948035886,0.0002131457417890028,5.037486032755112e-07
9524.0,1.4841890316305235,0.00021316229442361846,5.037486165981875e-07
9525.0,1.484106273215394,0.00021317884610664678,5.037486285885961e-07
9526.0,1.4840235195580527,0.0002131953968381175,5.037486405790048e-07
9527.0,1.4839407706583503,0.0002132119466180606,5.037486539016811e-07
9528.0,1.483858026516134,0.0002132284954465062,5.037486654480006e-07
9529.0,1.4837752871312548,0.00021324504332348465,5.037486787706769e-07
9530.0,1.4836925525035598,0.00021326159024902643,5.037486925374424e-07
9531.0,1.4836098226328942,0.00021327813622316219,5.037487054160295e-07
9532.0,1.4835270975191028,0.00021329468124592276,5.037487169623489e-07
9533.0,1.4834443771620351,0.00021331122531733916,5.037487316172928e-07
9534.0,1.4833616615615317,0.0002133277684374425,5.037487444958799e-07
9535.0,1.4832789507174373,0.0002133443106062641,5.037487582626454e-07
9536.0,1.4831962446295934,0.0002133608518238354,5.037487711412325e-07
9537.0,1.4831135432978435,0.000213377392090188,5.037487840198196e-07
9538.0,1.4830308467220286,0.00021339393140535365,5.037487973424959e-07
9539.0,1.482948154901989,0.0002134104697693642,5.03748810221083e-07
9540.0,1.4828654678375668,0.0002134270071822517,5.037488257642053e-07
9541.0,1.4827827857811997,0.00021344354359353475,5.037488741699292e-07
9542.0,1.482700108985333,0.0002134600789526946,5.037488066683693e-07
9543.0,1.4826174374506726,0.00021347661325960682,5.037487071923863e-07
9544.0,1.4825347711784,0.0002134931465140378,5.037485899528349e-07
9545.0,1.4824521101699064,0.00021350967871571126,5.037484629433209e-07
9546.0,1.4823694544266992,0.00021352620986432597,5.037483297165579e-07
9547.0,1.48228680395037,0.0002135427399595643,5.037481920489029e-07
9548.0,1.482204158742567,0.0002135592690010968,5.037480517167126e-07
9549.0,1.4821215188049783,0.00021357579698858537,5.037479060554517e-07
9550.0,1.4820388841393342,0.00021359232392168513,5.037477603941909e-07
9551.0,1.4819562547473817,0.00021360884980004593,5.037476120683948e-07
9552.0,1.4818736306308955,0.00021362537462331338,5.037474628544203e-07
9553.0,1.4817910117916635,0.00021364189839112973,5.037473127522674e-07
9554.0,1.481708398231489,0.00021365842110313438,5.037471613178468e-07
9555.0,1.4816257899521847,0.00021367494275896452,5.037470081070694e-07
9556.0,1.4815431869555773,0.00021369146335825537,5.037468544522028e-07
9557.0,1.4814605892434975,0.00021370798290064067,5.037467016855146e-07
9558.0,1.4813779968177827,0.00021372450138575286,5.037465475865588e-07
9559.0,1.4812954096802757,0.00021374101881322334,5.037463930435138e-07
9560.0,1.4812128278328243,0.00021375753518268264,5.037462380563795e-07
9561.0,1.4811302512772808,0.00021377405049376064,5.037460844015129e-07
9562.0,1.4810476800154948,0.00021379056474608662,5.037459285262003e-07
9563.0,1.4809651140493256,0.00021380707793928943,5.03745773539066e-07
9564.0,1.480882553380629,0.00021382359007299765,5.037456176637534e-07
9565.0,1.4807999980112634,0.00021384010114683963,5.037454617884407e-07
9566.0,1.4807174479430896,0.00021385661116044352,5.037453076894849e-07
9567.0,1.4806349031779649,0.00021387312011343746,5.037451527023507e-07
9568.0,1.4805523637177487,0.0002138896280054495,5.03744996827038e-07
9569.0,1.4804698295643026,0.00021390613483610778,5.037448418399038e-07
9570.0,1.4803873007194825,0.00021392264060504055,5.037446855205019e-07
9571.0,1.4803047771851496,0.00021393914531187615,5.037445309774569e-07
9572.0,1.4802222589631606,0.0002139556489562431,5.037443764344118e-07
9573.0,1.48013974605537,0.00021397215153777014,5.037442210031884e-07
9574.0,1.4800572384636341,0.00021398865305608628,5.037440660160541e-07
9575.0,1.4799747361898081,0.00021400515351082075,5.037439123611875e-07
9576.0,1.4798922392357419,0.0002140216529016031,5.037437578181425e-07
9577.0,1.4798097476032868,0.00021403815122806317,5.037436032750975e-07
9578.0,1.4797272612942933,0.00021405464848983118,5.037434500643201e-07
9579.0,1.4796447803106063,0.00021407114468653766,5.037432950771858e-07
9580.0,1.4795623046540731,0.00021408763981781354,5.037431414223192e-07
9581.0,1.479479834326537,0.00021410413388329015,5.037429882115418e-07
9582.0,1.4793973693298375,0.00021412062688259918,5.037428336684968e-07
9583.0,1.479314909665817,0.00021413711881537276,5.037426813458978e-07
9584.0,1.4792324553363105,0.00021415360968124345,5.037425281351204e-07
9585.0,1.4791500063431555,0.00021417009947984422,5.037423771447891e-07
9586.0,1.4790675626881802,0.0002141865882108085,5.037422234899225e-07
9587.0,1.4789851243732204,0.00021420307587377018,5.037420716114127e-07
9588.0,1.4789026914001004,0.00021421956246836358,5.037419188447245e-07
9589.0,1.4788202637706498,0.00021423604799422353,5.037417678543932e-07
9590.0,1.4787378414866892,0.00021425253245098527,5.037416159758834e-07
9591.0,1.478655424550041,0.00021426901583828457,5.037414640973736e-07
9592.0,1.4785730129625245,0.00021428549815575768,5.037413135511315e-07
9593.0,1.4784906067259542,0.0002143019794030413,5.037411612285325e-07
9594.0,1.4784082058421466,0.00021431845957977264,5.037410102382012e-07
9595.0,1.4783258103129124,0.0002143349386855894,5.037408601360482e-07
9596.0,1.4782434201400605,0.00021435141672012983,5.037407100338953e-07
9597.0,1.4781610353253962,0.00021436789368303258,5.037405599317424e-07
9598.0,1.478078655870724,0.00021438436957393688,5.03740408941411e-07
9599.0,1.4779962817778465,0.00021440084439248243,5.037402592833473e-07
9600.0,1.4779139130485621,0.00021441731813830943,5.037401096252836e-07
9601.0,1.4778315494315435,0.00021443379086172757,5.037401820118248e-07
9602.0,1.4777491906734108,0.00021445026261339114,5.037403671970253e-07
9603.0,1.4776668367720451,0.00021446673339370735,5.037405821362029e-07
9604.0,1.4775844877248832,0.0002144832032031856,5.037408117303244e-07
9605.0,1.4775021435291853,0.00021449967204237267,5.037410493180516e-07
9606.0,1.4774198041821125,0.00021451613991183577,5.037412917907602e-07
9607.0,1.4773374696807624,0.00021453260681215475,5.03741536928004e-07
9608.0,1.4772551400221947,0.0002145490727439178,5.037417842856939e-07
9609.0,1.4771728152034405,0.0002145655377077188,5.037420351960975e-07
9610.0,1.4770904952215058,0.0002145820017041555,5.03742283886055e-07
9611.0,1.4770081800733927,0.00021459846473382844,5.037425352405478e-07
9612.0,1.4769258697560879,0.00021461492679733992,5.037427883713974e-07
9613.0,1.4768435642665714,0.00021463138789529345,5.03743039281801e-07
9614.0,1.4767612636018248,0.00021464784802829317,5.03743291080383e-07
9615.0,1.4766789677588248,0.00021466430719694352,5.037435428789649e-07
9616.0,1.4765966767345506,0.000214680765401849,5.037437964539038e-07
9617.0,1.4765143905259777,0.00021469722264361383,5.037440473643073e-07
9618.0,1.4764321091300894,0.00021471367892284183,5.037442991628893e-07
9619.0,1.476349832543867,0.00021473013424013623,5.037445487410253e-07
9620.0,1.4762675607643023,0.00021474658859609955,5.037448005396072e-07
9621.0,1.4761852937883837,0.00021476304199133354,5.037450518941e-07
9622.0,1.476103031613104,0.0002147794944264391,5.037453001399683e-07
9623.0,1.4760207742354685,0.0002147959459020161,5.037455497181043e-07
9624.0,1.4759385216524825,0.00021481239641866348,5.037458001844186e-07
9625.0,1.475856273861153,0.00021482884597697909,5.037460488743761e-07
9626.0,1.4757740308584986,0.0002148452945775597,5.037462975643336e-07
9627.0,1.4756917926415392,0.00021486174222100102,5.037465449220235e-07
9628.0,1.475609559207304,0.00021487818890789754,5.037467922797134e-07
9629.0,1.4755273305528256,0.00021489463463884265,5.037470391933141e-07
9630.0,1.4754451066751424,0.00021491107941442854,5.037472856628256e-07
9631.0,1.4753628875712994,0.0002149275232352462,5.037475312441586e-07
9632.0,1.4752806732383477,0.0002149439661018855,5.03747775493224e-07
9633.0,1.4751984636733446,0.00021496040801493498,5.037480201863787e-07
9634.0,1.475116258873354,0.0002149768489749821,5.037482648795333e-07
9635.0,1.4750340588354436,0.00021499328898261306,5.037485091285987e-07
9636.0,1.4749518635566878,0.00021500972803841281,5.037487524894857e-07
9637.0,1.4748696730341684,0.00021502616614296516,5.037489949621943e-07
9638.0,1.4747874872649718,0.00021504260329685267,5.03749235658546e-07
9639.0,1.4747053062461934,0.0002150590395006567,5.037494772430762e-07
9640.0,1.4746231299749322,0.00021507547475495744,5.037497197157847e-07
9641.0,1.4745409584482896,0.00021509190906033384,5.037499595239581e-07
9642.0,1.4744587916633805,0.00021510834241736368,5.037501993321314e-07
9643.0,1.4743766296173215,0.00021512477482662354,5.037504400284831e-07
9644.0,1.474294472307235,0.00021514120628868881,5.037506798366564e-07
9645.0,1.4742123197302481,0.00021515763680413373,5.037509174243837e-07
9646.0,1.4741301718834996,0.00021517406637353134,5.037511567884678e-07
9647.0,1.4740480287641256,0.00021519049499745357,5.037513939321059e-07
9648.0,1.4739658903692752,0.00021520692267647113,5.037516310757439e-07
9649.0,1.4738837566961003,0.0002152233494111536,5.037518691075604e-07
9650.0,1.4738016277417572,0.00021523977520206944,5.037521049189309e-07
9651.0,1.4737195035034103,0.00021525620004978594,5.037523407303013e-07
9652.0,1.4736373839782282,0.0002152726239548693,5.037525752094041e-07
9653.0,1.473555269163388,0.00021528904691788458,5.037528114648637e-07
9654.0,1.4734731590560666,0.00021530546893939572,5.037530459439665e-07
9655.0,1.473391053653451,0.00021532189001996558,5.037532795348909e-07
9656.0,1.4733089529527335,0.00021533831016015592,5.037535135699045e-07
9657.0,1.4732268569511084,0.00021535472936052736,5.037537458285613e-07
9658.0,1.4731447656457808,0.0002153711476216395,5.037539789753964e-07
9659.0,1.4730626790339552,0.00021538756494405087,5.037542103458748e-07
9660.0,1.4729805971128231,0.0002154039813283187,5.037544172914465e-07
9661.0,1.4728985197081321,0.0002154203968091598,5.03753931457851e-07
9662.0,1.4728164466509392,0.00021543681142052493,5.037535646401636e-07
9663.0,1.4727343779456985,0.0002154532251615057,5.037532275764534e-07
9664.0,1.4726523135964675,0.00021546963803128788,5.037529073881331e-07
9665.0,1.4725702536070937,0.00021548605002910115,5.037526000783998e-07
9666.0,1.4724881979812765,0.00021550246115420446,5.037522994300048e-07
9667.0,1.4724061467226142,0.00021551887140587874,5.037520085515723e-07
9668.0,1.4723240998346092,0.00021553528078342252,5.037517225581212e-07
9669.0,1.4722420573206965,0.000215551689286149,5.037514418937405e-07
9670.0,1.4721600191842459,0.00021556809691338394,5.037511661143412e-07
9671.0,1.4720779854285737,0.0002155845036644642,5.037508952199232e-07
9672.0,1.471995956056945,0.00021560090953873638,5.037506274341297e-07
9673.0,1.4719139310725808,0.00021561731453555603,5.037503618687822e-07
9674.0,1.4718319104786657,0.00021563371865428673,5.037500998561484e-07
9675.0,1.4717498942783427,0.0002156501218942995,5.037498405080498e-07
9676.0,1.4716678824747231,0.00021566652425497216,5.03749584712665e-07
9677.0,1.4715858750708846,0.000215682925735689,5.037493302495477e-07
9678.0,1.4715038720698779,0.00021569932633584026,5.037490797832334e-07
9679.0,1.4714218734747218,0.00021571572605482176,5.037488310932758e-07
9680.0,1.47133987928841,0.00021573212489203465,5.03748583735586e-07
9681.0,1.4712578895139121,0.00021574852284688507,5.037483381542529e-07
9682.0,1.4711759041541752,0.00021576491991878396,5.037480956815443e-07
9683.0,1.47109392321212,0.00021578131610714674,5.037478545411034e-07
9684.0,1.471011946690647,0.00021579771141139317,5.037476134006624e-07
9685.0,1.4709299745926387,0.00021581410583094716,5.037473749247567e-07
9686.0,1.470848006920956,0.0002158304993652366,5.037471395574755e-07
9687.0,1.4707660436784369,0.00021584689201369314,5.037469033020159e-07
9688.0,1.4706840848679086,0.00021586328377575214,5.037466697110915e-07
9689.0,1.470602130492174,0.00021587967465085245,5.037464370083455e-07
9690.0,1.4705201805540244,0.00021589606463843632,5.037462065260456e-07
9691.0,1.4704382350562297,0.00021591245373794933,5.037459769319241e-07
9692.0,1.470356294001546,0.0002159288419488402,5.037457477818919e-07
9693.0,1.4702743573927164,0.00021594522927056075,5.037455204082164e-07
9694.0,1.4701924252324652,0.00021596161570256576,5.037452948108978e-07
9695.0,1.4701104975235049,0.0002159780012443129,5.037450701017576e-07
9696.0,1.4700285742685328,0.00021599438589526266,5.037448467248851e-07
9697.0,1.4699466554702303,0.0002160107696548783,5.037446224598341e-07
9698.0,1.469864741131271,0.0002160271525226257,5.037444004152292e-07
9699.0,1.4697828312543129,0.0002160435344979733,5.037441801469811e-07
9700.0,1.4697009258419993,0.0002160599155803921,5.037439603228222e-07
9701.0,1.4696190248969627,0.00021607629576935556,5.037437413868417e-07
9702.0,1.4695371284218264,0.00021609267506433953,5.037435246713073e-07
9703.0,1.4694552364191957,0.00021610905346482217,5.037433070675945e-07
9704.0,1.4693733488916718,0.00021612543097028396,5.03743092128417e-07
9705.0,1.4692914658418388,0.00021614180758020764,5.037428776333286e-07
9706.0,1.4692095872722728,0.00021615818329407806,5.037426635823294e-07
9707.0,1.4691277131855378,0.00021617455811138227,5.037424499754195e-07
9708.0,1.4690458435841902,0.0002161909320316094,5.037422377007772e-07
9709.0,1.468963978470773,0.00021620730505425058,5.037420263143133e-07
9710.0,1.4688821178478206,0.00021622367717879902,5.03741816260117e-07
9711.0,1.4688002617178564,0.00021624004840474988,5.037416062059208e-07
9712.0,1.468718410083397,0.0002162564187316002,5.037413983721706e-07
9713.0,1.4686365629469438,0.000216272788158849,5.03741189650242e-07
9714.0,1.4685547203109957,0.00021628915668599706,5.037409818164917e-07
9715.0,1.4684728821780397,0.00021630552431254704,5.037407757590984e-07
9716.0,1.4683910485505531,0.0002163218910380034,5.037405705898834e-07
9717.0,1.4683092194310026,0.00021633825686187232,5.0374036453249e-07
9718.0,1.4682273948218512,0.00021635462178366176,5.037401602514535e-07
9719.0,1.4681455747255487,0.00021637098580288132,5.03739955970417e-07
9720.0,1.4680637591445675,0.0002163873489190424,5.037397801110899e-07
9721.0,1.4679819485917953,0.00021640371102969302,5.037402610597042e-07
9722.0,1.4679001435751478,0.00021642007203307644,5.037405306218545e-07
9723.0,1.467818344091132,0.0002164364319299189,5.037407269092853e-07
9724.0,1.4677365501373516,0.00021645279072070648,5.037408845609548e-07
9725.0,1.4676547617118927,0.0002164691484058249,5.037410177877177e-07
9726.0,1.4675729788131426,0.0002164855049855978,5.037411323627339e-07
9727.0,1.4674912014397061,0.00021650186046030543,5.037412340591629e-07
9728.0,1.4674094295903477,0.00021651821483019523,5.037413246533617e-07
9729.0,1.4673276632639618,0.00021653456809548875,5.037414063657764e-07
9730.0,1.4672459024595481,0.0002165509202563866,5.03741481860942e-07
9731.0,1.4671641471761916,0.00021656727131307178,5.037415511388588e-07
9732.0,1.467082397413051,0.00021658362126571228,5.037416128672589e-07
9733.0,1.4670006531693554,0.00021659997011446312,5.037416714870346e-07
9734.0,1.4669189144443846,0.000216616317859468,5.03741725221829e-07
9735.0,1.4668371812374725,0.0002166326645008607,5.037417767361774e-07
9736.0,1.4667554535479932,0.00021664901003876593,5.037418233655444e-07
9737.0,1.4666737313753662,0.00021666535447330043,5.03741869106733e-07
9738.0,1.46659201471904,0.00021668169780457365,5.037419090747619e-07
9739.0,1.4665103035785059,0.00021669804003268838,5.037419481546124e-07
9740.0,1.466428597953276,0.0002167143811577414,5.037419836817492e-07
9741.0,1.4663468978428982,0.00021673072117982397,5.037420183207075e-07
9742.0,1.4662652032469392,0.00021674706009902218,5.037420507392198e-07
9743.0,1.4661835141649935,0.00021676339791541744,5.037420813813753e-07
9744.0,1.466101830596677,0.00021677973462908668,5.037421111353524e-07
9745.0,1.4660201525416239,0.00021679607024010272,5.037421382247942e-07
9746.0,1.46593847999949,0.00021681240474853458,5.037421630937899e-07
9747.0,1.4658568129699476,0.0002168287381544477,5.037421870746073e-07
9748.0,1.4657751514526882,0.00021684507045790417,5.03742209723157e-07
9749.0,1.4656934954474155,0.00021686140165896287,5.037422305953498e-07
9750.0,1.465611844953853,0.0002168777317576797,5.037422519116319e-07
9751.0,1.4655301999717316,0.00021689406075410785,5.037422714515571e-07
9752.0,1.4654485605008007,0.00021691038864829774,5.03742290103304e-07
9753.0,1.4653669265408211,0.0002169267154402973,5.037423078668724e-07
9754.0,1.465285298091564,0.00021694304113015209,5.037423247422623e-07
9755.0,1.4652036751528121,0.00021695936571790534,5.037423393972063e-07
9756.0,1.465122057724363,0.00021697568920359817,5.037423544962394e-07
9757.0,1.4650404458060187,0.00021699201158726966,5.037423673748265e-07
9758.0,1.4649588393975943,0.0002170083328689569,5.037423793652351e-07
9759.0,1.4648772384989153,0.00021702465304869513,5.037423913556438e-07
9760.0,1.4647956431098121,0.00021704097212651782,5.037424020137848e-07
9761.0,1.4647140532301297,0.00021705729010245672,5.037424140041935e-07
9762.0,1.4646324688597123,0.00021707360697654194,5.037424224418885e-07
9763.0,1.464550889998424,0.00021708992274880205,5.037424348763864e-07
9764.0,1.4644693166461216,0.0002171062374192641,5.037424428699921e-07
9765.0,1.4643877488026837,0.0002171225509879537,5.037424526399548e-07
9766.0,1.4643061864679847,0.00021713886345489512,5.037424606335605e-07
9767.0,1.4642246296419141,0.0002171551748201112,5.037424704035232e-07
9768.0,1.46414307832436,0.00021717148508362363,5.037424788412181e-07
9769.0,1.4640615325152222,0.0002171877942454528,5.037424868348239e-07
9770.0,1.4639799922144028,0.00021720410230561795,5.037424930520729e-07
9771.0,1.4638984574218143,0.00021722040926413713,5.037425006015894e-07
9772.0,1.463816928137371,0.00021723671512102735,5.037425085951952e-07
9773.0,1.4637354043609918,0.00021725301987630456,5.037425152565334e-07
9774.0,1.463653886092603,0.00021726932352998362,5.037425219178715e-07
9775.0,1.463572373332133,0.00021728562608207846,5.037425259146744e-07
9776.0,1.4634908660795196,0.0002173019275326021,5.037425307996557e-07
9777.0,1.4634093643347033,0.00021731822788156652,5.037425361287262e-07
9778.0,1.463327868097625,0.00021733452712898292,5.037425401255291e-07
9779.0,1.4632463773682345,0.0002173508252748616,5.037425432341536e-07
9780.0,1.4631648921464542,0.00021736712231921183,5.037425139242657e-07
9781.0,1.4630834121000462,0.00021738341832846145,5.037423540521502e-07
9782.0,1.463001936897401,0.0002173997133689975,5.037423891351978e-07
9783.0,1.462920466538188,0.0002174160074408561,5.037424690712555e-07
9784.0,1.4628390010214731,0.00021743230054421925,5.037425698795062e-07
9785.0,1.4627575403460522,0.00021744859267932654,5.037426853427007e-07
9786.0,1.4626760845105538,0.0002174648838464513,5.037428105758579e-07
9787.0,1.462594633513494,0.00021748117404588938,5.037429415821748e-07
9788.0,1.4625131873533124,0.00021749746327795285,5.037430770293838e-07
9789.0,1.4624317460283869,0.00021751375154296582,5.037432164733957e-07
9790.0,1.4623503095370485,0.00021753003884126182,5.037433581378536e-07
9791.0,1.4622688778775943,0.00021754632517318183,5.037435042432037e-07
9792.0,1.4621874510482868,0.00021756261053907289,5.037436516808214e-07
9793.0,1.462106029047366,0.00021757889493928686,5.037438008947959e-07
9794.0,1.462024611873052,0.00021759517837417964,5.037439509969488e-07
9795.0,1.4619431995235486,0.00021761146084411055,5.037441019872801e-07
9796.0,1.4618617919970458,0.0002176277423494417,5.037442547539683e-07
9797.0,1.4617803892917196,0.00021764402289053757,5.037444079647457e-07
9798.0,1.4616989914057392,0.00021766030246776462,5.0374456295188e-07
9799.0,1.4616175983372617,0.00021767658108149093,5.037447166067466e-07
9800.0,1.4615362100844407,0.00021769285873208603,5.037448711497916e-07
9801.0,1.4614548266454228,0.0002177091354199206,5.037450265810151e-07
9802.0,1.4613734480183493,0.00021772541114536634,5.037451815681493e-07
9803.0,1.461292074201359,0.00021774168590879575,5.037453383316404e-07
9804.0,1.4612107051925836,0.00021775795971058196,5.037454937628638e-07
9805.0,1.4611293409901576,0.00021777423255109866,5.037456514145333e-07
9806.0,1.4610479815922082,0.00021779050443071997,5.037458086221136e-07
9807.0,1.4609666269968615,0.00021780677534982034,5.037459636092478e-07
9808.0,1.4608852772022474,0.0002178230453087744,5.037461199286497e-07
9809.0,1.4608039322064919,0.00021783931430795707,5.037462780244084e-07
9810.0,1.4607225920077174,0.00021785558234774325,5.037464343438103e-07
9811.0,1.460641256604051,0.0002178718494285079,5.037465911073014e-07
9812.0,1.4605599259936162,0.00021788811555062602,5.03746746982614e-07
9813.0,1.4604786001745418,0.00021790438071447247,5.037469046342835e-07
9814.0,1.460397279144951,0.00021792064492042203,5.037470618418638e-07
9815.0,1.460315962902971,0.0002179369081688493,5.037472177171765e-07
9816.0,1.46023465144673,0.0002179531704601287,5.037473740365783e-07
9817.0,1.4601533447743564,0.0002179694317946345,5.037475294678018e-07
9818.0,1.4600720428839817,0.00021798569217274064,5.037476857872036e-07
9819.0,1.4599907457737369,0.00021800195159482077,5.037478412184271e-07
9820.0,1.459909453441755,0.00021801821006124832,5.037479970937397e-07
9821.0,1.4598281658861698,0.00021803446757239634,5.03748152080874e-07
9822.0,1.4597468831051204,0.0002180507241286376,5.037483088443651e-07
9823.0,1.4596656050967405,0.00021806697973034446,5.037484633874101e-07
9824.0,1.4595843318591721,0.00021808323437788892,5.037486174863659e-07
9825.0,1.4595030633905575,0.00021809948807164262,5.037487711412325e-07
9826.0,1.459421799689042,0.00021811574081197677,5.03748926572456e-07
9827.0,1.4593405407527686,0.00021813199259926219,5.037490802273226e-07
9828.0,1.459259286579887,0.0002181482434338693,5.037492338821892e-07
9829.0,1.4591780371685474,0.00021816449331616802,5.037493884252342e-07
9830.0,1.4590967925169018,0.00021818074224652791,5.037495420801008e-07
9831.0,1.4590155526231028,0.00021819699022531807,5.037496939586106e-07
9832.0,1.458934317485313,0.00021821323725290708,5.03749849389834e-07
9833.0,1.4588530871016856,0.00021822948332966314,5.037500021565222e-07
9834.0,1.4587718614703835,0.00021824572845595395,5.03750154035032e-07
9835.0,1.4586906405895737,0.00021826197263214673,5.037503076898986e-07
9836.0,1.4586094244574184,0.00021827821585860822,5.037504600124976e-07
9837.0,1.4585282130720885,0.00021829445813570473,5.037506127791858e-07
9838.0,1.458447006431754,0.00021831069946380203,5.037507646576955e-07
9839.0,1.4583658045345889,0.00021832693984326544,5.037509165362053e-07
9840.0,1.4582846073786309,0.0002183431792744591,5.037509267502571e-07
9841.0,1.4582034148036709,0.00021835941778941865,5.037507646576955e-07
9842.0,1.4581222266518616,0.00021837565541974567,5.037505905747253e-07
9843.0,1.4580410429254689,0.0002183918921649941,5.037504400284831e-07
9844.0,1.4579598636263071,0.00021840812802479908,5.037503032490065e-07
9845.0,1.4578786887560202,0.00021842436299883137,5.037501775717601e-07
9846.0,1.4577975183161331,0.00021844059708678475,5.037500572235842e-07
9847.0,1.457716352308093,0.0002184568302883697,5.037499417603897e-07
9848.0,1.4576351907332823,0.00021847306260330986,5.037498320703548e-07
9849.0,1.4575540335930262,0.00021848929403133955,5.037497241566768e-07
9850.0,1.457472880888612,0.000218505524572202,5.037496224602478e-07
9851.0,1.4573917326212786,0.00021852175422564825,5.037495207638187e-07
9852.0,1.4573105887922422,0.0002185379829914361,5.037494230641926e-07
9853.0,1.4572294494026803,0.00021855421086932938,5.037493280291017e-07
9854.0,1.457148314453746,0.00021857043785909738,5.037492334381e-07
9855.0,1.45706718394657,0.00021858666396051422,5.037491415116335e-07
9856.0,1.4569860578822582,0.00021860288917335862,5.037490518056131e-07
9857.0,1.4569049362618969,0.00021861911349741335,5.037489638759496e-07
9858.0,1.4568238190865515,0.00021863533693246507,5.037488772785537e-07
9859.0,1.4567427063572715,0.000218651559478304,5.037487924575146e-07
9860.0,1.4566615980750885,0.0002186677811347237,5.037487076364755e-07
9861.0,1.4565804942410199,0.00021868400190152077,5.037486245917933e-07
9862.0,1.4564993948560685,0.00021870022177849485,5.037485433234679e-07
9863.0,1.4564182999212192,0.00021871644076544838,5.037484616110532e-07
9864.0,1.4563372094374494,0.00021873265886218635,5.037483816749955e-07
9865.0,1.456256123405723,0.0002187488760685163,5.037483048475622e-07
9866.0,1.456175041826984,0.0002187650923842481,5.037482249115044e-07
9867.0,1.456093964702179,0.00021878130780919394,5.037481494163387e-07
9868.0,1.4560128920322322,0.00021879752234316816,5.037480734770838e-07
9869.0,1.4559318238180625,0.00021881373598598718,5.037479993141858e-07
9870.0,1.4558507600605766,0.00021882994873746937,5.037479238190201e-07
9871.0,1.4557697007606734,0.00021884616059743503,5.037478492120329e-07
9872.0,1.4556886459192446,0.00021886237156570635,5.037477772695809e-07
9873.0,1.4556075955371686,0.00021887858164210719,5.037477053271289e-07
9874.0,1.455526549615317,0.00021889479082646318,5.037476333846769e-07
9875.0,1.4554455081545552,0.00021891099911860155,5.037475632185817e-07
9876.0,1.455364471155738,0.00021892720651835114,5.037474943847542e-07
9877.0,1.4552834386197127,0.0002189434130255423,5.037474246627482e-07
9878.0,1.45520241054732,0.00021895961864000689,5.037473549407423e-07
9879.0,1.4551213869393964,0.0002189758233615782,5.037472878832716e-07
9880.0,1.4550403677967638,0.00021899202719009088,5.037472186053549e-07
9881.0,1.4549593531202458,0.00021900823012538102,5.037471515478842e-07
9882.0,1.4548783429106549,0.0002190244321672859,5.037470849345027e-07
9883.0,1.4547973371687957,0.0002190406333156442,5.037470169888536e-07
9884.0,1.4547163358954736,0.00021905683357029574,5.037469530400074e-07
9885.0,1.4546353390914781,0.0002190730329310816,5.037468864266259e-07
9886.0,1.4545543467575994,0.000219089231397844,5.037468198132444e-07
9887.0,1.4544733588946244,0.00021910542897042636,5.037467567525766e-07
9888.0,1.4543923755033246,0.00021912162564867316,5.037466910273736e-07
9889.0,1.4543113965844767,0.00021913782143243,5.037466270785274e-07
9890.0,1.4542304221388456,0.00021915401632154353,5.037465640178596e-07
9891.0,1.4541494521671923,0.00021917021031586144,5.037465000690133e-07
9892.0,1.4540684866702747,0.00021918640341523244,5.037464374524347e-07
9893.0,1.4539875256488441,0.0002192025956195062,5.037463757240346e-07
9894.0,1.453906569103646,0.0002192187869285334,5.037463135515452e-07
9895.0,1.453825617035423,0.00021923497734216562,5.037462513790558e-07
9896.0,1.4537446694449134,0.0002192511668602554,5.037461909829233e-07
9897.0,1.4536637263328493,0.00021926735548265616,5.037461305867907e-07
9898.0,1.4535827876999583,0.00021928354320922223,5.037460701906582e-07
9899.0,1.4535018535469648,0.00021929973003980877,5.037460093504365e-07
9900.0,1.453420923874625,0.00021931591597427203,5.037459858137083e-07
9901.0,1.4533399990680063,0.00021933210093571945,5.037466039858884e-07
9902.0,1.4532590795075377,0.00021934828484788984,5.037469876789658e-07
9903.0,1.453178165188477,0.00021936446771176767,5.037473158608918e-07
9904.0,1.453097256106848,0.0002193806495281528,5.037476129565732e-07
9905.0,1.453016352259058,0.0002193968302977668,5.037478927327754e-07
9906.0,1.452935453641745,0.00021941301002128215,5.037481565217661e-07
9907.0,1.4528545602517269,0.0002194291886993365,5.037484096526157e-07
9908.0,1.4527736720859497,0.00021944536633254104,5.03748655678038e-07
9909.0,1.4526927891414638,0.0002194615429214857,5.03748892821676e-07
9910.0,1.4526119114154092,0.00021947771846674285,5.037491237480651e-07
9911.0,1.4525310389049981,0.00021949389296887015,5.037493493453837e-07
9912.0,1.4524501716075084,0.00021951006642841248,5.037495713899887e-07
9913.0,1.452369309520272,0.00021952623884590358,5.037497907700583e-07
9914.0,1.4522884526406659,0.00021954241022186717,5.037500021565222e-07
9915.0,1.4522076009661216,0.00021955858055681818,5.037502130988969e-07
9916.0,1.4521267544941012,0.00021957474985126354,5.037504196003795e-07
9917.0,1.4520459132221093,0.0002195909181057029,5.037506243255052e-07
9918.0,1.45196507714768,0.00021960708532062922,5.037508263860957e-07
9919.0,1.4518842462683788,0.0002196232514965293,5.037510257821509e-07
9920.0,1.4518034205818007,0.00021963941663388428,5.037512225136709e-07
9921.0,1.4517226000855683,0.00021965558073316994,5.037514188011016e-07
9922.0,1.4516417847773246,0.00021967174379485717,5.037516110917295e-07
9923.0,1.451560974654739,0.00021968790581941225,5.037518007178221e-07
9924.0,1.4514801697155064,0.00021970406680729706,5.037519925643608e-07
9925.0,1.4513993699573324,0.0002197202267589694,5.037521799700073e-07
9926.0,1.45131857537795,0.00021973638567488317,5.037523664874755e-07
9927.0,1.4512377859751089,0.0002197525435554886,5.037525525608544e-07
9928.0,1.4511570017465725,0.00021976870040123241,5.037527350815196e-07
9929.0,1.4510762226901266,0.00021978485621255802,5.037529171580957e-07
9930.0,1.450995448803569,0.00021980101098990562,5.037530974583149e-07
9931.0,1.450914680084715,0.0002198171647337124,5.037532777585341e-07
9932.0,1.4508339165313924,0.0002198333174444127,5.037534562823964e-07
9933.0,1.4507531581414437,0.000219849469122438,5.037536339180804e-07
9934.0,1.4506724049127242,0.00021986561976821713,5.037538106655859e-07
9935.0,1.450591656843104,0.00021988176938217635,5.03753986524913e-07
9936.0,1.4505109139304635,0.00021989791796473947,5.037541614960617e-07
9937.0,1.4504301761726957,0.00021991406551632789,5.037543355790319e-07
9938.0,1.4503494435677051,0.0002199302120373607,5.03754509217913e-07
9939.0,1.4502687161134078,0.00021994635752825478,5.037546819686156e-07
9940.0,1.4501879938077296,0.00021996250198942486,5.03754854275229e-07
9941.0,1.4501072766486067,0.0002199786454212836,5.037550252495748e-07
9942.0,1.4500265646339885,0.0002199947878242416,5.03755197112099e-07
9943.0,1.4499458577618278,0.00022001092919870754,5.037553658659988e-07
9944.0,1.449865156030094,0.0002200270695450882,5.037555355080769e-07
9945.0,1.449784459436761,0.0002200432088637885,5.037557042619767e-07
9946.0,1.4497037679798128,0.00022005934715521158,5.037558712395196e-07
9947.0,1.4496230816572426,0.0002200754844197588,5.037560373288841e-07
9948.0,1.4495424004670536,0.0002200916206578299,5.037562034182486e-07
9949.0,1.4494617244072538,0.0002201077558698229,5.037563690635238e-07
9950.0,1.449381053475863,0.00022012389005613426,5.037565347087991e-07
9951.0,1.4493003876709034,0.0002201400232171588,5.037566981336283e-07
9952.0,1.4492197269904115,0.00022015615535328985,5.037568615584576e-07
9953.0,1.4491390714324277,0.00022017228646491928,5.037570249832868e-07
9954.0,1.449058420994999,0.00022018841655243741,5.037571866317592e-07
9955.0,1.4489777756761826,0.0002202045456162332,5.0375734916841e-07
9956.0,1.4488971354740379,0.00022022067365669418,5.037575090405255e-07
9957.0,1.4488165003866356,0.00022023680067420653,5.037576689126411e-07
9958.0,1.448735870412054,0.00022025292666915506,5.03757829672935e-07
9959.0,1.4486552455483728,0.00022026905164192328,5.037579895450506e-07
9960.0,1.4485746257931065,0.00022028517559289122,5.037575632194091e-07
9961.0,1.4484940107149475,0.0002203012986085027,5.037574615229801e-07
9962.0,1.4484133998842514,0.00022031742077458953,5.037571999544355e-07
9963.0,1.4483327933047168,0.00022033354209045664,5.037570005583802e-07
9964.0,1.448252190978758,0.00022034966255561516,5.037568344690158e-07
9965.0,1.4481715929083803,0.00022036578216966178,5.037566896959333e-07
9966.0,1.44809099909533,0.00022038190093224622,5.037565613541517e-07
9967.0,1.4480104095411659,0.00022039801884305557,5.037564441146003e-07
9968.0,1.447929824247311,0.00022041413590180502,5.037563366450115e-07
9969.0,1.4478492432150745,0.00022043025210823216,5.037562358367609e-07
9970.0,1.4477686664456784,0.00022044636746209288,5.03756143022116e-07
9971.0,1.4476880939402619,0.00022046248196315837,5.03756054204274e-07
9972.0,1.4476075256999044,0.00022047859561121286,5.037559689391458e-07
9973.0,1.4475269617256283,0.00022049470840605198,5.03755889003088e-07
9974.0,1.4474464020184057,0.00022051082034748137,5.037558130638331e-07
9975.0,1.4473658465791632,0.00022052693143531556,5.037557415654703e-07
9976.0,1.4472852954087858,0.000220543041669377,5.037556713993752e-07
9977.0,1.4472047485081279,0.00022055915104949529,5.037556047859937e-07
9978.0,1.447124205878007,0.0002205752595755065,5.03755539948969e-07
9979.0,1.4470436675192129,0.00022059136724725273,5.037554768883012e-07
9980.0,1.4469631334325082,0.00022060747406458156,5.037554164921687e-07
9981.0,1.44688260361863,0.0002206235800273456,5.037553587605714e-07
9982.0,1.4468020780782922,0.00022063968513540215,5.037553036935094e-07
9983.0,1.4467215568121843,0.0002206557893886128,5.037552486264474e-07
9984.0,1.4466410398209797,0.00022067189278684324,5.037551962239206e-07
9985.0,1.44656052710533,0.00022068799532996294,5.037551451536615e-07
9986.0,1.4464800186658684,0.00022070409701784494,5.037550936393131e-07
9987.0,1.4463995145032147,0.00022072019785036564,5.037550434572324e-07
9988.0,1.4463190146179727,0.0002207362978274046,5.037549963837762e-07
9989.0,1.4462385190107285,0.0002207523969488444,5.037549510866768e-07
9990.0,1.446158027682052,0.0002207684952145704,5.03754904901399e-07
9991.0,1.446077540632508,0.00022078459262447067,5.037548618247456e-07
9992.0,1.4459970578626393,0.00022080068917843584,5.037548187480922e-07
9993.0,1.445916579372983,0.0002208167848763589,5.037547778918849e-07
9994.0,1.445836105164058,0.00022083287971813524,5.037547348152316e-07
9995.0,1.4457556352363818,0.0002208489737036624,5.037546944031135e-07
9996.0,1.445675169590454,0.0002208650668328401,5.037546548791738e-07
9997.0,1.4455947082267646,0.00022088115910557,5.037546153552341e-07
9998.0,1.445514251145798,0.00022089725052175577,5.037545771635621e-07
9999.0,1.4454337983480257,0.00022091334108130292,5.037545407482469e-07
10000.0,1.44535334983391,0.00022092943078411874,5.037545043329317e-07
10001.0,1.445272905603907,0.00022094551963011227,5.037544688057949e-07
10002.0,1.4451924656584636,0.00022096160761919418,5.037544350550149e-07
10003.0,1.4451120299980154,0.0002209776947512767,5.037543995278781e-07
10004.0,1.4450315986229965,0.0002209937810262737,5.037543657770982e-07
10005.0,1.4449511715338315,0.0002210098664441004,5.037543338026751e-07
10006.0,1.4448707487309307,0.00022102595100467355,5.037542991637167e-07
10007.0,1.4447903302147111,0.00022104203470791123,5.03754268077472e-07
10008.0,1.4447099159855699,0.0002210581175537329,5.037542352148705e-07
10009.0,1.4446295060439054,0.00022107419954205934,5.03754202352269e-07
10010.0,1.4445491003901088,0.0002210902806728125,5.037541721542027e-07
10011.0,1.4444686990245632,0.00022110636094591562,5.037541419561364e-07
10012.0,1.4443883019476451,0.00022112244036129309,5.037541108698917e-07
10013.0,1.4443079091597284,0.00022113851891887045,5.037540811159147e-07
10014.0,1.4442275206611777,0.00022115459661857439,5.037540504737592e-07
10015.0,1.444147136452358,0.0002211706734603326,5.037540216079606e-07
10016.0,1.4440667565336216,0.00022118674944407394,5.037539918539835e-07
10017.0,1.4439863809053202,0.00022120282456972819,5.037539616559172e-07
10018.0,1.4439060095678022,0.00022121889883722616,5.03753933678297e-07
10019.0,1.4438256425214069,0.00022123497224649965,5.037539057006768e-07
10020.0,1.4437452797664858,0.00022125104479748148,5.037538937102681e-07
10021.0,1.4436649218476505,0.00022126711638132003,5.037542512020821e-07
10022.0,1.4435845693068574,0.0002212831868895091,5.03754403524681e-07
10023.0,1.4435042221420298,0.00022129925632248957,5.037544781316683e-07
10024.0,1.443423880352236,0.00022131532468045549,5.037545141028943e-07
10025.0,1.443343543937022,0.00022133139196350062,5.037545256492137e-07
10026.0,1.4432632128962268,0.00022134745817165827,5.037545185437864e-07
10027.0,1.4431828872298993,0.00022136352330492045,5.037545021124856e-07
10028.0,1.4431025669382302,0.00022137958736324862,5.037544741348654e-07
10029.0,1.443022252021536,0.0002213956503465806,5.03754439495907e-07
10030.0,1.442941942480219,0.0002214117122548354,5.037543968633429e-07
10031.0,1.442861638314767,0.00022142777308791677,5.037543515662435e-07
10032.0,1.4427813395257232,0.00022144383284571548,5.037543009400736e-07
10033.0,1.442701046113686,0.0002214598915281114,5.037542432084763e-07
10034.0,1.4426207580793087,0.00022147594913497507,5.037541845887006e-07
10035.0,1.442540475423278,0.00022149200566616898,5.037541233043896e-07
10036.0,1.4424601981463159,0.0002215080611215485,5.037540589114542e-07
10037.0,1.4423799262491799,0.0002215241155009628,5.037539945185188e-07
10038.0,1.4422996597326465,0.00022154016880425548,5.037539243524236e-07
10039.0,1.442219398597529,0.00022155622103126515,5.037538550745069e-07
10040.0,1.44213914284465,0.00022157227218182605,5.037537804675196e-07
10041.0,1.442058892474865,0.00022158832225576848,5.037537076368892e-07
10042.0,1.4419786474890361,0.00022160437125291911,5.037536321417235e-07
10043.0,1.4418984078880486,0.0002216204191731014,5.037535562024686e-07
10044.0,1.4418181736728004,0.0002216364660161358,5.037534802632138e-07
10045.0,1.441737944844202,0.00022165251178184005,5.037534029916912e-07
10046.0,1.441657721403175,0.00022166855647002946,5.037533230556335e-07
10047.0,1.4415775033506568,0.00022168460008051706,5.037532426754865e-07
10048.0,1.4414972906875907,0.00022170064261311379,5.037531605189827e-07
10049.0,1.441417083414934,0.00022171668406762874,5.037530783624788e-07
10050.0,1.4413368815336487,0.00022173272444386924,5.037529953177966e-07
10051.0,1.4412566850447075,0.00022174876374164102,5.037529131612928e-07
10052.0,1.4411764939490874,0.0002217648019607483,5.037528292284321e-07
10053.0,1.4410963082477761,0.00022178083910099394,5.037527466278391e-07
10054.0,1.4410161279417641,0.0002217968751621795,5.037526622508892e-07
10055.0,1.440935953032051,0.00022181291014410542,5.037525787621178e-07
10056.0,1.440855783519636,0.00022182894404657098,5.037524917206326e-07
10057.0,1.440775619405533,0.00022184497686937452,5.037524064555043e-07
10058.0,1.4406954606907507,0.00022186100861231343,5.037523185258408e-07
10059.0,1.4406153073763113,0.00022187703927518422,5.037522332607125e-07
10060.0,1.4405351594632312,0.00022189306885778265,5.037521448869597e-07
10061.0,1.440455016952539,0.0002219090973599037,5.037520582895638e-07
10062.0,1.440374879845262,0.00022192512478134169,5.037519712480787e-07
10063.0,1.440294748142432,0.00022194115112189028,5.037518842065936e-07
10064.0,1.4402146218450824,0.00022195717638134256,5.037517958328408e-07
10065.0,1.4401345009542534,0.0002219732005594911,5.037517092354449e-07
10066.0,1.440054385470981,0.00022198922365612792,5.037516213057813e-07
10067.0,1.4399742753963103,0.00022200524567104462,5.037515342642962e-07
10068.0,1.439894170731285,0.00022202126660403234,5.037514472228111e-07
10069.0,1.4398140714769505,0.00022203728645488186,5.037513601813259e-07
10070.0,1.439733977634353,0.00022205330522338356,5.03751271363484e-07
10071.0,1.4396538892045463,0.00022206932290932756,5.03751184766088e-07
10072.0,1.4395738061885772,0.0002220853395125036,5.037510955041569e-07
10073.0,1.4394937285875034,0.00022210135503270115,5.037510093508502e-07
10074.0,1.4394136564023734,0.00022211736946970947,5.037509214211866e-07
10075.0,1.4393335896342458,0.00022213338282331757,5.037508343797015e-07
10076.0,1.439253528284174,0.00022214939509331426,5.037507460059487e-07
10077.0,1.4391734723532161,0.00022216540627948813,5.03750657632196e-07
10078.0,1.4390934218424303,0.00022218141638162764,5.03750568814354e-07
10079.0,1.4390133767528748,0.0002221974253995211,5.037504808846904e-07
10080.0,1.438933337085602,0.00022221343333295662,5.037503858495995e-07
10081.0,1.4388533024295511,0.0002222294402641284,5.037501940030609e-07
10082.0,1.4387732723738538,0.00022224544627527377,5.037502233129487e-07
10083.0,1.4386932469182987,0.00022226145136640114,5.037503050253633e-07
10084.0,1.4386132260619224,0.00022227745553769868,5.03750416491755e-07
10085.0,1.4385332098034163,0.00022229345878942502,5.037505421690014e-07
10086.0,1.4384531981412796,0.00022230946112187995,5.037506798366564e-07
10087.0,1.4383731910738722,0.0002223254625353907,5.037508263860957e-07
10088.0,1.438293188599455,0.00022234146303030407,5.037509756000702e-07
10089.0,1.4382131907162239,0.00022235746260698157,5.037511323635613e-07
10090.0,1.4381331974223117,0.0002223734612657961,5.03751292679766e-07
10091.0,1.438053208715807,0.0002223894590071295,5.037514552164168e-07
10092.0,1.4379732245947647,0.00022240545583137095,5.037516199735137e-07
10093.0,1.4378932450572097,0.0002224214517389155,5.03751787839235e-07
10094.0,1.4378132701011401,0.00022243744673016311,5.037519561490456e-07
10095.0,1.437733299724537,0.00022245344080551788,5.037521266793021e-07
10096.0,1.437653333925361,0.00022246943396538724,5.037522976536479e-07
10097.0,1.4375733727015614,0.00022248542621018154,5.037524695161721e-07
10098.0,1.4374934160510757,0.00022250141754031353,5.037526435991424e-07
10099.0,1.4374134639718268,0.00022251740795619805,5.037528176821127e-07
10100.0,1.4373335164617327,0.00022253339745825166,5.037529917650829e-07
10101.0,1.4372535735187046,0.00022254938604689237,5.037531667362316e-07
10102.0,1.4371736351406452,0.0002225653737225394,5.037533425955587e-07
10103.0,1.4370937013254532,0.00022258136048561303,5.03753518898975e-07
10104.0,1.4370137720710214,0.0002225973463365344,5.037536943142129e-07
10105.0,1.4369338473752435,0.00022261333127572533,5.037538710617184e-07
10106.0,1.4368539272360064,0.00022262931530360824,5.03754047809224e-07
10107.0,1.4367740116511944,0.000222645298420606,5.037542250008187e-07
10108.0,1.436694100618693,0.00022266128062714183,5.037544030805918e-07
10109.0,1.4366141941363815,0.00022267726192363923,5.037545780517405e-07
10110.0,1.4365342922021458,0.00022269324231052184,5.037547556874244e-07
10111.0,1.4364543948138653,0.00022270922178821344,5.037549333231084e-07
10112.0,1.4363745019694185,0.00022272520035713787,5.037551082942571e-07
10113.0,1.4362946136666908,0.00022274117801771896,5.03755285929941e-07
10114.0,1.43621472990356,0.00022275715477038043,5.037554626774465e-07
10115.0,1.4361348506779086,0.00022277313061554594,5.037556385367736e-07
10116.0,1.436054975987619,0.000222789105553639,5.037558143961007e-07
10117.0,1.4359751058305763,0.0002228050795850829,5.037559911436063e-07
10118.0,1.4358952402046634,0.00022282105271030072,5.037561678911118e-07
10119.0,1.435815379107766,0.0002228370249297153,5.037563428622605e-07
10120.0,1.4357355225377724,0.00022285299624374923,5.037565191656768e-07
10121.0,1.43565567049257,0.00022286896665282472,5.037566941368254e-07
10122.0,1.4355758229700515,0.00022288493615736367,5.037568704402418e-07
10123.0,1.4354959799681057,0.00022290090475778768,5.03757044523212e-07
10124.0,1.4354161414846305,0.00022291687245451795,5.037572208266283e-07
10125.0,1.4353363075175187,0.0002229328392479753,5.03757395797777e-07
10126.0,1.4352564780646686,0.00022294880513858015,5.037575698807473e-07
10127.0,1.4351766531239818,0.0002229647701267525,5.03757744851896e-07
10128.0,1.435096832693359,0.0002229807342129119,5.037579193789554e-07
10129.0,1.4350170167707053,0.00022299669739747754,5.037580934619257e-07
10130.0,1.4349372053539275,0.00022301265968086806,5.037582684330744e-07
10131.0,1.4348573984409323,0.00022302862106350174,5.037584416278662e-07
10132.0,1.434777596029633,0.00022304458154579632,5.03758614822658e-07
10133.0,1.4346977981179438,0.0002230605411281691,5.037587897938067e-07
10134.0,1.434618004703778,0.00022307649981103688,5.037589629885986e-07
10135.0,1.434538215785055,0.000223092457594816,5.03759135295212e-07
10136.0,1.4344584313596964,0.00022310841447992227,5.037593084900038e-07
10137.0,1.4343786514256263,0.00022312437046677103,5.037594816847957e-07
10138.0,1.4342988759807678,0.00022314032555577711,5.037596539914091e-07
10139.0,1.4342191050230515,0.00022315627974735483,5.037598262980225e-07
10140.0,1.4341393385504142,0.00022317223304191804,5.037600048218849e-07
10141.0,1.4340595766744384,0.00022318818541708723,5.037598751478356e-07
10142.0,1.4339798195092857,0.00022320413685008144,5.037596935153488e-07
10143.0,1.4339000670570987,0.00022322008734048008,5.037594994483641e-07
10144.0,1.4338203193201882,0.00022323603688782274,5.037593022727549e-07
10145.0,1.4337405763009188,0.00022325198549163688,5.037591037648781e-07
10146.0,1.4336608380016782,0.00022326793315144474,5.03758902592466e-07
10147.0,1.4335811044248716,0.0002232838798667662,5.037587031964108e-07
10148.0,1.433501375572898,0.00022329982563712057,5.037585011358203e-07
10149.0,1.4334216514481652,0.0002233157704620273,5.037583021838543e-07
10150.0,1.4333419320530696,0.0002233317143410066,5.037581032318883e-07
10151.0,1.433262217390003,0.0002233476572735799,5.037579029476547e-07
10152.0,1.4331825074613551,0.00022336359925926997,5.037577053279563e-07
10153.0,1.4331028022695018,0.00022337954029760115,5.037575081523471e-07
10154.0,1.4330231018168131,0.0002233954803880994,5.037573109767379e-07
10155.0,1.4329434061056516,0.0002234114195302924,5.03757114245218e-07
10156.0,1.4328637151383723,0.0002234273577237096,5.037569210664117e-07
10157.0,1.432784028917314,0.00022344329496788224,5.037567256671593e-07
10158.0,1.4327043474448131,0.00022345923126234336,5.03756530267907e-07
10159.0,1.4326246707231984,0.00022347516660662777,5.037563375331899e-07
10160.0,1.432544998754784,0.0002234911010002721,5.037561447984729e-07
10161.0,1.432465331541881,0.00022350703444281472,5.037559551723803e-07
10162.0,1.4323856690867838,0.00022352296693379581,5.037557633258416e-07
10163.0,1.4323060113917854,0.00022353889847275728,5.037555723674814e-07
10164.0,1.4322263584591708,0.00022355482905924277,5.03755385405924e-07
10165.0,1.4321467102912073,0.0002235707586927976,5.037551962239206e-07
10166.0,1.4320670668901627,0.00022358668737296883,5.037550074860064e-07
10167.0,1.4319874282582936,0.0002236026150993051,5.037548196362707e-07
10168.0,1.4319077943978489,0.0002236185418713568,5.037546335628917e-07
10169.0,1.4318281653110672,0.00022363446768867588,5.037544470454236e-07
10170.0,1.431748541000182,0.00022365039255081584,5.037542618602231e-07
10171.0,1.4316689214674174,0.0002236663164573318,5.037540771191118e-07
10172.0,1.4315893067149905,0.00022368223940778044,5.037538932661789e-07
10173.0,1.4315096967451093,0.00022369816140171994,5.03753709413246e-07
10174.0,1.4314300915599765,0.00022371408243870999,5.037535268925808e-07
10175.0,1.4313504911617843,0.00022373000251831176,5.037533434837371e-07
10176.0,1.4312708955527227,0.0002237459216400879,5.037531627394287e-07
10177.0,1.43119130473497,0.00022376183980360245,5.037529828832987e-07
10178.0,1.4311117187106959,0.0002237777570084209,5.037528008067227e-07
10179.0,1.43103213748207,0.0002237936732541102,5.037526213946819e-07
10180.0,1.430952561051249,0.00022380958854023857,5.037524424267303e-07
10181.0,1.430872989420385,0.00022382550286637563,5.03752263902868e-07
10182.0,1.430793422591622,0.0002238414162320924,5.037520844908272e-07
10183.0,1.4307138605671017,0.00022385732863696115,5.037519081874109e-07
10184.0,1.4306343033489526,0.00022387324008055545,5.03751730551727e-07
10185.0,1.4305547509393006,0.00022388915056245024,5.037515524719538e-07
10186.0,1.430475203340268,0.00022390506008222163,5.037513766126267e-07
10187.0,1.4303956605539656,0.00022392096863944706,5.037512011973888e-07
10188.0,1.4303161225825007,0.0002239368762337052,5.037510271144185e-07
10189.0,1.4302365894279725,0.00022395278286457587,5.037508521432699e-07
10190.0,1.4301570610924759,0.00022396868853164018,5.037506771721212e-07
10191.0,1.4300775375781019,0.00022398459323448038,5.037505044214186e-07
10192.0,1.4299980188869321,0.00022400049697267994,5.037503325588943e-07
10193.0,1.4299185050210415,0.00022401639974582344,5.037501593641025e-07
10194.0,1.4298389959825022,0.00022403230155349668,5.037499861693107e-07
10195.0,1.4297594917733816,0.0002240482023952865,5.037498147508757e-07
10196.0,1.4296799923957384,0.00022406410227078093,5.037496433324407e-07
10197.0,1.429600497851627,0.0002240800011795691,5.037494728021841e-07
10198.0,1.4295210081430962,0.0002240958991212412,5.037493027160167e-07
10199.0,1.4294415232721882,0.00022411179609538854,5.037491317416709e-07
10200.0,1.4293620432409455,0.00022412769210160348,5.037489634318604e-07
10201.0,1.429282567865019,0.00022414358717677053,5.037488723935724e-07
10202.0,1.429203096959162,0.00022415948135794358,5.037488803871781e-07
10203.0,1.429123630523344,0.0002241753746451133,5.037489105852444e-07
10204.0,1.4290441685572095,0.00022419126703834879,5.03748954105987e-07
10205.0,1.4289647110602572,0.0002242071585377491,5.037490029558e-07
10206.0,1.4288852580319051,0.00022422304914343038,5.037490575787729e-07
10207.0,1.4288058094715124,0.00022423893885552002,5.037491130899241e-07
10208.0,1.4287263653784057,0.00022425482767415327,5.037491725978782e-07
10209.0,1.4286469257518777,0.00022427071559947114,5.037492338821892e-07
10210.0,1.4285674905911987,0.0002242866026316191,5.037492947224109e-07
10211.0,1.4284880598956289,0.0002243024887707461,5.037493600035248e-07
10212.0,1.4284086336644035,0.00022431837401700377,5.037494230641926e-07
10213.0,1.4283292118967579,0.00022433425837054596,5.037494879012172e-07
10214.0,1.4282497945919121,0.00022435014183152833,5.037495545145987e-07
10215.0,1.428170381749081,0.00022436602440010798,5.037496211279802e-07
10216.0,1.4280909733674703,0.0002243819060764433,5.037496872972724e-07
10217.0,1.4280115694462867,0.00022439778686069356,5.037497552429215e-07
10218.0,1.4279321699847254,0.00022441366675301897,5.037498209681246e-07
10219.0,1.427852774981986,0.0002244295457535804,5.037498884696845e-07
10220.0,1.4277733844372587,0.0002244454238625393,5.037499559712444e-07
10221.0,1.4276939983497363,0.00022446130108005755,5.037500243609827e-07
10222.0,1.427614616718603,0.00022447717740629752,5.037500909743642e-07
10223.0,1.4275352395430516,0.0002244930528414218,5.037501611404593e-07
10224.0,1.4274558668222619,0.0002245089273855933,5.037502290861084e-07
10225.0,1.4273764985554196,0.0002245248010389751,5.037502956994899e-07
10226.0,1.4272971347417125,0.00022454067380173044,5.037503654214959e-07
10227.0,1.4272177753803195,0.0002245565456740227,5.037504338112342e-07
10228.0,1.4271384204704247,0.00022457241665601536,5.037505022009725e-07
10229.0,1.4270590700112098,0.0002245882867478719,5.037505697025324e-07
10230.0,1.4269797240018576,0.0002246041559497559,5.037506376481815e-07
10231.0,1.4269003824415518,0.00022462002426183083,5.03750706482009e-07
10232.0,1.4268210453294723,0.00022463589168426025,5.037507739835689e-07
10233.0,1.4267417126648037,0.00022465175821720766,5.037508423733073e-07
10234.0,1.426662384446728,0.00022466762386083645,5.037509107630456e-07
10235.0,1.4265830606744287,0.00022468348861531,5.037509791527839e-07
10236.0,1.426503741347088,0.00022469935248079162,5.037510466543438e-07
10237.0,1.4264244264638921,0.00022471521545744448,5.037511150440821e-07
10238.0,1.4263451160240228,0.00022473107754543168,5.037511816574636e-07
10239.0,1.4262658100266679,0.0002247469387449162,5.037512491590235e-07
10240.0,1.4261865084710128,0.0002247627990560609,5.037513175487618e-07
10241.0,1.4261072113562423,0.0002247786584790285,5.037513850503217e-07
10242.0,1.4260279186815445,0.00022479451701398162,5.0375145344006e-07
10243.0,1.4259486304461069,0.00022481037466108274,5.037515209416199e-07
10244.0,1.4258693466491177,0.00022482623142049417,5.037515893313582e-07
10245.0,1.4257900672897645,0.00022484208729237808,5.037516555006505e-07
10246.0,1.4257107923672396,0.0002248579422768965,5.037517225581212e-07
10247.0,1.425631521880734,0.0002248737963742113,5.037517909478595e-07
10248.0,1.4255522558294376,0.00022488964958448422,5.037518593375978e-07
10249.0,1.4254729942125415,0.00022490550190787674,5.037519259509793e-07
10250.0,1.4253937370292402,0.00022492135334455028,5.037519921202716e-07
10251.0,1.4253144842787284,0.00022493720389466608,5.037520591777422e-07
10252.0,1.4252352359602,0.00022495305355838517,5.037521266793021e-07
10253.0,1.4251559920728507,0.00022496890233586844,5.037521932926836e-07
10254.0,1.4250767526158774,0.00022498475022727658,5.037522607942435e-07
10255.0,1.4249975175884764,0.00022500059723277015,5.03752327407625e-07
10256.0,1.424918286989846,0.0002250164433525095,5.037523940210065e-07
10257.0,1.4248390608191852,0.00022503228858665483,5.037524597462095e-07
10258.0,1.4247598390756961,0.00022504813293536616,5.037525272477694e-07
10259.0,1.4246806217585781,0.00022506397639880332,5.037525951934185e-07
10260.0,1.424601408867125,0.00022507981897712642,5.037527577300693e-07
10261.0,1.424522200851921,0.00022509566058026489,5.03753245784111e-07
10262.0,1.4244429981614437,0.00022511150111839744,5.037534314134007e-07
10263.0,1.424363800793397,0.00022512734059203053,5.037535504293089e-07
10264.0,1.424284608746313,0.0002251431790014649,5.037536383589725e-07
10265.0,1.424205422019116,0.00022515901634691783,5.037537058605324e-07
10266.0,1.4241262406109785,0.0002251748526285562,5.03753760039416e-07
10267.0,1.424047064521241,0.00022519068784651215,5.037538026719801e-07
10268.0,1.4239678937493756,0.0002252065220008921,5.037538364227601e-07
10269.0,1.423888728294951,0.00022522235509178255,5.037538644003803e-07
10270.0,1.423809568157618,0.00022523818711925407,5.037538888252868e-07
10271.0,1.423730413337087,0.00022525401808336392,5.037539070329444e-07
10272.0,1.423651263833127,0.00022526984798415832,5.037539190233531e-07
10273.0,1.42357211964556,0.00022528567682167405,5.037539305696725e-07
10274.0,1.4234929807742391,0.00022530150459593973,5.037539385632783e-07
10275.0,1.4234138472190594,0.00022531733130697689,5.037539443364381e-07
10276.0,1.4233347189799432,0.00022533315695480067,5.037539474450625e-07
10277.0,1.4232555960568438,0.00022534898153942065,5.037539474450625e-07
10278.0,1.4231764784497394,0.0002253648050608414,5.037539470009733e-07
10279.0,1.4230973661586273,0.00022538062751906298,5.037539430041704e-07
10280.0,1.4230182591835319,0.0002253964489140814,5.037539394514567e-07
10281.0,1.422939157524488,0.00022541226924588896,5.037539332342078e-07
10282.0,1.422860061181554,0.00022542808851447454,5.037539270169589e-07
10283.0,1.4227809701547982,0.0002254439067198239,5.037539181351747e-07
10284.0,1.42270188444431,0.00022545972386191996,5.037539101415689e-07
10285.0,1.4226228040501834,0.00022547553994074301,5.037538990393386e-07
10286.0,1.4225437289725325,0.0002254913549562709,5.037538874930192e-07
10287.0,1.4224646592114785,0.00022550716890847923,5.037538750585213e-07
10288.0,1.4223855947671544,0.00022552298179734148,5.037538621799342e-07
10289.0,1.4223065356397022,0.0002255387936228292,5.037538488572579e-07
10290.0,1.4222274818292735,0.00022555460438491203,5.03753834202314e-07
10291.0,1.42214843333603,0.000225570414083558,5.037538204355485e-07
10292.0,1.4220693901601353,0.00022558622271873343,5.037538031160693e-07
10293.0,1.4219903523017705,0.0002256020302904032,5.037537871288578e-07
10294.0,1.4219113197611162,0.00022561783679853075,5.03753770697557e-07
10295.0,1.42183229253836,0.0002256336422430782,5.03753751601721e-07
10296.0,1.4217532706337015,0.00022564944662400638,5.037537342822418e-07
10297.0,1.421674254047339,0.00022566524994127498,5.037537147423166e-07
10298.0,1.421595242779483,0.00022568105219484253,5.037536960905697e-07
10299.0,1.4215162368303438,0.0002256968533846665,5.037536769947337e-07
10300.0,1.4214372362001417,0.0002257126535107034,5.037536592311653e-07
10301.0,1.4213582408890946,0.00022572845257290872,5.037536388030617e-07
10302.0,1.421279250897433,0.00022574425057123707,5.037536188190472e-07
10303.0,1.4212002662253875,0.00022576004750564222,5.03753599279122e-07
10304.0,1.421121286873193,0.0002257758433760771,5.037535788510183e-07
10305.0,1.4210423128410874,0.00022579163818249386,5.037535575347363e-07
10306.0,1.4209633441293177,0.00022580743192484394,5.03753537994811e-07
10307.0,1.420884380738128,0.00022582322460307805,5.037535184548858e-07
10308.0,1.420805422667765,0.00022583901621714623,5.037534971386037e-07
10309.0,1.420726469918487,0.0002258548067669979,5.037534767105001e-07
10310.0,1.420647522490545,0.00022587059625258184,5.037534545060396e-07
10311.0,1.4205685803842014,0.00022588638467384628,5.037534331897575e-07
10312.0,1.420489643599716,0.00022590217203073888,5.03753410985297e-07
10313.0,1.420410712137355,0.00022591795832320675,5.037533892249257e-07
10314.0,1.4203317859973843,0.0002259337435511965,5.037533674645545e-07
10315.0,1.4202528651800725,0.00022594952771465423,5.037533443719155e-07
10316.0,1.4201739496856933,0.00022596531081352567,5.037533221674551e-07
10317.0,1.4200950395145175,0.000225981092847756,5.037532981866377e-07
10318.0,1.420016134666825,0.00022599687381729002,5.03753275538088e-07
10319.0,1.4199372351428914,0.00022601265372207212,5.037532528895383e-07
10320.0,1.4198583409427794,0.00022602843256204532,5.037530068641161e-07
10321.0,1.4197794515094238,0.0002260442104486812,5.037528301166105e-07
10322.0,1.419700566286395,0.00022605998749327525,5.03752771940924e-07
10323.0,1.4196216852747716,0.00022607576369560375,5.037527910367601e-07
10324.0,1.4195428084743766,0.00022609153905569387,5.037528465479113e-07
10325.0,1.4194639358845618,0.0002261073135736728,5.037529260398799e-07
10326.0,1.4193850675043858,0.00022612308724972736,5.037530228513276e-07
10327.0,1.4193062033327053,0.00022613886008408479,5.037531298768272e-07
10328.0,1.4192273433682372,0.00022615463207700177,5.037532466722894e-07
10329.0,1.4191484876095837,0.00022617040322875758,5.037533719054466e-07
10330.0,1.4190696360552562,0.0002261861735396493,5.037535033558527e-07
10331.0,1.4189907887036965,0.0002262019430099884,5.037536392471509e-07
10332.0,1.4189119455532853,0.00022621771164009832,5.037537773588951e-07
10333.0,1.418833106602359,0.00022623347943031243,5.037539216878884e-07
10334.0,1.418754271849205,0.0002262492463809726,5.037540682373276e-07
10335.0,1.4186754412920777,0.00022626501249242795,5.037542183394805e-07
10336.0,1.418596614929198,0.0002262807777650339,5.037543679975443e-07
10337.0,1.4185177927587638,0.00022629654219915126,5.037545203201432e-07
10338.0,1.4184389747789468,0.00022631230579514569,5.037546757513667e-07
10339.0,1.4183601609878962,0.00022632806855338704,5.037548320707685e-07
10340.0,1.4182813513837464,0.0002263438304742489,5.037549914987949e-07
10341.0,1.418202545964608,0.00022635959155810817,5.037551491504644e-07
10342.0,1.4181237447285864,0.0002263753518053446,5.037553099107583e-07
10343.0,1.4180449476737684,0.00022639111121634066,5.037554724474091e-07
10344.0,1.4179661547982272,0.00022640686979148104,5.037556332077031e-07
10345.0,1.4178873661000313,0.00022642262753115266,5.037557948561755e-07
10346.0,1.4178085815772385,0.00022643838443574425,5.037559600573616e-07
10347.0,1.4177298012278916,0.00022645414050564627,5.037561234821908e-07
10348.0,1.4176510250500338,0.00022646989574125065,5.037562877951984e-07
10349.0,1.4175722530416994,0.00022648565014295072,5.037564538845629e-07
10350.0,1.417493485200914,0.000226501403711141,5.037566195298382e-07
10351.0,1.4174147215256985,0.00022651715644621715,5.037567847310243e-07
10352.0,1.4173359620140709,0.00022653290834857574,5.037569503762995e-07
10353.0,1.4172572066640445,0.00022654865941861433,5.03757116465664e-07
10354.0,1.4171784554736273,0.0002265644096567312,5.037572838872961e-07
10355.0,1.417099708440823,0.00022658015906332538,5.037574504207498e-07
10356.0,1.417020965563633,0.00022659590763879649,5.037576160660251e-07
10357.0,1.4169422268400593,0.00022661165538354473,5.037577834876572e-07
10358.0,1.4168634922680954,0.00022662740229797079,5.037579495770217e-07
10359.0,1.416784761845737,0.0002266431483824758,5.037581165545646e-07
10360.0,1.4167060355709769,0.00022665889363746125,5.037582835321075e-07
10361.0,1.4166273134418066,0.00022667463806332898,5.037584522860072e-07
10362.0,1.4165485954562127,0.00022669038166048112,5.037586188194609e-07
10363.0,1.4164698816121861,0.00022670612442932,5.037587866851823e-07
10364.0,1.4163911719077134,0.00022672186637024818,5.037589549949928e-07
10365.0,1.4163124663407787,0.00022673760748366837,5.037591210843573e-07
10366.0,1.4162337649093721,0.00022675334776998339,5.03759289838257e-07
10367.0,1.4161550676114762,0.00022676908722959617,5.037594577039783e-07
10368.0,1.4160763744450768,0.0002267848258629097,5.037596255696997e-07
10369.0,1.4159976854081577,0.000226800563670327,5.03759793435421e-07
10370.0,1.4159190004987035,0.0002268163006522511,5.037599595247855e-07
10371.0,1.4158403197147027,0.00022683203680908505,5.037601282786852e-07
10372.0,1.4157616430541364,0.0002268477721412318,5.037602961444065e-07
10373.0,1.415682970514992,0.0002268635066490943,5.037604640101279e-07
10374.0,1.4156043020952542,0.00022687924033307536,5.037606318758492e-07
10375.0,1.41552563779291,0.00022689497319357775,5.037607992974813e-07
10376.0,1.4154469776059453,0.00022691070523100414,5.037609667191134e-07
10377.0,1.4153683215323483,0.000226926436445757,5.037611336966563e-07
10378.0,1.4152896695701076,0.0002269421668382387,5.037613015623776e-07
10379.0,1.415211021717211,0.00022695789640885146,5.037614685399205e-07
10380.0,1.4151323779717453,0.00022697362515799777,5.037617349934465e-07
10381.0,1.4150537386973467,0.0002269893530128893,5.037617936132222e-07
10382.0,1.4149751042590837,0.00022700507990052555,5.037617119008075e-07
10383.0,1.4148964746577453,0.00022702080582076765,5.037615840031151e-07
10384.0,1.4148178498948307,0.00022703653077332073,5.037614347891406e-07
10385.0,1.414739229972119,0.00022705225475783047,5.037612722524898e-07
10386.0,1.414660614891556,0.00022706797777390862,5.037610995017872e-07
10387.0,1.4145820046551976,0.00022708369982114498,5.037609231983708e-07
10388.0,1.4145033992651705,0.00022709942089911399,5.037607411217948e-07
10389.0,1.4144247987236593,0.0002271151410073789,5.037605546043267e-07
10390.0,1.4143462030328915,0.00022713086014549468,5.037603654223233e-07
10391.0,1.4142676121951263,0.00022714657831300985,5.037601762403199e-07
10392.0,1.414189026212642,0.00022716229550946804,5.037599826174244e-07
10393.0,1.414110445087744,0.000227178011734409,5.037597894386181e-07
10394.0,1.414031868822748,0.00022719372698736946,5.037595958157226e-07
10395.0,1.4139532974199804,0.00022720944126788386,5.037593999723811e-07
10396.0,1.413874730881781,0.00022722515457548472,5.037592050172179e-07
10397.0,1.4137961692104914,0.00022724086690970318,5.037590078416088e-07
10398.0,1.4137176124084645,0.00022725657827006937,5.037588119982672e-07
10399.0,1.413639060478051,0.0002272722886561126,5.03758614822658e-07
10400.0,1.4135605134216103,0.00022728799806736168,5.037584194234057e-07
10401.0,1.4134819712414959,0.00022730370650334507,5.037582218037073e-07
10402.0,1.413403433940069,0.00022731941396359113,5.037580250721874e-07
10403.0,1.4133249015196876,0.00022733512044762814,5.037578287847566e-07
10404.0,1.4132463739827084,0.0002273508259549845,5.037576316091474e-07
10405.0,1.4131678513314903,0.00022736653048518888,5.037574353217167e-07
10406.0,1.4130893335683874,0.00022738223403777021,5.037572390342859e-07
10407.0,1.4130108206957535,0.00022739793661225786,5.037570436350336e-07
10408.0,1.4129323127159388,0.0002274136382081816,5.037568473476028e-07
10409.0,1.4128538096312924,0.00022742933882507173,5.037566515042613e-07
10410.0,1.41277531144416,0.00022744503846245913,5.03756456105009e-07
10411.0,1.412696818156885,0.0002274607371198753,5.037562620380243e-07
10412.0,1.412618329771805,0.0002274764347968524,5.037560675269503e-07
10413.0,1.4125398462912566,0.0002274921314929232,5.037558730158764e-07
10414.0,1.412461367717572,0.00022750782720762125,5.037556785048025e-07
10415.0,1.4123828940530805,0.00022752352194048084,5.037554853259962e-07
10416.0,1.4123044253001062,0.000227539215691037,5.037552917031007e-07
10417.0,1.4122259614609698,0.0002275549084588255,5.03755097636116e-07
10418.0,1.4121475025379913,0.000227570600243383,5.037549066777558e-07
10419.0,1.4120690485334797,0.00022758629104424692,5.037547148312171e-07
10420.0,1.4119905994497437,0.00022760198086095546,5.037545216524109e-07
10421.0,1.411912155289091,0.00022761766969304773,5.037543302499614e-07
10422.0,1.4118337160538206,0.00022763335754006367,5.037541392916012e-07
10423.0,1.4117552817462273,0.000227649044401544,5.037539478891517e-07
10424.0,1.411676852368605,0.0002276647302770304,5.037537573748807e-07
10425.0,1.411598427923241,0.0002276804151660653,5.037535681928773e-07
10426.0,1.4115200084124169,0.0002276960990681921,5.037533781226955e-07
10427.0,1.4114415938384135,0.000227711781982955,5.037531889406921e-07
10428.0,1.4113631842035035,0.0002277274639098991,5.037529997586887e-07
10429.0,1.411284779509959,0.00022774314484857034,5.037528114648637e-07
10430.0,1.4112063797600451,0.0002277588247985156,5.03752623615128e-07
10431.0,1.4111279849560214,0.00022777450375928253,5.037524348772138e-07
10432.0,1.411049595100147,0.00022779018173041976,5.037522465833888e-07
10433.0,1.410971210194675,0.00022780585871147674,5.037520591777422e-07
10434.0,1.4108928302418524,0.0002278215347020038,5.037518717720957e-07
10435.0,1.4108144552439246,0.00022783720970155212,5.037516856987168e-07
10436.0,1.41073608520313,0.00022785288370967378,5.037514996253378e-07
10437.0,1.4106577201217045,0.0002278685567259217,5.037513135519589e-07
10438.0,1.4105793600018788,0.00022788422874984969,5.0375112747858e-07
10439.0,1.4105010048458808,0.0002278998997810124,5.037509436256471e-07
10440.0,1.410422654655912,0.00022791556981896524,5.037507384564321e-07
10441.0,1.4103443093276238,0.00022793123888460162,5.037506327632002e-07
10442.0,1.4102659687557602,0.00022794690699896687,5.037505950156174e-07
10443.0,1.4101876329408005,0.00022796257416195394,5.037505705907108e-07
10444.0,1.4101093018830528,0.00022797824037349966,5.03750551938964e-07
10445.0,1.4100309755827503,0.00022799390563355712,5.037505363958417e-07
10446.0,1.4099526540400795,0.00022800956994208855,5.037505226290762e-07
10447.0,1.4098743372552007,0.0002280252332990621,5.037505119709351e-07
10448.0,1.409796025228252,0.00022804089570444987,5.037505022009725e-07
10449.0,1.4097177179593563,0.00022805655715822692,5.037504915428315e-07
10450.0,1.409639415448631,0.0002280722176603705,5.037504839933149e-07
10451.0,1.4095611176961775,0.0002280878772108595,5.037504755556199e-07
10452.0,1.4094828247020967,0.0002281035358096741,5.037504675620141e-07
10453.0,1.4094045364664818,0.00022811919345679544,5.037504595684084e-07
10454.0,1.4093262529894248,0.00022813485015220556,5.037504533511594e-07
10455.0,1.4092479742710113,0.0002281505058958871,5.037504471339105e-07
10456.0,1.4091697003113233,0.00022816616068782323,5.037504400284831e-07
10457.0,1.4090914311104445,0.0002281818145279975,5.037504329230558e-07
10458.0,1.409013166668456,0.00022819746741639386,5.037504258176284e-07
10459.0,1.4089349069854376,0.00022821311935299649,5.037504204885579e-07
10460.0,1.4088566520614638,0.00022822877033778978,5.037504133831305e-07
10461.0,1.4087784018966152,0.00022824442037075836,5.037504076099708e-07
10462.0,1.4087001564909645,0.00022826006945188694,5.03750399616365e-07
10463.0,1.408621915844593,0.00022827571758116035,5.037503951754729e-07
10464.0,1.4085436799575712,0.0002282913647585635,5.037503894023132e-07
10465.0,1.4084654488299753,0.0002283070109840814,5.037503827409751e-07
10466.0,1.4083872224618823,0.00022832265625769902,5.037503778559937e-07
10467.0,1.4083090008533625,0.00022833830057940145,5.037503703064772e-07
10468.0,1.4082307840044952,0.00022835394394917378,5.037503645333175e-07
10469.0,1.4081525719153511,0.00022836958636700106,5.037503569838009e-07
10470.0,1.4080743645860092,0.0002283852278328684,5.037503520988196e-07
10471.0,1.4079961620165409,0.00022840086834676084,5.037503458815706e-07
10472.0,1.4079179642070223,0.00022841650790866343,5.037503401084109e-07
10473.0,1.4078397711575266,0.0002284321465185612,5.037503334470728e-07
10474.0,1.4077615828681314,0.0002284477841764392,5.037503281180022e-07
10475.0,1.4076833993389077,0.00022846342088228238,5.037503201243965e-07
10476.0,1.4076052205699359,0.0002284790566360757,5.03750314795326e-07
10477.0,1.4075270465612872,0.00022849469143780408,5.037503081339878e-07
10478.0,1.4074488773130398,0.00022851032528745238,5.037503023608281e-07
10479.0,1.4073707128252666,0.00022852595818500547,5.037502943672223e-07
10480.0,1.407292553098048,0.00022854159013044816,5.03750289482241e-07
10481.0,1.4072143981314562,0.00022855722112376521,5.037502828209028e-07
10482.0,1.4071362479255694,0.00022857285116494134,5.037502766036539e-07
10483.0,1.4070581024804625,0.00022858848025396127,5.037502694982265e-07
10484.0,1.4069799617962158,0.00022860410839080966,5.037502646132452e-07
10485.0,1.4069018258729016,0.0002286197355754711,5.037502579519071e-07
10486.0,1.406823694710599,0.00022863536180793022,5.037502508464797e-07
10487.0,1.406745568309387,0.00022865098708817154,5.037502455174092e-07
10488.0,1.4066674466693392,0.00022866661141617955,5.037502375238034e-07
10489.0,1.4065893297905376,0.00022868223479193873,5.037502317506437e-07
10490.0,1.406511217673057,0.00022869785721543355,5.037502250893056e-07
10491.0,1.4064331103169772,0.0002287134786866484,5.03750219760235e-07
10492.0,1.4063550077223732,0.00022872909920556761,5.037502117666293e-07
10493.0,1.4062769098893275,0.00022874471877217559,5.037502059934695e-07
10494.0,1.406198816817915,0.00022876033738645658,5.03750198443953e-07
10495.0,1.4061207285082165,0.0002287759550483949,5.037501913385256e-07
10496.0,1.4060426449603114,0.00022879157175797479,5.037501860094551e-07
10497.0,1.4059645661742757,0.00022880718751518045,5.037501784599385e-07
10498.0,1.4058864921501917,0.00022882280231999608,5.037501726867788e-07
10499.0,1.405808422888136,0.00022883841617240587,5.037501660254406e-07
10500.0,1.4057303583882437,0.00022885402907239425,5.037502153193429e-07
10501.0,1.4056522988956701,0.00022886964097100493,5.037506953797788e-07
10502.0,1.4055742446523938,0.00022888525181972218,5.037510053540473e-07
10503.0,1.4054961956546548,0.00022890086161932396,5.037512749161976e-07
10504.0,1.4054181518991855,0.00022891647037046807,5.037515262706904e-07
10505.0,1.40534011338296,0.0002289320780737607,5.037517643025069e-07
10506.0,1.4052620801031153,0.00022894768472977547,5.037519934525392e-07
10507.0,1.4051840520569014,0.00022896329033906255,5.037522146089657e-07
10508.0,1.4051060292416566,0.00022897889490215405,5.037524277717864e-07
10509.0,1.4050280116548002,0.00022899449841956758,5.037526387141611e-07
10510.0,1.4049499992938002,0.0002290101008918086,5.03752843883376e-07
10511.0,1.4048719921561843,0.0002290257023193722,5.037530459439665e-07
10512.0,1.4047939902395221,0.00022904130270274439,5.037532448959325e-07
10513.0,1.4047159935414235,0.00022905690204240328,5.037534402951849e-07
10514.0,1.4046380020595333,0.00022907250033881986,5.03753633029902e-07
10515.0,1.40456001579153,0.00022908809759245865,5.037538239882622e-07
10516.0,1.4044820347351195,0.00022910369380377827,5.037540113939087e-07
10517.0,1.404404058888037,0.000229119288973232,5.037541979113769e-07
10518.0,1.4043260882480395,0.00022913488310126812,5.037543808761313e-07
10519.0,1.4042481228129116,0.00022915047618833032,5.037545638408858e-07
10520.0,1.4041701625804541,0.000229166068234858,5.037547445851942e-07
10521.0,1.404092207548491,0.00022918165924128647,5.037549235531458e-07
10522.0,1.4040142577148644,0.00022919724920804726,5.037551011888297e-07
10523.0,1.4039363130774352,0.0002292128381355683,5.037552770481568e-07
10524.0,1.4038583736340802,0.0002292284260242741,5.037554511311271e-07
10525.0,1.4037804393826927,0.00022924401287458603,5.037556234377405e-07
10526.0,1.4037025103211846,0.00022925959868692232,5.037557966325323e-07
10527.0,1.4036245864474757,0.0002292751834616983,5.037559680509673e-07
10528.0,1.4035466677595045,0.00022929076719932652,5.037561376930455e-07
10529.0,1.4034687542552218,0.00022930634990021682,5.037563064469452e-07
10530.0,1.4033908459325928,0.00022932193156477649,5.037564760890234e-07
10531.0,1.4033129427895898,0.0002293375121934103,5.037566421783879e-07
10532.0,1.403235044824203,0.0002293530917865207,5.03756807379574e-07
10533.0,1.4031571520344324,0.0002293686703445078,5.037569716925816e-07
10534.0,1.4030792644182872,0.00022938424786776953,5.037571355615e-07
10535.0,1.4030013819737899,0.00022939982435670167,5.0375729854224e-07
10536.0,1.4029235046989694,0.00022941539981169792,5.03757459302534e-07
10537.0,1.4028456325918708,0.00022943097423315,5.037576213950956e-07
10538.0,1.402767765650543,0.00022944654762144766,5.037577817113004e-07
10539.0,1.402689903873048,0.00022946211997697876,5.037579424715943e-07
10540.0,1.4026120472574553,0.00022947769130012935,5.037581023437099e-07
10541.0,1.4025341958018416,0.0002294932615912837,5.037582604394686e-07
10542.0,1.4024563495042974,0.00022950883085082435,5.037584194234057e-07
10543.0,1.4023785083629157,0.0002295243990791321,5.03758576630986e-07
10544.0,1.4023006723758025,0.00022953996627658616,5.037587338385663e-07
10545.0,1.4022228415410691,0.0002295555324435641,5.037588901579682e-07
10546.0,1.4021450158568367,0.000229571097580442,5.037590473655484e-07
10547.0,1.402067195321231,0.0002295866616875943,5.037592027967719e-07
10548.0,1.4019893799323864,0.00022960222476539404,5.037593573398169e-07
10549.0,1.401911569688447,0.00022961778681421274,5.037595109946835e-07
10550.0,1.4018337645875625,0.0002296333478344205,5.037596655377286e-07
10551.0,1.4017559646278883,0.00022964890782638608,5.037598191925952e-07
10552.0,1.4016781698075866,0.00022966446679047683,5.037599710711049e-07
10553.0,1.401600380124831,0.00022968002472705874,5.037601251700607e-07
10554.0,1.4015225955777924,0.00022969558163649654,5.037602757163029e-07
10555.0,1.4014448161646567,0.00022971113751915365,5.037604258184558e-07
10556.0,1.4013670418836155,0.00022972669237539224,5.037605772528764e-07
10557.0,1.4012892727328599,0.0002297422462055732,5.037607264668509e-07
10558.0,1.4012115087105954,0.00022975779901005625,5.03760877013093e-07
10559.0,1.4011337498150254,0.00022977335078919994,5.037610253388891e-07
10560.0,1.4010559960436395,0.00022978890154335917,5.037604360325076e-07
10561.0,1.4009782469917886,0.00022980445135377742,5.037606762847702e-07
10562.0,1.4009005022538048,0.00022982000030136415,5.037606261026895e-07
10563.0,1.4008227618309141,0.00022983554838594387,5.037606340962952e-07
10564.0,1.4007450257230214,0.0002298510956075301,5.037606727320565e-07
10565.0,1.4006672939296685,0.00022986664196621246,5.037607313518322e-07
10566.0,1.4005895664501706,0.0002298821874621264,5.037608032942842e-07
10567.0,1.4005118432836876,0.00022989773209543905,5.03760883230342e-07
10568.0,1.4004341244292668,0.00022991327586634107,5.037609729363624e-07
10569.0,1.4003564098858632,0.00022992881877504113,5.037610697478101e-07
10570.0,1.400278699652356,0.0002299443608217623,5.037611683356147e-07
10571.0,1.4002009937275723,0.00022995990200673963,5.037612713643114e-07
10572.0,1.4001232921102862,0.00022997544233021818,5.037613779457217e-07
10573.0,1.4000455947992312,0.00022999098179245147,5.037614889680242e-07
10574.0,1.3999679017931008,0.00023000652039370013,5.037616017666835e-07
10575.0,1.3998902130905624,0.0002300220581342311,5.037617181180565e-07
10576.0,1.3998125286902499,0.00023003759501431678,5.037618344694295e-07
10577.0,1.39973484859078,0.0002300531310342345,5.037619525971593e-07
10578.0,1.399657172790742,0.0002300686661942658,5.037620716130675e-07
10579.0,1.399579501288714,0.00023008420049469615,5.037621950698679e-07
10580.0,1.3995018340832472,0.0002300997339358144,5.037623198589358e-07
10581.0,1.3994241711728812,0.00023011526651791248,5.037624442039146e-07
10582.0,1.3993465125561462,0.00023013079824128502,5.037625716575178e-07
10583.0,1.3992688582315504,0.00023014632910622925,5.037626973347642e-07
10584.0,1.3991912081976008,0.00023016185911304461,5.037628243442782e-07
10585.0,1.3991135624527868,0.0002301773882620327,5.03762950909703e-07
10586.0,1.3990359209955952,0.0002301929165534969,5.037630805837523e-07
10587.0,1.398958283824497,0.0002302084439877425,5.037632102578016e-07
10588.0,1.3988806509379592,0.00023022397056507622,5.037633408200293e-07
10589.0,1.3988030223344394,0.0002302394962858063,5.03763471382257e-07
10590.0,1.398725398012392,0.00023025502115024224,5.037636037208415e-07
10591.0,1.3986477779702606,0.00023027054515869483,5.037637351712476e-07
10592.0,1.3985701622064886,0.0002302860683114759,5.037638683980106e-07
10593.0,1.398492550719508,0.00023030159060889835,5.037640002925059e-07
10594.0,1.3984149435077526,0.00023031711205127598,5.037641330751796e-07
10595.0,1.3983373405696475,0.0002303326326389235,5.037642654137642e-07
10596.0,1.3982597419036151,0.00023034815237215643,5.037643977523487e-07
10597.0,1.3981821475080762,0.000230363671251291,5.037645318672901e-07
10598.0,1.3981045573814435,0.00023037918927664407,5.037646642058746e-07
10599.0,1.3980269715221318,0.0002303947064485332,5.03764798320816e-07
10600.0,1.3979493899285502,0.00023041022276727645,5.037649333239358e-07
10601.0,1.397871812599104,0.00023042573823319244,5.037650665506987e-07
10602.0,1.3977942395321985,0.00023044125284660025,5.037652002215509e-07
10603.0,1.3977166707262378,0.00023045676660781936,5.037653352246707e-07
10604.0,1.3976391061796214,0.0002304722795171697,5.037654706718797e-07
10605.0,1.3975615458907467,0.00023048779157497154,5.037656047868211e-07
10606.0,1.3974839898580103,0.00023050330278154543,5.03765738013584e-07
10607.0,1.3974064380798121,0.00023051881313721227,5.037658739048823e-07
10608.0,1.3973288905545413,0.0002305343226422932,5.037660080198236e-07
10609.0,1.3972513472805925,0.0002305498312971096,5.037661412465866e-07
10610.0,1.3971738082563603,0.00023056533910198308,5.037662762497064e-07
10611.0,1.3970962734802328,0.00023058084605723542,5.037664103646478e-07
10612.0,1.397018742950602,0.00023059635216318857,5.037665453677675e-07
10613.0,1.396941216665857,0.00023061185742016463,5.037666808149766e-07
10614.0,1.3968636946243853,0.0002306273618284858,5.037668149299179e-07
10615.0,1.3967861768245757,0.00023064286538847443,5.037669486007701e-07
10616.0,1.3967086632648178,0.00023065836810045288,5.037670827157115e-07
10617.0,1.3966311539434977,0.00023067386996474367,5.037672168306528e-07
10618.0,1.3965536488590038,0.0002306893709816693,5.037673509455942e-07
10619.0,1.3964761480097236,0.00023070487115155238,5.03767485948714e-07
10620.0,1.396398651394108,0.00023072037047471586,5.037676875652153e-07
10621.0,1.3963211594420981,0.00023073586886519817,5.037680894659502e-07
10622.0,1.3962436725822494,0.00023075136623720515,5.037682755393291e-07
10623.0,1.3961661908121528,0.0002307668625912501,5.037684038811108e-07
10624.0,1.3960887141302447,0.00023078235792765094,5.037685002484693e-07
10625.0,1.3960112425353428,0.00023079785224664718,5.037685792963487e-07
10626.0,1.3959337760264872,0.00023081334554843116,5.037686432451949e-07
10627.0,1.395856314602883,0.00023082883783316323,5.037687000886137e-07
10628.0,1.3957788582638466,0.00023084432910098015,5.037687480502484e-07
10629.0,1.3957014070087872,0.00023085981935200053,5.037687906828126e-07
10630.0,1.395623960837184,0.00023087530858632857,5.03768827542217e-07
10631.0,1.395546519748578,0.00023089079680405672,5.037688617370861e-07
10632.0,1.3954690837425539,0.00023090628400526756,5.037688919351524e-07
10633.0,1.3953916528187422,0.00023092177019003543,5.037689199127726e-07
10634.0,1.3953142269768064,0.00023093725535842745,5.037689443376792e-07
10635.0,1.3952368062164417,0.00023095273951050468,5.037689656539612e-07
10636.0,1.3951593905373716,0.00023096822264632278,5.037689860820649e-07
10637.0,1.3950819799393417,0.00023098370476593263,5.037690056219901e-07
10638.0,1.3950045744221176,0.00023099918586938094,5.037690224973801e-07
10639.0,1.3949271739854847,0.00023101466595671063,5.037690384845916e-07
10640.0,1.394849778629245,0.00023103014502796125,5.037690518072679e-07
10641.0,1.3947723883532175,0.00023104562308316935,5.037690651299442e-07
10642.0,1.3946950031572338,0.0002310611001223687,5.037690775644421e-07
10643.0,1.3946176230411367,0.0002310765761455906,5.0376908999894e-07
10644.0,1.3945402480047793,0.0002310920511528641,5.03769100657081e-07
10645.0,1.3944628780480284,0.0002311075251442161,5.037691095388652e-07
10646.0,1.3943855131707605,0.00023112299811967163,5.037691193088278e-07
10647.0,1.3943081533728563,0.000231138470079254,5.037691268583444e-07
10648.0,1.3942307986542086,0.00023115394102298482,5.037691335196826e-07
10649.0,1.3941534490147187,0.0002311694109508843,5.037691406251099e-07
10650.0,1.3940761044542909,0.00023118487986297125,5.037691477305373e-07
10651.0,1.3939987649728367,0.00023120034775926318,5.037691530596078e-07
10652.0,1.3939214305702765,0.00023121581463977643,5.037691592768567e-07
10653.0,1.3938441012465335,0.00023123128050452622,5.037691650500165e-07
10654.0,1.3937667770015358,0.00023124674535352678,5.03769170379087e-07
10655.0,1.3936894578352177,0.00023126220918679133,5.037691748199791e-07
10656.0,1.3936121437475189,0.00023127767200433223,5.037691805931388e-07
10657.0,1.3935348347383782,0.00023129313380616099,5.037691837017633e-07
10658.0,1.3934575308077475,0.00023130859459228833,5.03769189474923e-07
10659.0,1.393380231955571,0.00023132405436272427,5.037691930276367e-07
10660.0,1.3933029381818063,0.00023133951311747812,5.037691974685288e-07
10661.0,1.3932256494864077,0.0002313549708565585,5.037692010212425e-07
10662.0,1.3931483658693358,0.0002313704275799735,5.037692036857777e-07
10663.0,1.3930710873305538,0.0002313858832877306,5.037692072384914e-07
10664.0,1.3929938138700253,0.00023140133797983675,5.037692099030266e-07
10665.0,1.392916545487719,0.00023141679165629837,5.037692116793835e-07
10666.0,1.3928392821836064,0.00023143224431712147,5.037692143439187e-07
10667.0,1.392762023957659,0.00023144769596231154,5.03769217008454e-07
10668.0,1.3926847708098495,0.00023146314659187368,5.037692187848108e-07
10669.0,1.3926075227401582,0.0002314785962058126,5.037692218934353e-07
10670.0,1.3925302797485593,0.00023149404480413263,5.037692232257029e-07
10671.0,1.392453041835035,0.00023150949238683773,5.037692241138814e-07
10672.0,1.392375808999568,0.00023152493895393152,5.037692258902382e-07
10673.0,1.392298581242141,0.00023154038450541733,5.037692281106843e-07
10674.0,1.3922213585627372,0.00023155582904129816,5.037692285547735e-07
10675.0,1.3921441409613442,0.00023157127256157677,5.037692285547735e-07
10676.0,1.3920669284379525,0.0002315867150662556,5.037692312193087e-07
10677.0,1.391989720992547,0.00023160215655533686,5.037692321074871e-07
10678.0,1.3919125186251196,0.00023161759702882253,5.037692329956656e-07
10679.0,1.3918353213356607,0.00023163303648671436,5.037692329956656e-07
10680.0,1.391758129124065,0.00023164847492901337,5.037691326315041e-07
10681.0,1.3916809416655544,0.00023166391242065973,5.037688537434803e-07
10682.0,1.3916037586373533,0.0002316793490262575,5.03768641468838e-07
10683.0,1.3915265800422334,0.00023169478474524782,5.037684731590275e-07
10684.0,1.3914494058822067,0.00023171021957722477,5.037683310504804e-07
10685.0,1.391372236158977,0.00023172565352184567,5.037682062614124e-07
10686.0,1.3912950708740601,0.0002317410865788065,5.037680934627531e-07
10687.0,1.3912179100288349,0.00023175651874783032,5.037679868813427e-07
10688.0,1.3911407536245832,0.00023177195002866075,5.037678874053597e-07
10689.0,1.3910636016625089,0.00023178738042105746,5.037677968111609e-07
10690.0,1.390986454143742,0.00023180280992479314,5.037677079933189e-07
10691.0,1.3909093110693653,0.00023181823853965142,5.037676227281906e-07
10692.0,1.3908321724404147,0.0002318336662654253,5.037675419039545e-07
10693.0,1.390755038257883,0.00023184909310191594,5.037674633001643e-07
10694.0,1.3906779085227308,0.0002318645190489316,5.037673891372663e-07
10695.0,1.3906007832358815,0.00023187994410628677,5.037673158625466e-07
10696.0,1.3905236623982387,0.00023189536827380148,5.037672465846299e-07
10697.0,1.3904465460106703,0.00023191079155130095,5.037671755303563e-07
10698.0,1.390369434074032,0.00023192621393861493,5.03767107140618e-07
10699.0,1.3902923265891527,0.0002319416354355774,5.037670400831473e-07
10700.0,1.390215223556845,0.00023195705604202627,5.037669770224795e-07
10701.0,1.3901381249778977,0.00023197247575780305,5.037669135177225e-07
10702.0,1.3900610308530927,0.00023198789458275248,5.037668557861252e-07
10703.0,1.3899839411831831,0.00023200331251672237,5.037667958340819e-07
10704.0,1.389906855968919,0.00023201872955956344,5.03766736770217e-07
10705.0,1.389829775211033,0.00023203414571112906,5.037666785945305e-07
10706.0,1.3897526989102456,0.00023204956097127512,5.037666217511116e-07
10707.0,1.3896756270672643,0.00023206497533985994,5.037665644636036e-07
10708.0,1.3895985596827876,0.0002320803888167441,5.037665085083631e-07
10709.0,1.3895214967575005,0.00023209580140179026,5.037664521090335e-07
10710.0,1.389444438292083,0.0002321112130948632,5.037663997065067e-07
10711.0,1.3893673842871999,0.00023212662389582956,5.037663481921584e-07
10712.0,1.3892903347435048,0.0002321420338045578,5.03766294457364e-07
10713.0,1.3892132896616536,0.00023215744282091815,5.037662451634617e-07
10714.0,1.3891362490422805,0.00023217285094478252,5.037661936491133e-07
10715.0,1.389059212886022,0.00023218825817602435,5.037661443552111e-07
10716.0,1.3889821811934997,0.0002322036645145187,5.037660937290411e-07
10717.0,1.3889051539653354,0.00023221906996014196,5.037660457674065e-07
10718.0,1.3888281312021349,0.0002322344745127721,5.037659955853258e-07
10719.0,1.3887511129045054,0.00023224987817228832,5.037659476236911e-07
10720.0,1.3886740990730426,0.0002322652809385712,5.037658992179672e-07
10721.0,1.3885970897083366,0.0002322806828115026,5.037658499240649e-07
10722.0,1.3885200848109756,0.00023229608379096549,5.037658037387871e-07
10723.0,1.3884430843815365,0.0002323114838768441,5.037657575535093e-07
10724.0,1.3883660884205902,0.0002323268830690238,5.037657095918746e-07
10725.0,1.3882890969287096,0.000232342281367391,5.037656651829536e-07
10726.0,1.3882121099064535,0.00023235767877183327,5.037656203299434e-07
10727.0,1.3881351273543774,0.00023237307528223912,5.037655737005764e-07
10728.0,1.3880581492730377,0.0002323884708984981,5.037655288475662e-07
10729.0,1.3879811756629798,0.00023240386562050074,5.03765483994556e-07
10730.0,1.3879042065247467,0.0002324192594481385,5.03765439585635e-07
10731.0,1.387827241858877,0.00023243465238130377,5.037653965089817e-07
10732.0,1.3877502816659022,0.00023245004441988982,5.037653516559715e-07
10733.0,1.3876733259463543,0.00023246543556379082,5.037653090234073e-07
10734.0,1.3875963747007583,0.00023248082581290175,5.037652672790216e-07
10735.0,1.38751942792963,0.00023249621516711848,5.037652228701006e-07
10736.0,1.3874424856334935,0.00023251160362633758,5.037651820138933e-07
10737.0,1.3873655478128555,0.0002325269911904565,5.037651384931507e-07
10738.0,1.3872886144682286,0.0002325423778593734,5.037650958605866e-07
10739.0,1.387211685600118,0.00023255776363298724,5.037650550043793e-07
10740.0,1.3871347612087206,0.0002325731485111969,5.037647059502603e-07
10741.0,1.387057841175506,0.0002325885325178178,5.037645958161363e-07
10742.0,1.386980925381273,0.0002326039156766596,5.03764571835319e-07
10743.0,1.386904013826314,0.00023261929798764995,5.037645642858024e-07
10744.0,1.3868271065107107,0.00023263467945077105,5.037645665062485e-07
10745.0,1.386750203434441,0.00023265006006602663,5.037645744998542e-07
10746.0,1.3866733045974164,0.0002326654398334334,5.037645842698169e-07
10747.0,1.3865964099995136,0.00023268081875301696,5.037645989247608e-07
10748.0,1.3865195196405662,0.00023269619682480955,5.037646144678831e-07
10749.0,1.38644263352039,0.0002327115740488485,5.037646331196299e-07
10750.0,1.3863657516387748,0.00023272695042517521,5.037646517713767e-07
10751.0,1.3862888739954984,0.00023274232595383456,5.037646717553912e-07
10752.0,1.386212000590321,0.00023275770063487425,5.037646926275841e-07
10753.0,1.3861351314229924,0.00023277307446834447,5.037647152761338e-07
10754.0,1.38605826649325,0.0002327884474542975,5.037647379246835e-07
10755.0,1.385981405800826,0.00023280381959278753,5.037647641259468e-07
10756.0,1.3859045493454345,0.00023281919088387036,5.037647867744965e-07
10757.0,1.3858276971267933,0.00023283456132760334,5.037648107553139e-07
10758.0,1.3857508491446109,0.0002328499309240451,5.037648369565773e-07
10759.0,1.3856740053985837,0.00023286529967325557,5.037648622696622e-07
10760.0,1.3855971658884099,0.00023288066757529572,5.037648889150148e-07
10761.0,1.3855203306137767,0.00023289603463022757,5.037649151162782e-07
10762.0,1.3854434995743727,0.00023291140083811404,5.037649435379876e-07
10763.0,1.3853666727698755,0.00023292676619901892,5.037649706274294e-07
10764.0,1.3852898501999622,0.0002329421307130068,5.037649968286928e-07
10765.0,1.3852130318643099,0.00023295749438014305,5.037650256944914e-07
10766.0,1.3851362177625839,0.0002329728572004937,5.037650532280225e-07
10767.0,1.385059407894454,0.0002329882191741255,5.037650820938211e-07
10768.0,1.3849826022595815,0.0002330035803011057,5.037651105155305e-07
10769.0,1.384905800857628,0.00023301894058150218,5.037651393813292e-07
10770.0,1.3848290036882516,0.0002330343000153834,5.037651691353062e-07
10771.0,1.3847522107511068,0.00023304965860281832,5.037651988892833e-07
10772.0,1.3846754220458464,0.0002330650163438763,5.037652281991711e-07
10773.0,1.384598637572121,0.00023308037323862727,5.037652579531482e-07
10774.0,1.3845218573295788,0.00023309572928714153,5.037652868189468e-07
10775.0,1.3844450813178668,0.00023311108448948982,5.037653165729239e-07
10776.0,1.38436830953663,0.00023312643884574328,5.037653467709902e-07
10777.0,1.3842915419855093,0.0002331417923559734,5.037653765249672e-07
10778.0,1.3842147786641468,0.00023315714502025205,5.037654076112119e-07
10779.0,1.3841380195721802,0.00023317249683865146,5.037654378092782e-07
10780.0,1.384061264709248,0.00023318784781124416,5.037654693396121e-07
10781.0,1.3839845140749836,0.000233203197938103,5.037654990935891e-07
10782.0,1.383907767669025,0.00023321854721930114,5.037655310680123e-07
10783.0,1.3838310254910016,0.000233233895654912,5.037655621542569e-07
10784.0,1.383754287540546,0.00023324924324500936,5.037655932405016e-07
10785.0,1.383677553817288,0.00023326458998966716,5.037656243267463e-07
10786.0,1.3836008243208566,0.00023327993588895965,5.03765655412991e-07
10787.0,1.3835240990508795,0.00023329528094296134,5.037656864992357e-07
10788.0,1.383447378006983,0.00023331062515174697,5.037657184736588e-07
10789.0,1.3833706611887924,0.0002333259685153915,5.037657504480819e-07
10790.0,1.3832939485959301,0.00023334131103397012,5.037657815343266e-07
10791.0,1.3832172402280212,0.00023335665270755824,5.037658126205713e-07
10792.0,1.383140536084687,0.00023337199353623146,5.037658445949944e-07
10793.0,1.3830638361655467,0.00023338733352006556,5.037658747930607e-07
10794.0,1.382987140470224,0.00023340267265913657,5.037659076556622e-07
10795.0,1.382910448998335,0.00023341801095352066,5.037659387419069e-07
10796.0,1.3828337617494997,0.0002334333484032942,5.037659716045084e-07
10797.0,1.3827570787233343,0.00023344868500853376,5.037660035789315e-07
10798.0,1.3826803999194544,0.00023346402076931602,5.037660351092654e-07
10799.0,1.3826037253374779,0.00023347935568571786,5.037660675277778e-07
10800.0,1.382527054977016,0.00023349468975781634,5.037660981699332e-07
